1.173170224942147732e-01
8.698473802235950902e-01
1.199033803609957483e+00
1.427269442053945792e+00
1.469675659669532397e+00
1.512074732648183595e+00
1.527034424800353785e+00
2.029842140920338878e+00
2.259612679327155149e+00
2.567425194753302886e+00
2.572625021753087715e+00
3.448514390542665620e+00
3.895121776381334389e+00
3.954793682693571011e+00
4.004963429880986858e+00
4.055616285589050740e+00
4.146304717954169661e+00
4.332286675669383413e+00
4.473670942364467606e+00
4.559726690502952984e+00
4.796319408977902654e+00
4.833878041159737293e+00
4.920256919160338249e+00
5.034326223715550164e+00
5.186559895680494137e+00
5.571043898438222008e+00
5.626727863970394594e+00
5.807235152728676297e+00
6.031611333056116742e+00
6.043502295495218668e+00
6.277335550657621610e+00
6.324075863651975382e+00
6.340891846371801144e+00
7.084313794748533510e+00
7.926971380363826647e+00
8.340054273567046650e+00
8.430876238559235958e+00
8.456570567309862341e+00
8.744758258084527114e+00
8.889780968730876864e+00
8.922319027219488774e+00
9.093205834253026865e+00
9.101954264613896228e+00
9.702059986462153063e+00
9.776924430672323751e+00
1.004848838031356806e+01
1.014187502572797328e+01
1.032540274970527960e+01
1.052320869920072965e+01
1.057430584907770665e+01
1.144750763226176282e+01
1.182056897654629779e+01
1.252184258136919404e+01
1.308488058075274374e+01
1.331264418384856185e+01
1.395000302866591291e+01
1.397316689340419238e+01
1.402770056706200918e+01
1.403927105848371681e+01
1.413765408018448788e+01
1.426068665313304251e+01
1.433982676393524969e+01
1.478096623024548251e+01
1.489127298012794931e+01
1.497372369016151161e+01
1.516932546096344758e+01
1.520729999791860543e+01
1.561242089686228773e+01
1.563178986406511584e+01
1.671532644896194597e+01
1.708519739302232310e+01
1.714058225314879635e+01
1.714196660824277885e+01
1.756444080261431040e+01
1.787121477946107007e+01
1.819763050665806858e+01
1.856643413816894750e+01
1.858566645454739685e+01
1.869663962265145329e+01
1.872742714880256543e+01
1.922455954171712023e+01
1.946863483964521535e+01
1.956908953995803913e+01
1.958550655640923566e+01
1.967862864401182321e+01
1.977695719730785484e+01
2.010392614329729000e+01
2.035764848302879670e+01
2.090321146112917461e+01
2.106297799447325048e+01
2.109482109287712603e+01
2.140710267895627439e+01
2.176470086722548913e+01
2.197067274094694511e+01
2.233914523262728480e+01
2.250934891550485517e+01
2.269426862519917165e+01
2.283372217367627854e+01
2.284015911717380831e+01
2.286870097597177320e+01
2.287668439629503681e+01
2.312961678402692556e+01
2.322396596122570145e+01
2.340157525550925044e+01
2.399689163797074443e+01
2.406857634371656829e+01
2.420064683743723677e+01
2.455283412432188328e+01
2.461778541355123195e+01
2.463781148318877712e+01
2.472334655916054302e+01
2.476729864878555887e+01
2.543103617025571594e+01
2.584375794037685736e+01
2.609463148800698917e+01
2.660751142063719143e+01
2.701450365582233104e+01
2.706612752491199103e+01
2.762383087622088240e+01
2.781760585171242539e+01
2.822944292453831849e+01
2.879550358685987632e+01
2.889118626596445694e+01
2.892033430599541788e+01
2.898500599253026166e+01
2.912427041571741526e+01
2.955022784737715114e+01
3.004306409034710867e+01
3.004480819264252034e+01
3.022352723247716000e+01
3.035859556270682802e+01
3.042138739727578312e+01
3.045330749516219626e+01
3.055628464012780299e+01
3.127206492080059164e+01
3.136966087152095994e+01
3.155252407296099904e+01
3.185604581718121153e+01
3.196903944192295199e+01
3.286098897649587514e+01
3.368149144263122707e+01
3.375400676637927688e+01
3.392592158599524055e+01
3.401540420101500217e+01
3.409921662011026910e+01
3.410861273955165274e+01
3.434373575729730277e+01
3.451836566550471019e+01
3.453157843734980759e+01
3.461323491760239790e+01
3.521045015537472977e+01
3.527891529341025034e+01
3.531804800865661775e+01
3.548611603602502385e+01
3.654712528167883789e+01
3.661641148506876675e+01
3.689520023764308831e+01
3.725367214420295170e+01
3.732150543728690195e+01
3.764719266940998210e+01
3.776182336922605742e+01
3.801194930615900347e+01
3.826290876294341103e+01
3.845475507543149973e+01
3.847841236513440322e+01
3.892932356369598068e+01
3.902602613711282942e+01
3.907763416376472065e+01
3.908804160371330738e+01
3.931148620486195000e+01
3.959444913842878577e+01
3.959863087531840620e+01
3.977803852145577679e+01
3.984224455821951949e+01
4.010127564360644215e+01
4.014917669924122379e+01
4.044272983113315689e+01
4.056496950637843213e+01
4.125505546082951014e+01
4.129204156418933280e+01
4.139632467268812377e+01
4.142643574394737271e+01
4.207298334323505173e+01
4.259756677002530267e+01
4.267214861254067415e+01
4.294183929730165517e+01
4.336671031546146082e+01
4.356924340563308817e+01
4.375781325818157796e+01
4.382703251954105639e+01
4.385146405465979313e+01
4.442024486095842661e+01
4.499693846787053531e+01
4.524760594774125622e+01
4.535111757519408826e+01
4.545850947914699702e+01
4.578212583657877843e+01
4.635065017385559116e+01
4.689593331620474714e+01
4.727432386418747257e+01
4.753115153757939737e+01
4.755312446912842006e+01
4.759719802279927592e+01
4.816925564784365577e+01
4.840237913458505403e+01
4.840468903598780059e+01
4.843143826134679131e+01
4.870372885816934883e+01
4.870499746743229963e+01
4.874882642145834666e+01
4.894775088299307697e+01
4.924207970465678130e+01
4.950594007519059403e+01
4.956942754201759982e+01
4.988078186424223759e+01
4.994848780400543831e+01
5.004689653123495674e+01
5.038998591915140679e+01
5.065217937272709747e+01
5.112516839209294517e+01
5.139312171413538266e+01
5.160313279053220015e+01
5.162772205589430285e+01
5.174232613269605707e+01
5.181936616966076770e+01
5.188929122057637500e+01
5.279236857211710543e+01
5.291721544637711361e+01
5.347372924918924753e+01
5.372306284562336742e+01
5.411901915879546721e+01
5.429362798989266281e+01
5.450866696555306135e+01
5.467824032388848821e+01
5.473254404771979864e+01
5.505298449848624642e+01
5.513537884057781469e+01
5.514153296084798939e+01
5.540077515742180481e+01
5.544950854997801315e+01
5.615477933679633793e+01
5.692416993999334096e+01
5.754004741115180366e+01
5.765561926027614703e+01
5.765951358911913616e+01
5.831839445345210748e+01
5.845812902271537581e+01
5.930833952674588971e+01
6.013677339577844094e+01
6.061612015007329290e+01
6.070331416711633210e+01
6.082488715014100222e+01
6.130106881326052104e+01
6.139635537111819730e+01
6.144278502519213703e+01
6.164621927320719408e+01
6.233404264090895452e+01
6.263174904034843848e+01
6.284277712445734920e+01
6.286833417379467903e+01
6.310696685267410544e+01
6.425960928963569074e+01
6.429733943629625514e+01
6.447996326754163476e+01
6.500461542701683015e+01
6.534212398910524655e+01
6.564064259543066271e+01
6.594371448448679018e+01
6.605508757006552401e+01
6.614197809113230164e+01
6.655632171794722751e+01
6.697165376771899048e+01
6.747614127956096297e+01
6.808729527002012105e+01
6.826631857925335112e+01
6.844036467364115595e+01
6.884060215671827621e+01
6.910303192544022011e+01
6.940566958756809868e+01
6.980282445630665222e+01
7.035465532539333822e+01
7.045777592717774951e+01
7.057551012435963855e+01
7.060018413415647842e+01
7.081603764080884389e+01
7.082518866686156400e+01
7.098184040390708560e+01
7.117741405032886348e+01
7.126182171540749266e+01
7.148522984794404067e+01
7.149297361346940249e+01
7.150248948829009521e+01
7.193482733067462220e+01
7.204647358672656310e+01
7.208044584705092461e+01
7.226510924412067993e+01
7.263252122923211118e+01
7.269330073008958948e+01
7.293710563475370634e+01
7.295940839200117978e+01
7.297267466597875796e+01
7.316215190113513245e+01
7.335662951180881919e+01
7.361026387385997793e+01
7.393400401458914928e+01
7.486489326676414180e+01
7.504646604657173725e+01
7.514397097509822743e+01
7.554038447003139822e+01
7.561934733639043316e+01
7.576384319420876068e+01
7.578426948635467397e+01
7.579068888874003562e+01
7.661253386955718270e+01
7.706447578008594235e+01
7.736213646328577909e+01
7.749360137440206131e+01
7.754117800843758346e+01
7.758370819383080175e+01
7.765570969111244892e+01
7.785490735319078226e+01
7.816836967513498280e+01
7.843821726255917781e+01
7.852032032790643257e+01
7.929484620254551430e+01
7.962960055376431967e+01
7.983165817424715271e+01
8.006816579225650798e+01
8.020417525863952335e+01
8.027534058170803632e+01
8.038534411403881563e+01
8.073988957597799754e+01
8.074351409590819628e+01
8.077435919396819486e+01
8.078613278820633070e+01
8.079652815118565456e+01
8.128007890958956239e+01
8.158413906251473691e+01
8.174483521111795881e+01
8.177057444072991643e+01
8.193970393217922776e+01
8.210006651520282617e+01
8.214761519340288487e+01
8.228983997622846402e+01
8.241692412987426053e+01
8.265610473810254177e+01
8.290813337211277201e+01
8.291972395311790933e+01
8.303706995428167659e+01
8.328285120297735489e+01
8.345771106612930623e+01
8.394304842942317180e+01
8.421179212043692530e+01
8.425625533762875818e+01
8.427455094669281266e+01
8.453164948347003360e+01
8.453836675163688597e+01
8.475870359608870785e+01
8.546301745993550014e+01
8.567721307132988784e+01
8.580003824438585980e+01
8.605774503384711238e+01
8.621098402735988486e+01
8.640818761750396959e+01
8.711771940406221404e+01
8.723970128589975559e+01
8.805197425127644806e+01
8.864136829721893207e+01
8.869584236245404441e+01
8.871381340127983606e+01
8.874036973515023874e+01
8.874496720711204034e+01
8.876976846002597199e+01
8.905698717817026022e+01
8.907544958490686327e+01
8.917148888198057932e+01
8.963737039200489676e+01
8.964325714280008128e+01
9.006438976934657603e+01
9.014716063605648344e+01
9.017859816601375655e+01
9.047688701812373324e+01
9.072473681223203812e+01
9.124959076575377992e+01
9.158166416044487335e+01
9.198841311194337322e+01
9.207124657752005703e+01
9.212007990153017545e+01
9.246726900053153031e+01
9.287832129634239209e+01
9.404257251887744928e+01
9.417559235741559576e+01
9.429190333540603319e+01
9.466639196124192779e+01
9.477057537897461259e+01
9.543810986007444797e+01
9.592681964936600991e+01
9.606690855172655574e+01
9.641435473085041963e+01
9.676551297756417114e+01
9.679272235726584483e+01
9.737483377748274904e+01
9.755076064992194063e+01
9.798859378930276876e+01
9.808502764584389411e+01
9.864972527448037454e+01
9.877297238799542356e+01
9.877569658964921473e+01
9.936517341388983482e+01
9.938910481652695239e+01
9.948526822487320942e+01
1.002345113206702791e+02
1.009864987056962775e+02
1.011994980284600985e+02
1.014493055485577315e+02
1.015980592144634471e+02
1.016848149091499920e+02
1.017844364927875915e+02
1.020635173877697213e+02
1.024124768561854921e+02
1.028045257102407817e+02
1.031942334682029667e+02
1.032181427048380442e+02
1.033886551039813781e+02
1.034034755305935676e+02
1.036028408595174142e+02
1.037484796782642320e+02
1.042951343443194361e+02
1.044031822491864006e+02
1.044343087435745190e+02
1.044728856572100426e+02
1.048312432939798100e+02
1.050719697139168147e+02
1.050986218919781550e+02
1.051205857723953017e+02
1.054223878903085705e+02
1.054412744126900208e+02
1.058725708761421629e+02
1.061788208144246681e+02
1.062000330020697447e+02
1.062221964690141931e+02
1.073010611095287175e+02
1.074182705051667881e+02
1.075340343202856133e+02
1.079529281711062794e+02
1.086884693055970956e+02
1.097556627904975954e+02
1.101056375980266751e+02
1.102236428479314583e+02
1.102454413463559462e+02
1.106207519814695956e+02
1.108250920833599622e+02
1.109631003646862126e+02
1.115551597835557374e+02
1.115846298355487107e+02
1.117542561128919516e+02
1.117571107602500859e+02
1.119151993526458142e+02
1.119296869604122975e+02
1.119613097093950955e+02
1.119925662673969526e+02
1.122544583639986939e+02
1.125971077933978108e+02
1.128159962376985277e+02
1.136346762899741236e+02
1.137521254344541859e+02
1.138362427238093204e+02
1.143436183583518755e+02
1.144068888752848352e+02
1.152326064018478178e+02
1.152356636379375630e+02
1.161112953686574372e+02
1.161223251183120624e+02
1.166767554256020674e+02
1.168642912381894092e+02
1.181034983901709126e+02
1.181226637341595307e+02
1.183244411500928663e+02
1.191953349554068637e+02
1.193804459387021240e+02
1.196286030112974146e+02
1.199260783208266048e+02
1.200776102597458390e+02
1.203245288029978468e+02
1.205439852684492905e+02
1.211225434608199549e+02
1.211341713262558244e+02
1.212166320077305102e+02
1.219676310091957419e+02
1.225200499663091165e+02
1.226720937817990205e+02
1.229140770389837627e+02
1.229952953939575480e+02
1.230473964343165676e+02
1.232031610840175944e+02
1.233121494676717731e+02
1.235312103941734279e+02
1.235514409652817278e+02
1.244676809959123744e+02
1.255386473898005022e+02
1.258381133602786974e+02
1.260301329688817162e+02
1.261227277942703040e+02
1.265429545861423009e+02
1.268315369820545016e+02
1.268759053955796219e+02
1.274804806685794034e+02
1.279127292964212188e+02
1.286606639276795647e+02
1.289840649287285999e+02
1.292216659336264399e+02
1.293570915602747107e+02
1.300318461506614938e+02
1.305344442456732281e+02
1.305460124803365147e+02
1.305526926845531364e+02
1.306707796249489490e+02
1.310866915556979677e+02
1.321777604227530105e+02
1.322185128002366241e+02
1.324439438327905521e+02
1.325638122577300635e+02
1.334397393963240575e+02
1.339012176981824780e+02
1.343567652097999314e+02
1.345148691025848677e+02
1.346488278366666975e+02
1.347286750597042158e+02
1.347431818006654112e+02
1.352432883356662501e+02
1.356623176954787198e+02
1.377054290949332369e+02
1.391291474451193153e+02
1.393318103432796704e+02
1.396981311158312451e+02
1.404221740365498476e+02
1.408958670402271594e+02
1.409669051513724582e+02
1.411166118582224271e+02
1.411511859443006927e+02
1.419212418909111193e+02
1.421542038165582653e+02
1.422191047479128940e+02
1.424975621327062072e+02
1.427382297413919616e+02
1.428490848569662433e+02
1.428792196373158561e+02
1.431575799581956403e+02
1.433412325642421479e+02
1.437111843344822830e+02
1.438947617995881672e+02
1.443727043274152777e+02
1.445733928571706599e+02
1.447791715024156929e+02
1.453023611632231393e+02
1.454315229917201577e+02
1.454674949805677215e+02
1.454747962359257372e+02
1.458265605990913798e+02
1.460686603408565531e+02
1.463730766778060115e+02
1.464329470511793829e+02
1.464696001889864476e+02
1.464732630580528507e+02
1.465811848734316243e+02
1.468040342173478621e+02
1.469285296842381570e+02
1.470723595749452670e+02
1.476586249556906409e+02
1.477656506092969266e+02
1.479460318663149963e+02
1.483287498007449301e+02
1.484550198335697360e+02
1.486982924524079976e+02
1.491940776133290854e+02
1.499406252171727658e+02
1.499803956870014758e+02
1.506333113777619985e+02
1.508026870730108726e+02
1.508773709365987088e+02
1.510310176784413727e+02
1.520094309528365102e+02
1.521790537760033430e+02
1.522787077840284553e+02
1.525295793525178567e+02
1.525982364694467606e+02
1.526179602956908070e+02
1.526524541006189111e+02
1.526867087066356703e+02
1.527278986820248292e+02
1.527652636985417018e+02
1.530212847113106420e+02
1.530714713005692715e+02
1.531775061295179796e+02
1.537452496608000558e+02
1.539058449462117153e+02
1.541811672171248233e+02
1.542284493464031243e+02
1.542818370916519086e+02
1.542922688948312953e+02
1.543385307308476797e+02
1.544201677605054783e+02
1.544688707148762603e+02
1.544920921918413512e+02
1.545242312452146791e+02
1.546786385810560205e+02
1.547364116326423016e+02
1.548496569115200430e+02
1.550246582076986215e+02
1.553177725662017679e+02
1.553277989987267631e+02
1.557294225596832860e+02
1.559765709822751205e+02
1.559978948398692182e+02
1.565149285144912312e+02
1.571491019010859702e+02
1.571648576079760176e+02
1.572459018187581705e+02
1.576561356145648176e+02
1.580009749246183901e+02
1.580519698326338300e+02
1.581106945904292047e+02
1.582263908679352937e+02
1.583920565091024457e+02
1.586328069676170855e+02
1.587478851083671714e+02
1.589031078856723980e+02
1.592471651207698642e+02
1.592565083588502262e+02
1.593292425143208391e+02
1.596416154830598373e+02
1.602055571716424822e+02
1.603847519496945893e+02
1.605746343252828581e+02
1.606029746599180328e+02
1.607512604714389113e+02
1.609414121712027281e+02
1.610108353720178798e+02
1.610892540249875253e+02
1.612076702711881353e+02
1.612127391113757255e+02
1.613099203016897718e+02
1.613693095355956757e+02
1.614684968431536731e+02
1.615003876189748553e+02
1.620534075939605998e+02
1.622785072974304796e+02
1.625626655369037508e+02
1.629518427949981856e+02
1.631243519004603968e+02
1.631470849240897678e+02
1.633396495149134751e+02
1.635606302793813143e+02
1.639026844415834034e+02
1.640439431039291378e+02
1.640780642706114634e+02
1.641615048156768921e+02
1.642742835220455504e+02
1.645338396749510252e+02
1.647452851052513836e+02
1.648553367951643338e+02
1.659318857382067733e+02
1.661645939903235671e+02
1.662322926225127731e+02
1.662591283736690002e+02
1.663006004468164463e+02
1.663711771591652280e+02
1.664149683779037900e+02
1.664665913142674469e+02
1.665504927763213061e+02
1.665980933847370409e+02
1.671657812470760121e+02
1.671866901752240153e+02
1.673725432627522025e+02
1.675046196518745205e+02
1.685142801933785108e+02
1.685439870298028495e+02
1.686708015282384565e+02
1.695430664442701243e+02
1.700446274597621539e+02
1.704692932182711900e+02
1.705438619891545784e+02
1.705907118723511928e+02
1.708668517720216471e+02
1.715294480457616260e+02
1.717328606512378144e+02
1.719447925416024532e+02
1.720269112993051124e+02
1.723937797389081368e+02
1.724455492344446554e+02
1.725433211877244730e+02
1.726818573252419355e+02
1.728589785659031008e+02
1.729283817117955095e+02
1.729588775298315397e+02
1.731946774441888692e+02
1.732798182862979957e+02
1.734974315533711149e+02
1.735393477415637733e+02
1.737033780860708987e+02
1.738935148981031773e+02
1.739068185609674515e+02
1.740094144613125593e+02
1.740455017930205486e+02
1.740618698577136740e+02
1.752121701855625133e+02
1.753094526911923765e+02
1.757244703446348524e+02
1.757979425532082018e+02
1.760839778909632969e+02
1.764409944466703450e+02
1.766673560952126252e+02
1.768268202562239537e+02
1.769595097096002974e+02
1.770667705350262793e+02
1.777299095470814621e+02
1.781738113148669242e+02
1.790121054122208477e+02
1.790452875476798624e+02
1.793734253885450016e+02
1.800699572048603159e+02
1.801199461572855114e+02
1.801371487366536428e+02
1.804749970249507953e+02
1.806886038110004620e+02
1.811496230963308278e+02
1.811872626579343830e+02
1.815837751856923603e+02
1.816400701289591098e+02
1.816847489287004862e+02
1.817296100928404599e+02
1.821508859134814600e+02
1.824244393232354469e+02
1.826095333123219575e+02
1.827206486627414677e+02
1.832449493295650598e+02
1.833695275169894217e+02
1.837935481827014428e+02
1.839381169029799139e+02
1.840563967944343347e+02
1.842116870594092291e+02
1.843013483782668800e+02
1.846455427065011179e+02
1.848201934104250199e+02
1.848862540431742900e+02
1.854608390055619225e+02
1.855819219411515917e+02
1.857779925366960185e+02
1.863703664388734182e+02
1.866150662648377647e+02
1.866461449188022073e+02
1.873487990897852455e+02
1.875958183220189426e+02
1.876977749009067793e+02
1.877352691060608834e+02
1.881302694549809473e+02
1.883722133318716487e+02
1.885628167963839132e+02
1.891236426290180361e+02
1.895121401324420560e+02
1.895532629624736387e+02
1.896466536003225940e+02
1.897180710049597963e+02
1.900586630204269056e+02
1.900671899053913592e+02
1.902781182944878822e+02
1.906374717234528191e+02
1.911608885595493064e+02
1.912655572079355863e+02
1.916960091988208319e+02
1.917253201700955287e+02
1.921937561593984469e+02
1.922278510670304570e+02
1.923544297248329258e+02
1.927534310656645573e+02
1.927940365131446754e+02
1.928591347687558653e+02
1.931793955431670895e+02
1.934976695861650171e+02
1.937538806383493579e+02
1.940498810656212640e+02
1.942454983409201645e+02
1.943180192657350176e+02
1.944240650641833383e+02
1.944741653828124583e+02
1.950718844176433606e+02
1.952907866813025066e+02
1.954188480961722689e+02
1.955738249727525613e+02
1.963095309070018573e+02
1.963511482945339708e+02
1.965717594468111145e+02
1.967480080570094003e+02
1.969843441365101739e+02
1.969889131816117924e+02
1.975030865622469776e+02
1.981755836964197783e+02
1.983837625624056216e+02
1.986819802475370977e+02
1.993213475869985132e+02
1.996284469503466426e+02
1.996698245776276792e+02
1.998845001150908161e+02
2.001178053293493235e+02
2.002557739553300280e+02
2.005891465313008837e+02
2.012700657527415160e+02
2.019195348060050321e+02
2.020693758800809405e+02
2.020994205562188881e+02
2.031467140534990676e+02
2.036031435812036818e+02
2.036364300711329349e+02
2.042705070563737593e+02
2.047803630391804859e+02
2.049632508856726361e+02
2.051869293323799184e+02
2.053142205432321816e+02
2.053283000805430163e+02
2.054303663021181876e+02
2.058363182798847220e+02
2.058374789759013197e+02
2.059389074500488732e+02
2.060658519737625340e+02
2.062585727297935136e+02
2.068895540988317805e+02
2.069958483765544770e+02
2.071023749980440982e+02
2.074367522359604834e+02
2.075872216793335667e+02
2.076508172977592608e+02
2.078013878854033010e+02
2.078393428658861524e+02
2.078878564916881828e+02
2.080603285023888986e+02
2.081960475564528963e+02
2.088118707402661016e+02
2.089243793860260325e+02
2.091416049819723639e+02
2.093917026751018398e+02
2.093949979113082520e+02
2.096673149605672393e+02
2.097163296206170457e+02
2.105278291886851605e+02
2.105680659147627125e+02
2.107019411933968627e+02
2.107242445528094947e+02
2.121662649565971890e+02
2.123406516730117346e+02
2.125668565040339786e+02
2.125842145167410422e+02
2.129307485805450426e+02
2.129896492901076215e+02
2.135604780043105393e+02
2.136178752113507358e+02
2.136707678188029433e+02
2.136800764042673677e+02
2.138397728525912385e+02
2.140477838785102733e+02
2.140647756135550708e+02
2.144382762619546554e+02
2.145892349245280570e+02
2.147750243381761948e+02
2.149203197061230810e+02
2.150483442564418226e+02
2.152533851207262785e+02
2.152955608724165302e+02
2.153457621439686989e+02
2.158404994760427371e+02
2.165707274033589158e+02
2.166875529502277118e+02
2.167664857916508652e+02
2.170246916079244670e+02
2.171560639998262729e+02
2.171624925370094275e+02
2.172049384378343007e+02
2.175196092527975509e+02
2.177885216983769396e+02
2.177953891628480392e+02
2.178581374063147109e+02
2.179238278010524539e+02
2.182024314817594188e+02
2.182074083270824474e+02
2.182348923417328024e+02
2.186371469485568753e+02
2.186863163759198301e+02
2.189507411481499730e+02
2.190187533037022263e+02
2.190449383120734410e+02
2.191145931911763114e+02
2.194348668944505789e+02
2.199188259788140556e+02
2.203621387288079347e+02
2.204886743511767122e+02
2.207643935457778639e+02
2.208217418983601021e+02
2.209084752955132274e+02
2.214751249526709671e+02
2.214783967497700417e+02
2.215007435346776674e+02
2.215590061047376196e+02
2.215657287385436973e+02
2.216157794893662754e+02
2.218344716715523646e+02
2.219712682511443234e+02
2.225292340063497818e+02
2.229544079821046410e+02
2.230589761833969078e+02
2.231340577464337400e+02
2.232534426984608729e+02
2.234765221359967029e+02
2.235545375634505092e+02
2.237991781248372831e+02
2.239308371346572244e+02
2.241316039762859305e+02
2.242748353250587172e+02
2.243620353188742911e+02
2.251033521241623419e+02
2.254639157500955093e+02
2.255016543746262698e+02
2.260087806065560869e+02
2.261758606889715679e+02
2.267382455615440051e+02
2.271404241750264816e+02
2.272788633298411298e+02
2.272845447272105162e+02
2.273627698641546431e+02
2.275577918030745934e+02
2.278087161360582229e+02
2.278832798060404627e+02
2.279207984107481479e+02
2.283711451825387542e+02
2.294113012233355562e+02
2.295977748600785731e+02
2.296448635759935826e+02
2.297243326939258168e+02
2.297289731657785126e+02
2.303431952977018966e+02
2.303745155586634610e+02
2.305893257258805136e+02
2.306693960580312250e+02
2.308713549368829661e+02
2.311348270953794781e+02
2.315774368934850713e+02
2.316352375253612195e+02
2.316380017077691491e+02
2.316748037254409951e+02
2.322504966076542985e+02
2.327681469456675813e+02
2.329956080232167039e+02
2.332250039528430534e+02
2.334984375101949183e+02
2.335466430173545689e+02
2.341611954075473818e+02
2.342968478161339476e+02
2.344176255159659092e+02
2.346005547491215850e+02
2.346125809151945703e+02
2.346580463414568953e+02
2.349929311140628840e+02
2.350145381829808571e+02
2.352455887377271324e+02
2.353159637461272382e+02
2.354392493103585480e+02
2.355244123583470923e+02
2.356342994777778017e+02
2.359516904744374699e+02
2.360398333593388713e+02
2.362487442420153059e+02
2.364103341886878695e+02
2.366827506694610292e+02
2.373732310813392701e+02
2.377029573991530356e+02
2.377634563024640499e+02
2.377713762221701188e+02
2.378474185476715093e+02
2.380734337106397902e+02
2.380866325301647350e+02
2.382581090191712860e+02
2.384852162291681736e+02
2.385869241986526958e+02
2.389553366884393881e+02
2.389835164171305451e+02
2.390030440435785977e+02
2.393287058961327034e+02
2.394997484527984568e+02
2.397912591167317373e+02
2.399339151165139583e+02
2.400046391799535854e+02
2.404320951045963852e+02
2.408337254955864353e+02
2.411303377005137065e+02
2.412097511042607039e+02
2.414327913241915837e+02
2.415447438180865447e+02
2.415687565017382212e+02
2.421919314626226196e+02
2.422287140748275078e+02
2.429788367381081855e+02
2.431264869913059101e+02
2.431776695617842847e+02
2.433728370233222051e+02
2.438886224718927167e+02
2.442180244166753482e+02
2.446287228731937944e+02
2.448975323019863879e+02
2.451921707610217709e+02
2.456651137580343516e+02
2.457369236369193857e+02
2.459049780534622016e+02
2.459674813357387393e+02
2.470663709400900814e+02
2.477872368869201978e+02
2.477972931622215356e+02
2.481029760530204555e+02
2.487513719423892553e+02
2.488011601487362157e+02
2.490109608781476993e+02
2.496286771941790903e+02
2.496373110750651563e+02
2.499361636892883780e+02
2.500243874304746896e+02
2.506699495983136217e+02
2.515555670789691760e+02
2.522773604992794105e+02
2.524380758505790254e+02
2.529332785272628712e+02
2.533986353455876497e+02
2.534947204759675401e+02
2.539361198613162003e+02
2.539455473101334348e+02
2.541722994702053882e+02
2.542376435305046982e+02
2.542697629723726038e+02
2.542897818081987111e+02
2.545877012956207750e+02
2.546915327988879199e+02
2.550140669081930014e+02
2.550309643920653571e+02
2.551256544874197800e+02
2.553195103660197844e+02
2.557105346993542696e+02
2.558064921011143156e+02
2.560522943727148686e+02
2.565951347873959207e+02
2.568343239146639689e+02
2.569006278254054223e+02
2.569068036788414702e+02
2.574170491004350083e+02
2.574224238164750886e+02
2.579416882581261348e+02
2.581298791882435353e+02
2.588293771489417168e+02
2.592302202796975052e+02
2.607757688824093520e+02
2.608837385366214221e+02
2.612481198513992808e+02
2.613766321020549981e+02
2.615400539281262695e+02
2.617869371550332858e+02
2.623041656710414031e+02
2.633392649302517157e+02
2.637048142078365345e+02
2.638400352562343301e+02
2.639768026501890859e+02
2.643112570941825084e+02
2.643794643741974255e+02
2.644087310415926027e+02
2.645182108744911034e+02
2.646028631510955620e+02
2.646907168235286463e+02
2.647572321150184962e+02
2.647679833102528164e+02
2.647724922109608201e+02
2.658724867057388792e+02
2.660120416424618952e+02
2.661333013243257142e+02
2.664178844864823077e+02
2.664794408004675574e+02
2.672281798639024828e+02
2.676140280593713783e+02
2.676374439690316080e+02
2.677725851625399400e+02
2.683008209025751398e+02
2.690247113033553319e+02
2.691822081641306568e+02
2.694198067072747449e+02
2.694654973045889506e+02
2.706478584761121624e+02
2.707137430173665962e+02
2.714287453502400922e+02
2.716909486151072315e+02
2.719249041708253003e+02
2.721046171089734003e+02
2.721701758659863799e+02
2.722187323084922355e+02
2.722810035331473841e+02
2.723325868990360163e+02
2.727106470884291980e+02
2.728183909986974527e+02
2.728332867507806441e+02
2.737025578049123169e+02
2.742406380474188268e+02
2.748975516858704964e+02
2.762175641281329490e+02
2.762653225522769844e+02
2.763914680160004309e+02
2.767464188848707636e+02
2.770441177354761066e+02
2.770858959566745057e+02
2.775088742074210586e+02
2.775724168742311804e+02
2.776357588127235658e+02
2.778282520587962949e+02
2.780529506898430441e+02
2.782698771512253870e+02
2.782938636269681183e+02
2.788186948297909566e+02
2.788958702042077107e+02
2.789305463694500418e+02
2.794795358940700680e+02
2.802584549822583995e+02
2.807538116783771329e+02
2.811683585458105199e+02
2.814345866711101962e+02
2.816346903665026957e+02
2.816574415906907802e+02
2.817886952156683265e+02
2.819052732353259785e+02
2.819804663411950401e+02
2.823017802361943041e+02
2.824730133571737269e+02
2.824941432189826287e+02
2.825563172842777249e+02
2.828437348161770615e+02
2.828635310262258145e+02
2.833398306819868822e+02
2.835107024430649290e+02
2.836744662274238067e+02
2.838988382465708469e+02
2.843341252248069395e+02
2.844409797582932242e+02
2.847242932327739595e+02
2.849328165680327061e+02
2.850104786044329899e+02
2.855377064632930910e+02
2.859368689967312775e+02
2.862054356390775069e+02
2.866806870687129276e+02
2.871855922282680353e+02
2.874936535584953390e+02
2.879471752711505701e+02
2.882460701872435607e+02
2.885310387601757611e+02
2.887720228649313299e+02
2.891213279628378245e+02
2.891645015067031181e+02
2.896963880862161318e+02
2.902100139167518478e+02
2.902174347946375974e+02
2.906543466387064427e+02
2.906888376155573610e+02
2.907908743611847058e+02
2.911310390619748887e+02
2.911748536706572850e+02
2.916007455261969312e+02
2.920468931004500064e+02
2.922239419267773997e+02
2.922255435139317683e+02
2.923101253496097343e+02
2.925500077232006788e+02
2.935432985901942970e+02
2.937930900274665760e+02
2.938682999517191092e+02
2.941195843337044948e+02
2.943137085853988992e+02
2.946920648929312847e+02
2.947203516472552565e+02
2.950782037674393905e+02
2.952730252722068371e+02
2.960971805916487369e+02
2.962017696141460306e+02
2.964521105384822590e+02
2.971242757823744114e+02
2.971513140317907187e+02
2.978433775135003998e+02
2.981344739843898992e+02
2.981520358969626727e+02
2.982415490010697567e+02
2.985494467498500626e+02
2.985668782316987517e+02
2.987850486639724750e+02
2.988911659468503217e+02
2.991336649944690294e+02
2.991453703042885195e+02
2.996583985155077698e+02
3.005659471092938588e+02
3.014334060254167866e+02
3.017796316896570943e+02
3.018144719893655292e+02
3.021694484221555967e+02
3.021756719777262106e+02
3.021812649646598175e+02
3.022790114072141137e+02
3.024466833259445480e+02
3.028145455565905309e+02
3.031019919883132161e+02
3.032495957351621314e+02
3.033295185258017455e+02
3.047924007162159796e+02
3.049312611637434998e+02
3.050813516758496462e+02
3.051260208739632844e+02
3.055219750491226023e+02
3.058177581086317218e+02
3.058801202409950406e+02
3.059016135052206096e+02
3.061868624604049387e+02
3.064525612340107159e+02
3.065323576961791332e+02
3.072856462977754290e+02
3.073265873685741099e+02
3.074681432366999729e+02
3.081870353448998685e+02
3.083230996305732674e+02
3.085774908850057727e+02
3.087041969607580540e+02
3.087843223932747492e+02
3.098177650255577191e+02
3.099493911695190604e+02
3.105107042962310970e+02
3.105760307493520713e+02
3.106359457696967752e+02
3.106438530319706501e+02
3.109075019966896321e+02
3.110224267602326904e+02
3.115218612749393969e+02
3.116820995536151031e+02
3.125441201389152752e+02
3.125954231834804773e+02
3.131028445596629695e+02
3.134775388858315637e+02
3.138459618968040559e+02
3.143116950495077049e+02
3.146695430776586591e+02
3.149155652652645472e+02
3.149507387617464360e+02
3.149590054900839391e+02
3.155931013155375240e+02
3.158328032378952344e+02
3.162308713726281439e+02
3.163950859626955889e+02
3.164262807537390927e+02
3.164597166910181727e+02
3.167489613947543603e+02
3.168896253247353911e+02
3.169455752434582791e+02
3.171146942468105863e+02
3.171312850095089289e+02
3.173493363675901833e+02
3.174276695667433046e+02
3.178269963892512919e+02
3.179198934885463359e+02
3.180717368658451392e+02
3.180746590123578699e+02
3.180934603179345572e+02
3.182180584422059724e+02
3.183815106544009836e+02
3.186105961802739444e+02
3.186968048590425724e+02
3.189936508876398875e+02
3.194853977637406501e+02
3.198637604234150444e+02
3.198738666775144566e+02
3.200375921378899875e+02
3.200653055255923505e+02
3.201345883462885240e+02
3.212138840100959101e+02
3.212523162356391708e+02
3.214250477246914102e+02
3.216657333334317173e+02
3.219687891621461517e+02
3.221738347681557002e+02
3.221762894920018425e+02
3.222750919510012864e+02
3.224573952243944746e+02
3.224803874536704598e+02
3.225883244264413747e+02
3.225967661378677462e+02
3.226172255602697874e+02
3.227436532736537060e+02
3.227792504001348561e+02
3.229888172511143694e+02
3.232811818919039979e+02
3.236842758216816947e+02
3.237401086652461686e+02
3.237859339490299249e+02
3.238135461533511830e+02
3.240664921820272184e+02
3.243729409169051223e+02
3.243809648535891483e+02
3.250690133672013644e+02
3.250823559886210887e+02
3.252771937106450082e+02
3.255858537116603202e+02
3.260977795997740145e+02
3.264107964679920428e+02
3.268153254361412223e+02
3.269189961234278030e+02
3.273406097657647820e+02
3.273614863782043471e+02
3.279244989579006528e+02
3.281227918786203759e+02
3.285477662810367292e+02
3.286982815240205014e+02
3.289561912744505321e+02
3.291430407279402175e+02
3.294718501866869360e+02
3.294931389116591731e+02
3.295087014194889434e+02
3.295796582088739228e+02
3.296231110805027242e+02
3.301366199697533261e+02
3.301984835092984554e+02
3.311295092116569663e+02
3.312322149927398414e+02
3.312824742687345747e+02
3.316722775431331343e+02
3.319410315944685408e+02
3.321134178716494034e+02
3.323160424464282983e+02
3.326335721813605346e+02
3.326984121677822372e+02
3.341005699757941443e+02
3.350207299702666432e+02
3.352834182427997689e+02
3.353390611874169736e+02
3.356240981362358298e+02
3.356428324791943965e+02
3.356506155083253020e+02
3.357251101966100464e+02
3.358803740220783993e+02
3.363871290033761170e+02
3.367118547480806114e+02
3.370512392242679311e+02
3.371898001191198091e+02
3.372959372522921626e+02
3.374118586649290137e+02
3.385103746378081269e+02
3.385206085733191230e+02
3.390250193212580712e+02
3.392411072565962513e+02
3.393854445268549398e+02
3.397084249187271325e+02
3.398751334946269367e+02
3.403918600799438536e+02
3.409692671998489573e+02
3.411061918751874487e+02
3.411872188519587326e+02
3.414115556324439353e+02
3.420201946173248189e+02
3.420793348420623374e+02
3.423231902064872543e+02
3.425728097065436373e+02
3.429030422103253386e+02
3.429383086177509767e+02
3.432528498450327561e+02
3.438521631466050508e+02
3.439016792868000607e+02
3.439694816847218704e+02
3.448580259444372587e+02
3.449079367081260443e+02
3.453896341500652056e+02
3.455590893857036008e+02
3.456300886282022020e+02
3.461415901286384269e+02
3.462889244600283973e+02
3.464697319273036555e+02
3.465810044170980859e+02
3.468057097527693600e+02
3.468503490771737461e+02
3.469743668037646103e+02
3.478461563142199111e+02
3.479208027843259288e+02
3.481881171304552254e+02
3.482864481815524300e+02
3.486576711042292231e+02
3.486927377991317485e+02
3.495678904127378246e+02
3.497190781432790345e+02
3.497863915291534909e+02
3.498054759597924885e+02
3.498519854448186379e+02
3.500353600311760260e+02
3.501381063011273227e+02
3.505794587721578637e+02
3.507203780698292803e+02
3.507918703790732593e+02
3.510318951082166450e+02
3.513386007599564778e+02
3.513842937468779155e+02
3.514301600644105861e+02
3.514395002464129334e+02
3.517728327766104144e+02
3.520453484078971655e+02
3.522062619503059864e+02
3.526710100729750366e+02
3.530805596532673576e+02
3.533006424066763316e+02
3.538073950633086042e+02
3.538650130259012485e+02
3.538946862812488234e+02
3.539732782326808547e+02
3.539879735093633712e+02
3.541773520200718508e+02
3.548669473214223444e+02
3.548769819255247171e+02
3.549095403955204802e+02
3.550600012075959739e+02
3.557390533710649834e+02
3.558340597738291535e+02
3.560109903997719698e+02
3.560216058330222495e+02
3.560617487458563346e+02
3.571404365169896664e+02
3.579793875939446366e+02
3.579806256496880792e+02
3.587387858493577824e+02
3.589935882527499302e+02
3.594996718944940426e+02
3.596512949617670643e+02
3.598325039789415314e+02
3.600002753538187221e+02
3.602750766630851444e+02
3.603126810266375060e+02
3.603202890218674952e+02
3.604123060438709558e+02
3.607172306307561485e+02
3.607735963943653132e+02
3.610533759966983212e+02
3.619292835942556508e+02
3.619539351926861173e+02
3.622330799636622487e+02
3.623797144236015697e+02
3.628862223291499731e+02
3.629349676039146289e+02
3.632298900730096989e+02
3.636851077884090842e+02
3.644084658852541452e+02
3.646958749440003089e+02
3.648677530971531837e+02
3.651082368110409107e+02
3.656161950383828980e+02
3.658275423114001228e+02
3.658352568908335911e+02
3.665034832676583960e+02
3.667958976516611642e+02
3.670780470376310518e+02
3.671387800371355752e+02
3.674076642855525847e+02
3.675328271767765500e+02
3.677961649606983769e+02
3.678243432278940759e+02
3.680924663075105627e+02
3.699528970349366546e+02
3.699652502846602147e+02
3.709102160628007709e+02
3.710408174834144006e+02
3.715523258486683176e+02
3.719335833629019135e+02
3.721428471393835480e+02
3.724781288358466895e+02
3.730051211110862823e+02
3.731345586307484723e+02
3.732335734369462443e+02
3.735089225162392950e+02
3.739212869769820600e+02
3.742804578191871769e+02
3.746800991882990957e+02
3.748230898124845680e+02
3.752487993390810175e+02
3.752808170797443950e+02
3.754774009868304461e+02
3.754788448132094913e+02
3.755769521109452853e+02
3.756910607516026062e+02
3.758171775103997447e+02
3.761144216359075472e+02
3.762374054715854186e+02
3.763862716179763765e+02
3.764540742801593751e+02
3.765708768802970212e+02
3.766353331546802679e+02
3.766543364267441234e+02
3.768855738255737151e+02
3.771613891943414956e+02
3.774029501268785793e+02
3.775586195306328250e+02
3.776780421168277826e+02
3.781755952973014701e+02
3.783586098110018838e+02
3.785216984088806953e+02
3.785281925473661886e+02
3.786325445177188840e+02
3.787521323589435838e+02
3.788793487374931033e+02
3.790963265012094325e+02
3.792870057772976224e+02
3.795210686168663301e+02
3.798829868990630416e+02
3.803021294994343293e+02
3.806187006853921844e+02
3.813969003666432513e+02
3.814015005777889087e+02
3.814559705554670472e+02
3.814578684600999168e+02
3.817185266917018680e+02
3.822892971942184772e+02
3.823590545302878922e+02
3.830134968218438303e+02
3.830290367973285015e+02
3.837102190280785408e+02
3.838185396479051974e+02
3.838452747632532009e+02
3.840115954004780292e+02
3.840857850412475614e+02
3.841696087893954541e+02
3.842613947361857640e+02
3.846675654911771289e+02
3.848612422757116747e+02
3.849544824496500155e+02
3.851900986398886175e+02
3.855049265710506461e+02
3.855845045066026842e+02
3.857179210900924318e+02
3.857504158299727806e+02
3.858003792219033130e+02
3.860861126450598704e+02
3.861361642854307661e+02
3.863223604103637854e+02
3.866310081602237005e+02
3.866592658811038064e+02
3.868687005992458694e+02
3.869428183392689675e+02
3.877665340822209714e+02
3.879317261750526882e+02
3.883416908544115245e+02
3.885414436669099132e+02
3.885525394292298529e+02
3.888032409251234185e+02
3.895592910551545742e+02
3.897893731608430130e+02
3.902169487145199582e+02
3.907559353470584824e+02
3.908206538635176344e+02
3.908802323870626765e+02
3.911162641532400812e+02
3.912486085113234822e+02
3.917065372568657153e+02
3.922822413452939259e+02
3.923912564648998114e+02
3.924588383685519375e+02
3.928379681925000568e+02
3.929182972231835720e+02
3.933506544545633119e+02
3.934884527797521514e+02
3.937637691555535184e+02
3.937888721598762913e+02
3.940333201771426275e+02
3.941835842116333311e+02
3.944044242376500051e+02
3.944504092163808195e+02
3.947841895425679581e+02
3.952807631083709339e+02
3.953418356900430695e+02
3.953669882428587812e+02
3.953729688578416699e+02
3.956297545298540399e+02
3.958633007731850171e+02
3.960610996265309041e+02
3.961270737922662306e+02
3.962510194585325394e+02
3.964766634704173498e+02
3.966483388991653101e+02
3.977496221900106548e+02
3.977862950931644832e+02
3.980832744837695714e+02
3.982127868839721714e+02
3.983525282153851208e+02
3.986686339307398725e+02
3.989634020745698422e+02
4.001482487765359224e+02
4.001826033075700479e+02
4.002100876200802304e+02
4.005322333114986009e+02
4.007481501241155684e+02
4.008282567722280874e+02
4.008489444440650118e+02
4.008713321618309919e+02
4.014328617899473670e+02
4.014861190479123820e+02
4.015837772961492647e+02
4.016480352536731857e+02
4.017576600623758054e+02
4.017756479025587169e+02
4.019586509830651266e+02
4.019761526946595040e+02
4.023789582051992966e+02
4.024455075321203594e+02
4.026396462049075353e+02
4.031698769090299947e+02
4.034329599191325428e+02
4.036232938272761999e+02
4.037213078378972568e+02
4.038225498632032213e+02
4.040993271508456814e+02
4.053842013195225036e+02
4.056552597512638272e+02
4.058592486290058332e+02
4.061871850100540087e+02
4.063436532420495837e+02
4.063591599529203791e+02
4.065657135179563966e+02
4.073560143747802158e+02
4.074041991655153652e+02
4.076969988551324491e+02
4.077530766910680313e+02
4.079449515475746466e+02
4.079703701685002102e+02
4.081199980829616720e+02
4.084728122475972896e+02
4.085795756879686564e+02
4.088529160061876837e+02
4.092496516669167477e+02
4.099045853400928081e+02
4.099714382620217066e+02
4.100988597952503483e+02
4.101402011315809659e+02
4.113628648720929846e+02
4.120171921463826266e+02
4.122113010460823830e+02
4.126726437940978940e+02
4.128566355329224393e+02
4.131009017450778629e+02
4.131242389899636009e+02
4.134761393487525538e+02
4.135102986825597782e+02
4.139475708662936313e+02
4.143284181330482738e+02
4.146368069003216874e+02
4.146460144923345865e+02
4.147363030023474835e+02
4.148126330371422910e+02
4.149242581026471726e+02
4.149471890127902611e+02
4.156381768380132939e+02
4.158399250927041066e+02
4.159310746231910230e+02
4.160575264809676810e+02
4.162057173815283591e+02
4.164351617990835734e+02
4.166164138620949302e+02
4.172459531237243482e+02
4.174177262519545479e+02
4.186297920682945914e+02
4.191064583466266527e+02
4.191649180175865013e+02
4.198318678827337180e+02
4.198627960776112218e+02
4.202879784711138882e+02
4.204077388757806375e+02
4.209336198178414747e+02
4.214399655476303792e+02
4.218498437122197515e+02
4.222400418856108217e+02
4.223308873530087908e+02
4.223519826853089967e+02
4.224809339264945720e+02
4.225285801823362135e+02
4.228254009700805796e+02
4.229316010766338536e+02
4.238599986521656433e+02
4.241160874307996664e+02
4.245482562246521638e+02
4.245837982768438224e+02
4.250789499126779560e+02
4.257191502748319749e+02
4.258860503099690504e+02
4.261190619474252799e+02
4.264809021310082358e+02
4.265289462081219085e+02
4.267035193451760051e+02
4.268306692990934152e+02
4.268702348268547553e+02
4.269847671974689547e+02
4.270024190381449785e+02
4.270089567581371739e+02
4.270452612662193133e+02
4.278702496012135725e+02
4.280696152928530864e+02
4.289136597508241380e+02
4.290552874485762231e+02
4.291487122556588929e+02
4.293250889993532269e+02
4.294698257220098867e+02
4.294977443471594825e+02
4.297537316482588494e+02
4.298145803887584293e+02
4.300562054598848931e+02
4.303188046697160303e+02
4.303600306576046250e+02
4.303758587098422481e+02
4.307552575831482500e+02
4.309092117386711038e+02
4.309241927136970389e+02
4.322421757078811879e+02
4.322570549782373064e+02
4.325539447316123187e+02
4.335827692510265479e+02
4.336511089052658576e+02
4.336894693705742725e+02
4.337218214720802507e+02
4.338121626485655042e+02
4.338387934494534193e+02
4.341333383169354647e+02
4.341494174328853433e+02
4.343274602459940184e+02
4.357556802176940209e+02
4.361761424118632249e+02
4.364149129310181934e+02
4.365063251392899133e+02
4.367507974249946869e+02
4.369379843139645914e+02
4.370768021042937903e+02
4.371118218357588603e+02
4.376560396007118925e+02
4.378054009831600979e+02
4.378595120286754536e+02
4.379741333245211763e+02
4.381077975581762303e+02
4.385471919959488787e+02
4.388778945766637207e+02
4.392445591582062434e+02
4.392473322982116315e+02
4.393818618048218809e+02
4.395459904850814041e+02
4.395508351949480357e+02
4.396260483709534697e+02
4.399831295413820840e+02
4.400199964707155686e+02
4.402115927320317610e+02
4.402721749210509756e+02
4.402752236286131620e+02
4.403442283690757222e+02
4.412753421248614245e+02
4.416796304143518341e+02
4.424817173018996641e+02
4.426490037079274771e+02
4.426780630714762879e+02
4.428765589407267385e+02
4.430280158484984554e+02
4.434930635703483972e+02
4.435188716493700554e+02
4.436863470832774965e+02
4.437269911292069651e+02
4.438251317779603937e+02
4.441593717474665937e+02
4.443209462957894971e+02
4.444388027698948918e+02
4.445642181549345082e+02
4.447180086951637463e+02
4.451023072456373484e+02
4.456589093747182915e+02
4.464360488904738418e+02
4.468225512980877738e+02
4.469172839544887665e+02
4.472085799381590050e+02
4.473524668115002214e+02
4.474259490715624565e+02
4.478854600031100972e+02
4.478952560322960608e+02
4.484753465555561434e+02
4.486300780392659817e+02
4.488835549470996398e+02
4.491527827560287278e+02
4.497165119805434870e+02
4.499696227035445304e+02
4.502075591695722210e+02
4.502248034697677213e+02
4.504074679802650394e+02
4.504481474237041994e+02
4.507824604034898925e+02
4.509619340865712616e+02
4.512469706732391614e+02
4.512576122030932311e+02
4.512797631867603627e+02
4.515947432817561094e+02
4.516134468891647771e+02
4.516319276208820384e+02
4.516349732158844859e+02
4.524187298374394572e+02
4.527531138481933795e+02
4.528620632571268061e+02
4.529499977524343421e+02
4.530575793651010486e+02
4.534301084150339420e+02
4.537008206694410433e+02
4.537520224582185620e+02
4.537998456785823009e+02
4.538257405513808749e+02
4.540956656538892275e+02
4.544570416036951315e+02
4.545340285910835405e+02
4.545393204456964327e+02
4.545607566725606716e+02
4.554201704232700081e+02
4.555077175645959073e+02
4.558742935754219161e+02
4.561192767017939218e+02
4.562395689907512519e+02
4.562971384954902305e+02
4.563294910177544921e+02
4.565681274248743762e+02
4.569406345644596286e+02
4.571987734728505757e+02
4.573876898797722106e+02
4.573984040265995077e+02
4.582627569090378756e+02
4.586635142712489710e+02
4.587501325034083948e+02
4.597277676465877221e+02
4.599580190977051188e+02
4.601763404732163281e+02
4.605209946302675803e+02
4.609385170137285286e+02
4.612056434864155676e+02
4.612399124019106580e+02
4.613431358749895139e+02
4.620011987515955525e+02
4.620647978485632734e+02
4.621811681259164288e+02
4.623226104325960932e+02
4.624672995678268990e+02
4.627045931879649743e+02
4.634211020339100173e+02
4.634899392149785626e+02
4.635223244494798109e+02
4.635773211124532622e+02
4.641222468827284047e+02
4.643817279029974543e+02
4.644659133474672217e+02
4.648890461444108837e+02
4.653830328292108334e+02
4.658515698612060874e+02
4.664796697470246727e+02
4.665523383901283410e+02
4.669040054453341213e+02
4.670583018722971360e+02
4.675195896440654906e+02
4.678455293445491634e+02
4.682200565330155655e+02
4.684869525806865909e+02
4.685357826300925694e+02
4.687326618861406473e+02
4.697771435348948899e+02
4.704698433818967374e+02
4.704808767434261085e+02
4.705259021937138186e+02
4.705612149787519911e+02
4.708848534422671150e+02
4.713104958874410499e+02
4.713705401395285435e+02
4.715467705429884404e+02
4.720060168106078891e+02
4.723359577152696716e+02
4.725313087515081065e+02
4.727544203776506038e+02
4.729319227901677323e+02
4.730202175026681175e+02
4.732283324545351775e+02
4.735202308623094041e+02
4.740367593810862559e+02
4.742896099198049455e+02
4.746475600147013552e+02
4.746911696823236184e+02
4.748459383119902100e+02
4.748482821700313252e+02
4.749190980868708039e+02
4.752431765082736206e+02
4.764443853684951478e+02
4.764704972959229394e+02
4.765988271101032865e+02
4.770012753148287175e+02
4.770583255301440886e+02
4.772607935082310178e+02
4.775909869288730647e+02
4.778302556381642603e+02
4.778823269883226317e+02
4.779921023309534007e+02
4.783749806746769195e+02
4.785769667584759759e+02
4.785782775924345174e+02
4.789360908591414159e+02
4.789450783284693216e+02
4.792874216938075733e+02
4.793439839609705473e+02
4.800382310117741440e+02
4.800712233737993984e+02
4.800846576744939966e+02
4.801150504400230830e+02
4.802894450743711445e+02
4.807568405935969054e+02
4.807951202409526559e+02
4.808447297459952097e+02
4.809514288602655938e+02
4.811325351668875214e+02
4.812074560859440453e+02
4.812488561358987340e+02
4.812931966728279463e+02
4.813923193618909409e+02
4.813925879830036365e+02
4.814731299762447065e+02
4.815097357772222040e+02
4.816414722345647874e+02
4.816496057769805930e+02
4.817235410260954040e+02
4.817781909562531837e+02
4.818638686226260575e+02
4.818694563041686365e+02
4.819417448014259548e+02
4.820104414948095268e+02
4.820789816525679043e+02
4.821560689969601867e+02
4.822501070851121767e+02
4.823863320276218474e+02
4.824125374597990117e+02
4.825578084338666258e+02
4.826152804852216036e+02
4.826219629175102455e+02
4.826269908363498189e+02
4.826608927953798229e+02
4.827889459778295986e+02
4.828914384264979844e+02
4.830209445928707623e+02
4.830816359123053871e+02
4.831299837382968576e+02
4.831432776036490964e+02
4.831764262549268096e+02
4.832238592063617375e+02
4.832315903623286317e+02
4.832523608808270410e+02
4.833283495291985901e+02
4.834392271047743748e+02
4.839730165114938814e+02
4.841984128118609192e+02
4.842841463376778393e+02
4.843297197801735479e+02
4.844139771798218703e+02
4.845423232327171377e+02
4.845528186047576469e+02
4.845967745673551121e+02
4.847493867766749531e+02
4.847897398741986876e+02
4.848604343488828476e+02
4.849342820390938300e+02
4.849512757672563339e+02
4.849887579418020778e+02
4.850226940754761245e+02
4.850249062384106651e+02
4.850269470043498927e+02
4.851754461386948378e+02
4.852020233225640027e+02
4.852628545387071881e+02
4.852924258712138226e+02
4.855278255408936730e+02
4.855528384757437266e+02
4.855996315604452889e+02
4.857714187632049061e+02
4.859251470857867616e+02
4.859423070451776425e+02
4.860775355932817092e+02
4.861286051054885888e+02
4.861835761219514325e+02
4.861955152933595627e+02
4.862025182635323404e+02
4.863109957719866543e+02
4.863681703065363990e+02
4.864160211818814901e+02
4.865249806486577313e+02
4.866458435402383316e+02
4.866602647428017008e+02
4.867387802438781250e+02
4.867508998438387948e+02
4.868668840011577572e+02
4.869560418428757771e+02
4.872175112417057790e+02
4.872234654839981545e+02
4.872283610695669154e+02
4.872559899273664996e+02
4.872812743216462081e+02
4.873049128130041936e+02
4.875021771858555439e+02
4.875261002849024976e+02
4.875525490495403460e+02
4.876712667373400905e+02
4.877210470789121928e+02
4.878459876121003731e+02
4.878516209819972005e+02
4.879073371063391846e+02
4.879101864000840010e+02
4.879155782293765355e+02
4.881130053225553524e+02
4.881255008058092244e+02
4.881888496625643938e+02
4.882329739477242470e+02
4.882685326190238015e+02
4.884602759471078457e+02
4.884621147012207416e+02
4.885529495662901240e+02
4.888285791479124782e+02
4.888970260529358711e+02
4.891271765906791416e+02
4.891316493272037746e+02
4.891768700648952404e+02
4.892019799271078000e+02
4.893113448073639233e+02
4.896429344889340882e+02
4.896676367345660310e+02
4.897561218395518949e+02
4.897745192074797274e+02
4.898439499359920433e+02
4.898959078666730420e+02
4.901938862942487276e+02
4.902720395799185553e+02
4.903078748946479664e+02
4.903179704316125935e+02
4.903316360035893808e+02
4.903529111098511066e+02
4.903769920919812080e+02
4.905354283831698012e+02
4.906040753402628525e+02
4.906658302273282857e+02
4.906759891028567040e+02
4.908399150332029421e+02
4.909468373341924234e+02
4.909526762252523895e+02
4.910552126336359038e+02
4.911205668253540466e+02
4.911276717208098717e+02
4.911787587308604088e+02
4.912340086323949890e+02
4.912491129305301456e+02
4.914918793411467846e+02
4.916499589918329889e+02
4.917421010243546675e+02
4.917938048776604205e+02
4.918380240169734634e+02
4.919257412948329602e+02
4.919914419176915885e+02
4.919967999618605177e+02
4.920566724970216796e+02
4.921935041460523621e+02
4.922447357706467415e+02
4.922491820184391145e+02
4.923777720273400291e+02
4.923965095051472076e+02
4.924214464293762603e+02
4.924364440913277008e+02
4.924698439755336494e+02
4.925876499545183833e+02
4.926487074989786947e+02
4.926678128185442915e+02
4.928430080186497548e+02
4.930194067729063931e+02
4.931897967879149292e+02
4.932125346351155031e+02
4.932625423764848733e+02
4.936124603535623692e+02
4.937356657179109334e+02
4.937379609911306488e+02
4.937435799567822414e+02
4.937955377149298215e+02
4.939954809274009335e+02
4.940599568095679501e+02
4.941173552878220221e+02
4.941266437023650724e+02
4.942157590309593047e+02
4.943596383185118270e+02
4.943995311070090679e+02
4.945240626002039335e+02
4.948021930303749514e+02
4.948211815923010590e+02
4.948829257654429057e+02
4.949111313793503086e+02
4.950423258329517466e+02
4.951141414030300325e+02
4.951980342795161505e+02
4.953312895061370682e+02
4.953733005224638646e+02
4.955788142068482784e+02
4.956422715266362502e+02
4.956565983276020120e+02
4.957557979763100207e+02
4.958871562968037097e+02
4.959188989255366664e+02
4.960810793405794357e+02
4.962782448110820610e+02
4.963052626410462835e+02
4.966474040679030963e+02
4.966600416171014558e+02
4.966788471434609846e+02
4.966958151851499679e+02
4.968828334446653230e+02
4.969713469770431971e+02
4.969850967792307301e+02
4.970334631288048968e+02
4.971130703234338739e+02
4.971203331588783385e+02
4.972987169455735170e+02
4.974343519359446759e+02
4.974929865466181695e+02
4.977775775402056979e+02
4.978226503924581721e+02
4.981678241738291035e+02
4.982596891214653283e+02
4.983436022639231169e+02
4.983587245802319785e+02
4.985367627989060111e+02
4.985832398431851971e+02
4.985979911552254293e+02
4.985990484609856708e+02
4.986674172477951856e+02
4.987298760073500716e+02
4.988357643277456646e+02
4.990198996282236408e+02
4.990267943615720014e+02
4.991363686360520546e+02
4.991536628855649838e+02
4.993164275399457210e+02
4.994588949744966158e+02
4.995237496273548459e+02
4.996269756226308232e+02
4.996584246351817455e+02
4.997115149924142088e+02
4.998551761512441090e+02
4.999064116777794311e+02
4.999433160774616454e+02
5.000001192903020524e+02
5.001469285399076625e+02
5.001809519682797145e+02
5.001968579615248132e+02
5.003005949183360599e+02
5.004463094827764849e+02
5.004551485724513213e+02
5.004780045073103452e+02
5.004907643851487364e+02
5.005263994569450574e+02
5.005762724026050705e+02
5.006914066271453976e+02
5.007791654876066900e+02
5.008600013722190738e+02
5.008962049865029940e+02
5.010496774735892132e+02
5.011027866272595475e+02
5.014251401619757758e+02
5.015089326933932625e+02
5.015201808481583612e+02
5.016141441768675691e+02
5.016469105682775194e+02
5.017435276402795807e+02
5.017495430490353669e+02
5.017655620649069874e+02
5.019269053191584931e+02
5.019483810311007232e+02
5.020995691487767658e+02
5.021268607437249898e+02
5.022126681410375113e+02
5.023113900050732923e+02
5.023712885451806756e+02
5.024016460910297610e+02
5.024215690293768262e+02
5.024243817476443610e+02
5.024545757986361423e+02
5.025428174441438500e+02
5.027749465646363092e+02
5.029457406701443460e+02
5.030667999222066555e+02
5.031962400341578245e+02
5.032873716744846320e+02
5.033124960755927191e+02
5.035106006666089797e+02
5.036031743513939887e+02
5.036716728920511628e+02
5.036814767418748602e+02
5.037308515521568779e+02
5.037822557042238145e+02
5.039488601368785794e+02
5.040147840451273851e+02
5.040546742164980287e+02
5.043683089798607284e+02
5.043780876298296221e+02
5.044238485213838885e+02
5.044274262929094448e+02
5.045396517053813454e+02
5.047481492079783152e+02
5.047755288675544989e+02
5.049383903088472607e+02
5.049671919311737724e+02
5.051685702465582608e+02
5.052854259875259686e+02
5.054216158014573352e+02
5.054231300219918239e+02
5.056974404363615463e+02
5.058055303573752894e+02
5.058358208041584589e+02
5.059831876684588678e+02
5.060107392582594912e+02
5.061825419080440156e+02
5.061924950199174305e+02
5.062938563115877741e+02
5.063586936758350703e+02
5.063671534526289406e+02
5.063902311055363157e+02
5.063912712395759286e+02
5.064439842709642789e+02
5.064738579455340641e+02
5.065498740164020433e+02
5.065792687430641195e+02
5.066089820260328338e+02
5.067222679612684146e+02
5.067263796523717474e+02
5.069207098492209980e+02
5.070800704768554965e+02
5.071719064918149229e+02
5.072468637118212769e+02
5.074325661193581709e+02
5.074496471506985245e+02
5.074565022973922055e+02
5.074793183423950609e+02
5.076112091953835943e+02
5.076141496573415566e+02
5.076870001522765392e+02
5.081361574946815267e+02
5.082974769733344829e+02
5.083588924376685441e+02
5.083643721236812780e+02
5.085127112198752002e+02
5.085888562413371687e+02
5.085990305686124202e+02
5.086072437738686176e+02
5.088075610847673147e+02
5.088997479273246540e+02
5.090470621206181931e+02
5.092230446515144422e+02
5.092937196796031571e+02
5.093544416109624535e+02
5.094013473644703254e+02
5.094331125494798016e+02
5.094806304403034005e+02
5.096045211006922955e+02
5.096812803430103713e+02
5.098671537684794544e+02
5.099159764788062716e+02
5.099938242812033877e+02
5.100769736528442877e+02
5.101516191637325619e+02
5.102526850647786318e+02
5.102752738580883261e+02
5.103351226578301976e+02
5.103442948072867011e+02
5.103847397020782637e+02
5.104404714194673147e+02
5.105284878720439110e+02
5.107790220496465849e+02
5.108555153600077006e+02
5.109689314288707465e+02
5.110277446362753722e+02
5.111115284883351819e+02
5.111176596198765196e+02
5.111421225135335931e+02
5.111795547435926892e+02
5.112328542283066213e+02
5.112367478519734618e+02
5.112493187611849521e+02
5.112763261990268688e+02
5.115729094406294735e+02
5.116064502780164958e+02
5.116612718865688976e+02
5.116794616824393529e+02
5.117580959095343474e+02
5.117855503618603166e+02
5.118048772534060618e+02
5.118654484358497712e+02
5.118659085201778680e+02
5.118665496495337379e+02
5.118871553359393829e+02
5.118902730497592302e+02
5.118997995513561250e+02
5.119342821049731924e+02
5.120694863224252913e+02
5.121402151343079368e+02
5.122001158927236020e+02
5.122290672474766779e+02
5.124527866094422279e+02
5.124949418616567982e+02
5.125025352791665227e+02
5.125825264438507247e+02
5.125925977725898974e+02
5.126278861707085071e+02
5.126868930065185168e+02
5.128596630900434548e+02
5.129163566670981709e+02
5.130173175431058326e+02
5.134286521882706893e+02
5.134404001187637050e+02
5.134671679006843306e+02
5.135089867644206834e+02
5.135546437798808483e+02
5.135987575196646731e+02
5.137972364682240141e+02
5.139015596029048538e+02
5.139795805752074784e+02
5.140104268243599108e+02
5.141551002405163899e+02
5.144136367733328825e+02
5.145570932575716370e+02
5.145572237851756654e+02
5.146415325089312773e+02
5.146459066045558757e+02
5.146707296731577799e+02
5.146758438309562962e+02
5.147529958866336983e+02
5.148496827837541332e+02
5.148598151888755865e+02
5.149001690885546623e+02
5.149509391623688543e+02
5.149893169497121335e+02
5.150000668516840960e+02
5.150453097403660649e+02
5.151612278811767283e+02
5.151673657803856941e+02
5.151743305550161267e+02
5.152108430915775443e+02
5.154477259503714777e+02
5.155397548369415972e+02
5.156343620462498620e+02
5.156718030126907024e+02
5.157468502609051484e+02
5.157476988320512419e+02
5.158319376078784444e+02
5.160357001795067617e+02
5.161147192664977865e+02
5.162871429426008945e+02
5.163944143420097816e+02
5.164051200200952962e+02
5.165990720297604639e+02
5.166048015432429565e+02
5.166684265304006658e+02
5.166812024479179399e+02
5.166821837539691842e+02
5.167278704777728535e+02
5.167570050793721066e+02
5.168124661605573920e+02
5.168842041403150915e+02
5.168879311791697546e+02
5.168988688494935104e+02
5.169670271694708390e+02
5.170020543374868112e+02
5.171109107407003194e+02
5.171989433424712388e+02
5.173546297507626832e+02
5.174529011561045309e+02
5.174997343234881555e+02
5.175928754102469611e+02
5.176197178702452675e+02
5.176501957992353482e+02
5.177798480338894933e+02
5.178291270446325143e+02
5.179625747304883134e+02
5.181066036833401540e+02
5.182690079193616839e+02
5.184760520486111091e+02
5.185230394545027366e+02
5.185550392398480426e+02
5.186277683590021752e+02
5.186664265409165182e+02
5.187430081876727854e+02
5.188449055103702676e+02
5.189420764329264557e+02
5.189811838082798658e+02
5.189963966270969422e+02
5.190433172948967240e+02
5.190561376194789318e+02
5.192401507395236422e+02
5.192755224542047472e+02
5.192895040794985562e+02
5.192916521756982320e+02
5.193781485721999616e+02
5.194625721874497231e+02
5.194972747930422656e+02
5.195034758871902341e+02
5.195473928828662338e+02
5.195784620266603042e+02
5.196726684035902508e+02
5.197502387574240856e+02
5.197880296479706885e+02
5.198085099104060873e+02
5.201773307695198127e+02
5.202277590422252160e+02
5.203248949954352156e+02
5.203375171689431227e+02
5.203929116757988140e+02
5.203952385893340988e+02
5.204539150367900220e+02
5.207309750358326710e+02
5.207713786978988537e+02
5.207746934246300725e+02
5.207773138450238548e+02
5.208182306252430180e+02
5.208327625480638972e+02
5.208347316378207097e+02
5.209523535464992392e+02
5.210034747718704011e+02
5.210319270362728048e+02
5.212238784753828895e+02
5.212341664273410515e+02
5.214943099730194263e+02
5.215257124009769996e+02
5.217084513289410097e+02
5.217854242556647932e+02
5.219314887182795246e+02
5.222761545179462246e+02
5.223045084316877364e+02
5.225751479038510752e+02
5.226162685146587137e+02
5.226568489915928239e+02
5.226915241697287229e+02
5.227564902944699270e+02
5.227704409094625362e+02
5.228376733796535518e+02
5.229026935286609614e+02
5.230222828735198846e+02
5.231717546274956021e+02
5.232201385384577179e+02
5.232501396821934350e+02
5.232751569079468936e+02
5.232931940602060195e+02
5.232981420566900397e+02
5.233330780065581394e+02
5.233593321821168729e+02
5.236421444139859886e+02
5.237101266514571307e+02
5.237456768594169034e+02
5.238180614030520701e+02
5.238305521745105580e+02
5.238794743139641241e+02
5.239614848311126707e+02
5.240174169786943139e+02
5.240602332032656250e+02
5.244844866419274467e+02
5.246613941419479943e+02
5.247427764322652592e+02
5.248129866922970450e+02
5.248937636625737468e+02
5.249124957486225185e+02
5.249543919587633809e+02
5.249577468892938441e+02
5.250115300250474775e+02
5.250767904986935264e+02
5.250983277158151168e+02
5.253754142134733911e+02
5.255755728815898919e+02
5.256822936760502216e+02
5.257458148646391010e+02
5.259158134999042886e+02
5.259274811806606067e+02
5.260577377049462484e+02
5.260688482574089448e+02
5.262005901130067969e+02
5.262274770213227839e+02
5.264021693234852819e+02
5.266424322856811386e+02
5.266558575711156891e+02
5.267076203444039493e+02
5.270378413621658638e+02
5.270928830948731729e+02
5.272588646678119630e+02
5.273329070883889926e+02
5.273721180568289810e+02
5.274001654917506130e+02
5.274190972044930277e+02
5.275386502902611028e+02
5.275793703771613536e+02
5.276390333992958404e+02
5.276955262947466281e+02
5.277672798748444620e+02
5.279345102763372779e+02
5.282636511756152231e+02
5.283072800539692935e+02
5.284537356991273782e+02
5.285742492321692225e+02
5.286452667984896152e+02
5.289056532705894824e+02
5.289242980098981661e+02
5.289339402955498599e+02
5.290942643114575503e+02
5.291424560999531650e+02
5.292988822508725661e+02
5.294851964041464498e+02
5.294905708448703763e+02
5.296697009772095726e+02
5.297192664270986597e+02
5.297787858361191411e+02
5.298608762521262179e+02
5.300782824154232458e+02
5.300798908462037389e+02
5.301338803931985240e+02
5.302308688597096307e+02
5.303377588945051002e+02
5.304360410333143818e+02
5.304480721129473295e+02
5.304777231022231945e+02
5.305147466124240054e+02
5.306507360926561887e+02
5.306779680217542818e+02
5.306976859460239666e+02
5.309607716851031682e+02
5.309615135849091985e+02
5.314722488344011708e+02
5.315663779889375746e+02
5.317132940736407818e+02
5.317423788868495649e+02
5.317435804476610883e+02
5.318551565208639431e+02
5.320048764322383477e+02
5.321172853158673206e+02
5.321301305393432131e+02
5.322468056163102119e+02
5.323688892286209011e+02
5.324584330825651932e+02
5.325795105597062502e+02
5.327353682825961414e+02
5.328146093512889365e+02
5.328223408989885002e+02
5.328780662309708305e+02
5.328848020473519682e+02
5.329284251335874387e+02
5.329719868396749689e+02
5.329776776213893754e+02
5.330134251211643459e+02
5.330232297799042271e+02
5.331608535890771918e+02
5.334067310878323269e+02
5.334129864739767299e+02
5.336716244934824545e+02
5.337332371225982115e+02
5.337629083456214403e+02
5.337695730643497427e+02
5.338274394390806492e+02
5.339593048465970924e+02
5.340616280014123731e+02
5.340659222705370439e+02
5.340722302558751835e+02
5.341151990834765684e+02
5.341443632175916036e+02
5.341664020585693606e+02
5.341938937401073417e+02
5.343294774927037452e+02
5.345501685422490254e+02
5.345934490825972034e+02
5.347905859216174349e+02
5.348229079602888305e+02
5.348768327841213477e+02
5.348981845233690819e+02
5.349834323951999977e+02
5.353052935591980486e+02
5.353823820446822310e+02
5.354192884970660771e+02
5.355062556319389842e+02
5.355171854522933472e+02
5.357001153219322305e+02
5.357583931704491533e+02
5.358081144547746817e+02
5.358815780181530499e+02
5.359632657725824174e+02
5.359694726048537632e+02
5.360651098323140786e+02
5.360881916461383980e+02
5.361924914679108269e+02
5.363365731940759815e+02
5.364723589395756562e+02
5.365393656814985661e+02
5.366005592798358066e+02
5.366134069994161564e+02
5.367378398750526003e+02
5.367642268141449904e+02
5.368214401283865982e+02
5.368493116281085804e+02
5.368612843110174708e+02
5.369440391088071465e+02
5.369486944221176827e+02
5.370637685827774703e+02
5.370956119104903337e+02
5.370956231356633452e+02
5.371552612117303624e+02
5.371592599610937668e+02
5.371861931369195418e+02
5.372884850057189396e+02
5.372938800727738453e+02
5.374462513697917529e+02
5.374465703062247712e+02
5.374701916539823969e+02
5.375827380578416523e+02
5.376144207574349139e+02
5.376233762059969195e+02
5.376605972616273448e+02
5.376868680648346981e+02
5.378410077429294915e+02
5.378723350383706929e+02
5.380019664681816494e+02
5.381873365438236760e+02
5.382347397665356539e+02
5.384353492726323793e+02
5.384748258901789768e+02
5.387520273028596876e+02
5.387598214896773925e+02
5.388566226267323600e+02
5.389133602240849541e+02
5.389542310002318573e+02
5.390376983891823102e+02
5.391391078177352938e+02
5.391394722191096207e+02
5.391546943293071763e+02
5.392587304569128719e+02
5.393502111973434694e+02
5.396321106090967987e+02
5.397513980972431682e+02
5.400023403546078953e+02
5.401033801215143058e+02
5.401328714755978808e+02
5.401421497571155896e+02
5.402690208051251375e+02
5.403551244549128114e+02
5.403592399261170840e+02
5.403964370893427258e+02
5.406582629653880758e+02
5.407160921148871466e+02
5.407633353128098861e+02
5.408143299125640624e+02
5.408338556675017799e+02
5.408721877885483309e+02
5.409106660455860265e+02
5.409151473239807046e+02
5.410367436549485092e+02
5.410816368568371217e+02
5.412255520934857032e+02
5.413838389841306480e+02
5.414036931211601313e+02
5.414929477814494021e+02
5.415462138529294407e+02
5.417230113978713462e+02
5.417432626934519249e+02
5.418376480083171600e+02
5.419156364498040830e+02
5.419448018827532678e+02
5.419570417362933767e+02
5.420449182499254448e+02
5.421567260627408587e+02
5.421883304536291917e+02
5.422745942921859523e+02
5.423164895605677884e+02
5.424205724081372182e+02
5.424390860019460661e+02
5.426231886182188191e+02
5.426514259926133263e+02
5.426896366022123175e+02
5.426946239041159288e+02
5.427044767688123557e+02
5.427649255261446797e+02
5.427908770650801671e+02
5.429412707740590349e+02
5.429425043078668978e+02
5.429822189458380990e+02
5.430165107467831831e+02
5.430181371510890358e+02
5.430292046363643976e+02
5.430736901284873284e+02
5.431302715634235483e+02
5.431734383036935014e+02
5.432365232734862275e+02
5.433118727224831446e+02
5.433127038383546505e+02
5.433646870608519066e+02
5.436405555792694031e+02
5.437015518394014180e+02
5.437958671071701247e+02
5.438270144888109598e+02
5.439509463330335848e+02
5.440744846185743882e+02
5.441358740290912692e+02
5.444467304944693069e+02
5.444579105284096840e+02
5.444593349384145995e+02
5.445818652787445444e+02
5.447190212210833806e+02
5.447296936283232753e+02
5.447554168003522364e+02
5.447568924864110613e+02
5.447858225877320137e+02
5.449094417920759952e+02
5.449702525650403686e+02
5.450059073436315202e+02
5.450446406822280778e+02
5.450447535607859209e+02
5.450744527294451700e+02
5.451610989866585442e+02
5.454658627745156991e+02
5.456223390244010716e+02
5.456243288396857452e+02
5.458150199854542279e+02
5.459424177096800577e+02
5.460687376137091178e+02
5.461197777347805413e+02
5.461620699536134680e+02
5.461921407011119527e+02
5.461978033836647910e+02
5.462193930212008581e+02
5.462429900052426319e+02
5.462981398289558683e+02
5.464128168191731447e+02
5.464663245348911005e+02
5.464712899423963108e+02
5.467350477260960133e+02
5.469733709896253231e+02
5.471015375926026536e+02
5.474971746328826612e+02
5.475627013642698557e+02
5.478369177042517322e+02
5.478434690253725421e+02
5.478814026003431081e+02
5.479026846277929508e+02
5.479208469965055883e+02
5.479334934121199012e+02
5.480146564098192812e+02
5.481413359340795068e+02
5.482132907109707958e+02
5.482265367122764701e+02
5.483654253244277470e+02
5.484496317401125225e+02
5.484905728896773098e+02
5.485840110277662234e+02
5.486090924189827547e+02
5.486443768801906344e+02
5.488522756636875783e+02
5.488808757580951578e+02
5.489337804361892950e+02
5.491178270032111186e+02
5.492203309741980775e+02
5.492256828085709230e+02
5.492389620638546148e+02
5.492396181053316013e+02
5.493226803308983790e+02
5.493721483131491823e+02
5.493841639631983753e+02
5.496482071584746336e+02
5.497110653963603681e+02
5.497341429905527548e+02
5.497920059115571121e+02
5.498868599554132288e+02
5.498934684666440944e+02
5.499202330646928658e+02
5.500573069232220860e+02
5.501086040666851886e+02
5.501745149106523058e+02
5.502217708703858534e+02
5.502255119294608221e+02
5.502406137542462830e+02
5.502897607181981812e+02
5.503093183688855561e+02
5.503135909705135873e+02
5.504682289743792580e+02
5.507993540663121621e+02
5.509306646443594673e+02
5.510908876945485417e+02
5.511139745047743190e+02
5.513835307010125462e+02
5.514018063715826656e+02
5.516538684814328235e+02
5.520924363090986162e+02
5.521960890409056901e+02
5.525269981983578873e+02
5.525972398952378626e+02
5.526222804012788856e+02
5.526701527631950057e+02
5.527451795351751116e+02
5.527515036770262213e+02
5.528326511439757951e+02
5.531637111612986928e+02
5.531812823230583263e+02
5.533123725260713854e+02
5.535111114626506605e+02
5.537508688823083958e+02
5.540193915235124678e+02
5.540808094170172353e+02
5.543962876490888902e+02
5.545142852510658713e+02
5.545289806822726177e+02
5.545829792516175303e+02
5.546885645248610217e+02
5.547122430331926353e+02
5.547975231625644028e+02
5.548890576413576810e+02
5.549038553533408731e+02
5.549732391356499193e+02
5.550963036883200630e+02
5.551538821004166948e+02
5.551548968467407121e+02
5.551556534770616054e+02
5.551924581597132828e+02
5.554096511744676263e+02
5.554312884887145856e+02
5.555151314991358049e+02
5.555360586891133607e+02
5.555684021364922955e+02
5.557254147783050939e+02
5.558341752204406703e+02
5.558425303556937251e+02
5.558891840515921103e+02
5.558916510232422752e+02
5.559462876694619808e+02
5.560367871917032971e+02
5.560472982961563275e+02
5.560757083821836204e+02
5.561179772558738250e+02
5.563279675532319288e+02
5.567445472262237445e+02
5.567483764814055576e+02
5.568676535547639332e+02
5.569063848734560906e+02
5.569479127298631056e+02
5.570648711841126897e+02
5.572737253501824171e+02
5.575249319157313721e+02
5.575966546610185333e+02
5.576334712444059960e+02
5.577625582702040674e+02
5.577866431153939857e+02
5.578558333521399391e+02
5.578928390531297055e+02
5.579819182050453037e+02
5.580048316941193889e+02
5.580225558247263962e+02
5.582312188232089056e+02
5.582401660414342359e+02
5.582989272546350321e+02
5.583197235270425836e+02
5.583230325265187730e+02
5.583260894853196987e+02
5.583421428806078666e+02
5.585101162957637371e+02
5.585377790213193521e+02
5.587881921973639692e+02
5.588608064181285044e+02
5.589086223022798094e+02
5.589809316440459952e+02
5.590415245072955486e+02
5.591600270380080246e+02
5.591876917753745602e+02
5.592239823480847463e+02
5.594110828670330875e+02
5.596550212934450883e+02
5.598409218125448206e+02
5.598862364703362573e+02
5.600125523446322404e+02
5.600664610539998876e+02
5.601238142998288367e+02
5.601428985387218518e+02
5.602174284356863154e+02
5.602345919254757973e+02
5.602681598979402224e+02
5.604290957183810633e+02
5.604484313567071467e+02
5.604545827681240553e+02
5.604605414478797911e+02
5.606960891389867356e+02
5.607550128668630123e+02
5.607988992626798108e+02
5.609376797661516321e+02
5.610882487660584275e+02
5.611218948597303324e+02
5.612204717578275677e+02
5.613433525689158614e+02
5.614319524749447510e+02
5.614456522458638119e+02
5.616195298527590012e+02
5.616840767161398844e+02
5.617117387079682658e+02
5.617578872214005514e+02
5.617610784777091339e+02
5.617724795706963050e+02
5.618933544934890278e+02
5.618933554630575600e+02
5.619382574339086887e+02
5.619998584706531801e+02
5.620045404347495150e+02
5.623057752294394049e+02
5.623271373415379912e+02
5.623573616062158180e+02
5.623875551916095219e+02
5.624093806941283447e+02
5.624095036032308599e+02
5.625184127341537987e+02
5.628022941357289710e+02
5.628234592215993644e+02
5.629141102543877651e+02
5.630269764161611192e+02
5.631841995184975076e+02
5.632299720667797374e+02
5.632600446286180613e+02
5.632928346218942579e+02
5.633967474998936495e+02
5.635381695624461145e+02
5.635548713234162506e+02
5.635934988434134993e+02
5.637870136558449303e+02
5.639239701865724328e+02
5.642731626481293006e+02
5.643901154346559679e+02
5.644317444448962533e+02
5.645061740301712234e+02
5.645963237985389469e+02
5.646031325114935271e+02
5.646686619186895086e+02
5.647716231789692074e+02
5.647868821314953038e+02
5.649132990736598003e+02
5.649863427375887568e+02
5.652397748635146399e+02
5.652433872310581364e+02
5.652690812812923014e+02
5.653457631975558115e+02
5.653750775783145173e+02
5.654795148833302392e+02
5.655980965720726772e+02
5.656071099009092222e+02
5.656672138378712589e+02
5.657264711941204496e+02
5.657648790671360075e+02
5.659900408866166117e+02
5.661364904432939511e+02
5.662360499217729739e+02
5.663404587720917789e+02
5.663920728757775578e+02
5.666035927154201772e+02
5.667024358748647046e+02
5.668112330896443609e+02
5.669760884455503174e+02
5.670027804352944258e+02
5.671398998132215183e+02
5.671580008075463866e+02
5.671933043278935429e+02
5.672273782142493701e+02
5.675474521827703711e+02
5.677092588224680867e+02
5.678099154863001559e+02
5.679181231049185499e+02
5.679869316532256107e+02
5.682318629474347063e+02
5.682890039925448491e+02
5.683289099230183865e+02
5.683437410420134484e+02
5.684723027685037096e+02
5.685827968753346795e+02
5.686232206122388106e+02
5.686253469623183037e+02
5.687775414886608587e+02
5.687784984610862011e+02
5.688798636344745319e+02
5.691727940643028205e+02
5.692207649802725200e+02
5.692430853703599496e+02
5.693447806007033023e+02
5.694863614007873593e+02
5.695522452643864426e+02
5.698366050340866877e+02
5.698410259830902760e+02
5.698995913721676061e+02
5.700052129761133983e+02
5.701706424338159422e+02
5.701871043971625568e+02
5.703212256739461736e+02
5.703882708062294569e+02
5.704303623223546538e+02
5.704421319315308665e+02
5.706091880740812030e+02
5.706234474460709407e+02
5.706543438025894375e+02
5.706828900059667831e+02
5.708538198062751690e+02
5.709468937434189684e+02
5.710796421649448575e+02
5.711036676759609918e+02
5.711853754738757516e+02
5.712560453707193346e+02
5.714051075602353649e+02
5.716022231520029209e+02
5.716032424244536969e+02
5.716966523411945218e+02
5.717010879731983550e+02
5.717674191904791314e+02
5.717956826630265823e+02
5.718262162434040192e+02
5.718624949808772726e+02
5.719434108979721714e+02
5.719772892842040619e+02
5.720872376262034322e+02
5.721304376161012897e+02
5.721363377416357707e+02
5.722639515456843355e+02
5.722919960367636349e+02
5.723392447794853979e+02
5.724356275117380619e+02
5.724693066957955807e+02
5.724741608377809143e+02
5.725131840705186050e+02
5.727540545912826246e+02
5.728395946463385826e+02
5.729323575603965537e+02
5.730157275067912224e+02
5.730342178832852369e+02
5.730793727704111689e+02
5.731952111569194130e+02
5.732041184170906263e+02
5.732312456045608542e+02
5.732581959996698515e+02
5.733053349316736558e+02
5.736328876094469251e+02
5.736387116809883082e+02
5.736996505617138382e+02
5.737161236001035149e+02
5.740102375655390006e+02
5.740202586093020045e+02
5.740633290573670138e+02
5.741749100475643672e+02
5.742765159349562509e+02
5.743223028368745418e+02
5.743577569809522174e+02
5.743999948269050719e+02
5.744255698759275219e+02
5.744447225461667585e+02
5.744997049788224786e+02
5.745257636626520252e+02
5.745540071263715163e+02
5.746431166179868342e+02
5.749313627487623535e+02
5.750084815260075857e+02
5.750151568425792448e+02
5.750217062321199819e+02
5.752737570369059767e+02
5.753031580464657964e+02
5.753112067694925145e+02
5.753873655234724538e+02
5.754688015627475579e+02
5.755559315028161791e+02
5.755818613525386809e+02
5.755831301870290417e+02
5.758625340571296647e+02
5.758866068495896116e+02
5.759805312581268026e+02
5.760827246101642913e+02
5.761611935733469636e+02
5.761924674232205916e+02
5.762188185558065925e+02
5.762946917527416417e+02
5.764622442041994645e+02
5.767066152009447251e+02
5.767159438797078792e+02
5.767299618669464962e+02
5.769712650552547757e+02
5.770824180230721367e+02
5.772612120702675611e+02
5.772800820511466782e+02
5.773538926567521230e+02
5.774545408805497573e+02
5.775495228794121658e+02
5.775932316220374787e+02
5.775945245073261276e+02
5.776673988199170253e+02
5.776917176559485370e+02
5.777415759370608157e+02
5.780049225420192442e+02
5.780473574679333524e+02
5.781999693240595661e+02
5.782173794016571264e+02
5.783103916195290140e+02
5.786247719091694535e+02
5.786337274238711643e+02
5.786344236527149860e+02
5.786817923491171314e+02
5.786898923487619868e+02
5.788048800615033542e+02
5.790098640809113704e+02
5.790572972688881919e+02
5.790822444007627610e+02
5.791297339034738343e+02
5.792368468828035475e+02
5.792376048327707849e+02
5.793117937721282260e+02
5.793909674869491937e+02
5.794755716737286093e+02
5.794986634256474645e+02
5.796029924117001428e+02
5.796109791580006458e+02
5.796294984819663796e+02
5.798044484621148058e+02
5.799162963545019238e+02
5.799174497627401479e+02
5.799412430482803984e+02
5.799613526961352363e+02
5.799876706889909883e+02
5.800113734985291103e+02
5.800167540460560076e+02
5.800679395506678020e+02
5.801778986253926860e+02
5.802556705642006136e+02
5.803487874587258375e+02
5.803558400834615441e+02
5.806080067465144339e+02
5.807599400442776414e+02
5.808962082942349525e+02
5.810405011320394806e+02
5.812653970648058248e+02
5.813308820287933258e+02
5.813495067067766513e+02
5.814294363281763935e+02
5.815426211770293321e+02
5.816542124713937483e+02
5.817156285164934388e+02
5.817215380809590215e+02
5.817601883801887652e+02
5.819714681684140487e+02
5.820446473110284842e+02
5.821090564058647487e+02
5.821351515265802163e+02
5.821734495643762557e+02
5.823615409360478452e+02
5.824530410708599675e+02
5.825820645536161919e+02
5.826325453158179926e+02
5.827154553705976241e+02
5.827392494708640243e+02
5.828411114109143227e+02
5.828876047076911391e+02
5.829363025760164874e+02
5.830236265577709673e+02
5.832530654366968292e+02
5.832585776519545107e+02
5.834037029157217376e+02
5.834325239530672889e+02
5.834814274638363258e+02
5.834832738798354512e+02
5.835131214180495363e+02
5.835713233815051808e+02
5.835761413525758599e+02
5.836324326320395812e+02
5.838506670029665884e+02
5.838599479202241582e+02
5.839804306462024215e+02
5.840243535929355403e+02
5.841130798020288921e+02
5.841381985412717768e+02
5.841526776346380530e+02
5.841672529904820976e+02
5.841733446410321449e+02
5.841904580563385707e+02
5.842813994949874541e+02
5.844592705076756829e+02
5.845994942212307706e+02
5.846957949805338330e+02
5.847055465783513455e+02
5.847339921218083418e+02
5.847648907742847086e+02
5.847888594967261042e+02
5.848491610015275910e+02
5.849130701334391915e+02
5.849498562365989756e+02
5.849862420239977610e+02
5.851332000449125417e+02
5.852629738796016454e+02
5.852936300734313591e+02
5.854978759941399176e+02
5.857523492936270486e+02
5.857853182494427529e+02
5.858217860667031118e+02
5.858804926880173980e+02
5.861165149883908043e+02
5.862906860809652017e+02
5.862997042381164192e+02
5.863412694881359357e+02
5.864084384407582320e+02
5.864667244268235891e+02
5.864846828984909735e+02
5.866478242932372495e+02
5.867419842630862377e+02
5.868936170561112249e+02
5.870567274733450631e+02
5.871717057489424860e+02
5.872199065695456284e+02
5.872984908578312115e+02
5.873130565652539872e+02
5.874063707996081121e+02
5.874228325237243098e+02
5.875214996448661395e+02
5.875432365641253227e+02
5.875536577826541134e+02
5.875687131425660255e+02
5.875688793194126447e+02
5.876745855203998872e+02
5.877844410096485035e+02
5.878447300908674151e+02
5.878593948481041025e+02
5.878666658898977175e+02
5.878682754142574822e+02
5.878833770789337905e+02
5.880679673211963063e+02
5.880910057422930777e+02
5.881274537318431612e+02
5.881367302027940696e+02
5.881576879748491820e+02
5.882187175582674854e+02
5.882967061189059450e+02
5.883201648088995626e+02
5.883251202849652373e+02
5.883664528670504978e+02
5.883886894205326143e+02
5.884093468896552395e+02
5.886773012031140979e+02
5.887571258321266896e+02
5.888249517614542583e+02
5.888697408675857332e+02
5.889164299162910083e+02
5.889813047602093548e+02
5.890806499616196561e+02
5.891815793089808722e+02
5.891972770186663411e+02
5.892550580778449785e+02
5.892993045000678194e+02
5.894696613878400058e+02
5.895528359351503696e+02
5.896161996541926555e+02
5.896264174589254026e+02
5.897039579363531629e+02
5.897143463554202754e+02
5.897486206816176946e+02
5.897614650959733353e+02
5.898596229824996726e+02
5.898788720984896372e+02
5.899203178592947552e+02
5.901086713693687216e+02
5.901277175059295814e+02
5.901867908750541574e+02
5.902320802256069783e+02
5.902336044167167302e+02
5.903647601362547448e+02
5.903707222455489045e+02
5.904243004967628394e+02
5.904928441068406073e+02
5.905753448127626370e+02
5.906725763624340289e+02
5.906969142621775291e+02
5.906977500037079380e+02
5.908048617308737676e+02
5.908687893069464963e+02
5.910195065412225404e+02
5.911630516625001519e+02
5.913175174238724594e+02
5.913728317739556815e+02
5.914066574239420788e+02
5.915373320427613635e+02
5.915873481015973994e+02
5.916042362328237232e+02
5.917651397642548545e+02
5.919436253196577127e+02
5.919959536259914330e+02
5.920025134834654637e+02
5.920434083893017032e+02
5.921790154324057767e+02
5.923723891510308022e+02
5.923913469784157542e+02
5.923971237947160944e+02
5.925719924782830503e+02
5.926131025855701182e+02
5.926781329454815932e+02
5.929651394555256729e+02
5.929708797603055928e+02
5.930579654221376131e+02
5.930643816636451220e+02
5.931036111800115123e+02
5.932393357524383646e+02
5.932866881844616955e+02
5.937760093061251609e+02
5.938442463765883303e+02
5.938765274591628440e+02
5.938972444670798723e+02
5.939332098053215532e+02
5.939720485249293915e+02
5.939779809004512572e+02
5.940164275516154930e+02
5.940684330696543611e+02
5.941753323594754193e+02
5.942644353985067482e+02
5.943672376507906847e+02
5.943679375552667352e+02
5.943883938309859332e+02
5.944787084777751716e+02
5.945338441368926397e+02
5.945342881070914700e+02
5.946703020650490998e+02
5.947937992924644277e+02
5.948600493658946107e+02
5.948657806183925914e+02
5.949870004230517679e+02
5.950600322367677109e+02
5.951869552902697933e+02
5.953030641953454278e+02
5.954384443676664205e+02
5.954992633593623168e+02
5.955118633850026981e+02
5.956045447421105337e+02
5.956852807093551974e+02
5.957982621694908403e+02
5.958137776880128058e+02
5.958318512042178554e+02
5.960161015995663547e+02
5.961316187294722795e+02
5.963306565098010879e+02
5.964491379933530197e+02
5.965249050071844295e+02
5.966133800247309864e+02
5.967966615422476480e+02
5.968687168368479661e+02
5.969521115275089187e+02
5.969662921752881175e+02
5.970198175341062097e+02
5.971248325591787989e+02
5.971511661380895930e+02
5.971699965759422639e+02
5.972013820106901676e+02
5.972244164530346779e+02
5.972445798094506699e+02
5.972906736317936520e+02
5.974893580448576813e+02
5.975483053031542795e+02
5.975656517106913270e+02
5.975723263232653153e+02
5.976715964353364825e+02
5.977118097817206035e+02
5.978555616518140141e+02
5.979453426334687265e+02
5.980779109307360386e+02
5.981043592733905143e+02
5.982025943990740871e+02
5.982281451809185455e+02
5.984613122358645114e+02
5.985456147513914402e+02
5.985783080506028000e+02
5.986044782411457845e+02
5.986221337093368220e+02
5.987209892935666176e+02
5.987415572988613803e+02
5.988169420736221582e+02
5.988425577687062287e+02
5.989329425610739008e+02
5.990735320373480590e+02
5.991989646716342577e+02
5.993181871611448059e+02
5.993355132555058162e+02
5.993432247112561981e+02
5.994432642965609830e+02
5.994815489152875898e+02
5.995287358819243764e+02
5.995313729270461636e+02
5.995564173346026564e+02
5.995592720442049313e+02
5.997353971461997162e+02
5.997586401614493070e+02
5.998265524034372902e+02
5.998298656827439572e+02
5.999214619002118525e+02
5.999539722668312152e+02
6.001441381413862928e+02
6.003266641599866489e+02
6.003594535955318179e+02
6.005521403050161098e+02
6.010156134080284573e+02
6.011610590208570102e+02
6.013163507285113383e+02
6.013402141668381091e+02
6.014118541500473611e+02
6.014176561839855140e+02
6.014259669891395106e+02
6.019931129241302870e+02
6.020260690957477436e+02
6.021409904513834590e+02
6.022779347111944617e+02
6.024406090541231151e+02
6.029442879862933751e+02
6.029673219734930854e+02
6.029707542656561827e+02
6.030148921244971234e+02
6.030265050241282552e+02
6.030283951219017808e+02
6.030656413087789360e+02
6.031932467924754064e+02
6.032628407233756889e+02
6.032940988799718980e+02
6.033826243339676694e+02
6.034046234355002980e+02
6.034058305906146416e+02
6.035262824236425558e+02
6.036077393473083248e+02
6.037274690928007885e+02
6.037307787905781424e+02
6.038820070623025913e+02
6.039625352257120312e+02
6.040315958245515731e+02
6.041132458726559662e+02
6.042797701324003583e+02
6.043534496291247251e+02
6.044259301242067295e+02
6.048155553084390021e+02
6.049333539774489736e+02
6.049820142264768492e+02
6.050844257712815306e+02
6.051255120708689219e+02
6.051471708534692198e+02
6.052228751229207546e+02
6.054423435815971288e+02
6.056629304487526042e+02
6.056977976490668425e+02
6.057603054151073820e+02
6.057801216849563843e+02
6.062328922009576218e+02
6.065636873103179596e+02
6.066510556478084482e+02
6.067870352647839809e+02
6.068916700650827352e+02
6.069666143078901541e+02
6.069711829517561910e+02
6.070217277166553913e+02
6.071153337817336251e+02
6.072096462963251042e+02
6.072485633230872963e+02
6.074853979684999103e+02
6.075006604967351223e+02
6.075584826910283027e+02
6.076563192403734774e+02
6.077558584718909742e+02
6.078430202194728054e+02
6.078698519893862340e+02
6.078840059530505187e+02
6.079682090770081686e+02
6.080444213722132645e+02
6.080608935300170970e+02
6.081626645061686531e+02
6.082132715991092482e+02
6.083050965541351616e+02
6.084564515242120706e+02
6.084719517273139218e+02
6.084735626026573527e+02
6.085994006757465513e+02
6.086778034263898007e+02
6.087780344339629437e+02
6.089297941037420969e+02
6.090650934611403500e+02
6.093352724787660009e+02
6.093992500471223366e+02
6.094551166433996059e+02
6.094979479695557529e+02
6.095118538685941303e+02
6.095826915235292063e+02
6.096097218051702384e+02
6.098215724369953250e+02
6.098944996641712351e+02
6.099693787886490099e+02
6.100059111356628136e+02
6.100103602643877139e+02
6.100130484745161539e+02
6.100589229762089190e+02
6.100662860036977690e+02
6.101440823634321760e+02
6.103214494441181159e+02
6.105001872395474720e+02
6.105898544043899392e+02
6.106096279736240149e+02
6.107752739090118439e+02
6.109563053069002763e+02
6.109745527449841802e+02
6.110859879665316612e+02
6.111141213199547337e+02
6.112493486024062577e+02
6.117403289344148334e+02
6.117428694358700341e+02
6.119325848283266396e+02
6.120137957078648014e+02
6.123159782796748232e+02
6.123681038065092253e+02
6.125247584791198960e+02
6.125301272736220426e+02
6.125641596028362983e+02
6.125699402531397482e+02
6.128784985745228369e+02
6.130200091206137358e+02
6.131795298418526272e+02
6.134112015308353421e+02
6.134186135574759646e+02
6.134592056557027036e+02
6.134653459970658105e+02
6.134850732273829408e+02
6.135067850137976393e+02
6.135595512789784607e+02
6.135856131996783915e+02
6.135944838573442439e+02
6.136097598034604061e+02
6.136230363731198167e+02
6.139242669425364056e+02
6.140429480095615418e+02
6.143291640771602715e+02
6.143774436759641731e+02
6.144046303953626875e+02
6.145380420709725513e+02
6.145709505686434113e+02
6.146006001050594705e+02
6.146226521556418447e+02
6.146342265843791211e+02
6.146589213203587860e+02
6.146955047219563539e+02
6.147889080662354218e+02
6.147942920402823574e+02
6.148139890598886268e+02
6.149519561957016549e+02
6.149651982127120391e+02
6.150001591539177070e+02
6.151668222524207295e+02
6.151808497746167177e+02
6.151880465132700238e+02
6.152432708202314871e+02
6.152732822682254437e+02
6.153423453509989258e+02
6.154780658225133720e+02
6.154903585444412784e+02
6.155627890812360192e+02
6.156214745682133298e+02
6.156344393137809448e+02
6.157159528227603005e+02
6.157425953306412794e+02
6.157983542564492154e+02
6.158055088049417236e+02
6.158567934859005391e+02
6.158872894328134180e+02
6.160312990712420742e+02
6.160361879410542087e+02
6.160813820080287542e+02
6.161324891396945986e+02
6.162400729961273100e+02
6.163112389310909975e+02
6.164029264845592024e+02
6.165279935298791543e+02
6.166931579882256074e+02
6.167245493362311208e+02
6.167889026308075699e+02
6.169416740626609226e+02
6.173209854481013963e+02
6.175045616592575470e+02
6.175432589229409359e+02
6.175613522459949536e+02
6.176173650925733227e+02
6.177301490040119916e+02
6.177866818937899325e+02
6.178416870852905731e+02
6.179934856110080545e+02
6.180308591873794057e+02
6.181945797975714640e+02
6.182380991110766217e+02
6.182712527679171899e+02
6.183216792533964963e+02
6.184414596157754431e+02
6.184526827177370478e+02
6.184709058476172459e+02
6.187229937236537580e+02
6.187390743888413454e+02
6.188089659456225036e+02
6.188811217519639740e+02
6.189371724582401839e+02
6.190234158030087883e+02
6.190451774495103336e+02
6.191122142342255756e+02
6.191510051537862864e+02
6.192413156061841164e+02
6.192540028251524973e+02
6.193245038800889688e+02
6.193415787921865103e+02
6.193687972260286188e+02
6.193893646113343721e+02
6.194061910819993955e+02
6.195517777620079869e+02
6.195798163312905444e+02
6.197980657412106211e+02
6.200900750525815965e+02
6.201606505276214421e+02
6.201735104168197950e+02
6.202126171734660147e+02
6.203457974259840739e+02
6.203839559520131388e+02
6.203915424734801718e+02
6.204593508150126127e+02
6.206147766611165935e+02
6.207472162030242089e+02
6.207632596334035497e+02
6.208563492611901893e+02
6.208771082661859282e+02
6.208976220964452750e+02
6.210702923600900931e+02
6.210942290912144017e+02
6.211196876791949535e+02
6.211197421462211423e+02
6.212901905239951930e+02
6.214212806052339602e+02
6.215035355312274987e+02
6.216191486964207797e+02
6.216328930228988838e+02
6.216839835640510046e+02
6.217200386189247183e+02
6.217282443975575461e+02
6.217837265565609641e+02
6.219949779965364769e+02
6.219983849614332030e+02
6.220270974658835712e+02
6.220464820016404701e+02
6.220691487683652667e+02
6.222683738752306226e+02
6.223209773418353734e+02
6.223733040331404709e+02
6.224924305120491681e+02
6.225064153362252455e+02
6.225620817384827888e+02
6.226089228200120260e+02
6.226846392475154062e+02
6.233282667076872485e+02
6.234505402679766348e+02
6.234928131657986796e+02
6.236392853024010492e+02
6.236548839184310964e+02
6.236574620308392696e+02
6.236765219919918763e+02
6.237112002593529496e+02
6.237707449101955035e+02
6.238503155294405360e+02
6.240515404085898581e+02
6.241109614079698531e+02
6.241689365521278887e+02
6.241732323127048403e+02
6.241761936065852296e+02
6.242429509996966317e+02
6.242909986077609119e+02
6.244432879417529421e+02
6.244578848370866808e+02
6.244599922324126737e+02
6.245096664683729841e+02
6.245322601890899250e+02
6.245365008102525053e+02
6.246439611829283649e+02
6.246538216252292841e+02
6.247319306937764622e+02
6.247594276202107721e+02
6.247753068354585366e+02
6.248151097614372702e+02
6.249498341821469012e+02
6.249913120420005725e+02
6.251070935175498562e+02
6.251182674604574458e+02
6.252417506943173748e+02
6.252642848498234116e+02
6.253585615846110386e+02
6.254280788797485684e+02
6.256486718591343106e+02
6.256894982434648682e+02
6.256952028866400042e+02
6.256968146640543864e+02
6.258429518683775541e+02
6.259049422081669718e+02
6.260293372198574389e+02
6.260515979596277703e+02
6.260868686185666547e+02
6.260894158100643381e+02
6.263608239513848730e+02
6.264526758278692569e+02
6.266781865249860175e+02
6.267038998910028340e+02
6.267826805950663811e+02
6.268772437314564741e+02
6.269090825294118758e+02
6.270661320017375147e+02
6.273111748755026156e+02
6.274913052169557659e+02
6.276032628434045364e+02
6.276303452579043096e+02
6.276579078489517087e+02
6.279334598060361259e+02
6.279343212849347537e+02
6.280392343698034665e+02
6.281413187989674043e+02
6.282225427099353965e+02
6.286072189153868521e+02
6.286383681835272910e+02
6.286729909180484128e+02
6.286798433722187838e+02
6.287285790132821148e+02
6.287537892653587051e+02
6.287888442671563780e+02
6.289387790968442005e+02
6.291671832621484555e+02
6.291843055159288269e+02
6.292231410027312677e+02
6.294431314645732982e+02
6.294484482271674324e+02
6.294565238968857557e+02
6.294713306906737671e+02
6.295466968462046680e+02
6.295602864042759848e+02
6.298473205000888129e+02
6.298966439321793587e+02
6.299546595754306963e+02
6.299782626411354158e+02
6.300313202838664211e+02
6.301216914414828807e+02
6.302376092772385618e+02
6.303544332470413565e+02
6.304263075779945211e+02
6.306219043933077728e+02
6.307636127505689956e+02
6.308815204054125161e+02
6.308862880154581489e+02
6.308868631591599296e+02
6.309067652392374157e+02
6.309975341765705252e+02
6.310416728804681270e+02
6.310845765570747972e+02
6.312645129996722062e+02
6.314527771501748248e+02
6.316526791175213020e+02
6.316840707788563805e+02
6.317819536657023036e+02
6.318083662061865198e+02
6.318259890557874314e+02
6.318429987470223068e+02
6.318778915735704231e+02
6.319247286210415950e+02
6.320728582748992039e+02
6.320835007433784085e+02
6.321941462159606999e+02
6.322573231282561892e+02
6.322856231786405488e+02
6.323421972194440741e+02
6.323719132352691759e+02
6.324474585086942398e+02
6.324948656323708747e+02
6.325098332878890233e+02
6.325201631229364239e+02
6.325860957558979862e+02
6.327800133669186380e+02
6.328151408660786501e+02
6.329251831179257124e+02
6.330147564679650714e+02
6.332382334282962120e+02
6.333815887141425947e+02
6.334512642411444858e+02
6.335404403871365275e+02
6.337309885996195362e+02
6.337734905929135039e+02
6.338064660056261346e+02
6.338073718346297483e+02
6.339533611761860357e+02
6.340878906325245907e+02
6.340970841549728902e+02
6.341687546546661451e+02
6.342207202357731148e+02
6.342312508615639217e+02
6.345596546759170451e+02
6.345797950285600564e+02
6.345855951207702219e+02
6.346608860742807110e+02
6.347727797564889443e+02
6.347755282066630116e+02
6.348651152987805517e+02
6.349284412024628637e+02
6.349375241107692318e+02
6.349533053629744472e+02
6.350232445459373594e+02
6.350525349647396069e+02
6.352846788232383233e+02
6.354269974966053951e+02
6.357693705247613707e+02
6.357944255563825209e+02
6.360858745423095115e+02
6.361328983713356138e+02
6.361684794501088618e+02
6.361727845572099795e+02
6.361773019186053943e+02
6.362754429221018881e+02
6.363264727787305901e+02
6.363478775760669350e+02
6.364271976582217576e+02
6.364514893395947865e+02
6.365233124833798684e+02
6.365604001111647676e+02
6.367049609734880278e+02
6.368481837640093772e+02
6.369022540987378989e+02
6.369382577553195688e+02
6.369757823223923197e+02
6.371123178794227897e+02
6.371454648845585780e+02
6.371650092491926216e+02
6.371723834710033998e+02
6.372247716595293241e+02
6.372796079167346761e+02
6.374327976744940543e+02
6.374536352323264055e+02
6.374936048914039475e+02
6.376313028386011865e+02
6.377758974212804333e+02
6.378163558224697454e+02
6.378675695953561444e+02
6.378976846058353658e+02
6.381223880246185445e+02
6.381329124731691991e+02
6.383591050652310059e+02
6.384550709430560573e+02
6.385182687094754783e+02
6.385210357321009269e+02
6.385748268375298267e+02
6.386184787738874320e+02
6.386331292245085933e+02
6.387221546444181968e+02
6.390176277058984624e+02
6.390864583339847513e+02
6.391909917320284649e+02
6.391969005569731053e+02
6.392419599588683923e+02
6.392522686109348342e+02
6.393313355416271406e+02
6.395637045446192133e+02
6.396540422115677984e+02
6.396607016019956973e+02
6.396972005673621879e+02
6.397638658140639336e+02
6.398068813329288105e+02
6.399563501055627057e+02
6.400968186622611711e+02
6.401756782055086887e+02
6.402146398205265996e+02
6.402392083764407289e+02
6.402485341206103158e+02
6.402850629826531303e+02
6.403294816825518865e+02
6.404233537979706625e+02
6.405128047957753097e+02
6.405188620440069371e+02
6.405607750051221956e+02
6.405774935589087136e+02
6.405917074063490873e+02
6.407380583848257629e+02
6.407416266352116736e+02
6.407869032462339192e+02
6.408022505501247679e+02
6.409784753433947344e+02
6.410463317571619655e+02
6.410682617078119847e+02
6.411264295058631433e+02
6.412360006362358718e+02
6.415004089155353313e+02
6.415211616924647160e+02
6.417022577420901825e+02
6.419291509900870096e+02
6.421359807848440369e+02
6.422200636010552444e+02
6.423028775738083596e+02
6.423458934944123939e+02
6.424622211765220072e+02
6.425253694775154827e+02
6.426196578220140054e+02
6.426662759169641959e+02
6.427758501832826141e+02
6.429208463463153294e+02
6.429340409342178191e+02
6.430831526584076983e+02
6.431479171277153455e+02
6.433030985490848934e+02
6.433501323178430766e+02
6.433898397672620604e+02
6.435953246654346458e+02
6.436194281914672501e+02
6.437743666296623815e+02
6.438295073282873773e+02
6.438896525831388544e+02
6.439203897714545519e+02
6.439913122798817540e+02
6.440240919065851131e+02
6.440274303446786917e+02
6.440538847042663519e+02
6.440544179939702190e+02
6.443738322406496764e+02
6.446549978450226490e+02
6.446968964736842054e+02
6.448055062718576664e+02
6.448408688956791366e+02
6.449335339557248972e+02
6.450699475811195498e+02
6.453143538104933441e+02
6.453569521004474154e+02
6.454843881056542614e+02
6.455101505036889193e+02
6.458967309402913770e+02
6.458989065612694276e+02
6.459760025523114564e+02
6.460657823623785134e+02
6.461628572055533368e+02
6.461735466971341566e+02
6.464059802392665688e+02
6.464226381562763208e+02
6.465038761731558452e+02
6.465248676838976962e+02
6.465554541521175906e+02
6.466213432017129890e+02
6.466663348610412640e+02
6.466808866940252756e+02
6.466965082282562207e+02
6.467416360315156680e+02
6.468596242843384516e+02
6.470498272781899232e+02
6.470571504692982217e+02
6.470987669430246569e+02
6.471075697264803921e+02
6.471089640329585109e+02
6.471992871521083543e+02
6.472761565823545880e+02
6.472909860860922890e+02
6.473131801524145885e+02
6.473151795944686455e+02
6.474653037520329235e+02
6.477716853565850670e+02
6.477838151207206465e+02
6.478057553260355235e+02
6.479747603787960770e+02
6.481922584995635361e+02
6.482375989110871615e+02
6.482419279730133894e+02
6.482452770303909801e+02
6.483163768849203734e+02
6.483579646932844298e+02
6.483603872700911097e+02
6.484333268115718738e+02
6.484342740528770719e+02
6.485632916297264501e+02
6.485937838944657869e+02
6.485972081264470717e+02
6.486711737264946578e+02
6.487134215383709943e+02
6.490169225088151279e+02
6.490823973611302335e+02
6.491092234930832774e+02
6.492122185994221581e+02
6.492386149890412526e+02
6.494341103715202053e+02
6.494732402782678946e+02
6.495397582496134419e+02
6.495440829782476158e+02
6.495903610716572985e+02
6.497391908692243305e+02
6.498756982421302837e+02
6.498968660218860123e+02
6.499182231526809801e+02
6.500598847270288161e+02
6.502819653947940424e+02
6.502903169966994028e+02
6.503401456319976432e+02
6.503744511078825781e+02
6.505449120005702071e+02
6.505521803669589644e+02
6.505719427497832612e+02
6.506882941478008888e+02
6.506926821618822032e+02
6.507492095190647206e+02
6.507978418651832726e+02
6.508317642119161519e+02
6.508735825580720302e+02
6.509364905731954423e+02
6.509511557832844346e+02
6.510218743210567709e+02
6.511582889256482076e+02
6.512772711857603554e+02
6.512911976532944891e+02
6.513046673484876692e+02
6.513306850985459278e+02
6.513680157463853675e+02
6.514117672883481873e+02
6.515066413327778037e+02
6.515115038469045885e+02
6.515144445192830744e+02
6.515558972949007739e+02
6.516554441996952391e+02
6.516733584675874908e+02
6.517588450608407129e+02
6.517839178003175675e+02
6.519649438383568167e+02
6.521533094641891921e+02
6.521827100484881612e+02
6.522044897695241161e+02
6.522486435453702143e+02
6.522715715907551157e+02
6.523645643082398919e+02
6.525103202915033762e+02
6.526034933659774424e+02
6.527484320698546298e+02
6.527905841602164401e+02
6.528047490279362819e+02
6.529163509920256274e+02
6.529536033913502706e+02
6.530463134783670966e+02
6.530726129155698345e+02
6.530796728374451732e+02
6.534883243566591773e+02
6.535024778205229268e+02
6.538740246242745116e+02
6.541894001840335022e+02
6.543209832264552688e+02
6.544107427205879048e+02
6.544826004574670151e+02
6.546501565881033002e+02
6.546786316892861350e+02
6.547311744179904736e+02
6.548116727487968092e+02
6.548558104601472678e+02
6.549022870337186077e+02
6.549356955781979650e+02
6.550049159837541310e+02
6.551633291108877302e+02
6.551820837651462170e+02
6.554091407109324336e+02
6.555064943985472610e+02
6.556509235913314342e+02
6.557186202827240322e+02
6.558446147269227140e+02
6.558459758151312826e+02
6.559881292339279071e+02
6.559915431214164983e+02
6.561754170993735897e+02
6.565773894285845245e+02
6.566064090620466231e+02
6.566260861996005360e+02
6.567468959654894434e+02
6.567712064118850321e+02
6.569384276621302661e+02
6.569474713246114561e+02
6.569586899614378126e+02
6.572812296213278387e+02
6.573745932748773839e+02
6.575309749860336979e+02
6.575636457832240467e+02
6.576576879443058488e+02
6.577328544385229634e+02
6.578098708723676964e+02
6.579054858474210050e+02
6.579768618124720660e+02
6.580235680877631239e+02
6.580504728474780904e+02
6.581724334131966998e+02
6.581938113668716142e+02
6.582920452421066102e+02
6.583141871170752211e+02
6.583959962915794222e+02
6.585105525577757817e+02
6.585311203791758317e+02
6.585362716364512607e+02
6.585479701313660144e+02
6.586255865207353963e+02
6.587833728668496178e+02
6.587872095843461011e+02
6.588976118989255610e+02
6.589324048481698810e+02
6.589866632153893988e+02
6.592069214807856952e+02
6.592405401848502606e+02
6.592927167276458249e+02
6.592938648011189571e+02
6.593009582060935827e+02
6.593258918432982227e+02
6.593282457991697356e+02
6.594114104905319209e+02
6.594577288342810562e+02
6.595239283672588044e+02
6.595399237281426394e+02
6.595691637596750070e+02
6.596600072479374148e+02
6.599400984217624000e+02
6.599444094300710049e+02
6.601286406681384733e+02
6.602003158590886187e+02
6.602694765734827342e+02
6.603272852739991094e+02
6.603332785560364755e+02
6.603411265027751824e+02
6.604176742818762023e+02
6.604524216885972692e+02
6.606601008232460117e+02
6.607035900419771224e+02
6.607164771951063358e+02
6.608210005314327873e+02
6.608499359170124308e+02
6.609120551741949612e+02
6.610117864012330529e+02
6.612038888761417184e+02
6.613348169451239755e+02
6.614288275110920949e+02
6.615236848973153201e+02
6.617667996243410471e+02
6.617960268820513647e+02
6.617961196081373600e+02
6.618225689259977571e+02
6.618430490632769079e+02
6.619334007391151999e+02
6.620170952622061122e+02
6.620921016251236324e+02
6.620934663596381142e+02
6.622022011768066250e+02
6.622347734924744600e+02
6.623259228168484469e+02
6.623936923445805860e+02
6.624286641607474166e+02
6.624407088296953816e+02
6.624489736996378042e+02
6.625973843943846759e+02
6.628062090523776533e+02
6.628936437796372729e+02
6.629027424043978272e+02
6.629455932410027117e+02
6.630543775851202781e+02
6.631804870768111186e+02
6.631909713372093620e+02
6.631909738971525030e+02
6.632947464609735562e+02
6.633314950210358347e+02
6.633559679463413659e+02
6.633570497266983921e+02
6.634218147171717419e+02
6.635805498115259979e+02
6.638439959423404844e+02
6.639135062128483469e+02
6.639737142411752302e+02
6.639811219777661790e+02
6.640474558063289123e+02
6.640872893111545636e+02
6.641651468071994486e+02
6.642061643525545378e+02
6.642290668947764516e+02
6.642373820586185502e+02
6.642689001743528934e+02
6.642773701314681603e+02
6.642935929543438078e+02
6.646576766608901607e+02
6.647066077655158551e+02
6.647698588502993289e+02
6.649422297166430553e+02
6.653938220107670531e+02
6.654666540539153630e+02
6.656061404557669903e+02
6.656391339826150215e+02
6.656695435200416568e+02
6.657124886874545382e+02
6.658055128041424950e+02
6.659010383770055341e+02
6.659325955471269936e+02
6.659445087520061861e+02
6.660279045607423996e+02
6.660393495290828696e+02
6.661113426730518086e+02
6.662098662970138321e+02
6.663103673975009542e+02
6.664270574100474960e+02
6.665989292340390193e+02
6.666566846646934437e+02
6.667658727205538298e+02
6.668463235022475146e+02
6.668635386179973921e+02
6.668657074001915817e+02
6.668936100271312171e+02
6.669423809067109232e+02
6.670223806521587449e+02
6.671804513931300562e+02
6.671986565326557184e+02
6.672098365261073241e+02
6.674856610081893677e+02
6.674951892666983895e+02
6.675494416734660490e+02
6.676228446788680913e+02
6.676878047733378025e+02
6.676953014309125365e+02
6.677001945590448031e+02
6.677094838797991088e+02
6.677828917021403186e+02
6.678483932928205604e+02
6.678705795240610996e+02
6.679552034694075928e+02
6.680981345952280890e+02
6.681016736034320047e+02
6.681591247738059565e+02
6.682565381883810005e+02
6.682807689719461450e+02
6.683114221649826732e+02
6.683906705211558119e+02
6.685808495452248508e+02
6.687192106700614431e+02
6.687921257852256076e+02
6.689013053547433856e+02
6.689391262501339952e+02
6.690244876562252330e+02
6.690767959525707056e+02
6.690943494684494226e+02
6.691951647936457448e+02
6.692629129390630851e+02
6.692999242424369868e+02
6.695018356853177011e+02
6.695035987139293638e+02
6.695352208611062679e+02
6.695401011305293650e+02
6.696613253134190700e+02
6.697622438502338582e+02
6.697957853371423198e+02
6.698896163270397892e+02
6.699316227567321675e+02
6.700492584003803813e+02
6.700997144619190067e+02
6.701440064762425664e+02
6.703714415988704332e+02
6.703955128399641126e+02
6.704062079934361691e+02
6.704794060294717610e+02
6.707697563107024052e+02
6.708093027041038567e+02
6.708146397478020617e+02
6.708491783621599325e+02
6.709079351471419841e+02
6.709226555892414581e+02
6.710120925450581808e+02
6.715201386741088072e+02
6.715702223987931347e+02
6.716067294161629206e+02
6.716493960765277507e+02
6.716595904782731168e+02
6.718385840246407952e+02
6.718832378122575619e+02
6.719240576536320759e+02
6.720138825798051130e+02
6.720625039308498572e+02
6.721495695631081162e+02
6.721548541627006443e+02
6.722948976886179935e+02
6.725300514722500793e+02
6.726172432108588737e+02
6.728748676266695838e+02
6.728885514122165432e+02
6.729426322376414191e+02
6.730193670541796109e+02
6.730920040554087791e+02
6.731347761299797412e+02
6.731691608997939511e+02
6.731804624135958193e+02
6.732218921540675183e+02
6.732366859917138981e+02
6.733471555450184951e+02
6.733666758449268173e+02
6.733717050362861301e+02
6.734386866740052255e+02
6.735140563085135454e+02
6.736853101449197538e+02
6.737570051142046168e+02
6.737923263176023738e+02
6.739277106396340287e+02
6.739924719115427934e+02
6.739993552128312331e+02
6.740688857522541184e+02
6.742677331108310455e+02
6.743097913447418250e+02
6.743390779961362114e+02
6.743519834379386566e+02
6.743656685205407939e+02
6.744129179397571079e+02
6.744883802897940086e+02
6.744953845190796073e+02
6.747292383740768855e+02
6.748464919236216701e+02
6.749201083811959734e+02
6.750670095872332013e+02
6.750739749727399612e+02
6.751279637885061220e+02
6.752108391217765302e+02
6.753578444543544492e+02
6.754853464661201770e+02
6.755123832863268944e+02
6.757480656921933360e+02
6.757591310307060439e+02
6.759325069525712024e+02
6.762273737200846426e+02
6.762436225231414255e+02
6.763503201760208867e+02
6.763537467972000741e+02
6.763970721935784240e+02
6.764575935162915812e+02
6.765300133497179331e+02
6.767590043647078346e+02
6.768519632191535038e+02
6.769066621433833006e+02
6.770449140044113392e+02
6.772954511609868860e+02
6.772973105983138566e+02
6.776345414895580461e+02
6.776420472637463490e+02
6.777823881161446025e+02
6.778098022085767980e+02
6.778216164223038049e+02
6.778699131508245728e+02
6.779559716998015801e+02
6.779959360510124498e+02
6.780006119319947402e+02
6.780768573059625624e+02
6.782707665853654362e+02
6.783110361994828281e+02
6.783313504336498454e+02
6.783800530605142285e+02
6.783841840034967845e+02
6.785273099123471638e+02
6.786731982943570074e+02
6.787470927155621894e+02
6.787833900507089311e+02
6.789174196607820022e+02
6.789848344881939965e+02
6.791305270735355180e+02
6.792137106359408563e+02
6.793415736214599292e+02
6.794176323425093642e+02
6.794621886966034481e+02
6.797262551500560903e+02
6.797911679070695072e+02
6.798685925878179432e+02
6.798893498156130590e+02
6.799712303322048683e+02
6.800418733152469031e+02
6.800589040569693680e+02
6.800640237438051372e+02
6.801412944815265291e+02
6.802615128465199632e+02
6.803232695624186590e+02
6.803447014064083760e+02
6.804362162658190982e+02
6.804431743104667021e+02
6.804917658388776545e+02
6.805066299627609396e+02
6.805236219331683287e+02
6.805424565253961191e+02
6.805831992398203738e+02
6.805875746373776565e+02
6.806298375349731486e+02
6.806895742482345213e+02
6.807445977301601943e+02
6.807848090966580230e+02
6.809370809248238174e+02
6.809501672564455248e+02
6.810088844290418137e+02
6.810142218861658421e+02
6.810203730637527997e+02
6.810914564867048284e+02
6.811610192533249801e+02
6.813363533339442029e+02
6.814043666369494758e+02
6.816721720482233877e+02
6.816763320810115374e+02
6.816849278542339334e+02
6.816886833759972433e+02
6.817057589524231389e+02
6.817707000956847878e+02
6.818571376430587634e+02
6.818610257144865727e+02
6.821042117395477362e+02
6.822580623630290120e+02
6.822873829717424314e+02
6.822940770750590218e+02
6.823095932026493529e+02
6.823209062070238815e+02
6.823318705335706227e+02
6.823927852980403941e+02
6.824162986814178566e+02
6.824532474002486424e+02
6.828329880746010758e+02
6.829290720761695184e+02
6.831770346295511445e+02
6.831898513008435430e+02
6.832299756787124352e+02
6.832973988861380121e+02
6.833040542159183133e+02
6.833044039022117886e+02
6.833969022067489050e+02
6.834824620631327434e+02
6.835265429466927571e+02
6.835825968555712961e+02
6.836273386042871607e+02
6.836293634260772478e+02
6.836634073594821075e+02
6.836796489452408423e+02
6.836882832073824829e+02
6.839499560965211913e+02
6.840261803735390913e+02
6.841348777850304259e+02
6.841664500845157590e+02
6.842080724932880003e+02
6.842306056297750274e+02
6.842391051889115943e+02
6.842555444143719114e+02
6.843886348105660318e+02
6.844829509926003084e+02
6.845489265058644150e+02
6.846026371906525583e+02
6.848156896697448701e+02
6.848219826555414329e+02
6.848494275620547569e+02
6.848853181712856895e+02
6.850124194540638882e+02
6.854203197470501436e+02
6.854432630379983493e+02
6.856160893306188200e+02
6.857640582360265853e+02
6.857852624260059429e+02
6.858277385823103032e+02
6.858716617853863227e+02
6.861905612734250326e+02
6.862071895413658922e+02
6.863409592585175005e+02
6.863748555094286985e+02
6.864842356785567290e+02
6.865296311909354472e+02
6.866015980949172217e+02
6.867505513827424011e+02
6.868864251907451717e+02
6.870541817376140443e+02
6.870593041031027042e+02
6.871574557399965215e+02
6.871700230909641505e+02
6.872148183970642776e+02
6.872810997096017900e+02
6.873240498668363898e+02
6.873851465746203075e+02
6.878570246999207711e+02
6.878691311193657612e+02
6.879629089775743296e+02
6.880049242009930595e+02
6.880168181680222688e+02
6.880312223899950368e+02
6.882796639783466617e+02
6.884560763264587422e+02
6.886540435827006377e+02
6.890516729617535248e+02
6.890711389772690154e+02
6.891077378387248018e+02
6.891999294090970807e+02
6.892550349017648159e+02
6.893001977648206093e+02
6.893371038493500009e+02
6.894121756785073103e+02
6.894835976275472831e+02
6.894982718285174315e+02
6.895514523605720569e+02
6.896186400830292769e+02
6.896890265490636693e+02
6.897086813848935662e+02
6.898216687311984288e+02
6.898237955669194434e+02
6.898603159258427695e+02
6.899865738245366629e+02
6.900557294471930163e+02
6.900809525457442533e+02
6.901798933630037709e+02
6.902497200990167130e+02
6.903822892792435368e+02
6.904929659875550669e+02
6.905714564293319881e+02
6.906272712406870369e+02
6.906391817730599314e+02
6.906644241141209477e+02
6.907096887596733268e+02
6.907859004665042448e+02
6.908459792760647815e+02
6.908743073233008545e+02
6.908748477684869158e+02
6.909319855826719277e+02
6.909600146350259138e+02
6.910705603378426076e+02
6.910725801410100075e+02
6.911458353020340155e+02
6.913823593217985035e+02
6.913983306642165871e+02
6.914514969452371815e+02
6.914594864894054353e+02
6.915413739344941177e+02
6.916080147600932833e+02
6.916516128824575844e+02
6.917130163901822471e+02
6.919020918288848634e+02
6.919203020059236451e+02
6.919222039214178039e+02
6.920870436019018825e+02
6.921587652626323006e+02
6.923432051675991943e+02
6.924189287346175661e+02
6.925573936853122632e+02
6.926041891882736081e+02
6.927196670418709346e+02
6.929231940339434459e+02
6.929939373192013363e+02
6.930105547273768707e+02
6.930366434771374315e+02
6.930550977026463215e+02
6.930787227192141700e+02
6.931092128965403845e+02
6.931767113704077019e+02
6.932506040048247087e+02
6.932969370799650051e+02
6.933765708697135324e+02
6.933836621156749516e+02
6.933913190423127162e+02
6.934070303906504478e+02
6.934678613874983739e+02
6.934879273638709947e+02
6.935156837117596069e+02
6.935582959745396465e+02
6.936975127631440046e+02
6.936986760225244097e+02
6.937860134307135240e+02
6.938781187603098033e+02
6.940116803686515823e+02
6.942366288657310633e+02
6.942383241473480666e+02
6.942522391710823513e+02
6.944333275494182089e+02
6.944844480904456532e+02
6.945537371429865061e+02
6.946443832325783205e+02
6.947390933715801111e+02
6.949627964752513662e+02
6.954454983664210204e+02
6.955516257159597444e+02
6.955798410624635153e+02
6.957563579247714642e+02
6.957605640531481868e+02
6.957824615077551016e+02
6.959721930202490512e+02
6.959968573276795496e+02
6.960176320276520983e+02
6.960300191418649547e+02
6.961933348343906118e+02
6.962511068098681335e+02
6.963447402719218644e+02
6.963675077017229569e+02
6.964857564180352938e+02
6.966046847063615814e+02
6.966359210431359088e+02
6.966799869112219312e+02
6.966995977742609512e+02
6.970123773552898001e+02
6.970988220496137728e+02
6.973260199909000221e+02
6.973561469216090245e+02
6.974830435834635409e+02
6.976040294384675917e+02
6.977020742807259239e+02
6.979829769772990176e+02
6.980246554600646505e+02
6.980363293698397911e+02
6.981291505731770712e+02
6.982380489304453022e+02
6.983093663176121026e+02
6.983286748543414433e+02
6.983871831053623964e+02
6.984183699602773459e+02
6.984648436335421593e+02
6.985511980823534941e+02
6.986651426004211771e+02
6.986871641133310504e+02
6.987304758506323878e+02
6.987566060898832347e+02
6.987750589673707964e+02
6.989025292959846638e+02
6.991025023374049852e+02
6.991410360104243864e+02
6.992569879428071999e+02
6.994464029892632198e+02
6.996023704529214911e+02
6.996191944362217328e+02
6.998800462209225088e+02
6.999194370157356389e+02
6.999539674817291370e+02
6.999593395878055162e+02
7.000148287477275062e+02
7.000244475921384719e+02
7.000482590137872876e+02
7.000800237149385339e+02
7.002179047951892699e+02
7.003915179956687780e+02
7.004215350353416625e+02
7.005846064264386541e+02
7.007468170015049509e+02
7.008673741306149623e+02
7.008805939945707451e+02
7.009782794083870385e+02
7.012200177189974966e+02
7.013156347990773156e+02
7.013492092733022218e+02
7.014070681472320530e+02
7.014935416433684168e+02
7.015530845321528659e+02
7.015637328569556530e+02
7.015949044847506002e+02
7.017300286852155295e+02
7.018947198021666054e+02
7.019070271614017429e+02
7.021607475151946574e+02
7.021939743336968149e+02
7.022844441700018479e+02
7.024005793137207547e+02
7.025398315946432604e+02
7.027826771611144068e+02
7.028139524850643056e+02
7.029769109165763439e+02
7.029886778264959730e+02
7.030904210429845307e+02
7.032033134911572461e+02
7.032976755414256331e+02
7.033219066380748927e+02
7.034938989706187158e+02
7.035093119021000803e+02
7.035139057961797562e+02
7.036192351969327774e+02
7.036730071595512754e+02
7.038306008921969124e+02
7.038708950694400528e+02
7.038862498807891370e+02
7.040371322798106348e+02
7.041034729119979829e+02
7.041209503015782047e+02
7.042271451382946452e+02
7.042867805721332388e+02
7.043640415504181647e+02
7.044155291432512058e+02
7.045625617532483602e+02
7.047100107435686596e+02
7.048129914987968050e+02
7.048222731761020441e+02
7.049743934790739104e+02
7.050670382276990722e+02
7.051665467470693329e+02
7.052041266375385931e+02
7.053803164531967695e+02
7.054880111505876812e+02
7.054979652086665283e+02
7.055416213563739802e+02
7.057228629328378702e+02
7.057268918327755500e+02
7.059981363041008535e+02
7.060928713647259656e+02
7.061760362033913907e+02
7.062023259653268497e+02
7.062261653336843210e+02
7.064635250467551941e+02
7.064930425518998618e+02
7.066175344823566320e+02
7.066591534126968099e+02
7.066716497382068383e+02
7.066725474982005153e+02
7.067380330785608749e+02
7.070480770587332700e+02
7.070864658318821512e+02
7.071232916418180139e+02
7.071584361552469318e+02
7.072196947228959516e+02
7.072681119306018900e+02
7.074447412927031564e+02
7.075034288072661184e+02
7.075624941809974189e+02
7.075749051131327860e+02
7.079131831960669388e+02
7.079371536900333695e+02
7.079435032340199996e+02
7.080341787686902535e+02
7.081095765386036192e+02
7.081542759089315950e+02
7.081999854131146321e+02
7.083281032966356179e+02
7.083462531850396999e+02
7.084892704139379020e+02
7.085764578174128019e+02
7.086217038589967387e+02
7.086727490320852212e+02
7.086974644091573055e+02
7.088136967139954550e+02
7.088736328795214376e+02
7.089058762088224057e+02
7.089814149136248034e+02
7.094361802995109656e+02
7.094837964551273899e+02
7.096949971815532763e+02
7.097302593276771177e+02
7.097349499561494213e+02
7.097539883139103267e+02
7.097991949763655839e+02
7.098198610954099195e+02
7.098198800174095595e+02
7.100253068602264648e+02
7.101800674073446089e+02
7.102930614920287553e+02
7.103083698271300364e+02
7.103190570447688970e+02
7.103248902502394913e+02
7.104321785981795756e+02
7.106523764543653670e+02
7.106992980707782408e+02
7.107098695156856820e+02
7.107697232788357269e+02
7.108054722341219076e+02
7.108446158630746368e+02
7.109255401808976558e+02
7.110312400106328141e+02
7.110410076979094356e+02
7.110440276148186740e+02
7.114750792436846041e+02
7.114971554409185046e+02
7.115017665723210030e+02
7.115193138330262173e+02
7.115226252502438911e+02
7.115640643683093458e+02
7.116991909953370623e+02
7.117339745581492707e+02
7.117829176337855870e+02
7.118767290659176297e+02
7.119359870185191994e+02
7.121006947578140398e+02
7.122682099033274881e+02
7.122690399144397588e+02
7.123944804566589255e+02
7.124459425884933808e+02
7.128205649074199073e+02
7.128755783569833966e+02
7.132368144890100439e+02
7.133538762308463674e+02
7.133776948680585974e+02
7.134421153419824577e+02
7.138458998463702301e+02
7.140082855208356705e+02
7.140168221136311786e+02
7.141189422476376194e+02
7.141542760225538586e+02
7.141548599185483681e+02
7.141979135963447334e+02
7.142202101362878466e+02
7.143625881567965052e+02
7.143968780792166626e+02
7.145433360298999332e+02
7.145433858730392558e+02
7.145740448741738646e+02
7.145970424740855833e+02
7.146192098462439617e+02
7.146250950729228180e+02
7.146423598258604670e+02
7.147099362215728888e+02
7.147386369843018201e+02
7.147836574408568140e+02
7.148230736998414159e+02
7.149969659726160671e+02
7.151933851983440036e+02
7.152499818158826201e+02
7.152833743454955311e+02
7.152927864744285671e+02
7.155483045185181936e+02
7.155534809238191656e+02
7.155829245753945997e+02
7.156124175906498976e+02
7.156446053224567549e+02
7.156595611423514356e+02
7.157869446526510728e+02
7.157978343099126732e+02
7.158818011623914117e+02
7.158928189486323390e+02
7.158989145163957346e+02
7.160990500802886345e+02
7.161166234148483909e+02
7.162601040783548569e+02
7.163256579880751360e+02
7.163324125254823684e+02
7.165916710696208156e+02
7.166153076097418761e+02
7.167789395107547534e+02
7.167943475838403629e+02
7.169546607101381142e+02
7.169557704678944674e+02
7.170155196420793118e+02
7.171377909199485430e+02
7.173653098418070613e+02
7.175652364684866598e+02
7.177079628467082557e+02
7.178905433757016681e+02
7.179090574285347657e+02
7.179369184736513034e+02
7.179653383554356196e+02
7.180047796329821495e+02
7.180464258758826190e+02
7.181119659616188073e+02
7.181264834831637245e+02
7.182244178652925939e+02
7.182397013642438424e+02
7.182706606023165250e+02
7.183289822624741419e+02
7.184616320321225658e+02
7.185737182253053561e+02
7.186601468797076677e+02
7.186742580606963884e+02
7.187402549989635645e+02
7.187478807128868539e+02
7.187873633694272257e+02
7.188318309357541693e+02
7.188352164021345061e+02
7.188618988081659609e+02
7.191215346880217112e+02
7.193774645898340623e+02
7.194136620417834820e+02
7.194173334167878693e+02
7.194337790680264106e+02
7.194752739575325222e+02
7.197212976185253410e+02
7.197339824620709123e+02
7.198541386342000123e+02
7.198637265190310472e+02
7.201951403303462484e+02
7.202351942022115736e+02
7.203595856868412284e+02
7.203945397746342678e+02
7.204768707500894607e+02
7.204946385107157312e+02
7.205077925689037102e+02
7.207395972304515226e+02
7.209476592110937645e+02
7.211297030451308956e+02
7.212115351941852168e+02
7.213491733456013435e+02
7.213551346520130210e+02
7.213891055735458622e+02
7.214204759887230693e+02
7.215046116133493115e+02
7.215412775288394869e+02
7.215546745074445880e+02
7.216302992738707189e+02
7.217706388428754281e+02
7.218107610654351447e+02
7.218225838314233442e+02
7.218408348600198678e+02
7.218634290996765230e+02
7.218931398212529302e+02
7.219789269570612760e+02
7.220554817271607817e+02
7.221547309200450400e+02
7.221922479296238180e+02
7.223370194248273037e+02
7.223560416103508715e+02
7.224087974435180968e+02
7.225433093243269695e+02
7.225598630268508487e+02
7.225695613621255688e+02
7.227488483934496344e+02
7.227838454107848065e+02
7.228798122568438203e+02
7.228819518747399115e+02
7.229795630618963287e+02
7.230112251859485468e+02
7.230160047385322741e+02
7.230944321182385011e+02
7.231173900397500347e+02
7.231581463682763342e+02
7.231651474621102125e+02
7.231784130566471731e+02
7.232078955105982914e+02
7.232157327130390740e+02
7.234171634405315672e+02
7.234176688905808987e+02
7.234727836952902180e+02
7.234837445695212637e+02
7.235143867101321575e+02
7.237314279911540780e+02
7.237461257203217428e+02
7.240274986455493718e+02
7.240466997189007543e+02
7.241594593319416617e+02
7.242253885792453048e+02
7.244052469616892722e+02
7.244725320620964339e+02
7.245362629293123291e+02
7.245543864383149639e+02
7.245695361823896974e+02
7.247764344097901130e+02
7.248095390924501089e+02
7.248483179341444611e+02
7.249671830898855660e+02
7.250016609589290510e+02
7.252548156328222149e+02
7.253664102263533096e+02
7.254422339265803430e+02
7.256195465240721205e+02
7.256237864029963021e+02
7.256485483709070650e+02
7.257006780749757127e+02
7.257221321139865040e+02
7.258356494090672868e+02
7.260453058851193191e+02
7.260912432684995110e+02
7.261261392591571848e+02
7.263976738945322040e+02
7.264467173373471951e+02
7.265026740382127173e+02
7.265387844055535425e+02
7.267390295043170454e+02
7.268091581632472753e+02
7.269288430327542301e+02
7.270680335119542406e+02
7.271028935914868043e+02
7.271502786994770986e+02
7.273075273131300946e+02
7.273451428606160789e+02
7.274767732167496206e+02
7.277126138598900980e+02
7.277939528820594433e+02
7.279067322249130711e+02
7.280430034650036077e+02
7.281983856311801446e+02
7.282402702133955472e+02
7.282446555581116172e+02
7.282874853616239079e+02
7.283808278962615077e+02
7.284307007519968238e+02
7.285458803804389163e+02
7.285826789828765868e+02
7.286666087485180014e+02
7.286838013132507967e+02
7.287991159201876599e+02
7.288648649729253748e+02
7.288838847218039518e+02
7.289126501994703631e+02
7.290277122514510211e+02
7.290826240345714950e+02
7.291029062314030398e+02
7.293878645281134823e+02
7.294925065998618265e+02
7.297549812440427104e+02
7.298014023194018591e+02
7.298551146660505538e+02
7.300453099581376364e+02
7.301073553210162572e+02
7.302097332411074149e+02
7.302339485283879412e+02
7.302832737590637180e+02
7.302942538739048359e+02
7.303134744300981538e+02
7.303135530851451449e+02
7.303168911448302651e+02
7.306322809759070651e+02
7.306554091941166007e+02
7.307461254241649158e+02
7.308983729535826797e+02
7.309650376587092069e+02
7.309788897588016425e+02
7.310874215406998928e+02
7.311638314952605242e+02
7.312733294862990761e+02
7.313957107310212677e+02
7.317044965956445139e+02
7.317755208701094034e+02
7.318103546263512271e+02
7.318974750212646541e+02
7.319033829746084621e+02
7.320931239087226459e+02
7.321037180939368909e+02
7.321368233517376893e+02
7.322777764081541818e+02
7.323535759206491775e+02
7.323952654224846128e+02
7.324487139016895298e+02
7.326093726493484155e+02
7.326439994901425052e+02
7.328137936335252789e+02
7.328214821920385020e+02
7.329464555292673822e+02
7.331031974525694750e+02
7.331199199566469815e+02
7.331668138778603634e+02
7.331818907333482684e+02
7.332840767738724708e+02
7.333479489439980625e+02
7.334320109606161395e+02
7.334502411167491118e+02
7.334700690110018968e+02
7.334736009215196191e+02
7.335059932219726306e+02
7.335743599224090303e+02
7.337369824202640984e+02
7.338285986650336099e+02
7.338762346026433079e+02
7.341312484837986858e+02
7.342371046163402752e+02
7.344589065219329314e+02
7.345213984999497825e+02
7.345463672898009690e+02
7.345508900555674927e+02
7.346588014636927255e+02
7.346695777260553086e+02
7.346996316670750957e+02
7.347629894756637441e+02
7.348322452230763702e+02
7.349087243720970264e+02
7.349238767116800091e+02
7.349636777408467196e+02
7.350436967024166961e+02
7.353354082196274248e+02
7.354437913879587541e+02
7.356570261413612570e+02
7.357767241416786419e+02
7.358513736951273358e+02
7.358691422070504586e+02
7.359606979775477384e+02
7.360420744279613245e+02
7.361189479937361284e+02
7.361750250582939543e+02
7.362377057559635887e+02
7.362716332796654797e+02
7.363326781387429492e+02
7.363510192296430432e+02
7.364873234351448446e+02
7.365044501800688295e+02
7.365118497111300258e+02
7.365596111560967074e+02
7.366490981471082478e+02
7.366970772875885132e+02
7.367240777916031220e+02
7.367921471887524376e+02
7.368276623325980381e+02
7.370527531519868489e+02
7.372660324742806779e+02
7.373241909832199781e+02
7.373573013436706560e+02
7.374686434143965243e+02
7.374717603998894901e+02
7.375254201602785997e+02
7.375595835175879529e+02
7.377706209962683488e+02
7.377716273000417004e+02
7.378386925185269547e+02
7.379511616139720900e+02
7.380064635561520845e+02
7.380139028712242180e+02
7.383132500595582997e+02
7.383740694601436871e+02
7.384534361704930916e+02
7.384759349999437745e+02
7.385309913568594311e+02
7.385777103494332323e+02
7.385841977614805955e+02
7.385935501686706175e+02
7.387449591837932985e+02
7.387678091811906143e+02
7.387858809450456192e+02
7.388444658322163150e+02
7.389664861236952902e+02
7.389718151499587293e+02
7.390434759093182038e+02
7.390540539551290067e+02
7.390571491524015073e+02
7.390616646394412328e+02
7.392113943547146846e+02
7.392218553568615107e+02
7.392257055608473593e+02
7.392737118365304241e+02
7.394285332887039885e+02
7.394538970356386471e+02
7.394995373966687566e+02
7.395029325052129252e+02
7.395526127530358735e+02
7.396244322125764938e+02
7.396949390230431618e+02
7.397286145288998114e+02
7.397602074547111215e+02
7.397696030636735713e+02
7.398076835885743776e+02
7.398164168547575628e+02
7.399376655367941567e+02
7.402201234579790707e+02
7.405125436972458601e+02
7.406794609723557414e+02
7.407559837280853117e+02
7.408565556141971911e+02
7.408845356653336012e+02
7.409675637204047689e+02
7.410182438894840971e+02
7.410730616821304011e+02
7.411912195716781753e+02
7.412188172388057410e+02
7.412507158808465419e+02
7.414661744155654333e+02
7.414709966440275366e+02
7.415263983760961537e+02
7.417296950533543622e+02
7.418082400335700868e+02
7.418741196271030276e+02
7.418980647134571882e+02
7.419331056019636890e+02
7.420923447846764702e+02
7.421606118809902455e+02
7.422208681284909062e+02
7.422296092651330355e+02
7.422309557648516147e+02
7.425072498978333897e+02
7.425466821109208695e+02
7.426237117628134001e+02
7.426306344256325929e+02
7.427264022667071686e+02
7.429511203039485281e+02
7.430225563570811573e+02
7.430337902620669865e+02
7.431064242509048654e+02
7.432275841744262834e+02
7.432710489615618599e+02
7.434476249906432486e+02
7.435347971736789532e+02
7.437260557021480736e+02
7.438074599803763931e+02
7.438191886130298371e+02
7.438500733618360528e+02
7.438688558416246224e+02
7.440684384223961843e+02
7.441875038135273144e+02
7.442815239846405575e+02
7.443113620141624551e+02
7.443283116635984697e+02
7.444460147874275435e+02
7.444995776531503680e+02
7.445209036153089528e+02
7.446007980965080151e+02
7.446042289146453186e+02
7.446371270648572818e+02
7.446898070082258982e+02
7.447031503290360206e+02
7.450512279579719461e+02
7.450707763254132487e+02
7.450824153292743404e+02
7.451013796571496641e+02
7.452235131779161748e+02
7.452697019306261836e+02
7.453391490880151196e+02
7.453409185038403848e+02
7.453438383399804934e+02
7.453930279857966070e+02
7.455343935675929288e+02
7.457148021106893339e+02
7.457223602820536144e+02
7.457867750014030435e+02
7.459904825617063580e+02
7.460313974349149930e+02
7.461788479486567667e+02
7.461908078648085620e+02
7.464190958291894731e+02
7.465350961541631705e+02
7.467714212901333894e+02
7.468654978419599502e+02
7.469031328370195979e+02
7.471350951127872122e+02
7.471619589203112355e+02
7.471956027040913568e+02
7.472961586347838647e+02
7.474169516870235839e+02
7.476378495605240460e+02
7.476569466149525169e+02
7.477902364362017806e+02
7.479020278631520569e+02
7.479075212244359818e+02
7.479483340931310522e+02
7.479760301243645699e+02
7.480062893326737594e+02
7.483455745055636044e+02
7.484313575222168993e+02
7.485367492297423269e+02
7.488497303357612509e+02
7.488891913941806706e+02
7.490240815061712283e+02
7.490715898177361396e+02
7.492413098266597444e+02
7.492579142549972175e+02
7.495037888084937094e+02
7.495243627972506602e+02
7.495572671625250223e+02
7.496748817632668533e+02
7.497165877064084043e+02
7.497946737739977152e+02
7.498436753568155382e+02
7.499566945724586731e+02
7.499782945644935808e+02
7.499833142568818403e+02
7.500130287642379017e+02
7.500666155187235518e+02
7.500819444303606360e+02
7.501184603246905453e+02
7.501610267681340929e+02
7.501659521524287584e+02
7.502389026636750486e+02
7.504186635024283305e+02
7.504323777957990842e+02
7.505082799396127484e+02
7.505993504860479106e+02
7.506446488802258727e+02
7.507452853917266111e+02
7.507893581763617021e+02
7.508478969291270460e+02
7.508485119467471804e+02
7.509465742124391454e+02
7.510368047570392491e+02
7.510400678926694127e+02
7.510783397012286287e+02
7.514004022195678090e+02
7.514459020460641341e+02
7.515039891777072398e+02
7.517045866684699149e+02
7.518098561823167074e+02
7.518825596521786565e+02
7.520157697459034125e+02
7.521822528427338739e+02
7.522331228303082753e+02
7.522868364508990453e+02
7.523274900601793433e+02
7.526110219171739573e+02
7.527105695270146271e+02
7.527178104514158576e+02
7.528834337577685574e+02
7.529380174125087706e+02
7.529439533878515931e+02
7.530104433521573810e+02
7.530554308450290364e+02
7.532305710352322876e+02
7.532495834780469295e+02
7.533955312880906376e+02
7.534635097319436454e+02
7.534681895701886560e+02
7.537656929887480146e+02
7.538255847733022392e+02
7.538542286131485071e+02
7.539070419241633090e+02
7.540696191906672539e+02
7.540999278618136259e+02
7.541177637530978473e+02
7.541292800118043260e+02
7.541587484791224369e+02
7.542849440069537650e+02
7.543381066406087712e+02
7.543596149286507853e+02
7.543747602389261147e+02
7.544084735499968701e+02
7.546428194715433619e+02
7.546778287981896938e+02
7.550472656413348886e+02
7.551026019717843383e+02
7.551190546256455036e+02
7.553038624147455948e+02
7.553552661192842379e+02
7.554583279275708492e+02
7.558014363484135174e+02
7.558057261726391971e+02
7.558142007169931276e+02
7.559204172359272889e+02
7.559480040702297856e+02
7.559649799328343533e+02
7.559683263917360136e+02
7.559701671321541880e+02
7.560942814053057646e+02
7.561063123210730055e+02
7.561588612185345255e+02
7.562364564279981778e+02
7.562830590540627327e+02
7.562853491219510715e+02
7.564128634279446715e+02
7.564137441678531104e+02
7.565333293414884110e+02
7.567198106946270855e+02
7.567670701687039809e+02
7.568309772656393761e+02
7.568849891040847524e+02
7.569260724220949896e+02
7.571080833792210569e+02
7.572950574728613446e+02
7.573291571902335590e+02
7.574087149519309605e+02
7.576267174825063648e+02
7.578993599617767813e+02
7.579586289396049779e+02
7.580088777933545998e+02
7.580361021482870001e+02
7.583020240683655402e+02
7.583148657936122845e+02
7.583871237001700365e+02
7.584147947329252020e+02
7.584420553696056686e+02
7.584853171263143850e+02
7.590452808064413830e+02
7.590499920312735185e+02
7.591219949245470389e+02
7.591291767035892235e+02
7.591431643491930572e+02
7.591914175440709869e+02
7.592509416584558721e+02
7.592758978703113826e+02
7.593076033623760850e+02
7.593151853020966655e+02
7.593452924059529323e+02
7.596284553911706325e+02
7.598697150464619199e+02
7.599036971491888153e+02
7.599741936444494286e+02
7.601744819802491975e+02
7.601749988987210145e+02
7.603136935181265699e+02
7.605606638279834897e+02
7.605686445440356920e+02
7.605833177365125266e+02
7.608531268733693196e+02
7.609173931669407693e+02
7.609185846978332393e+02
7.609434105478517267e+02
7.609932217641500074e+02
7.610916060032036512e+02
7.612016982922231136e+02
7.616505638479311528e+02
7.616788131050475386e+02
7.617432020144134412e+02
7.618067119380295935e+02
7.618500685156594727e+02
7.618655118757601485e+02
7.621815378178999936e+02
7.623414947142239271e+02
7.623989796127585805e+02
7.624760160613097923e+02
7.624975005614979864e+02
7.625629001971279877e+02
7.626618456623760949e+02
7.627221748986916054e+02
7.631083500449608437e+02
7.631871045962096787e+02
7.632257364487741143e+02
7.633489928371255928e+02
7.633645667518237588e+02
7.634050122540023722e+02
7.634405218613818533e+02
7.634876297194343806e+02
7.636144839488567868e+02
7.636696492741390330e+02
7.638013117124369273e+02
7.638729096759781214e+02
7.639077976657298450e+02
7.640461826105406544e+02
7.640688650222616616e+02
7.640900397232029491e+02
7.641485558754071690e+02
7.641737436571983153e+02
7.641745043716890677e+02
7.642615851807570380e+02
7.643212172367459516e+02
7.643703606200657532e+02
7.646545517925579816e+02
7.647251153564043307e+02
7.648910261504319124e+02
7.649035414699109197e+02
7.649737186646137843e+02
7.651424519167269409e+02
7.652153621420543459e+02
7.653208536825839019e+02
7.653596273901187033e+02
7.653677112306004346e+02
7.654187366753612878e+02
7.654605422320253183e+02
7.656286971280468379e+02
7.656520061021303718e+02
7.659356082908392409e+02
7.662000565947303130e+02
7.662237673646154690e+02
7.662594165651609046e+02
7.664476750447759059e+02
7.667309971195007847e+02
7.667798286766163756e+02
7.668120894933153977e+02
7.668743183530781380e+02
7.669713194065319612e+02
7.669979428830283723e+02
7.671090762257017559e+02
7.671134961760673150e+02
7.671177087536350427e+02
7.671583945066189472e+02
7.671947395578995383e+02
7.672263446637527977e+02
7.672826235045566818e+02
7.673148519929442273e+02
7.673326446993978607e+02
7.673635026333399765e+02
7.676705907732415426e+02
7.677147175792780445e+02
7.677637400609387441e+02
7.678353490612873884e+02
7.681765816251715933e+02
7.681996271260971980e+02
7.682949145366396806e+02
7.683998084654974718e+02
7.684777060901673167e+02
7.684854352263673718e+02
7.685795775266212786e+02
7.685850976095069882e+02
7.686606554058668053e+02
7.687727774131305978e+02
7.687925233129155913e+02
7.689460875417290708e+02
7.689486562102285916e+02
7.691033812434563970e+02
7.691547808833061026e+02
7.691752286954879310e+02
7.691871965471228805e+02
7.694425435977485677e+02
7.694488303503756015e+02
7.694673312643629970e+02
7.695029511211052977e+02
7.695836346411801969e+02
7.696492197062091236e+02
7.696604086297990079e+02
7.696889175682009636e+02
7.697116505504101269e+02
7.697316686375401105e+02
7.697757998191074194e+02
7.698772583265290450e+02
7.698976917605169774e+02
7.699357565677189541e+02
7.699770733537484375e+02
7.702894822500289820e+02
7.705472910707279652e+02
7.706814682426376066e+02
7.707045200778053413e+02
7.707103919529450877e+02
7.707421519591561037e+02
7.707680127365813405e+02
7.708267685341596689e+02
7.709520896189310406e+02
7.711149400379974850e+02
7.712702278444947979e+02
7.713073762024521329e+02
7.714042346249530056e+02
7.714354995977129192e+02
7.714407361987044851e+02
7.715415031999788198e+02
7.715423262134537481e+02
7.715861802347820912e+02
7.716194761957630135e+02
7.717179877003748061e+02
7.718391113456357289e+02
7.718693231455620207e+02
7.720084340885531446e+02
7.720374359340090678e+02
7.720867009226149094e+02
7.721948968684999954e+02
7.722932841789573786e+02
7.726575807950293893e+02
7.726788391320626488e+02
7.727693099986224752e+02
7.728477094363299784e+02
7.730532313514919451e+02
7.730674006810123728e+02
7.731835267649552179e+02
7.732535227383762049e+02
7.732802829767960020e+02
7.733338897468992172e+02
7.733677339323037359e+02
7.734398895279034605e+02
7.736230754096134206e+02
7.736932716645972050e+02
7.737765148585244788e+02
7.738374618518463421e+02
7.738418385932191086e+02
7.738639289335327476e+02
7.739203687031830441e+02
7.739513190973893870e+02
7.739680360960427379e+02
7.740264900305908213e+02
7.740589736214662935e+02
7.740838528812996628e+02
7.741358190406341464e+02
7.741477393922970123e+02
7.743667030502931539e+02
7.745352613057327744e+02
7.746377365520872900e+02
7.746470939448510080e+02
7.747717240620252142e+02
7.749092272022098769e+02
7.750308941891128143e+02
7.750409775080290729e+02
7.751270246775278565e+02
7.752768351782086711e+02
7.753486034209591935e+02
7.754352375714577192e+02
7.754863342488544049e+02
7.755490239135573347e+02
7.755519390505077126e+02
7.756368369583150297e+02
7.756439166170636099e+02
7.756914962319685856e+02
7.757203493063698261e+02
7.757860492107482742e+02
7.757979822624137114e+02
7.758960237940741536e+02
7.760280905923347063e+02
7.760429534902164050e+02
7.760521338531264064e+02
7.760652385944355274e+02
7.762399559736325045e+02
7.763025540863080778e+02
7.763550310570002466e+02
7.763644348935997641e+02
7.764518144249587976e+02
7.766205602803502188e+02
7.767673387821899951e+02
7.768493092632703565e+02
7.768558311717847573e+02
7.768657670666718786e+02
7.768699809147395854e+02
7.768947896161930657e+02
7.769069388467349881e+02
7.769320363479142770e+02
7.769725552991787936e+02
7.772112554677546541e+02
7.772898032394965639e+02
7.774399408180842102e+02
7.775431980816322266e+02
7.775531439387149248e+02
7.776641026662372269e+02
7.776909126680527606e+02
7.777758440105877753e+02
7.778105918475063163e+02
7.783158300843148254e+02
7.783413230795653135e+02
7.783685978392444440e+02
7.785910070142670065e+02
7.785930864443738528e+02
7.786925028241440714e+02
7.788001838042785039e+02
7.789510337974836602e+02
7.792565921041095862e+02
7.795660296710876764e+02
7.795716550703299390e+02
7.797154108582215031e+02
7.798020220472335495e+02
7.798888767898362175e+02
7.799003240588029939e+02
7.799878538112036495e+02
7.803249004361132393e+02
7.805272636758742237e+02
7.805754526181698338e+02
7.805788499349611129e+02
7.806163396947237061e+02
7.807622518338537247e+02
7.808630003618526416e+02
7.809142479805930179e+02
7.809189711307491280e+02
7.809653616189212926e+02
7.810181149711127091e+02
7.812380178723536801e+02
7.813234072691959682e+02
7.813545291097501604e+02
7.814166216705785928e+02
7.814223165087944381e+02
7.817219876466429014e+02
7.817591860386241933e+02
7.818133388397923227e+02
7.818499176172313128e+02
7.819455271511129695e+02
7.820359768576511215e+02
7.821406766620525559e+02
7.821666908664722087e+02
7.821983002666486300e+02
7.822094518129073322e+02
7.822982593241406448e+02
7.823016435484034901e+02
7.823775196560929999e+02
7.825473433405300057e+02
7.827319157286359541e+02
7.827815898122021281e+02
7.828328312708521253e+02
7.828395056589504293e+02
7.829320876235140076e+02
7.830755726068625791e+02
7.830989543362586573e+02
7.831445353857483269e+02
7.832966481776888941e+02
7.834713607456418458e+02
7.834945798963464085e+02
7.835612279444852675e+02
7.835790449229633623e+02
7.835879991074021973e+02
7.837897052553097410e+02
7.839328404118292610e+02
7.840517788943622008e+02
7.840559451881188124e+02
7.842106253775289133e+02
7.842586530324490468e+02
7.842935822840619267e+02
7.843594746078246089e+02
7.843674578466735738e+02
7.844852278769261602e+02
7.845580041471196182e+02
7.845752141563367559e+02
7.845925925680052160e+02
7.846095630422151999e+02
7.846144540029001746e+02
7.846883075736250248e+02
7.848412042356953862e+02
7.848426753288133568e+02
7.848468625038759683e+02
7.849177319552686640e+02
7.850603986717533189e+02
7.850933671756057493e+02
7.851292163305541862e+02
7.852048162002290610e+02
7.852315244121347177e+02
7.852337718101611017e+02
7.853445124899508301e+02
7.854263928114296505e+02
7.854988346603795435e+02
7.856116323384361522e+02
7.857053523899724041e+02
7.857245626565791099e+02
7.857607799244713078e+02
7.857720133354292784e+02
7.857836048127996946e+02
7.858775728212318654e+02
7.860405864280747892e+02
7.863147227527473433e+02
7.863972056670824031e+02
7.864141610922918062e+02
7.864234659646084538e+02
7.865631201342638406e+02
7.866351654818956831e+02
7.867154222383270508e+02
7.868421552193815387e+02
7.869434016362816919e+02
7.870932792918958967e+02
7.870981006030025355e+02
7.872128027499438758e+02
7.873713711878688173e+02
7.873994596436709799e+02
7.874847008476497194e+02
7.875161270079686346e+02
7.877802434250187389e+02
7.877830763339211444e+02
7.878553269556155101e+02
7.878705041083162541e+02
7.879743007493673304e+02
7.879904217165960745e+02
7.880127867638161661e+02
7.880696160726910193e+02
7.882748797510691929e+02
7.882947043163114813e+02
7.883076847613666587e+02
7.884262566127605396e+02
7.884841221972191079e+02
7.886864538252488046e+02
7.886996658224331895e+02
7.887861870469803307e+02
7.888082796239036725e+02
7.888224883049310847e+02
7.889183390587129452e+02
7.889933911939360769e+02
7.891105406159963422e+02
7.891413977084830549e+02
7.891909106990572127e+02
7.892342429424859347e+02
7.895793074212853071e+02
7.896081126613635206e+02
7.896372208508116728e+02
7.896737045804749187e+02
7.897429942918536199e+02
7.897672262810543771e+02
7.899729363574474519e+02
7.899986711871439411e+02
7.901871373651212025e+02
7.901962397960456883e+02
7.902853023563556008e+02
7.904832190298750447e+02
7.904986210308251202e+02
7.907863118171815131e+02
7.908365695891998257e+02
7.910793620334435445e+02
7.911734908643135213e+02
7.912034029038417202e+02
7.912207885351645018e+02
7.912509572860292337e+02
7.912590932879782031e+02
7.912720375104622690e+02
7.912812501968288643e+02
7.913270681278947905e+02
7.914593656808068545e+02
7.914720684282393677e+02
7.914837042990034206e+02
7.915696394455778773e+02
7.915879418175727551e+02
7.915965008610803579e+02
7.916117125172862643e+02
7.918261703426824170e+02
7.919697541461704304e+02
7.920061754563304248e+02
7.920950581840040741e+02
7.921592768348133404e+02
7.922534841470171614e+02
7.923491355360897614e+02
7.924317052471493525e+02
7.924574872774976484e+02
7.924608029067784400e+02
7.925114704061462589e+02
7.926961510591009983e+02
7.927663845246844403e+02
7.929152279948424393e+02
7.933137634741722195e+02
7.933286524479460695e+02
7.934267302650837337e+02
7.935202101680971509e+02
7.938460266556668330e+02
7.941994081592204111e+02
7.942961186438568575e+02
7.943193856853698662e+02
7.944529059393955777e+02
7.944623393830401028e+02
7.945887820039243934e+02
7.947896259325605115e+02
7.948298439547971839e+02
7.949128415183446350e+02
7.949597056314028123e+02
7.950076919201381997e+02
7.950386586990009619e+02
7.951583278137853767e+02
7.953876307157244128e+02
7.956231310491343720e+02
7.956391399506793505e+02
7.958122560205924856e+02
7.959236929418871114e+02
7.959479823125352596e+02
7.959537869105381560e+02
7.959797844964767819e+02
7.961825167961220586e+02
7.962660901629600403e+02
7.963724851157560352e+02
7.963972571410801038e+02
7.965031557161750015e+02
7.965055327569078827e+02
7.965447425831332566e+02
7.966268689009594937e+02
7.966400303314587745e+02
7.967843324765610760e+02
7.968066591731837889e+02
7.968946892499425303e+02
7.969379830216423670e+02
7.970135203813458702e+02
7.970229931616497652e+02
7.970244146162041261e+02
7.972246744150837685e+02
7.972508580847448911e+02
7.973936085520081178e+02
7.980051919325810559e+02
7.980249865738855988e+02
7.980506629995260255e+02
7.981412676974199485e+02
7.984217100482558180e+02
7.986279376131158187e+02
7.986861805149159181e+02
7.988182874655944943e+02
7.988304448324217901e+02
7.991464028631035035e+02
7.994242442674812992e+02
7.994391444762629817e+02
7.994687987409216703e+02
7.994775931367501016e+02
7.995040153361170496e+02
7.996450636090601165e+02
7.996846738358964330e+02
7.996923863904514747e+02
7.997272941528874526e+02
8.000592689937963087e+02
8.001420521180318701e+02
8.001868962786400061e+02
8.002020769273744918e+02
8.005588608225796179e+02
8.007021546813327859e+02
8.007297011799806796e+02
8.007357548934747911e+02
8.007406125600756468e+02
8.007513011583432672e+02
8.008237455087695480e+02
8.010438912458839695e+02
8.011011125088375593e+02
8.012553760328714816e+02
8.013045748625282840e+02
8.014073250225848142e+02
8.015170161517773977e+02
8.015329425323475334e+02
8.015702916158677453e+02
8.016548070474094629e+02
8.016609170486232188e+02
8.016983084274888824e+02
8.017620823200762743e+02
8.022270173711168582e+02
8.022806397843404511e+02
8.024217337869683888e+02
8.024688798142102542e+02
8.026015091832638291e+02
8.026769169281187715e+02
8.028583164022941219e+02
8.029024190327837687e+02
8.029796782078071828e+02
8.030625367713719243e+02
8.031075555343260248e+02
8.031205429931858362e+02
8.031287288086284661e+02
8.031301298157151223e+02
8.033024451383070073e+02
8.033249292463049187e+02
8.033447318656601510e+02
8.034557268887726877e+02
8.034878674035068116e+02
8.035466432565365267e+02
8.035614221921753142e+02
8.038291337739824485e+02
8.039881103255901280e+02
8.041542398837972314e+02
8.041977548351117093e+02
8.043175051236819399e+02
8.043304501432671714e+02
8.043311715066847682e+02
8.043328527640081802e+02
8.044064647502134449e+02
8.044571059455259956e+02
8.045179261963298813e+02
8.045185504570791863e+02
8.045643312937236260e+02
8.046698387890274944e+02
8.047185588126521907e+02
8.048283576932491314e+02
8.048504654601941866e+02
8.049902493212657646e+02
8.050642309194270183e+02
8.050839549818433625e+02
8.051064658956743187e+02
8.051888778391798951e+02
8.053365113034301430e+02
8.053812793984003520e+02
8.054061803158014072e+02
8.055743047678491848e+02
8.056665087496303386e+02
8.057160389257107909e+02
8.057718085708644367e+02
8.057908484326105736e+02
8.058729857540578223e+02
8.059100127709828030e+02
8.063630520407880340e+02
8.064175753277597778e+02
8.064730177846129209e+02
8.065425485595727650e+02
8.067497134980941382e+02
8.068841748981533328e+02
8.069341660470574880e+02
8.070398602932307313e+02
8.071133984852841650e+02
8.071698982043985779e+02
8.071876968797942027e+02
8.072396553975871711e+02
8.072631655925162022e+02
8.074684363161935607e+02
8.075024846641218801e+02
8.077559904768897923e+02
8.078194525121006109e+02
8.079026554292011042e+02
8.079679005607156341e+02
8.079794464262254223e+02
8.080187229631960690e+02
8.080274239799722409e+02
8.081087063299927422e+02
8.081580538140107137e+02
8.082834713309919152e+02
8.083042267244964023e+02
8.083192103910480455e+02
8.083626633433379993e+02
8.085802993620441157e+02
8.086835768578265515e+02
8.087288162808285961e+02
8.087895081377128008e+02
8.087968390949048398e+02
8.091444910801367314e+02
8.092359772889121814e+02
8.092639804578082021e+02
8.093374326741679852e+02
8.093470953720152465e+02
8.096284789051380812e+02
8.096444881806260128e+02
8.097315057004536811e+02
8.097549756711292730e+02
8.098603335074390088e+02
8.099853154061407849e+02
8.100785720317428513e+02
8.101580064222314377e+02
8.103438378367825408e+02
8.103506620048217428e+02
8.103841489899516546e+02
8.104079324328571374e+02
8.107766001671941467e+02
8.108177082055808569e+02
8.109276296311635406e+02
8.110238221749089007e+02
8.110436855322159317e+02
8.110664454382812210e+02
8.110939695863186216e+02
8.111380983538855389e+02
8.111603481511356222e+02
8.111620020795263599e+02
8.113382702815486027e+02
8.116191023274991494e+02
8.116539271319542195e+02
8.116883651065556933e+02
8.116889581964895797e+02
8.117839763624261877e+02
8.119294335423990105e+02
8.119426449286073648e+02
8.119571412838469087e+02
8.120872283051218119e+02
8.121670508193180922e+02
8.121708756473351514e+02
8.122520680803423829e+02
8.122828594463933314e+02
8.123211939415181178e+02
8.124435696835855651e+02
8.125823751358177560e+02
8.126249934840298010e+02
8.128700229108450230e+02
8.129134941816482751e+02
8.130366350787115834e+02
8.130917526355793825e+02
8.132816032948168186e+02
8.134802178686398975e+02
8.134878408709919313e+02
8.137175584009803515e+02
8.138630609194927956e+02
8.139936366532062948e+02
8.140123269344791197e+02
8.141486075373376252e+02
8.143067746435492609e+02
8.143352158362491764e+02
8.145887147778752251e+02
8.145929769521173966e+02
8.146065112999766598e+02
8.146707849808971105e+02
8.147422460216132549e+02
8.148285843840100142e+02
8.148300106135737906e+02
8.150990179042248656e+02
8.151028189638067261e+02
8.151156847682419766e+02
8.151168609055873731e+02
8.151865851272974623e+02
8.154109334655846624e+02
8.155023048083453432e+02
8.156464441591938339e+02
8.156475583414767243e+02
8.157126349663284373e+02
8.157639163968131015e+02
8.158215068298425194e+02
8.158277529380228543e+02
8.159238689163756817e+02
8.159821696532021633e+02
8.161029032673011443e+02
8.161582493402678438e+02
8.161717319825341974e+02
8.162588031786281135e+02
8.162745705831613350e+02
8.164461382749981340e+02
8.165252741908665257e+02
8.165395267079486530e+02
8.168127854726701571e+02
8.168736662789381171e+02
8.168799739601472538e+02
8.169621180419981101e+02
8.169864477423110429e+02
8.171221208940214638e+02
8.172640185149959962e+02
8.175857459411740820e+02
8.176438203787052998e+02
8.176943945760122006e+02
8.178110857699030021e+02
8.178229279317522469e+02
8.178889009873456644e+02
8.179547512877164763e+02
8.179625622761411705e+02
8.180076670667357348e+02
8.181676055647873227e+02
8.183291896788098256e+02
8.183378991650777152e+02
8.183458244294322412e+02
8.183712206193874863e+02
8.185443516019862500e+02
8.185558517241328218e+02
8.186619312455236468e+02
8.186708192861879070e+02
8.187521422710389061e+02
8.187888223593786279e+02
8.189184464818920333e+02
8.189406272383143914e+02
8.190255802850791724e+02
8.190479779555345203e+02
8.191521926515159748e+02
8.193246027640116154e+02
8.193359021569026481e+02
8.195037663924566687e+02
8.195787961003602504e+02
8.195901249583369008e+02
8.196366095963389853e+02
8.196512244355776602e+02
8.197516521944753549e+02
8.198701864723951758e+02
8.198795049660408267e+02
8.199382968747488576e+02
8.200787447731449902e+02
8.203080300206714810e+02
8.203680762792623682e+02
8.206181873123661035e+02
8.206821206981185242e+02
8.207238865056064014e+02
8.208809875076010485e+02
8.209375883554603206e+02
8.209907945532301028e+02
8.210469576753458796e+02
8.212032837692996736e+02
8.213519040521298393e+02
8.213949631816507235e+02
8.214287477565819700e+02
8.214851754362883867e+02
8.215560453232500322e+02
8.215787329361562570e+02
8.217103713610393925e+02
8.217659106683581740e+02
8.217997885018415900e+02
8.218092025237071994e+02
8.218319457298094903e+02
8.220804005691065868e+02
8.221107328089381099e+02
8.221261458232369250e+02
8.221775985587942159e+02
8.222081695505945618e+02
8.222111522353819737e+02
8.222436771129010822e+02
8.223091355052542895e+02
8.223759955240740283e+02
8.224127392590522732e+02
8.224621513346392021e+02
8.227427609562214457e+02
8.227822416454040422e+02
8.228071342921366522e+02
8.228303850573875025e+02
8.228813896472139504e+02
8.230001495614968690e+02
8.230193709728694103e+02
8.231223251519508040e+02
8.231241065423918144e+02
8.231693473067646210e+02
8.232939728918481705e+02
8.233284393518794104e+02
8.233975652051307179e+02
8.234166807920005340e+02
8.235295789445311812e+02
8.235340535472649890e+02
8.236935715691654423e+02
8.237119792001614087e+02
8.238848656463246698e+02
8.239210891168861508e+02
8.240279721247478619e+02
8.240600157798581904e+02
8.242569758857088118e+02
8.242682595645192123e+02
8.242846468504349104e+02
8.243412554917362058e+02
8.243483797276311407e+02
8.243665573413155698e+02
8.246064107179522580e+02
8.249189369682379720e+02
8.249582720173104917e+02
8.251722446282984720e+02
8.252378340121368865e+02
8.252640305138519352e+02
8.253650305704009043e+02
8.254546626442252091e+02
8.258314391480394079e+02
8.258571015745769728e+02
8.259500118327110840e+02
8.259544639856351296e+02
8.259645172275768346e+02
8.259648444002347105e+02
8.265919446865707414e+02
8.267270173126860300e+02
8.268557809424984271e+02
8.269151801936694710e+02
8.269449110921071906e+02
8.269585783779614303e+02
8.269864965387134816e+02
8.270257931047945021e+02
8.271434480007292223e+02
8.272080974855743989e+02
8.272148183317605117e+02
8.272163344577401176e+02
8.272253307235324655e+02
8.272693705882811628e+02
8.274948661026028276e+02
8.275794045878955103e+02
8.277142886996523430e+02
8.277666271308203250e+02
8.278040349434854761e+02
8.278135964514439138e+02
8.279875075944057699e+02
8.281148905659439379e+02
8.281302292986492830e+02
8.281900604618240322e+02
8.282457446552051579e+02
8.283275007738149043e+02
8.285710206267624471e+02
8.286432670042157724e+02
8.287080171058958058e+02
8.287123198793609617e+02
8.287177343174198541e+02
8.287350218855892763e+02
8.287377726892890450e+02
8.288511104619734624e+02
8.289581880384317856e+02
8.289703753383021194e+02
8.291210728440800040e+02
8.291350866332865053e+02
8.291649496137636106e+02
8.291888095193958179e+02
8.292276182062779526e+02
8.292521115263999718e+02
8.293080523313185495e+02
8.293516564099477364e+02
8.297108419393237000e+02
8.297156378640693219e+02
8.297284180804219886e+02
8.297329407764674443e+02
8.298148636897460619e+02
8.298195346233385408e+02
8.299704157714896837e+02
8.300301919485093549e+02
8.300925816160296336e+02
8.301612992006461127e+02
8.301769084029887154e+02
8.301952634521501295e+02
8.302272571821879410e+02
8.303022707265935196e+02
8.303219266789354833e+02
8.303322328075779524e+02
8.306247712843514819e+02
8.306266235355894878e+02
8.307618749285214790e+02
8.308911528300163809e+02
8.309205447471144907e+02
8.309326906176255534e+02
8.309458063959410765e+02
8.310454270599692563e+02
8.311312168834891736e+02
8.312584407671265581e+02
8.314894647276256592e+02
8.315875830351475315e+02
8.316017019430888695e+02
8.316249500176762695e+02
8.317788156129306572e+02
8.317983859741019614e+02
8.318046598529516586e+02
8.319059070636127444e+02
8.319488274890924231e+02
8.321593466079676773e+02
8.322468925383624310e+02
8.322547901384166380e+02
8.325009365580453959e+02
8.325258663369739907e+02
8.325601414068504482e+02
8.326030247480391608e+02
8.326074066529204174e+02
8.326645901693657379e+02
8.326755577953898637e+02
8.327182614740573854e+02
8.327542510985795161e+02
8.328777595178488582e+02
8.330132109733758625e+02
8.330270894873449379e+02
8.330651374942949587e+02
8.331040851736509012e+02
8.331177668114462449e+02
8.332512447431171267e+02
8.333536082640633822e+02
8.333712076376916684e+02
8.334092781068912927e+02
8.334185973931067792e+02
8.335010488053994777e+02
8.335118316048320821e+02
8.338671654989395847e+02
8.339936015729504106e+02
8.340348255282164018e+02
8.341068327941372900e+02
8.343087467053921955e+02
8.343760516181860112e+02
8.343920319666914338e+02
8.344316941852606533e+02
8.345860635691594780e+02
8.346721821597211601e+02
8.347598399879502722e+02
8.349278453911048246e+02
8.351148505612952704e+02
8.353251121568948747e+02
8.353334166328844503e+02
8.353988782018632264e+02
8.355112978075030696e+02
8.356291638768436769e+02
8.357069325264548070e+02
8.357221380572464113e+02
8.358551899858431398e+02
8.359613036003914885e+02
8.359688097058177618e+02
8.360207485704950159e+02
8.360366763325351940e+02
8.360709846720136511e+02
8.360725052180684997e+02
8.361151198477048183e+02
8.361816393664608995e+02
8.362621798822256096e+02
8.363529405854147853e+02
8.365037461462526380e+02
8.365239679317470518e+02
8.365346663523266670e+02
8.366936180746504306e+02
8.367078121689928594e+02
8.370144228743116628e+02
8.371684705890216947e+02
8.372263790832728318e+02
8.375585246032488840e+02
8.375670621040702599e+02
8.375971507892003274e+02
8.376818783884040158e+02
8.377177778453232122e+02
8.379374675891775723e+02
8.379431241380949587e+02
8.380095575972437700e+02
8.380840336973938065e+02
8.381721709724646416e+02
8.381967764491477055e+02
8.382345637592958383e+02
8.383892182158817832e+02
8.384072883750187657e+02
8.385534300489293855e+02
8.386223495396502585e+02
8.387420389378166874e+02
8.388462382348517394e+02
8.388656196747311924e+02
8.389357207411485433e+02
8.391042922599386884e+02
8.391514454702270314e+02
8.394346890599399558e+02
8.394848451089002310e+02
8.394976840471852029e+02
8.395387982136031724e+02
8.397913293420460832e+02
8.398234336794938599e+02
8.399922417851927321e+02
8.401698034999062656e+02
8.402057259930548980e+02
8.402129700618501147e+02
8.403204182176057202e+02
8.403515230363110504e+02
8.404788152012571345e+02
8.405275294153368577e+02
8.405828716202364603e+02
8.407082607787899633e+02
8.407484153545193521e+02
8.407972002455480833e+02
8.408365260951831033e+02
8.408746780068835278e+02
8.409368809449400715e+02
8.410747503093600699e+02
8.411121714688686097e+02
8.411740775267987829e+02
8.412666499495849166e+02
8.412928118793961403e+02
8.413199009980105529e+02
8.415456716499536469e+02
8.416528107753711083e+02
8.417245461513955433e+02
8.418114902446893666e+02
8.418139683484025682e+02
8.418941853692411996e+02
8.419535477100996559e+02
8.420193066156632540e+02
8.420564222187509813e+02
8.420635042984464462e+02
8.420814086370231735e+02
8.423323035179556655e+02
8.423760894376117676e+02
8.424284760690353551e+02
8.424329885507548852e+02
8.424361793861801289e+02
8.425414251980641893e+02
8.426057914738634054e+02
8.426650175172178479e+02
8.426882305625728122e+02
8.428020234532618815e+02
8.428173740556356961e+02
8.428349274282339820e+02
8.428863862487075949e+02
8.429144916118094670e+02
8.429381837025756568e+02
8.430245426304878720e+02
8.431122594972209754e+02
8.432572772892730200e+02
8.433023426403186704e+02
8.433086670994402994e+02
8.433353125865073707e+02
8.436613372700560376e+02
8.437369189903591860e+02
8.438399996705745707e+02
8.438406150899053273e+02
8.439014682637639453e+02
8.439046558460407823e+02
8.439748376349042474e+02
8.441861218838816967e+02
8.444740555286565495e+02
8.445388664436629824e+02
8.445899387118648747e+02
8.448316664574130073e+02
8.449249716056533543e+02
8.449305633584096995e+02
8.449828004977866840e+02
8.450056971053197685e+02
8.450585728666331988e+02
8.451092248757972811e+02
8.451819432361882036e+02
8.452187143764163011e+02
8.452336685616138539e+02
8.452920530496231777e+02
8.454398156322876048e+02
8.455307056750159518e+02
8.455651261388665034e+02
8.457935800606079511e+02
8.459963117285217322e+02
8.460158865504038204e+02
8.460192378417631289e+02
8.461319144961233860e+02
8.462784142830493010e+02
8.465648972824836846e+02
8.467487130067914904e+02
8.468251820523636297e+02
8.468881098815724044e+02
8.468904628782710233e+02
8.469140657040494489e+02
8.469653551183054105e+02
8.470478731943958337e+02
8.471157693729859375e+02
8.472288746907900077e+02
8.472562230584777581e+02
8.473255814173029421e+02
8.473332706897781463e+02
8.473777594292255344e+02
8.474933375875559705e+02
8.475918554288955420e+02
8.479811556342442600e+02
8.480082872472797817e+02
8.480657482739793522e+02
8.480990630187402530e+02
8.481474710241581079e+02
8.483095178547703199e+02
8.484055740976630204e+02
8.485839754786160256e+02
8.486029373199626207e+02
8.487751386274935612e+02
8.487802738388170383e+02
8.489631589631702582e+02
8.489964169717154618e+02
8.490278948572846502e+02
8.490876966405539861e+02
8.493231116837420132e+02
8.493271917347095723e+02
8.493633768254746883e+02
8.495252036615543147e+02
8.495672262681830489e+02
8.495857337872039352e+02
8.496318194002640212e+02
8.496724053828779688e+02
8.498782397609953705e+02
8.499978405035908509e+02
8.500564597527253454e+02
8.504276444229689105e+02
8.504798117076966264e+02
8.504848119169145093e+02
8.505101605196861101e+02
8.505578960197044580e+02
8.505721187544173745e+02
8.508178007028218417e+02
8.509391397468540390e+02
8.509651703462141086e+02
8.510396338732094819e+02
8.511461467629200115e+02
8.513823931507662337e+02
8.515602252472940563e+02
8.516205588147242906e+02
8.517447348276704133e+02
8.518135570702887662e+02
8.518806016090643425e+02
8.518907579510621417e+02
8.519019939859940678e+02
8.519648298833130866e+02
8.519909259193309481e+02
8.519926976969306907e+02
8.520996274844206937e+02
8.521023796511393584e+02
8.521777589847968102e+02
8.522423237933039672e+02
8.525313078055460210e+02
8.525864796105114465e+02
8.525919557836200511e+02
8.526588112660016350e+02
8.528120992748680465e+02
8.532921097448440833e+02
8.533390031747246667e+02
8.533711783334367738e+02
8.535687978940865150e+02
8.535864858691703603e+02
8.536661214217325551e+02
8.537094876973808368e+02
8.537129835385542265e+02
8.537485352064717290e+02
8.537742181850619545e+02
8.538707725712621368e+02
8.541184250856123299e+02
8.541444283548398744e+02
8.542834680710283237e+02
8.542882140029166749e+02
8.543525850319751953e+02
8.543586818931564721e+02
8.545852319371185786e+02
8.547063933113282701e+02
8.547957931525097592e+02
8.549405167122109788e+02
8.550274134468736520e+02
8.553167447836743804e+02
8.554210461539688595e+02
8.556365232891063215e+02
8.556971909333533404e+02
8.557075661857636533e+02
8.557701622601585996e+02
8.557814684319444041e+02
8.558562766273117859e+02
8.559111709893387570e+02
8.559923696943054665e+02
8.559932111770212941e+02
8.560112707498695954e+02
8.560676004708569735e+02
8.563180883511313368e+02
8.563584111712997355e+02
8.564044356467597936e+02
8.565089523394683511e+02
8.565861038281713036e+02
8.566156989988493251e+02
8.566597837839834710e+02
8.566802435109145790e+02
8.569620790196240705e+02
8.569737449785835679e+02
8.570124912493414513e+02
8.570146728045699547e+02
8.570355682517008518e+02
8.571619242156252767e+02
8.571806420216063316e+02
8.571875962321985298e+02
8.572412058985518115e+02
8.572420408369109737e+02
8.572494221433631765e+02
8.573867815772780432e+02
8.575097901125078579e+02
8.577153516574095420e+02
8.578759920979705385e+02
8.579717760551187666e+02
8.579762553845920365e+02
8.581035187642333995e+02
8.582591546940809621e+02
8.583928929557384890e+02
8.584520805128879601e+02
8.584741755549632671e+02
8.586297139971924253e+02
8.587379540000567886e+02
8.590671894062675165e+02
8.590812926254367312e+02
8.591026051374395820e+02
8.591224385596857474e+02
8.592535065270911900e+02
8.592707490395434888e+02
8.592764978350704723e+02
8.598218038726732857e+02
8.598238980685162005e+02
8.599741722395649504e+02
8.600120645854194663e+02
8.601656253690732683e+02
8.602330277467007136e+02
8.604262804048778435e+02
8.606434721979494498e+02
8.606442338498242179e+02
8.606507677861945922e+02
8.606747811606088590e+02
8.607669970170628631e+02
8.609496378247060875e+02
8.610009777120059198e+02
8.610788008172580703e+02
8.610962067098105308e+02
8.612324221808290758e+02
8.615175255345981213e+02
8.615435916441235804e+02
8.616004959990226553e+02
8.616080003116195485e+02
8.616762520057993697e+02
8.617344794738908149e+02
8.617474790525812978e+02
8.617961053013432320e+02
8.618299905310143458e+02
8.618914730969906941e+02
8.619648943232361944e+02
8.619656053125474955e+02
8.620848817092662557e+02
8.621889086144237808e+02
8.622269217927452019e+02
8.622314541709293962e+02
8.623486393174729301e+02
8.626073887207729740e+02
8.626302750819436369e+02
8.626628466832748927e+02
8.626797726539580253e+02
8.627514586625160291e+02
8.627654779100656697e+02
8.628021743894554447e+02
8.629016798415115090e+02
8.629701168568919911e+02
8.630108263566296500e+02
8.630562561579639578e+02
8.631250719544080994e+02
8.631255621204863928e+02
8.631323757214071293e+02
8.633099426195265096e+02
8.633166991875068561e+02
8.634189419020425476e+02
8.636294590528339086e+02
8.636557630218194390e+02
8.636943310070548705e+02
8.637644530780943342e+02
8.639423370224270684e+02
8.641794775045955248e+02
8.642915937747889075e+02
8.642991440258604143e+02
8.643913192540921955e+02
8.644353315588808755e+02
8.644883483745846888e+02
8.644925481466452766e+02
8.645102175778905575e+02
8.646404756190703438e+02
8.646908973614646357e+02
8.647208183946936515e+02
8.647611966680400428e+02
8.649217707347635269e+02
8.650369622701915659e+02
8.650634529004037176e+02
8.650738694483540030e+02
8.650980652753147524e+02
8.653093343812197418e+02
8.653819419385870333e+02
8.654454798414711831e+02
8.655210894358530140e+02
8.655590686782476268e+02
8.656962036576894661e+02
8.657579402469880279e+02
8.657682856318461972e+02
8.657798013047718086e+02
8.658439449757671582e+02
8.660737634575436914e+02
8.661044866491456560e+02
8.662742114468270529e+02
8.663945721621503253e+02
8.664183029600754935e+02
8.664213877534267567e+02
8.664303390152418842e+02
8.665389865816380279e+02
8.665575474823925788e+02
8.665962187183334891e+02
8.666542646600016724e+02
8.667619886652371406e+02
8.667720029161343973e+02
8.668154606656216856e+02
8.668707714955793335e+02
8.669356321933238405e+02
8.670777765353149107e+02
8.670934726642127544e+02
8.672309212006272219e+02
8.673292971680267556e+02
8.673969338180149862e+02
8.674971338410209682e+02
8.675413887160062814e+02
8.675538021619514666e+02
8.676451281335721433e+02
8.677071073695841505e+02
8.677921003769702111e+02
8.678264743671119277e+02
8.680242845472535009e+02
8.680980515183233592e+02
8.681054907836585244e+02
8.681552808406340773e+02
8.682729514539815909e+02
8.684046624986416418e+02
8.684615291030210074e+02
8.686491452469125534e+02
8.686751054063227002e+02
8.687191594061862361e+02
8.689098803828968585e+02
8.690987000378170251e+02
8.691951540346700540e+02
8.693583921542074222e+02
8.693661391149571500e+02
8.695330093889538148e+02
8.695652239326102517e+02
8.695815921213655884e+02
8.696043927902455835e+02
8.696494953504766272e+02
8.696736014068319491e+02
8.697058095330547758e+02
8.697178929414519644e+02
8.697471619449347600e+02
8.698179365633889120e+02
8.698665310783123914e+02
8.699020100412449210e+02
8.700163602606597806e+02
8.702030022545200154e+02
8.703208211558657013e+02
8.703544435022423613e+02
8.704681357144072535e+02
8.704818733205521539e+02
8.704935089570270748e+02
8.705288487745530119e+02
8.706662413533850895e+02
8.706898100937214622e+02
8.706952553004201718e+02
8.707070243823735609e+02
8.708701234064202481e+02
8.709538342399732755e+02
8.709781641920668562e+02
8.710456930248915342e+02
8.711081835298347187e+02
8.711969731437284281e+02
8.712190992301785855e+02
8.713856048912765573e+02
8.714164506389802227e+02
8.715151673482604338e+02
8.715165220201851071e+02
8.715553771906467091e+02
8.715914952632363111e+02
8.716568396356601625e+02
8.716631327395458584e+02
8.717932388673124251e+02
8.718137072234015932e+02
8.719078922264475295e+02
8.720433613012901333e+02
8.721121325918096545e+02
8.722246722901119256e+02
8.723150303060623401e+02
8.723516408636161259e+02
8.724895359879275247e+02
8.725186304860144446e+02
8.725891967189338629e+02
8.727032011116720014e+02
8.727428972117451167e+02
8.727729502538901443e+02
8.728241982355511936e+02
8.729661605715111818e+02
8.731876724874872480e+02
8.732533092543042130e+02
8.733435702005584744e+02
8.735382259617578029e+02
8.735468715624408560e+02
8.735688772179407806e+02
8.736717179220829621e+02
8.738163696234170175e+02
8.739784624288042778e+02
8.740231563168737239e+02
8.740309551135684387e+02
8.740789438364214448e+02
8.741008037724840278e+02
8.741294851790080429e+02
8.742527838318425211e+02
8.742593281257268245e+02
8.744058138740067534e+02
8.744523170351396857e+02
8.745278585900431381e+02
8.745356859724597598e+02
8.745699794751120635e+02
8.745778113145324824e+02
8.748493307597231023e+02
8.749865325685443622e+02
8.750378247590487035e+02
8.750589156515422928e+02
8.752847388557155455e+02
8.753199475514271626e+02
8.753345747195014610e+02
8.754035912469689720e+02
8.756434560916349028e+02
8.756437758953723005e+02
8.756664402764564556e+02
8.758987625340350860e+02
8.759143991030925918e+02
8.759244145031493645e+02
8.759947816323730194e+02
8.761597291755794004e+02
8.762137611600323908e+02
8.766483244102977324e+02
8.767430618426712954e+02
8.767494753377483221e+02
8.771609875856057670e+02
8.772046600861029901e+02
8.772328966345689878e+02
8.773009109757300621e+02
8.773311482806137747e+02
8.773386837295873875e+02
8.773388028432651708e+02
8.773885594888818105e+02
8.775396567829291143e+02
8.776104375137383613e+02
8.782054428791767577e+02
8.782336144457143519e+02
8.782610424708126402e+02
8.782755470683117665e+02
8.782904806292541480e+02
8.783184584412365439e+02
8.784496471125673906e+02
8.786464701546043443e+02
8.789541678492239498e+02
8.789761964134528398e+02
8.791537910218162324e+02
8.791869474057881462e+02
8.791969249510715372e+02
8.793669593328781957e+02
8.794512003044221728e+02
8.794662004149146242e+02
8.795130189917907728e+02
8.795412386040646879e+02
8.796524736410767673e+02
8.797028126160531656e+02
8.800807825329430898e+02
8.800854742435973321e+02
8.801220182961718592e+02
8.801768172401473294e+02
8.802351034077161103e+02
8.802667453692860136e+02
8.803756223175640798e+02
8.805487406653918470e+02
8.807814315289680280e+02
8.809177010865087141e+02
8.810761173754185620e+02
8.811427607262661468e+02
8.812884322103616341e+02
8.813185733018898418e+02
8.813609310882212640e+02
8.813926921772665537e+02
8.814451889128627045e+02
8.814732125559565930e+02
8.817448788758872524e+02
8.817761451135723973e+02
8.817847442916724958e+02
8.818471004103440691e+02
8.818519999161064788e+02
8.818617619412553950e+02
8.818824018438544954e+02
8.819344247424191963e+02
8.819817446286363065e+02
8.821157361626441116e+02
8.822278240896918078e+02
8.822741308026595561e+02
8.823079659338487772e+02
8.823396728466103696e+02
8.824636060584693951e+02
8.824680624882622624e+02
8.824691378679530089e+02
8.826014215681612995e+02
8.826554593791361185e+02
8.826671489944277482e+02
8.826895339529872899e+02
8.829141744735893553e+02
8.830777218876941106e+02
8.831808163397303133e+02
8.832356675846369853e+02
8.832968878866121258e+02
8.836051136380897333e+02
8.838863357876082318e+02
8.839065369837275057e+02
8.840454171235527383e+02
8.840637256910666792e+02
8.840837432084911143e+02
8.841776847873999259e+02
8.842209510973835904e+02
8.844444152659556266e+02
8.844521838549326276e+02
8.845118895464108846e+02
8.847208409189819349e+02
8.849162235650053390e+02
8.849304093992691378e+02
8.849684687881734817e+02
8.850489083373337280e+02
8.850633777766018966e+02
8.853502704843319862e+02
8.855554504250559376e+02
8.855706722441826741e+02
8.855814345157194794e+02
8.855888743276098012e+02
8.857890229213693374e+02
8.858069566637141179e+02
8.858518185225937032e+02
8.859014644186269152e+02
8.859776162014380816e+02
8.859838194011820178e+02
8.860052497355045489e+02
8.862286481693887481e+02
8.864278510322845932e+02
8.865545186645947524e+02
8.865561513245969536e+02
8.865891529918126253e+02
8.866715488671762841e+02
8.866983693688110861e+02
8.868986496891282059e+02
8.869823846869887802e+02
8.869886032729150429e+02
8.871883497054257077e+02
8.874520618120329800e+02
8.874588033281514754e+02
8.875221414124906687e+02
8.875522657998163822e+02
8.875938459173312367e+02
8.876103480577645541e+02
8.876822581275473567e+02
8.879463909768954863e+02
8.880046669219422029e+02
8.880118798103591189e+02
8.880925121049773452e+02
8.881271665525968046e+02
8.882886184357286083e+02
8.883361484408142132e+02
8.883540011808723875e+02
8.883716750917070613e+02
8.884937015272492999e+02
8.885194252399977586e+02
8.886409018249240717e+02
8.886601126500756891e+02
8.886924581096560587e+02
8.887446580409440458e+02
8.889836701982062550e+02
8.892073623413035648e+02
8.892266765497155347e+02
8.892636355679860571e+02
8.892771199494197845e+02
8.893365632359165147e+02
8.893880020291937853e+02
8.895805200089528171e+02
8.898021314144086773e+02
8.898424486039596104e+02
8.898988451126441532e+02
8.900876483285027234e+02
8.902246110189556703e+02
8.902249162699547469e+02
8.902570621098744823e+02
8.903027113516814097e+02
8.903244610491190087e+02
8.903430117336608873e+02
8.903462214709762748e+02
8.904321427775017810e+02
8.904575180395070220e+02
8.904619986283217941e+02
8.904838850787762112e+02
8.906188062255307614e+02
8.907777310149081131e+02
8.908327177271180517e+02
8.908775490033222013e+02
8.911950560488147630e+02
8.912137101842323545e+02
8.912339209634935742e+02
8.912626812634791804e+02
8.912784860283738908e+02
8.913182371196556915e+02
8.915196752882956162e+02
8.915992932745649568e+02
8.916435380605228147e+02
8.918705667395197452e+02
8.918747065730431132e+02
8.918943792386201039e+02
8.919639170809153939e+02
8.920435794443123996e+02
8.920469428751500800e+02
8.920899347992179855e+02
8.921772187823839886e+02
8.922770156062388196e+02
8.923617237406467666e+02
8.923939313319082203e+02
8.924021135359298569e+02
8.924485356878544735e+02
8.924600216386899092e+02
8.927057966626980487e+02
8.927595202067359423e+02
8.927913235364090951e+02
8.929124680745646856e+02
8.929698891378412782e+02
8.930008152205721217e+02
8.931400770328923500e+02
8.933082895994014052e+02
8.934014412728811294e+02
8.934054498598660530e+02
8.934750711086392130e+02
8.935951494642323496e+02
8.936073798700347197e+02
8.936290165329987758e+02
8.938074561402713698e+02
8.938091500503550151e+02
8.939255886209327855e+02
8.939790905506223453e+02
8.940284226633707476e+02
8.940290161494248196e+02
8.941716378863193313e+02
8.942088056819270605e+02
8.942736552312644562e+02
8.943679080901628140e+02
8.944689728151568033e+02
8.947292321934262418e+02
8.947923886617887774e+02
8.948349185216161459e+02
8.950909761588588935e+02
8.951766036804475561e+02
8.952061066871664252e+02
8.952173738719731091e+02
8.953714301987773752e+02
8.954089053387801869e+02
8.954989213512797050e+02
8.955519563407789292e+02
8.955704402299523963e+02
8.956471499106207830e+02
8.956523667720346111e+02
8.956968096083960518e+02
8.957627273993749668e+02
8.958104594259079931e+02
8.959255425190185633e+02
8.960721945678969860e+02
8.961951191760498432e+02
8.961984180298561569e+02
8.962164039726945930e+02
8.962805023786802394e+02
8.965080552045815239e+02
8.966581841937488662e+02
8.968122299391962997e+02
8.968423356569162479e+02
8.968890982223603032e+02
8.969421158170580384e+02
8.969563849174786583e+02
8.969590149990964392e+02
8.972036510787631869e+02
8.972265989869507621e+02
8.972494631216189873e+02
8.972567182262083634e+02
8.974765654140378501e+02
8.975488049845961314e+02
8.976404486076949070e+02
8.978425837649625691e+02
8.978779227078472331e+02
8.979588859180452118e+02
8.979621836020317005e+02
8.979794123033229880e+02
8.981276883108906759e+02
8.982489985725973156e+02
8.982849795860407767e+02
8.983243883225511581e+02
8.983879394850932840e+02
8.983879595712376158e+02
8.984109658605523236e+02
8.984304230786895005e+02
8.984544502627613838e+02
8.985910679202527263e+02
8.986184055196290501e+02
8.986361222673514249e+02
8.986945981560457994e+02
8.988618706559714155e+02
8.988848885185238942e+02
8.988917045045956229e+02
8.989284282731176745e+02
8.990431737311607776e+02
8.991098440160443488e+02
8.992512724023041528e+02
8.995186666645369087e+02
8.996497839367470988e+02
8.997269375963871880e+02
8.997835974502331737e+02
8.997870052804045145e+02
9.001332965697293957e+02
9.001736020977735961e+02
9.001873640810731558e+02
9.002789256529788418e+02
9.003067988056041031e+02
9.003802449615262731e+02
9.004538904513085527e+02
9.005030657032431236e+02
9.006537834014396822e+02
9.006794367319865842e+02
9.007290495560841919e+02
9.007933432412097545e+02
9.008841372278607196e+02
9.010118327743654163e+02
9.010536834686135990e+02
9.011402327173706226e+02
9.011538358803916253e+02
9.013786545615365640e+02
9.014189030256918613e+02
9.015278665571776173e+02
9.015295791247306170e+02
9.015487165073905089e+02
9.016043532033799011e+02
9.017798370188860417e+02
9.018422703076448670e+02
9.020637212654446557e+02
9.021188258470839401e+02
9.021750113073371722e+02
9.021856401133837835e+02
9.023208741231642307e+02
9.023445111331024009e+02
9.025360709227358029e+02
9.027374997397886318e+02
9.029766796917957663e+02
9.030378838147988745e+02
9.031320832609062563e+02
9.032577002930186154e+02
9.032694027077053534e+02
9.033459599233002564e+02
9.033488682465313104e+02
9.034062258429420353e+02
9.034202452173883557e+02
9.034370803716136606e+02
9.034749308042030407e+02
9.035221311222290979e+02
9.036034617518671439e+02
9.036099070690584085e+02
9.036682869104049587e+02
9.036850916981096589e+02
9.037561965030961346e+02
9.038407354781554659e+02
9.039085295963606086e+02
9.040202412058914661e+02
9.040543149404754786e+02
9.041750335612383651e+02
9.042222823336522879e+02
9.042774495113462763e+02
9.043644840346584033e+02
9.043660281171913766e+02
9.044544697674385816e+02
9.045347920714918928e+02
9.045656955828261516e+02
9.045731705546284047e+02
9.045811154858891996e+02
9.047950204769041420e+02
9.048924255526842444e+02
9.049037536586507713e+02
9.049405186684465434e+02
9.050153247196477651e+02
9.051657647780656362e+02
9.051694850073769203e+02
9.051919863856682014e+02
9.053757360195330648e+02
9.053765033372225162e+02
9.053952445006291327e+02
9.056614755876350955e+02
9.057406730450127270e+02
9.057659535659161065e+02
9.057717319436704884e+02
9.057741149725214882e+02
9.057975066345095456e+02
9.059752335228137099e+02
9.060200423940514156e+02
9.061262221431604758e+02
9.063349319871941816e+02
9.063786250700055689e+02
9.063963166764532389e+02
9.064569819113205540e+02
9.066558883078091640e+02
9.067918510347149095e+02
9.067975257577809316e+02
9.068958188384463028e+02
9.069665182283257536e+02
9.071648639466699251e+02
9.071757520422105472e+02
9.072393893042111586e+02
9.074157056355907116e+02
9.074596783905412849e+02
9.075144925759949501e+02
9.075205814233192996e+02
9.075477421823086388e+02
9.075804348460552546e+02
9.078223224224341266e+02
9.078500070569062927e+02
9.079014900738980032e+02
9.079942086785778201e+02
9.080089550139056200e+02
9.080644877688635006e+02
9.081762769602935350e+02
9.083443034702122532e+02
9.084263195510235391e+02
9.085184694338878444e+02
9.085297193751609939e+02
9.087726061113597780e+02
9.087844582082531133e+02
9.089086417348968325e+02
9.089342779772840686e+02
9.091602742248106779e+02
9.092663426568107070e+02
9.093831482205869179e+02
9.094037528787348492e+02
9.094525246964822145e+02
9.095326785106910847e+02
9.096551419501233795e+02
9.096642894107610573e+02
9.099376085123483335e+02
9.101217154310188562e+02
9.101479811293618241e+02
9.102921687880165109e+02
9.103530424072125697e+02
9.104046704975290822e+02
9.104361297191014728e+02
9.105086138349040539e+02
9.106176907289969904e+02
9.106617919946921802e+02
9.107444706786679944e+02
9.108446111086817609e+02
9.109480902913396676e+02
9.109525373759980766e+02
9.111162301334115909e+02
9.111673098631790708e+02
9.111926744806550005e+02
9.112157379194418354e+02
9.112707162279765498e+02
9.114522893754141251e+02
9.114919038883667781e+02
9.116073370508278231e+02
9.116158230512305636e+02
9.116696873687913012e+02
9.120688399791745269e+02
9.121914717520412523e+02
9.122111710462156680e+02
9.122691739038534706e+02
9.122913475175615758e+02
9.123352549198760926e+02
9.124614640641802907e+02
9.125843820211632647e+02
9.126059570845466169e+02
9.128187832188747279e+02
9.128936066922054806e+02
9.129334328336260569e+02
9.129915183214978924e+02
9.130689391480648283e+02
9.131373334640443318e+02
9.131928601582982310e+02
9.132514486396576103e+02
9.132676223701039362e+02
9.134072239836021936e+02
9.134722542263392597e+02
9.134839628978921837e+02
9.136050550448406966e+02
9.138296215511204537e+02
9.140748941133969083e+02
9.141132672399730836e+02
9.141254025310012139e+02
9.141862892484782606e+02
9.141962450685224439e+02
9.144227375623996750e+02
9.144396397202424396e+02
9.144639211121148037e+02
9.145074167894705397e+02
9.145476795271617902e+02
9.146796047124206552e+02
9.147303870951290037e+02
9.147459917302372787e+02
9.147718997276855362e+02
9.148311949030953656e+02
9.148444889043853436e+02
9.149233108126347815e+02
9.149928215352472307e+02
9.150973400469060834e+02
9.153286623751617981e+02
9.155314386581908366e+02
9.157747863705584450e+02
9.157981747795568026e+02
9.158099300204631845e+02
9.158399244099518910e+02
9.160278082788854590e+02
9.163259301457852644e+02
9.164893720346054806e+02
9.164990848452582668e+02
9.167445491438796807e+02
9.167904269524689198e+02
9.167912064443373765e+02
9.168398816271919713e+02
9.168438119701139613e+02
9.169092282024927272e+02
9.169436721169004159e+02
9.169971204812443375e+02
9.170762680555369570e+02
9.172455214517683544e+02
9.173358896377698102e+02
9.173833269331510110e+02
9.175259623396852930e+02
9.177226310899442296e+02
9.177332611435513172e+02
9.177965231254647733e+02
9.178244223250771938e+02
9.178284393745288980e+02
9.179204617361414194e+02
9.180859702856489548e+02
9.181007881950123419e+02
9.182402478655867526e+02
9.184002493978537132e+02
9.186050306040640407e+02
9.186307199983407372e+02
9.188259631902337787e+02
9.188581829898504338e+02
9.189251593919889274e+02
9.189294783600669234e+02
9.189332177758265061e+02
9.190394093981209380e+02
9.190883969503966000e+02
9.191130725586492645e+02
9.191306751961975579e+02
9.192230520043360684e+02
9.192230854730581768e+02
9.193596968308656869e+02
9.193665773555228498e+02
9.193842908351194865e+02
9.194249696212528988e+02
9.194802457982625583e+02
9.195167872474153228e+02
9.195490131083372489e+02
9.198258386133184104e+02
9.199113426888625327e+02
9.199133186782728444e+02
9.199601876430302809e+02
9.201334802382014004e+02
9.201633766862846642e+02
9.201716542053376315e+02
9.202900216039550969e+02
9.203676415603498526e+02
9.204380329850916951e+02
9.204426217516474935e+02
9.204552386934882406e+02
9.205364316576341253e+02
9.205558459484257128e+02
9.206142893360969310e+02
9.206798891580243662e+02
9.207076714136105693e+02
9.209547315165989403e+02
9.211087400127299816e+02
9.212155298978385645e+02
9.212222968480855343e+02
9.212316464272400935e+02
9.212882141853965550e+02
9.213028144331606200e+02
9.216218854949253227e+02
9.216362682708278271e+02
9.216919675883168566e+02
9.217296965112088856e+02
9.218146922040003801e+02
9.218262051293548893e+02
9.218730946467894682e+02
9.218998593847535403e+02
9.220821127460262687e+02
9.220855654374865935e+02
9.222897524639910216e+02
9.224388963280490543e+02
9.224683305402835458e+02
9.225981035074055399e+02
9.226007460977294841e+02
9.228846779111626120e+02
9.229469949027288749e+02
9.229771093313378287e+02
9.230146369596736804e+02
9.230203630373601982e+02
9.233988755171945968e+02
9.234022159096318774e+02
9.234908777171247038e+02
9.235396040549520649e+02
9.237874614060797285e+02
9.238109916199591680e+02
9.238742809967517360e+02
9.239291533246373547e+02
9.240302844544643222e+02
9.240361539080348621e+02
9.240541047368192267e+02
9.240742311822773445e+02
9.241858967106928731e+02
9.242033682322254435e+02
9.242743785323348220e+02
9.242945770497356079e+02
9.244593926770041890e+02
9.246969355838821230e+02
9.247578384553743263e+02
9.247940335694941041e+02
9.248162542808599937e+02
9.248205095138800971e+02
9.248465643607707989e+02
9.249350642091993677e+02
9.249986265380931627e+02
9.252388882857770795e+02
9.252809416383021244e+02
9.253795852785542593e+02
9.254355867358940486e+02
9.254954718476543576e+02
9.255214440559174136e+02
9.255720173201403895e+02
9.256250473615426699e+02
9.257272443074881494e+02
9.259625888630224608e+02
9.259958776180784525e+02
9.259994706831034819e+02
9.260566177455110619e+02
9.261221406350847474e+02
9.261375116756657917e+02
9.262565995166092989e+02
9.266061820255214343e+02
9.268490660258083835e+02
9.268673604113987494e+02
9.270408897190043263e+02
9.271424784612861458e+02
9.271928830716234415e+02
9.272577045650347145e+02
9.274155760676109139e+02
9.274700915676431805e+02
9.275090198614163910e+02
9.275656642402914258e+02
9.276377834749551994e+02
9.276552487232970634e+02
9.278478907104138216e+02
9.279413433374784290e+02
9.280249372078371835e+02
9.280336706181346926e+02
9.281109023183039426e+02
9.281216461207574184e+02
9.281284767073802868e+02
9.281909198233180405e+02
9.282338764058720244e+02
9.283079347843065534e+02
9.283157228079894594e+02
9.283627098978872709e+02
9.283787193477907067e+02
9.287412639001590833e+02
9.288098970746605119e+02
9.289068094734292345e+02
9.289396146780353547e+02
9.289479090017796352e+02
9.292582702647481483e+02
9.292863731961750773e+02
9.293323160846642850e+02
9.294197688684080276e+02
9.294218528177627832e+02
9.295603608163071385e+02
9.296244539498890163e+02
9.296516231997604791e+02
9.296569221573568029e+02
9.296716998342996021e+02
9.298595429548078073e+02
9.299560795750030593e+02
9.299800421619379449e+02
9.299856964524010436e+02
9.300834606051220135e+02
9.301542593691392540e+02
9.301974582589215288e+02
9.302351204233578983e+02
9.302554858746599393e+02
9.303477763169381660e+02
9.306418660799641884e+02
9.306579693494082903e+02
9.307337283609587075e+02
9.307797257732289609e+02
9.308290453187013327e+02
9.308534809124274716e+02
9.309987926057841605e+02
9.310541330074722737e+02
9.311194630376282930e+02
9.311497546611459484e+02
9.311664762294990396e+02
9.311739617852317679e+02
9.312783101295329971e+02
9.312965140834830891e+02
9.313941329242396705e+02
9.314353757273214569e+02
9.314801647902997956e+02
9.315329420887343304e+02
9.315711424862216745e+02
9.315799799542728579e+02
9.316108574721910145e+02
9.317016786253743703e+02
9.317930093745135309e+02
9.318211082513300880e+02
9.318724729352189797e+02
9.318903884310705052e+02
9.319100712172163412e+02
9.319120142859694624e+02
9.321012283386996842e+02
9.321209464425821807e+02
9.321424603696498252e+02
9.321697895908466762e+02
9.321811468632218975e+02
9.322661140127369208e+02
9.322726236875192853e+02
9.322846323663849262e+02
9.323708784036341513e+02
9.324054618506951329e+02
9.325080304187779348e+02
9.325759591488156275e+02
9.326006043740630957e+02
9.326882869157058167e+02
9.326985875704866658e+02
9.327626505341868324e+02
9.328105454299762869e+02
9.328365289365482340e+02
9.329137250772450898e+02
9.330846027615112916e+02
9.336526633252051397e+02
9.337306540285770780e+02
9.337738790008036176e+02
9.337951422934223729e+02
9.338199080074945186e+02
9.338743145822742235e+02
9.339124582205827210e+02
9.341167293532022313e+02
9.341550071453910959e+02
9.341939669842786316e+02
9.342342797292105843e+02
9.343852528784327660e+02
9.344729259626094517e+02
9.345522889160494060e+02
9.345861789477016828e+02
9.347281141334964332e+02
9.347313740613400341e+02
9.349019050448354164e+02
9.349618198560802966e+02
9.350041459887986548e+02
9.350614374663181252e+02
9.351531759169549787e+02
9.351542465506786357e+02
9.353252657180370306e+02
9.353745929153052430e+02
9.354095946071748813e+02
9.354219933511607223e+02
9.354702320396634150e+02
9.355273836759369033e+02
9.355704605086932588e+02
9.356650651602227526e+02
9.357105880027701232e+02
9.359818345436748359e+02
9.360580417233131811e+02
9.361953370992991950e+02
9.362049879637685308e+02
9.362471814030894848e+02
9.362814106200841024e+02
9.363516412072257253e+02
9.365161494047769111e+02
9.365229474842159334e+02
9.365292260785946610e+02
9.366874961023879678e+02
9.367074408157900507e+02
9.367995151263304479e+02
9.368647488975673241e+02
9.370138426069922843e+02
9.370249786910779903e+02
9.370365630772245140e+02
9.371043777081434882e+02
9.373481950441392883e+02
9.373928733441319991e+02
9.374258670041925825e+02
9.375036299586258792e+02
9.377257707285632478e+02
9.378769009313026572e+02
9.383269044678993396e+02
9.383288067305182949e+02
9.383387859290529605e+02
9.384171396591289067e+02
9.385603068264308604e+02
9.385882913707796433e+02
9.386110746492825001e+02
9.387399371077656269e+02
9.387447732495049877e+02
9.387831945840830485e+02
9.388419307213548564e+02
9.389104118303484938e+02
9.390190966120013627e+02
9.390556187621937170e+02
9.391346617014917229e+02
9.392080268516092474e+02
9.392741288620087516e+02
9.393593784145435848e+02
9.393844084983988978e+02
9.393917791160242814e+02
9.394023629550584928e+02
9.394235590828643581e+02
9.394813543436962391e+02
9.396343003845638577e+02
9.397349914899289161e+02
9.398646656233456724e+02
9.399006893736412849e+02
9.399439070482990246e+02
9.399856029224687290e+02
9.400033559460339347e+02
9.400086201593043143e+02
9.400831064086349897e+02
9.404605860003342741e+02
9.404757957688239003e+02
9.404797799109796870e+02
9.406057800173263104e+02
9.406300413539469218e+02
9.407775300015555331e+02
9.408789618252908440e+02
9.411216904772596763e+02
9.411655084896436847e+02
9.412558935025674600e+02
9.413079949301663873e+02
9.413909819813541162e+02
9.414407409817486041e+02
9.414581604709744624e+02
9.415172494776549001e+02
9.415799173755639231e+02
9.417185769102806034e+02
9.418294096030740548e+02
9.419202449484408817e+02
9.419302738485904456e+02
9.420365379435689874e+02
9.420943510835344341e+02
9.422814557206922927e+02
9.424917987724379600e+02
9.424965267782346245e+02
9.426397241965065632e+02
9.426429263894074211e+02
9.426810557947266034e+02
9.427461842345647938e+02
9.427595414901813911e+02
9.428738462617111509e+02
9.428745454117384952e+02
9.428899323373742618e+02
9.429623823026769287e+02
9.430668089276082355e+02
9.432738609211154426e+02
9.433757329967247642e+02
9.434685720750907194e+02
9.435103586083574783e+02
9.435104657126164511e+02
9.435211335762601266e+02
9.435848636065674100e+02
9.436785577586745148e+02
9.437235858682139451e+02
9.438329068136357591e+02
9.438943948555440784e+02
9.439008174670824474e+02
9.439185852448530341e+02
9.440712994414434434e+02
9.441788550203299337e+02
9.443664825789766155e+02
9.443769043592935759e+02
9.447625439419285840e+02
9.447821249102933052e+02
9.447831123943574312e+02
9.452798712024772385e+02
9.453073709264722311e+02
9.453992608351128411e+02
9.454154619303863001e+02
9.454877990003927835e+02
9.456831133000739555e+02
9.457152740449904513e+02
9.458077267570913591e+02
9.458250714414965614e+02
9.459067617580284377e+02
9.459409410580537951e+02
9.459607121368504750e+02
9.459920193048191095e+02
9.460084391886064168e+02
9.462019335322761435e+02
9.462441125370969530e+02
9.462675631653087294e+02
9.463171420276590879e+02
9.463493463003610486e+02
9.464630310409630738e+02
9.467587036672855447e+02
9.468067297771392532e+02
9.469711899156638992e+02
9.470407228569914651e+02
9.470549785166027732e+02
9.471527446705496232e+02
9.472127766493298395e+02
9.473004063619403041e+02
9.474841094652156244e+02
9.475324923665106098e+02
9.477253616343621161e+02
9.478411094681360964e+02
9.478969938721622839e+02
9.479740254297086040e+02
9.480068507543747955e+02
9.483493765300106588e+02
9.484410988541038705e+02
9.484448352859894840e+02
9.484777893112271840e+02
9.485591513513389827e+02
9.485639832033131142e+02
9.485659977069108209e+02
9.486158211297104117e+02
9.486495295332688329e+02
9.486975949417117135e+02
9.487229908867299173e+02
9.487379896853663013e+02
9.488353583043659683e+02
9.488955851779033992e+02
9.489141965390665518e+02
9.489462847789086481e+02
9.490209528956440863e+02
9.490272004555837384e+02
9.490404943681044188e+02
9.490468332592394063e+02
9.491862501494307480e+02
9.493025816519063937e+02
9.494192178749292452e+02
9.495242118143554535e+02
9.496164453146916458e+02
9.496704585110974222e+02
9.497561251434002543e+02
9.497593848713618172e+02
9.498403386392700440e+02
9.499657159036722760e+02
9.500235379168635745e+02
9.500604053507853450e+02
9.500874833890367199e+02
9.501732721531643620e+02
9.502716271681232456e+02
9.504422681466483027e+02
9.504771896633731103e+02
9.505995802043619278e+02
9.506682524316976242e+02
9.508469344987166778e+02
9.509094660234635512e+02
9.509702196458644039e+02
9.510420912067937707e+02
9.511573878338575696e+02
9.514360213863440094e+02
9.514423888543233261e+02
9.514469651223711253e+02
9.516780813261432286e+02
9.517409778255372430e+02
9.518204994977207889e+02
9.518753826756350236e+02
9.518835775053655652e+02
9.520053611081445979e+02
9.521199656173066614e+02
9.521510935602429981e+02
9.521815625695486460e+02
9.523331609272629521e+02
9.523394199769572879e+02
9.525168796249664638e+02
9.525415966256340425e+02
9.526165053439207213e+02
9.528455704478091093e+02
9.529400358015906249e+02
9.529846332371654398e+02
9.530821067002726750e+02
9.531172369876326229e+02
9.531442956162201199e+02
9.536200271423457480e+02
9.537358155000218858e+02
9.538220529170498594e+02
9.538586324272414458e+02
9.538628332894555797e+02
9.538654624031566982e+02
9.539327826374831147e+02
9.540524178123264392e+02
9.541166551078504199e+02
9.542697801279122132e+02
9.542726132920679447e+02
9.543106877311599874e+02
9.543332368568060247e+02
9.543826444411919283e+02
9.543889052099075343e+02
9.546457368564474564e+02
9.546667904967936238e+02
9.548797071715594029e+02
9.549259521514704829e+02
9.552788915163516776e+02
9.553461887863642232e+02
9.555687912401143649e+02
9.555692381855939175e+02
9.556841777092892016e+02
9.558786415954396034e+02
9.558911830971389918e+02
9.558996051925389565e+02
9.559456587110755663e+02
9.561717626506186889e+02
9.562369068563799601e+02
9.562993756393817648e+02
9.563120534050219703e+02
9.563121192235987564e+02
9.564505749568061219e+02
9.564582123659499757e+02
9.565419383408182057e+02
9.567469884968660381e+02
9.567664899425989233e+02
9.568576932355588269e+02
9.568645239037250576e+02
9.569416674816558270e+02
9.569565878979667559e+02
9.570675570883139471e+02
9.570974267120927834e+02
9.571493005108652596e+02
9.572255395191456273e+02
9.572411949346494566e+02
9.573539776742047707e+02
9.573840155067669002e+02
9.574744996872998399e+02
9.574888589777983725e+02
9.575859530840599518e+02
9.575973848805735997e+02
9.576435519992380705e+02
9.576672156458164409e+02
9.577822003446741519e+02
9.578075219185981268e+02
9.579854117361928729e+02
9.581707417967555784e+02
9.581889672184250912e+02
9.582682604586701700e+02
9.582759109364575352e+02
9.583173125479038390e+02
9.584214287729653279e+02
9.585111883367757173e+02
9.585928576164840251e+02
9.586205275569682271e+02
9.586600988318581358e+02
9.586691521134724780e+02
9.587749422655102762e+02
9.588333551969576547e+02
9.589361574426936841e+02
9.589600136451971366e+02
9.589926978685610948e+02
9.590265969510563764e+02
9.590287702463836013e+02
9.590635289456984083e+02
9.591990371794561270e+02
9.593886978890496948e+02
9.594495532394282691e+02
9.595002107769253143e+02
9.595028199178765362e+02
9.596789578263174008e+02
9.596800491252799929e+02
9.599213731578095121e+02
9.599773572382764542e+02
9.601289950109820666e+02
9.601302296800084832e+02
9.601737746271322749e+02
9.602135815440116176e+02
9.602259610669188987e+02
9.602539695142070286e+02
9.603067851004514068e+02
9.603717233091498429e+02
9.603717591649384531e+02
9.605098740023496475e+02
9.605188617673157978e+02
9.605321630434754070e+02
9.605474535429254956e+02
9.605493812368031286e+02
9.605559466229203736e+02
9.607706471285329144e+02
9.607895797733187919e+02
9.607957051686654495e+02
9.608013631142771374e+02
9.608649150565995569e+02
9.609613176176750358e+02
9.609761673694986257e+02
9.609772239301014451e+02
9.609898454695604642e+02
9.609927542467968351e+02
9.609982112367956688e+02
9.610264496492370654e+02
9.610395125871312985e+02
9.610757905149956741e+02
9.610904080796955213e+02
9.612315283833112289e+02
9.613497216127317415e+02
9.613915501055705590e+02
9.614134307218218964e+02
9.614374250880063073e+02
9.614639639451809217e+02
9.615289843350637966e+02
9.615590254071449863e+02
9.616561766043298576e+02
9.618003814857410134e+02
9.618208510876652326e+02
9.618619790959535294e+02
9.618669732363971434e+02
9.618781597380456105e+02
9.619048359502361336e+02
9.619163823082377576e+02
9.620209825105810069e+02
9.620295982752865029e+02
9.620600074121176704e+02
9.621065394777076563e+02
9.621654001645565586e+02
9.621895500991602148e+02
9.622912158237446647e+02
9.623332192607151683e+02
9.623621662566066561e+02
9.623656466578921709e+02
9.623968920712751469e+02
9.624828368118429580e+02
9.625305028365573889e+02
9.626197407742521364e+02
9.626538028579714137e+02
9.626601071997314421e+02
9.626607938858893476e+02
9.626788581311873259e+02
9.627387229667259589e+02
9.628168172743553441e+02
9.628343485692180366e+02
9.628685731983001688e+02
9.628959061075109958e+02
9.629223320680135885e+02
9.629354879617897041e+02
9.629428185678975751e+02
9.629537692075199402e+02
9.629566153148103922e+02
9.629676558000171553e+02
9.629681179743835173e+02
9.630174614675089515e+02
9.630364787851708570e+02
9.632173434106749710e+02
9.632281094378976150e+02
9.632493287297457982e+02
9.632714747092181824e+02
9.632718990798413188e+02
9.633632812489743174e+02
9.633649071224108411e+02
9.635057277455599660e+02
9.636170433818094807e+02
9.636553854270066495e+02
9.636946042252768621e+02
9.637476379687093413e+02
9.637721115653049537e+02
9.638242074212250827e+02
9.638264974933737221e+02
9.638292756462353736e+02
9.638598291659669712e+02
9.638997126018361996e+02
9.640090940778611639e+02
9.640146217004904656e+02
9.641011026209990860e+02
9.641128917337960047e+02
9.641379424006103136e+02
9.641569763257164141e+02
9.641825305479846975e+02
9.641906856499037985e+02
9.642257012970148935e+02
9.643065855356981046e+02
9.643357136136111194e+02
9.643694410319887993e+02
9.644638879047464570e+02
9.645251065647473752e+02
9.645588183621241569e+02
9.645737181592377283e+02
9.646818274777102715e+02
9.647248490443125775e+02
9.647373457311990705e+02
9.647530210138465918e+02
9.648342823816918781e+02
9.648365398636479995e+02
9.650785350648749272e+02
9.650855183838056064e+02
9.651650169463243856e+02
9.651901247219573179e+02
9.652240096959388893e+02
9.653302946841699850e+02
9.653569236429289049e+02
9.653954784037563286e+02
9.653980062221822891e+02
9.653981237338574601e+02
9.654121623586567011e+02
9.654692252641928008e+02
9.654756888534101336e+02
9.654817273381571567e+02
9.655081904490657507e+02
9.655603735116666257e+02
9.656226257518254670e+02
9.656324539168057299e+02
9.656366006189663267e+02
9.657776031159730792e+02
9.657927034167464626e+02
9.658886875468059543e+02
9.659882559484233298e+02
9.660622911659219199e+02
9.660715374294970843e+02
9.661577802771388406e+02
9.662311014185980866e+02
9.662765079977831419e+02
9.662970722509829784e+02
9.663122972938648445e+02
9.663187964194231654e+02
9.663544391308682862e+02
9.663984444094733135e+02
9.664207071498886990e+02
9.664529592093298334e+02
9.664755488880847452e+02
9.665267713762544872e+02
9.666425342324073426e+02
9.666514857969133345e+02
9.666755013299389248e+02
9.666830930001752904e+02
9.667321269661089218e+02
9.667973849034818841e+02
9.669317331561035189e+02
9.669480800823031359e+02
9.670980783491855846e+02
9.671013459676271395e+02
9.671475386635880795e+02
9.671504801509814797e+02
9.672625895583123565e+02
9.673003203785737014e+02
9.673556548724242248e+02
9.674447177901691930e+02
9.674528620118943536e+02
9.674548298092299774e+02
9.675603789567454669e+02
9.675792909051108381e+02
9.675861953594355782e+02
9.676177943170704339e+02
9.676633975602049986e+02
9.676649705767313208e+02
9.676810425624731806e+02
9.676827100549579654e+02
9.677099753349544926e+02
9.678227127369877962e+02
9.680254278256494445e+02
9.680761019983837059e+02
9.680849172446644388e+02
9.682030602219078901e+02
9.682393693486480970e+02
9.682477163307420369e+02
9.683750937477434491e+02
9.684459250452866854e+02
9.685117085039909171e+02
9.685734611629876554e+02
9.685846395838840408e+02
9.685964894558552487e+02
9.686547740373514443e+02
9.686671793360453648e+02
9.686960518027423177e+02
9.687722152322679676e+02
9.688488280858597363e+02
9.688790173434339295e+02
9.689575738824966038e+02
9.690487741113397533e+02
9.691019521651812738e+02
9.691149182903471910e+02
9.691309293648829453e+02
9.691498345937673093e+02
9.691560450064891938e+02
9.691719974257841841e+02
9.691837531228746911e+02
9.692141317667237672e+02
9.693336684668541920e+02
9.693391860207316313e+02
9.694028821709889598e+02
9.694610050042340390e+02
9.694660377068048547e+02
9.695939583086129687e+02
9.696359794760685418e+02
9.696585857379785693e+02
9.697292255781183030e+02
9.697441031393140065e+02
9.698032316202584298e+02
9.698052576809741367e+02
9.698967021072792249e+02
9.699264279465834306e+02
9.699770532884028853e+02
9.699895557668181709e+02
9.700460723265366596e+02
9.701200455289040292e+02
9.701520934959778515e+02
9.702001744993422108e+02
9.702306447661595712e+02
9.703429036926952449e+02
9.703773484225280299e+02
9.704695459363238115e+02
9.705503569942270587e+02
9.705767814311143411e+02
9.705898551561062959e+02
9.706159058680804037e+02
9.707034033704223930e+02
9.707163181130390512e+02
9.707534808399465192e+02
9.708355006372034950e+02
9.708573079992096382e+02
9.709086984013256370e+02
9.709227921214122716e+02
9.709285783480057717e+02
9.710076656491129370e+02
9.710128764090026152e+02
9.710287066519811106e+02
9.711252954747764079e+02
9.711465637622483200e+02
9.713272437340854140e+02
9.715221850937396084e+02
9.715378026894023833e+02
9.715398947641796212e+02
9.716009444875988947e+02
9.716309261002206767e+02
9.716362359681708085e+02
9.716977043996184875e+02
9.716992879590256962e+02
9.718013747079286304e+02
9.718088375723943955e+02
9.718156464242141510e+02
9.718253057807887672e+02
9.719865836336375651e+02
9.720456566009215749e+02
9.721264725615054658e+02
9.721518171455768424e+02
9.721723143563572194e+02
9.721856746149368291e+02
9.722184332875799555e+02
9.722585622790001025e+02
9.723085153135006067e+02
9.723233762505469713e+02
9.724718347414506070e+02
9.724811366741755592e+02
9.726496989586077007e+02
9.726504473376055557e+02
9.726832520179011681e+02
9.727035278612322600e+02
9.727333400850643557e+02
9.727756159249830716e+02
9.728042145674545509e+02
9.728310086510373367e+02
9.728969822140086308e+02
9.729548806311233875e+02
9.730444499926600201e+02
9.730588313617734002e+02
9.731058513778084489e+02
9.731498486893749487e+02
9.731729296580226674e+02
9.732062118564737148e+02
9.732250398627895720e+02
9.732326883548485057e+02
9.732447156351428248e+02
9.732502909167452572e+02
9.733077445672097383e+02
9.733617921344415436e+02
9.735121888265643975e+02
9.735775959749728372e+02
9.735802684315235638e+02
9.736880824761718713e+02
9.737873527804880496e+02
9.738166410448208126e+02
9.738607189730223581e+02
9.740473675050044449e+02
9.740853643822413233e+02
9.742032279725231092e+02
9.742075624761979498e+02
9.742181635001267068e+02
9.742472218760299256e+02
9.742911664223488515e+02
9.743758693530525079e+02
9.745981160353691166e+02
9.746227368003382026e+02
9.746251656305843198e+02
9.747059312631566854e+02
9.747522964102569176e+02
9.747633625993411215e+02
9.747975054602176215e+02
9.748653054062033334e+02
9.749388788038663733e+02
9.749734980186477742e+02
9.749917056265234123e+02
9.751736959635661606e+02
9.752281334098078105e+02
9.752543659067937369e+02
9.752708232888423936e+02
9.753364946292986133e+02
9.753503603260629689e+02
9.753597799226158713e+02
9.753975133835648421e+02
9.754146370111781152e+02
9.754642018899278355e+02
9.754704765747163719e+02
9.755236785829724795e+02
9.755403332375507262e+02
9.755403453857480827e+02
9.755471327098213123e+02
9.756827472019824654e+02
9.757837510105629235e+02
9.757970541524334749e+02
9.758723918798136765e+02
9.759192895122723712e+02
9.760961484634426597e+02
9.761195372219108322e+02
9.761767376792132609e+02
9.761800198743349029e+02
9.762052494083108058e+02
9.763712086161772277e+02
9.764099244036648315e+02
9.764268998109148470e+02
9.764333068774933508e+02
9.764940970598689773e+02
9.765458586628809599e+02
9.765692740134351197e+02
9.767200109532295755e+02
9.767211336035143177e+02
9.767392340501363606e+02
9.768661934194852847e+02
9.768855453731085845e+02
9.769000798916747499e+02
9.769382820286464266e+02
9.770250893034951787e+02
9.770305324556616142e+02
9.771737858258758251e+02
9.772530408699263944e+02
9.772630397101341941e+02
9.773252808322480405e+02
9.773495841270363371e+02
9.773753169979956965e+02
9.774517767805614312e+02
9.776163286912342301e+02
9.776230999718160319e+02
9.776503906908932322e+02
9.776831776355750208e+02
9.777067828726833341e+02
9.777293470009336716e+02
9.777320312120084509e+02
9.777898759125216657e+02
9.778185299761199758e+02
9.778293628205489085e+02
9.779140129013328533e+02
9.779951291177095527e+02
9.780284438290240132e+02
9.780461670314516596e+02
9.780969853938804590e+02
9.781139799470927301e+02
9.781274398405864758e+02
9.781930019038353521e+02
9.781950599460003559e+02
9.782000381727449394e+02
9.782003787386687463e+02
9.782086781141887286e+02
9.782122523776877188e+02
9.784859141111770668e+02
9.785029548918458886e+02
9.785110377987718948e+02
9.785248252273429443e+02
9.786623670362573648e+02
9.786990821876959217e+02
9.787217743806261296e+02
9.788251071455499641e+02
9.788502326825171167e+02
9.788706317387952822e+02
9.788822461583642962e+02
9.789059705878602244e+02
9.789250105069955907e+02
9.789815627294598244e+02
9.789986578665447041e+02
9.790417006378061160e+02
9.790451088074271411e+02
9.790557244999599789e+02
9.790818867269407519e+02
9.792200774961064553e+02
9.792437581617799651e+02
9.792983013988881567e+02
9.793130258061147515e+02
9.793198187153313938e+02
9.793228347056244729e+02
9.793410566342449783e+02
9.793496352724826011e+02
9.793591939302061746e+02
9.794307081880028818e+02
9.794315064296739592e+02
9.794723072251421172e+02
9.794961655969972298e+02
9.795314822841061186e+02
9.795728539684125735e+02
9.795916517857921235e+02
9.796091373807771561e+02
9.796752380211772788e+02
9.797777426400715513e+02
9.797884383061626750e+02
9.797935742155653998e+02
9.799076133440007652e+02
9.799291444491940410e+02
9.799692164254258842e+02
9.799914951014559392e+02
9.799982175399114794e+02
9.800427160055232889e+02
9.800799528579714206e+02
9.800912974839168328e+02
9.801213595364653202e+02
9.802010740730885345e+02
9.802457059698674584e+02
9.802508030286734311e+02
9.802905090616995949e+02
9.803511661807490327e+02
9.804298464151946746e+02
9.804794399247020920e+02
9.804877224788006060e+02
9.805496460790785704e+02
9.806062041722389040e+02
9.806074406806543493e+02
9.806339706449736013e+02
9.806542151771529916e+02
9.807095593064658487e+02
9.807217352816471703e+02
9.807664216329070541e+02
9.808886325001155910e+02
9.809685579853384070e+02
9.810957639056848620e+02
9.812877629013909200e+02
9.812882992744417834e+02
9.813370404773094151e+02
9.813636633222198498e+02
9.814619170242888231e+02
9.814764222546438077e+02
9.816746657328535548e+02
9.817222238148523275e+02
9.818011056152313358e+02
9.818055799491045263e+02
9.818157137884891199e+02
9.818867381392888092e+02
9.818878497306836834e+02
9.819727298609119543e+02
9.819734322219387650e+02
9.820269507900096642e+02
9.820496646998549295e+02
9.820969371428623163e+02
9.821564786876311928e+02
9.821774423289407423e+02
9.821831546813785963e+02
9.821867641802759863e+02
9.822312145009627784e+02
9.822679812723756640e+02
9.823357600275177219e+02
9.823714005404177669e+02
9.823988481889634841e+02
9.824242303218887855e+02
9.824255704675323386e+02
9.824460107918746417e+02
9.826325378767945722e+02
9.827359354970503773e+02
9.827559129840005880e+02
9.828002247571629368e+02
9.828941876948722438e+02
9.829232925293575818e+02
9.829241985825048005e+02
9.829280702050546097e+02
9.829637777891230144e+02
9.831381799333948948e+02
9.831972594490139272e+02
9.832009372655389825e+02
9.832114338805496345e+02
9.832852061494359077e+02
9.833772871841611050e+02
9.834253639580221034e+02
9.834770646547173101e+02
9.834785019900160705e+02
9.835666694134487216e+02
9.836442928134181329e+02
9.836592829175556290e+02
9.837209490025796867e+02
9.837330433207599754e+02
9.837351016193317719e+02
9.837463298813154324e+02
9.837561688929959018e+02
9.837767743492906902e+02
9.838038772223691240e+02
9.838393958459041642e+02
9.838717810121188450e+02
9.838875627766118441e+02
9.838890430062078849e+02
9.839354993471412172e+02
9.839606872822972718e+02
9.839784262734372078e+02
9.840792744215369794e+02
9.841479420070832020e+02
9.842454559328380128e+02
9.842796140718585320e+02
9.842866307241270079e+02
9.843462035366914051e+02
9.843577417738857775e+02
9.843868426112509269e+02
9.843902030909254108e+02
9.844774397488902196e+02
9.844841700983507735e+02
9.846008726000193292e+02
9.847007124718830937e+02
9.847319479197071814e+02
9.848001487781026526e+02
9.848484550160752633e+02
9.849297017958371043e+02
9.849579663351720455e+02
9.850350105717088809e+02
9.850660478808021026e+02
9.852075297876052673e+02
9.852408425979681397e+02
9.852718950202119004e+02
9.853487675975396769e+02
9.854349476985631782e+02
9.854753743784443714e+02
9.854852845984547685e+02
9.855168174704440389e+02
9.856890318535804454e+02
9.857589474058448786e+02
9.858422908544554275e+02
9.858439596716340247e+02
9.858755020544613217e+02
9.859275127805533430e+02
9.860161202364058681e+02
9.860186466869733977e+02
9.861143223296926408e+02
9.861540703557417373e+02
9.861650599376655464e+02
9.861841416456160232e+02
9.862007010254865236e+02
9.862385436249438726e+02
9.862411970884642187e+02
9.862498277002330269e+02
9.863335780266634174e+02
9.863406910090836845e+02
9.863539802720687248e+02
9.863841794835757355e+02
9.864205789307060286e+02
9.864926926469281625e+02
9.865223425764994545e+02
9.866003427412111932e+02
9.866485048234361557e+02
9.866545059608758947e+02
9.866630057389273816e+02
9.866917325167146373e+02
9.867170152502827705e+02
9.867850552113050071e+02
9.868285180715272418e+02
9.868530800951639321e+02
9.868624423952708185e+02
9.868753056711816498e+02
9.869181479548043399e+02
9.869456816445821232e+02
9.869818544912294556e+02
9.869912117961576996e+02
9.870455815063758109e+02
9.871412909957543889e+02
9.871562072213491774e+02
9.871900231233469185e+02
9.873755330360605740e+02
9.873957994224791719e+02
9.874409985549958719e+02
9.874457248428840330e+02
9.874922969652724305e+02
9.874969922711022718e+02
9.876569893754915483e+02
9.877198690705382660e+02
9.877974652208442876e+02
9.878583526436942748e+02
9.879028995161920648e+02
9.879327834378661919e+02
9.880305114938338420e+02
9.881876485319503445e+02
9.882222096010458472e+02
9.883562812676038902e+02
9.884000546536702814e+02
9.884387057690312304e+02
9.884690068100611597e+02
9.884807478686614104e+02
9.884809341984594084e+02
9.884947552329424525e+02
9.885303944875171283e+02
9.885542930480121413e+02
9.885840473807882063e+02
9.887812959233655192e+02
9.888028560251509589e+02
9.888329467190868627e+02
9.888401122749522756e+02
9.888425695672760867e+02
9.889172433972743192e+02
9.889595214029233148e+02
9.890310242713247817e+02
9.890391421477971789e+02
9.890815537526009393e+02
9.890961812794344041e+02
9.891091238197277562e+02
9.891097034673983899e+02
9.891166861564148576e+02
9.891351863331934737e+02
9.891414009723849858e+02
9.893543328388019518e+02
9.893727870374769964e+02
9.893797687619372709e+02
9.893908686169260136e+02
9.894351692103949745e+02
9.894384785255670067e+02
9.895376611467203247e+02
9.897005155820313576e+02
9.897146833158666368e+02
9.897445838274355765e+02
9.897457029821299557e+02
9.897968842842610684e+02
9.898235997500894428e+02
9.898393392920193037e+02
9.898509256254884576e+02
9.899039947857177140e+02
9.899309060854029667e+02
9.899408078615948625e+02
9.899992235202278152e+02
9.900408522917078926e+02
9.901386859035901580e+02
9.901449343626147765e+02
9.902219454896869593e+02
9.902779143269887072e+02
9.902840233265911820e+02
9.903433661217977715e+02
9.903724953885620153e+02
9.905175026638493136e+02
9.905251375793866373e+02
9.905766152250704408e+02
9.906006769517280190e+02
9.907577896736489720e+02
9.907778116785281100e+02
9.909415653525805965e+02
9.910574431074542190e+02
9.910732049005825957e+02
9.911545701743320933e+02
9.914259254818151703e+02
9.914404874348452950e+02
9.914691914317221517e+02
9.915059087207472430e+02
9.915233817108087351e+02
9.915241508381437825e+02
9.915365821916795994e+02
9.915531420821286019e+02
9.915824554462346896e+02
9.915918383836542489e+02
9.916951170341253601e+02
9.917561409702767605e+02
9.917605934872202624e+02
9.918130978024955766e+02
9.918661140101810361e+02
9.920225442599312373e+02
9.920226955321011246e+02
9.920369419886851574e+02
9.921683518499778529e+02
9.923028627929581944e+02
9.923666159043050357e+02
9.924391870656189667e+02
9.924439841472615171e+02
9.924800487074473949e+02
9.924932198431025654e+02
9.925032167162072483e+02
9.925863331558801974e+02
9.925935866489637647e+02
9.926252035200634509e+02
9.927647030751874127e+02
9.927749825059032673e+02
9.929658032033684094e+02
9.932240623814252558e+02
9.932646158226181115e+02
9.932739409010730469e+02
9.932929384369761010e+02
9.933205636168169121e+02
9.933390678556012290e+02
9.933555372159339640e+02
9.935347266412627505e+02
9.935430509115659561e+02
9.936091376864598033e+02
9.936091582051413980e+02
9.936544978379042732e+02
9.937783108471980995e+02
9.937952900875669684e+02
9.938055507246917841e+02
9.938582823793221905e+02
9.939206266394223803e+02
9.939788691350779573e+02
9.939981020549214463e+02
9.940126332013587671e+02
9.941687192958795549e+02
9.942971116538568594e+02
9.943276731140774700e+02
9.944212762311146889e+02
9.944513797538135123e+02
9.944789959150663208e+02
9.944875212730443081e+02
9.945153129504687968e+02
9.945538594077656853e+02
9.945549974784742062e+02
9.945843569910795168e+02
9.946603725631533734e+02
9.947173514741391500e+02
9.947677658803590930e+02
9.948879167846006339e+02
9.948888266129868043e+02
9.949295412596242159e+02
9.950069463717177314e+02
9.950459181725809685e+02
9.950654885579237998e+02
9.950728121858303439e+02
9.951820803284763315e+02
9.952138962176883297e+02
9.953191301635838499e+02
9.953632067724211083e+02
9.954192791417260651e+02
9.955008278381516220e+02
9.955546442905658751e+02
9.955800237373306345e+02
9.956160633666009971e+02
9.956973024999347217e+02
9.957206948215280136e+02
9.957452558952749087e+02
9.957502850545428146e+02
9.958732964014146773e+02
9.958780689082166191e+02
9.959303048349235041e+02
9.959569579261117269e+02
9.959829696964952745e+02
9.960398714341091591e+02
9.960433439614531608e+02
9.960883778469179788e+02
9.961623053005132533e+02
9.962503802271281756e+02
9.962597286674191537e+02
9.963735838192571919e+02
9.964269607391280488e+02
9.965337527846002104e+02
9.965669594650350973e+02
9.966060074102055069e+02
9.967316963498009272e+02
9.968467803965716030e+02
9.968765053321938012e+02
9.968925440216373772e+02
9.969175193870958083e+02
9.969420512864204511e+02
9.969589556446650249e+02
9.969745939890583486e+02
9.970732807004992537e+02
9.970769018120729470e+02
9.971335016597171261e+02
9.971429883105009822e+02
9.971641066088261596e+02
9.971672825227348085e+02
9.971830162543145661e+02
9.972561579802179494e+02
9.973643058010394498e+02
9.973768268593154289e+02
9.974079657538181891e+02
9.974397402473495049e+02
9.975431456698757984e+02
9.976150880508223509e+02
9.976510705372097618e+02
9.977066170089923389e+02
9.978005990424010179e+02
9.978010782794638089e+02
9.978268609784615819e+02
9.979457496740634497e+02
9.980131635909683609e+02
9.980522998332784255e+02
9.980900131605129673e+02
9.981113810689215597e+02
9.981481337793517241e+02
9.982013998894689166e+02
9.982284953296314143e+02
9.982911102840552076e+02
9.983898579561922588e+02
9.983982602442137022e+02
9.984282929308527628e+02
9.984545070599855308e+02
9.985126589694408494e+02
9.985270342381945738e+02
9.985781516620204457e+02
9.986831294835330937e+02
9.987102050321982460e+02
9.988311697986518993e+02
9.990804455148771694e+02
9.990860531385400236e+02
9.990993200298150896e+02
9.992494878444305186e+02
9.994083837601847335e+02
9.994135245743433416e+02
9.994142801801109499e+02
9.994230633699535247e+02
9.996992964640057835e+02
9.997092189875645545e+02
9.997441317585078195e+02
9.998384630955864623e+02
9.998394937254932984e+02
9.998858725572137018e+02
9.999020916200353213e+02
1.000001238193751192e+03
1.000017904334263449e+03
1.000075942931585814e+03
1.000132019523777331e+03
1.000144538423833069e+03
1.000146309379645686e+03
1.000172627461717411e+03
1.000189695189141617e+03
1.000272463457319191e+03
1.000353026483051281e+03
1.000383560986594944e+03
1.000430196250583549e+03
1.000476546081881565e+03
1.000564314994648498e+03
1.000591984466481904e+03
1.000608094462684790e+03
1.000623491077113385e+03
1.000661905337495682e+03
1.000691719811319899e+03
1.000720721520369125e+03
1.000725499584585464e+03
1.000788899155962099e+03
1.000800922332966366e+03
1.000811889474016880e+03
1.000838505415204168e+03
1.000851429597599804e+03
1.000895266066257818e+03
1.000918484112369697e+03
1.000948277125848790e+03
1.000986796825708325e+03
1.000998175463150574e+03
1.001006640890249287e+03
1.001112830169680819e+03
1.001141263827798184e+03
1.001167823204988849e+03
1.001169636291566007e+03
1.001204091689286201e+03
1.001244482536341934e+03
1.001285400017931124e+03
1.001346784470709395e+03
1.001356553706282853e+03
1.001371086238948124e+03
1.001454315397446067e+03
1.001601349784640092e+03
1.001608655018365653e+03
1.001643077883578258e+03
1.001655129021169500e+03
1.001658226683440716e+03
1.001677916111059972e+03
1.001685672113337887e+03
1.001747554293406210e+03
1.001785703322273321e+03
1.001793467899599477e+03
1.001793932127440485e+03
1.001876486037707309e+03
1.001886177073043314e+03
1.001932774791756401e+03
1.001953317917634763e+03
1.001997350336661270e+03
1.002016314891472916e+03
1.002020862551572577e+03
1.002033475081154279e+03
1.002043891434535681e+03
1.002071823940591230e+03
1.002125512673714979e+03
1.002140825759206564e+03
1.002141432927629353e+03
1.002178020817505853e+03
1.002224560523647028e+03
1.002389227689423819e+03
1.002433743100793322e+03
1.002465597755770318e+03
1.002508193369982564e+03
1.002639678868516512e+03
1.002727801955686687e+03
1.002747304585362258e+03
1.002760846119179973e+03
1.002776079638004489e+03
1.002811181067161783e+03
1.002879319618263025e+03
1.002914299938808654e+03
1.002917810140245820e+03
1.002982101958484805e+03
1.003064089116277273e+03
1.003081178282611859e+03
1.003135729203267601e+03
1.003163537083327924e+03
1.003273502129978851e+03
1.003366791451771633e+03
1.003404058969716175e+03
1.003462861540341351e+03
1.003570290276215587e+03
1.003604521160242939e+03
1.003623310461855908e+03
1.003693363836865615e+03
1.003705791152112511e+03
1.003730385715222610e+03
1.003830779815420897e+03
1.003895224105601528e+03
1.003921083983446238e+03
1.003933171290422024e+03
1.003955171663998158e+03
1.003971882693119028e+03
1.003981567348824001e+03
1.004049566119691235e+03
1.004064088406540804e+03
1.004094360560151017e+03
1.004118737133305217e+03
1.004319821713337205e+03
1.004344626137885598e+03
1.004348794266319715e+03
1.004353500227175232e+03
1.004398172134969059e+03
1.004443907178754671e+03
1.004471036668239549e+03
1.004499304603665905e+03
1.004502076676014553e+03
1.004538416684211370e+03
1.004573550251336542e+03
1.004581649694163957e+03
1.004587131475438923e+03
1.004593726539572003e+03
1.004599051722817308e+03
1.004646094752970384e+03
1.004657032578170288e+03
1.004671512116291524e+03
1.004681044249005595e+03
1.004839352849325110e+03
1.004935772190590342e+03
1.004948872571421930e+03
1.004968715158956343e+03
1.004980494493959782e+03
1.005014345978305755e+03
1.005015336246826905e+03
1.005070977082944751e+03
1.005108005602647268e+03
1.005222458911138801e+03
1.005231438735856045e+03
1.005312948643506388e+03
1.005391450132826094e+03
1.005398251497449564e+03
1.005423672857908059e+03
1.005432998532912961e+03
1.005447698331102401e+03
1.005462973404373770e+03
1.005503596568239345e+03
1.005530097919031050e+03
1.005677667235648755e+03
1.005684422160468785e+03
1.005866316526937794e+03
1.005879426252495591e+03
1.005953538755961290e+03
1.005974236553096148e+03
1.005981957170198370e+03
1.006079514577205032e+03
1.006097985285800405e+03
1.006151757728652910e+03
1.006193544407836498e+03
1.006225454286161835e+03
1.006259695330454633e+03
1.006325578152049388e+03
1.006330171468160984e+03
1.006385329699195950e+03
1.006498407663829425e+03
1.006501383923117032e+03
1.006508963066878664e+03
1.006572013499345303e+03
1.006600762301311647e+03
1.006626600178858212e+03
1.006633965275181822e+03
1.006669304263424010e+03
1.006676069214619133e+03
1.006708441633277289e+03
1.006780556368875523e+03
1.006795494487714109e+03
1.006828266461379485e+03
1.007069782056725444e+03
1.007127803849394013e+03
1.007219858721526066e+03
1.007246652869729473e+03
1.007319673800611554e+03
1.007321741426796848e+03
1.007328298777674604e+03
1.007339648236545372e+03
1.007365352443277516e+03
1.007458809813928724e+03
1.007480062554717620e+03
1.007533218228442138e+03
1.007594993860760042e+03
1.007639110354310219e+03
1.007661209701153894e+03
1.007704235161715360e+03
1.007725182864995304e+03
1.007729562919185241e+03
1.007976274265759912e+03
1.007983075702816336e+03
1.007986830654331243e+03
1.008092235360737504e+03
1.008110200327175448e+03
1.008162733876276889e+03
1.008182683610328695e+03
1.008207517771262246e+03
1.008222715998497847e+03
1.008243722910629799e+03
1.008270163938975088e+03
1.008333886576074633e+03
1.008369711071216784e+03
1.008513444550891563e+03
1.008515583683839054e+03
1.008550548820460108e+03
1.008594429346586821e+03
1.008720839046924198e+03
1.008723359443016079e+03
1.008765966539959209e+03
1.008862047396368666e+03
1.008875896223988434e+03
1.008980387931308201e+03
1.008981349284829207e+03
1.009047272590644866e+03
1.009182510288505796e+03
1.009236040352052214e+03
1.009264944677208518e+03
1.009267240645017523e+03
1.009393598261207103e+03
1.009425370128178315e+03
1.009426841401068259e+03
1.009485371699005782e+03
1.009518244994194902e+03
1.009524884167382652e+03
1.009536941385369232e+03
1.009540274593930121e+03
1.009582974855458701e+03
1.009631621809150829e+03
1.009666856720879082e+03
1.009751798090167995e+03
1.009850465330693623e+03
1.009898272084234463e+03
1.009898914011345823e+03
1.009958323849128988e+03
1.009985388023416704e+03
1.010027072605438889e+03
1.010079432541302253e+03
1.010100989891522545e+03
1.010225495000787532e+03
1.010232687068218183e+03
1.010288349787454194e+03
1.010288568242986003e+03
1.010417849544200635e+03
1.010423817114941244e+03
1.010428801735989964e+03
1.010449050569839414e+03
1.010472436185538299e+03
1.010484495202080780e+03
1.010528483700110314e+03
1.010557735491530366e+03
1.010559474153054680e+03
1.010578731699980608e+03
1.010661882314931859e+03
1.010720393347627919e+03
1.010784919081038311e+03
1.010844804856159044e+03
1.010863428598786186e+03
1.010868677957058480e+03
1.010884582765713276e+03
1.010973708472733506e+03
1.011170500691935331e+03
1.011204546507584496e+03
1.011205033893077257e+03
1.011212577642988549e+03
1.011232013985026242e+03
1.011275220885516660e+03
1.011279124024781822e+03
1.011422673631705038e+03
1.011445386734591239e+03
1.011567240706575262e+03
1.011643065825604708e+03
1.011713479998046864e+03
1.011760141617252316e+03
1.011809421489666306e+03
1.011860227489879207e+03
1.011909767615871715e+03
1.011950108974166596e+03
1.012165044813599138e+03
1.012230937468272145e+03
1.012305954624553124e+03
1.012408921990078170e+03
1.012421066333970430e+03
1.012425442590822740e+03
1.012458418002862118e+03
1.012494503638323977e+03
1.012582861404751498e+03
1.012612191295480102e+03
1.012654489086526496e+03
1.012691929580399119e+03
1.012693877162622243e+03
1.012741630676297746e+03
1.012829656301063665e+03
1.012838225414428166e+03
1.012883336391028593e+03
1.012928358557480351e+03
1.012937325954442713e+03
1.012943914805278041e+03
1.013139645981912736e+03
1.013164666581104825e+03
1.013177567678769947e+03
1.013186964013249280e+03
1.013242035081809149e+03
1.013289044443601369e+03
1.013340622806469128e+03
1.013345228901371229e+03
1.013457225655083903e+03
1.013481880375894434e+03
1.013500678317938537e+03
1.013531706756920357e+03
1.013556426988529552e+03
1.013656026735984369e+03
1.013788464630032536e+03
1.013806545645958863e+03
1.013906277070990541e+03
1.013982330827292344e+03
1.014115874092019340e+03
1.014129975682761597e+03
1.014172990009400678e+03
1.014189037792518548e+03
1.014275928207811830e+03
1.014276195128540962e+03
1.014317794809379848e+03
1.014338510271849373e+03
1.014357991117717120e+03
1.014409759800111033e+03
1.014505113080500905e+03
1.014552090458807584e+03
1.014648015464336368e+03
1.014663382303478670e+03
1.014700028899011272e+03
1.014729969549134580e+03
1.014730555210752073e+03
1.014771243287887501e+03
1.014825408440279602e+03
1.014870222356954173e+03
1.014936865705000855e+03
1.014979220210752146e+03
1.014982674332465422e+03
1.014988864448960953e+03
1.015034240238381358e+03
1.015050317984572075e+03
1.015054467782272241e+03
1.015082538893251581e+03
1.015122946888390061e+03
1.015142877271229509e+03
1.015206603061888359e+03
1.015258212081707029e+03
1.015278446729103962e+03
1.015348745574782583e+03
1.015401050605184309e+03
1.015451779612016253e+03
1.015492087310388456e+03
1.015492660061744004e+03
1.015552279928621488e+03
1.015575863522910822e+03
1.015718757530735502e+03
1.015803940776735772e+03
1.015848240308018717e+03
1.015862770089109176e+03
1.015874160145237965e+03
1.015894965080308680e+03
1.015927332482521592e+03
1.015944885981580910e+03
1.015981059032995176e+03
1.015990097396791725e+03
1.016180284563382088e+03
1.016185994791899248e+03
1.016320366113667319e+03
1.016442791770562167e+03
1.016480051754170063e+03
1.016544584651685227e+03
1.016573223984977972e+03
1.016622941271504374e+03
1.016643760694373555e+03
1.016661677297310803e+03
1.016704842028822782e+03
1.016739312704211102e+03
1.016782632568889085e+03
1.016799522465327300e+03
1.016822383377460028e+03
1.016826764753650991e+03
1.016829449371209193e+03
1.016844064482969998e+03
1.016847921866301363e+03
1.016853400039119265e+03
1.016937213232946419e+03
1.016939195705443694e+03
1.016992980958245994e+03
1.017008891991391124e+03
1.017111501087878196e+03
1.017144679757729591e+03
1.017162913418503194e+03
1.017199366535967442e+03
1.017223426480641706e+03
1.017264966670114063e+03
1.017271048667155469e+03
1.017561347780232154e+03
1.017589065402712322e+03
1.017610468628788340e+03
1.017672398540429413e+03
1.017695018468542457e+03
1.017784588736647606e+03
1.017814870349565808e+03
1.017878439840697865e+03
1.017884123658105295e+03
1.017977702503524483e+03
1.018044239429228924e+03
1.018056134321004151e+03
1.018063983740020717e+03
1.018082994983177855e+03
1.018269627326517138e+03
1.018284468955367174e+03
1.018314920950339456e+03
1.018316444953287260e+03
1.018341755727425152e+03
1.018384107957182096e+03
1.018537121083593547e+03
1.018573480697783225e+03
1.018658973267077954e+03
1.018698580515321964e+03
1.018700662517890237e+03
1.018719579943958365e+03
1.018762427939271106e+03
1.018912812075026295e+03
1.019010808092701041e+03
1.019023769666461703e+03
1.019036199775308205e+03
1.019047430317115300e+03
1.019175303472188602e+03
1.019271056182180814e+03
1.019345613028783760e+03
1.019370552538682659e+03
1.019405649898480874e+03
1.019436861910299967e+03
1.019451473069187955e+03
1.019486635778033246e+03
1.019488184340210978e+03
1.019495251596434400e+03
1.019604088703802176e+03
1.019673740508992637e+03
1.019701224757888667e+03
1.019737627257032273e+03
1.019760728941596312e+03
1.019828232823822759e+03
1.019904900014698114e+03
1.019976944974529374e+03
1.020041061826473424e+03
1.020052501320736610e+03
1.020073123539511357e+03
1.020104852873653613e+03
1.020124935965496775e+03
1.020195248616358526e+03
1.020215224273489753e+03
1.020222662737828841e+03
1.020248124120559510e+03
1.020443511809095071e+03
1.020456313319288256e+03
1.020503671266177776e+03
1.020532038688439684e+03
1.020535722337728771e+03
1.020569181821682264e+03
1.020629742490831859e+03
1.020665739638516357e+03
1.020768567337595414e+03
1.020785617051042209e+03
1.020790126919092245e+03
1.020928014377177988e+03
1.020951770922706032e+03
1.020994719861243766e+03
1.021073231472687098e+03
1.021092832788208966e+03
1.021155800816633700e+03
1.021163076322071902e+03
1.021180292029586781e+03
1.021188107801088563e+03
1.021271469245804042e+03
1.021284062425592310e+03
1.021347249195085396e+03
1.021490746835154141e+03
1.021528261525249604e+03
1.021567091137897023e+03
1.021597996237321354e+03
1.021617714346789057e+03
1.021649994620456141e+03
1.021696161335976171e+03
1.021909566143110055e+03
1.022048407675891212e+03
1.022147488205990044e+03
1.022257458294341973e+03
1.022288999711330121e+03
1.022342565765635300e+03
1.022455287295002677e+03
1.022480244563961264e+03
1.022643441464120656e+03
1.022670315865678845e+03
1.022716265918928570e+03
1.022778125977934906e+03
1.022928508137396534e+03
1.022942534608024403e+03
1.023011081448390428e+03
1.023047864936293081e+03
1.023063501745087478e+03
1.023138442845568989e+03
1.023178615762108848e+03
1.023232699659576951e+03
1.023252196553809995e+03
1.023285015522845015e+03
1.023333047805601268e+03
1.023359000005235544e+03
1.023370055569863553e+03
1.023533093213020038e+03
1.023568910681094167e+03
1.023635108663853089e+03
1.023661579125024218e+03
1.023683514588442563e+03
1.023709656487520306e+03
1.023735970089897592e+03
1.023775252966827452e+03
1.023814457995772159e+03
1.023848831543403776e+03
1.023856070451164555e+03
1.023890336890217327e+03
1.023899599416344017e+03
1.023906340930208557e+03
1.024041230369710775e+03
1.024087667518365606e+03
1.024141533066162992e+03
1.024167224043745819e+03
1.024287058334523408e+03
1.024337854287916116e+03
1.024411157948160053e+03
1.024434145761347281e+03
1.024595104405820621e+03
1.024680972627849997e+03
1.024777162414175564e+03
1.024786611252906596e+03
1.024802412806853226e+03
1.024819230281038926e+03
1.024835028132660455e+03
1.024931720153507285e+03
1.024933340362785884e+03
1.024937297934104890e+03
1.024953302334752152e+03
1.024964451573863698e+03
1.024977640712269476e+03
1.025057601031259537e+03
1.025099006621979242e+03
1.025099295990773953e+03
1.025127342565427853e+03
1.025153545279561285e+03
1.025159594107443809e+03
1.025215966581349448e+03
1.025276515980408021e+03
1.025340324022556615e+03
1.025405508329097529e+03
1.025405510970513888e+03
1.025559380655880659e+03
1.025643537237838473e+03
1.025760698060096502e+03
1.025761486407239090e+03
1.025897284575466301e+03
1.025980265516408735e+03
1.026071033037312191e+03
1.026075929523863579e+03
1.026143048762322906e+03
1.026303888523915703e+03
1.026360633773807422e+03
1.026402897599581138e+03
1.026548494440623244e+03
1.026577748298526103e+03
1.026623474608793231e+03
1.026655820078864281e+03
1.026790858583162844e+03
1.026794815328521736e+03
1.026829584783192786e+03
1.026887654790969236e+03
1.026966143189253899e+03
1.027009878878067639e+03
1.027129678491567347e+03
1.027272036732156721e+03
1.027275360777711512e+03
1.027301099995132745e+03
1.027302286923387783e+03
1.027322267287626119e+03
1.027360754469575113e+03
1.027481595339983187e+03
1.027575315773326793e+03
1.027582135388908682e+03
1.027587017704842083e+03
1.027631508341611607e+03
1.027669485296248922e+03
1.027684973340280294e+03
1.027799829882282893e+03
1.027930946271510948e+03
1.027956705647523677e+03
1.028067207108625325e+03
1.028091428376376825e+03
1.028158173627991573e+03
1.028190481294435813e+03
1.028197019949104970e+03
1.028328528734384236e+03
1.028358794395875975e+03
1.028425098977233347e+03
1.028447976951378450e+03
1.028448930021289470e+03
1.028454227520129052e+03
1.028488508249175766e+03
1.028547061649730722e+03
1.028567440165348899e+03
1.028626892479931712e+03
1.028686864233939787e+03
1.028747723199879829e+03
1.028781638281434880e+03
1.028904826556853095e+03
1.028938415073755550e+03
1.028968331038107181e+03
1.028979449531829232e+03
1.028997833082772331e+03
1.028999995918727336e+03
1.029050188571796525e+03
1.029064475153514650e+03
1.029082606589030775e+03
1.029156267771740659e+03
1.029176084704535697e+03
1.029189951222509308e+03
1.029199210971513594e+03
1.029273762259067780e+03
1.029280708483559010e+03
1.029310942754376583e+03
1.029346297972506818e+03
1.029404437902128620e+03
1.029454596210170166e+03
1.029537822781872592e+03
1.029540111966560517e+03
1.029557692123979450e+03
1.029574126641999555e+03
1.029582018836057841e+03
1.029599085515521438e+03
1.029617621696260812e+03
1.029654516839473217e+03
1.029709005088401682e+03
1.029732995708407543e+03
1.029796549480028716e+03
1.029817035588248473e+03
1.029834180084963464e+03
1.029873135827994702e+03
1.029874335934012151e+03
1.029878493555100249e+03
1.029905555180200963e+03
1.030048713870372012e+03
1.030112632846270571e+03
1.030117245550314919e+03
1.030210889041800783e+03
1.030276783602155092e+03
1.030323985526092656e+03
1.030409806891739890e+03
1.030435691838599723e+03
1.030448211220477333e+03
1.030484085610616376e+03
1.030523882466941586e+03
1.030562527320464824e+03
1.030604156265358370e+03
1.030752664285533911e+03
1.030868929150764416e+03
1.030973188868257694e+03
1.031054016227159082e+03
1.031197628377754654e+03
1.031202812842383310e+03
1.031218215467207301e+03
1.031252380849173278e+03
1.031346094821578617e+03
1.031381271438739304e+03
1.031450194641514599e+03
1.031457675351913849e+03
1.031472220635913800e+03
1.031538017294963993e+03
1.031547017547595487e+03
1.031568661105007777e+03
1.031584046246716071e+03
1.031605574754746385e+03
1.031667180347249769e+03
1.031690111552853523e+03
1.031730625198261350e+03
1.031735889439579296e+03
1.031817631762532983e+03
1.031840724697059841e+03
1.031893006834719927e+03
1.031957626930677179e+03
1.031969391591331714e+03
1.032077391637285018e+03
1.032125276481562196e+03
1.032153270722671550e+03
1.032163335861983114e+03
1.032305961580002531e+03
1.032376300354572777e+03
1.032387961599632717e+03
1.032408564245746220e+03
1.032491515157929598e+03
1.032550998548976850e+03
1.032623574187088934e+03
1.032652672468292167e+03
1.032715695439775345e+03
1.032740123678935561e+03
1.032751989791021970e+03
1.032802065481214868e+03
1.032988579573730703e+03
1.033007176325427963e+03
1.033038075490151641e+03
1.033094118595319742e+03
1.033133109029761954e+03
1.033225820930068494e+03
1.033297541136267910e+03
1.033300544414129263e+03
1.033623099999202623e+03
1.033692897531614335e+03
1.033792617018425290e+03
1.033845279519805672e+03
1.033942275719715099e+03
1.033948236465069613e+03
1.033969601900328144e+03
1.034074145610075902e+03
1.034085406345514230e+03
1.034089479978999861e+03
1.034167066488961154e+03
1.034257304516565910e+03
1.034266180305809030e+03
1.034362506366541538e+03
1.034420546891361028e+03
1.034457253963691983e+03
1.034545925446103183e+03
1.034573097126839457e+03
1.034583880328740634e+03
1.034600643664281279e+03
1.034635820110351688e+03
1.034673713014064560e+03
1.034755599952184639e+03
1.034833955458470655e+03
1.034877493437478279e+03
1.034953378662507248e+03
1.034964024306825195e+03
1.034966592367822614e+03
1.035070020938683228e+03
1.035073948997379830e+03
1.035088112815622026e+03
1.035147537304922707e+03
1.035173872178954753e+03
1.035278372625944712e+03
1.035296062280586511e+03
1.035296659399275995e+03
1.035314539999887074e+03
1.035357686391008656e+03
1.035381261698914841e+03
1.035419533912279803e+03
1.035524149358438763e+03
1.035645946643009211e+03
1.035661407188845942e+03
1.035692415081628269e+03
1.035732245447364903e+03
1.035881152303262752e+03
1.036210338854751853e+03
1.036223759451668457e+03
1.036288669939427564e+03
1.036312413195766112e+03
1.036312820258120382e+03
1.036313285037765354e+03
1.036344146780329538e+03
1.036377651030076549e+03
1.036378792444601913e+03
1.036436858455603669e+03
1.036454265697664141e+03
1.036495302579190366e+03
1.036513202017604954e+03
1.036522346162212671e+03
1.036548488857481289e+03
1.036561704935128091e+03
1.036599969433045089e+03
1.036611053447308450e+03
1.036646558550253530e+03
1.036655120421811034e+03
1.036710701454826449e+03
1.036780809977818990e+03
1.036786658821530182e+03
1.036818195844162574e+03
1.036821871266408607e+03
1.036867459123309345e+03
1.036882812854760459e+03
1.036920311903133552e+03
1.036956746580728577e+03
1.037085831345315455e+03
1.037125654969589732e+03
1.037169388240161197e+03
1.037195067471958737e+03
1.037343942057577124e+03
1.037419012934069087e+03
1.037435814920898338e+03
1.037528777104578467e+03
1.037557093700632322e+03
1.037645301054905758e+03
1.037731849723093546e+03
1.037742316081695208e+03
1.037802705273112224e+03
1.037819875088602885e+03
1.037837530060785639e+03
1.037855103634409716e+03
1.037919756268106539e+03
1.037932813211601569e+03
1.037932858523889763e+03
1.037995663399344267e+03
1.038005051299349816e+03
1.038010568969280257e+03
1.038024127664904654e+03
1.038048021433201939e+03
1.038080325675515496e+03
1.038082605366548933e+03
1.038258898064662390e+03
1.038321848218890182e+03
1.038341366753990087e+03
1.038360554179765131e+03
1.038390313709531938e+03
1.038439521424643544e+03
1.038447434475981709e+03
1.038457904510270737e+03
1.038556008625068671e+03
1.038570811472193554e+03
1.038594728990357453e+03
1.038697231613855365e+03
1.038751637169244304e+03
1.038772542797752067e+03
1.038830095933374878e+03
1.038831089908871945e+03
1.038897612585397383e+03
1.038930988120515622e+03
1.039014869179839252e+03
1.039169522822708132e+03
1.039299564663769843e+03
1.039419555293153962e+03
1.039455444703361309e+03
1.039477770162392744e+03
1.039509047890482634e+03
1.039567590268711683e+03
1.039675297564869425e+03
1.039686893304125078e+03
1.039812063024199233e+03
1.039896481731981112e+03
1.040089301722957771e+03
1.040195419915507728e+03
1.040211840766940895e+03
1.040217440776383683e+03
1.040223393528899351e+03
1.040240604267844446e+03
1.040288223967429303e+03
1.040369787781105742e+03
1.040484543587361941e+03
1.040533419110259956e+03
1.040533701471678341e+03
1.040544010679131588e+03
1.040549263496330695e+03
1.040571838253030137e+03
1.040606630894269301e+03
1.040608849244184967e+03
1.040630271448065514e+03
1.040640144000165037e+03
1.040692218300818922e+03
1.040723424770758356e+03
1.040757616073330382e+03
1.040785519953361018e+03
1.040941720638912784e+03
1.040953807348807004e+03
1.040990159536437659e+03
1.041056753134800829e+03
1.041097444852736317e+03
1.041229713333248355e+03
1.041253451548866451e+03
1.041284602371905294e+03
1.041289236780256488e+03
1.041336189052530244e+03
1.041353187808549592e+03
1.041361923876500668e+03
1.041401245289738654e+03
1.041439242797681572e+03
1.041443188012709697e+03
1.041503090109628829e+03
1.041551968131785543e+03
1.041562443558560972e+03
1.041594134185696248e+03
1.041657840166420328e+03
1.041695531304036649e+03
1.041720698080949660e+03
1.041740153446769227e+03
1.041787284395001052e+03
1.041927217642194137e+03
1.041982915844576610e+03
1.041986800188597726e+03
1.042017672959298807e+03
1.042128412720529923e+03
1.042133374045879691e+03
1.042358305269146740e+03
1.042507169830772227e+03
1.042511245220831825e+03
1.042646707757241302e+03
1.042669267446893855e+03
1.042762390225831268e+03
1.042789487411037499e+03
1.042818554743500272e+03
1.042868844060962601e+03
1.042943310810402863e+03
1.042945029470320151e+03
1.042989995742740348e+03
1.043000330532880753e+03
1.043021559069915384e+03
1.043042942202923768e+03
1.043074597547886924e+03
1.043094931070489793e+03
1.043100609728882546e+03
1.043108479201245473e+03
1.043110179692168458e+03
1.043141947109929788e+03
1.043296391812409638e+03
1.043302538356897230e+03
1.043448722421177308e+03
1.043514815497467907e+03
1.043565551872590049e+03
1.043617372882845530e+03
1.043705017414627946e+03
1.043710671362857738e+03
1.043745806429033109e+03
1.043805522594286003e+03
1.043849716245426407e+03
1.043939138216069296e+03
1.043942889035016833e+03
1.044001561383022363e+03
1.044039742840716826e+03
1.044063577004258377e+03
1.044084373612784702e+03
1.044132862491244623e+03
1.044243680739404454e+03
1.044277957145983009e+03
1.044365026577753724e+03
1.044390747881120205e+03
1.044396149109886665e+03
1.044399323036653868e+03
1.044401957980811858e+03
1.044425871880547675e+03
1.044446438828130340e+03
1.044509720073754806e+03
1.044577619318195275e+03
1.044580228948856075e+03
1.044592724072748069e+03
1.044608752372966364e+03
1.044648413124228227e+03
1.044656217473285324e+03
1.044663407598122376e+03
1.044807339640157124e+03
1.044888873460022069e+03
1.044898835955967570e+03
1.044924927572085153e+03
1.044946901060454820e+03
1.045025173086472023e+03
1.045060862311758683e+03
1.045067701989256420e+03
1.045134862212394410e+03
1.045160144828665352e+03
1.045175398059031068e+03
1.045198938146175351e+03
1.045233371663364323e+03
1.045254384018365954e+03
1.045268231397890986e+03
1.045293648003715134e+03
1.045294615958446911e+03
1.045368645737093175e+03
1.045378019169726940e+03
1.045380264049445486e+03
1.045433286352101504e+03
1.045507633237292112e+03
1.045591687756272904e+03
1.045625700210527611e+03
1.045637194030377486e+03
1.045704017396112476e+03
1.045764168238707953e+03
1.045778304340670502e+03
1.045895167182141677e+03
1.045900678658427751e+03
1.046103497119228905e+03
1.046201891344390106e+03
1.046260112708874658e+03
1.046399752189152423e+03
1.046463814894287680e+03
1.046474379163507592e+03
1.046503562972165810e+03
1.046507272379936694e+03
1.046531959123769184e+03
1.046599622033440710e+03
1.046624046167519282e+03
1.046644092004063168e+03
1.046689329350313983e+03
1.046792195559106176e+03
1.046794633184958684e+03
1.046818978096876663e+03
1.046827591157989900e+03
1.046887021440750914e+03
1.046892608513416462e+03
1.046947261066254669e+03
1.046964117349713661e+03
1.046975206873928300e+03
1.047112926680956662e+03
1.047113861596234983e+03
1.047142654455946740e+03
1.047143747670114863e+03
1.047176790678008274e+03
1.047211552884669118e+03
1.047230958398924940e+03
1.047238045896991480e+03
1.047261657204871881e+03
1.047317434386783134e+03
1.047393688261905254e+03
1.047431519306267319e+03
1.047476079020509133e+03
1.047487274736118025e+03
1.047504211599437212e+03
1.047513042230232941e+03
1.047527379379243484e+03
1.047540116687756836e+03
1.047576757761369663e+03
1.047618113266774117e+03
1.047763086595041614e+03
1.047773967701607717e+03
1.047825283544861122e+03
1.047910267889917804e+03
1.047951344364119223e+03
1.047966063162284172e+03
1.047981291027363568e+03
1.047983293238730766e+03
1.048001517379364032e+03
1.048069764316381907e+03
1.048072198507126586e+03
1.048084576421287920e+03
1.048145824753079523e+03
1.048222137428675751e+03
1.048252515123360581e+03
1.048312393845651059e+03
1.048336941087837658e+03
1.048345653593474935e+03
1.048371040903106177e+03
1.048414412100710024e+03
1.048562288937546555e+03
1.048565850364129801e+03
1.048601252654310201e+03
1.048621195983989310e+03
1.048656691498399596e+03
1.048657904875225086e+03
1.048676677769917433e+03
1.048762381079043053e+03
1.048802746363738834e+03
1.048832691195729922e+03
1.048849501564335014e+03
1.048867195686863397e+03
1.048891348220194914e+03
1.048981611952644698e+03
1.049152498427208229e+03
1.049181369440636672e+03
1.049206359837630544e+03
1.049300079115319477e+03
1.049327914332390719e+03
1.049368064462918255e+03
1.049381193885596986e+03
1.049449225710621931e+03
1.049487188811742726e+03
1.049569971949673118e+03
1.049645845143794759e+03
1.049657949025567177e+03
1.049720823955108472e+03
1.049801309454568582e+03
1.049822550050453629e+03
1.049832023952399595e+03
1.049832155733689206e+03
1.049862129801568926e+03
1.049883856431633376e+03
1.049924330351469507e+03
1.049934745628806468e+03
1.050032931966812839e+03
1.050047835776420015e+03
1.050060672706661080e+03
1.050093437736492888e+03
1.050127980329707952e+03
1.050140089336647634e+03
1.050155952483629562e+03
1.050165251209014059e+03
1.050228625277962465e+03
1.050302128434832866e+03
1.050333153809601754e+03
1.050395757199081118e+03
1.050462335272994551e+03
1.050469776257849162e+03
1.050639108484595454e+03
1.050725135882818904e+03
1.050736574064867455e+03
1.050746873948874963e+03
1.050753588312533793e+03
1.050761035276156917e+03
1.050829983699022705e+03
1.050861695006009995e+03
1.050938072737010771e+03
1.051006643988855330e+03
1.051053038464969859e+03
1.051111014990572357e+03
1.051111941304624224e+03
1.051130623469898183e+03
1.051181404468410619e+03
1.051181873912986248e+03
1.051183550560019739e+03
1.051279039880834944e+03
1.051336644468071427e+03
1.051352063865301261e+03
1.051410295515105418e+03
1.051488916271989865e+03
1.051507237695693675e+03
1.051509072833616756e+03
1.051644061405374941e+03
1.051665231137541468e+03
1.051670860564249779e+03
1.051704710170342878e+03
1.051777861985519394e+03
1.051790390762239895e+03
1.051806091383602734e+03
1.051819992163244478e+03
1.052059405082062995e+03
1.052070400255723143e+03
1.052113244800709481e+03
1.052242934898754811e+03
1.052250878622911387e+03
1.052427650842198318e+03
1.052574976270838988e+03
1.052682931681234095e+03
1.052695007020221055e+03
1.052745270639378759e+03
1.052816812526483318e+03
1.053030347267130537e+03
1.053040295663557345e+03
1.053112922906130279e+03
1.053133607940252205e+03
1.053143264516917498e+03
1.053170619718642911e+03
1.053249573862857687e+03
1.053280834254394904e+03
1.053319392187878066e+03
1.053585928123188069e+03
1.053611395234378506e+03
1.053659172904786146e+03
1.053681898650962466e+03
1.053706842321665590e+03
1.053766319648824719e+03
1.053905259628190379e+03
1.053944343135032796e+03
1.054017480296357689e+03
1.054022152253656714e+03
1.054034011717613112e+03
1.054068882696417859e+03
1.054069893429931653e+03
1.054084468228656078e+03
1.054120896718578706e+03
1.054121650430876343e+03
1.054137013814504826e+03
1.054173094318087351e+03
1.054215660360774336e+03
1.054345677375956939e+03
1.054397507953475497e+03
1.054424292549180109e+03
1.054557507023159587e+03
1.054634335679939568e+03
1.054645493415077908e+03
1.054652504953468224e+03
1.054708826481516098e+03
1.054749862234242983e+03
1.054827816970981985e+03
1.054894941381777471e+03
1.054944011056900308e+03
1.055158829828654916e+03
1.055196964309889836e+03
1.055202965786550294e+03
1.055291058414623421e+03
1.055305566228652197e+03
1.055380663196185878e+03
1.055538115639918715e+03
1.055597783031403196e+03
1.055643103784384493e+03
1.055673948861154258e+03
1.055696608929492868e+03
1.055718379745872198e+03
1.055768961038506632e+03
1.055838531030490458e+03
1.055895271571989269e+03
1.055906329479490296e+03
1.055940389143206858e+03
1.056018813556833948e+03
1.056051098507723054e+03
1.056089559252975505e+03
1.056163290630414849e+03
1.056217417535032610e+03
1.056243743687753749e+03
1.056356630350587238e+03
1.056365501055611048e+03
1.056635868046672158e+03
1.056642194563308976e+03
1.056642947705726101e+03
1.056753320043555050e+03
1.056767368841220332e+03
1.056832779913590684e+03
1.056916084394394602e+03
1.057014029338182581e+03
1.057252971217083768e+03
1.057270381031563147e+03
1.057332316722480527e+03
1.057338447700147526e+03
1.057364559666744981e+03
1.057458744094108397e+03
1.057481660342348277e+03
1.057526374010067229e+03
1.057561410144560114e+03
1.057613326217433041e+03
1.057793726944375976e+03
1.057796594393849546e+03
1.057839255673964090e+03
1.057938654896101070e+03
1.057971484349603315e+03
1.057975573449810554e+03
1.058016683805056800e+03
1.058036862691385295e+03
1.058045280179430620e+03
1.058139815381084873e+03
1.058176680734002503e+03
1.058312040571556508e+03
1.058394039681497134e+03
1.058453080464430059e+03
1.058453332373113881e+03
1.058481247757762958e+03
1.058492248074243435e+03
1.058613090615290275e+03
1.058622684003227505e+03
1.058639531824534743e+03
1.058675901860905924e+03
1.058691184905193268e+03
1.058702962457873582e+03
1.058748664536667548e+03
1.058753321287777908e+03
1.058756317693181927e+03
1.058779597982494352e+03
1.058843365059883126e+03
1.058883827401883309e+03
1.058911312349013770e+03
1.058953019272813663e+03
1.058975761349434833e+03
1.059113319414673015e+03
1.059116142900273644e+03
1.059172092550716570e+03
1.059283042751734683e+03
1.059364495380332073e+03
1.059374664940984758e+03
1.059392208556503192e+03
1.059455332446023931e+03
1.059459734162435097e+03
1.059543263059805895e+03
1.059606716535129863e+03
1.059672110411403992e+03
1.059677391848444586e+03
1.059740641820269275e+03
1.059797585124567149e+03
1.059886455026317662e+03
1.059888579317935864e+03
1.059889748413291954e+03
1.059913089416391131e+03
1.059921144136201747e+03
1.059962009917912155e+03
1.060086666276107053e+03
1.060111502528918891e+03
1.060204703032252382e+03
1.060204715077429000e+03
1.060213942156998883e+03
1.060215486954081825e+03
1.060235372753135380e+03
1.060354774235692275e+03
1.060359873221077351e+03
1.060406495468747380e+03
1.060436523498531642e+03
1.060575933566811727e+03
1.060582468573748656e+03
1.060594383200399989e+03
1.060595882556481229e+03
1.060624334896850087e+03
1.060640609833141070e+03
1.060742584708377535e+03
1.060789020692642453e+03
1.060836628343123721e+03
1.060874583152255582e+03
1.060879400456611847e+03
1.060908841498120410e+03
1.061289408304039625e+03
1.061379568324690581e+03
1.061491529619680932e+03
1.061578173881213615e+03
1.061583611176162321e+03
1.061596513990533595e+03
1.061596670317227336e+03
1.061614755418360573e+03
1.061620503934494764e+03
1.061652512068152419e+03
1.061709036954909607e+03
1.061812811540551593e+03
1.061881969936247515e+03
1.062021475479992660e+03
1.062024245740006108e+03
1.062024858470878826e+03
1.062078996123642355e+03
1.062096075054961148e+03
1.062110693106119243e+03
1.062130783228887140e+03
1.062146504799442482e+03
1.062182319081162404e+03
1.062211323261898542e+03
1.062247239183798683e+03
1.062303085168077132e+03
1.062327565331466531e+03
1.062342036690322402e+03
1.062351124808189752e+03
1.062372623518005867e+03
1.062440325811970752e+03
1.062510999822505710e+03
1.062565966257770015e+03
1.062579296752385062e+03
1.062623643816692265e+03
1.062665922577791889e+03
1.062699030804513086e+03
1.062738953854532156e+03
1.062772796943322419e+03
1.062814469889123075e+03
1.062877322036911210e+03
1.062883127844130968e+03
1.062952367768585418e+03
1.062959670305993995e+03
1.062963117878097592e+03
1.063149769239705392e+03
1.063307087427704801e+03
1.063310204423759842e+03
1.063339486681471271e+03
1.063349791474734502e+03
1.063383004390026599e+03
1.063471654389611786e+03
1.063622056551527749e+03
1.063672347176224321e+03
1.063694187664217907e+03
1.063740419634184263e+03
1.063759118051157429e+03
1.063879417450144729e+03
1.063981582753565590e+03
1.064022431246381075e+03
1.064042068482847753e+03
1.064059432279485918e+03
1.064061131736297966e+03
1.064145724054263837e+03
1.064175650753992841e+03
1.064195312730916157e+03
1.064227161504889636e+03
1.064312552091283806e+03
1.064319206620499699e+03
1.064416682047158474e+03
1.064530580981173443e+03
1.064677179354100190e+03
1.064702511738311614e+03
1.064714751834040271e+03
1.064738143399040837e+03
1.064758385071640532e+03
1.064768073649317330e+03
1.064814804871682782e+03
1.064847177644215208e+03
1.064947561972432368e+03
1.064949193792486994e+03
1.065000816473832856e+03
1.065072790446763975e+03
1.065144039414045210e+03
1.065252649707812452e+03
1.065317937756719402e+03
1.065449360486759133e+03
1.065469583012894418e+03
1.065504562348062336e+03
1.065505271334164718e+03
1.065505620429373266e+03
1.065519350602645318e+03
1.065524663492835771e+03
1.065539733031132300e+03
1.065549475615403935e+03
1.065550922346537163e+03
1.065670934528463022e+03
1.065671347384854698e+03
1.065737953253707019e+03
1.065746205706374667e+03
1.065867857267158342e+03
1.065979508324863446e+03
1.066032559866893280e+03
1.066088332656736611e+03
1.066088600329042947e+03
1.066298159292394075e+03
1.066403277446038146e+03
1.066516017801764747e+03
1.066569847310584919e+03
1.066590987050409012e+03
1.066703037402155587e+03
1.066720268857809742e+03
1.066761626968697783e+03
1.066766880050733107e+03
1.066894403939211770e+03
1.066901989897831982e+03
1.066914727853061777e+03
1.066955565301469505e+03
1.067027781182485569e+03
1.067076075102087771e+03
1.067089282098420881e+03
1.067089329272794430e+03
1.067160094957782576e+03
1.067370776118520325e+03
1.067453789821009650e+03
1.067484618262952608e+03
1.067601667546008002e+03
1.067628036275720433e+03
1.067665251361448554e+03
1.067697672459794603e+03
1.067727348763527061e+03
1.067801973918524254e+03
1.067839382490607250e+03
1.067858424807375059e+03
1.067873355768500005e+03
1.067875279678426523e+03
1.067919036537468628e+03
1.067932102270244741e+03
1.067940118567743411e+03
1.067993159827274212e+03
1.068050320845878105e+03
1.068120068410552904e+03
1.068155084744768146e+03
1.068267326317819879e+03
1.068405038423304177e+03
1.068487387868667383e+03
1.068537862130009444e+03
1.068555962368521932e+03
1.068759527731892604e+03
1.068775547373885729e+03
1.068786870885439157e+03
1.068816054512655683e+03
1.068818980509885023e+03
1.069010952755877952e+03
1.069055341996133393e+03
1.069096045864611142e+03
1.069149371943976121e+03
1.069183732550149216e+03
1.069185361990683759e+03
1.069232739618293408e+03
1.069295709291849562e+03
1.069322666179724138e+03
1.069393461725822362e+03
1.069406335621387370e+03
1.069418840589152069e+03
1.069427642674234676e+03
1.069450903012647814e+03
1.069544772813815598e+03
1.069632760297127788e+03
1.069656890366202560e+03
1.069701362916280232e+03
1.069765157183775045e+03
1.069778958482227154e+03
1.069788163103573879e+03
1.069967112352974027e+03
1.070015171176743934e+03
1.070214443142522441e+03
1.070235049202095524e+03
1.070295755696085280e+03
1.070308345943005179e+03
1.070323482356129489e+03
1.070359344322233028e+03
1.070378599375148269e+03
1.070387772779669376e+03
1.070403023056176153e+03
1.070404843207017848e+03
1.070465784607186606e+03
1.070499659782072058e+03
1.070504608996779552e+03
1.070514027627747282e+03
1.070519436659844132e+03
1.070566850608049208e+03
1.070571798017514993e+03
1.070641976622385982e+03
1.070643012831861597e+03
1.070657355338658363e+03
1.070768023040840490e+03
1.070831409745441533e+03
1.070835198123100781e+03
1.070921251833887936e+03
1.070955217511440196e+03
1.071049012523395049e+03
1.071094919617411051e+03
1.071152178566285784e+03
1.071403988225874627e+03
1.071417208353377646e+03
1.071466109423282205e+03
1.071496948497451058e+03
1.071498961061203090e+03
1.071499689879321750e+03
1.071506037736291546e+03
1.071558399259228281e+03
1.071600268972647200e+03
1.071640576879314949e+03
1.071642195640817818e+03
1.071673873842578587e+03
1.071803136376262273e+03
1.071828477381533730e+03
1.071877508507891207e+03
1.071953173701410378e+03
1.072029780251471266e+03
1.072066403774989112e+03
1.072163983268287666e+03
1.072188811170639610e+03
1.072298584423602506e+03
1.072312321213279120e+03
1.072328761447149873e+03
1.072331490625599145e+03
1.072410870003713399e+03
1.072437853145810550e+03
1.072450864054163958e+03
1.072464048679518555e+03
1.072579882850584681e+03
1.072669646111081192e+03
1.072709965363740821e+03
1.072757835429279794e+03
1.072789989089944584e+03
1.072814840694851910e+03
1.072938377204201515e+03
1.072945088797726385e+03
1.072972191438025902e+03
1.072993314009233700e+03
1.073027786781429540e+03
1.073058377296921435e+03
1.073094960215487390e+03
1.073102496649569730e+03
1.073138485737351857e+03
1.073152366965899546e+03
1.073162554319470701e+03
1.073165905892435603e+03
1.073237817403163717e+03
1.073265699458184372e+03
1.073314960560319378e+03
1.073379983523709370e+03
1.073436848580662627e+03
1.073468639754262313e+03
1.073493182614654643e+03
1.073516759647920026e+03
1.073567848988107471e+03
1.073601988473840493e+03
1.073696556055861038e+03
1.073800409068551517e+03
1.073809759316573263e+03
1.073817081965412399e+03
1.073866848787648678e+03
1.073884770165024293e+03
1.073885707431003539e+03
1.073995457983666256e+03
1.074008325376920311e+03
1.074140777180705754e+03
1.074203969416856808e+03
1.074275881123744057e+03
1.074287129728335003e+03
1.074300471076375061e+03
1.074337301767519193e+03
1.074346744903862145e+03
1.074364968142210046e+03
1.074384358917197915e+03
1.074393054563623309e+03
1.074404536722117882e+03
1.074482225493438818e+03
1.074491373332637068e+03
1.074492816840287787e+03
1.074542442359937695e+03
1.074728892276799115e+03
1.074749006820462228e+03
1.074755322166817905e+03
1.074797565728462359e+03
1.074915977519333410e+03
1.074992615665830044e+03
1.075041327003165406e+03
1.075060247949211544e+03
1.075099279174145749e+03
1.075104063152818526e+03
1.075160870360442914e+03
1.075225437030538615e+03
1.075393102587419435e+03
1.075408184697833576e+03
1.075409116141026061e+03
1.075448555942998610e+03
1.075509899339168442e+03
1.075588028838895980e+03
1.075598796223120189e+03
1.075613970055351956e+03
1.075649902631317445e+03
1.075669971366327445e+03
1.075768460017439338e+03
1.075800559926873802e+03
1.075880926594328457e+03
1.075924375458213490e+03
1.075998535580213456e+03
1.076018759334120659e+03
1.076107775575432470e+03
1.076123825269856070e+03
1.076163319057026229e+03
1.076175359433847916e+03
1.076207627454746216e+03
1.076226776582725279e+03
1.076242286835837604e+03
1.076412826526907111e+03
1.076421548607499744e+03
1.076498948309392745e+03
1.076706224811408219e+03
1.076707229920687041e+03
1.076767266725433728e+03
1.076781845327232077e+03
1.076783911840932888e+03
1.076809694502073853e+03
1.076946530730159793e+03
1.076947122472697629e+03
1.076991445198764723e+03
1.077026242401031368e+03
1.077129572285688255e+03
1.077133959324991110e+03
1.077191170051680956e+03
1.077248158909159201e+03
1.077303452842940032e+03
1.077446107648776888e+03
1.077532712657921138e+03
1.077534856609518329e+03
1.077566702783367191e+03
1.077592073776216239e+03
1.077610637629619077e+03
1.077640651148037250e+03
1.077664892328057931e+03
1.077693203422308670e+03
1.077886992473930150e+03
1.077891632952986811e+03
1.078019333488541633e+03
1.078052052578004805e+03
1.078100926620662904e+03
1.078189578305450596e+03
1.078211928847826357e+03
1.078240071816919226e+03
1.078266412663910160e+03
1.078289891331804256e+03
1.078419758822315316e+03
1.078508042912989367e+03
1.078513813454996125e+03
1.078519534827170901e+03
1.078547454236807425e+03
1.078552647727990461e+03
1.078600907741903256e+03
1.078608663976694970e+03
1.078645610263620028e+03
1.078645972570467848e+03
1.078665006050270449e+03
1.078721540730566630e+03
1.078754626929661981e+03
1.078946078821212495e+03
1.079049693695703809e+03
1.079071935508098022e+03
1.079074263184889787e+03
1.079167682134561346e+03
1.079288769888614524e+03
1.079374684390397533e+03
1.079381529812873396e+03
1.079690182357480126e+03
1.079705142042806528e+03
1.079769546899142597e+03
1.079888864192363144e+03
1.079902303094234867e+03
1.080021742146004044e+03
1.080040257777454144e+03
1.080227611227177704e+03
1.080244124008596145e+03
1.080397470198852943e+03
1.080400221773062185e+03
1.080461990132910387e+03
1.080499966356746654e+03
1.080532458968465789e+03
1.080545106534173101e+03
1.080606246613732992e+03
1.080616832658891781e+03
1.080657074800042437e+03
1.080671675730661718e+03
1.080827425603267784e+03
1.080828878056359372e+03
1.080840018254315510e+03
1.080853892341729534e+03
1.080880619903716251e+03
1.080893865745412995e+03
1.080927665412074248e+03
1.081030633839330221e+03
1.081092884591146458e+03
1.081136255093609861e+03
1.081140915887119036e+03
1.081200123106508272e+03
1.081209224043699351e+03
1.081286398918504574e+03
1.081300786806171118e+03
1.081327769390078629e+03
1.081349344718380962e+03
1.081447228543612709e+03
1.081453993446008326e+03
1.081495688087813733e+03
1.081503349237211296e+03
1.081564353641266962e+03
1.081682088697445579e+03
1.081710600465990410e+03
1.081744081009290994e+03
1.081875236257227925e+03
1.081912038092426201e+03
1.081945470425459234e+03
1.081988646932130678e+03
1.082047081999226066e+03
1.082052733904607294e+03
1.082138783261470962e+03
1.082167374451543992e+03
1.082171129409853620e+03
1.082248261070996705e+03
1.082271917494054151e+03
1.082277205940400563e+03
1.082327431860933075e+03
1.082433499798316689e+03
1.082542852699172499e+03
1.082700957953463558e+03
1.082802094177303161e+03
1.082802201338022542e+03
1.082826122580757556e+03
1.082911459293399048e+03
1.082934264566763204e+03
1.082980273042291628e+03
1.083026883498710504e+03
1.083049592005198747e+03
1.083167009807998511e+03
1.083201991048294531e+03
1.083233245311295605e+03
1.083533094210443551e+03
1.083567105794148347e+03
1.083576930768784678e+03
1.083612912454691696e+03
1.083697017383953153e+03
1.083772015252293613e+03
1.083849711099868728e+03
1.083911265246472567e+03
1.083925931332346863e+03
1.084024986887207660e+03
1.084136940866864734e+03
1.084147733917080814e+03
1.084154723213315719e+03
1.084340392003221723e+03
1.084441762535378302e+03
1.084553619328716650e+03
1.084662362524340324e+03
1.084701372651251631e+03
1.084753352344232326e+03
1.084792765127002440e+03
1.084795393324131055e+03
1.084863816652444029e+03
1.084899010078238916e+03
1.084951174975872391e+03
1.084986097014717416e+03
1.085019942139097793e+03
1.085029366512014121e+03
1.085045702469720482e+03
1.085054351893527382e+03
1.085065238945563578e+03
1.085245792995638340e+03
1.085254102422220285e+03
1.085269788013478546e+03
1.085314439880682357e+03
1.085361543207307705e+03
1.085369903474324929e+03
1.085448828890857385e+03
1.085525731954256798e+03
1.085539277640387809e+03
1.085556308321592041e+03
1.085695329581326632e+03
1.085782670257264499e+03
1.085842503077834408e+03
1.085846793676563038e+03
1.085873880610637116e+03
1.085914850368392308e+03
1.085925226877728164e+03
1.085954957767318547e+03
1.086000900703321349e+03
1.086020729193772468e+03
1.086096650774404452e+03
1.086188420539610888e+03
1.086207969772701517e+03
1.086299180957847284e+03
1.086304648077605634e+03
1.086395572483088017e+03
1.086403860481987294e+03
1.086408188900426239e+03
1.086459518656796035e+03
1.086491445675638488e+03
1.086610684589760240e+03
1.086633248723693214e+03
1.086650173095422360e+03
1.086684903999126391e+03
1.086715339354816251e+03
1.086736451715440808e+03
1.086795617970696412e+03
1.086866882587104556e+03
1.086962743269301200e+03
1.087143074345781770e+03
1.087158581378029339e+03
1.087221536890964444e+03
1.087246601966710159e+03
1.087303119805265169e+03
1.087335431237924695e+03
1.087589375093266199e+03
1.087654638863303717e+03
1.087806980985101745e+03
1.087897062248777274e+03
1.088013663464645788e+03
1.088097876709508228e+03
1.088128608218737099e+03
1.088143111694967729e+03
1.088166238885156872e+03
1.088167261074661383e+03
1.088204377228200883e+03
1.088239542942773596e+03
1.088276791338193334e+03
1.088459334359351033e+03
1.088580546015701429e+03
1.088589365740231415e+03
1.088612378903009812e+03
1.088639957480202838e+03
1.088662313486885068e+03
1.088742410780187811e+03
1.088779531608500747e+03
1.088821974874891794e+03
1.088917845621615243e+03
1.088999821963878276e+03
1.089006912328073440e+03
1.089069485570858433e+03
1.089098070658631968e+03
1.089115523638146669e+03
1.089118089293449657e+03
1.089151487594678883e+03
1.089173446705471406e+03
1.089187931780289091e+03
1.089247250169527206e+03
1.089320622220675205e+03
1.089334660159967370e+03
1.089337195750861156e+03
1.089431637702721446e+03
1.089432138186283055e+03
1.089570458574608438e+03
1.089619850579723561e+03
1.089639269670466319e+03
1.089653419517679367e+03
1.089653871840698002e+03
1.089667296634022478e+03
1.089674705877148881e+03
1.089722064798902693e+03
1.089731173612585735e+03
1.089768779191888825e+03
1.089813373297715998e+03
1.089831067361519672e+03
1.089832852085749209e+03
1.089834750362601881e+03
1.089836085394743577e+03
1.089903271026625362e+03
1.089922408019184104e+03
1.090001963412619034e+03
1.090030221592133785e+03
1.090060386742363335e+03
1.090096349248480465e+03
1.090158768382146718e+03
1.090174744419181025e+03
1.090181226359511811e+03
1.090221829352421992e+03
1.090241628187453216e+03
1.090270842047198357e+03
1.090322898860476471e+03
1.090356972217519342e+03
1.090405388118758538e+03
1.090444673177098821e+03
1.090511987715580517e+03
1.090573185713023804e+03
1.090611384574076510e+03
1.090668185178365320e+03
1.090771584390668295e+03
1.090799889970353433e+03
1.090826506316185942e+03
1.090898754555298638e+03
1.090942434539998885e+03
1.090946117231929065e+03
1.091057450320550515e+03
1.091059013663322503e+03
1.091128008676911804e+03
1.091199113903433954e+03
1.091352112603005025e+03
1.091354895343044518e+03
1.091400318522841644e+03
1.091428235403029475e+03
1.091448306539122541e+03
1.091453039579473625e+03
1.091494391124912681e+03
1.091526995295341067e+03
1.091532516988963607e+03
1.091579917606568415e+03
1.091646879199613068e+03
1.091719774797834816e+03
1.091837665518880158e+03
1.091864002323707382e+03
1.092016960180989145e+03
1.092117243498407333e+03
1.092134827980186628e+03
1.092143502991398009e+03
1.092172083940504308e+03
1.092197783698238709e+03
1.092240651699591581e+03
1.092284431484741617e+03
1.092353743599741392e+03
1.092389399865621272e+03
1.092394936536310979e+03
1.092492635635697980e+03
1.092511171763487482e+03
1.092688710246941127e+03
1.092694980478371690e+03
1.092853784673646942e+03
1.092858555832334787e+03
1.092871691397535187e+03
1.092874076382441899e+03
1.092935134559649214e+03
1.093030090237042032e+03
1.093058554576787628e+03
1.093190472907727781e+03
1.093235089299166020e+03
1.093284802877092034e+03
1.093378154794742386e+03
1.093395760505952921e+03
1.093417628865610141e+03
1.093535826322087814e+03
1.093651439660584174e+03
1.093838940770517638e+03
1.093954997736895621e+03
1.093961810035500093e+03
1.094048595333183812e+03
1.094074963283865372e+03
1.094309398243426358e+03
1.094341357806742280e+03
1.094381711250065337e+03
1.094419438439825626e+03
1.094438849450059251e+03
1.094442748721141243e+03
1.094555749542972990e+03
1.094636894907028136e+03
1.094644408546323348e+03
1.094719385791579725e+03
1.094768540270667927e+03
1.094794849400025214e+03
1.094809502301483917e+03
1.094907711174971155e+03
1.094967941201585518e+03
1.095007616093741262e+03
1.095054641235143663e+03
1.095059415384894919e+03
1.095091530461499133e+03
1.095102295449519715e+03
1.095113979371906680e+03
1.095168111982793789e+03
1.095289212041267319e+03
1.095315067357447106e+03
1.095326711225586450e+03
1.095379023642524544e+03
1.095481493337452321e+03
1.095550472941261432e+03
1.095652008264702999e+03
1.095690461607377529e+03
1.095760152989509606e+03
1.095767697887588383e+03
1.095789104487337681e+03
1.095813782363346490e+03
1.095849582251872562e+03
1.095981889825736516e+03
1.096085581315675654e+03
1.096092805183607197e+03
1.096102289996881836e+03
1.096124420358900124e+03
1.096141597286730303e+03
1.096189293146466525e+03
1.096305830055251363e+03
1.096469723597795110e+03
1.096522732079085927e+03
1.096613789186667873e+03
1.096651032499181611e+03
1.096662712838386142e+03
1.096699902074159354e+03
1.096740395405922072e+03
1.096808223944586416e+03
1.096820639512454136e+03
1.096843607368272387e+03
1.096866237363630489e+03
1.097026485511271176e+03
1.097055829911141927e+03
1.097126173945242044e+03
1.097195651203479883e+03
1.097211082475553894e+03
1.097253498858836565e+03
1.097365857746807023e+03
1.097398094431597656e+03
1.097543222475420407e+03
1.097555291557696364e+03
1.097559144201675736e+03
1.097670173204877756e+03
1.097764262183514802e+03
1.098009507588351880e+03
1.098066384624724378e+03
1.098204368586527607e+03
1.098292077040287268e+03
1.098385108836164818e+03
1.098427207621793286e+03
1.098451300469787611e+03
1.098587630076453706e+03
1.098615922085285774e+03
1.098654620359517594e+03
1.098684160206721344e+03
1.098725759790023176e+03
1.098757551375325193e+03
1.098760009183707552e+03
1.098866883138403182e+03
1.098896267915558383e+03
1.098940719163839958e+03
1.098948213109840708e+03
1.098948382789827519e+03
1.098962453881505553e+03
1.099023422762776363e+03
1.099028646060244455e+03
1.099148429041143800e+03
1.099160534056763026e+03
1.099171979162660136e+03
1.099181993743125531e+03
1.099182697762018961e+03
1.099256575602287739e+03
1.099360561493778050e+03
1.099408178469165250e+03
1.099418603531765712e+03
1.099435396612705972e+03
1.099467702798401888e+03
1.099622035948048051e+03
1.099636243787514331e+03
1.099702016183340675e+03
1.099730957866581093e+03
1.099748638088886992e+03
1.099779070664713572e+03
1.099782764118769592e+03
1.099862908929307196e+03
1.099876848476965506e+03
1.099941472673724320e+03
1.099945012489888313e+03
1.100100176756292512e+03
1.100110899265300532e+03
1.100218068229981327e+03
1.100300966353099511e+03
1.100472848930927285e+03
1.100505342843489416e+03
1.100570329835117946e+03
1.100593488041285127e+03
1.100603677656182981e+03
1.100632943974842192e+03
1.100642005023898037e+03
1.100842998306032541e+03
1.100848058237180567e+03
1.100892542104152426e+03
1.100941779129452925e+03
1.100980397258125322e+03
1.101034660232750866e+03
1.101040835369444721e+03
1.101081321500700142e+03
1.101098250102662178e+03
1.101239067573605553e+03
1.101310856859381147e+03
1.101490561661231823e+03
1.101492475634671564e+03
1.101509258585303087e+03
1.101520130489890335e+03
1.101520691353203347e+03
1.101534566438652291e+03
1.101591347265082277e+03
1.101604486262563569e+03
1.101640052170987929e+03
1.101749433858556813e+03
1.101808602827547929e+03
1.101833698522609438e+03
1.101856996628082470e+03
1.101887412653782349e+03
1.101897155125443760e+03
1.101947411327561213e+03
1.101970051178867379e+03
1.102065701910530834e+03
1.102136344641676715e+03
1.102183490902259564e+03
1.102206134638576714e+03
1.102217916440987892e+03
1.102292755812078212e+03
1.102326072224221662e+03
1.102338800712733928e+03
1.102349657209643283e+03
1.102358697399372204e+03
1.102433762730464423e+03
1.102446765244698099e+03
1.102484160437820719e+03
1.102514193064122537e+03
1.102557521792430862e+03
1.102662363345924405e+03
1.102763515419609803e+03
1.102793505190180667e+03
1.102794279466936359e+03
1.102822074435056720e+03
1.102868669220162019e+03
1.102909464886124397e+03
1.102962147229858601e+03
1.102970513501942150e+03
1.103022512056337746e+03
1.103032596549325945e+03
1.103102016173497304e+03
1.103122722873220027e+03
1.103184598565542274e+03
1.103187051019369164e+03
1.103213251630808600e+03
1.103274296478514088e+03
1.103287161915336128e+03
1.103366469240315610e+03
1.103416287334504432e+03
1.103460570776258692e+03
1.103482383658800700e+03
1.103515316257860604e+03
1.103560800550095109e+03
1.103592777279807478e+03
1.103652695594641045e+03
1.103681126889151528e+03
1.103692426342809085e+03
1.103704462055024123e+03
1.103704753088832149e+03
1.103722655291122919e+03
1.103791754004527320e+03
1.103870787468078106e+03
1.103882099105357383e+03
1.104041861949501481e+03
1.104076760167075463e+03
1.104201193100477212e+03
1.104262532195720496e+03
1.104326616918597210e+03
1.104331060863017228e+03
1.104343483362196821e+03
1.104343926057885028e+03
1.104406887586892481e+03
1.104428000728689312e+03
1.104505242381819471e+03
1.104525937629495729e+03
1.104611492823756180e+03
1.104618496072760991e+03
1.104628016167918531e+03
1.104648858388765120e+03
1.104675112002526021e+03
1.104696551463985088e+03
1.104768672912304510e+03
1.104773771857217071e+03
1.104795404707667785e+03
1.104886178635311353e+03
1.104889635265655670e+03
1.105032297886772085e+03
1.105246877365039836e+03
1.105251514289073157e+03
1.105268728499167082e+03
1.105292021165135338e+03
1.105366914061971102e+03
1.105412222024936227e+03
1.105463914641170504e+03
1.105534754344965222e+03
1.105541031315620103e+03
1.105630582139958506e+03
1.105691726298159665e+03
1.105734785862530543e+03
1.105845029450313632e+03
1.105905279175598480e+03
1.105916542713874378e+03
1.105944626329775701e+03
1.105978691496303099e+03
1.105981531529846507e+03
1.106136185019894583e+03
1.106143066423425353e+03
1.106202843721799354e+03
1.106238128099578717e+03
1.106239426423566101e+03
1.106368771715195408e+03
1.106464243763673721e+03
1.106501387735521575e+03
1.106514387341382417e+03
1.106520871304786624e+03
1.106543451402314531e+03
1.106558198707304200e+03
1.106593529703999138e+03
1.106763205000030894e+03
1.106805982834448287e+03
1.106916315251692822e+03
1.106968932064019327e+03
1.107001173399075697e+03
1.107097589335502335e+03
1.107129462482991812e+03
1.107230948662159790e+03
1.107248184341199931e+03
1.107255079276904553e+03
1.107351738907473873e+03
1.107396004579014971e+03
1.107505957471063994e+03
1.107644849360383205e+03
1.107647605358635474e+03
1.107682359741925666e+03
1.107705857087394406e+03
1.107755013134182718e+03
1.107833907964036143e+03
1.107850374171413932e+03
1.107891060696323393e+03
1.107952735682894172e+03
1.107959954096921138e+03
1.108044072515891003e+03
1.108090656644920955e+03
1.108239982822251250e+03
1.108260722919234922e+03
1.108266445557848556e+03
1.108301757300539748e+03
1.108306243185330459e+03
1.108480788114874713e+03
1.108482760769711604e+03
1.108552781225292392e+03
1.108590014028953647e+03
1.108613006449576233e+03
1.108616411942890409e+03
1.108665077081852360e+03
1.108709077472548870e+03
1.108725564051959736e+03
1.108846084651794399e+03
1.108864212836177785e+03
1.108894079729771420e+03
1.108933316813526517e+03
1.108938597723090197e+03
1.109073129154590333e+03
1.109096592242011866e+03
1.109100803688983206e+03
1.109125296961669846e+03
1.109171136823062398e+03
1.109207178435227434e+03
1.109266475580445785e+03
1.109269329709979274e+03
1.109286071231953656e+03
1.109371597880204490e+03
1.109375761183147915e+03
1.109472480111988716e+03
1.109477299935533210e+03
1.109567225309295509e+03
1.109589601296230285e+03
1.109636965741600534e+03
1.109645261807485895e+03
1.109648684782551754e+03
1.109660848154568612e+03
1.109667688066024084e+03
1.109686415895159371e+03
1.109722532672121133e+03
1.109766961521565008e+03
1.109844962515830730e+03
1.109898353077279353e+03
1.109945274568061450e+03
1.109971807452972598e+03
1.110003911949995427e+03
1.110030678183593636e+03
1.110122988764675256e+03
1.110136057032268354e+03
1.110136343900205929e+03
1.110189023919610236e+03
1.110200335220950819e+03
1.110310751328705010e+03
1.110408717529808882e+03
1.110412709065628860e+03
1.110418333268437436e+03
1.110452510103141094e+03
1.110499490970701345e+03
1.110515563830754445e+03
1.110578643523489063e+03
1.110623826567369861e+03
1.110643465669565103e+03
1.110644750614263330e+03
1.110714095397616347e+03
1.110726183288062657e+03
1.110816114560411506e+03
1.110843375947865297e+03
1.110886404257675622e+03
1.110989562486496652e+03
1.111089179095308509e+03
1.111112401615178896e+03
1.111124117458016372e+03
1.111198732674114808e+03
1.111227109546005750e+03
1.111237771805707553e+03
1.111355164184760952e+03
1.111366203014639041e+03
1.111367510315422351e+03
1.111368534737204982e+03
1.111417219522599908e+03
1.111471406946924162e+03
1.111490035673906050e+03
1.111509319605986093e+03
1.111530057053107839e+03
1.111587053546337302e+03
1.111590048148496408e+03
1.111722383924321093e+03
1.111734968859409264e+03
1.112136277771198365e+03
1.112145686062893674e+03
1.112219507183073574e+03
1.112232149483847252e+03
1.112236364607315636e+03
1.112340310021250389e+03
1.112438171662431387e+03
1.112464011365108490e+03
1.112524610965819193e+03
1.112565327683432088e+03
1.112661178892948101e+03
1.112680099800502830e+03
1.112717182271811907e+03
1.112750397856348400e+03
1.112772238356650178e+03
1.112883267908659491e+03
1.112892336684360998e+03
1.112900433735629122e+03
1.112943442198544972e+03
1.112997015537278003e+03
1.113007837544147378e+03
1.113032611201589816e+03
1.113179074584808177e+03
1.113193233690278703e+03
1.113248419057920955e+03
1.113315801478133608e+03
1.113345523498688408e+03
1.113484173728531232e+03
1.113550888573958218e+03
1.113581506080741974e+03
1.113623627341832389e+03
1.113682609800908040e+03
1.113727457517995617e+03
1.113832930945207409e+03
1.113855002816017532e+03
1.113872828402455980e+03
1.113884858079074093e+03
1.113886783841516035e+03
1.113888982165489324e+03
1.113991014439542141e+03
1.114047735711091036e+03
1.114101754551914610e+03
1.114149433783502445e+03
1.114244030172786097e+03
1.114276752168675557e+03
1.114378921471287867e+03
1.114401192487877552e+03
1.114531857340565693e+03
1.114591832643666976e+03
1.114606697527126016e+03
1.114648212918581976e+03
1.114686287491862686e+03
1.114693706623813796e+03
1.114738438333861723e+03
1.114757339510441852e+03
1.114760027947536628e+03
1.114908488460846002e+03
1.114959778448584530e+03
1.115064524051096214e+03
1.115120883282751720e+03
1.115142962542397754e+03
1.115178905085016368e+03
1.115235216608247129e+03
1.115396476805008433e+03
1.115411106139639742e+03
1.115515069041015295e+03
1.115643971351863456e+03
1.115699467479524856e+03
1.115833343500764613e+03
1.115858708309368467e+03
1.116011605904747739e+03
1.116072270522445478e+03
1.116074416198510562e+03
1.116193105664514178e+03
1.116226233926020768e+03
1.116257073518530660e+03
1.116298862841142409e+03
1.116306952597586587e+03
1.116338617898377152e+03
1.116427548378835581e+03
1.116428328557037275e+03
1.116444264300070017e+03
1.116444387180263902e+03
1.116471255184496385e+03
1.116536410877047274e+03
1.116616576668858215e+03
1.116761770581944802e+03
1.116808659659266368e+03
1.116823353176059072e+03
1.116952301702816385e+03
1.117026954663465176e+03
1.117069670776842258e+03
1.117129148015663986e+03
1.117258207675272843e+03
1.117320515869775136e+03
1.117343488801563581e+03
1.117405907368256976e+03
1.117407962957724749e+03
1.117432384827263377e+03
1.117458455823873464e+03
1.117467582196838293e+03
1.117468750003021114e+03
1.117475907808931652e+03
1.117529063526417076e+03
1.117610110925501203e+03
1.117832108514758147e+03
1.117853368709618053e+03
1.117899105709145488e+03
1.118037451922378295e+03
1.118046590512165494e+03
1.118109820122721430e+03
1.118180140636158058e+03
1.118184799912554581e+03
1.118283553767317244e+03
1.118367414195778338e+03
1.118369112877280486e+03
1.118373888030019089e+03
1.118376406762889246e+03
1.118396785895199628e+03
1.118432380890209060e+03
1.118470382403593248e+03
1.118485958384713058e+03
1.118607250789215641e+03
1.118630214878118977e+03
1.118632545887321157e+03
1.118650395859403261e+03
1.118688265151807627e+03
1.118714496322539389e+03
1.118730495741131335e+03
1.118737534951228099e+03
1.118823043326291781e+03
1.119100965680380341e+03
1.119120955401240280e+03
1.119144988091856703e+03
1.119193109737223722e+03
1.119256480484623125e+03
1.119281361933381959e+03
1.119399018770180191e+03
1.119440068251107277e+03
1.119469995575217581e+03
1.119522013605548409e+03
1.119674685751569314e+03
1.119753813939144493e+03
1.119755855722757133e+03
1.119776052280323711e+03
1.119807847605741017e+03
1.119826729226463840e+03
1.119886959136594669e+03
1.119974471537376985e+03
1.120040187917612229e+03
1.120267219282862698e+03
1.120283129621735952e+03
1.120387097497006380e+03
1.120459852430634555e+03
1.120482337291592330e+03
1.120548573656046301e+03
1.120554068638165745e+03
1.120631942582206648e+03
1.120669942264630663e+03
1.120687228320518670e+03
1.120740551643145409e+03
1.120791859713116537e+03
1.120803613322812453e+03
1.120805156772683858e+03
1.120833581503454070e+03
1.120875723279782051e+03
1.120980341626927157e+03
1.121112046864575177e+03
1.121149671050619872e+03
1.121219752311394359e+03
1.121248681066995232e+03
1.121317218292763300e+03
1.121328676469829361e+03
1.121351862817059100e+03
1.121402150071422739e+03
1.121403066313656382e+03
1.121467156060321940e+03
1.121557409087584347e+03
1.121582878891644668e+03
1.121612584037716488e+03
1.121707869278252701e+03
1.121782597708648154e+03
1.121799592075954251e+03
1.121819168418866184e+03
1.121875965163337924e+03
1.121917378937710737e+03
1.121926229496071755e+03
1.121944777601357828e+03
1.122059898495145944e+03
1.122118164062125061e+03
1.122331507321069239e+03
1.122404345851249445e+03
1.122546689428272430e+03
1.122558868769045375e+03
1.122632676412919182e+03
1.122633697647483586e+03
1.122689246066324586e+03
1.122720922316139649e+03
1.122742212855783237e+03
1.122841384654984267e+03
1.122937683847562539e+03
1.122938811554975473e+03
1.122985828576348240e+03
1.123008758598959275e+03
1.123035622298343469e+03
1.123124823989560355e+03
1.123143365564218811e+03
1.123286643599467880e+03
1.123296543823727689e+03
1.123350886274634149e+03
1.123406639377042893e+03
1.123421170039345498e+03
1.123440803698752916e+03
1.123530833163408715e+03
1.123602566497579119e+03
1.123622522949774066e+03
1.123660696769888318e+03
1.123663879997513050e+03
1.123675586802593898e+03
1.123708845950952764e+03
1.123713340749548934e+03
1.123806022180928721e+03
1.123869315692425971e+03
1.124013109857229210e+03
1.124072231335000197e+03
1.124213237471485627e+03
1.124253666782277605e+03
1.124299508652724171e+03
1.124488058820713377e+03
1.124539437975868168e+03
1.124541001497476827e+03
1.124605333502028316e+03
1.124723274711989234e+03
1.124802653701991630e+03
1.124846487167594432e+03
1.124902118191904947e+03
1.125133344962536285e+03
1.125138096888239716e+03
1.125193114302266167e+03
1.125209776015113221e+03
1.125260871134147692e+03
1.125307647815865266e+03
1.125315977520013803e+03
1.125327558151014955e+03
1.125376152231561719e+03
1.125383013711106059e+03
1.125398420256039344e+03
1.125488585210119936e+03
1.125508392506414566e+03
1.125541869914092558e+03
1.125683499875599637e+03
1.125696383331570587e+03
1.125721067502739515e+03
1.125767695848341418e+03
1.125838089918937840e+03
1.125954052777440211e+03
1.126077586983541096e+03
1.126152535523160168e+03
1.126165495491441106e+03
1.126166751604849651e+03
1.126190958674179683e+03
1.126198589949329062e+03
1.126260550547604453e+03
1.126314657570488862e+03
1.126316905955628499e+03
1.126407481756921925e+03
1.126421782148413513e+03
1.126450083834462930e+03
1.126505204871361912e+03
1.126533259859635791e+03
1.126562365899203769e+03
1.126565759930609602e+03
1.126591421652512736e+03
1.126663797788079137e+03
1.126787156824703970e+03
1.126813835711179308e+03
1.126841382152485494e+03
1.126902020572157426e+03
1.127045056172617024e+03
1.127060590808550387e+03
1.127089594610554968e+03
1.127169069817289028e+03
1.127216110973730110e+03
1.127221970616070621e+03
1.127271377777564794e+03
1.127281713384817522e+03
1.127317402918157541e+03
1.127355058741204402e+03
1.127459514495085614e+03
1.127490555288387441e+03
1.127506941786043171e+03
1.127520072813542583e+03
1.127623746533244912e+03
1.127633123944110821e+03
1.127660868790154154e+03
1.127671230646433969e+03
1.127745437923585996e+03
1.127777596061502209e+03
1.127799223260992449e+03
1.127821623599436862e+03
1.127917223169254612e+03
1.127957569650575579e+03
1.128020838635815608e+03
1.128134508651058923e+03
1.128250516416538403e+03
1.128270429153881423e+03
1.128422729156628293e+03
1.128423988682407753e+03
1.128447635924808765e+03
1.128560707534074481e+03
1.128576761678778894e+03
1.128592708720975452e+03
1.128610730125963983e+03
1.128658108023895238e+03
1.128686950310489920e+03
1.128751815943479414e+03
1.128864463156856800e+03
1.128920536640071077e+03
1.128931973769921342e+03
1.129066890078348024e+03
1.129082249830820729e+03
1.129090369559760347e+03
1.129095083295901532e+03
1.129136518325639372e+03
1.129142556838802875e+03
1.129150026864364236e+03
1.129167862788793855e+03
1.129184402916456520e+03
1.129230750220195432e+03
1.129315594129120882e+03
1.129387231918867883e+03
1.129402455324499897e+03
1.129416527767996513e+03
1.129585291868390641e+03
1.129585705385731899e+03
1.129691602253366909e+03
1.129702742466256041e+03
1.129849884585910786e+03
1.129870835458658348e+03
1.129899857801673306e+03
1.129961257521993502e+03
1.130005553970941492e+03
1.130024685804227602e+03
1.130065038668547686e+03
1.130130636410718125e+03
1.130132799270344321e+03
1.130133362394827600e+03
1.130163993034277382e+03
1.130171061801962196e+03
1.130225645268028984e+03
1.130237688529378147e+03
1.130266045199952259e+03
1.130277057022558211e+03
1.130316814200150930e+03
1.130322982134780432e+03
1.130324151034839360e+03
1.130326775294961180e+03
1.130481012695875279e+03
1.130488686937038892e+03
1.130550318970672379e+03
1.130553836135042957e+03
1.130559559581525036e+03
1.130595112538982676e+03
1.130626374904439444e+03
1.130777767340351375e+03
1.130922639080196859e+03
1.130998256600969853e+03
1.131044334559021081e+03
1.131074679392763301e+03
1.131096696083689721e+03
1.131243651911736379e+03
1.131289831378262761e+03
1.131333096115009312e+03
1.131346287955330581e+03
1.131348679122354270e+03
1.131493871957763758e+03
1.131512696548046506e+03
1.131541919171621203e+03
1.131548007215286589e+03
1.131638684262897186e+03
1.131640085301570025e+03
1.131729870893678481e+03
1.131737428611422501e+03
1.131846254484955352e+03
1.131911679064475265e+03
1.131920675501319238e+03
1.131962390074394307e+03
1.131981136116475682e+03
1.131990951041448625e+03
1.132088965462379292e+03
1.132114801172628859e+03
1.132140221243718543e+03
1.132149530896275337e+03
1.132173680531523587e+03
1.132276317336437160e+03
1.132298876721492661e+03
1.132450293175159459e+03
1.132596518575760911e+03
1.132604345340258078e+03
1.132614104207441642e+03
1.132713374113938471e+03
1.132738315748548530e+03
1.132738534927354976e+03
1.132754536363498119e+03
1.132800055399171924e+03
1.132880344122215547e+03
1.132887502353946957e+03
1.132893359467744631e+03
1.133020971218978502e+03
1.133090516139719512e+03
1.133135069174951468e+03
1.133208376500464738e+03
1.133236382052606814e+03
1.133307417181692927e+03
1.133330662254370282e+03
1.133344654204696099e+03
1.133409938503915782e+03
1.133437146619989790e+03
1.133636314795242697e+03
1.133657814355360870e+03
1.133785192252144498e+03
1.133920317444102011e+03
1.133934161339648199e+03
1.134014190496640367e+03
1.134042566865953404e+03
1.134167329703682071e+03
1.134197232852508705e+03
1.134265421099242531e+03
1.134296879734775075e+03
1.134309805368465049e+03
1.134320921945578220e+03
1.134348628716706116e+03
1.134419054622586373e+03
1.134465507147866447e+03
1.134523845702005246e+03
1.134540432719042428e+03
1.134573267247277045e+03
1.134575537792702562e+03
1.134660596929873691e+03
1.134890319136884955e+03
1.134916436984843358e+03
1.134916988194688656e+03
1.134926292183565010e+03
1.134979145581715557e+03
1.135026493301146502e+03
1.135104019855779370e+03
1.135118663566258419e+03
1.135190781816713979e+03
1.135249016860684833e+03
1.135268507362548462e+03
1.135307933926989563e+03
1.135315899765876793e+03
1.135346025297813185e+03
1.135452539871712816e+03
1.135479879041270351e+03
1.135571372893243961e+03
1.135615983706961515e+03
1.135626635739426774e+03
1.135670142637352455e+03
1.135705401938138266e+03
1.135730830125258763e+03
1.135737200800487244e+03
1.135764154225411858e+03
1.135767931495909579e+03
1.135773131182382940e+03
1.135800016751548128e+03
1.135818236375499737e+03
1.135948113940933808e+03
1.135971670618732787e+03
1.136042582191342035e+03
1.136080359660084468e+03
1.136141243924466380e+03
1.136156307016409983e+03
1.136298590776900483e+03
1.136336351321566099e+03
1.136425340120893225e+03
1.136448050232938613e+03
1.136453330001714221e+03
1.136509328690332950e+03
1.136509718185885959e+03
1.136541963947023987e+03
1.136552673255377158e+03
1.136602032459413067e+03
1.136796203928625800e+03
1.136827422583199223e+03
1.136912472360835181e+03
1.136947914261548021e+03
1.136982157344681355e+03
1.137115423760396197e+03
1.137225771994256093e+03
1.137302814358891965e+03
1.137320381372631346e+03
1.137359755190446322e+03
1.137372428707259360e+03
1.137401770565874131e+03
1.137434873641719832e+03
1.137523956190403396e+03
1.137637138048430870e+03
1.137663912757259595e+03
1.137664805909433653e+03
1.137763749114091297e+03
1.137773324011369368e+03
1.137821951454732698e+03
1.137823215852868771e+03
1.137848716023900579e+03
1.138062009343840828e+03
1.138067315917874339e+03
1.138094871669769873e+03
1.138113218753847150e+03
1.138230959075471901e+03
1.138332716954243551e+03
1.138346287627930224e+03
1.138350521303728783e+03
1.138399848701620840e+03
1.138420350130256793e+03
1.138476100079863500e+03
1.138477732425578779e+03
1.138484891269934906e+03
1.138542868692483353e+03
1.138554805076210187e+03
1.138652256513066959e+03
1.138655275386594667e+03
1.138667409673623524e+03
1.138994573910591498e+03
1.139022950420791176e+03
1.139083645797586314e+03
1.139093730989798587e+03
1.139140794590774931e+03
1.139205545308693900e+03
1.139224423943554712e+03
1.139312698454508109e+03
1.139358942023848385e+03
1.139383585007105694e+03
1.139424366840064977e+03
1.139467357734425377e+03
1.139476405975865191e+03
1.139502175474583282e+03
1.139523211817606807e+03
1.139548828382324473e+03
1.139620416109697544e+03
1.139653357108393720e+03
1.139794291801829559e+03
1.139811675892253334e+03
1.139838543234928011e+03
1.139915856253234097e+03
1.139955341865869968e+03
1.139994938130310857e+03
1.139997678902858979e+03
1.140023103625238946e+03
1.140038889443399512e+03
1.140404684855540154e+03
1.140423118983685072e+03
1.140531041721069414e+03
1.140587428392468155e+03
1.140608273637848015e+03
1.140647485732366931e+03
1.140739282549103109e+03
1.140846719256877805e+03
1.140855460376674273e+03
1.140876203821537956e+03
1.140896619016737986e+03
1.140898766729842919e+03
1.140944361470230433e+03
1.141040850534837318e+03
1.141064879453123694e+03
1.141132240048496897e+03
1.141181642868948757e+03
1.141205194976203984e+03
1.141212797774937144e+03
1.141274575051320880e+03
1.141370976410781395e+03
1.141428871360802077e+03
1.141429773372548880e+03
1.141441955540645722e+03
1.141445556125298936e+03
1.141487799544281188e+03
1.141558426877913917e+03
1.141564286117918300e+03
1.141655398439585497e+03
1.141695939710740276e+03
1.141754493862023537e+03
1.141932214522019194e+03
1.141936584057460777e+03
1.142052329100027919e+03
1.142059068720595860e+03
1.142084026651914201e+03
1.142179364531244573e+03
1.142297722971595704e+03
1.142333021592624164e+03
1.142378104586741301e+03
1.142439679895471045e+03
1.142529095766002683e+03
1.142535573370290876e+03
1.142618628172966964e+03
1.142651447353933690e+03
1.142681395911126174e+03
1.142708969590714105e+03
1.142744556699276245e+03
1.142889623782729132e+03
1.142929349984007331e+03
1.143082419595985129e+03
1.143092359836942933e+03
1.143156752197523019e+03
1.143240381611027942e+03
1.143297217390034575e+03
1.143343904786356006e+03
1.143385503733964924e+03
1.143484142801241887e+03
1.143570342215632991e+03
1.143576864094585062e+03
1.143671251515372433e+03
1.143697979145086492e+03
1.143712610313447840e+03
1.143814532421709828e+03
1.143842816297836862e+03
1.143925424354894858e+03
1.143940710113821524e+03
1.143940906966895909e+03
1.143975112294707969e+03
1.143980393003023892e+03
1.144050590662351169e+03
1.144066744045905352e+03
1.144096061538979711e+03
1.144100614347108831e+03
1.144117504150124660e+03
1.144193550380732859e+03
1.144201769821146854e+03
1.144253856788084931e+03
1.144378559719854593e+03
1.144435505934229695e+03
1.144518812085663058e+03
1.144524581036193467e+03
1.144539013952034793e+03
1.144651484585113622e+03
1.144714266422188302e+03
1.144765287054375449e+03
1.144819784560483413e+03
1.144846523450024733e+03
1.144848802439332303e+03
1.144925528596318827e+03
1.144982299656795021e+03
1.145014308844965853e+03
1.145129318051530618e+03
1.145149803732417467e+03
1.145167233526104383e+03
1.145270331812984750e+03
1.145350056237374474e+03
1.145386234475443644e+03
1.145393239823056774e+03
1.145405347953646697e+03
1.145458736783854192e+03
1.145483046787195235e+03
1.145573585704032212e+03
1.145723327347271606e+03
1.145805228714762961e+03
1.145828932945861652e+03
1.145906653552426633e+03
1.145928303719356336e+03
1.145937445809227029e+03
1.145939143983710210e+03
1.145963508937578808e+03
1.146080450287860458e+03
1.146094105502699222e+03
1.146105671419205009e+03
1.146280701511433563e+03
1.146281967612748531e+03
1.146359005702395734e+03
1.146378389660082121e+03
1.146380300095109988e+03
1.146505231639119529e+03
1.146512751993174106e+03
1.146552875468055845e+03
1.146568889464697122e+03
1.146572260213522213e+03
1.146574820798706014e+03
1.146580960642212858e+03
1.146584662726293573e+03
1.146656134953548872e+03
1.146689369373800673e+03
1.146710364725273848e+03
1.146737460670195560e+03
1.146869676944195589e+03
1.146990493652661598e+03
1.147053375779394855e+03
1.147161379030509352e+03
1.147180636280921135e+03
1.147204627612872855e+03
1.147252186240098126e+03
1.147301044830552200e+03
1.147333904867614592e+03
1.147359500999581087e+03
1.147573584050009003e+03
1.147659637068031543e+03
1.147688181793054810e+03
1.147753149563219722e+03
1.147768855088460668e+03
1.147774132522141826e+03
1.147795859020483704e+03
1.147821648650768566e+03
1.147822482420231381e+03
1.147906796208731066e+03
1.147929047588100275e+03
1.147972472422924511e+03
1.147976314487452555e+03
1.147985932889888318e+03
1.148096157613238802e+03
1.148143070057075420e+03
1.148293141530837374e+03
1.148627373492892275e+03
1.148650623112444009e+03
1.148668371437229780e+03
1.148766093377277230e+03
1.149095067312519859e+03
1.149144731467816200e+03
1.149224003067158037e+03
1.149300107822655036e+03
1.149322059411672171e+03
1.149364756953154938e+03
1.149454262077673093e+03
1.149512517934963853e+03
1.149513587483879746e+03
1.149534114306329457e+03
1.149541916345210893e+03
1.149555177957656269e+03
1.149673130162725329e+03
1.149675009715836495e+03
1.149687420010558981e+03
1.149705941998003254e+03
1.149753912880575172e+03
1.149792102274962190e+03
1.149804414535215074e+03
1.149813385288485279e+03
1.149826896917667000e+03
1.149861807881432696e+03
1.149877624154075875e+03
1.150025068975545992e+03
1.150056237460394186e+03
1.150059267229885336e+03
1.150124598229334197e+03
1.150144536009314152e+03
1.150197528035251707e+03
1.150213925077818431e+03
1.150256210137807102e+03
1.150330164075535322e+03
1.150461724604578876e+03
1.150476856075685646e+03
1.150497243733194637e+03
1.150528449647907337e+03
1.150659434335307424e+03
1.150775261871717021e+03
1.150779970718231198e+03
1.150787044854315354e+03
1.150821255135830143e+03
1.150826892257966392e+03
1.150848092621283968e+03
1.150856123680100609e+03
1.150906659294262454e+03
1.151055943868571603e+03
1.151342149816297024e+03
1.151365669292081293e+03
1.151411360560389994e+03
1.151508350681088586e+03
1.151514598356793385e+03
1.151573087298899964e+03
1.151599371037139463e+03
1.151610913832921369e+03
1.151636685110511962e+03
1.151640635121951391e+03
1.151700074087329995e+03
1.151714641370674599e+03
1.151733296516973041e+03
1.151739749660725010e+03
1.151839747590770457e+03
1.151873753638273229e+03
1.151916202404008118e+03
1.151958334983919258e+03
1.151984758427864563e+03
1.151995450891442260e+03
1.152063801514028228e+03
1.152070595722818325e+03
1.152076079423661440e+03
1.152137998154199067e+03
1.152149710718700362e+03
1.152168030589371483e+03
1.152200270108409313e+03
1.152230103021989407e+03
1.152291752359543580e+03
1.152340585163975447e+03
1.152392282063133734e+03
1.152454879735810437e+03
1.152472188585520826e+03
1.152491643571633176e+03
1.152520456042722799e+03
1.152538825663654507e+03
1.152748604241855674e+03
1.152832718632783326e+03
1.152841714137414328e+03
1.152841994630502995e+03
1.152844180902663311e+03
1.152858170794477019e+03
1.152864239151851280e+03
1.152902346666766107e+03
1.152999941395725273e+03
1.153066673994082521e+03
1.153078816381026854e+03
1.153104299300957564e+03
1.153139752379173842e+03
1.153222843139802990e+03
1.153314198464711808e+03
1.153434439496151754e+03
1.153470030034543470e+03
1.153529283456769463e+03
1.153535211394473890e+03
1.153576865081692858e+03
1.153591162048585829e+03
1.153619418825715229e+03
1.153669681823512292e+03
1.153684533838925745e+03
1.153687213639147103e+03
1.153687727968264653e+03
1.153688848405591216e+03
1.153689267645183008e+03
1.153695114286973421e+03
1.153708802503368815e+03
1.153721303934901243e+03
1.153937667958201018e+03
1.153955932563983197e+03
1.153962747655798921e+03
1.154002182405087069e+03
1.154099763837906039e+03
1.154156433400734613e+03
1.154173988077410058e+03
1.154215221097653284e+03
1.154277959141287283e+03
1.154343076013767813e+03
1.154397987400193415e+03
1.154500311119093794e+03
1.154602362737882459e+03
1.154645611326202925e+03
1.154673704674497003e+03
1.154725005810528955e+03
1.154810251516206790e+03
1.154810534923128216e+03
1.155051931919829713e+03
1.155062031228377009e+03
1.155093798636731208e+03
1.155196596504006720e+03
1.155209343722945960e+03
1.155241732840458553e+03
1.155248844565650870e+03
1.155273977214979595e+03
1.155283725398903471e+03
1.155306323978212959e+03
1.155329701447724119e+03
1.155579028758696722e+03
1.155842109030351367e+03
1.155848205338855905e+03
1.155912931000607387e+03
1.155915587617177380e+03
1.155917120476229229e+03
1.155922685711054783e+03
1.156091004726176834e+03
1.156232400114067559e+03
1.156243179213441636e+03
1.156251996525803179e+03
1.156265753583546939e+03
1.156301990325914403e+03
1.156344154496107421e+03
1.156356679811523463e+03
1.156427336947865797e+03
1.156445857763386130e+03
1.156573494339980016e+03
1.156626955176102001e+03
1.156655621371420466e+03
1.156733632811246707e+03
1.156818796791958448e+03
1.156835955234801759e+03
1.156856709386208195e+03
1.156994117972109279e+03
1.157003118645535096e+03
1.157005271871774312e+03
1.157035533753365826e+03
1.157116309042666671e+03
1.157190156794387576e+03
1.157316150726905107e+03
1.157354243516995666e+03
1.157359515135772426e+03
1.157403935415634351e+03
1.157479278492308367e+03
1.157484177225242092e+03
1.157493654045373660e+03
1.157494272386172270e+03
1.157539299724654711e+03
1.157648200709887305e+03
1.157703734444680777e+03
1.157904715099336954e+03
1.157907970494964047e+03
1.158024623269347558e+03
1.158108742059805991e+03
1.158127603549003425e+03
1.158309184199223637e+03
1.158326163696176081e+03
1.158436212401802095e+03
1.158542538462651692e+03
1.158613408649916437e+03
1.158654853613064006e+03
1.158661245437868047e+03
1.158699206767293617e+03
1.158721271454278622e+03
1.158799834512911730e+03
1.158870802093239263e+03
1.158991540818743715e+03
1.158992287880181038e+03
1.159075089000142043e+03
1.159214494063746315e+03
1.159292360168230289e+03
1.159299334448700847e+03
1.159303573094085550e+03
1.159304626372539360e+03
1.159354169709000644e+03
1.159403838105989507e+03
1.159620647630191115e+03
1.159646026107892339e+03
1.159666192449053142e+03
1.159715157294060873e+03
1.159802479968882153e+03
1.159940531912465303e+03
1.160021791014171868e+03
1.160049606051912406e+03
1.160099987200974965e+03
1.160196988341003134e+03
1.160230715377787192e+03
1.160242926500959129e+03
1.160252226322387514e+03
1.160252234210238612e+03
1.160315568836148941e+03
1.160321457205935531e+03
1.160335432260653533e+03
1.160353114546880988e+03
1.160394206759052850e+03
1.160419578102465039e+03
1.160475724477362746e+03
1.160478586797859862e+03
1.160485202786735499e+03
1.160519781358224236e+03
1.160540327717217679e+03
1.160557863309629283e+03
1.160561332318330187e+03
1.160674365707137213e+03
1.160733219040303084e+03
1.160739702734241746e+03
1.160743065629419789e+03
1.160927255316696346e+03
1.160984410578346797e+03
1.161011428112444491e+03
1.161071916095030929e+03
1.161142513483015136e+03
1.161218211280018295e+03
1.161250703913622147e+03
1.161278799576212350e+03
1.161279354043432022e+03
1.161409916406012144e+03
1.161456146146585979e+03
1.161467500834817429e+03
1.161593540016508314e+03
1.161716755175888466e+03
1.161943092373706804e+03
1.162046688493038118e+03
1.162352299819761583e+03
1.162366330918322546e+03
1.162458667975726712e+03
1.162545256250521561e+03
1.162558385588331703e+03
1.162563566886541594e+03
1.162757739911987983e+03
1.162775290501875588e+03
1.162877645721508770e+03
1.162877852506253021e+03
1.162878914955058917e+03
1.162910270878764322e+03
1.162923908232205804e+03
1.162982441788386268e+03
1.163024127157899784e+03
1.163028159783273168e+03
1.163037034144105519e+03
1.163061589319422637e+03
1.163071854750588727e+03
1.163150419087997761e+03
1.163177317816484901e+03
1.163182222271031378e+03
1.163215337934715990e+03
1.163220099543816787e+03
1.163227001610052866e+03
1.163240697789979095e+03
1.163338835039980495e+03
1.163468090751435284e+03
1.163555599865479735e+03
1.163575928943341296e+03
1.163591832326450231e+03
1.163631663987024012e+03
1.163695644292284896e+03
1.163946472847295581e+03
1.163953526303046374e+03
1.163956053718434987e+03
1.164015320412925576e+03
1.164104577220571400e+03
1.164198230723043707e+03
1.164254962941246504e+03
1.164408935816713210e+03
1.164444705943260942e+03
1.164567268782785050e+03
1.164739077073919589e+03
1.164832994424831895e+03
1.164851530116545518e+03
1.164862451329976921e+03
1.164902168268223249e+03
1.164932334940367355e+03
1.165037422709954853e+03
1.165042692495272377e+03
1.165057595284046329e+03
1.165127271091730108e+03
1.165132261370653168e+03
1.165151600733222949e+03
1.165176082926864183e+03
1.165224804587308199e+03
1.165233411227989791e+03
1.165331933227647369e+03
1.165361602142287211e+03
1.165486060957003701e+03
1.165517604321817998e+03
1.165533686279580024e+03
1.165541333864531452e+03
1.165541521470788211e+03
1.165579502648091875e+03
1.165585169857391065e+03
1.165610026494393196e+03
1.165654517669530378e+03
1.165670644176361520e+03
1.165680276366318822e+03
1.165754797286752364e+03
1.165901473834844637e+03
1.165906766334275062e+03
1.165915222209500371e+03
1.166076181824813375e+03
1.166078107652404242e+03
1.166268114600359922e+03
1.166268347365470390e+03
1.166371789720802099e+03
1.166390149452129663e+03
1.166529657651998605e+03
1.166548716667905182e+03
1.166601826778825398e+03
1.166605997629399553e+03
1.166619872984173753e+03
1.166694163107393706e+03
1.166731774628892254e+03
1.166863307606635090e+03
1.166891304146742414e+03
1.166993243073204894e+03
1.167023040053073828e+03
1.167216796357155090e+03
1.167377533552554041e+03
1.167397493047395528e+03
1.167506037422240297e+03
1.167600103485864111e+03
1.167611932684217209e+03
1.167660879623042774e+03
1.167664652576567505e+03
1.167755264173106752e+03
1.167764855253099086e+03
1.167768527608087197e+03
1.167794087150571386e+03
1.167837097102939879e+03
1.167933619552984965e+03
1.168116571074134526e+03
1.168145516708038258e+03
1.168148634256376454e+03
1.168217772402381797e+03
1.168259412783251946e+03
1.168289113303903150e+03
1.168307613536223698e+03
1.168342511325176019e+03
1.168363187167335354e+03
1.168433924301100433e+03
1.168473175769845966e+03
1.168577892473861539e+03
1.168617105612968999e+03
1.168630713270822298e+03
1.168725934561948634e+03
1.168766668566413728e+03
1.168778255147469963e+03
1.168827098046246647e+03
1.168849234341070542e+03
1.168942259477900734e+03
1.168972452207651941e+03
1.169037264171018705e+03
1.169042284821293833e+03
1.169067495890809141e+03
1.169271938185607951e+03
1.169354571191918239e+03
1.169363285337730986e+03
1.169379555507340910e+03
1.169399565641951995e+03
1.169452108998396170e+03
1.169522842611895612e+03
1.169592062741239943e+03
1.169627717385887763e+03
1.169710970344847738e+03
1.169739701062396307e+03
1.169746313705213879e+03
1.169787870052601647e+03
1.169940012698040846e+03
1.170018762988870094e+03
1.170061983571238216e+03
1.170114020413052458e+03
1.170247386483064247e+03
1.170275347270975317e+03
1.170295475297918756e+03
1.170484616269573280e+03
1.170584166976912911e+03
1.170603674396272709e+03
1.170634834989691853e+03
1.170661648839418376e+03
1.170669721618798349e+03
1.170828011272452386e+03
1.170853913220593313e+03
1.170958017104309874e+03
1.170968513432627105e+03
1.171008202798767798e+03
1.171009415455214366e+03
1.171081658363425049e+03
1.171125142307761280e+03
1.171174262443403222e+03
1.171176917763022175e+03
1.171188769640025384e+03
1.171192631561112648e+03
1.171209679678323027e+03
1.171259047404163084e+03
1.171300804372764333e+03
1.171348161180369743e+03
1.171388003442244099e+03
1.171403946862801149e+03
1.171417966133851451e+03
1.171425336621276529e+03
1.171519883867405497e+03
1.171567801959192593e+03
1.171578123103672851e+03
1.171587875779730211e+03
1.171691068207670241e+03
1.171758949833636734e+03
1.171812802024104940e+03
1.171838918611367944e+03
1.171854107528577742e+03
1.172048354102236317e+03
1.172128140610707305e+03
1.172146101607057290e+03
1.172240152390400226e+03
1.172311286191123145e+03
1.172328911839819739e+03
1.172356716315194717e+03
1.172367003201305806e+03
1.172372889053193830e+03
1.172437033005912781e+03
1.172452598412199677e+03
1.172538354826809382e+03
1.172809761456323031e+03
1.172813747167659130e+03
1.172845778236842762e+03
1.172926768449559177e+03
1.173004551672297566e+03
1.173075906898068752e+03
1.173097368790915198e+03
1.173127612169758549e+03
1.173172801674003949e+03
1.173355170479053186e+03
1.173375011652119838e+03
1.173503302665965975e+03
1.173518994175897660e+03
1.173744826806512947e+03
1.173800299906259170e+03
1.173831435412047085e+03
1.173878952409708972e+03
1.173894861615953687e+03
1.173910883854253370e+03
1.173916910638380386e+03
1.173922965393350751e+03
1.173944325762338167e+03
1.174016280038627883e+03
1.174063101033120347e+03
1.174068512852155209e+03
1.174164119973422203e+03
1.174210105756308167e+03
1.174372130621973156e+03
1.174427591862221789e+03
1.174437221055777627e+03
1.174469323170392954e+03
1.174521600107037784e+03
1.174523033698927293e+03
1.174523784825906205e+03
1.174530713630728997e+03
1.174545208819996787e+03
1.174573275230970239e+03
1.174606692152267897e+03
1.174614118754155925e+03
1.174670068419920881e+03
1.174715402529735911e+03
1.174732842410808189e+03
1.174733530112710923e+03
1.174737571525599378e+03
1.174762425451050376e+03
1.174770785731153637e+03
1.174794431693421757e+03
1.174843899314299961e+03
1.174883518685012632e+03
1.174896663337629207e+03
1.174917729534331556e+03
1.174965329471220684e+03
1.175063941417502974e+03
1.175133902989521630e+03
1.175174207589504704e+03
1.175196701406811371e+03
1.175219411958580622e+03
1.175325182935556768e+03
1.175327184653714767e+03
1.175548254822502940e+03
1.175602842924395873e+03
1.175659992720791934e+03
1.175661929649801777e+03
1.175708440167253457e+03
1.175741598043246995e+03
1.175747188154580044e+03
1.175763469260959937e+03
1.175873976145955339e+03
1.175913900243656826e+03
1.175940572262616115e+03
1.175944345207527476e+03
1.176006954631500093e+03
1.176067630680907541e+03
1.176115232225273985e+03
1.176150926527487854e+03
1.176179365545411883e+03
1.176224345964992153e+03
1.176237635174642719e+03
1.176379366095729438e+03
1.176423799208749870e+03
1.176442438876581946e+03
1.176472301630622042e+03
1.176554215312565702e+03
1.176563029268666014e+03
1.176580353875668607e+03
1.176637248777412196e+03
1.176656201320707623e+03
1.176734832922942587e+03
1.176741822095585576e+03
1.176813740687510517e+03
1.176817280683108947e+03
1.176817914311688128e+03
1.176932163123255350e+03
1.176975697836950530e+03
1.176997377711159515e+03
1.177010614716790315e+03
1.177058585822701843e+03
1.177094151602617785e+03
1.177333114542134354e+03
1.177537480963741928e+03
1.177587877225349985e+03
1.177617125104426350e+03
1.177650904317121558e+03
1.177708264893607065e+03
1.177713620470677370e+03
1.177733521520432987e+03
1.177737434315402425e+03
1.177741243863302543e+03
1.177752141667397382e+03
1.177785345680185401e+03
1.177862149086803583e+03
1.177895376673686997e+03
1.177915810933831608e+03
1.177920108058000324e+03
1.177960066289507040e+03
1.177975888791819671e+03
1.178023605841462540e+03
1.178212628697973059e+03
1.178218529281645715e+03
1.178230450098506708e+03
1.178262486805292610e+03
1.178435556178395473e+03
1.178509434962558998e+03
1.178623686561847308e+03
1.178643988439078839e+03
1.178885645167136317e+03
1.178891070819790912e+03
1.178893792198586198e+03
1.178990551510865316e+03
1.179121598050629927e+03
1.179126345757454828e+03
1.179132365372049662e+03
1.179134052217091721e+03
1.179139571292225583e+03
1.179151320701923169e+03
1.179326776458319046e+03
1.179381886427384870e+03
1.179457265032935766e+03
1.179532101620874073e+03
1.179570395445256509e+03
1.179650243493400012e+03
1.179695536698874548e+03
1.179714420400320932e+03
1.179755595736051191e+03
1.179793721519266001e+03
1.179880429941946431e+03
1.180080547072689569e+03
1.180107017140950120e+03
1.180179084387462581e+03
1.180184339248536389e+03
1.180259330628660109e+03
1.180282544981620276e+03
1.180284554329080947e+03
1.180307122937264239e+03
1.180354285836200233e+03
1.180360634918807591e+03
1.180489508713281793e+03
1.180493551454201452e+03
1.180626519256159327e+03
1.180687921862391022e+03
1.180707924265886504e+03
1.180732700623746268e+03
1.180800210195972568e+03
1.180846208959154410e+03
1.180901891639586893e+03
1.180926538028465529e+03
1.180959991349812299e+03
1.181189591631018629e+03
1.181201626649130276e+03
1.181228678537109317e+03
1.181245931611179458e+03
1.181318363830677754e+03
1.181390562679376217e+03
1.181407859707651596e+03
1.181412104405936816e+03
1.181412679332543576e+03
1.181440562139667009e+03
1.181466972394648792e+03
1.181689766296161679e+03
1.181721491541165051e+03
1.181736305377515691e+03
1.181847231106460413e+03
1.181881003144846090e+03
1.181926714741879323e+03
1.181931742717627230e+03
1.181955880256717592e+03
1.182100200545384951e+03
1.182144720168700815e+03
1.182165838158995939e+03
1.182214968658292264e+03
1.182335594845005971e+03
1.182351604460867748e+03
1.182386776127823168e+03
1.182546109453177223e+03
1.182555570486828174e+03
1.182619158793319684e+03
1.182666817034411224e+03
1.182723738013560478e+03
1.182745371065236668e+03
1.182764206156552291e+03
1.182821839996559220e+03
1.182833978190745938e+03
1.182861184794998962e+03
1.182871608297163903e+03
1.182872025273086138e+03
1.183047448859525957e+03
1.183075704413127823e+03
1.183249959914956662e+03
1.183257519872270905e+03
1.183301779680593654e+03
1.183312997772299013e+03
1.183391047812104944e+03
1.183467602950294122e+03
1.183473576325105796e+03
1.183595133882701020e+03
1.183605956534789811e+03
1.183653420136729892e+03
1.183865563363252022e+03
1.183972585202136088e+03
1.184129408454332861e+03
1.184150381491762801e+03
1.184155960238927719e+03
1.184166394349624852e+03
1.184201101222668740e+03
1.184279908555599150e+03
1.184288043540784201e+03
1.184341944558881778e+03
1.184361491436480719e+03
1.184382358357800285e+03
1.184436581658361092e+03
1.184468043296649057e+03
1.184551617817769056e+03
1.184560093129594861e+03
1.184638113201802753e+03
1.184641432760177167e+03
1.184652219679559721e+03
1.184705597126205930e+03
1.184802122573917813e+03
1.184816685639280877e+03
1.184836500373977287e+03
1.184875014826694496e+03
1.184886900587308219e+03
1.184970242356647304e+03
1.185044523046913355e+03
1.185052372799505747e+03
1.185083537974697492e+03
1.185158082459101252e+03
1.185178656331235288e+03
1.185228790558403944e+03
1.185231366441300452e+03
1.185278279042638815e+03
1.185286561290808550e+03
1.185375330994140086e+03
1.185397291096532854e+03
1.185413824323622748e+03
1.185505731976660627e+03
1.185508304222116294e+03
1.185533563698880471e+03
1.185556665752859089e+03
1.185573425431779242e+03
1.185694806965389716e+03
1.185764307707770740e+03
1.185767610593587506e+03
1.185830319095135792e+03
1.185867783720501393e+03
1.185983348816420630e+03
1.186002115907934694e+03
1.186044800722225318e+03
1.186079533665828876e+03
1.186113157863604101e+03
1.186143607853604635e+03
1.186155118117158736e+03
1.186225588063036639e+03
1.186255601518354752e+03
1.186414724223224766e+03
1.186429834131181906e+03
1.186487236418908651e+03
1.186628508120676543e+03
1.186682959784838204e+03
1.186785462818763790e+03
1.186873325202282786e+03
1.186895648754782542e+03
1.186941478786269272e+03
1.186949974410102413e+03
1.186988316882297795e+03
1.187001412528782339e+03
1.187069490043582846e+03
1.187107035047395584e+03
1.187133520806620936e+03
1.187149174020997179e+03
1.187481385215071441e+03
1.187485105797878305e+03
1.187487332694495080e+03
1.187499580263160169e+03
1.187676728320610891e+03
1.187870460270278954e+03
1.187923660341251889e+03
1.188029717982496322e+03
1.188041755472458362e+03
1.188220608235630380e+03
1.188228311552724335e+03
1.188233642128069960e+03
1.188239593217282163e+03
1.188282156762119939e+03
1.188358085095334900e+03
1.188380923055818130e+03
1.188571522862758002e+03
1.188600018051253528e+03
1.188608170390032228e+03
1.188639535248664515e+03
1.188696356745798994e+03
1.188785613552551013e+03
1.188816308942166188e+03
1.188861330651128128e+03
1.188876884649303520e+03
1.188928795778929953e+03
1.189142130576487716e+03
1.189144645454033935e+03
1.189253456589286770e+03
1.189294765667295906e+03
1.189309289877671745e+03
1.189464222122624733e+03
1.189497242019881014e+03
1.189517392195771890e+03
1.189527406144997940e+03
1.189541421757172429e+03
1.189630864653787967e+03
1.189678513687505756e+03
1.189800747405786751e+03
1.189813943629224696e+03
1.189820400031382405e+03
1.189820705338159087e+03
1.189856155147681420e+03
1.190175215750460666e+03
1.190234582232267257e+03
1.190253019217547489e+03
1.190357740310174904e+03
1.190433839661066031e+03
1.190434616421819328e+03
1.190519491772579613e+03
1.190537363159457527e+03
1.190545469901655224e+03
1.190558300448569753e+03
1.190589910560660428e+03
1.190617568339285754e+03
1.190634614556871611e+03
1.190644064848547941e+03
1.190715887587555699e+03
1.190946698050882787e+03
1.191021905026412469e+03
1.191039449396026157e+03
1.191053488622550958e+03
1.191065762290612611e+03
1.191073111656528226e+03
1.191113185099188968e+03
1.191159679280588989e+03
1.191220803546111028e+03
1.191277808610598868e+03
1.191295097714338226e+03
1.191315144807414526e+03
1.191372353729524093e+03
1.191393850404201203e+03
1.191405802821790303e+03
1.191429249923732641e+03
1.191445128415659383e+03
1.191449751327848617e+03
1.191538390040255308e+03
1.191634294076695824e+03
1.191646701140822643e+03
1.191650049397947441e+03
1.191717178094475230e+03
1.191729061053347323e+03
1.191754058262894432e+03
1.191757372478554316e+03
1.191770199066893611e+03
1.191848927292480994e+03
1.191930510560305493e+03
1.191942112511812411e+03
1.191962579681141278e+03
1.191969786967094024e+03
1.191973640341469491e+03
1.192216140929063613e+03
1.192269437626234321e+03
1.192308492468026543e+03
1.192381007132839386e+03
1.192472660324245226e+03
1.192554839739010049e+03
1.192555673626664202e+03
1.192566013022151992e+03
1.192619209842802093e+03
1.192642770809021613e+03
1.192844998985081475e+03
1.192899740675782368e+03
1.193056546641384102e+03
1.193067794305882217e+03
1.193167533529552884e+03
1.193186916186847611e+03
1.193415044754937298e+03
1.193423625034184624e+03
1.193459943670379289e+03
1.193538657956546558e+03
1.193566996237961121e+03
1.193598559728460941e+03
1.193813281749795124e+03
1.193840977814565349e+03
1.193887303972391692e+03
1.193890108139318500e+03
1.193982432676931921e+03
1.194034662758394688e+03
1.194060540175500819e+03
1.194061355260174651e+03
1.194106139096154948e+03
1.194106776027219667e+03
1.194106836244161286e+03
1.194154704715741445e+03
1.194165180129235978e+03
1.194175832832186188e+03
1.194228793502981262e+03
1.194231553136173034e+03
1.194250353711073558e+03
1.194258446251189753e+03
1.194301842280389110e+03
1.194356043021202595e+03
1.194419894548513184e+03
1.194434628621865841e+03
1.194439302950385354e+03
1.194443400541580104e+03
1.194471170038540777e+03
1.194616964741630454e+03
1.194629242446377248e+03
1.194644078022240137e+03
1.194649395450315524e+03
1.194695911164747713e+03
1.194752863019405822e+03
1.194804354360482648e+03
1.194903065299754189e+03
1.194936383341239889e+03
1.194943603254761683e+03
1.194960685895544884e+03
1.195014985010746614e+03
1.195062467301409470e+03
1.195100325260598765e+03
1.195157762323974794e+03
1.195208483811354427e+03
1.195315052095511192e+03
1.195359148538764430e+03
1.195434538058543694e+03
1.195448836046765337e+03
1.195505524593122573e+03
1.195621763121348295e+03
1.195646129346237558e+03
1.195721632552464825e+03
1.195786143467325246e+03
1.195789212041566543e+03
1.195832766953815735e+03
1.195839740940504726e+03
1.196010789274493163e+03
1.196094197609023013e+03
1.196100008785459067e+03
1.196106500098579772e+03
1.196151628595146576e+03
1.196172776138042764e+03
1.196174552619394490e+03
1.196213557802747346e+03
1.196238096298917753e+03
1.196243424165627403e+03
1.196324378479116376e+03
1.196447678856690345e+03
1.196518330065533291e+03
1.196604747419322166e+03
1.196616946028223765e+03
1.196632243283163234e+03
1.196643936292930221e+03
1.196716358279029009e+03
1.196864104188759484e+03
1.196927190854034734e+03
1.197033818948663566e+03
1.197084721155446914e+03
1.197109244527086048e+03
1.197136980060279939e+03
1.197140895515084594e+03
1.197142493645092372e+03
1.197201943848964220e+03
1.197230794692638256e+03
1.197270966803861029e+03
1.197311750767978538e+03
1.197327994067433792e+03
1.197360296991618497e+03
1.197392112675750923e+03
1.197416698741457822e+03
1.197502626622207572e+03
1.197532624402896317e+03
1.197578896593146283e+03
1.197691834631428492e+03
1.197792417654167821e+03
1.197902973679878642e+03
1.197918709559345416e+03
1.197920490010894355e+03
1.197935617398614340e+03
1.197951952914783760e+03
1.198071996078129359e+03
1.198124379120193908e+03
1.198128640893006605e+03
1.198135914070562194e+03
1.198144375026586431e+03
1.198194144665756085e+03
1.198260624117513998e+03
1.198358802746995025e+03
1.198500006575767429e+03
1.198511270401827915e+03
1.198529807102000632e+03
1.198543550190953511e+03
1.198565767887033189e+03
1.198688826479581166e+03
1.198731623030007540e+03
1.198798630203813445e+03
1.198832309122659808e+03
1.198833773247217550e+03
1.198837090681061454e+03
1.198875691871200843e+03
1.198939124377479175e+03
1.198951249012681501e+03
1.199015239459920167e+03
1.199098451531491264e+03
1.199124994230978928e+03
1.199193597875908154e+03
1.199219476119178580e+03
1.199276190781082732e+03
1.199348386329640334e+03
1.199589345471621982e+03
1.199610531762508344e+03
1.199637001679243212e+03
1.199646055000048364e+03
1.199657467394011519e+03
1.199716577144674375e+03
1.199841050349727539e+03
1.199866144052806703e+03
1.199876057115693357e+03
1.199892837710990761e+03
1.199923190928992199e+03
1.199940361263269324e+03
1.199953662451285254e+03
