0.000000
0.025389
0.039196
0.040518
0.119927
0.264490
0.294393
0.401097
0.402025
0.462677
0.478440
0.591384
0.860970
0.941309
0.951269
0.961942
1.051689
1.100386
1.249468
1.310774
1.347094
1.349911
1.574722
1.637932
1.669464
1.673398
1.719410
1.767165
1.779740
1.788117
1.852594
2.042959
2.064166
2.092871
2.124817
2.148825
2.168218
2.506257
2.517873
2.665218
2.685860
2.823937
2.875481
2.884693
2.907089
2.933290
3.057950
3.235572
3.251143
3.280838
3.283250
3.301965
3.327265
3.378940
3.532853
3.560537
4.016112
4.030228
4.121221
4.277992
4.299562
4.370701
4.549082
4.579618
4.877260
5.027085
5.076369
5.191402
5.274507
5.274879
5.544548
5.651677
5.669150
5.678621
5.946581
5.968480
5.987059
6.110469
6.154920
6.217978
6.225372
6.260929
6.316565
6.356882
6.470934
6.509049
6.516493
6.544859
6.546093
6.641968
6.813149
6.838690
6.925173
6.934944
6.968535
7.045345
7.209164
7.233632
7.238209
7.292961
7.543299
7.575464
7.633216
7.672393
7.853885
7.956437
7.960518
8.026887
8.053358
8.092027
8.106898
8.135454
8.161902
8.162784
8.195561
8.214930
8.237403
8.339872
8.499294
8.611551
8.629811
8.751346
8.799685
8.842186
8.858805
9.009326
9.087801
9.124195
9.162108
9.201180
9.275463
9.311461
9.318855
9.423586
9.494867
9.918758
9.965569
9.984102
10.044887
10.049703
10.205902
10.225876
10.297721
10.441015
10.540265
10.569244
10.572177
10.611952
10.679543
10.784859
10.936664
11.016678
11.017676
11.055636
11.144094
11.147547
11.176629
11.387400
11.427169
11.471646
11.651228
11.710585
11.722065
11.752035
11.845602
11.885676
11.944806
12.039188
12.083628
12.219063
12.320120
12.329539
12.521314
12.529340
12.544837
12.545186
12.547630
12.586685
12.698848
12.729976
12.832958
12.927790
12.975921
13.034205
13.043804
13.047946
13.166640
13.254988
13.283631
13.315259
13.419062
13.437014
13.442947
13.580106
13.669652
13.735091
13.893346
13.897027
13.928942
14.038854
14.135522
14.304376
14.404799
14.493814
14.493898
14.520491
14.563665
14.627918
14.745151
14.773143
14.857237
14.867542
14.882418
14.998558
15.004860
15.086269
15.259960
15.406942
15.416535
15.421498
15.536103
15.658987
15.675043
15.777559
15.935116
16.056993
16.152270
16.201571
16.332865
16.344014
16.368852
16.394910
16.396064
16.456149
16.475245
16.583491
16.641121
16.666848
16.678999
16.751314
16.834405
16.835159
16.891242
16.992285
17.001152
17.047418
17.164212
17.225930
17.253945
17.277071
17.287814
17.375819
17.376099
17.439966
17.466912
17.529357
17.637685
17.865597
17.869089
17.901403
17.940583
17.946060
17.970176
17.993436
18.056211
18.090528
18.137955
18.193049
18.224676
18.275244
18.277046
18.378809
18.401305
18.507791
18.508202
18.511639
18.590476
18.612509
18.687627
18.884488
18.920345
19.001722
19.018571
19.257390
19.282162
19.331272
19.430696
19.539067
19.545452
19.548530
19.606047
19.713836
19.768831
19.838781
19.899420
19.900682
19.929775
19.965159
20.063808
20.116428
20.118782
20.119560
20.133901
20.407210
20.478194
20.572336
20.643897
20.649114
20.668382
20.752401
20.835286
20.878335
21.134317
21.246251
21.450504
21.533298
21.561512
21.578008
21.596651
21.678933
21.780295
21.811571
21.861745
22.040822
22.065252
22.090180
22.143445
22.147624
22.162145
22.168303
22.172928
22.176317
22.235065
22.265589
22.368810
22.485625
22.521106
22.686782
22.723066
22.763526
22.854993
22.941210
22.958293
23.068410
23.091538
23.162568
23.215737
23.237603
23.302491
23.306964
23.345070
23.579031
23.597785
23.611322
23.615330
23.653379
23.676733
23.717031
23.757673
23.789404
23.794040
23.800635
23.918610
23.936751
24.150317
24.153216
24.321442
24.359352
24.399191
24.506665
24.512602
24.526252
24.971729
24.994233
25.047615
25.361911
25.396029
25.541704
25.627538
25.683821
25.816938
25.820579
25.848878
25.889678
25.964152
26.017857
26.238776
26.287330
26.356665
26.368506
26.643668
26.762787
26.817123
26.856734
26.859311
26.878394
26.928072
27.077855
27.145252
27.147835
27.200859
27.257885
27.278831
27.331214
27.367412
27.375452
27.488165
27.490146
27.492497
27.603713
27.678182
27.682403
27.685139
27.757841
27.899715
27.909083
27.945590
27.989235
28.010607
28.014834
28.142318
28.210956
28.224668
28.235357
28.325560
28.335223
28.339276
28.363245
28.399467
28.433683
28.467759
28.495070
28.532354
28.587961
28.639543
28.696538
28.710404
28.721821
28.727833
28.754489
28.828653
28.840168
28.884252
28.943100
28.953371
29.045466
29.087729
29.090178
29.224728
29.255402
29.357658
29.404254
29.404909
29.446492
29.464031
29.495891
29.649777
29.897341
29.924278
29.927136
30.056021
30.072745
30.103737
30.106794
30.204042
30.211495
30.256074
30.469999
30.482464
30.590921
30.698537
30.731368
30.802604
31.004416
31.020911
31.032813
31.071018
31.091984
31.169477
31.324212
31.396088
31.429997
31.501634
31.548849
31.800968
31.855389
31.856065
31.897046
31.927939
31.950856
31.972846
31.982225
31.987935
32.047750
32.194277
32.216727
32.243464
32.259657
32.387719
32.406522
32.479343
32.619627
32.639340
32.671354
32.673879
32.770977
32.827912
32.888165
33.069599
33.095221
33.175609
33.234387
33.290020
33.405572
33.478767
33.702132
33.832076
33.870718
33.931333
33.947655
34.127931
34.150615
34.222061
34.265929
34.591202
34.772484
34.889236
34.993141
35.346889
35.384600
35.394458
35.456597
35.477102
35.529212
35.611805
35.668548
35.688958
35.711389
35.715010
35.729604
35.762662
35.781982
36.053508
36.090203
36.093898
36.123482
36.137636
36.142795
36.254259
36.342744
36.387980
36.468498
36.487301
36.642841
36.658225
36.770189
36.802370
36.955870
36.961134
37.267902
37.333547
37.337195
37.348301
37.406328
37.457516
37.476415
37.488302
37.604357
37.606547
37.659224
37.665695
37.778340
37.849697
37.927995
37.936438
38.005384
38.049690
38.139882
38.191586
38.237495
38.284750
38.354380
38.441392
38.471799
38.547037
38.682946
38.841581
38.842292
39.088096
39.261502
39.275482
39.360661
39.391609
39.400735
39.538112
39.613790
39.638968
39.655588
39.738791
39.896411
39.935843
39.988875
40.130056
40.191762
40.191873
40.317575
40.465601
40.539166
40.709062
40.774858
40.853654
40.943612
40.973426
41.177527
41.189892
41.204762
41.611935
41.646899
41.654410
41.677178
41.806327
41.833312
42.013857
42.051623
42.067840
42.075750
42.199663
42.360754
42.374103
42.441336
42.475406
42.609924
42.610842
42.777038
42.866196
42.951865
43.009642
43.022830
43.276298
43.464818
43.465660
43.482123
43.499576
43.508838
43.591775
43.614338
43.665996
43.678914
43.723598
43.745624
43.894893
43.927896
43.935531
44.048329
44.092728
44.126999
44.143269
44.212290
44.259059
44.291504
44.364988
44.432663
44.597503
44.696299
44.818823
44.872631
44.946137
45.071968
45.147012
45.152498
45.186256
45.412447
45.675316
45.679149
45.699796
45.838564
45.900990
45.936627
45.984957
46.075027
46.090139
46.167793
46.289963
46.317474
46.484847
46.565921
46.620303
46.701845
46.718626
46.747476
46.798430
46.844426
46.968499
47.001337
47.163849
47.191191
47.202331
47.225128
47.279224
47.513727
47.536499
47.563481
47.611699
47.618675
47.686083
47.760151
47.794793
47.799354
47.873784
47.919977
47.927527
47.936139
47.945642
48.128956
48.133113
48.237938
48.272430
48.503506
48.511173
48.516551
48.561809
48.599737
48.659284
48.708121
48.718477
49.002263
49.023216
49.024793
49.142091
49.155566
49.399697
49.413495
49.577799
49.824206
49.844759
49.924089
50.007453
50.018418
50.178786
50.235804
50.241675
50.276127
50.306711
50.313559
50.372252
50.654043
50.657707
50.661341
50.664808
50.708208
50.746356
50.813413
50.954949
50.981898
51.043395
51.104789
51.212971
51.322647
51.372003
51.419877
51.423287
51.786243
51.835174
51.878860
51.885515
51.907968
51.996042
52.456622
52.516780
52.516888
52.577271
52.719142
52.775376
52.792718
53.012138
53.095939
53.112296
53.116557
53.257798
53.287777
53.328121
53.375789
53.386562
53.417515
53.479431
53.594482
53.757610
53.784036
53.796762
53.801529
53.840559
53.911601
53.941189
54.022826
54.099530
54.109939
54.157896
54.189022
54.312713
54.335417
54.354672
54.565617
54.587214
54.614379
54.717597
54.746555
54.806940
54.829205
54.943690
54.982081
55.038261
55.223488
55.314054
55.375063
55.512437
55.596303
55.686250
55.747249
55.781940
55.796201
55.803604
55.918935
55.953378
56.088415
56.141015
56.238878
56.309264
56.659491
56.705732
56.718490
56.810816
56.815421
56.817523
56.946431
56.969719
56.974068
57.095769
57.106978
57.144021
57.167505
57.261540
57.466247
57.543473
57.562211
57.581860
57.672672
57.681885
57.700612
57.746235
57.816280
57.851628
57.888613
57.922104
57.961130
58.046474
58.129850
58.135705
58.175915
58.198061
58.239867
58.405066
58.411740
58.454779
58.498672
58.617708
58.634034
58.728893
58.772524
58.783236
58.888721
58.929949
59.071694
59.085991
59.124738
59.142764
59.367151
59.711065
59.776350
59.812368
59.856125
59.921108
59.970107
60.160853
60.161935
60.189585
60.198725
60.206410
60.327335
60.403416
60.428312
60.554173
60.675999
60.751641
60.781909
60.929208
61.203616
61.204816
61.286816
61.330118
61.341942
61.367615
61.454229
61.492380
61.643829
61.698087
61.746576
61.775142
61.987522
62.154124
62.180325
62.281587
62.392488
62.407100
62.422138
62.518745
62.692191
62.715735
62.722308
62.802643
62.914741
62.923671
62.929463
63.027295
63.142099
63.151892
63.159393
63.223368
63.315071
63.351362
63.376924
63.404783
63.418907
63.773098
63.780919
63.928215
63.953006
63.991261
63.994771
64.020341
64.022478
64.159831
64.193171
64.353013
64.360345
64.361195
64.371738
64.386981
64.431222
64.452666
64.556420
64.661421
64.665174
64.683978
64.778998
64.813079
64.971591
65.017196
65.066254
65.214885
65.218531
65.226283
65.231759
65.311886
65.385702
65.524731
65.537266
65.552430
65.785944
65.787404
65.826236
65.871796
65.873218
65.880069
65.892310
65.978908
65.987245
66.052781
66.077838
66.137353
66.154103
66.261447
66.267798
66.332527
66.340114
66.349957
66.401163
66.417165
66.449107
66.499583
66.570091
66.699817
66.750804
66.796693
66.818707
66.866985
66.881621
66.912906
66.935910
66.956195
66.988318
67.069610
67.098618
67.119647
67.182654
67.213132
67.261103
67.278660
67.461355
67.466534
67.546664
67.800504
67.973998
68.140379
68.141358
68.235729
68.250437
68.337083
68.413049
68.543048
68.553248
68.569466
68.701331
68.713187
68.826796
68.850697
68.905867
68.918629
68.934978
68.975579
69.127467
69.128568
69.136995
69.196546
69.202107
69.222996
69.274783
69.306489
69.316676
69.362871
69.402882
69.402984
69.471220
69.568791
69.590657
69.796720
69.864546
69.866027
69.868415
69.887881
69.928405
70.196306
70.214674
70.222219
70.287367
70.417745
70.429041
70.447964
70.537304
70.598924
70.601974
70.630933
70.743857
70.775212
70.836379
70.904803
70.998609
71.025143
71.047694
71.085801
71.282338
71.393085
71.398619
71.431146
71.482638
71.538088
71.581038
71.719358
71.722865
71.815980
71.843216
71.848377
71.919455
71.942306
71.977006
71.995699
72.060336
72.079117
72.101368
72.154498
72.193255
72.206723
72.262607
72.357423
72.411841
72.465774
72.610340
72.651278
72.658429
72.679868
72.707703
72.710820
72.826326
72.973286
73.087929
73.190934
73.320655
73.334796
73.404802
73.502648
73.511336
73.520793
73.575547
73.716311
73.914688
73.948960
74.230217
74.517629
74.531798
74.616397
74.641045
74.661910
74.750290
74.773319
74.791695
74.810899
74.832648
74.881855
74.926413
75.065464
75.112983
75.218888
75.334586
75.336345
75.361406
75.406722
75.544542
75.548994
75.580988
75.584009
75.584736
75.618262
75.648344
75.649019
75.678673
75.769194
75.822611
75.933923
75.948199
75.995319
76.069776
76.095714
76.130582
76.163165
76.255405
76.283573
76.407178
76.477631
76.484766
76.492860
76.713838
76.748618
76.895539
76.905768
76.934482
77.057954
77.154701
77.188397
77.199529
77.237640
77.265506
77.274088
77.308106
77.309645
77.391069
77.427818
77.428248
77.616023
77.656380
77.702962
77.778691
77.806662
77.809319
77.809625
77.850773
77.887530
77.973942
77.994661
78.021882
78.034137
78.170069
78.174395
78.279030
78.371004
78.512096
78.513400
78.695926
78.936232
78.940027
78.999953
79.102161
79.126393
79.252497
79.334669
79.395744
79.422651
79.479989
79.483200
79.508452
79.553894
79.667857
79.761048
79.785588
79.860625
79.919882
79.946204
80.427039
80.439738
80.550422
80.578916
80.776364
80.818868
81.035682
81.205519
81.243414
81.412235
81.452046
81.459270
81.462326
81.549171
81.553684
81.554065
81.564823
81.626672
81.763509
81.802872
81.842585
81.915847
81.945667
82.038403
82.181273
82.223681
82.456606
82.523652
82.532907
82.553971
82.578148
82.633675
82.641670
82.670030
82.730894
82.736576
82.788504
82.822075
82.835125
82.914049
83.025210
83.061008
83.063865
83.204029
83.281140
83.288075
83.366161
83.500277
83.562033
83.580562
83.612971
83.617914
83.750522
83.766236
83.850800
83.858429
83.875434
83.886155
84.002989
84.019151
84.027791
84.088370
84.110196
84.118283
84.131037
84.142336
84.189516
84.286475
84.344718
84.350465
84.367653
84.422658
84.648251
84.744180
84.763380
84.871071
84.941649
84.957789
84.974630
84.999602
85.000688
85.230107
85.487583
85.562739
85.833861
85.906376
85.951598
85.988837
86.044285
86.044413
86.083912
86.098120
86.200610
86.319018
86.380133
86.427819
86.561476
86.660029
86.747052
86.758226
87.013021
87.043923
87.119754
87.165567
87.176875
87.263785
87.341707
87.402425
87.518187
87.655360
87.808730
87.834407
87.860847
87.866003
87.965181
87.965430
88.028432
88.119806
88.160520
88.242053
88.386613
88.461646
88.464815
88.499771
88.535924
88.684102
88.692440
88.744074
88.764825
88.842665
88.854827
88.860572
88.866006
88.975940
89.027286
89.042130
89.186262
89.192668
89.253231
89.349068
89.401596
89.446038
89.505841
89.581487
89.642678
89.693546
89.725582
89.748798
90.041585
90.047881
90.092987
90.274757
90.421291
90.423052
90.516320
90.560999
90.590570
90.656902
90.676548
90.781148
90.835413
90.842051
90.864210
90.880955
90.963867
90.977708
91.005226
91.088877
91.152502
91.158013
91.185992
91.242915
91.410871
91.488422
91.495425
91.525081
91.545659
91.666152
91.690489
91.702975
91.844233
92.047654
92.209711
92.217763
92.374536
92.377813
92.404853
92.437746
92.444327
92.447031
92.457262
92.612605
92.619481
92.659869
92.683203
92.683478
92.695577
92.754944
92.787261
92.853798
92.916598
93.034709
93.040858
93.047516
93.096828
93.227966
93.265341
93.312404
93.313945
93.338345
93.338591
93.449755
93.533236
93.615439
93.652603
93.831804
93.883937
94.171344
94.173306
94.368477
94.529628
94.542303
94.600270
94.741515
94.790846
95.299243
95.522503
95.543036
95.548260
95.675111
95.723243
95.728111
95.761986
95.778430
95.891451
95.893265
96.035943
96.113822
96.178158
96.303540
96.413538
96.431843
96.506003
96.530826
96.565099
96.625258
96.693580
96.725767
96.750549
96.937004
96.963860
97.050821
97.052403
97.112491
97.157010
97.302127
97.308968
97.405281
97.565278
97.617580
97.712294
97.720965
97.806629
97.849578
97.879192
97.902162
97.957089
97.993633
98.155024
98.213033
98.232460
98.270863
98.307221
98.342796
98.348528
98.516606
98.527465
98.556008
98.685316
98.699715
98.701554
98.768154
98.796795
98.797352
98.858578
98.883668
98.892858
98.988171
99.071334
99.150863
99.251449
99.342305
99.378244
99.398351
99.430192
99.569334
99.613405
99.637909
99.638590
99.754290
99.772520
99.928200
100.112801
100.162196
100.214248
100.291266
100.389971
100.605505
100.642794
100.768779
100.782244
100.805757
100.867347
101.030494
101.035300
101.035786
101.072274
101.162278
101.181184
101.255474
101.319116
101.319846
101.324069
101.521037
101.568508
101.591569
101.645088
101.687956
101.689833
101.818703
101.889161
101.908714
101.969711
102.009537
102.052871
102.114556
102.218113
102.219487
102.320947
102.383847
102.441846
102.476433
102.544822
102.545996
102.634823
102.651483
102.757548
102.820463
102.907597
103.089405
103.190162
103.215988
103.337399
103.605462
103.754177
103.774816
103.849210
103.916597
104.007596
104.025492
104.063726
104.153438
104.198439
104.207823
104.236467
104.255271
104.262815
104.309825
104.324127
104.379252
104.382617
104.456756
104.483184
104.639699
104.641789
104.695050
104.811824
104.842325
104.888808
104.905620
105.043999
105.057847
105.063492
105.069351
105.089614
105.181946
105.222034
105.421918
105.611297
105.681758
105.735573
105.746534
105.906353
106.032914
106.052339
106.055179
106.131052
106.217834
106.242622
106.392211
106.393482
106.516788
106.536840
106.604331
106.651980
106.826080
106.827810
106.910380
106.911278
106.929573
106.987811
107.041401
107.052401
107.137555
107.159771
107.177534
107.236094
107.494653
107.501765
107.523584
107.606288
107.608095
107.666305
107.695846
107.718036
107.726719
107.808403
107.889191
107.966573
108.091686
108.202323
108.221908
108.265358
108.453025
108.787076
108.826079
109.116923
109.288342
109.304885
109.402074
109.419249
109.567015
109.603178
109.767095
109.812969
109.928647
109.932212
110.059842
110.067453
110.109878
110.183117
110.185028
110.228807
110.251720
110.300208
110.412000
110.413653
110.575254
110.657993
110.707703
110.747577
110.985549
111.043366
111.177585
111.244029
111.366938
111.431029
111.481820
111.510792
111.545767
111.570663
111.688299
111.712140
111.911492
111.921968
111.934353
111.950514
112.024319
112.168490
112.261178
112.297778
112.539353
112.559724
112.693844
112.762931
112.803660
112.981777
112.994733
113.073606
113.104460
113.184264
113.309661
113.326728
113.363706
113.399422
113.502324
113.508460
113.739266
113.741598
113.837339
113.923319
113.949473
113.959408
113.994814
114.052505
114.183195
114.217695
114.251982
114.296885
114.376123
114.415433
114.423096
114.610721
114.739042
114.744985
114.778816
114.804107
114.898181
114.994770
115.102362
115.152370
115.152966
115.251101
115.292392
115.296860
115.330584
115.339114
115.464515
115.552408
115.581456
115.725174
115.745485
115.745792
115.827808
115.901443
115.910855
115.915728
115.929606
115.931986
115.956588
115.974692
115.976243
116.083554
116.100247
116.114242
116.170052
116.239731
116.356830
116.381640
116.402538
116.430260
116.448828
116.505933
116.550849
116.636280
116.802284
116.867426
117.001874
117.050590
117.055995
117.060894
117.110463
117.131224
117.327963
117.384130
117.479490
117.600948
117.606960
117.632999
117.713871
117.717534
117.738147
117.760455
117.852421
117.933458
117.949028
118.050033
118.095051
118.195025
118.201303
118.283060
118.480556
118.497156
118.511333
118.524304
118.692112
118.694242
118.851086
118.866127
118.888777
118.907367
118.960672
119.024710
119.197512
119.236733
119.286518
119.459948
119.564658
119.682296
119.697512
119.749546
119.778007
119.869698
119.900195
119.903255
119.965310
120.088352
120.103073
120.158044
120.225902
120.335685
120.337867
120.360779
120.452503
120.512753
120.594755
120.602146
120.618059
120.649318
120.660289
120.660327
120.839815
120.876631
120.974022
121.115839
121.201785
121.264767
121.374747
121.405552
121.564343
121.572541
121.620980
121.671501
121.685838
121.755367
121.793943
121.843210
121.911441
121.942553
122.108029
122.181928
122.249391
122.370000
122.379830
122.387391
122.452766
122.454949
122.513256
122.580687
122.584709
122.675067
122.738450
122.748749
122.782982
122.807465
122.835339
123.008326
123.011846
123.052644
123.061596
123.099498
123.125665
123.146757
123.173382
123.190271
123.195962
123.240618
123.275064
123.581698
123.600635
123.648687
123.688057
123.695777
123.752833
123.942231
123.969610
124.054311
124.167135
124.185513
124.187080
124.195710
124.302586
124.328484
124.372096
124.659400
124.718925
124.812067
124.824683
124.832835
124.889714
124.924625
125.014882
125.054458
125.078918
125.107773
125.191549
125.427766
125.492866
125.536610
125.551426
125.557087
125.627846
125.652799
125.726843
125.744360
125.847537
125.977342
126.001887
126.098684
126.178752
126.214416
126.236487
126.292471
126.363590
126.439802
126.463133
126.475045
126.501376
126.515571
126.517950
126.603398
126.644709
126.735730
126.741701
126.794307
126.807972
126.850613
126.912025
126.912416
127.040146
127.128982
127.129353
127.298212
127.315843
127.425548
127.502000
127.516054
127.731970
127.744664
127.768454
127.947765
127.978401
128.005711
128.119367
128.167847
128.210922
128.223577
128.276785
128.427414
128.485535
128.508860
128.562896
128.653164
128.703926
128.753616
128.769752
128.814434
128.830565
128.922524
128.970471
129.016266
129.026959
129.167237
129.202571
129.212837
129.246363
129.247950
129.279955
129.300797
129.315978
129.338028
129.445554
129.490053
129.657161
129.720823
129.860560
129.932521
129.972293
129.989551
130.060708
130.095754
130.145237
130.153407
130.247379
130.251986
130.272386
130.285399
130.300716
130.392448
130.526058
130.548602
130.650488
130.719262
130.754927
130.847714
130.884908
130.938267
131.011606
131.058361
131.092690
131.236528
131.275142
131.504115
131.517305
131.623439
131.735774
131.766081
131.814490
131.896189
131.940064
131.955043
131.955875
132.022275
132.112026
132.228642
132.231000
132.268611
132.534678
132.606153
132.698687
132.770293
132.793216
132.912612
132.989394
133.017345
133.117678
133.163519
133.171920
133.206786
133.217565
133.240107
133.282013
133.360255
133.479563
133.480515
133.526824
133.530567
133.547939
133.730133
133.805333
133.864656
133.960451
133.964326
134.048342
134.100353
134.114017
134.139143
134.230875
134.286797
134.467833
134.471963
134.537660
134.596097
134.675704
134.799470
134.864398
134.913913
134.926339
135.056518
135.107129
135.229200
135.232039
135.340446
135.425395
135.531679
135.615156
135.645233
135.645759
135.670386
135.694996
135.707946
135.721660
135.724348
135.793566
135.846792
135.877301
135.907085
135.936580
135.965772
136.028062
136.059300
136.121864
136.198527
136.305983
136.318011
136.432865
136.459039
136.601824
136.682744
136.686543
136.727442
136.743913
136.786793
136.787250
136.796297
136.843761
136.850964
136.879908
136.902951
136.947208
136.955627
137.036652
137.136052
137.171038
137.207028
137.237068
137.337466
137.446575
137.586929
137.610809
137.730314
137.795726
137.960425
137.988529
137.996408
138.127917
138.176634
138.227992
138.233921
138.296557
138.297886
138.327672
138.483806
138.551345
138.595978
138.614845
138.761441
138.820358
138.859030
138.859134
138.937951
138.953165
138.985924
139.208691
139.308909
139.314731
139.360731
139.453438
139.468920
139.480177
139.559089
139.561573
139.759078
139.844009
139.876166
139.935442
140.032197
140.054420
140.160644
140.165719
140.174549
140.184669
140.238219
140.456990
140.571086
140.573951
140.600552
140.748484
140.899433
140.920077
141.002860
141.068815
141.287174
141.332435
141.403833
141.424576
141.501089
141.560091
141.622012
141.663426
141.737903
141.740311
141.842966
141.862060
141.863169
141.897189
141.918908
141.973937
142.024120
142.078793
142.131792
142.141356
142.223739
142.239384
142.391627
142.437618
142.478243
142.500218
142.523678
142.543401
142.603834
142.634797
142.676937
142.779725
142.780185
142.782289
142.911721
142.998087
143.025318
143.090082
143.100840
143.175389
143.232127
143.233910
143.251001
143.511649
143.534545
143.694507
143.797757
143.867085
143.872957
143.912985
144.069403
144.134737
144.172291
144.227168
144.285724
144.483592
144.589977
144.661762
144.762656
144.937777
145.078013
145.104900
145.328256
145.523011
145.657403
145.664893
145.713941
145.795521
145.888057
145.956735
146.021503
146.110539
146.124463
146.173242
146.247177
146.307827
146.355244
146.410493
146.535846
146.634873
146.637782
146.868850
146.882707
146.902724
146.932863
146.956483
147.115326
147.249634
147.277016
147.306797
147.321891
147.337301
147.345907
147.348806
147.490985
147.539485
147.607128
147.720428
147.899585
148.188704
148.285941
148.318120
148.321596
148.372475
148.557427
148.604970
148.692719
148.828694
148.905194
149.004308
149.067218
149.067822
149.176107
149.196791
149.242642
149.294612
149.348500
149.370049
149.446280
149.472384
149.487058
149.534223
149.588730
149.640792
149.663770
149.679368
149.720857
149.721988
149.805571
149.817461
149.874806
149.943239
149.969138
150.034365
150.173341
150.190313
150.216310
150.260979
150.302366
150.399155
150.512965
150.534838
150.588413
150.647012
150.687596
150.699468
150.710892
150.783323
150.829574
150.925152
150.959940
151.032576
151.053390
151.073041
151.154522
151.161508
151.180485
151.351463
151.451259
151.475057
151.500657
151.524299
151.599427
151.645251
151.875398
151.961703
151.995788
152.074967
152.129962
152.175993
152.202649
152.250045
152.307796
152.346911
152.375125
152.391091
152.433741
152.491896
152.569320
152.571929
152.592858
152.749218
152.901940
153.030891
153.059110
153.060705
153.201416
153.201828
153.264485
153.293991
153.319085
153.493697
153.633848
153.635488
153.647556
153.666007
153.765364
153.903699
153.909384
153.924997
153.953439
153.984651
153.985152
153.989564
154.179258
154.249978
154.346548
154.350768
154.410918
154.422917
154.523018
154.636114
154.658923
154.698617
154.762156
154.768518
154.772193
154.900294
154.935328
154.995121
155.029653
155.167280
155.191187
155.238656
155.272026
155.281930
155.343451
155.368266
155.380696
155.434999
155.442624
155.450859
155.595514
155.616733
155.659087
155.661307
155.808716
155.843714
155.849059
156.053550
156.062513
156.199202
156.295751
156.429840
156.433266
156.618772
156.696324
156.772848
156.941053
157.241850
157.294524
157.353261
157.514618
157.590552
157.618473
157.727489
157.780018
157.794182
157.963615
157.964878
158.042741
158.078728
158.113307
158.250630
158.335846
158.375136
158.388354
158.511531
158.534469
158.776727
158.848387
159.037638
159.067535
159.128000
159.157605
159.250050
159.358371
159.360062
159.377290
159.397998
159.427970
159.479629
159.524063
159.557619
159.558236
159.569113
159.777923
159.875182
159.891729
159.933231
160.077042
160.153350
160.169726
160.193949
160.200482
160.283320
160.305379
160.415354
160.454905
160.666463
160.674282
160.706650
160.829682
160.858064
160.881316
161.009656
161.026811
161.161939
161.180687
161.222758
161.236375
161.426504
161.438765
161.527961
161.530563
161.556425
161.568680
161.714247
161.724192
161.896277
161.919987
161.994957
162.145327
162.146542
162.159905
162.282297
162.319080
162.336128
162.365954
162.444164
162.479638
162.535585
162.614363
162.653972
162.656953
162.738245
162.783641
162.812139
162.823536
162.827372
162.835425
162.901096
162.947283
162.995835
163.009407
163.035107
163.244937
163.248499
163.358647
163.384393
163.417477
163.422998
163.423508
163.849077
163.856351
163.861100
164.039636
164.072515
164.186075
164.228351
164.249326
164.272647
164.292068
164.611530
164.661725
164.681240
164.682812
164.809274
164.931998
165.089763
165.267076
165.323438
165.568214
165.613076
165.677877
165.722865
165.737856
165.775637
165.818933
165.826976
165.937992
165.946251
166.075456
166.284524
166.353353
166.390822
166.527857
166.560398
166.614979
166.974105
167.009763
167.024557
167.089983
167.118880
167.141496
167.178398
167.288853
167.290473
167.444820
167.580816
167.607181
167.631265
167.687249
167.791358
168.079810
168.090383
168.128507
168.176276
168.239189
168.300646
168.401636
168.425652
168.439651
168.468818
168.637527
168.671297
168.678765
168.708115
168.720355
168.842006
168.857701
168.868360
168.936923
168.937451
168.983610
168.987583
169.021736
169.048407
169.149461
169.174069
169.236399
169.241917
169.561126
169.586476
169.661199
169.736019
169.783177
169.902455
169.960946
170.006884
170.118861
170.187405
170.336399
170.380923
170.561821
170.655871
170.823274
170.885531
170.891400
170.939764
171.199436
171.219181
171.243576
171.363006
171.528607
171.552261
171.692650
171.753777
171.939730
171.956141
171.965478
172.159344
172.213930
172.246937
172.273452
172.303322
172.318229
172.481080
172.564304
172.606997
172.878113
172.894882
172.927431
173.102078
173.120089
173.147479
173.223317
173.278581
173.394482
173.415591
173.428312
173.428930
173.471879
173.477937
173.501103
173.545871
173.817363
173.819163
173.824261
173.828734
173.867604
173.896433
173.903078
173.917201
173.974371
174.126382
174.388362
174.388778
174.599235
174.703770
174.709451
174.955669
175.040986
175.095357
175.135045
175.159326
175.268221
175.377442
175.443259
175.448180
175.533617
175.541976
175.543198
175.584594
175.634087
175.644478
175.731604
175.738201
175.799066
175.809360
175.875682
175.907262
175.998048
176.030868
176.050600
176.097937
176.127569
176.183773
176.255120
176.284548
176.381246
176.397664
176.464429
176.533157
176.627748
176.866222
176.885578
176.999496
177.114334
177.251619
177.410896
177.436389
177.471056
177.567825
177.610610
177.626984
177.712605
177.744035
177.785324
177.798146
177.800839
177.810550
177.838533
177.899138
178.005297
178.047937
178.051342
178.114460
178.124710
178.150146
178.306145
178.397981
178.426686
178.448912
178.495862
178.622753
178.732232
178.758158
178.900607
178.978122
178.983617
179.044471
179.052296
179.189298
179.211871
179.230243
179.313344
179.406779
179.518721
179.564647
179.619643
179.621911
179.716392
179.819879
179.859292
179.863258
179.971883
179.975151
180.012725
180.146445
180.150824
180.173598
180.457651
180.503080
180.521219
180.544416
180.626967
180.677042
180.697507
180.756651
180.833147
180.880301
180.915279
180.939327
180.969119
181.017169
181.020093
181.166609
181.224516
181.316508
181.468646
181.474310
181.510366
181.594444
181.602760
181.726985
181.762812
181.880774
181.894878
182.009281
182.076602
182.091520
182.144392
182.159553
182.159643
182.224989
182.227068
182.250988
182.298898
182.300244
182.321789
182.481816
182.522660
182.573969
182.684605
182.715294
182.773843
182.776044
182.791462
182.801858
182.914945
182.930069
182.987432
183.021834
183.049595
183.083085
183.119725
183.202211
183.269705
183.367835
183.377947
183.461130
183.517447
183.561190
183.599753
183.702365
183.717044
183.769447
183.977981
184.065173
184.106618
184.108851
184.265793
184.494940
184.560353
184.651463
184.687081
184.810618
184.885588
184.910666
185.072093
185.083189
185.133488
185.155078
185.196987
185.286295
185.339158
185.353587
185.388734
185.417495
185.485576
185.499972
185.540305
185.550518
185.608823
185.665132
185.695263
185.701339
185.925609
186.028380
186.053033
186.132728
186.184134
186.208156
186.233411
186.233842
186.256859
186.356041
186.806972
186.895051
186.900137
186.901383
186.902777
186.978159
187.031795
187.036552
187.208378
187.215667
187.334181
187.387491
187.419304
187.419620
187.470905
187.545839
187.584650
187.586403
187.857630
187.973901
187.980703
188.134005
188.227877
188.259471
188.310659
188.311219
188.429954
188.618867
188.681029
188.772041
188.854646
188.907263
188.920184
189.030009
189.038378
189.058274
189.091739
189.156245
189.158117
189.240808
189.264277
189.281494
189.329972
189.377489
189.379523
189.416415
189.476208
189.544215
189.697605
189.731764
189.815724
189.879808
189.902617
189.943047
189.971286
189.974304
190.132083
190.134347
190.181443
190.193941
190.286108
190.315548
190.336970
190.390286
190.544672
190.590705
190.658963
190.693831
190.800548
190.876674
190.945139
190.968791
191.077253
191.152625
191.161019
191.173178
191.206019
191.207048
191.266216
191.280358
191.290630
191.320184
191.397833
191.473006
191.537864
191.672159
191.839092
191.858393
191.873361
191.898447
192.032692
192.133069
192.265165
192.300463
192.480375
192.492554
192.533182
192.533204
192.582905
192.762180
192.849294
192.872235
192.894998
192.914211
192.919069
192.957674
193.088629
193.095515
193.125901
193.195338
193.295578
193.302640
193.384606
193.399501
193.549199
193.558709
193.658846
193.660968
193.806041
193.823086
193.823981
193.836895
193.884846
193.944436
194.077438
194.081358
194.085593
194.170988
194.198361
194.330983
194.356222
194.400053
194.467827
194.516256
194.547567
194.571844
194.584702
194.649511
194.787071
194.871182
194.913631
194.977036
195.000839
195.069281
195.208503
195.290623
195.304654
195.328118
195.368913
195.381882
195.395874
195.462579
195.466729
195.571169
195.638314
195.755821
195.893106
195.986411
196.004414
196.008687
196.055760
196.078762
196.086680
196.143341
196.158628
196.321270
196.429952
196.437990
196.461139
196.484636
196.545309
196.577499
196.589067
196.595181
196.652895
196.769363
196.876074
197.003034
197.015574
197.028921
197.050952
197.119882
197.270161
197.280131
197.288054
197.305810
197.359303
197.419358
197.457194
197.578593
197.635942
197.701353
197.754372
197.804750
197.831029
197.839113
197.970829
198.002059
198.085840
198.114508
198.209313
198.212205
198.303233
198.450379
198.454989
198.472237
198.477558
198.616537
198.691654
198.698254
198.724104
198.851712
198.897541
198.905552
198.931229
198.964688
199.078676
199.106011
199.136958
199.173412
199.188641
199.210058
199.257411
199.274538
199.406028
199.462567
199.571820
199.582918
199.583702
199.704859
199.713760
199.756616
199.903805
199.915953
200.199883
200.216666
200.225321
200.235561
200.267725
200.276259
200.311302
200.337384
200.358713
200.361722
200.535688
200.547645
200.607110
200.641109
200.695564
200.754002
200.812239
200.862267
200.899684
200.908443
200.919683
200.941136
200.958335
200.998969
200.999165
201.018738
201.046534
201.089863
201.225937
201.246168
201.254341
201.421504
201.425267
201.519522
201.578144
201.584538
201.649027
201.835072
201.837639
202.016889
202.026308
202.133750
202.142893
202.214757
202.239015
202.337226
202.395843
202.427812
202.468457
202.482506
202.688530
202.723352
202.767399
202.811834
202.972620
203.032585
203.054312
203.101722
203.287910
203.322286
203.327791
203.339312
203.518499
203.631941
203.645561
203.803174
203.893907
203.904291
203.932420
204.033052
204.039556
204.048716
204.072588
204.433152
204.448908
204.651652
204.701806
204.848270
204.861528
204.879755
204.926286
204.935646
204.937594
205.016677
205.043334
205.160534
205.203012
205.226254
205.343450
205.520504
205.530154
205.585504
205.625335
205.690050
205.695663
205.834431
205.857268
205.890634
206.003621
206.016049
206.033424
206.039924
206.131443
206.138455
206.364536
206.573676
206.846118
206.893323
207.043538
207.044739
207.044853
207.045713
207.091173
207.193927
207.293986
207.364739
207.722183
207.743222
207.817651
207.893258
207.923032
207.975661
207.981604
208.042755
208.061785
208.255214
208.294415
208.309799
208.324279
208.368563
208.371656
208.418065
208.506245
208.558634
208.571629
208.580491
208.621807
208.686089
208.702822
208.789918
208.967004
209.050018
209.063977
209.110296
209.136873
209.181988
209.194568
209.216034
209.248281
209.312883
209.447700
209.453008
209.525438
209.587642
209.686704
209.905113
209.986182
210.109701
210.112433
210.153450
210.176727
210.223274
210.238936
210.264799
210.447559
210.536734
210.672369
210.716802
210.739901
210.744360
210.790903
210.843230
210.868875
210.888537
210.937087
211.128990
211.191841
211.296477
211.358876
211.407634
211.442875
211.469173
211.492141
211.651419
211.654497
211.714999
211.759663
211.883221
211.889523
211.903636
211.912621
211.976807
212.045671
212.048622
212.127192
212.128774
212.233256
212.283428
212.358383
212.430182
212.535401
212.556140
212.652208
212.674788
212.840689
212.871627
213.125682
213.154566
213.164144
213.179139
213.300271
213.471161
213.536106
213.683221
213.771775
213.792757
213.808608
213.913126
213.938676
213.977197
214.025040
214.079361
214.119614
214.121165
214.128844
214.134219
214.181570
214.269690
214.276479
214.400140
214.539818
214.571037
214.771023
214.800241
214.968491
215.006339
215.066588
215.077707
215.118348
215.128574
215.145186
215.151416
215.509195
215.660555
215.671908
215.773680
215.936821
215.948824
216.172206
216.352595
216.412553
216.472610
216.509869
216.519755
216.540935
216.721763
216.753193
216.836961
216.841185
216.877819
217.040394
217.078258
217.091826
217.220341
217.255283
217.339448
217.377474
217.401727
217.461608
217.484181
217.494864
217.508751
217.514676
217.663570
217.676239
217.713087
217.729234
217.737970
217.743662
217.769146
217.816856
217.834642
217.923972
217.988670
218.001096
218.031547
218.056834
218.097779
218.120975
218.131637
218.227327
218.268885
218.283259
218.330217
218.529710
218.551634
218.559587
218.608790
218.621636
218.622941
218.656559
218.763155
218.838260
218.887580
219.116981
219.143340
219.225177
219.235147
219.256440
219.286842
219.393515
219.464936
219.585560
219.628294
219.644715
219.655210
219.671651
219.693463
219.701965
219.706104
219.795489
219.841220
219.982118
220.024848
220.041167
220.050651
220.248871
220.278167
220.388473
220.441395
220.471073
220.555745
220.612252
220.649362
220.654176
220.673555
220.710412
220.870689
220.898823
220.907147
221.037342
221.037534
221.173373
221.209872
221.213056
221.283151
221.315129
221.523904
221.586262
221.629199
221.658390
221.679047
221.698291
221.790797
221.833843
221.850197
221.911831
221.968592
222.052233
222.065476
222.121970
222.193071
222.307585
222.312732
222.392898
222.397046
222.476143
222.531581
222.576729
222.715749
222.838011
222.839584
222.889771
222.938106
223.131864
223.408356
223.477891
223.532474
223.535295
223.756385
223.756973
223.791311
223.792827
224.014882
224.015083
224.021023
224.036431
224.087251
224.164301
224.199688
224.240366
224.316639
224.528289
224.542648
224.590086
224.631314
224.754804
224.848636
224.884191
224.917797
224.942157
224.955747
224.973588
225.225850
225.283068
225.316884
225.510553
225.533868
225.763131
225.861253
225.885844
225.891968
225.896834
225.982558
226.034506
226.114809
226.147894
226.241086
226.323448
226.324033
226.328323
226.348840
226.448680
226.504967
226.581317
226.638141
226.697151
226.699652
226.718368
226.785264
226.898742
226.921348
226.955883
227.021710
227.218521
227.314129
227.489988
227.530407
227.532155
227.643242
227.653926
227.703308
227.730955
227.747756
227.785458
227.902767
227.956208
227.973656
228.047263
228.048303
228.142482
228.167822
228.181319
228.267719
228.273112
228.359905
228.419123
228.488001
228.491480
228.569913
228.647037
228.661548
228.768658
228.815590
228.910944
228.950296
229.000399
229.061521
229.192965
229.239985
229.332370
229.433789
229.560807
229.853372
229.856444
229.903504
230.000458
230.008030
230.252667
230.408069
230.461520
230.610427
230.623512
230.696058
230.705601
230.766107
230.788551
230.866277
230.911778
230.970347
231.050706
231.067767
231.235635
231.255838
231.280220
231.321439
231.327239
231.525870
231.533224
231.649614
231.649918
231.663544
231.669223
231.732571
232.030186
232.058977
232.154354
232.226528
232.275046
232.290444
232.311218
232.378991
232.423691
232.464125
232.474447
232.530326
232.637375
232.693668
232.795216
233.029104
233.041220
233.315924
233.439160
233.475610
233.509979
233.529475
233.538910
233.613965
233.680392
233.688365
233.694307
233.728953
233.732715
233.793940
233.796113
233.853271
233.872240
233.974750
233.975963
234.007085
234.128538
234.195759
234.203284
234.276142
234.296257
234.360719
234.382901
234.401144
234.423876
234.515244
234.515713
234.557199
234.583871
234.596375
234.735678
234.835961
234.856629
234.972350
235.010975
235.044728
235.148521
235.206608
235.245944
235.430903
235.448735
235.483261
235.494922
235.521237
235.643356
235.715428
235.824109
235.841879
235.862074
236.028011
236.083759
236.181658
236.181924
236.189519
236.194652
236.213801
236.283167
236.465149
236.732808
236.817583
236.857806
236.875284
236.886459
236.958744
237.063004
237.155132
237.199973
237.242211
237.256550
237.310420
237.426252
237.520938
237.522489
237.535866
237.573348
237.592219
237.726248
237.728098
237.731553
237.931591
238.025016
238.145113
238.152137
238.191544
238.581883
238.634180
238.639513
238.649608
238.655965
238.682211
238.726225
238.850444
238.857499
238.886927
238.929550
239.098437
239.121539
239.131930
239.161174
239.179543
239.195010
239.201606
239.223230
239.223995
239.228109
239.278110
239.304022
239.337758
239.371586
239.437225
239.452513
239.640881
239.710247
239.972475
240.069053
240.174370
240.308543
240.399439
240.654023
240.729608
240.738502
240.769987
240.821663
240.830192
240.880768
240.980202
240.989278
241.039156
241.129844
241.274484
241.277818
241.350441
241.414540
241.424605
241.432580
241.463498
241.578241
241.621919
241.676686
241.835128
241.865623
241.887038
241.990354
242.114954
242.260769
242.393806
242.398630
242.417424
242.514067
242.526433
242.528875
242.548206
242.607262
242.742899
242.840967
242.925120
242.963293
243.041464
243.195371
243.209899
243.225221
243.257510
243.264312
243.290869
243.385044
243.457526
243.580502
243.837110
244.002703
244.161132
244.184833
244.196033
244.328019
244.457132
244.466747
244.472480
244.533487
244.569478
244.571802
244.616849
244.738306
244.824249
244.868387
244.926860
244.937093
244.949436
244.949692
245.007537
245.037109
245.134856
245.144574
245.197511
245.200731
245.276724
245.328848
245.329478
245.385399
245.395399
245.478847
245.482297
245.532006
245.684167
245.688496
245.930004
245.937059
245.979468
246.010151
246.033290
246.049219
246.057109
246.084936
246.134850
246.153607
246.159695
246.273132
246.335994
246.419486
246.528337
246.562829
246.576695
246.645621
246.714643
246.756997
246.823588
246.931626
247.123671
247.140569
247.193214
247.196717
247.220686
247.243347
247.259003
247.339692
247.501842
247.791551
247.854340
247.858919
247.899985
247.912113
247.917131
247.929727
247.950220
248.006252
248.030577
248.080578
248.177604
248.280288
248.307885
248.311204
248.477633
248.538874
248.604442
248.767308
248.804959
248.918584
249.039989
249.217474
249.323317
249.399464
249.442876
249.462977
249.483268
249.560225
249.899756
249.935093
249.949036
250.091610
250.179053
250.180255
250.422978
250.449171
250.538126
250.541842
250.750592
250.773428
250.869889
250.909845
250.990830
251.152664
251.242497
251.265202
251.335933
251.336946
251.355583
251.470633
251.612202
251.848566
251.902141
252.000880
252.036824
252.088460
252.113797
252.190777
252.251486
252.323542
252.534916
252.548520
252.555135
252.871237
252.890487
253.036218
253.049879
253.054067
253.122548
253.179204
253.181020
253.262103
253.290275
253.308911
253.421392
253.648369
253.678990
253.737431
253.850142
253.956546
254.088272
254.171939
254.193197
254.252266
254.305197
254.332256
254.389615
254.542787
254.558450
254.566524
254.752680
254.790407
254.901440
254.905932
254.940361
254.962291
255.206744
255.274909
255.279665
255.325122
255.340768
255.342520
255.348647
255.380092
255.408235
255.526183
255.637375
255.671271
255.799492
255.840807
255.993911
256.036682
256.085522
256.113643
256.171555
256.326641
256.371893
256.410277
256.427638
256.462735
256.525672
256.596786
256.610433
256.655815
256.718818
256.731323
256.793734
256.835013
256.929297
257.101713
257.166341
257.167324
257.183981
257.234542
257.236173
257.299009
257.323726
257.342795
257.415734
257.630203
257.774174
257.806664
257.814917
257.900827
257.909175
257.929355
257.935689
257.966696
258.204045
258.213309
258.302681
258.467108
258.577415
258.779807
258.800904
258.832913
258.982900
259.110698
259.127975
259.132740
259.188081
259.288618
259.334178
259.357842
259.363913
259.416210
259.417075
259.510125
259.679212
259.804748
259.820307
259.869361
260.071454
260.097456
260.183712
260.240940
260.273594
260.343803
260.401602
260.485793
260.594160
260.609652
260.689675
260.701726
260.726957
260.771734
260.837854
260.872905
260.899070
261.000843
261.073130
261.145621
261.153999
261.176964
261.208506
261.325862
261.373705
261.752322
261.782283
261.786076
261.828374
261.922158
262.080736
262.093068
262.154067
262.195287
262.197249
262.298566
262.298926
262.440480
262.545413
262.558477
262.652336
262.702665
262.763130
262.773180
262.810235
263.053217
263.070518
263.071899
263.206415
263.212143
263.312682
263.444538
263.544058
263.594474
263.637667
263.747518
263.757244
263.823408
264.018585
264.196434
264.198563
264.239560
264.242929
264.243920
264.373503
264.384230
264.693293
264.714869
264.732790
264.925865
265.012653
265.048054
265.087717
265.120222
265.132569
265.216183
265.282781
265.326362
265.338292
265.524738
265.653477
265.685093
265.701638
265.714218
265.725838
266.031016
266.087859
266.125960
266.155734
266.176585
266.210596
266.240945
266.362520
266.401027
266.494773
266.502190
266.559885
266.600038
266.783358
266.853301
266.887611
266.981303
266.991881
267.009123
267.161898
267.210355
267.239959
267.285182
267.487569
267.518468
267.545174
267.573922
267.680065
267.742063
267.751531
267.766735
267.778825
267.791632
267.871411
267.912476
268.023157
268.168555
268.196189
268.307559
268.310347
268.314394
268.366647
268.418044
268.480217
268.506221
268.508338
268.561507
268.584428
268.597461
268.677261
268.912279
268.947218
268.995484
269.000366
269.193702
269.205315
269.352033
269.465461
269.594698
269.632657
269.733576
269.817758
269.889258
269.974010
270.008316
270.031881
270.068920
270.098798
270.104052
270.140310
270.229008
270.247279
270.331870
270.362230
270.392401
270.400036
270.410205
270.460557
270.465955
270.469078
270.546368
270.572720
270.643421
270.768282
270.782011
270.826369
270.860489
270.922105
270.934018
270.987487
271.019362
271.080660
271.085923
271.246823
271.344235
271.397871
271.422561
271.434741
271.465498
271.584900
271.591374
271.631415
271.815121
271.900826
271.917013
272.003752
272.218835
272.325557
272.370419
272.565431
272.622344
272.734109
272.833591
272.854289
272.928193
273.132606
273.266037
273.337539
273.351582
273.359379
273.389115
273.444883
273.515110
273.559654
273.627617
273.672857
273.709426
273.784918
273.958345
274.056754
274.141904
274.166942
274.192933
274.275987
274.331354
274.373877
274.490451
274.541411
274.565614
274.602341
274.610511
274.704577
274.837080
274.906522
274.953943
275.096561
275.253371
275.284673
275.315047
275.519976
275.538974
275.865428
275.919238
276.044405
276.117718
276.119267
276.135141
276.173463
276.225400
276.369098
276.444623
276.451197
276.686480
276.841654
276.861270
276.949156
277.213606
277.649765
277.662293
277.904762
277.953335
277.961753
277.965998
277.991262
278.021493
278.028591
278.148364
278.258246
278.292582
278.352607
278.478484
278.493144
278.529459
278.620723
278.633878
278.872866
278.919679
278.946410
278.965185
279.017545
279.114417
279.216655
279.256465
279.269273
279.308303
279.422819
279.560696
279.597518
279.607976
279.851213
279.998927
280.134685
280.171398
280.258511
280.336603
280.353183
280.354950
280.389639
280.416703
280.510942
280.524240
280.577780
280.623316
280.747062
280.859521
280.918425
280.973402
280.997370
281.062045
281.145413
281.186713
281.258022
281.288926
281.302417
281.496475
281.603410
281.627833
281.634230
281.687688
281.730678
281.741247
281.923718
282.091968
282.134709
282.192666
282.247573
282.266609
282.310415
282.448532
282.456206
282.459752
282.491439
282.552202
282.790507
282.856579
282.899351
283.049277
283.056127
283.179681
283.211271
283.602095
283.629999
283.680340
283.704312
283.780024
283.856007
283.908779
283.945608
284.032564
284.077667
284.177278
284.235722
284.264111
284.303185
284.335077
284.432765
284.531546
284.549981
284.601163
284.624826
284.679373
284.692975
284.903061
284.935424
284.956757
285.034312
285.083074
285.191812
285.334054
285.346370
285.386017
285.435186
285.448151
285.455098
285.518495
285.574214
285.578908
285.672382
285.790911
285.814346
285.814525
285.868177
286.098152
286.156500
286.193136
286.315739
286.676798
286.795479
286.822301
286.911260
286.942389
286.948882
286.957435
287.097027
287.164385
287.228762
287.229442
287.302921
287.412155
287.459739
287.472099
287.519411
287.532886
287.738506
287.785014
287.887798
288.132375
288.269585
288.421972
288.502915
288.516880
288.520552
288.541521
288.584465
288.678457
288.725542
288.737807
288.759429
289.004529
289.104145
289.133591
289.149311
289.234717
289.272799
289.402058
289.408706
289.466993
289.631006
289.634696
289.657679
289.684917
289.732434
289.801827
289.961929
290.101829
290.102437
290.127967
290.179590
290.194860
290.222687
290.266190
290.388915
290.454998
290.491389
290.596742
290.651478
290.709416
290.740711
290.747704
290.997460
291.087771
291.159304
291.181147
291.234308
291.240552
291.262926
291.298054
291.339480
291.365841
291.388176
291.398594
291.462080
291.513741
291.519558
291.563960
291.621554
291.631326
291.668534
291.669043
291.688939
291.767567
291.912918
291.987713
292.040797
292.071217
292.094723
292.160359
292.258053
292.316895
292.335286
292.353866
292.409261
292.459299
292.612278
292.656850
292.658546
292.662570
292.680100
292.731094
292.732787
292.829812
292.847949
292.860800
292.962097
293.015727
293.175803
293.193073
293.195441
293.295767
293.310377
293.334488
293.336945
293.497198
293.543257
293.656660
293.687751
293.737458
293.746310
293.756930
293.794549
293.799423
293.909983
293.996661
294.065670
294.125081
294.209159
294.320916
294.353828
294.461593
294.591501
294.656461
294.735039
294.752257
294.807692
294.838500
294.904853
294.932500
294.963410
295.023023
295.245319
295.259688
295.273727
295.311375
295.376147
295.523837
295.615812
295.640161
295.664885
295.697212
295.738079
296.003914
296.016061
296.174992
296.278673
296.285797
296.352641
296.383269
296.383646
296.441250
296.488338
296.509812
296.550003
296.593162
296.746954
296.841588
296.873845
297.018772
297.246579
297.335464
297.387093
297.464794
297.500502
297.706454
297.728351
297.763355
297.855771
297.919796
297.959089
298.010911
298.046140
298.055973
298.061021
298.076339
298.188572
298.197615
298.277623
298.306121
298.310204
298.435188
298.790005
298.812802
298.815019
298.985395
299.010213
299.017359
299.040197
299.128474
299.187743
299.218638
299.231259
299.238345
299.353945
299.361721
299.405965
299.482394
299.524464
299.604786
299.708053
299.749888
299.802087
299.819569
299.846445
299.987180
300.004472
300.070241
300.339794
300.406428
300.555536
300.584037
300.619066
300.847148
300.900194
300.948208
301.036860
301.200879
301.270822
301.343339
301.363605
301.570829
301.653796
301.742192
301.943979
301.989100
302.088235
302.099255
302.105181
302.269373
302.293214
302.388859
302.427043
302.485578
302.609633
302.615045
302.732809
302.746979
302.772722
302.811937
302.840119
302.903297
302.910200
303.019076
303.038331
303.086687
303.092089
303.203479
303.245450
303.308203
303.330237
303.342087
303.359536
303.438892
303.568470
303.573108
303.581907
303.592054
303.763962
303.809130
303.936252
303.979802
304.004916
304.099666
304.103242
304.133971
304.286562
304.313536
304.439567
304.545618
304.759679
304.766075
304.802122
304.846453
304.927724
305.030148
305.101306
305.352972
305.374206
305.449585
305.519143
305.584776
305.656846
305.659776
305.697556
305.756443
305.761057
305.803689
305.848001
305.865707
305.875107
305.929609
305.973911
306.025713
306.070111
306.090966
306.114389
306.150878
306.153471
306.336078
306.372804
306.375253
306.403554
306.426711
306.439063
306.473588
306.525996
306.684341
306.689209
306.751568
306.781164
306.830314
306.831313
306.910834
306.922734
306.930623
307.029016
307.190231
307.200638
307.242811
307.289384
307.350832
307.496137
307.587158
307.686567
307.725046
307.727055
307.776725
307.853924
307.867376
307.947000
308.038177
308.059316
308.085127
308.212744
308.251843
308.289598
308.294651
308.304767
308.343710
308.416429
308.418714
308.440792
308.572603
308.609072
308.617483
308.633382
308.852288
308.858952
308.917285
308.970077
308.973724
309.079094
309.094739
309.095491
309.116747
309.150914
309.321190
309.351540
309.479353
309.486939
309.509141
309.600369
309.600468
309.623975
309.654236
309.725827
309.817935
309.854089
309.862149
309.939028
310.113063
310.265136
310.313846
310.388265
310.430280
310.580695
310.687567
310.714007
310.730835
310.751295
310.861352
310.878181
310.890449
311.260443
311.461900
311.697661
311.701604
311.719043
311.723748
311.751542
311.779541
311.779890
311.832149
311.937633
312.097159
312.148497
312.174062
312.175362
312.265659
312.343479
312.396304
312.551052
312.553302
312.559001
312.668465
312.674703
312.750917
312.835703
312.877185
312.972895
313.023557
313.047040
313.115884
313.181431
313.199978
313.285898
313.394437
313.414945
313.453831
313.456883
313.555469
313.659650
313.877381
313.895067
313.896262
313.937476
314.004486
314.167967
314.201173
314.228685
314.259213
314.360829
314.388864
314.594360
314.639071
314.643395
314.658346
314.893068
314.965016
315.019182
315.020564
315.038000
315.105621
315.121466
315.121997
315.140536
315.396664
315.449437
315.450585
315.497145
315.529762
315.628343
315.808634
315.818102
315.882460
315.918916
315.994769
316.062923
316.107267
316.227173
316.247863
316.635672
316.683000
316.816780
316.944185
316.969630
317.160844
317.274897
317.395927
317.484645
317.526452
317.583811
317.609747
317.628583
317.670730
317.674944
317.733950
317.825700
317.827750
317.836903
317.853602
317.871830
317.906733
317.909473
317.921087
317.973711
318.044118
318.102610
318.146005
318.358077
318.474366
318.511501
318.512643
318.528459
318.530994
318.566912
318.573192
318.822919
318.982399
318.993328
319.032569
319.079622
319.111008
319.182398
319.264516
319.308694
319.328962
319.398339
319.452661
319.478468
319.498338
319.741024
319.845633
319.852002
319.898079
320.038019
320.191319
320.238091
320.254829
320.257393
320.381647
320.452726
320.753391
320.807039
320.849281
320.853692
320.875664
320.918016
320.935748
321.031707
321.061908
321.123547
321.199032
321.399021
321.476855
321.535533
321.537422
321.561210
321.633402
321.792388
321.854297
321.906002
321.908817
321.990559
321.992578
322.033072
322.041377
322.091645
322.134574
322.145440
322.151119
322.217915
322.261705
322.276903
322.310175
322.332823
322.350893
322.401622
322.416721
322.421586
322.427519
322.428542
322.632310
322.662711
322.695082
322.761465
322.795122
322.812798
322.849126
322.868368
322.908870
323.030394
323.067978
323.280669
323.287321
323.314016
323.406243
323.525238
323.538405
323.545361
323.610365
323.640540
323.876907
323.897870
323.899708
323.921021
323.923137
324.078932
324.135170
324.196786
324.314754
324.372642
324.424758
324.472474
324.481358
324.595348
324.640034
324.787149
324.809639
324.868190
324.939155
325.024042
325.265813
325.284079
325.381165
325.447047
325.535529
325.675929
325.772387
325.879244
325.887939
325.903825
325.952999
325.969902
326.063152
326.068907
326.180005
326.180949
326.212937
326.287520
326.317225
326.379233
326.409450
326.436921
326.474767
326.500775
326.523095
326.533206
326.540228
326.558201
326.801405
326.912612
327.007390
327.103031
327.137473
327.164479
327.169326
327.341339
327.377724
327.433199
327.632473
327.704920
327.754370
327.790529
327.825631
327.882921
327.965364
328.020850
328.034589
328.080074
328.115601
328.159054
328.180153
328.186445
328.208859
328.234216
328.295354
328.409412
328.467828
328.564685
328.598918
328.607121
328.720546
328.724273
328.778159
328.782610
328.826839
328.905877
329.074442
329.114853
329.122663
329.203715
329.404746
329.440883
329.562799
329.568560
329.569387
329.590946
329.621789
329.679030
329.683620
329.690012
329.814458
329.853465
329.934855
329.996784
330.027691
330.106013
330.106904
330.165580
330.214531
330.216374
330.296460
330.303547
330.315993
330.331053
330.359441
330.363655
330.399980
330.450576
330.464440
330.477616
330.585262
330.603260
330.727425
330.762825
330.777438
330.790704
330.793563
330.818155
330.950236
331.040496
331.053369
331.059173
331.115056
331.220352
331.228116
331.257027
331.280009
331.287968
331.290295
331.370962
331.631671
331.716054
331.876953
331.906072
331.944115
331.952405
331.957959
331.980997
332.089085
332.142518
332.154214
332.289602
332.305587
332.346187
332.433058
332.492884
332.579750
332.580452
332.614101
332.753162
332.770493
332.822178
332.845063
332.867042
332.900703
332.939912
332.944422
332.947301
333.108808
333.210411
333.274715
333.316881
333.433454
333.480615
333.502220
333.575377
333.588246
333.655347
333.737551
333.762856
333.913665
333.932504
333.977050
333.979155
334.057097
334.072425
334.138645
334.266185
334.335543
334.452597
334.736846
334.799006
334.828089
334.903357
334.926777
334.930154
334.977461
335.093081
335.095155
335.112980
335.113755
335.133107
335.153768
335.262966
335.295580
335.304019
335.313786
335.332750
335.594572
335.602257
335.649329
335.685754
335.760505
335.924946
335.959523
336.136835
336.149577
336.276054
336.438837
336.559261
336.573449
336.590834
336.598792
336.655810
336.660976
336.695120
336.697522
336.761917
336.816035
336.825589
336.957267
336.958192
336.973014
336.998933
337.057961
337.146684
337.238449
337.259420
337.259435
337.278634
337.289692
337.389854
337.474580
337.489039
337.707318
337.712171
337.731902
337.923582
338.102621
338.155555
338.208037
338.249685
338.289869
338.355369
338.485525
338.600557
338.675600
338.748119
338.755842
338.773840
338.774699
338.824768
338.826884
338.849553
338.906871
338.991402
339.035314
339.220162
339.371956
339.448595
339.484310
339.538548
339.593044
339.601624
339.643008
339.678818
339.910148
339.921069
339.946047
340.147940
340.164198
340.236547
340.236930
340.250321
340.288769
340.355226
340.355393
340.377159
340.481330
340.516073
340.607770
340.651916
340.844529
340.878825
340.986178
341.004871
341.007525
341.026988
341.157693
341.186145
341.245776
341.304943
341.305871
341.334164
341.371312
341.500733
341.506309
341.601835
341.628599
341.732569
342.134899
342.196196
342.269823
342.275953
342.321080
342.330023
342.379447
342.479363
342.502284
342.523588
342.546009
342.605042
342.606229
342.629509
342.644104
342.656629
342.678604
342.679270
342.779231
342.787152
342.935198
342.978024
343.010104
343.044200
343.104073
343.162425
343.192479
343.279580
343.293856
343.443396
343.468153
343.470581
343.473671
343.531473
343.545265
343.556137
343.625769
343.635605
343.770041
343.771495
343.798130
343.890527
343.916610
344.056683
344.066645
344.076213
344.197861
344.202221
344.257486
344.317069
344.428170
344.436756
344.482540
344.574622
344.587230
344.599824
344.711572
344.719345
344.772924
344.817925
344.847788
344.949327
344.973605
344.978860
345.187576
345.198383
345.253367
345.361869
345.407898
345.419544
345.468342
345.508567
345.636921
345.740088
345.745352
345.753323
345.903126
345.936521
345.998039
346.013498
346.212214
346.231355
346.253515
346.278978
346.344200
346.378995
346.416326
346.637349
346.746559
346.756136
346.852118
347.000134
347.022618
347.026829
347.034418
347.188155
347.381505
347.411769
347.444798
347.589569
347.591688
347.624191
347.630635
347.631732
347.639175
347.784863
347.786433
347.906512
347.948723
347.989779
348.002795
348.182753
348.343835
348.404659
348.502651
348.744097
348.777741
348.810047
348.837738
348.860959
348.872028
348.896332
348.917157
348.973884
348.979603
349.237852
349.369407
349.372412
349.438954
349.633983
349.702066
349.708272
349.916796
349.931465
350.058748
350.062836
350.102269
350.108439
350.110993
350.131405
350.152352
350.211856
350.271073
350.283126
350.293117
350.300842
350.388875
350.436566
350.536470
350.631556
350.637793
350.661107
350.662253
350.695118
350.736000
350.744788
350.838667
350.875223
351.121838
351.138396
351.185010
351.233041
351.361657
351.374036
351.439414
351.449435
351.483924
351.510053
351.724447
351.927981
351.941897
352.081161
352.227541
352.236963
352.358590
352.446999
352.500161
352.565229
352.642044
352.663639
352.743809
352.836782
352.861363
352.889206
352.918253
352.925662
352.957286
353.054981
353.103109
353.160076
353.176962
353.197966
353.237401
353.277640
353.432560
353.451899
353.480342
353.559528
353.579550
353.583241
353.598947
353.623936
353.659815
353.774837
354.084201
354.103945
354.147682
354.224335
354.246175
354.258865
354.377259
354.406386
354.423720
354.591210
354.665699
354.704176
354.706633
354.750354
354.807555
354.926209
354.934691
354.963843
354.965487
355.029448
355.126923
355.158459
355.276996
355.432880
355.521962
355.630550
355.713043
355.739281
355.745314
355.841986
355.948796
356.076599
356.080480
356.093400
356.137082
356.142039
356.161054
356.183270
356.185864
356.271121
356.319317
356.370910
356.372077
356.410337
356.512063
356.576629
356.656603
356.694244
356.694387
356.704575
356.773667
356.795990
356.908118
357.070476
357.144729
357.145212
357.181852
357.506290
357.508368
357.522273
357.545627
357.593025
357.597285
357.654731
357.666641
357.905104
357.947699
358.022107
358.156776
358.301539
358.387987
358.414029
358.456120
358.512521
358.512849
358.529358
358.604332
358.651662
358.671245
358.673683
358.865998
358.908426
358.930810
358.989087
359.057361
359.096035
359.125690
359.270656
359.365449
359.376808
359.396802
359.438308
359.592674
359.613138
359.640468
359.735164
359.774771
359.809636
359.823723
359.861934
359.991573
360.103569
360.150274
360.276510
360.307464
360.348842
360.361266
360.476197
360.663788
360.776603
360.803180
360.884351
360.963318
361.002846
361.027346
361.226649
361.241056
361.246011
361.272675
361.286434
361.543233
361.558017
361.644145
361.655355
361.660497
361.690785
361.753298
361.802654
361.903402
362.008391
362.118581
362.120009
362.148130
362.151922
362.221318
362.250340
362.422394
362.446487
362.446574
362.460374
362.469640
362.508764
362.537639
362.643134
362.729175
362.825751
362.843612
362.870564
362.930232
363.087438
363.304189
363.313844
363.442080
363.533977
363.606103
363.627296
363.635410
363.652913
363.663391
363.680800
363.692463
363.769859
363.810898
363.845655
363.880954
363.896385
364.017882
364.022685
364.089205
364.092863
364.112454
364.167201
364.172291
364.199454
364.241285
364.270126
364.270598
364.349388
364.352461
364.403942
364.421483
364.498995
364.507149
364.514020
364.565752
364.614964
364.633511
364.763388
364.788450
364.877786
364.898022
364.931080
364.950831
364.955357
364.956591
365.101446
365.171594
365.209952
365.306499
365.334850
365.387221
365.452697
365.512079
365.598222
365.660466
365.858328
365.877465
365.892604
365.993910
366.060211
366.109228
366.159182
366.415386
366.426832
366.463333
366.512802
366.566147
366.589640
366.627054
366.681405
366.762873
366.883117
366.914249
366.963902
367.008028
367.044369
367.096137
367.153896
367.187045
367.212550
367.253041
367.264106
367.280887
367.294995
367.315392
367.410675
367.412013
367.641005
367.698609
367.713337
367.741246
367.828660
367.845626
367.850676
367.918027
367.982134
368.035832
368.063910
368.163898
368.199107
368.232359
368.234979
368.294575
368.387727
368.538554
368.552659
368.578472
368.581012
368.609632
368.674704
369.130935
369.139447
369.172683
369.277371
369.434985
369.599619
369.653237
369.663430
369.677248
369.692584
369.778493
369.832584
369.852309
369.914330
370.044008
370.046862
370.063744
370.071016
370.087590
370.119907
370.214130
370.337978
370.351718
370.385895
370.464837
370.484759
370.488954
370.530148
370.611169
370.621916
370.719830
370.845053
370.853243
370.922973
370.949733
371.034438
371.091352
371.136599
371.156641
371.347935
371.402631
371.554715
371.561838
371.596855
371.656891
371.675895
371.832335
371.891325
371.892355
371.938926
372.038549
372.063217
372.074875
372.244608
372.256386
372.273722
372.326434
372.375187
372.603159
372.632224
372.852531
372.990660
372.996208
373.006485
373.179091
373.243397
373.348790
373.410388
373.460995
373.495433
373.584518
373.641941
373.726164
373.806264
373.882469
373.928690
373.961101
373.972090
373.984971
374.012407
374.063629
374.126217
374.230600
374.278697
374.298091
374.399356
374.442990
374.506312
374.694787
374.737894
374.745518
375.094097
375.118837
375.499710
375.546172
375.564390
375.612708
375.766791
375.792462
375.846884
375.911655
376.078073
376.290922
376.421647
376.501840
376.569961
376.659599
376.739959
376.882524
376.968778
377.044390
377.064400
377.186324
377.227566
377.278380
377.288248
377.297238
377.350922
377.554548
377.581611
377.595372
377.745149
377.764358
377.791056
377.813243
378.032610
378.093401
378.117666
378.123890
378.167449
378.244870
378.377058
378.396166
378.415277
378.443809
378.461106
378.524816
378.588208
378.647302
378.807194
378.874500
378.877557
378.929585
378.949678
379.043685
379.066014
379.090789
379.165006
379.270029
379.346767
379.642490
379.658530
379.686404
379.715101
379.720591
379.869264
379.943153
379.966065
380.052533
380.055512
380.076632
380.093864
380.094834
380.108584
380.237090
380.335619
380.428336
380.449000
380.471351
380.476687
380.713844
380.761879
380.814877
380.882452
381.405346
381.413296
381.423598
381.466972
381.500683
381.517258
381.732090
381.744847
381.750999
381.773642
381.870266
381.908893
381.916038
381.916912
382.053521
382.179798
382.206758
382.220162
382.230692
382.235682
382.336334
382.351231
382.427000
382.429647
382.499208
382.602822
382.687822
382.721968
382.754428
382.787792
382.803765
382.868718
382.881177
382.884994
382.887427
382.896414
383.109783
383.163561
383.226673
383.280213
383.291926
383.338355
383.361899
383.363005
383.467243
383.601754
383.748949
383.803477
383.827438
383.853581
383.943976
383.948724
384.032977
384.054489
384.104929
384.169044
384.186212
384.203570
384.210695
384.531480
384.552232
384.585434
384.628179
384.735890
384.762476
384.763420
384.806115
384.828428
384.864482
384.921912
384.925732
384.931619
385.007427
385.247538
385.250195
385.270461
385.285230
385.376719
385.467900
385.484332
385.556923
385.568479
385.580486
385.619380
385.679704
385.727281
385.819462
385.828053
385.840251
385.847986
385.920316
386.013703
386.106098
386.164550
386.174142
386.186712
386.191616
386.212539
386.234800
386.334163
386.351741
386.418460
386.463087
386.539986
386.566979
386.627849
386.669344
386.792187
386.858174
386.884597
387.112396
387.145179
387.200986
387.293110
387.298402
387.308501
387.320350
387.341503
387.345242
387.348145
387.401355
387.418468
387.453497
387.482728
387.526425
387.610086
387.738108
387.743379
387.849564
387.852882
387.891094
387.963973
387.971102
388.051965
388.128245
388.175892
388.264087
388.275137
388.281038
388.305670
388.344596
388.487998
388.572652
388.661709
388.679659
388.750057
388.764079
388.784004
388.815750
388.837950
388.920636
388.991280
389.024518
389.108516
389.144495
389.178918
389.326277
389.377989
389.406268
389.454734
389.603492
389.625578
389.691256
389.762963
389.843843
389.953107
389.958584
389.994563
390.004409
390.021152
390.036635
390.070319
390.074877
390.100043
390.108109
390.501822
390.658591
390.680936
390.723558
390.724077
390.746643
390.781330
390.785629
390.898063
390.927372
390.931398
391.027793
391.178769
391.255941
391.262735
391.309101
391.386457
391.395471
391.529109
391.602312
391.613557
391.627774
391.753773
391.812999
391.959440
391.997941
392.079508
392.175105
392.188160
392.304892
392.315267
392.349308
392.370200
392.425159
392.562673
392.599663
392.636211
392.674012
392.778639
392.870781
392.959182
393.042736
393.069745
393.097206
393.110400
393.127963
393.203002
393.221412
393.296687
393.344007
393.363734
393.439032
393.439811
393.588836
393.606076
393.663119
393.670774
393.686116
393.745011
393.835490
393.857022
393.917437
393.932013
394.077148
394.111789
394.210615
394.224420
394.337050
394.375389
394.385403
394.433986
394.509979
394.712744
394.718860
394.794065
394.799047
394.831547
394.841463
394.862282
394.871717
394.948708
394.953135
395.037832
395.107528
395.245931
395.253294
395.265299
395.449138
395.465122
395.521142
395.532572
395.534408
395.665063
395.796191
395.889112
395.894067
395.907304
395.940193
395.951589
395.996861
396.052431
396.072313
396.174244
396.261373
396.301771
396.319365
396.327335
396.331820
396.425901
396.450111
396.462452
396.687983
396.710557
396.733410
396.742864
396.843699
396.899778
396.910414
396.954561
396.957193
397.058083
397.058231
397.099604
397.127861
397.244331
397.352013
397.374787
397.405450
397.417508
397.796841
397.800384
397.829514
397.845289
397.889956
397.900588
397.934276
397.985538
397.992647
398.005186
398.005724
398.006782
398.040671
398.120013
398.197151
398.217082
398.323335
398.527574
398.579810
398.720237
398.733249
398.762310
398.783958
398.867632
398.959619
399.055052
399.055617
399.078072
399.203277
399.252802
399.279097
399.285328
399.289352
399.526014
399.618917
399.641411
399.716742
399.725438
399.741618
399.748475
399.757805
399.878110
399.880293
399.903640
400.047284
400.153837
400.166756
400.190463
400.201284
400.228863
400.290480
400.303375
400.359184
400.390360
400.446396
400.541301
400.555627
400.581413
400.591319
400.599952
400.631369
400.634150
400.655628
400.657048
400.834788
400.846094
400.857462
401.116434
401.263644
401.464812
401.514925
401.565514
401.599834
401.610057
401.634958
401.744507
401.751765
401.774254
401.823556
401.848855
401.953700
402.165438
402.261611
402.360713
402.383691
402.434293
402.577082
402.588967
402.593643
402.610023
402.651744
402.661791
402.782969
402.787211
402.935256
402.951568
403.066299
403.084348
403.137891
403.140857
403.279375
403.365913
403.475817
403.502470
403.518262
403.619195
403.634556
403.696196
403.727718
403.772053
403.790117
403.821208
403.941607
403.974044
403.996192
404.064271
404.228562
404.335113
404.337393
404.346105
404.480614
404.501731
404.567154
404.649837
404.652654
404.663249
404.736618
404.776491
404.832467
404.834364
405.002354
405.016838
405.112816
405.334552
405.390723
405.447071
405.465204
405.509097
405.650898
405.760372
405.854549
405.906853
405.929105
405.971532
405.980897
405.982177
406.025573
406.131336
406.138918
406.155870
406.198264
406.220950
406.338245
406.545474
406.551381
406.599707
406.636449
406.637437
406.645549
406.670500
406.744943
406.748248
406.748843
406.754166
407.042141
407.059070
407.190986
407.245364
407.275862
407.417393
407.463909
407.470583
407.512092
407.628750
407.655205
407.696001
407.723196
407.729790
407.822238
407.858475
407.904217
407.972618
408.012630
408.013637
408.185626
408.212506
408.261389
408.273550
408.315951
408.474626
408.557625
408.574289
408.600585
408.677228
408.708324
408.739805
408.802737
408.925068
409.025653
409.232044
409.263758
409.307900
409.419127
409.443085
409.471183
409.482311
409.553109
409.644783
409.661764
409.811822
409.921237
409.952121
410.054064
410.091043
410.311806
410.343620
410.348514
410.435987
410.439994
410.445499
410.472638
410.602982
410.628049
410.787102
410.832657
410.938800
411.125730
411.147351
411.269447
411.431747
411.483830
411.702424
411.728503
411.739933
411.762395
411.779784
411.786359
411.801758
411.810966
411.811034
411.852207
411.999009
412.147438
412.167056
412.182979
412.198398
412.272498
412.309731
412.383444
412.425410
412.445646
412.481354
412.511899
412.709771
412.777343
412.852783
412.935030
412.965872
412.976108
413.063539
413.072887
413.099207
413.120987
413.174356
413.241269
413.262216
413.347162
413.432696
413.443704
413.523843
413.536986
413.562372
413.579303
413.626934
413.870093
413.885094
413.999615
414.097671
414.169876
414.210704
414.299222
414.601879
414.648709
414.654167
414.656058
414.669270
414.697456
414.798427
414.825769
414.877417
414.912877
414.913298
414.948183
414.955584
415.073151
415.078100
415.082124
415.108773
415.174305
415.305227
415.315005
415.324946
415.433971
415.438421
415.543171
415.600716
415.738162
415.781260
415.788029
415.851526
415.882743
415.901528
415.936272
415.955591
416.070651
416.098178
416.130829
416.170350
416.175706
416.187747
416.300576
416.328611
416.340720
416.412617
416.451000
416.520029
416.522763
416.608965
416.632862
416.637823
416.745020
416.775183
416.775280
416.861183
416.891155
417.130725
417.356431
417.507162
417.557769
417.610166
417.652568
417.702437
417.795825
417.875408
417.890295
417.895014
417.924368
417.961974
417.974794
417.998439
418.076394
418.095507
418.126797
418.206185
418.253541
418.362119
418.395226
418.401550
418.415256
418.543133
418.613188
418.627249
418.669313
418.677574
418.680791
418.702115
418.717973
418.884036
419.025282
419.111001
419.138205
419.148126
419.289488
419.323333
419.430023
419.444216
419.472622
419.477925
419.514707
419.531150
419.560239
419.575278
419.591723
419.596547
419.721679
419.819508
420.067335
420.268383
420.287219
420.301792
420.314903
420.355295
420.377819
420.524902
420.677329
420.701069
420.759256
420.805413
420.864050
421.002671
421.089169
421.097058
421.153444
421.216077
421.310839
421.311874
421.410878
421.426618
421.540829
421.598399
421.621984
421.658766
421.668366
421.678797
421.680107
421.730663
421.737176
421.741233
421.762360
421.764495
421.785493
421.946679
421.979172
422.011776
422.058240
422.071801
422.174038
422.381130
422.424465
422.426280
422.480835
422.616115
422.628099
422.634481
422.745615
422.863182
422.870053
422.914364
422.918891
422.973387
423.028534
423.037735
423.205891
423.206030
423.274251
423.331673
423.399760
423.412393
423.418531
423.454366
423.491789
423.500118
423.555668
423.625265
423.628856
423.846800
423.856908
423.907287
424.164154
424.174013
424.235635
424.238458
424.251565
424.274766
424.288987
424.331796
424.453050
424.642341
424.743512
424.778029
424.904246
424.976715
425.015998
425.060938
425.139530
425.158706
425.342296
425.348243
425.354975
425.363338
425.382411
425.428413
425.568842
425.574703
425.629252
425.658216
425.688518
425.690489
425.846658
425.997840
426.011904
426.097699
426.158828
426.168073
426.216892
426.258489
426.273199
426.415871
426.546610
426.779037
426.791572
426.909987
426.919386
427.013214
427.015442
427.112947
427.149856
427.220628
427.284293
427.309599
427.309881
427.486830
427.488154
427.489330
427.491026
427.517292
427.558562
427.597518
427.642239
427.672502
427.710023
427.785056
427.790628
427.791624
427.814428
427.944214
427.984664
428.148502
428.207374
428.213826
428.241152
428.261460
428.279966
428.361547
428.420642
428.465473
428.615333
428.725749
428.776377
428.806678
428.924099
429.025117
429.136102
429.159555
429.175712
429.308811
429.316325
429.735021
429.735303
429.739287
429.784813
429.808693
429.870124
429.943900
430.098951
430.407892
430.442294
430.609758
430.698125
430.785114
430.914929
431.131421
431.132969
431.143281
431.165911
431.312419
431.458095
431.494914
431.532945
431.595657
431.602687
431.618970
431.674311
431.692003
431.806652
431.860656
431.920354
431.991999
432.011820
432.018218
432.021163
432.192447
432.200226
432.260519
432.279387
432.656713
432.720300
432.727364
432.880583
432.897501
432.952876
433.006645
433.022895
433.089164
433.116382
433.181283
433.257391
433.297613
433.299361
433.354810
433.482686
433.489773
433.523194
433.669424
433.832576
433.934078
433.962360
434.112958
434.119217
434.138723
434.387751
434.461166
434.481002
434.677420
434.719849
434.790539
434.930125
434.945289
434.959418
435.161040
435.161404
435.366294
435.716886
435.785929
435.789475
435.796913
435.837321
436.034219
436.135298
436.256567
436.297390
436.339568
436.380699
436.419447
436.470466
436.515905
436.577242
436.587128
436.661667
436.775722
436.778290
436.966645
437.075137
437.097828
437.099732
437.119439
437.203327
437.246670
437.521492
437.573996
437.671897
437.754667
437.763069
437.826612
437.904991
438.019555
438.238824
438.286637
438.305435
438.346539
438.352603
438.442430
438.742452
438.779419
438.803051
438.818841
438.819608
438.823964
439.166098
439.193910
439.225690
439.266063
439.359024
439.390066
439.428042
439.428664
439.444325
439.510587
439.539699
439.594255
439.708627
439.718522
439.784336
439.841369
439.863670
439.896592
439.978696
440.013994
440.095720
440.105973
440.136216
440.136645
440.155502
440.190617
440.247985
440.287877
440.367141
440.443768
440.583785
440.595168
440.872086
441.133923
441.140604
441.146066
441.204164
441.219816
441.272603
441.275103
441.307226
441.368103
441.380649
441.729247
441.840214
441.934051
441.954152
441.968647
442.103102
442.151785
442.169637
442.286126
442.388215
442.434322
442.442627
442.457042
442.515646
442.519722
442.634552
442.843181
442.903557
442.968079
443.129478
443.176138
443.176395
443.177137
443.262044
443.266023
443.396742
443.448550
443.571007
443.657004
443.773601
443.843506
444.003836
444.120826
444.134668
444.216547
444.230881
444.261698
444.265022
444.355011
444.398725
444.515363
444.557078
444.583401
444.662504
444.712815
444.739786
444.745862
444.749055
444.833343
444.941133
445.000010
445.044738
445.074517
445.264821
445.308328
445.328133
445.377758
445.473143
445.531202
445.538621
445.636732
445.670997
445.693131
445.711816
445.830819
446.071876
446.080220
446.081593
446.169690
446.249258
446.316972
446.364042
446.398608
446.477777
447.061076
447.243404
447.420608
447.428704
447.482224
447.597562
447.725415
447.775605
447.795612
447.834101
447.862133
447.868702
447.922226
447.930362
447.957724
447.964128
448.021771
448.116408
448.192743
448.331987
448.341920
448.375537
448.435313
448.450029
448.567535
448.580876
448.628263
448.642057
448.704657
448.767359
448.771294
448.812962
448.850228
448.966785
448.966976
448.995575
449.026087
449.033555
449.127831
449.300904
449.305970
449.359307
449.367002
449.473458
449.510284
449.526801
449.564937
449.589314
449.631847
449.678722
449.738633
449.795210
449.801546
449.812963
449.827550
449.842926
449.988306
450.095851
450.212043
450.215043
450.312819
450.321785
450.360440
450.398139
450.445430
450.572592
450.626005
450.833347
450.926429
450.963308
451.026718
451.099561
451.136392
451.167066
451.232890
451.267424
451.312787
451.534296
451.700293
451.774324
451.879828
452.046561
452.057199
452.090870
452.115108
452.120079
452.150860
452.157000
452.261579
452.293126
452.294095
452.320386
452.330095
452.395028
452.522640
452.549270
452.628753
452.712692
452.724905
452.725836
452.825764
452.870971
452.909355
452.925569
452.953282
452.975993
453.067744
453.102001
453.122615
453.139533
453.242109
453.251574
453.366460
453.413507
453.570904
453.617296
453.781318
453.790353
453.980325
453.987586
453.988951
454.090474
454.121854
454.185904
454.349124
454.365992
454.496010
454.592019
454.656247
454.679321
454.714670
454.785282
454.814824
454.832132
454.873179
454.928728
455.058071
455.102122
455.134015
455.229472
455.263314
455.461322
455.587861
455.627006
455.717237
455.740934
455.760123
455.779462
455.813040
455.842746
455.881218
455.997723
456.040300
456.136549
456.173957
456.230044
456.262115
456.265768
456.346802
456.386237
456.425282
456.598266
456.605719
456.615439
456.676115
456.727501
456.834115
456.842981
456.902621
456.912800
456.936755
456.991079
456.998543
457.004356
457.016446
457.069917
457.124829
457.130938
457.135800
457.174545
457.421437
457.544665
457.651772
457.713902
457.747993
457.768552
457.864772
457.866636
457.946460
457.998315
458.049298
458.093506
458.095233
458.102358
458.121481
458.124552
458.166292
458.212844
458.232949
458.249901
458.278557
458.358383
458.382572
458.399068
458.587771
458.619943
458.963762
458.991571
459.189108
459.195516
459.336849
459.372157
459.374216
459.470864
459.562579
459.710993
459.725942
459.750595
459.782652
459.920209
460.061516
460.169603
460.207916
460.261256
460.348447
460.401448
460.423061
460.423991
460.478117
460.619257
460.622756
461.136503
461.222252
461.270216
461.304409
461.364357
461.429597
461.467884
461.469110
461.816495
461.845327
461.861247
461.940920
461.959242
461.969436
461.971126
462.029654
462.060911
462.118012
462.247803
462.278675
462.296946
462.364466
462.409603
462.486059
462.556367
462.643949
462.701978
462.726257
462.743181
462.783920
462.831660
462.841835
462.920293
463.080009
463.090624
463.157821
463.159808
463.167928
463.302895
463.357427
463.416054
463.577106
463.605801
463.617718
463.663193
463.785679
463.830680
463.933774
463.939704
463.958036
463.981714
463.993564
464.008603
464.033000
464.105317
464.136507
464.183204
464.219825
464.272132
464.413409
464.504373
464.569107
464.598685
464.620897
464.651783
464.918667
465.003290
465.052184
465.151043
465.177734
465.440181
465.462628
465.579968
465.607967
465.649566
465.680633
465.690064
465.786492
465.944687
466.024117
466.134947
466.169887
466.315357
466.335145
466.467672
466.478040
466.622158
466.672593
466.674289
466.729338
466.772413
466.858089
466.911622
466.993738
467.046881
467.074704
467.113856
467.190428
467.381403
467.456861
467.570473
467.582357
467.584893
467.585111
467.590430
467.602679
467.639867
467.744334
467.994806
468.043348
468.043567
468.093686
468.271266
468.278548
468.306847
468.328080
468.342519
468.555470
468.573285
468.726020
468.745996
468.753081
468.824933
468.825491
468.860949
468.966307
469.164165
469.220789
469.335873
469.354770
469.464020
469.513902
469.586786
469.588658
469.609117
469.745224
469.819293
469.830544
470.188143
470.242675
470.252877
470.378781
470.649726
470.651922
470.752874
470.754269
470.800261
470.822246
470.834230
470.838201
470.852321
470.936042
471.030022
471.221460
471.307943
471.423220
471.618494
471.630109
471.744205
471.783886
471.790246
471.796868
471.835989
471.860682
471.914184
471.955487
471.964667
471.970617
472.112558
472.127696
472.143839
472.150784
472.162257
472.213594
472.299225
472.319960
472.422924
472.508463
472.517733
472.542902
472.561237
472.577391
472.608131
472.646735
472.654056
472.656200
472.710960
472.715224
472.720748
472.841405
472.956770
473.038702
473.087545
473.099825
473.208800
473.220423
473.250202
473.330286
473.363514
473.396010
473.460487
473.489015
473.496662
473.517276
473.657830
473.781856
473.836879
473.845190
473.848217
473.868061
473.869379
473.937168
473.964458
473.981528
473.994512
474.037077
474.089937
474.191563
474.196011
474.216608
474.370012
474.530435
474.541477
474.576206
474.580004
474.770293
474.923167
474.932711
475.219186
475.250307
475.296061
475.316110
475.374793
475.479545
475.736622
475.872671
475.918095
475.956968
476.196017
476.239724
476.254634
476.297591
476.320459
476.323855
476.383751
476.416163
476.453296
476.477558
476.529526
476.576317
476.649466
476.661484
476.721828
476.775246
476.898244
476.904830
476.969151
476.974722
477.086860
477.160506
477.168301
477.275269
477.423461
477.524083
477.542973
477.546496
477.854767
477.871418
478.002452
478.031957
478.131302
478.138809
478.161467
478.415542
478.453917
478.476186
478.902945
478.909634
479.006791
479.017944
479.271981
479.341988
479.383439
479.510717
479.568008
479.632025
479.803062
479.840528
479.940309
480.028783
480.028988
480.037361
480.106674
480.219644
480.229398
480.303648
480.318209
480.377084
480.433025
480.467567
480.478216
480.576409
480.626354
480.695148
480.705773
480.784708
480.847751
480.873185
480.887409
481.079592
481.113942
481.124499
481.150619
481.163257
481.232894
481.299205
481.327318
481.329298
481.337050
481.369237
481.430475
481.755173
481.817241
481.817458
481.910285
481.917189
481.955885
481.975119
482.084901
482.130711
482.177436
482.279381
482.465434
482.521051
482.544556
482.554790
482.722069
482.904704
482.959947
483.009844
483.018206
483.039913
483.047939
483.080109
483.313278
483.443534
483.449649
483.457417
483.522376
483.593201
483.763699
483.851189
484.007211
484.048832
484.108108
484.154226
484.275214
484.304608
484.354613
484.388146
484.519674
484.541692
484.558559
484.575821
484.595203
484.637805
484.661900
484.798792
484.801201
484.880812
484.890776
484.898973
484.901825
484.930937
484.969611
484.984715
484.985208
485.017908
485.130824
485.285430
485.501472
485.634600
485.700062
485.706491
485.739897
485.804361
485.815605
485.830532
485.847927
485.861835
485.960152
486.001134
486.008078
486.081515
486.147734
486.150904
486.194283
486.336528
486.338898
486.437101
486.491990
486.501419
486.626506
486.657984
486.661506
486.758736
486.768406
486.888349
486.921819
486.931034
486.943588
486.959340
487.067003
487.108928
487.131877
487.150195
487.221389
487.312897
487.399106
487.405731
487.410077
487.517400
487.599530
487.690834
487.729722
487.764070
487.843950
487.925562
488.045295
488.129603
488.130506
488.142767
488.256777
488.433600
488.441913
488.559126
488.598866
488.621644
488.627209
488.628972
488.685352
488.707312
488.780831
488.948954
488.951019
489.176872
489.309917
489.358064
489.379154
489.458987
489.471141
489.505617
489.616480
489.634939
489.686110
489.719225
489.832700
489.862872
489.869268
489.976368
490.013616
490.022318
490.058551
490.196836
490.311379
490.316699
490.372615
490.463057
490.472651
490.575461
490.649629
490.737056
490.740189
490.802463
490.834691
490.860175
490.860782
491.042782
491.318070
491.408750
491.410301
491.498847
491.709127
491.745699
491.817501
491.890094
491.912288
491.918860
492.005056
492.032530
492.050614
492.152068
492.217818
492.315742
492.350953
492.427840
492.460280
492.477372
492.502820
492.525164
492.547172
492.552402
492.616127
492.626843
492.656367
492.738534
492.753757
492.791116
492.932340
492.956980
492.993250
493.000587
493.143935
493.258383
493.271731
493.276092
493.333610
493.383977
493.395145
493.435554
493.472235
493.479534
493.560420
493.685275
493.833989
493.841781
493.848746
493.865764
493.940415
493.943316
493.959869
493.969937
494.035706
494.109734
494.236780
494.248584
494.333105
494.342645
494.499498
494.566572
494.573866
494.605780
494.636450
494.651735
494.698021
494.732821
494.776935
494.910540
495.000110
495.055823
495.152722
495.374452
495.425836
495.577911
495.609549
495.617669
495.626469
495.633778
495.641752
495.738165
495.847315
495.900692
495.940795
495.999968
496.000595
496.015451
496.034433
496.130126
496.138202
496.176833
496.195130
496.210608
496.243269
496.292881
496.353211
496.574966
496.646861
496.662240
496.715101
496.916424
496.940107
497.110765
497.241497
497.253709
497.300513
497.322645
497.342192
497.539841
497.619800
497.706592
497.766226
497.816178
497.958232
497.984382
498.015008
498.019760
498.077447
498.107769
498.124997
498.149130
498.226658
498.292571
498.307475
498.316823
498.366579
498.369714
498.379051
498.387828
498.408547
498.414837
498.435930
498.503010
498.584994
498.593534
498.666096
498.671522
498.674505
498.677059
498.719671
498.888264
499.004960
499.108217
499.150202
499.199598
499.241866
499.417702
499.444506
499.451500
499.461238
499.551348
499.635577
499.706753
499.773963
499.825913
499.869251
500.005803
500.020358
500.089403
500.129047
500.172044
500.180522
500.272936
500.277458
500.301500
500.412060
500.506507
500.522945
500.523790
500.651593
500.721839
500.724347
500.754958
500.784263
500.790493
500.821643
500.876644
501.025313
501.097084
501.261600
501.424604
501.773372
501.807439
501.834602
501.844020
501.997701
502.166759
502.187299
502.223154
502.264648
502.267672
502.276005
502.422655
502.433235
502.439358
502.470138
502.470229
502.482117
502.532825
502.628679
502.698186
502.758388
502.861971
502.879981
502.939703
502.944527
502.991368
502.999716
503.056576
503.229325
503.246394
503.345902
503.390784
503.467079
503.516090
503.554087
503.609134
503.620651
503.623264
503.697759
503.865299
503.959752
503.999973
504.026301
504.043032
504.151823
504.180567
504.248445
504.260157
504.266785
504.294242
504.399010
504.530518
504.589976
504.671458
504.686276
504.795654
504.852050
504.865054
504.965905
504.970663
505.032026
505.054337
505.273311
505.302262
505.328853
505.368429
505.711560
505.761338
505.879838
505.934410
506.020892
506.043503
506.168241
506.199149
506.216356
506.233953
506.361802
506.441980
506.476747
506.542217
506.610327
506.640836
506.647623
506.781131
506.783045
506.893659
506.901756
507.106714
507.160014
507.166847
507.170889
507.211865
507.538089
507.622817
507.743031
507.944035
507.952992
507.973385
508.001103
508.011193
508.163416
508.228097
508.394185
508.403661
508.412256
508.423754
508.455417
508.460618
508.508322
508.557744
508.626305
508.631206
508.659413
508.899312
509.128759
509.175738
509.213347
509.241203
509.284586
509.291330
509.380743
509.484766
509.525199
509.535238
509.588903
509.624700
509.646719
509.705755
509.716707
509.726601
509.838029
509.848655
509.942563
509.956734
510.013004
510.015568
510.029935
510.104413
510.166192
510.183401
510.204471
510.371463
510.384760
510.485041
510.494626
510.542298
510.573947
510.733427
510.743047
510.785565
510.881449
511.004283
511.157441
511.305502
511.399949
511.419701
511.500609
511.618747
511.642904
511.646859
511.647715
511.658119
511.696961
511.719849
511.720807
511.736874
511.817043
511.817133
511.824635
511.943948
512.046539
512.295940
512.303678
512.304509
512.471054
512.480377
512.526689
512.638313
512.747092
512.747794
512.818368
512.834962
512.931364
512.936870
513.014265
513.039352
513.062488
513.066828
513.167122
513.168110
513.182652
513.187484
513.305007
513.521997
513.606676
513.655247
513.810158
513.883249
513.952602
513.989350
514.018213
514.068587
514.074845
514.104066
514.145315
514.289509
514.541458
514.572994
514.585354
514.638414
514.702221
514.726913
514.748338
514.776901
514.815496
514.886886
515.072151
515.075119
515.078361
515.111895
515.158052
515.178198
515.320092
515.358262
515.387661
515.440211
515.527829
515.546875
515.612135
515.615716
515.738987
515.763776
515.854903
515.862961
515.871876
516.000266
516.023011
516.099025
516.139061
516.155032
516.213977
516.388254
516.414119
516.445482
516.686705
516.699351
516.755481
516.869623
517.020338
517.111588
517.265151
517.287831
517.293436
517.366961
517.448763
517.489704
517.579554
517.610237
517.616971
517.644003
517.660487
517.771237
517.819918
517.902363
517.979836
518.236623
518.359827
518.447851
518.493320
518.509936
518.567595
518.579542
518.612040
518.634643
518.697704
518.861393
518.908412
518.915424
518.932930
518.956305
518.990638
519.051773
519.065457
519.094875
519.191006
519.446345
519.450776
519.476687
519.538768
519.881086
519.988714
520.037187
520.048519
520.113497
520.133253
520.285693
520.290209
520.321963
520.478523
520.514570
520.609998
520.631477
520.632927
520.737960
520.787538
520.856230
520.868222
520.902466
520.985675
521.039479
521.056597
521.202972
521.284711
521.330436
521.442544
521.505953
521.638704
521.969184
522.018783
522.241269
522.264906
522.303138
522.331073
522.404771
522.633646
522.691210
522.741297
522.758880
522.869753
522.933006
522.993800
522.997758
523.114362
523.147108
523.179855
523.332709
523.361403
523.537086
523.572017
523.591051
523.730794
523.742214
523.758332
523.875203
523.966482
524.026344
524.147627
524.314194
524.324096
524.429277
524.437278
524.527423
524.633999
524.636317
524.678527
524.744365
524.748376
524.786569
524.787540
524.892960
524.897128
525.096185
525.114004
525.252235
525.258170
525.270504
525.270582
525.321279
525.451809
525.588751
525.633507
525.878019
525.879229
525.939290
525.971938
526.060725
526.061715
526.075698
526.108389
526.109723
526.128066
526.161954
526.197905
526.327431
526.379624
526.568924
526.626991
526.669697
526.697782
526.779349
526.811634
526.894291
526.911104
527.004333
527.030856
527.035994
527.036971
527.044847
527.213382
527.523888
527.582871
527.589198
527.655617
527.729240
527.838588
527.884767
528.103952
528.118558
528.126340
528.175338
528.185495
528.219486
528.229146
528.231661
528.331188
528.411152
528.579983
528.595632
528.609037
528.793246
528.920629
528.961847
529.159756
529.167367
529.198503
529.326539
529.354814
529.361403
529.424045
529.485650
529.603708
529.764422
529.823235
529.871320
529.882655
529.932942
529.946359
530.091797
530.118234
530.153501
530.218382
530.237499
530.257275
530.282560
530.477351
530.544218
530.561281
530.567361
530.807113
530.886951
530.932013
530.958724
531.023076
531.126695
531.275685
531.375555
531.403086
531.501036
531.558954
531.773162
531.824245
531.888174
531.897379
531.920624
531.959523
532.072299
532.092672
532.103483
532.107170
532.107930
532.168221
532.185326
532.199067
532.216996
532.224943
532.254318
532.389565
532.441847
532.592101
532.598819
532.795735
532.796909
532.884958
532.945307
532.981288
532.991140
533.036827
533.088228
533.107146
533.114839
533.156566
533.171949
533.543333
533.546114
533.601095
533.716790
533.768162
533.889162
533.915782
533.940704
533.979454
533.985753
534.028808
534.036941
534.094031
534.107343
534.154294
534.221134
534.552152
534.562087
534.815036
534.857652
534.894784
534.930277
534.930946
534.997571
535.172647
535.176901
535.218137
535.390924
535.418220
535.451696
535.487348
535.547950
535.577922
535.671555
535.689714
535.728430
535.771373
535.774512
535.792799
535.799420
535.826504
535.856575
536.025748
536.077683
536.180512
536.273451
536.320210
536.420640
536.600880
536.613447
536.617327
536.759568
536.768483
536.816144
536.832111
537.107409
537.110165
537.120460
537.270044
537.304608
537.322937
537.323531
537.369081
537.375734
537.515247
537.698441
537.709985
537.788029
537.810099
537.974934
537.977341
537.992789
538.000143
538.155034
538.220920
538.327191
538.418803
538.636269
538.642537
538.792639
538.850034
538.873498
538.905923
539.034820
539.050600
539.061351
539.196777
539.300319
539.318701
539.514462
539.553151
539.593017
539.610086
539.620307
539.924397
539.938109
540.006339
540.086937
540.171637
540.180548
540.215708
540.293285
540.327353
540.396052
540.455749
540.491291
540.522653
540.530916
540.549619
540.576750
540.639896
540.662385
540.673118
540.794359
540.796517
540.910708
540.960804
540.963269
541.097916
541.209237
541.299366
541.399433
541.511142
541.536614
541.749051
541.762069
541.766467
541.819934
542.040876
542.042977
542.091806
542.094818
542.186789
542.199527
542.249840
542.253960
542.501307
542.532769
542.601394
542.762143
542.793692
542.819986
542.834878
543.012893
543.038769
543.113188
543.161570
543.189442
543.204552
543.279813
543.345785
543.382798
543.400493
543.556313
543.568112
543.735744
543.838087
543.910368
543.977776
544.031574
544.088499
544.137972
544.206040
544.281863
544.335480
544.342892
544.429719
544.435818
544.580291
544.590565
544.599304
544.646762
544.759930
544.805215
544.836582
544.842744
544.848050
544.888709
544.933438
544.953388
545.035742
545.080807
545.200066
545.207599
545.213399
545.325052
545.359234
545.374463
545.516498
545.551413
545.559587
545.561041
545.596161
545.612747
545.659826
545.660070
545.687578
545.790982
545.806006
545.806956
545.933746
545.938970
545.984267
546.050799
546.064789
546.095498
546.110655
546.129854
546.173333
546.238679
546.251078
546.375468
546.417874
546.418195
546.437481
546.490625
546.509646
546.521910
546.618333
546.649698
546.651897
546.785097
546.786653
546.821602
546.825586
546.831466
546.937862
547.004353
547.111874
547.114884
547.253893
547.345323
547.423363
547.453345
547.466939
547.532437
547.636277
547.690875
547.712005
547.725961
547.730534
547.735811
547.757839
547.808529
547.831044
547.868609
547.937146
547.995705
548.043040
548.043576
548.137032
548.165022
548.171919
548.176392
548.184352
548.217603
548.266481
548.359405
548.407501
548.512905
548.653111
548.718975
548.736438
548.763647
548.875450
548.912799
548.966749
549.055625
549.166765
549.200790
549.220514
549.220815
549.325567
549.458818
549.565073
549.586723
549.611267
549.759704
549.801925
549.886277
549.930956
549.955422
549.979363
550.029441
550.041026
550.103430
550.113779
550.131309
550.154368
550.263144
550.314169
550.443123
550.571744
550.588694
550.619909
550.619977
550.645802
550.725174
550.832672
550.847450
550.873745
550.958112
550.987185
550.996764
551.063469
551.067791
551.269076
551.282703
551.342032
551.377611
551.418732
551.516096
551.534523
551.608831
551.626200
551.626840
551.646553
551.673518
552.008380
552.093438
552.220412
552.232676
552.243909
552.249538
552.284011
552.313501
552.357875
552.401338
552.445498
552.456450
552.495053
552.505190
552.619465
552.642989
552.649161
552.665213
552.807346
552.834733
552.845334
552.877480
552.887712
552.929444
552.960199
553.118675
553.129299
553.330856
553.481544
553.561874
553.567786
553.651961
553.944938
553.958820
553.980267
554.033303
554.100898
554.131552
554.156700
554.256740
554.273689
554.359454
554.480072
554.481622
554.568140
554.576575
554.584602
554.762550
554.807338
554.874726
554.948724
554.955794
555.008669
555.080965
555.094599
555.113987
555.270703
555.340245
555.401165
555.403255
555.575372
555.577916
555.629566
555.641322
555.783944
555.800385
555.915648
555.981895
556.044008
556.095832
556.115093
556.245062
556.324624
556.440198
556.531018
556.557927
556.657918
556.767880
556.968558
556.989675
557.149921
557.188181
557.228840
557.349690
557.486835
557.775409
557.816106
557.844648
558.010824
558.066671
558.091914
558.102151
558.123572
558.180087
558.197902
558.341619
558.455803
558.526135
558.564114
558.634857
558.641141
558.653803
558.700918
558.786324
558.881343
558.887151
558.974069
559.072328
559.157707
559.237781
559.249359
559.347741
559.351840
559.503172
559.518226
559.545599
559.750816
559.753911
559.761209
559.982549
560.050735
560.231829
560.364957
560.389619
560.419746
560.586769
560.744472
560.981560
561.104455
561.347487
561.388068
561.413215
561.469363
561.494489
561.572557
561.646232
561.651797
561.737469
561.798748
561.830724
561.840685
561.862771
562.002871
562.027191
562.087521
562.219241
562.317558
562.371366
562.392465
562.398330
562.726395
562.773568
562.827843
562.860545
562.950222
562.962712
562.980135
563.051516
563.187239
563.196515
563.267259
563.327633
563.690627
563.973539
564.038944
564.069753
564.076253
564.104400
564.179580
564.229921
564.363610
564.408347
564.480425
564.484503
564.493276
564.637536
564.654242
564.793073
564.851060
564.857167
564.913997
564.957730
565.006411
565.076908
565.084476
565.117673
565.208319
565.216462
565.229108
565.317219
565.317555
565.377221
565.434147
565.500017
566.195317
566.233521
566.359113
566.485256
566.559240
566.563659
566.688208
566.791367
566.800122
566.814634
566.851271
566.880013
566.996041
567.074181
567.096457
567.138751
567.151980
567.178139
567.208543
567.222347
567.342474
567.348482
567.442519
567.588942
567.659045
568.046876
568.109038
568.116298
568.148468
568.302716
568.420104
568.456844
568.470757
568.485262
568.512050
568.524530
568.532476
568.572491
568.655070
568.834963
568.869922
568.896617
568.961379
569.001641
569.002039
569.096310
569.105268
569.105281
569.107559
569.118080
569.175418
569.462568
569.493903
569.505935
569.548149
569.557657
569.606089
569.629179
569.651386
569.696149
569.703779
569.705061
569.767267
569.798169
569.810412
569.951593
570.008681
570.143501
570.163475
570.181552
570.210267
570.277506
570.330938
570.407829
570.413789
570.509372
570.547258
570.690680
570.696425
570.698929
570.839852
570.840781
570.860825
570.947509
570.999918
571.084198
571.089515
571.145646
571.177652
571.209072
571.233007
571.259122
571.318173
571.347943
571.347976
571.365114
571.534408
571.552413
571.623044
571.640481
571.698704
571.720425
571.798397
571.835612
572.009620
572.010112
572.069367
572.122527
572.167860
572.211533
572.236718
572.252362
572.308314
572.343692
572.578288
572.611143
572.707153
572.719220
572.733758
572.768203
572.795390
572.922223
572.923116
573.175669
573.195136
573.199204
573.337469
573.340634
573.360405
573.382958
573.434535
573.443747
573.463532
573.496462
573.531070
573.572932
573.657427
573.720713
573.788472
573.838025
573.893384
573.922299
574.058956
574.082074
574.171578
574.274669
574.303650
574.339034
574.450319
574.474965
574.562088
574.566406
574.654065
574.692762
574.774586
574.792126
574.870687
574.902462
574.928115
575.167107
575.241766
575.252295
575.262919
575.299806
575.399621
575.418693
575.429511
575.497727
575.641310
575.650753
575.749658
575.774350
575.789861
575.797693
575.848989
575.890861
575.896321
575.931237
576.123824
576.225558
576.348285
576.349345
576.362260
576.418049
576.504262
576.529707
576.613758
576.760803
576.895264
576.949982
577.069744
577.160235
577.184125
577.193969
577.243648
577.276119
577.278945
577.682613
577.688627
577.689484
577.827835
577.862945
577.878065
578.007940
578.043138
578.099169
578.353185
578.382688
578.538589
578.652131
578.723971
578.761508
578.764310
578.800127
578.926876
579.055713
579.355499
579.388115
579.553145
579.712558
579.753070
579.786256
579.829454
579.937938
579.957245
579.997908
580.045182
580.095136
580.180068
580.395306
580.401168
580.476162
580.547583
580.570223
580.603777
580.673865
580.684595
580.730589
580.804737
580.825499
580.977400
581.020609
581.057616
581.075749
581.198983
581.280916
581.348612
581.392508
581.414799
581.440537
581.452555
581.506825
581.544549
581.586803
581.684228
581.760039
581.829066
581.901814
582.085860
582.108939
582.321053
582.369036
582.381305
582.429080
582.574514
582.678792
582.833569
582.851929
582.947087
583.005145
583.018606
583.047559
583.064938
583.144922
583.283150
583.394002
583.396810
583.477651
583.524656
583.536628
583.675096
583.697719
583.808006
583.826994
583.828696
583.902068
583.919127
583.961955
584.102687
584.156019
584.171629
584.207382
584.240010
584.243150
584.362796
584.435430
584.439556
584.675793
584.684101
584.739122
584.742176
584.743756
584.756717
584.797287
584.917695
584.939213
584.944422
584.984881
585.021649
585.155309
585.196699
585.197353
585.352069
585.382796
585.413508
585.499329
585.577703
585.649566
585.685483
585.721402
585.723430
585.794840
585.800788
585.848448
585.906788
585.909632
585.960679
586.015803
586.131259
586.159645
586.181858
586.209552
586.248463
586.264570
586.281299
586.319573
586.335454
586.445083
586.470975
586.577115
586.626123
586.866290
586.924955
586.934522
586.965555
587.027558
587.066532
587.152613
587.162440
587.191576
587.206283
587.221120
587.249775
587.284513
587.306808
587.322809
587.377286
587.422177
587.678995
587.685464
587.738302
587.870101
587.898085
587.980383
587.997622
588.135741
588.160034
588.229237
588.254536
588.440709
588.470269
588.487812
588.500537
588.549821
588.800537
588.858718
588.866177
588.950426
589.086994
589.204410
589.241583
589.267887
589.316488
589.390698
589.429114
589.450375
589.481300
589.544280
589.560610
589.581823
589.585766
589.604073
589.639424
589.910532
589.911428
589.970257
590.093303
590.119195
590.119784
590.298579
590.325213
590.534538
590.564144
590.564371
590.717110
590.755239
590.778018
590.839517
590.853033
591.039966
591.064932
591.328479
591.372733
591.494623
591.544669
591.563235
591.599249
591.633813
591.666434
591.734319
591.897495
591.987517
592.068650
592.095965
592.138632
592.186168
592.187365
592.212511
592.286880
592.435937
592.813517
592.844162
592.874660
592.908132
592.953261
593.017182
593.142349
593.255660
593.265286
593.428492
593.502875
593.555407
593.582072
593.592745
593.641227
593.712279
593.811479
593.882181
593.917437
593.934027
593.961172
594.056430
594.080471
594.084292
594.283382
594.332912
594.371546
594.395355
594.447753
594.461101
594.505272
594.581450
594.749903
594.763379
594.781428
594.785962
594.842065
594.863693
595.110007
595.232035
595.251330
595.390329
595.407485
595.517730
595.528195
595.622480
595.631629
595.671801
595.672753
595.696752
595.720265
595.735587
595.749400
595.864343
595.950787
596.155345
596.358297
596.365164
596.431416
596.595572
596.630666
596.633202
596.695844
596.737220
596.742449
596.996366
596.997769
597.096440
597.136393
597.230147
597.248277
597.326334
597.468995
597.471126
597.481818
597.493625
597.585917
597.588396
597.701427
597.735518
597.754573
597.792312
597.843096
597.874263
597.914042
598.074583
598.121349
598.169639
598.294637
598.350385
598.488895
598.569625
598.701198
598.789067
599.073862
599.101572
599.108035
599.162789
599.187013
599.194123
599.194844
599.289849
599.290257
599.349055
599.492020
599.500798
599.568697
599.601052
599.611834
599.647052
599.790107
599.875613
599.876093
599.886556
