1.518475153865606053e+00
1.656635137080719744e+00
2.085639159357211003e+00
2.759115484988894362e+00
3.251295444089508102e+00
3.406093430225720642e+00
3.646342406944902415e+00
4.318046588926760521e+00
4.363399700364578138e+00
4.636984958660228529e+00
4.976348678356846023e+00
5.466547695464917922e+00
6.175348288740734048e+00
6.981580720747759372e+00
7.294789929436151787e+00
7.605223024637252749e+00
7.625738023228556983e+00
7.910092349175601001e+00
7.953393162486543488e+00
8.634802894001690987e+00
9.150074981714828581e+00
9.428755706020275795e+00
1.031655633456551868e+01
1.078268213902262573e+01
1.100496086717937061e+01
1.106608420635983947e+01
1.120445662476432602e+01
1.179364195232968093e+01
1.221864069569104139e+01
1.223254246642917487e+01
1.226058487994365898e+01
1.294797358517283392e+01
1.356560103185682209e+01
1.356818667316142069e+01
1.359120293161335624e+01
1.363391410243736068e+01
1.380079260652582462e+01
1.393512381599931693e+01
1.544362537499680599e+01
1.550451635058230870e+01
1.689098270455120598e+01
1.691264899527813270e+01
1.726762800499328421e+01
1.742508365045983965e+01
1.832338795645912555e+01
1.906750508580709180e+01
1.951547789558385659e+01
2.080839026254963642e+01
2.117062422012895340e+01
2.135659453806869479e+01
2.182890190925805740e+01
2.213896942061965945e+01
2.221339552022710961e+01
2.236519310393124726e+01
2.275899843259917432e+01
2.309397294863789796e+01
2.332039108949545181e+01
2.353691440267978763e+01
2.440463419256992950e+01
2.452770958466157225e+01
2.505021500960062752e+01
2.523204183449923121e+01
2.524198949851464846e+01
2.545131422555757439e+01
2.560423949813039712e+01
2.654775061557585047e+01
2.661076012711668426e+01
2.708693101632249167e+01
2.736183091460711125e+01
2.738600303584006923e+01
2.793083034176976298e+01
2.810243034842774179e+01
2.819458195226069819e+01
2.833288822677851826e+01
2.915294813123055917e+01
2.930163420191516011e+01
2.935024819530044482e+01
3.023340041322799721e+01
3.033680283683707302e+01
3.044146285980963285e+01
3.093716065077978072e+01
3.215160340193281741e+01
3.236742809799133624e+01
3.301557735830302676e+01
3.335924469184540442e+01
3.404205637217672376e+01
3.406727765988870260e+01
3.476071785753891419e+01
3.482179215207487033e+01
3.512010492828176211e+01
3.525787403313146484e+01
3.544944828649687452e+01
3.564537488042157776e+01
3.587827378149051327e+01
3.595961020010484077e+01
3.619076133018024422e+01
3.661147045343364681e+01
3.811815379556543348e+01
3.841375168733173240e+01
3.866391657319476849e+01
3.874782454544849486e+01
4.020456853519222307e+01
4.091144267603092999e+01
4.125628324379797363e+01
4.164815179482304330e+01
4.184815819561254813e+01
4.202520457095720730e+01
4.227726749242879123e+01
4.289750461585075669e+01
4.346846162736692776e+01
4.412204427871137824e+01
4.512506733105845314e+01
4.557080805368830312e+01
4.679835610086079356e+01
4.680559213273095764e+01
4.693111280132581697e+01
4.824241542524959669e+01
4.836638617620132408e+01
4.848861422838412949e+01
4.878508180346739209e+01
4.888032812442890673e+01
5.068051892164936589e+01
5.084782400582774642e+01
5.115723710618745912e+01
5.169596136048895119e+01
5.196056097300455434e+01
5.198829602125373128e+01
5.230992870149743368e+01
5.310314528302404824e+01
5.313320382211468029e+01
5.323186313391684621e+01
5.454749016213018820e+01
5.456402531974345038e+01
5.502135295603014242e+01
5.535630580691319835e+01
5.545633665765811315e+01
5.595555311995627079e+01
5.597101766581074855e+01
5.643634791712839416e+01
5.768670564260123257e+01
5.857289633941334728e+01
5.873734043678893357e+01
5.879485872574355909e+01
5.961470446025172265e+01
5.990213464750792127e+01
6.190011552173775300e+01
6.280479700101309248e+01
6.370173320348284562e+01
6.388924845267322183e+01
6.474630824905295867e+01
6.663234314121908142e+01
6.707875155583579385e+01
6.728079283816794032e+01
6.794873255938138357e+01
6.838054876258250658e+01
6.859284165103881037e+01
6.863944964748674238e+01
7.117472624904002032e+01
7.129126319771989984e+01
7.186856720009173216e+01
7.204368563345792609e+01
7.255568727013550756e+01
7.261658145345012372e+01
7.319689301372507373e+01
7.420443052295929931e+01
7.431929685034724287e+01
7.478766874466248282e+01
7.507286944937860085e+01
7.553468874760925189e+01
7.573108330320621917e+01
7.738248831454667709e+01
7.747331648968750528e+01
7.763399448000507164e+01
7.956071030451764159e+01
8.124967537862227118e+01
8.140470953216876637e+01
8.202212157921186986e+01
8.306329444416111585e+01
8.321435489433980592e+01
8.357710170958758056e+01
8.359393927098342658e+01
8.398016908378285450e+01
8.423170873225673461e+01
8.428035290621423314e+01
8.428895687766909361e+01
8.455643243201997450e+01
8.461037177139193943e+01
8.545214831324028637e+01
8.571362588455822618e+01
8.596237563848532659e+01
8.692543587413041450e+01
8.736874205941256832e+01
8.764339456056544009e+01
8.796323150941935864e+01
8.807755327934800960e+01
8.833466762087570601e+01
9.026349294503090448e+01
9.127267288786131871e+01
9.138413075201120250e+01
9.285828488589832830e+01
9.329469651469865710e+01
9.351332282682328412e+01
9.430679432289799990e+01
9.507660154688329612e+01
9.540104249155916705e+01
9.569268908812838959e+01
9.579409127712446548e+01
9.601488030918352479e+01
9.623401949152075474e+01
9.688694188237379024e+01
9.696087960622656965e+01
9.755499660802411199e+01
9.759909922897929846e+01
9.761990944778031576e+01
9.859936361097479107e+01
9.862548308625245852e+01
9.926940745579474878e+01
1.012845514210883806e+02
1.013985470554607389e+02
1.017089373146102105e+02
1.022410620759053472e+02
1.023199053150775484e+02
1.037001849971589564e+02
1.044766401069901036e+02
1.047628723837982676e+02
1.051762676419790949e+02
1.052745037656236065e+02
1.060056684078158469e+02
1.067918035953784823e+02
1.070259980080767832e+02
1.074488154098521449e+02
1.075397185632817809e+02
1.078473453659265431e+02
1.080571924233788650e+02
1.090888807137881997e+02
1.092809583144226337e+02
1.099085529881075161e+02
1.103147409178300506e+02
1.103349398157759680e+02
1.106740918709317185e+02
1.110476100766333190e+02
1.111416308374145956e+02
1.111926441200672713e+02
1.116054257378349490e+02
1.122812387268360936e+02
1.123837843879413612e+02
1.124611738571112198e+02
1.126748857919832005e+02
1.128778756592747357e+02
1.129390100634148837e+02
1.142672569893064605e+02
1.155293185805775806e+02
1.158307913402322811e+02
1.160206038901612260e+02
1.164509778619565736e+02
1.166031869068445985e+02
1.167605036202489401e+02
1.176732135299196926e+02
1.179293174000281255e+02
1.189628346963810515e+02
1.195514203192120277e+02
1.210448598637191111e+02
1.226858833242809652e+02
1.231148769106889205e+02
1.237853030734279400e+02
1.244458507012995483e+02
1.252233009446336922e+02
1.254729108871856624e+02
1.258800187283369780e+02
1.272666027740928882e+02
1.281323365878768925e+02
1.282623055075648892e+02
1.284552444951943073e+02
1.286982082125055058e+02
1.295835055926347366e+02
1.301554947713919148e+02
1.312424766071187321e+02
1.316914262116908390e+02
1.320457481218803935e+02
1.324591504120131162e+02
1.342237100470364055e+02
1.345336565934959197e+02
1.351632405930280640e+02
1.363623194303319792e+02
1.366970258357138732e+02
1.368209952651107812e+02
1.374758671474549772e+02
1.377407268714783868e+02
1.382336304098177209e+02
1.387604148399443602e+02
1.391095214819946477e+02
1.396794054397380478e+02
1.405981925982378868e+02
1.406079479384910940e+02
1.416644775485847845e+02
1.420415312341696961e+02
1.421884920788617137e+02
1.422521487261975608e+02
1.453568955573063874e+02
1.468358280832688934e+02
1.474847625350496969e+02
1.476348879238614700e+02
1.477553081456591713e+02
1.477854281978608810e+02
1.477875312872577354e+02
1.481386789093172354e+02
1.483260914107744384e+02
1.485530730333810538e+02
1.491745517677156272e+02
1.504548884061598812e+02
1.507911279315576394e+02
1.508037069686584459e+02
1.509408775740263025e+02
1.510251812564570741e+02
1.515757117343571565e+02
1.525712073494108267e+02
1.532241907732697257e+02
1.534027196582813417e+02
1.535032326346998275e+02
1.536279174897842950e+02
1.541968467479432263e+02
1.542703315240834741e+02
1.548901044903585955e+02
1.554988957091210295e+02
1.556371865230098308e+02
1.560204063533432475e+02
1.560490503335980179e+02
1.560923102711379897e+02
1.566729780164413057e+02
1.568198488145982310e+02
1.569293532510446312e+02
1.574269294896713518e+02
1.583103327258899640e+02
1.588951735068019389e+02
1.594063894704443953e+02
1.596340455795946980e+02
1.607324052224275306e+02
1.608289099032361094e+02
1.618026725746952081e+02
1.621905364830319627e+02
1.627933904122729984e+02
1.628088249474745339e+02
1.636850367947804727e+02
1.640130838029838856e+02
1.646201368099758326e+02
1.647679994118361435e+02
1.648586646971206733e+02
1.655720516323456764e+02
1.661562853203962220e+02
1.663062157534202186e+02
1.665602434798387037e+02
1.666295116807882266e+02
1.670403787375050513e+02
1.675212749207415186e+02
1.682813914606158789e+02
1.683831592708488643e+02
1.704925810006414792e+02
1.710183510268094835e+02
1.720313664369858202e+02
1.726422533627636824e+02
1.730711653879077403e+02
1.734840422988521880e+02
1.750106295291478773e+02
1.750968335552616111e+02
1.752942935769300732e+02
1.757326743820389936e+02
1.769753060563899112e+02
1.772499781707032298e+02
1.772678829564725334e+02
1.777243706586127416e+02
1.782392146056405409e+02
1.793699936433255289e+02
1.795975452591109729e+02
1.803345035229626490e+02
1.818523903352640048e+02
1.819287178978769930e+02
1.822634555704315176e+02
1.828693001939690532e+02
1.835162238703056801e+02
1.835558684167138495e+02
1.840245587807369532e+02
1.845021680097509318e+02
1.847550294156649500e+02
1.854384721373687626e+02
1.854654189948783198e+02
1.854764314590887864e+02
1.860397793404610240e+02
1.860928654060394081e+02
1.866260100683620351e+02
1.868671427457000789e+02
1.869894380482673739e+02
1.877579747142709152e+02
1.882674240252190430e+02
1.883701168472723282e+02
1.886828540339651852e+02
1.888195914405787619e+02
1.893415877991788534e+02
1.895511636509397704e+02
1.896917491780738487e+02
1.899304371819803805e+02
1.900202562950177310e+02
1.900211269531270375e+02
1.900589132282684091e+02
1.905280952602931279e+02
1.909231233791341253e+02
1.912289704494619684e+02
1.912672414065639259e+02
1.922624234409643691e+02
1.926094938462863411e+02
1.927257834618946788e+02
1.929864655327059495e+02
1.935518371228349679e+02
1.936416887721503315e+02
1.947630906348190649e+02
1.948898697141644050e+02
1.949891792333295371e+02
1.955883778507801480e+02
1.972838676901030226e+02
1.976080894856835073e+02
1.979952138102537162e+02
1.980592130153193864e+02
1.987566853061945835e+02
1.990505307324167461e+02
2.002673215563081612e+02
2.014719586778398934e+02
2.015102053217570131e+02
2.016406642217635579e+02
2.017555368231115267e+02
2.032693085526847199e+02
2.049020320249070437e+02
2.052699079536470776e+02
2.054193517661637713e+02
2.071184485888095992e+02
2.072813214307397800e+02
2.075685593078079876e+02
2.087246066953851482e+02
2.087922618281093889e+02
2.088089390024919112e+02
2.090211496092451853e+02
2.091047222985803842e+02
2.094485142059235443e+02
2.102907394377359935e+02
2.105900631773110092e+02
2.107452251961327931e+02
2.109056876685533553e+02
2.110973578140070970e+02
2.112239304297670799e+02
2.118726681469488540e+02
2.120572031542851335e+02
2.124217733388136367e+02
2.136537664042607503e+02
2.139734361668984945e+02
2.140048757653657390e+02
2.143787768100187066e+02
2.167356345784515952e+02
2.177158525165079936e+02
2.177867036610718117e+02
2.178274001167984579e+02
2.184649045835578818e+02
2.187021504122961915e+02
2.188818535014192150e+02
2.195981825434215295e+02
2.205213131411657344e+02
2.213690750087305616e+02
2.222305853262613198e+02
2.238134637796269999e+02
2.239474215354072442e+02
2.242412814401269543e+02
2.244779071150975085e+02
2.251844254922575033e+02
2.252613203374492059e+02
2.257123588313040159e+02
2.260134555776824925e+02
2.263628622254047116e+02
2.265411767020856928e+02
2.266653415629145911e+02
2.273538331393107228e+02
2.282355145850692395e+02
2.284531895152416610e+02
2.284858845986152858e+02
2.306962245541531615e+02
2.309980659295832481e+02
2.312901539863682956e+02
2.313811040057837261e+02
2.316734307889972229e+02
2.316955175206917943e+02
2.325398470083343625e+02
2.329238882225990608e+02
2.331440747782310439e+02
2.339626637572871459e+02
2.350959038223429332e+02
2.355527884179040825e+02
2.368854428383661741e+02
2.374737131177545564e+02
2.384433910624945270e+02
2.385558584306110959e+02
2.387378008308303095e+02
2.394885536900325462e+02
2.398231196727127781e+02
2.406590942262118915e+02
2.410442791154545716e+02
2.411016230697343303e+02
2.418603839379184137e+02
2.420504217801791924e+02
2.422320465492187509e+02
2.424361138693250837e+02
2.425192044349383309e+02
2.428083466435540743e+02
2.430340184037542315e+02
2.431659992345498722e+02
2.438398701772507593e+02
2.438703027390232592e+02
2.441385059120846108e+02
2.443405447766807299e+02
2.446384285364502489e+02
2.451666600603647623e+02
2.454044297767479463e+02
2.465580177871068770e+02
2.467611728769506954e+02
2.467801681978974671e+02
2.479372398323224900e+02
2.486212527455788006e+02
2.497327922401265141e+02
2.505907486767713976e+02
2.507940361536617502e+02
2.514986114133413651e+02
2.526356769407126137e+02
2.534625932908363666e+02
2.547670231482533723e+02
2.548942172032234339e+02
2.553410014550570679e+02
2.556544500955620265e+02
2.559028366402080223e+02
2.566381752033021826e+02
2.569469523564966948e+02
2.575238255529035314e+02
2.582191749769030480e+02
2.587091126240235326e+02
2.589310277626780703e+02
2.594167128765159873e+02
2.598191668501224854e+02
2.598528437324805509e+02
2.601216955740310937e+02
2.605797384568380721e+02
2.614381770563153395e+02
2.620735872320331623e+02
2.629960807975035095e+02
2.632018060142942772e+02
2.632119215783866366e+02
2.632416040581159109e+02
2.661259272795351762e+02
2.661638227728979587e+02
2.663112548274899041e+02
2.670016025452698614e+02
2.670791351672748988e+02
2.673429341094213214e+02
2.676139665531339915e+02
2.677676995469933559e+02
2.684482051282946600e+02
2.685620513061597876e+02
2.686569685488601635e+02
2.688273899770479716e+02
2.690365229718035494e+02
2.691330779857731272e+02
2.691647273859980487e+02
2.695662565581237686e+02
2.701254171489991336e+02
2.703474031472966885e+02
2.707658720038700153e+02
2.712476083481245155e+02
2.716051925868191006e+02
2.716145929257791067e+02
2.719063155284208051e+02
2.722699421778278861e+02
2.724797657899961223e+02
2.727961206236346356e+02
2.732781553481527226e+02
2.739721657669413730e+02
2.744593170661345312e+02
2.762617201595439838e+02
2.765622705069350218e+02
2.774080854835688115e+02
2.779762875484483402e+02
2.784955687763176115e+02
2.789092957027719422e+02
2.792271976810694127e+02
2.798185450062039763e+02
2.808464322482342936e+02
2.810189966210203352e+02
2.818496824692567202e+02
2.820690724274872991e+02
2.821375753058742930e+02
2.824394426329575367e+02
2.828729111737557673e+02
2.834297189647284085e+02
2.841745732151576362e+02
2.846656611759999578e+02
2.848561870972926613e+02
2.849399739875772184e+02
2.850185901152414658e+02
2.851234452229676322e+02
2.851821440812668129e+02
2.861785731007761910e+02
2.862153081776166914e+02
2.864595841989582254e+02
2.883571691471742611e+02
2.886517645423625709e+02
2.887341884826333853e+02
2.887945244033775225e+02
2.889667618321834084e+02
2.890859931267758611e+02
2.896896099223678220e+02
2.899964457131008544e+02
2.907907606857297083e+02
2.908753883293675813e+02
2.909636480122916851e+02
2.909729556485983153e+02
2.909743193443809446e+02
2.915346248162882148e+02
2.919031664257336729e+02
2.923184422998499485e+02
2.927556238387603571e+02
2.940097725856431339e+02
2.956951362331802216e+02
2.958003191468612840e+02
2.958632233438808612e+02
2.959918735503526364e+02
2.960660809801551636e+02
2.961828387944833594e+02
2.970161550312789700e+02
2.971515426002019922e+02
2.978894388357900880e+02
2.989910511221715979e+02
2.999153019858391644e+02
3.013896069013808301e+02
3.032987485975441473e+02
3.039005770532207862e+02
3.039283369765000771e+02
3.054330551462521726e+02
3.055172029642400275e+02
3.059131613263092504e+02
3.060213593333178892e+02
3.067407924960352261e+02
3.076159066981034584e+02
3.079596611621458919e+02
3.081287977510450560e+02
3.093549405183853764e+02
3.100597304207337856e+02
3.101837935757396281e+02
3.109649003544284369e+02
3.111022904146477686e+02
3.118280434105517429e+02
3.140897900325165324e+02
3.154277440452751193e+02
3.155470610467280608e+02
3.164284916466094160e+02
3.190124911418303100e+02
3.196069022396827108e+02
3.197125918285057082e+02
3.199488802100332236e+02
3.201229432165282560e+02
3.225413345207426232e+02
3.230859604887627370e+02
3.240701236984926368e+02
3.248396003775379199e+02
3.256049004235931648e+02
3.256525592563403961e+02
3.260760864262271070e+02
3.274746219979902548e+02
3.298324178278035674e+02
3.305347417861211170e+02
3.312325745953721707e+02
3.319794759401315218e+02
3.331895210865621948e+02
3.336116706504157037e+02
3.339714137522265673e+02
3.344510474217610749e+02
3.350694122125092349e+02
3.353253248670423545e+02
3.359286395457753542e+02
3.361700657331836624e+02
3.372891670456634188e+02
3.373988043609800798e+02
3.382465986995947560e+02
3.382740908386691103e+02
3.403244030816922532e+02
3.410455892756884282e+02
3.410656890206421963e+02
3.417816217990161931e+02
3.418068222218472556e+02
3.419317129878868400e+02
3.420339527299357769e+02
3.422571061139399262e+02
3.445988183259339053e+02
3.449752282046321170e+02
3.455024639198253453e+02
3.457617128742783734e+02
3.458577417552996280e+02
3.460054209348240875e+02
3.463088145822607089e+02
3.465720737792137243e+02
3.468457792098570849e+02
3.482044119778666982e+02
3.490967828597113680e+02
3.492797393792978937e+02
3.498850106268238278e+02
3.512662762170197652e+02
3.515037857544910480e+02
3.520120785884264478e+02
3.526113835870348794e+02
3.529160959518669642e+02
3.534107900609254216e+02
3.535633986163001055e+02
3.541726035382000646e+02
3.543699198496980216e+02
3.544306305269391828e+02
3.544793150404277071e+02
3.545784391485813103e+02
3.555398786515859229e+02
3.559701072153917494e+02
3.561131245672569889e+02
3.572063161991000015e+02
3.604881960143233641e+02
3.614952886247463084e+02
3.615418921446021727e+02
3.619263815281809684e+02
3.623658765438082128e+02
3.629716779286757173e+02
3.634344020989634032e+02
3.644821135772270395e+02
3.663628325458806785e+02
3.665916485798848043e+02
3.673814468819945773e+02
3.687754185697924640e+02
3.690026511863109135e+02
3.693224389764214379e+02
3.696638085440451960e+02
3.711680375207983502e+02
3.714548343140179441e+02
3.727229197245241039e+02
3.729516572998362562e+02
3.736047329043963146e+02
3.737873185153524673e+02
3.739206099717320626e+02
3.745467419443397148e+02
3.749004026577557624e+02
3.755397176720858283e+02
3.763921964291291715e+02
3.773663056299607206e+02
3.773708481134819408e+02
3.778270300293877426e+02
3.786792132899475405e+02
3.804190922468628742e+02
3.806032078154838132e+02
3.807729692848142804e+02
3.812234019430661647e+02
3.816435411689888042e+02
3.816921979558106841e+02
3.822165662061618150e+02
3.839937280980852847e+02
3.851327717396173398e+02
3.855285506081541484e+02
3.865891659720767279e+02
3.866081210312099756e+02
3.879443190783039768e+02
3.883397278625752733e+02
3.891365146869525233e+02
3.892047022117652091e+02
3.904133622492425957e+02
3.935166203386644383e+02
3.945871013491831150e+02
3.956257508796209663e+02
3.957301419729766963e+02
3.966237496749535012e+02
3.967061534924168882e+02
3.971037709212731102e+02
3.982492056533743607e+02
4.000497515073432737e+02
4.002731672450882456e+02
4.004716843971258413e+02
4.005591724937702907e+02
4.009812834581761649e+02
4.019624891304198400e+02
4.025452055093628019e+02
4.026245246147722128e+02
4.037087980511758474e+02
4.039037983097883853e+02
4.040859605688683018e+02
4.046604799628985916e+02
4.067018149394847342e+02
4.068290177693538681e+02
4.076491452370507318e+02
4.082921690820080585e+02
4.087181697349899423e+02
4.089246889195904942e+02
4.119927948839258534e+02
4.130833288274722577e+02
4.131852489313868091e+02
4.139077224501800742e+02
4.149415584748492165e+02
4.151673664119634282e+02
4.167886842125929547e+02
4.177335322267906008e+02
4.191550588855364481e+02
4.191861871681101661e+02
4.193566797137224853e+02
4.194506080772829932e+02
4.197008111610390984e+02
4.202289182625978015e+02
4.202554250290919526e+02
4.226202513294289247e+02
4.228234956573721206e+02
4.231190480968984389e+02
4.235522742441805804e+02
4.243872371181071230e+02
4.256311574676219607e+02
4.256776348513643597e+02
4.264273651777493797e+02
4.272392013907158343e+02
4.275640513407700496e+02
4.276309315849250652e+02
4.294978638689037780e+02
4.304482015811238398e+02
4.308379587405950133e+02
4.317404725710655384e+02
4.322288240814684741e+02
4.338017318873867225e+02
4.352518114212396085e+02
4.356653822669421743e+02
4.357318548398080225e+02
4.359866504244082535e+02
4.386017410932398093e+02
4.388039357008819366e+02
4.414728565650475502e+02
4.416200835329997858e+02
4.422642649972391382e+02
4.428151206597299279e+02
4.443420305564452519e+02
4.462293594748541068e+02
4.468274890929421304e+02
4.486473948618595387e+02
4.489098741603709186e+02
4.495103318218439199e+02
4.495326596787172093e+02
4.506585030993727514e+02
4.508161170277437577e+02
4.517666036653398010e+02
4.522831136053364958e+02
4.556514171378216247e+02
4.556753115848512721e+02
4.569196274307357726e+02
4.573170807982739916e+02
4.573534168710764334e+02
4.577070546908057622e+02
4.597768297654757816e+02
4.600383275928964508e+02
4.611319625455643063e+02
4.612186808813768266e+02
4.618473877126011757e+02
4.624902643982600807e+02
4.625702842135074206e+02
4.628173330042788507e+02
4.630658583341966050e+02
4.656141542555940305e+02
4.662534007547379815e+02
4.670288679041789237e+02
4.678920993924653544e+02
4.694523399787849485e+02
4.695399550767626806e+02
4.699213920890691725e+02
4.703835691657887992e+02
4.709669054613949584e+02
4.712334914006735289e+02
4.714838068409699190e+02
4.723419339539735802e+02
4.728865080500439717e+02
4.729549426542760671e+02
4.741765050834130761e+02
4.743714664267836838e+02
4.749124682909076682e+02
4.750175384298361223e+02
4.758689496050391767e+02
4.760523354062637509e+02
4.770692000607261321e+02
4.770884827544423388e+02
4.773826307234787691e+02
4.780777360662145838e+02
4.785233792100764276e+02
4.786155051960131459e+02
4.786916221823532851e+02
4.788809635446159518e+02
4.790528546750667829e+02
4.792239306510924735e+02
4.801550581300959948e+02
4.809456328399164704e+02
4.817324458070661422e+02
4.820145139148567637e+02
4.831860127324897576e+02
4.834362706303943469e+02
4.860218267785540434e+02
4.872446723547402030e+02
4.872713987741976212e+02
4.877674129311027400e+02
4.883124159214253268e+02
4.896792863758590784e+02
4.900434659478441972e+02
4.923442898655891895e+02
4.931998629717047606e+02
4.937751723994803683e+02
4.954261165055592642e+02
4.958238323555624447e+02
4.976350100132152079e+02
4.976771825730453997e+02
4.990612116050131704e+02
4.991013496087944077e+02
4.995110023638766279e+02
4.995591662088600060e+02
5.004255409711938682e+02
5.005929659773292997e+02
5.015678230796185062e+02
5.037306957433468710e+02
5.044508166671787421e+02
5.065207189283207754e+02
5.076829693553557377e+02
5.081845333401299740e+02
5.084089412563280348e+02
5.088866327634419235e+02
5.089952471630676882e+02
5.092260801740519582e+02
5.116725517547065465e+02
5.121715902940195519e+02
5.147916686542192792e+02
5.157137715552736381e+02
5.160109609638222992e+02
5.166757705179198865e+02
5.166800795566977058e+02
5.174300314586284912e+02
5.184566268610809630e+02
5.192602425610932642e+02
5.196674659228683595e+02
5.197716291630750902e+02
5.209332706874167798e+02
5.212503744329244455e+02
5.214100849279111571e+02
5.223361947870176891e+02
5.231838877718030290e+02
5.236318422552990342e+02
5.242828140528753238e+02
5.249881411197533225e+02
5.280683579669059782e+02
5.287376057222071495e+02
5.290817382479282287e+02
5.308478799575810854e+02
5.312736611237465922e+02
5.326582850085031851e+02
5.365791633673592287e+02
5.367513715822015001e+02
5.372169494516890609e+02
5.382075567810887833e+02
5.385801935579670499e+02
5.391886097338660875e+02
5.398247636906937714e+02
5.399565767841945672e+02
5.399748256119568168e+02
5.408560345794033992e+02
5.419683443584349334e+02
5.429623337563904215e+02
5.443724160694146121e+02
5.449798318414731284e+02
5.451216212847839415e+02
5.452330685215322319e+02
5.457306953022598464e+02
5.463771914016037954e+02
5.486746422452032448e+02
5.489225411121605021e+02
5.490659593700975165e+02
5.491858223363187790e+02
5.504790710397896873e+02
5.516694259337803032e+02
5.525486330274816282e+02
5.533648195605211413e+02
5.539356875203554864e+02
5.547586954695957502e+02
5.567089404318857078e+02
5.585356863040551616e+02
5.586127952967940473e+02
5.596521377681940521e+02
5.605403927693738524e+02
5.609689086186384657e+02
5.616371726832454669e+02
5.618837507629225456e+02
5.621670232687545194e+02
5.630296910285248941e+02
5.631601622439325183e+02
5.671581842219684404e+02
5.678015133230924221e+02
5.681677749152872821e+02
5.683656680682274782e+02
5.689007455563360054e+02
5.690296273879275759e+02
5.694162868322141549e+02
5.698723719823706233e+02
5.700055925544315869e+02
5.719416332893640629e+02
5.725351684000884234e+02
5.742896419681496809e+02
5.743235837774880110e+02
5.744537703204300669e+02
5.746464892764125807e+02
5.751940726386728784e+02
5.759566849238281065e+02
5.762525647852116890e+02
5.767498143531886399e+02
5.773188586129590476e+02
5.775744952246998309e+02
5.776705538720328832e+02
5.788127967382756651e+02
5.788587432743477166e+02
5.796354847450836587e+02
5.803101044307044276e+02
5.810489217974273970e+02
5.815021370463114181e+02
5.819496370840424788e+02
5.832178019059840608e+02
5.832799467340300907e+02
5.838346386400897927e+02
5.841850018835446008e+02
5.845359920886469354e+02
5.850712061462406837e+02
5.883210952408364847e+02
5.895080731999537420e+02
5.908411299826107097e+02
5.913174735496103267e+02
5.947135850725819637e+02
5.953206542110656301e+02
5.954523596887004260e+02
5.959545746378939839e+02
5.963004023989940379e+02
5.969880697169835457e+02
5.990622755537842750e+02
6.019157615150501215e+02
6.029312542257550831e+02
6.034861619724301818e+02
6.053621804200241741e+02
6.063808232551161836e+02
6.066370654586992259e+02
6.073202344669614376e+02
6.073760749376403965e+02
6.087741849103676941e+02
6.093402248653534343e+02
6.094758434476925686e+02
6.097578538473755998e+02
6.099609326374099965e+02
6.118856476045071986e+02
6.126279568909085356e+02
6.137226101437538546e+02
6.155913850954417512e+02
6.173528029690189669e+02
6.192626811225402435e+02
6.202051804406314659e+02
6.203511177315515397e+02
6.217340663383677111e+02
6.228392578470900389e+02
6.235735491465062523e+02
6.240344539154025369e+02
6.243138647722944370e+02
6.247143136847528240e+02
6.260960279734230198e+02
6.263599497434499881e+02
6.268233006936778793e+02
6.274460512193264776e+02
6.307529183972037572e+02
6.313703521003201331e+02
6.314790535254525139e+02
6.320941916480875307e+02
6.331422339394183609e+02
6.351924566887183801e+02
6.375557376607650895e+02
6.386609602420335250e+02
6.388544763848412913e+02
6.390258720391896077e+02
6.393734633047163243e+02
6.398147262129181172e+02
6.427486628704539271e+02
6.453173675342700335e+02
6.461687719019564611e+02
6.475815315879220861e+02
6.482279688144924421e+02
6.490871463575007283e+02
6.501101838276225635e+02
6.502447746777208977e+02
6.521685747658461878e+02
6.529584096016524200e+02
6.556576547109362991e+02
6.559314786432763640e+02
6.600450732734429948e+02
6.601574180101009688e+02
6.639314112075250023e+02
6.654761663595193113e+02
6.660549605849433874e+02
6.661458627210525947e+02
6.662308838366280952e+02
6.671452844467869454e+02
6.673321715509981686e+02
6.689863817673258382e+02
6.692009435153275945e+02
6.695015104150330671e+02
6.698878424260901738e+02
6.700823253149729908e+02
6.716331437304907013e+02
6.726135047587582676e+02
6.779261351280978261e+02
6.779410743192479458e+02
6.796800127766118749e+02
6.801084810508264127e+02
6.806980213305292864e+02
6.819778580994627646e+02
6.820879998844998227e+02
6.822645607046009673e+02
6.861114399524738019e+02
6.861716974962245104e+02
6.874987736127909557e+02
6.888924361367970732e+02
6.902890700840448517e+02
6.931085876770721370e+02
6.970830657448623242e+02
6.979383924731976094e+02
7.005356562777425324e+02
7.018350577628418705e+02
7.025616498116057755e+02
7.037649170858869638e+02
7.043427623706579652e+02
7.050375777500190679e+02
7.051880793627542516e+02
7.052135446355130171e+02
7.063866472922329649e+02
7.105579031171283759e+02
7.118065551036942225e+02
7.152979941479045465e+02
7.177480669220054779e+02
7.188726056707976113e+02
7.190769828604787790e+02
7.192783193888383266e+02
7.205792740827725993e+02
7.225359639212095999e+02
7.228002018945129521e+02
7.252742327354785630e+02
7.253300346502001048e+02
7.259181950778366854e+02
7.264071006831210298e+02
7.278543906707918723e+02
7.283319401207586452e+02
7.290917684698388257e+02
7.297004403127805290e+02
7.337708119130245450e+02
7.354161072989026025e+02
7.356954853554900637e+02
7.365660447245403475e+02
7.402204533749609254e+02
7.419629720074672150e+02
7.439626860911725998e+02
7.439816504151369827e+02
7.441520841773486836e+02
7.441759731979943808e+02
7.444567054537650392e+02
7.465929571213997633e+02
7.474783640224310375e+02
7.485439581041922565e+02
7.487627205236312875e+02
7.496664460354068069e+02
7.522403201282509144e+02
7.538065533049525584e+02
7.553134930154134281e+02
7.579207982808339921e+02
7.586811402081635833e+02
7.610923268680240881e+02
7.619956139147566319e+02
7.623799736028330472e+02
7.623889005903211000e+02
7.642777128461208349e+02
7.652572111827417984e+02
7.678946050460742754e+02
7.697195891987373670e+02
7.702622544784674119e+02
7.740258623513433349e+02
7.745914205743196135e+02
7.746511380528819473e+02
7.777223353978553178e+02
7.778819804525110158e+02
7.800061644357911064e+02
7.823210384636577146e+02
7.840234167632122535e+02
7.849950943562214434e+02
7.850780755127226485e+02
7.854467202954357390e+02
7.855834134645552922e+02
7.862746553302431494e+02
7.878660964894246490e+02
7.882516389655110061e+02
7.895440581050005449e+02
7.897865679401844545e+02
7.902017109298833475e+02
7.909290748630910457e+02
7.915577842992256592e+02
7.930733085589574785e+02
7.948939946977104682e+02
7.955000476127654565e+02
7.963533642843406142e+02
7.965725941917064574e+02
7.975355503975276861e+02
8.034048457677190527e+02
8.038941848079209649e+02
8.040422315280901557e+02
8.041497906224138887e+02
8.049776290978787756e+02
8.049886129819515190e+02
8.056695861686914668e+02
8.063657166902439712e+02
8.068394907411797021e+02
8.081046677344465934e+02
8.084945658379627957e+02
8.088061854161376232e+02
8.092414385007850797e+02
8.107394911632311505e+02
8.119427179460703883e+02
8.124516265935844785e+02
8.125088930145104769e+02
8.127181558352749562e+02
8.142260796397283684e+02
8.170260341065754801e+02
8.194768565265995903e+02
8.212746904766675016e+02
8.230524768874822712e+02
8.248955495228774453e+02
8.258149918672924059e+02
8.274715427112273574e+02
8.274789587787067831e+02
8.283071972828996650e+02
8.283083707506084465e+02
8.301564866793380588e+02
8.304820241593554329e+02
8.311222253423379698e+02
8.312765533932156359e+02
8.329790558375225373e+02
8.338753420700260222e+02
8.339536185453430335e+02
8.339552966680049622e+02
8.359035043246656187e+02
8.384428646249788244e+02
8.389611872928528555e+02
8.392278064820784493e+02
8.392677301911564882e+02
8.396349707320996458e+02
8.401760097327248786e+02
8.405184249209376048e+02
8.428548224174634242e+02
8.444475341239536874e+02
8.447499374971853285e+02
8.451893309887481109e+02
8.453901072357186877e+02
8.474042897775448182e+02
8.477450251694287999e+02
8.496402533873225593e+02
8.511039985091016433e+02
8.534349684350663665e+02
8.551745187282725738e+02
8.553620742146306384e+02
8.580367191567613645e+02
8.586382851796352043e+02
8.593074749518910949e+02
8.601882602879406932e+02
8.605869503866831565e+02
8.610296621702789253e+02
8.612907371238256928e+02
8.614610418457128844e+02
8.615530583235695303e+02
8.621031342559016366e+02
8.624105018052598552e+02
8.632382587891140702e+02
8.635889959065473249e+02
8.637354922686494092e+02
8.642612277596786043e+02
8.651357654890277900e+02
8.666244239606930932e+02
8.682297611037403158e+02
8.684449968181583017e+02
8.762543543447060301e+02
8.783256849585638975e+02
8.796084316530052547e+02
8.808636738731070182e+02
8.811685461709353149e+02
8.817203095538689013e+02
8.828195322405376828e+02
8.830847760502797428e+02
8.834196066874230837e+02
8.849883551850675758e+02
8.852590686751231033e+02
8.866954494689259718e+02
8.888976011576983183e+02
8.904580283744164717e+02
8.906633565857074473e+02
8.907307890422433729e+02
8.920466907532190817e+02
8.943558534082270626e+02
8.951932943879485265e+02
8.952250407597884987e+02
8.959987779801439274e+02
8.963167169208095402e+02
8.973505878410929881e+02
8.984723467939305692e+02
8.991373500473133618e+02
8.993802331600012394e+02
9.014819942803228514e+02
9.089920769618033773e+02
9.091957506617418403e+02
9.110014280800628512e+02
9.118030622005528585e+02
9.120327574237447834e+02
9.124718577151176078e+02
9.171260568267944109e+02
9.216595226937527059e+02
9.220490241990038385e+02
9.281702147368255282e+02
9.335758858193183869e+02
9.366329742030080752e+02
9.392620982155049205e+02
9.394703055381779677e+02
9.418953764268939040e+02
9.445029602886266957e+02
9.478634040339564990e+02
9.490571617755068701e+02
9.501125723702849655e+02
9.502857648864952580e+02
9.509273715262622773e+02
9.539049326610726212e+02
9.542930858128469254e+02
9.546353747066098094e+02
9.598627352787435711e+02
9.605560356368845305e+02
9.617523630110305248e+02
9.631986567016999743e+02
9.657641962074133062e+02
9.685364223993896076e+02
9.708151390039391799e+02
9.712629974771632533e+02
9.741309702030439439e+02
9.741693223209531425e+02
9.746142817762889763e+02
9.773048665533641497e+02
9.774400298103382738e+02
9.809248834550968468e+02
9.830483391705154190e+02
9.923789824773572263e+02
9.948468314930250926e+02
9.975570192674084637e+02
1.001068737531332090e+03
1.001100952929385926e+03
1.003780497764088864e+03
1.007770010819929666e+03
1.011311628895380863e+03
1.017324460995528170e+03
1.026516278062036690e+03
1.027648000334422704e+03
1.029266257098541701e+03
1.031584625756877131e+03
1.033125065791371298e+03
1.033591576500799647e+03
1.035659708485030478e+03
1.036136862415091855e+03
1.036421956690157685e+03
1.038786887021794882e+03
1.042389262724944274e+03
1.046000682427410766e+03
1.046653974077076100e+03
1.047683356934410313e+03
1.049458714935941771e+03
1.052170442606517781e+03
1.054445206178907029e+03
1.054678808573775086e+03
1.055932184566805290e+03
1.059350858400309562e+03
1.066609065281289304e+03
1.073602622571718030e+03
1.075606309319025740e+03
1.077705098578008574e+03
1.077885255430478310e+03
1.085143495981209071e+03
1.086889975069044795e+03
1.089468066027756095e+03
1.091735981344650099e+03
1.095097705904081067e+03
1.097020999362387556e+03
1.097612332650262942e+03
1.099141358286541617e+03
1.100059277263831291e+03
1.101780635467537877e+03
1.102029729997475215e+03
1.104068472729387395e+03
1.111404228820993922e+03
1.112033165065633739e+03
1.114747489404626549e+03
1.115760533481679204e+03
1.117577298124540903e+03
1.118150720929892486e+03
1.119933906724584176e+03
1.120920604519692233e+03
1.122811956359994383e+03
1.132041937705980217e+03
1.136909552142743678e+03
1.141701045885015901e+03
1.148665009764782781e+03
1.153251134690759045e+03
1.156315528010873777e+03
1.160109448836734600e+03
1.160375488356006599e+03
1.160481384153977615e+03
1.160481751622514139e+03
1.161224970381753337e+03
1.161535069977660442e+03
1.162026971424498242e+03
1.170210559203377670e+03
1.172709756199692265e+03
1.173709003685007247e+03
1.180162505258371539e+03
1.180981707688488314e+03
1.185543535626971789e+03
1.189535608930813623e+03
1.190823696700586197e+03
1.190946313523563276e+03
1.190973613832181172e+03
1.191418528212491765e+03
1.192437948644034805e+03
1.192759576745739423e+03
1.195989036887654038e+03
1.196294869120817339e+03
1.198900174817022616e+03
1.201727598149436517e+03
1.202268862493442612e+03
1.205469774802908432e+03
1.207692619741930685e+03
1.209116117909051127e+03
1.213023759856445849e+03
1.214463611658166883e+03
1.218080217086868288e+03
1.221958777130533008e+03
1.230426248534764909e+03
1.231977909092397113e+03
1.232063076928423243e+03
1.236062716611182623e+03
1.236565828001084355e+03
1.254344804860404111e+03
1.254431504308688091e+03
1.258733395705063913e+03
1.263613451972468056e+03
1.264702545719315140e+03
1.268180888178945452e+03
1.268423931584679849e+03
1.271263239262298157e+03
1.273044688972889844e+03
1.276968835110409145e+03
1.277032970316152387e+03
1.281787200220060186e+03
1.285461870588576858e+03
1.292186989477886073e+03
1.293392309746801175e+03
1.297375748970081077e+03
1.298109948468971652e+03
1.302374348287846942e+03
1.305486806171890294e+03
1.309938460461419254e+03
1.311975537488802047e+03
1.313935734053769011e+03
1.314058685635757229e+03
1.316567430381103804e+03
1.318159321696247616e+03
1.318851807482776621e+03
1.319646834269070041e+03
1.321242096495309852e+03
1.322072388216861100e+03
1.323308540942011405e+03
1.324064730457605492e+03
1.330674994443879996e+03
1.334608086786759259e+03
1.339048213140171811e+03
1.343754563288919371e+03
1.345063694015977489e+03
1.345761527755897760e+03
1.349152429202528310e+03
1.355724535540865418e+03
1.357549015100118140e+03
1.360080764018063519e+03
1.361748383002576247e+03
1.363346729388254971e+03
1.365067962646878641e+03
1.370104878296000379e+03
1.370193665888671148e+03
1.371182923991648977e+03
1.374051710768199655e+03
1.380483546043899423e+03
1.381034578014413455e+03
1.382371527838033444e+03
1.383100134993275560e+03
1.383294296655297558e+03
1.385354172060364135e+03
1.385847103802884249e+03
1.389945412678206594e+03
1.394242414246380804e+03
1.395369893112447699e+03
1.397353591380910757e+03
1.397665641069797175e+03
1.400278015669075330e+03
1.400463839566504930e+03
1.402954015733173947e+03
1.404335356189494860e+03
1.404974408486893708e+03
1.406858025309468303e+03
1.407787785667849448e+03
1.408640162006958690e+03
1.412713878516729892e+03
1.414845202266958040e+03
1.415436922867948397e+03
1.421534762775397894e+03
1.428685540432984681e+03
1.429464978462638555e+03
1.434715645217482006e+03
1.439344094657590404e+03
1.440907769349799082e+03
1.441797764932547352e+03
1.442353782582377562e+03
1.443895721614828062e+03
1.445350264852506371e+03
1.445756657828037078e+03
1.451434586894433096e+03
1.451958390860016152e+03
1.459000094871547617e+03
1.460671495343615334e+03
1.461226035101177786e+03
1.463554668390404458e+03
1.465261939004522446e+03
1.469409164684996085e+03
1.470006937019403267e+03
1.478110363438891909e+03
1.479284608652093311e+03
1.480330808041654336e+03
1.483384265842207014e+03
1.485421002661997136e+03
1.486657108786480421e+03
1.488878062571273858e+03
1.493152255266395059e+03
1.499824117731199976e+03
1.507091575813900818e+03
1.518042702780235459e+03
1.520283769077664374e+03
1.520827152823828101e+03
1.523825810696695953e+03
1.525697474878929143e+03
1.528660594150400357e+03
1.528714366656048469e+03
1.529002934894015880e+03
1.531232894815249892e+03
1.538518286836237621e+03
1.540931925767019948e+03
1.550404262323459079e+03
1.552590882707297851e+03
1.557560197415622952e+03
1.560280106597716895e+03
1.565021940027232631e+03
1.567996920668096436e+03
1.569584128834792637e+03
1.570113624573129982e+03
1.570392624556636065e+03
1.582248199967941673e+03
1.582441810664440709e+03
1.597011468634656239e+03
1.597300125934612652e+03
1.599900573917459496e+03
1.604271457271694544e+03
1.606498891749581162e+03
1.617271798771654403e+03
1.621295630431287691e+03
1.627121476094628861e+03
1.628459884477684454e+03
1.635111280877455556e+03
1.635530303621168741e+03
1.639561683685115440e+03
1.649030057657750831e+03
1.655717937272481095e+03
1.659887335965400553e+03
1.660748305341924379e+03
1.662003574381353246e+03
1.664009223814221059e+03
1.667335025211007405e+03
1.668689044763372976e+03
1.673516075101922752e+03
1.675982538952642244e+03
1.678342900555851884e+03
1.682128210826634131e+03
1.687157797402971937e+03
1.692591450132979844e+03
1.695263210714158276e+03
1.698551756954813527e+03
1.699473517346165409e+03
1.700264969787441260e+03
1.700846086559457035e+03
1.707001467246199809e+03
1.707730845397310986e+03
1.708543366214278194e+03
1.715279329697452795e+03
1.717301645138622462e+03
1.719195153071773802e+03
1.721062123483254709e+03
1.726848998668573813e+03
1.734157654573158652e+03
1.738634988236918844e+03
1.740106952346708567e+03
1.746784295554103437e+03
1.758839123262968542e+03
1.764023726268437485e+03
1.768257262399235515e+03
1.778153345843835723e+03
1.787287585351614098e+03
1.796335656064466093e+03
1.797376798110656409e+03
1.798241808366350142e+03
1.807743572084846164e+03
1.810848114157428654e+03
1.817334168298910072e+03
1.817449138651642670e+03
1.818404888133200529e+03
1.818687539439018792e+03
1.820451692815648130e+03
1.824275784915375652e+03
1.826292824029151461e+03
1.826737329634805064e+03
1.830313743303194087e+03
1.831699405278523273e+03
1.834909919365642736e+03
1.836415481826728637e+03
1.838314045090570517e+03
1.839757401822554584e+03
1.840549886746446873e+03
1.842674810606158871e+03
1.843912197648674692e+03
1.845607455938594512e+03
1.852057354495952495e+03
1.852451588178123757e+03
1.862553154307200657e+03
1.864811454752879854e+03
1.871754031264777723e+03
1.878933770973252877e+03
1.890938506783598541e+03
1.890982544270278595e+03
1.891403741729412332e+03
1.891657293197406943e+03
1.893544839925577890e+03
1.903829917961335696e+03
1.908040922241455746e+03
1.910260326687459383e+03
1.914186988042974008e+03
1.919094455122285126e+03
1.919598908331694020e+03
1.920894053629548353e+03
1.929749363499039646e+03
1.931853506589872950e+03
1.934160762151450626e+03
1.937940127130796100e+03
1.946118575645680721e+03
1.949089044871749138e+03
1.950769822939032792e+03
1.951842558852073125e+03
1.952826638444936862e+03
1.954703828308949369e+03
1.956287393181612742e+03
1.961987139084167893e+03
1.964858860768505110e+03
1.966140672213712833e+03
1.980178300008185261e+03
1.981875881325293221e+03
1.985876386469348972e+03
1.987075706400828039e+03
1.992247894407061949e+03
1.992291623203599556e+03
1.995060327719445922e+03
2.007648402508239542e+03
2.008485326670738459e+03
2.008510568657565955e+03
2.012623409322892940e+03
2.026581126149042348e+03
2.029442940270898589e+03
2.034228475820531912e+03
2.034608426301115742e+03
2.037009130892118492e+03
2.041777620035286418e+03
2.045234912547357453e+03
2.046744169090308333e+03
2.047820289075758410e+03
2.052609988312926362e+03
2.055427487323528567e+03
2.058604344681786642e+03
2.060417007032235233e+03
2.063392296133521086e+03
2.075817591964325402e+03
2.076827157154018096e+03
2.078100290377288729e+03
2.079178564393174838e+03
2.081087346909318967e+03
2.088934533476752222e+03
2.089746648345966150e+03
2.092683060257974375e+03
2.095103677579023952e+03
2.097647404446993733e+03
2.097745050647512471e+03
2.098459895150930151e+03
2.099009056155893177e+03
2.103309379328594332e+03
2.103632542570466285e+03
2.103636232393168029e+03
2.105757683046917009e+03
2.106283488309273707e+03
2.111527904688697618e+03
2.112501870180715287e+03
2.119995612168207117e+03
2.121377018329577368e+03
2.121625300799601973e+03
2.124651500242928250e+03
2.125437604813741018e+03
2.129424774235273162e+03
2.129518694914019306e+03
2.132920859603250847e+03
2.139213113022060043e+03
2.141132911718699688e+03
2.145014599408195409e+03
2.145050700245112694e+03
2.152232800600225346e+03
2.155558670360240285e+03
2.158386753546229556e+03
2.164560561605171188e+03
2.172360437279862253e+03
2.176401186613815298e+03
2.177943962623510288e+03
2.179513928497501183e+03
2.188960674386296432e+03
2.191876086235983621e+03
2.194622068724404016e+03
2.197402778067018062e+03
2.204910968923754808e+03
2.205975422550619442e+03
2.210327805263186747e+03
2.212766485543730596e+03
2.218342883571010589e+03
2.224238925758678306e+03
2.224846199453928421e+03
2.227825015167111360e+03
2.231280937216617531e+03
2.234935394646396617e+03
2.236313200367988429e+03
2.237834030521796194e+03
2.238443239387420363e+03
2.242805438810629767e+03
2.244403245490597328e+03
2.246356213177908558e+03
2.246472341106533349e+03
2.253666576243802410e+03
2.255522406583561406e+03
2.258112439173495659e+03
2.260593039435777428e+03
2.264387846692107814e+03
2.284180075428018426e+03
2.287168750887491569e+03
2.291000904650162283e+03
2.291160443042484076e+03
2.297806176661734753e+03
2.298090815910401489e+03
2.298411183321124554e+03
2.304068333762505972e+03
2.306440411825962656e+03
2.314897016418804469e+03
2.320084314168420406e+03
2.321207123216339824e+03
2.321230130616445877e+03
2.321252507837702069e+03
2.328086946936640288e+03
2.329311798666520644e+03
2.330791468092401828e+03
2.332396059354354747e+03
2.335504963151116954e+03
2.336071015876588717e+03
2.340461133564896954e+03
2.348261368670062438e+03
2.352261473827776626e+03
2.353307124821884827e+03
2.365981264572139935e+03
2.367625406682070206e+03
2.368535322211961102e+03
2.370528597640627140e+03
2.386600405951178345e+03
2.386950419489844080e+03
2.387872993296310142e+03
2.390358010453508996e+03
2.392762126473015996e+03
2.400965479081283775e+03
2.401568884062873622e+03
2.402799485948127767e+03
2.406547019032646858e+03
2.407257529167406574e+03
2.407859012559619259e+03
2.408150226367667983e+03
2.410084080054984952e+03
2.410593406482071714e+03
2.412585367029490953e+03
2.412952120739103520e+03
2.415586973266280438e+03
2.415677363785807302e+03
2.417116416345376365e+03
2.417565278773193768e+03
2.418681931764565888e+03
2.418795961036606514e+03
2.419456078344890557e+03
2.419561377378147426e+03
2.419609847269315651e+03
2.420300508570000602e+03
2.420687404906926531e+03
2.423117483740299576e+03
2.424180454127137182e+03
2.424517603724033506e+03
2.426580128903884997e+03
2.427897191946939529e+03
2.429753429876164773e+03
2.431642109986988999e+03
2.434228735466379931e+03
2.434430661560765202e+03
2.435500857277016166e+03
2.436415925447821792e+03
2.436450412890275402e+03
2.438428723909859855e+03
2.439518632036368672e+03
2.440043991724783154e+03
2.440606224683305754e+03
2.441773611335278474e+03
2.444235758011885082e+03
2.444666415099733513e+03
2.445374048620480153e+03
2.447386446850604443e+03
2.447672450300805849e+03
2.448021490486371931e+03
2.449411906029688907e+03
2.449444444718831164e+03
2.449732362048982850e+03
2.453228630840912047e+03
2.455342875940091744e+03
2.455830425353883129e+03
2.456407420384624857e+03
2.459241146957981073e+03
2.459429289827921821e+03
2.460409134640792217e+03
2.460744168049571272e+03
2.461129937738306580e+03
2.461210690388669718e+03
2.461464382245213983e+03
2.461706178658666431e+03
2.464053409893201660e+03
2.466183585813363607e+03
2.467384683553155810e+03
2.467595078985370492e+03
2.471638863414461866e+03
2.472207813549751336e+03
2.474003659356486878e+03
2.474093639721600084e+03
2.474863859954851705e+03
2.475289998402089623e+03
2.475672306052008480e+03
2.476959018733274206e+03
2.477586250466411457e+03
2.477789027659732255e+03
2.478047337288615381e+03
2.478511705120771694e+03
2.480946216038464172e+03
2.481584917838589263e+03
2.481921242991843883e+03
2.483071346213342622e+03
2.484656122407960083e+03
2.485772036771747935e+03
2.486141387425372614e+03
2.487846611010289507e+03
2.489264535395646362e+03
2.489617672076632061e+03
2.491681264647064381e+03
2.495028503120257938e+03
2.498079484901423712e+03
2.498457826082793417e+03
2.499064519461449436e+03
2.500271495608818441e+03
2.500353386622579819e+03
2.501480251798349400e+03
2.504202997877652706e+03
2.504851911626045421e+03
2.506615370605721637e+03
2.506647903132407009e+03
2.508670632495686732e+03
2.510382225390625536e+03
2.510492859152054734e+03
2.511650107151253906e+03
2.514126002252268790e+03
2.514581891895868921e+03
2.515149885579913189e+03
2.517457709453348798e+03
2.518791141798736589e+03
2.520448294758386510e+03
2.522971466908886669e+03
2.523328680780211926e+03
2.523529662475352779e+03
2.523786552254587150e+03
2.525637995722248434e+03
2.526374415988221699e+03
2.528897043821680654e+03
2.529623064883258849e+03
2.530205809852162474e+03
2.531055210784553765e+03
2.531821496908335575e+03
2.532059699386647026e+03
2.534583189286362540e+03
2.534921952735161994e+03
2.535371803254296537e+03
2.537456066021367860e+03
2.537490192458596994e+03
2.537771963279087231e+03
2.538161849182241895e+03
2.538467242325937150e+03
2.538688668300182144e+03
2.539179413043699697e+03
2.539179746006500864e+03
2.544291866965837016e+03
2.544890661625606754e+03
2.545408886139014157e+03
2.546271358102015256e+03
2.548938345706590098e+03
2.549343752410286925e+03
2.549476704679036175e+03
2.551755807885548620e+03
2.552508164074884007e+03
2.553750794631099325e+03
2.555180716932482937e+03
2.555423629871644607e+03
2.555815757851181388e+03
2.556998889358422275e+03
2.557017273412309805e+03
2.559090639974747319e+03
2.559726204682565367e+03
2.559908660173841781e+03
2.561610539385814263e+03
2.562671161647554527e+03
2.563061465202793897e+03
2.563508075669081336e+03
2.563629560822071653e+03
2.566267954239604933e+03
2.566525484790685823e+03
2.568050455038552627e+03
2.568198028324851293e+03
2.568366836484757641e+03
2.568445376387857323e+03
2.569506597857704946e+03
2.569599076371483079e+03
2.571561681368155860e+03
2.573278009764347189e+03
2.573995136228439151e+03
2.574726797462174090e+03
2.576330808258659545e+03
2.576460680084517207e+03
2.577104307137632077e+03
2.577913300256035200e+03
2.579467588219121808e+03
2.580564476890896458e+03
2.581046299978936531e+03
2.582558181808939935e+03
2.583067544843292580e+03
2.583881874748357859e+03
2.584503890411659995e+03
2.584795635078053692e+03
2.585876801237952350e+03
2.587399070656279036e+03
2.590374725265091001e+03
2.590853209412469823e+03
2.590887406193774495e+03
2.592697657771568174e+03
2.592769559860557365e+03
2.593171276062339075e+03
2.593743243796561728e+03
2.595292040145286137e+03
2.596252380442222147e+03
2.596848551304321518e+03
2.596943582199450702e+03
2.597034031417288134e+03
2.597086546880141668e+03
2.599136905852676591e+03
2.600706701198732389e+03
2.602940381167908527e+03
2.606665590615027213e+03
2.608685443949042110e+03
2.608769735450640837e+03
2.612304280422274587e+03
2.612350529168930734e+03
2.616621281460821137e+03
2.616844290962545074e+03
2.617793972995588774e+03
2.617938514533901525e+03
2.618381792092129672e+03
2.618547203148484186e+03
2.618852468595719074e+03
2.619246289494219127e+03
2.619840463429874944e+03
2.619921388808902520e+03
2.620698934271757025e+03
2.623720134819369832e+03
2.624421953828859841e+03
2.625412525808713781e+03
2.626512578623883655e+03
2.627025451706590502e+03
2.627819478725389217e+03
2.628297228008428192e+03
2.628336461112947291e+03
2.629653869697332993e+03
2.631603742892997161e+03
2.632390134191336529e+03
2.632683555277598316e+03
2.632934233949917598e+03
2.633013167086554404e+03
2.635137535345619199e+03
2.635469093133440310e+03
2.635695485424069375e+03
2.635883459815209790e+03
2.636584489401721839e+03
2.637856325710151850e+03
2.637978405131476393e+03
2.638259199383125178e+03
2.639374247884768010e+03
2.639614257496372375e+03
2.640021290609747666e+03
2.640792992938713269e+03
2.641496699904230809e+03
2.641921085169851722e+03
2.643530936427041070e+03
2.644784081690585026e+03
2.645335598957083675e+03
2.646630948180067662e+03
2.647514823054018507e+03
2.649509113102732044e+03
2.651940685690685314e+03
2.652210908403360008e+03
2.652580070037542555e+03
2.652599565867018555e+03
2.653954301607083380e+03
2.654992611444198701e+03
2.655184817352341270e+03
2.657153777099626041e+03
2.658041908004830475e+03
2.658410998909030695e+03
2.661173527513802128e+03
2.661819075145380339e+03
2.661996874758242484e+03
2.662995228548460091e+03
2.663349023445612147e+03
2.663874556485458925e+03
2.665858734139522312e+03
2.666077470062780776e+03
2.669950003706181633e+03
2.671842976429729788e+03
2.671876374156311158e+03
2.671931236003323193e+03
2.672766061758467913e+03
2.674527020522113162e+03
2.675677960091866225e+03
2.678425092097814741e+03
2.679933999403067446e+03
2.681046738609927615e+03
2.681216419949135798e+03
2.682203773534602078e+03
2.682922751323412285e+03
2.683709444100084511e+03
2.686984386325037576e+03
2.687422044035813997e+03
2.689018330264065298e+03
2.689342996170243623e+03
2.690546633278315312e+03
2.691601598889461002e+03
2.693991098807655362e+03
2.694389127149173873e+03
2.695056441814566824e+03
2.695400921857352387e+03
2.695496896842262686e+03
2.697542985404808860e+03
2.698900301288173978e+03
2.699504253417884684e+03
2.700003490426609915e+03
2.700040407901345588e+03
2.700406087714640307e+03
2.700442146625893201e+03
2.700469531557441769e+03
2.700597640565721122e+03
2.701145976797574804e+03
2.701308980895092645e+03
2.701594042700503906e+03
2.701651739748126147e+03
2.702299209794767648e+03
2.702352477231574994e+03
2.702495982668157467e+03
2.702509104563057008e+03
2.702658985534040767e+03
2.702711540723787493e+03
2.702716248474111126e+03
2.702977146338350849e+03
2.702993632997534860e+03
2.703039355208322831e+03
2.703425395036222199e+03
2.703511983219271315e+03
2.703630935032832440e+03
2.703647031443215837e+03
2.703721210883194544e+03
2.703782255992727642e+03
2.704123666203403445e+03
2.704294583300118120e+03
2.704408016596486050e+03
2.704533205264342541e+03
2.704618467507392324e+03
2.705084299466874199e+03
2.705265709009988768e+03
2.705401966680136411e+03
2.705437212313719101e+03
2.705734828328929325e+03
2.705738689931185945e+03
2.705798289275280240e+03
2.706573998632502480e+03
2.707005628898455598e+03
2.707078489393658856e+03
2.707558024187768751e+03
2.707634327971725270e+03
2.708261015960839813e+03
2.708750929093579543e+03
2.709286737275803262e+03
2.709956806368727939e+03
2.710401080017944878e+03
2.710805645487428137e+03
2.711016408750246228e+03
2.711271327119672151e+03
2.711678988997700344e+03
2.711698803772473639e+03
2.711837859867269799e+03
2.712607402551421728e+03
2.712726689462067498e+03
2.713121721692684332e+03
2.713169982792901465e+03
2.713473389698684969e+03
2.713694623650715130e+03
2.714055572558280801e+03
2.714442850793505841e+03
2.714455803717989056e+03
2.714993708597903606e+03
2.715067803439192176e+03
2.715340614432629991e+03
2.715500616497388364e+03
2.715550739735918796e+03
2.715706506056241778e+03
2.716299610446871156e+03
2.716390326000291680e+03
2.716852823204231754e+03
2.716975696844014692e+03
2.717294274659707298e+03
2.717319647767535116e+03
2.717353334834147972e+03
2.717427585624104722e+03
2.717857410104331393e+03
2.718660967849411009e+03
2.718737278085721300e+03
2.718757888722853750e+03
2.718806886486559961e+03
2.719092272785992918e+03
2.719201903982586373e+03
2.719708457686309885e+03
2.719802953242072363e+03
2.719933153306732493e+03
2.719938997732881489e+03
2.719969418374266752e+03
2.720092083607581571e+03
2.720250764005146721e+03
2.720505960092987607e+03
2.720537615800073581e+03
2.720614103317188437e+03
2.720702277783844693e+03
2.720713771894379988e+03
2.720892344448721815e+03
2.721147583692943499e+03
2.721279664840132227e+03
2.721302299359976587e+03
2.721347485552029866e+03
2.721513566654295118e+03
2.721532741867953973e+03
2.721694942577381426e+03
2.721870550610371083e+03
2.721924468608104689e+03
2.722231626772460004e+03
2.722675084156220237e+03
2.722681512185025440e+03
2.722709918192936129e+03
2.722871765392069392e+03
2.723058622582849239e+03
2.723091500814262417e+03
2.723093840119489869e+03
2.723294800401481552e+03
2.723536744895136962e+03
2.723690748657248605e+03
2.723821975392908826e+03
2.724054004224571145e+03
2.724344753560871595e+03
2.725039225496815106e+03
2.725066301253206802e+03
2.726127830038731645e+03
2.726515484095355532e+03
2.726581414190903615e+03
2.726786857357672034e+03
2.727417445899533050e+03
2.727620095824742748e+03
2.727787644915410056e+03
2.728157185447006668e+03
2.728619783193963030e+03
2.728960341058632366e+03
2.730191243557059806e+03
2.730411869265947644e+03
2.730541104884860943e+03
2.730567716419804128e+03
2.730567930261880974e+03
2.730754789219942268e+03
2.730770388775076754e+03
2.731267440842504129e+03
2.731603645344399865e+03
2.731609476675257156e+03
2.731617965432341407e+03
2.731771741321127138e+03
2.732407726239207477e+03
2.732779263092886595e+03
2.733129559023330785e+03
2.733216177997894647e+03
2.733296840764044191e+03
2.733299429637394496e+03
2.733453663696383046e+03
2.733774117123581163e+03
2.733991051418239294e+03
2.734151518042980570e+03
2.734346291419771660e+03
2.734479899117869991e+03
2.734618392653675073e+03
2.734841688060157594e+03
2.735161171704070057e+03
2.735265390045065942e+03
2.735550787079445399e+03
2.736062168736172680e+03
2.736167524921107088e+03
2.736307500145557697e+03
2.736876203539616199e+03
2.736900988537123794e+03
2.737310519700153236e+03
2.737446244190054585e+03
2.737665064428796086e+03
2.737879422469350629e+03
2.738360040366725116e+03
2.739195703147038785e+03
2.739446735969394467e+03
2.739514508573728108e+03
2.740148508899907938e+03
2.740282455270682476e+03
2.740330538822436665e+03
2.740980271095351782e+03
2.741759010403708544e+03
2.742007229265995193e+03
2.742097355458054608e+03
2.742165890273508012e+03
2.742240884667802675e+03
2.742591596928298259e+03
2.742641137138037266e+03
2.742778243224572634e+03
2.742852589444299610e+03
2.742855086190251768e+03
2.742862788401823309e+03
2.744088812876462725e+03
2.744190913283691316e+03
2.744638790821534712e+03
2.745478522440029792e+03
2.745631284966681960e+03
2.746243512953546087e+03
2.746337924166997254e+03
2.746448583779315868e+03
2.746943014801080153e+03
2.747181962453914821e+03
2.747847678762407668e+03
2.748007480938957997e+03
2.748109621835923008e+03
2.748138784281367862e+03
2.748408840316615169e+03
2.748501430871088360e+03
2.748670021734743841e+03
2.748809923142569914e+03
2.748910601079477146e+03
2.749585347042887406e+03
2.749724453089566396e+03
2.749724933946046804e+03
2.749786468588735715e+03
2.750058060509625648e+03
2.750085926624159583e+03
2.750196391200317976e+03
2.750964301815220551e+03
2.751508172311635008e+03
2.752128477940723315e+03
2.752464431152787711e+03
2.752566531631748148e+03
2.753775976721784446e+03
2.753776683572336879e+03
2.753809404603663097e+03
2.754484190326980752e+03
2.755032658921030361e+03
2.755267451771407650e+03
2.755599053858614297e+03
2.755694011470372971e+03
2.755840769326004192e+03
2.756223583229274482e+03
2.756316721707675697e+03
2.756376114244596920e+03
2.756562181724775201e+03
2.757032294935118443e+03
2.757277975521492863e+03
2.757477883720447608e+03
2.758158920381067674e+03
2.758387151011461356e+03
2.758492559970086859e+03
2.758572180886947535e+03
2.758749925240280845e+03
2.758829313821518099e+03
2.759077711336028642e+03
2.759697641687831037e+03
2.759764582468215849e+03
2.759781100940040233e+03
2.760084605360287696e+03
2.760142354658520617e+03
2.760393632346730101e+03
2.760676254157360290e+03
2.760789790240602997e+03
2.760966927325825964e+03
2.761041822749278708e+03
2.761294915019690961e+03
2.761404032717185146e+03
2.761599881612040008e+03
2.761875634150845599e+03
2.762097773531528219e+03
2.762122742763256610e+03
2.762664817201549340e+03
2.762755639622378567e+03
2.763211489160160909e+03
2.763598216409597626e+03
2.763793312911328940e+03
2.764321944897949379e+03
2.764473791110918683e+03
2.764722203752936366e+03
2.765300219874161030e+03
2.765367766276497150e+03
2.765614683899378178e+03
2.765720642730557302e+03
2.765866176968940636e+03
2.766033397771425825e+03
2.766255834888902882e+03
2.766622761207996064e+03
2.766708391424451293e+03
2.767288044985513352e+03
2.767614380402029838e+03
2.767808699344800061e+03
2.767837599374901401e+03
2.768153867107054339e+03
2.768324920830963038e+03
2.768470609048109509e+03
2.768603033881082411e+03
2.768879448226190561e+03
2.769124998635204975e+03
2.769715296916814168e+03
2.770261011277900252e+03
2.770492021498786016e+03
2.771230040512441974e+03
2.771853050972861638e+03
2.771962233826783631e+03
2.772119673868051905e+03
2.772450188397850070e+03
2.772461052510504487e+03
2.772567988233866799e+03
2.772568148477651903e+03
2.772579504094658660e+03
2.772593139095113656e+03
2.772606623994263373e+03
2.773605694249863518e+03
2.773981090493407464e+03
2.774047160760570478e+03
2.774202094745724935e+03
2.774267931083965777e+03
2.774512878110940164e+03
2.774515082622962382e+03
2.774987083919286306e+03
2.775140369637749700e+03
2.775267913707330536e+03
2.775300414978690242e+03
2.775930461753882810e+03
2.775981715056814664e+03
2.776317474252553893e+03
2.777282166100116683e+03
2.777613492646632494e+03
2.777800469195128244e+03
2.777862534952826991e+03
2.777971493772849954e+03
2.778070979395568884e+03
2.778086057269801131e+03
2.779218595408115561e+03
2.779282878947591598e+03
2.779390508077607137e+03
2.779597841266639989e+03
2.779674849887581786e+03
2.780220608357262336e+03
2.780277803018391296e+03
2.780560126820282221e+03
2.780656054314657922e+03
2.780853558687681925e+03
2.781074307639235030e+03
2.781117985915357622e+03
2.781241898411091825e+03
2.781282809494909543e+03
2.781328876129219680e+03
2.781422814134014516e+03
2.781583811825534667e+03
2.782221476802657435e+03
2.782411144514367606e+03
2.782419457655855695e+03
2.782614352276625596e+03
2.782730270475406996e+03
2.782850867346269752e+03
2.782895732539755954e+03
2.783044292337391653e+03
2.783355832826913684e+03
2.783627961724365832e+03
2.783782826536323228e+03
2.784011198865146980e+03
2.784204964654792093e+03
2.784301349672613924e+03
2.784456359524479012e+03
2.784741727911000908e+03
2.784743623193107851e+03
2.784748819791855567e+03
2.785282227878255071e+03
2.785727497377811687e+03
2.785735066657760854e+03
2.786222878939674047e+03
2.786238499469175167e+03
2.786289818713103614e+03
2.786521631345623518e+03
2.786665481672749593e+03
2.786756233888785118e+03
2.786773431591796452e+03
2.787013659588731116e+03
2.787151351701425938e+03
2.787665469138569279e+03
2.787714933123657829e+03
2.787992583234169615e+03
2.788046646962436625e+03
2.788385818903857853e+03
2.788512212296247071e+03
2.788587148214382978e+03
2.788590443271549702e+03
2.788967973661779070e+03
2.789171342312585239e+03
2.789187237092200121e+03
2.789415662591833097e+03
2.789818676511504236e+03
2.789869703386162200e+03
2.789940158269570929e+03
2.789975733452095483e+03
2.790313823350294115e+03
2.790379578227999900e+03
2.790699974805448164e+03
2.790874718649957686e+03
2.790879271692128896e+03
2.791182753676508128e+03
2.791183920372217017e+03
2.791259615890884106e+03
2.791425328615840044e+03
2.791593203009019362e+03
2.791894049633463965e+03
2.792032979856642214e+03
2.792338749504223870e+03
2.792811815358834792e+03
2.792936357762729585e+03
2.792942062596740470e+03
2.793365248519018223e+03
2.793559157375064842e+03
2.793872218264094499e+03
2.794004375275542770e+03
2.794148042467324558e+03
2.794190015213205697e+03
2.794305033955124600e+03
2.794688203129005160e+03
2.794881044918792213e+03
2.795083976337335571e+03
2.795276038578334919e+03
2.795660045496341809e+03
2.796348645790786122e+03
2.796448710374364509e+03
2.796500996897864752e+03
2.797353540052602511e+03
2.797531204629509830e+03
2.797588540206909329e+03
2.798022762609012261e+03
2.799404102130915362e+03
2.799469409720158183e+03
2.799657309934681507e+03
2.799736847144613421e+03
2.800088518751059837e+03
2.800214989700630667e+03
2.800562414211261967e+03
2.800683136280953022e+03
2.801161972669725401e+03
2.801203664030727850e+03
2.801658194801625541e+03
2.802116131276351553e+03
2.802181249974387356e+03
2.802734393650413949e+03
2.802950205951797670e+03
2.803557662548263124e+03
2.803566942840507636e+03
2.803602585673466365e+03
2.803763238221357369e+03
2.803957250385815314e+03
2.804183111709152399e+03
2.804382423474649841e+03
2.804428677950486417e+03
2.804646160190843602e+03
2.805156160285848728e+03
2.805712483982896174e+03
2.805887551035707020e+03
2.805915117480090885e+03
2.806136747620930691e+03
2.806281398165164774e+03
2.806327484637916314e+03
2.806431387550795080e+03
2.807065792551333288e+03
2.807108803191003517e+03
2.807136347790150921e+03
2.807339479597632362e+03
2.807344225234064652e+03
2.807573538457461837e+03
2.807614657625103973e+03
2.808015139770293445e+03
2.808070175640128582e+03
2.808555927961541784e+03
2.808575997251359695e+03
2.809378118459262168e+03
2.809704224478411561e+03
2.810335796326845866e+03
2.810504164138305441e+03
2.810534675974973652e+03
2.810612151259438633e+03
2.810715906528274900e+03
2.810784231064662436e+03
2.810872259828031929e+03
2.810943976796153038e+03
2.811282302447329585e+03
2.811333881529038536e+03
2.811351727031288192e+03
2.811517219920703155e+03
2.811521788471899072e+03
2.811759982127865442e+03
2.812176314103844106e+03
2.812365866106036265e+03
2.812598972375880749e+03
2.812640678539949931e+03
2.813195416188958006e+03
2.813728214601580930e+03
2.814120164691122682e+03
2.814155312960968331e+03
2.814839629330916523e+03
2.815151664913493732e+03
2.815262013895739983e+03
2.815306511557240356e+03
2.815353398293443661e+03
2.815653571421076776e+03
2.815962152046908159e+03
2.816294641636693996e+03
2.816347826975079442e+03
2.816396027984060765e+03
2.816449711838098665e+03
2.816821481693662463e+03
2.816844568470726244e+03
2.817309860738219413e+03
2.817557811956407932e+03
2.817737455868843881e+03
2.817819222981424900e+03
2.817958560308376491e+03
2.818372822679294131e+03
2.818539272283450828e+03
2.818541322979295728e+03
2.818966104596988771e+03
2.819104512371157398e+03
2.819283713565861035e+03
2.819350987650646857e+03
2.819401587886351081e+03
2.819710595292730432e+03
2.820533640196297256e+03
2.820861984789791222e+03
2.821080300708477353e+03
2.821286924176460616e+03
2.821358215672160895e+03
2.821530808358269951e+03
2.822131946737688395e+03
2.822262909309729366e+03
2.822275262572145039e+03
2.822445507260009435e+03
2.822823621545105652e+03
2.822888668468569449e+03
2.822901316012797906e+03
2.823306322579663629e+03
2.823587428510230438e+03
2.824092802475590361e+03
2.824732531056996777e+03
2.824951329571163569e+03
2.824969748544687718e+03
2.825328293782529727e+03
2.825500159230683948e+03
2.825684337056242839e+03
2.825781498349806498e+03
2.825834398187193983e+03
2.826548453561649239e+03
2.826610278038291654e+03
2.826764528493583384e+03
2.826788759104082601e+03
2.826818591068179558e+03
2.827455252860426299e+03
2.827568455631308098e+03
2.828246906376184597e+03
2.828280400111001200e+03
2.828610606295930211e+03
2.828683300029043494e+03
2.828979323217044566e+03
2.829128223096297006e+03
2.829158801538662374e+03
2.829295566153989057e+03
2.829605678278351661e+03
2.829703867921004075e+03
2.829818740805911602e+03
2.829830063879778663e+03
2.829844800662840953e+03
2.830041669826690395e+03
2.830074837789784397e+03
2.830145225872958690e+03
2.830206291812627569e+03
2.830320995701983065e+03
2.830378788257613451e+03
2.830984256930629726e+03
2.831098765699686282e+03
2.831298398444460872e+03
2.831744944990124623e+03
2.831763180374915009e+03
2.832097025510504864e+03
2.832132405093727357e+03
2.832763654444423537e+03
2.833014004313756232e+03
2.833175836351913404e+03
2.833213124760660776e+03
2.833662491622567359e+03
2.833925854920474649e+03
2.834116663141927802e+03
2.834302027623125468e+03
2.834495716610826548e+03
2.834804922611892835e+03
2.835076273842867067e+03
2.835105293671623713e+03
2.835388233908776328e+03
2.836200486358834496e+03
2.836303626920296665e+03
2.836870952686662804e+03
2.837309881547788336e+03
2.837398727701071493e+03
2.837556902664567133e+03
2.837682154979046118e+03
2.837779559151964349e+03
2.837899461120798151e+03
2.838107481360577822e+03
2.838514843143935650e+03
2.838802681519618091e+03
2.839228547836051348e+03
2.839271555921767686e+03
2.839892926842051111e+03
2.840630389639351961e+03
2.840996480447381145e+03
2.841350369679844334e+03
2.841386150219449519e+03
2.841684541248894675e+03
2.841748006501954023e+03
2.842142948519383935e+03
2.842176366034830608e+03
2.842276506293086186e+03
2.842663811246047771e+03
2.842900719990329435e+03
2.842931095903137248e+03
2.843053040495345158e+03
2.843070031940390891e+03
2.844267043980902599e+03
2.844612317433624867e+03
2.844911909267666942e+03
2.845022230791943912e+03
2.845196810453924172e+03
2.845223120913060484e+03
2.845528397993862200e+03
2.845676909897819314e+03
2.845800148139280736e+03
2.846288342900163116e+03
2.846300120586379307e+03
2.846669349537735343e+03
2.847328718814949752e+03
2.847697644000354558e+03
2.847859375334233846e+03
2.848063974102035445e+03
2.848144212137078739e+03
2.848263734175090121e+03
2.848877625864708534e+03
2.849008626845383787e+03
2.849261955643830788e+03
2.849668699360782739e+03
2.850033825622987933e+03
2.850120343713060265e+03
2.850181071346412409e+03
2.850187280421125251e+03
2.850789372789039135e+03
2.850925185233950742e+03
2.850939741765461804e+03
2.851438679491358471e+03
2.851562032072991315e+03
2.851636535373134848e+03
2.851690246026587829e+03
2.851787372320479335e+03
2.851879817848560833e+03
2.852076131388550493e+03
2.852117894021615484e+03
2.852223581615342482e+03
2.852341519187633821e+03
2.852667166677316800e+03
2.853129746701269596e+03
2.853338741771168770e+03
2.853382638660225439e+03
2.853709133263737385e+03
2.853796425943515715e+03
2.853800317786925007e+03
2.854156339262030087e+03
2.854480004973977884e+03
2.854501697912916825e+03
2.854758570813698498e+03
2.854971788533793642e+03
2.855009515567880499e+03
2.855233905526512444e+03
2.855388158313773602e+03
2.855402419921387263e+03
2.855610298314178635e+03
2.855709684038864452e+03
2.855767371234061557e+03
2.856050967693225175e+03
2.856388814296241890e+03
2.856433706713076845e+03
2.856434707250064093e+03
2.856437891616441448e+03
2.856753054325676658e+03
2.856772979801023666e+03
2.858219886636803039e+03
2.858897917183685877e+03
2.859281303523628139e+03
2.859751219924794441e+03
2.860015988629608728e+03
2.860190241764329130e+03
2.860666144463901674e+03
2.860696979804273724e+03
2.861499582976714009e+03
2.861728365820802537e+03
2.862209542993472951e+03
2.862238126495663437e+03
2.862271501151424218e+03
2.862422282204275689e+03
2.862511443723001321e+03
2.862528289280268837e+03
2.862907375187298840e+03
2.863276189834109118e+03
2.863344699840078647e+03
2.863349087731159671e+03
2.863929094823354262e+03
2.863973142609688693e+03
2.863994466056336478e+03
2.864525748898068741e+03
2.864657599523206954e+03
2.865750290222366857e+03
2.865812122715563419e+03
2.866011356924931533e+03
2.866113445607403264e+03
2.867063532951628986e+03
2.867312647875013226e+03
2.867592718935127778e+03
2.867717785483980606e+03
2.867926705091514577e+03
2.868132189294131877e+03
2.868203488481684872e+03
2.868621838320771531e+03
2.869222208650055109e+03
2.869525593735826988e+03
2.870813208354684775e+03
2.870861933870130997e+03
2.871523794943124813e+03
2.871531705614496786e+03
2.871614593010790486e+03
2.872058685436672022e+03
2.873136775811496136e+03
2.873159966020365118e+03
2.873183708769939585e+03
2.873489519826108335e+03
2.873642026353581969e+03
2.874026650400836388e+03
2.874140280298108792e+03
2.874486687896758212e+03
2.874659623978234322e+03
2.874842050525046943e+03
2.874877817041278831e+03
2.875114076319409378e+03
2.875131834154233729e+03
2.875334672927227984e+03
2.875759436536055546e+03
2.876275761332820366e+03
2.876619456639396049e+03
2.876836196845409177e+03
2.877191350198391319e+03
2.877339090977554861e+03
2.877509148691897735e+03
2.877966471032215395e+03
2.878068280613635579e+03
2.878098237362561576e+03
2.878539502471704509e+03
2.878590979778246947e+03
2.879146591797090423e+03
2.879300484810810758e+03
2.879507245289327784e+03
2.879693552453163193e+03
2.879713376145114580e+03
2.880195319964506780e+03
2.880322250040069775e+03
2.880466163789947132e+03
2.880577029304539337e+03
2.880882862943838518e+03
2.881047928813013641e+03
2.881091160167812632e+03
2.881138635884816267e+03
2.881691366797023420e+03
2.881733774835807253e+03
2.882019517415230894e+03
2.882126873615626209e+03
2.882325636675816895e+03
2.882325804928695561e+03
2.882371564227210911e+03
2.883002225123845619e+03
2.883164026504627145e+03
2.883234021322730314e+03
2.883772040503445623e+03
2.883987505466213861e+03
2.884081234271237463e+03
2.884589407520940767e+03
2.884890145777717407e+03
2.885035082355762370e+03
2.885119954835340195e+03
2.886142135515591235e+03
2.886198143947375229e+03
2.886278570243529430e+03
2.886387734714883209e+03
2.886702979385173876e+03
2.886724092469798961e+03
2.887021787447832139e+03
2.887094633487079591e+03
2.887435158836820847e+03
2.887462229882099564e+03
2.887870296426319328e+03
2.887977753327963001e+03
2.888527936984376083e+03
2.888867309067521091e+03
2.889074165836847442e+03
2.889276537068748894e+03
2.889392265927596782e+03
2.889425676365513027e+03
2.889684646091292052e+03
2.889717397298516062e+03
2.889813563624580183e+03
2.890231209412899261e+03
2.890242641488720892e+03
2.890309106661506121e+03
2.890401381976182620e+03
2.890786412149118405e+03
2.890828813922862537e+03
2.890912284460012415e+03
2.890920411055022214e+03
2.891070695236423035e+03
2.891306474068780517e+03
2.892142812652753037e+03
2.892184555064666256e+03
2.892520319189567545e+03
2.892864573017612202e+03
2.893244766442774562e+03
2.893449781206694297e+03
2.893746715885945378e+03
2.893937622491378988e+03
2.894345233797158471e+03
2.894495402235628717e+03
2.894551446035606205e+03
2.894796697373064490e+03
2.895344275464502061e+03
2.895491928143183031e+03
2.895667277863641630e+03
2.895687494577581674e+03
2.895948837159384766e+03
2.896239821108361866e+03
2.896287765697488794e+03
2.896395206059786233e+03
2.896552114357301434e+03
2.896989322112362970e+03
2.897018845416482236e+03
2.897026819042367151e+03
2.897206044651038610e+03
2.897562154701016425e+03
2.897853230592230830e+03
2.898304276274196127e+03
2.898505286519956826e+03
2.898590683438160340e+03
2.898730203510320280e+03
2.898914157541026725e+03
2.899265815496690266e+03
2.899495471042798727e+03
2.899915624073461913e+03
2.899938914258050772e+03
2.899980143713985854e+03
2.900341404967921790e+03
2.900375999641088129e+03
2.900571794016874264e+03
2.900760078881423397e+03
2.901219693571750213e+03
2.901347242013906452e+03
2.901443744600162063e+03
2.901738149407508445e+03
2.901810898262669525e+03
2.901861500579424046e+03
2.901889986718329510e+03
2.902093625242472172e+03
2.902205975717637557e+03
2.902239088660819107e+03
2.902807886415764187e+03
2.902853268622630367e+03
2.903046389657218697e+03
2.903082234899051400e+03
2.903136191920502824e+03
2.903262680237685800e+03
2.903343960093013266e+03
2.903600987001769681e+03
2.903886099820532309e+03
2.904033565634091701e+03
2.904785166367020793e+03
2.905540292962345120e+03
2.905633164966570348e+03
2.905898159005829257e+03
2.905976974047781823e+03
2.906105779950972646e+03
2.906316612729168355e+03
2.906482270734070880e+03
2.906521505547641027e+03
2.906589488792362772e+03
2.907622094107310659e+03
2.907707676738317332e+03
2.907747848000767590e+03
2.907759729461132338e+03
2.908085417242138647e+03
2.908184877153047182e+03
2.908245172052949329e+03
2.908378628175985796e+03
2.908392287668118115e+03
2.908846843541377439e+03
2.908928942110832395e+03
2.909162814572890966e+03
2.909684648546215612e+03
2.910341878325242305e+03
2.910350958477077711e+03
2.910643828854548701e+03
2.910677629809499194e+03
2.910762150460442172e+03
2.910790131925654805e+03
2.911105793238238675e+03
2.911109933888715204e+03
2.911157127490299445e+03
2.911366328408233585e+03
2.911461303013014458e+03
2.911638249085046027e+03
2.911675758793147452e+03
2.911988960963612953e+03
2.912092946236714852e+03
2.912125943180009472e+03
2.912316405080258392e+03
2.912629696568746112e+03
2.912796248541782916e+03
2.913072839586993268e+03
2.913516841723814650e+03
2.913604206099234034e+03
2.913786399929553681e+03
2.913913815190295736e+03
2.913962064984785229e+03
2.914185789751976699e+03
2.914209793340056876e+03
2.914215817013438027e+03
2.914297990720499456e+03
2.914327249221372767e+03
2.914919133587429769e+03
2.915499352611601353e+03
2.915536184196765134e+03
2.915621885356059011e+03
2.915806086710747422e+03
2.916642970636771679e+03
2.916812087309468552e+03
2.916821325671641262e+03
2.917033098706473538e+03
2.917034345355000369e+03
2.917191916639828378e+03
2.918001297621096910e+03
2.918117028484617094e+03
2.918658432680983879e+03
2.918694318496744927e+03
2.918752046264834462e+03
2.918803438226399066e+03
2.919448947102108832e+03
2.919720314717513702e+03
2.919809715177083945e+03
2.919820042435849700e+03
2.920333179622677562e+03
2.920960568500437603e+03
2.921360855568459101e+03
2.921365495450381786e+03
2.921375218006207433e+03
2.921579237439699227e+03
2.921616945217969715e+03
2.921971236230079285e+03
2.922142839586055743e+03
2.922271216845621439e+03
2.922568898087614343e+03
2.922675956159725956e+03
2.922864448100381651e+03
2.922957959619480789e+03
2.923078174852968004e+03
2.924233321979007997e+03
2.924506756099721770e+03
2.924515304902869502e+03
2.924593570237860149e+03
2.924647901088992057e+03
2.924993339535621089e+03
2.925281939508995492e+03
2.925353414342525411e+03
2.925524097718752273e+03
2.926028376677090819e+03
2.926188571079035228e+03
2.926274477904624291e+03
2.926279492004106942e+03
2.926864084185052889e+03
2.927193062140331676e+03
2.927614596349176281e+03
2.927632876127197505e+03
2.927701584756579450e+03
2.928255399279234553e+03
2.928302377048617473e+03
2.928311337075234860e+03
2.928539457413309265e+03
2.928570543781460856e+03
2.929332218422651295e+03
2.929358338396415093e+03
2.929664025154758292e+03
2.929819432960590802e+03
2.929834779838675786e+03
2.929954514859775372e+03
2.930270288555375373e+03
2.930676834632292412e+03
2.931047463527128912e+03
2.931336844755565835e+03
2.931488073293582147e+03
2.931842871987101262e+03
2.931876444562834422e+03
2.931942562175601324e+03
2.932163896719046988e+03
2.932197413445828715e+03
2.932603845120940605e+03
2.933407572943395735e+03
2.934109650902064459e+03
2.934112837071294052e+03
2.934189515227667016e+03
2.934396556724191669e+03
2.934547159003480829e+03
2.934587993147387806e+03
2.934959523989587979e+03
2.935127952745232051e+03
2.935556862944522436e+03
2.935861695678317574e+03
2.936216108025699668e+03
2.936264725757633641e+03
2.936534202975989501e+03
2.936679741532801927e+03
2.936695547976238231e+03
2.936787854495905776e+03
2.937152938282465584e+03
2.937467460777410906e+03
2.937778534886514990e+03
2.937827434071843982e+03
2.937942862199021874e+03
2.938263198764821482e+03
2.938354663347224687e+03
2.938373483610057065e+03
2.938872435162410511e+03
2.939004419157411576e+03
2.939514102155505952e+03
2.940001044529104547e+03
2.940775703873943712e+03
2.940900621587350997e+03
2.941044822989065324e+03
2.941061297838780774e+03
2.941081060632460321e+03
2.941144363558034001e+03
2.941187552265756040e+03
2.941331162303851670e+03
2.941348392729546504e+03
2.941472033052431470e+03
2.941527095548698981e+03
2.942008055908421738e+03
2.942089647265197982e+03
2.942121271160011020e+03
2.942146661209464582e+03
2.942470563002766539e+03
2.943263574302375673e+03
2.943337130980041366e+03
2.944237705677348458e+03
2.944481918562161809e+03
2.945033839951690879e+03
2.945138442604675674e+03
2.945719054158496874e+03
2.946359484765067918e+03
2.946416508870208418e+03
2.946491069313141452e+03
2.946549283975607977e+03
2.946653966044927074e+03
2.946726712100483383e+03
2.946760438315258853e+03
2.946895141512530245e+03
2.947137115266388264e+03
2.947422971204102396e+03
2.947793463812424307e+03
2.948012207922446123e+03
2.948251895961966511e+03
2.948255676631890765e+03
2.948474775731165664e+03
2.948540789834735278e+03
2.948566679371824193e+03
2.948786039795026682e+03
2.948818399457653868e+03
2.949412054315712794e+03
2.949849113036481413e+03
2.950094988581275629e+03
2.950243379100202674e+03
2.950644067722658292e+03
2.950747778373154688e+03
2.950835310962174844e+03
2.951112337572882097e+03
2.951372512455541255e+03
2.951547550152907661e+03
2.951699198315403009e+03
2.951801547706800648e+03
2.951940481999327858e+03
2.952434265925428008e+03
2.952813570648166660e+03
2.952997850336364991e+03
2.953094899215547230e+03
2.953681308896972041e+03
2.953776431903319462e+03
2.954090656262118046e+03
2.954118248095169747e+03
2.954412626880445259e+03
2.954527613727157586e+03
2.955104400335968421e+03
2.955679162317354439e+03
2.956135476511400157e+03
2.956188590086626391e+03
2.956492205868442397e+03
2.956509060485980626e+03
2.956708828151261969e+03
2.956721177671735859e+03
2.956961167124377880e+03
2.957268701298385167e+03
2.957453115947148945e+03
2.957502503039736439e+03
2.957629283804841634e+03
2.957645031350446516e+03
2.958507271136203599e+03
2.958792141344753873e+03
2.959064256754363669e+03
2.959369082856801015e+03
2.959588727672673485e+03
2.959673143687365609e+03
2.959828690083507354e+03
2.960031106351800190e+03
2.960990747894305514e+03
2.961158089880815169e+03
2.961361344678915430e+03
2.961424210257256163e+03
2.961826151869838213e+03
2.962109578039903681e+03
2.962266757405552653e+03
2.962764925055117146e+03
2.962895829942693581e+03
2.963127174305456720e+03
2.963205135939851516e+03
2.963241013996344464e+03
2.963693670084679979e+03
2.964047021376445628e+03
2.964094428644677919e+03
2.964507183553052528e+03
2.964578327491393338e+03
2.964724910522201753e+03
2.964767963031704312e+03
2.964898147448931923e+03
2.965039428895818219e+03
2.966521101692604134e+03
2.966597724079619638e+03
2.966738377182003205e+03
2.967029110555142324e+03
2.967042341218804268e+03
2.967064500790852435e+03
2.967077415905340786e+03
2.967122855165798683e+03
2.967256660494943844e+03
2.967561643443220419e+03
2.967690749441895605e+03
2.967756986986453740e+03
2.967767468245942382e+03
2.967927061558624700e+03
2.968196913002361271e+03
2.968228290759975152e+03
2.968603826745950755e+03
2.968702433285633560e+03
2.969568181402451955e+03
2.970024954904944025e+03
2.970532208563868608e+03
2.970582059024744922e+03
2.970735992185752366e+03
2.970868498557596013e+03
2.971826118144378142e+03
2.971833300639749268e+03
2.972158509211748878e+03
2.972283300766966477e+03
2.972351554165060406e+03
2.972369638133885928e+03
2.972468546610096837e+03
2.972836383281172402e+03
2.972888045830977717e+03
2.972982943156317560e+03
2.973231048493174512e+03
2.973986084272871267e+03
2.974136533161977695e+03
2.974364599154567713e+03
2.974990570752362146e+03
2.975245752939596969e+03
2.975422965659745387e+03
2.975471726002630930e+03
2.975527929643622429e+03
2.975859307396814984e+03
2.976229982539007324e+03
2.976298356328972659e+03
2.977858220529534719e+03
2.977914782019026006e+03
2.978133188657528081e+03
2.978768416089556013e+03
2.979526115829844912e+03
2.979813152439828627e+03
2.979877458770901740e+03
2.980884186440678150e+03
2.981491445534544710e+03
2.981720543835087483e+03
2.982235356150932603e+03
2.982336243760102207e+03
2.982517713485677632e+03
2.982817295728233603e+03
2.983110477846066260e+03
2.983212628147619398e+03
2.983334574808291109e+03
2.983420877634923727e+03
2.983936953945121786e+03
2.984020118677018672e+03
2.984127200132555572e+03
2.984306407789341392e+03
2.985137751172588651e+03
2.985159315775861160e+03
2.985231812319401342e+03
2.985278578350764292e+03
2.985426966253669889e+03
2.985428943108549902e+03
2.985447213053036194e+03
2.985666535709278378e+03
2.985844505100752031e+03
2.986518153445496864e+03
2.986534562187510346e+03
2.986775648686595559e+03
2.986814143083579893e+03
2.987039944645285686e+03
2.987234405711428735e+03
2.987274304525144998e+03
2.987336940296461307e+03
2.987380236317031176e+03
2.987958840814036648e+03
2.988040681321634111e+03
2.988188092653959757e+03
2.988340645622277862e+03
2.988830505075961810e+03
2.988843107122207584e+03
2.989049772266276705e+03
2.989205222135310578e+03
2.989208654149654194e+03
2.989223524947032274e+03
2.989504610836341726e+03
2.989814251538603003e+03
2.989925215759922139e+03
2.990053649939785828e+03
2.990110582576843626e+03
2.990137984577751013e+03
2.990419743615227617e+03
2.990561199509967537e+03
2.991077132917816925e+03
2.991202963622923107e+03
2.991459807270315196e+03
2.991923448891699991e+03
2.992258333144907283e+03
2.992804146983763985e+03
2.993040098553197822e+03
2.993102086331683040e+03
2.993192372397450981e+03
2.993557640516742140e+03
2.993694334552442797e+03
2.993731481404546230e+03
2.994110622282655640e+03
2.994221803075028674e+03
2.994296213448805702e+03
2.994343119537546499e+03
2.994353351028688394e+03
2.994357758749234563e+03
2.995203948963139283e+03
2.995233095710949328e+03
2.995457520828742872e+03
2.996410789846677744e+03
2.997398370469266411e+03
2.997845051699720898e+03
2.997976504626889437e+03
2.998154516669909299e+03
2.998445788189785162e+03
2.998631254857392832e+03
2.999154706170885220e+03
2.999346256704593543e+03
3.000009215653614774e+03
3.000068111465476704e+03
3.000179381650438700e+03
3.000196017228389792e+03
3.000283024580289293e+03
3.000333628258856152e+03
3.001256233088387489e+03
3.001814112955193650e+03
3.001855146792268897e+03
3.001913713021977401e+03
3.001939307336913316e+03
3.002063388665894763e+03
3.002094678564104470e+03
3.002205913366327877e+03
3.002726110485365098e+03
3.002973208647345928e+03
3.003085348780707591e+03
3.003153967362496132e+03
3.003214589308607628e+03
3.003243325090558756e+03
3.003390760976706588e+03
3.003600908181804698e+03
3.003869240936857750e+03
3.003968643871588029e+03
3.004104724428204463e+03
3.004158640773858224e+03
3.004258990341516892e+03
3.004314433821625698e+03
3.004808446936536711e+03
3.004860119201840007e+03
3.004873032962836078e+03
3.004977744189779514e+03
3.005743460399050946e+03
3.005746645665376036e+03
3.006041354684787166e+03
3.006280235348020142e+03
3.006302747095908217e+03
3.006554013595860397e+03
3.006619844604687387e+03
3.006727766748616432e+03
3.006769353511604095e+03
3.007112326093355477e+03
3.007183879581144993e+03
3.007201513453466760e+03
3.007491498635115022e+03
3.007559728446321060e+03
3.007604581279181730e+03
3.007706893460822357e+03
3.007730879629305491e+03
3.008131995700869993e+03
3.008355672246322229e+03
3.008595728273296572e+03
3.009007801598817878e+03
3.009031161663395778e+03
3.009139105892687894e+03
3.009523129611896366e+03
3.009733033814155988e+03
3.009797718235348839e+03
3.010329392571994504e+03
3.010401811267819994e+03
3.010473465796867004e+03
3.010677069241942718e+03
3.010938315247685750e+03
3.011013883044920021e+03
3.011520263197903205e+03
3.011681405006299883e+03
3.011687353904539123e+03
3.011693796198338987e+03
3.011779515494597945e+03
3.011780824272495920e+03
3.011808563945918650e+03
3.011817550107845818e+03
3.011943431833726208e+03
3.011976759769125238e+03
3.012017735715208346e+03
3.012041657725610094e+03
3.012077400902769568e+03
3.012085655633399710e+03
3.012100155641535821e+03
3.012105248057910103e+03
3.012449197652972089e+03
3.012473687953978242e+03
3.012574565014877408e+03
3.012930032684497291e+03
3.013219758471114346e+03
3.013499046370627184e+03
3.013545409323687636e+03
3.013675547384600577e+03
3.014159010509213658e+03
3.014508813314634153e+03
3.014608454519978750e+03
3.014766274362228614e+03
3.014881772504844776e+03
3.014884312001651324e+03
3.015052605095992021e+03
3.015072902946894828e+03
3.015104858090805919e+03
3.015125032080662550e+03
3.015171931147268879e+03
3.015186741680722207e+03
3.015345061686119152e+03
3.015379037752799377e+03
3.015388154694364857e+03
3.015596805593312183e+03
3.015823185648665003e+03
3.015829577357880680e+03
3.015848005909416770e+03
3.016004399096669204e+03
3.016090437456249219e+03
3.016149157472537809e+03
3.016369622484809497e+03
3.016383090964040548e+03
3.016419812077495862e+03
3.016489892051946754e+03
3.016681656504138118e+03
3.016722256076232497e+03
3.016867288455291600e+03
3.017004129649750666e+03
3.017064419333294154e+03
3.017093618099210289e+03
3.017108074201085856e+03
3.017217553106482228e+03
3.017537396171062937e+03
3.017569591585360286e+03
3.017876129205943016e+03
3.017885197603397501e+03
3.017982990258392419e+03
3.018068083470089277e+03
3.018433887039236197e+03
3.018542538206766949e+03
3.018583955573696585e+03
3.018611029088634496e+03
3.018612425086966141e+03
3.018718220579483386e+03
3.018729398183334069e+03
3.018769452665835615e+03
3.019138366876079544e+03
3.019849556650332033e+03
3.020104961325363092e+03
3.020170254027168539e+03
3.020176774190210381e+03
3.020281424841714852e+03
3.020455985929638700e+03
3.020532212772787716e+03
3.020535135769805038e+03
3.020626171926746338e+03
3.020711081073412515e+03
3.020818225771255129e+03
3.021032441892376937e+03
3.021160691277887054e+03
3.021310466713200640e+03
3.021346703663372864e+03
3.021820484333600689e+03
3.022009220237880982e+03
3.022468752600595053e+03
3.023027418566621236e+03
3.023040914494326444e+03
3.023156259067940482e+03
3.023356955882630700e+03
3.023681820883966793e+03
3.023784085389357642e+03
3.023914521956185581e+03
3.024031717982880764e+03
3.024056027043634003e+03
3.024174243685954025e+03
3.024184621550880365e+03
3.024368890442001884e+03
3.024472477683409579e+03
3.024479616001451632e+03
3.024681697283118410e+03
3.024771647410583228e+03
3.024821050685457067e+03
3.024966919862421491e+03
3.025057474404005461e+03
3.025238298677814782e+03
3.025369613429171295e+03
3.025406502562591868e+03
3.025489886966840004e+03
3.025516915646772304e+03
3.025531045835935402e+03
3.025620909048816429e+03
3.025809647109882917e+03
3.025839641719104293e+03
3.026011970278691933e+03
3.026090106076780103e+03
3.026105165490836498e+03
3.026233950539965463e+03
3.026336471117448127e+03
3.026440329293007380e+03
3.026927850168046916e+03
3.026963055520848229e+03
3.027397720300067249e+03
3.027426597545141249e+03
3.027708158433413701e+03
3.028132957877105127e+03
3.028325669298144476e+03
3.028475381046500843e+03
3.028489582568513015e+03
3.028608276381900851e+03
3.028993450286325697e+03
3.029008367936270133e+03
3.029089701289627556e+03
3.029210068137366306e+03
3.029402305434222399e+03
3.029527256730410500e+03
3.029848400661889173e+03
3.029873914062008680e+03
3.030073669116863130e+03
3.030293432045328245e+03
3.030852777647242874e+03
3.030979502662514733e+03
3.031030234458145060e+03
3.031336355430045387e+03
3.031620413218938666e+03
3.031645028238310715e+03
3.031762295463938699e+03
3.031848106064240255e+03
3.031987085680979362e+03
3.032040211200709109e+03
3.032413367812921933e+03
3.032604761812407560e+03
3.032704084692278684e+03
3.032958934122234950e+03
3.033181079661948388e+03
3.033477899987174169e+03
3.033777139958758198e+03
3.034543853518560354e+03
3.034907545549348924e+03
3.034974922366709052e+03
3.035391745088418247e+03
3.035465586687326777e+03
3.035593129722474259e+03
3.035612728652733495e+03
3.035742201598814518e+03
3.035763132852172021e+03
3.035814303401459256e+03
3.035967328041813744e+03
3.035985882519290953e+03
3.036109072862995617e+03
3.036116273636726874e+03
3.036134201998969729e+03
3.036390899401660135e+03
3.036749358589796884e+03
3.036974237439765602e+03
3.036985133789683914e+03
3.037034959743106356e+03
3.037153808011745241e+03
3.037303752429261294e+03
3.037645889039745271e+03
3.037664936969543305e+03
3.037786558913807312e+03
3.037800608359198122e+03
3.037834596712623352e+03
3.038047206765125793e+03
3.038083324126491789e+03
3.038497758656629230e+03
3.038721374079264478e+03
3.038903693467270386e+03
3.039024200948684211e+03
3.039105939012979434e+03
3.039215197076927325e+03
3.039292122898252273e+03
3.039386391601447485e+03
3.039506071030862131e+03
3.039653897326161314e+03
3.039680614529544528e+03
3.039902939672198499e+03
3.039954637700257081e+03
3.039962977240988494e+03
3.040108696319830869e+03
3.040330028210864839e+03
3.040372880131232250e+03
3.040565194113856251e+03
3.040637861038407209e+03
3.041144546445822925e+03
3.041190009814671157e+03
3.041437587942074060e+03
3.041511478416166938e+03
3.041776221235411413e+03
3.041996213016529055e+03
3.042359719061155374e+03
3.042367063011944992e+03
3.042766966509934718e+03
3.042844291341860298e+03
3.042900336799717934e+03
3.042984437610792156e+03
3.043040837105405899e+03
3.043223635803959951e+03
3.043598007726151081e+03
3.043806305789088583e+03
3.043930876980844914e+03
3.044008534204554508e+03
3.044076577075131354e+03
3.044148975328483630e+03
3.044182669065627124e+03
3.044387500232821822e+03
3.044552034493104202e+03
3.044774840922442309e+03
3.045141681301799053e+03
3.045429694310988907e+03
3.045433656580607021e+03
3.045522873885915942e+03
3.045614570227347485e+03
3.045943350025186646e+03
3.046107312853261192e+03
3.046135111653964941e+03
3.046169971408131914e+03
3.046347661201477877e+03
3.046356248997155490e+03
3.046477593343032822e+03
3.046731978174051164e+03
3.046860452379179605e+03
3.046861970605986699e+03
3.046895091212658372e+03
3.047043811595041916e+03
3.047621029012292638e+03
3.047963929009932599e+03
3.048067680292951991e+03
3.048203875413553760e+03
3.048365643592536799e+03
3.048410207516515129e+03
3.048434305809876150e+03
3.048437350219272048e+03
3.048508365982196210e+03
3.048576901989664293e+03
3.048798244531645651e+03
3.048837296761868856e+03
3.048905734144465896e+03
3.049010027519525920e+03
3.049286052981722605e+03
3.049321658723663404e+03
3.049649932399096542e+03
3.049855499882924960e+03
3.049868808615497528e+03
3.049876599104910383e+03
3.050207109671034232e+03
3.050247326728232110e+03
3.050269961791351761e+03
3.050344378693808721e+03
3.050406015657803437e+03
3.050461096729955443e+03
3.050483576552313934e+03
3.050643001735369126e+03
3.050657539011118388e+03
3.050748568152725966e+03
3.050918528573076856e+03
3.050966121965717321e+03
3.051138753474492660e+03
3.051212508993743995e+03
3.051280920726254408e+03
3.051548838107297343e+03
3.051757163083908836e+03
3.052048815106506481e+03
3.052322780133449669e+03
3.052394155768899054e+03
3.052536942039106179e+03
3.052647488214407076e+03
3.053069085247195289e+03
3.053124676619187085e+03
3.053146056966787455e+03
3.053709491232475102e+03
3.053728481798454595e+03
3.053749175487045250e+03
3.053806803086772106e+03
3.054047594319785730e+03
3.054197262393391156e+03
3.054235545168713998e+03
3.054267570413669546e+03
3.054354983715024900e+03
3.054533660165208403e+03
3.054545295851201445e+03
3.054844016561767603e+03
3.054851333960645206e+03
3.055213431615064110e+03
3.055290419085029498e+03
3.055337715317964921e+03
3.055389737204210633e+03
3.055451519384107542e+03
3.055581106614997225e+03
3.055583055100062211e+03
3.055719921601555598e+03
3.055733086409612497e+03
3.055925941456192504e+03
3.055991981939304878e+03
3.056137281123150387e+03
3.056758737717106669e+03
3.056962598728775902e+03
3.056980840937268113e+03
3.057038629895611848e+03
3.057182949922334956e+03
3.057604825422010890e+03
3.057607010740903206e+03
3.057802918946010323e+03
3.058030602886944962e+03
3.058487481449589268e+03
3.058549955165595293e+03
3.058637400110520048e+03
3.058713792029894648e+03
3.058873715011849526e+03
3.058888290693319959e+03
3.058925764761605024e+03
3.058946090086863478e+03
3.058996075485887559e+03
3.059006459193846695e+03
3.059266771703543327e+03
3.059589484158560936e+03
3.059593373069221798e+03
3.059765905751122773e+03
3.060458513401893924e+03
3.060538484475737278e+03
3.060688184747461037e+03
3.061060462166069101e+03
3.061198381082816013e+03
3.061219316563980101e+03
3.061226298346728072e+03
3.061272631910528617e+03
3.061334511739281879e+03
3.061440722716862638e+03
3.061738313096826460e+03
3.061794010763088409e+03
3.062045367940018878e+03
3.062262280861711133e+03
3.062494617002555515e+03
3.062649280648377044e+03
3.062717812112053707e+03
3.062729209376884228e+03
3.062907083229060390e+03
3.063032157873705728e+03
3.063095566885738208e+03
3.063152081899602763e+03
3.063237930465008503e+03
3.063337782767411227e+03
3.063369549441879371e+03
3.063490769570958491e+03
3.063523758615725910e+03
3.063734183158641827e+03
3.064198403609494108e+03
3.064408766239006582e+03
3.064809432117921460e+03
3.064899833289247908e+03
3.065367413888023293e+03
3.065462260365651673e+03
3.065612940097074897e+03
3.065614166671961812e+03
3.065631512523264064e+03
3.065890478578370676e+03
3.066133801273625522e+03
3.066146291824424679e+03
3.066151279030694241e+03
3.066195317886524663e+03
3.066371608933819061e+03
3.066802823736925347e+03
3.067295567656057756e+03
3.067314893939938429e+03
3.067397219292529826e+03
3.067736865645188573e+03
3.067823721303168895e+03
3.067881729000956057e+03
3.067956487810831732e+03
3.068031787595893547e+03
3.068093561841456449e+03
3.068178316067898777e+03
3.068244481108061791e+03
3.068499375710583081e+03
3.068662638745049662e+03
3.068809733111301739e+03
3.068948017739285660e+03
3.068998126188972037e+03
3.069324255862348764e+03
3.069414190913054426e+03
3.069442564129589300e+03
3.069605454092643413e+03
3.069667407270403146e+03
3.069751797662349418e+03
3.069818504674665746e+03
3.069999846794798032e+03
3.070070208320583333e+03
3.070122237611023138e+03
3.070143849927919291e+03
3.070327680003454589e+03
3.070426326517491361e+03
3.070982934812252097e+03
3.071077198169016810e+03
3.071079997471994375e+03
3.071243567025677294e+03
3.071244991550815030e+03
3.071443996099708784e+03
3.071486901165927520e+03
3.071719915222508916e+03
3.071945985661976920e+03
3.072089737035109920e+03
3.072159475554044548e+03
3.072201154427145866e+03
3.072241144821951821e+03
3.072349564292328523e+03
3.072448945577060385e+03
3.072706108541028698e+03
3.073754232748020058e+03
3.073997584741621722e+03
3.074057108278720079e+03
3.074088350097567854e+03
3.074561946278227879e+03
3.074581465383992054e+03
3.074637536621753043e+03
3.074702620832727007e+03
3.074900685822069136e+03
3.074923253768806717e+03
3.074991867260649087e+03
3.075263729967210111e+03
3.075350780264520381e+03
3.075651863248659083e+03
3.075693578120906295e+03
3.075694420840545718e+03
3.075857435475033526e+03
3.075907902276076129e+03
3.076344399485477879e+03
3.076600912128973050e+03
3.076857454331806366e+03
3.076938918305029802e+03
3.076994162155828690e+03
3.077118807656762783e+03
3.077289599629058557e+03
3.077577477340435053e+03
3.077637722509356990e+03
3.077671282437941954e+03
3.077901251685124407e+03
3.077948441382089641e+03
3.078254773788626608e+03
3.078314557870454337e+03
3.078348729753257885e+03
3.078399905365615268e+03
3.078722512946790630e+03
3.078974203955403482e+03
3.079648922228721858e+03
3.079778535189635477e+03
3.080452310323474194e+03
3.080568650236092708e+03
3.080639284509059507e+03
3.080748471297488777e+03
3.081167776946397225e+03
3.081193182594529844e+03
3.081447600762813181e+03
3.081489954382310771e+03
3.081586367819459610e+03
3.081599581603306888e+03
3.082092125358231442e+03
3.082196429840991641e+03
3.082571754311102268e+03
3.082586464035558038e+03
3.082670032892753625e+03
3.082776808314164100e+03
3.083026239585392432e+03
3.083103757297793436e+03
3.083120774914019876e+03
3.083239403917486015e+03
3.083510544498797117e+03
3.083592918934511090e+03
3.083608294778557593e+03
3.083702487104339070e+03
3.084100425765423552e+03
3.084180243971374694e+03
3.084314925050066904e+03
3.084484812631689692e+03
3.084547500988641787e+03
3.084575506679175305e+03
3.084765080255591783e+03
3.084829637118029495e+03
3.084985321047773141e+03
3.085255288713518439e+03
3.085362415703079932e+03
3.085561740804124383e+03
3.085687796568673093e+03
3.085712270298266958e+03
3.085955864678137004e+03
3.086166362761545315e+03
3.086253359815127624e+03
3.086383602802797668e+03
3.086455357787858702e+03
3.086690557476317736e+03
3.086831856485846401e+03
3.087263056269474873e+03
3.087408321851323308e+03
3.087438274048138283e+03
3.087573352049342247e+03
3.088006026432302860e+03
3.088220238653033448e+03
3.088747229248960593e+03
3.088779608830984671e+03
3.088897740569940197e+03
3.088907284053986587e+03
3.088983744647127878e+03
3.089186161284397713e+03
3.089295083270484156e+03
3.089357819517063490e+03
3.089393170648753312e+03
3.089419860351001262e+03
3.089481736270236979e+03
3.089815012111604574e+03
3.089969277898360815e+03
3.089978819241920064e+03
3.089982620933106773e+03
3.090289895889486615e+03
3.090725853383561116e+03
3.090739895238441022e+03
3.090832538481590291e+03
3.090965935153275041e+03
3.090985767254785060e+03
3.091015663088739984e+03
3.091347127306209131e+03
3.091470937315519222e+03
3.091723187234187208e+03
3.091924634805311143e+03
3.091929846811011430e+03
3.091939040412846225e+03
3.092164925106381361e+03
3.092303726843384538e+03
3.092331271587944684e+03
3.092345745007835831e+03
3.092540484446845312e+03
3.092907513331556856e+03
3.093092544631364035e+03
3.093563830729117399e+03
3.093619213395606039e+03
3.093656920970738611e+03
3.093779407472490220e+03
3.093833396763106066e+03
3.093875864408646976e+03
3.094110937427146837e+03
3.094162649016740943e+03
3.094163422954508405e+03
3.094475533376668864e+03
3.094571830394835160e+03
3.094609122979835320e+03
3.094659954198940795e+03
3.094731945374848692e+03
3.094830393464091230e+03
3.094937139262324763e+03
3.095082786530184421e+03
3.095264910077276454e+03
3.095411883508355913e+03
3.096120385842064479e+03
3.096256362824953158e+03
3.096620260558719110e+03
3.096908203726228294e+03
3.097059123745647412e+03
3.097298813205455190e+03
3.097563358882863213e+03
3.097587185508524271e+03
3.097851076238476253e+03
3.097866152094279641e+03
3.097876175412343855e+03
3.097991774827773497e+03
3.098038411757333051e+03
3.098082307301002402e+03
3.098351459655010331e+03
3.098352851365745664e+03
3.098365198205477554e+03
3.098453844839283647e+03
3.098469931703501970e+03
3.098646785354582789e+03
3.099046785094681127e+03
3.099085400250625298e+03
3.099405665620894979e+03
3.099485054732350363e+03
3.099591451420753856e+03
3.099651756618519812e+03
3.099728007652309316e+03
3.099818842953113744e+03
3.100257814251932814e+03
3.100320353696624807e+03
3.100332758135431050e+03
3.100436712567203813e+03
3.100463487041095505e+03
3.100583715023488821e+03
3.100611481865238602e+03
3.100744909392460158e+03
3.100897018281099918e+03
3.101199182653729622e+03
3.101236283689268475e+03
3.101425322809878253e+03
3.101647044726842068e+03
3.101772198352151008e+03
3.101791580192870242e+03
3.101991559137974491e+03
3.102001315817967679e+03
3.102123466834277679e+03
3.102287571430667413e+03
3.102373334927316137e+03
3.102395593785015535e+03
3.102492333807180330e+03
3.102554712575177291e+03
3.102571583431647014e+03
3.102620830397266673e+03
3.102632286259078228e+03
3.102639780033568513e+03
3.102777324843339557e+03
3.102793543956756366e+03
3.102819277628372220e+03
3.102878898827758803e+03
3.102908013777007454e+03
3.102982646719334298e+03
3.103016010653293051e+03
3.103187305967305747e+03
3.103227485354832424e+03
3.103505051977369931e+03
3.103525123653970240e+03
3.103644256117033819e+03
3.103673875761243835e+03
3.103741829523127308e+03
3.104087685113275711e+03
3.104100700623660032e+03
3.104255638594126594e+03
3.104649572237588927e+03
3.104981356071214122e+03
3.105245732800504811e+03
3.105365816204634484e+03
3.105494961702571800e+03
3.105698116275762004e+03
3.105930866681516818e+03
3.106399861495524874e+03
3.106418567019063630e+03
3.106439186896916453e+03
3.106449556662948908e+03
3.106469305045966394e+03
3.106477398263103169e+03
3.106595924542166358e+03
3.106631801209218338e+03
3.106787332041192258e+03
3.106978852795861712e+03
3.107094728840599146e+03
3.107157700197913528e+03
3.107343374800677793e+03
3.107441914958743382e+03
3.107586474586077202e+03
3.107762624094807052e+03
3.108128048142446005e+03
3.108142351542466258e+03
3.108322417902311372e+03
3.108421133720155922e+03
3.108750595359454110e+03
3.108767938967728242e+03
3.108894852121161421e+03
3.108976605502743041e+03
3.109021179599827974e+03
3.109446741062339697e+03
3.110039496193880495e+03
3.110217218609121119e+03
3.110475032218540036e+03
3.110740858142761226e+03
3.111069655705372952e+03
3.111292113777650684e+03
3.111440178787313016e+03
3.111624676488868772e+03
3.111651976574069067e+03
3.111752679466039808e+03
3.111936785526715084e+03
3.112037383539811344e+03
3.112364473013874431e+03
3.112416591152212732e+03
3.112447477304999211e+03
3.113002932128838893e+03
3.113060064104156481e+03
3.113095850186052303e+03
3.113116179300509430e+03
3.113160534737291528e+03
3.113208953038995332e+03
3.113351764118156098e+03
3.113712145614910696e+03
3.113921221446494656e+03
3.113925456875795135e+03
3.113993723689618491e+03
3.114285553507042550e+03
3.114297382100519826e+03
3.114484949732740461e+03
3.114637048337991928e+03
3.114641842449770593e+03
3.114835230120912001e+03
3.114964609784175536e+03
3.115019142317477872e+03
3.115354744111879882e+03
3.115383322793630668e+03
3.115679277753999941e+03
3.115815280695550882e+03
3.116012117113193199e+03
3.116042172615564141e+03
3.116166942363061935e+03
3.116182323427452502e+03
3.116196755392594241e+03
3.116391826319365919e+03
3.116617904362964055e+03
3.116762585587031481e+03
3.116769141507536460e+03
3.117522735168683539e+03
3.117543268385151350e+03
3.117573168883172912e+03
3.117628073071372000e+03
3.117665338030062230e+03
3.117868532667953787e+03
3.117931172267820330e+03
3.117936539462123619e+03
3.117944138848204602e+03
3.117996201115556687e+03
3.118066600831894448e+03
3.118090656083232716e+03
3.118126542469622109e+03
3.118371694595677127e+03
3.118516001357038931e+03
3.118546589241691436e+03
3.118577794629347409e+03
3.118781167858785011e+03
3.118800289915684516e+03
3.118893787649466049e+03
3.119097648662242136e+03
3.119305324329916402e+03
3.119338032278729315e+03
3.119359710905227985e+03
3.119799774059766605e+03
3.119855635376080500e+03
3.119994905488070344e+03
3.120063682754901492e+03
3.120093850851898424e+03
3.120211250050339913e+03
3.120438533726713104e+03
3.120562881371021831e+03
3.120566159967218937e+03
3.120608165066472338e+03
3.120721877789793325e+03
3.120811116298368233e+03
3.120821845424049116e+03
3.120962326839975503e+03
3.120963189955146845e+03
3.121044290708099652e+03
3.121490576212856467e+03
3.121597608194086206e+03
3.121626847541746429e+03
3.121693577834171265e+03
3.121924960972205554e+03
3.121977161207841618e+03
3.122041440285517183e+03
3.122209657263849749e+03
3.122324431500819628e+03
3.122333410321848987e+03
3.122536674422544820e+03
3.122901860787755595e+03
3.123204789903084929e+03
3.123219463047303634e+03
3.123236642999883315e+03
3.123357142760847182e+03
3.123357455398375805e+03
3.123359246664763759e+03
3.123391191619869460e+03
3.123683918349499436e+03
3.123951755162315749e+03
3.124054959086987765e+03
3.124242320464699787e+03
3.124447696656405697e+03
3.124543696197823920e+03
3.124632900177626652e+03
3.124745570405523267e+03
3.125149283692710469e+03
3.125158025569372967e+03
3.125218434698744204e+03
3.125300098745098239e+03
3.125443436448839748e+03
3.125516860013500263e+03
3.125582182475498939e+03
3.125608542998305438e+03
3.125690932133857132e+03
3.125729841875125658e+03
3.125754862770636464e+03
3.125800404125786372e+03
3.125888214842042998e+03
3.126003301288698822e+03
3.126220968770584932e+03
3.126513785257774998e+03
3.126657670164203410e+03
3.127000543245959307e+03
3.127131035979276930e+03
3.127651697781552684e+03
3.127836371385669281e+03
3.127919507040486678e+03
3.127949924172558440e+03
3.128131513608102978e+03
3.128239958450006725e+03
3.128245936227080165e+03
3.128505540170654058e+03
3.128537371154638549e+03
3.128718710790799832e+03
3.128744847587496679e+03
3.128902009006544176e+03
3.128987285933946623e+03
3.128995564236317932e+03
3.129103959711660082e+03
3.129160746273911172e+03
3.129370160937467517e+03
3.129390511902304297e+03
3.129542128532333209e+03
3.129831445302545490e+03
3.129851976317151639e+03
3.130108299396114035e+03
3.130153176856573282e+03
3.130359288991348421e+03
3.130578683896966140e+03
3.130618897019925498e+03
3.130873807907147238e+03
3.131315047480062276e+03
3.131369966142873636e+03
3.131453583974503545e+03
3.131868882531869531e+03
3.131922145952372375e+03
3.131956691914150269e+03
3.132199465027288170e+03
3.132550111440586534e+03
3.132610026279337035e+03
3.132632110403916158e+03
3.132688141635340799e+03
3.132773203779844607e+03
3.132839440963121433e+03
3.132910111901285745e+03
3.133231067071985763e+03
3.133255022063509841e+03
3.133372050320828748e+03
3.133455729848262308e+03
3.133655344347948358e+03
3.133747664948105012e+03
3.134014358177556005e+03
3.134017940610792266e+03
3.134711630379037615e+03
3.134723554240462818e+03
3.134983102280657931e+03
3.135017591827867363e+03
3.135105115734237643e+03
3.135521842794433269e+03
3.135847441585297929e+03
3.136196973359909862e+03
3.136255098821011870e+03
3.136429302765798184e+03
3.136551597520096948e+03
3.136694864831963059e+03
3.137066421521180018e+03
3.137378698330208408e+03
3.137408584975160466e+03
3.137497078376272839e+03
3.137529427239431243e+03
3.137555568656104697e+03
3.137737206986004367e+03
3.137875217164086735e+03
3.138106611940448147e+03
3.138220080072502242e+03
3.138269501461974414e+03
3.139194509450066107e+03
3.139502855257928331e+03
3.139510900266272984e+03
3.139601080181845646e+03
3.139854477338267316e+03
3.139889823881945631e+03
3.140007936265322314e+03
3.140304363745462979e+03
3.140316184791345222e+03
3.140420716270286903e+03
3.140567098377340244e+03
3.140712224255446017e+03
3.140732163314273748e+03
3.140822052596777212e+03
3.141288075730420132e+03
3.141487909558578394e+03
3.141494847225178546e+03
3.141521951255531803e+03
3.142030697812506332e+03
3.142247383763723974e+03
3.142292599460528891e+03
3.142430701813095311e+03
3.142526961860030497e+03
3.142530102207515938e+03
3.142532509479550754e+03
3.142642714569819873e+03
3.142678857546602558e+03
3.143051663319937234e+03
3.143095017785296022e+03
3.143205119436720452e+03
3.143224856844105943e+03
3.143547321032156560e+03
3.143558510975856734e+03
3.144167982250880414e+03
3.144383385365771119e+03
3.144605201933079570e+03
3.144639629675952619e+03
3.144780370698456409e+03
3.144954258994100655e+03
3.144969622762630479e+03
3.144988285489897407e+03
3.145049425532040914e+03
3.145140761958194162e+03
3.145158065659293243e+03
3.145206171752821319e+03
3.145251909649022309e+03
3.145361398524003107e+03
3.145505396257212396e+03
3.145569136729606726e+03
3.145690289524002310e+03
3.145839145564477349e+03
3.145852096231465111e+03
3.146179606230015452e+03
3.146350295563203872e+03
3.146453302593244189e+03
3.146548689797971747e+03
3.146714520134784834e+03
3.146817761221976525e+03
3.146887338615073531e+03
3.146893222809609597e+03
3.146935760396472233e+03
3.147760614214286761e+03
3.147770721225989291e+03
3.147845875359847469e+03
3.147887091496757876e+03
3.148871766570244290e+03
3.149438983064412696e+03
3.149499908488271103e+03
3.149987697589436721e+03
3.150017477757326105e+03
3.150083560562327875e+03
3.150107833864668009e+03
3.150173795229249208e+03
3.150382693387718973e+03
3.150455388105049678e+03
3.150583621539552496e+03
3.150711545991628554e+03
3.150728186149912744e+03
3.151003539181846008e+03
3.151336782500806748e+03
3.151350877216450499e+03
3.151391186393230328e+03
3.151473435375041845e+03
3.151652628116959022e+03
3.151656237517046975e+03
3.151709023134412291e+03
3.151779496295867375e+03
3.152327351456570796e+03
3.152668221020964211e+03
3.152687712126614315e+03
3.152956202865137129e+03
3.153138039403932453e+03
3.153171122618551180e+03
3.153174227237867854e+03
3.153328146441719582e+03
3.153334091546850232e+03
3.153512234134410392e+03
3.153534136970843974e+03
3.153717846219632065e+03
3.153784573230960177e+03
3.153862422691580377e+03
3.154112356564591209e+03
3.154228632765377824e+03
3.154338398321968270e+03
3.154422658127034083e+03
3.154550108515976717e+03
3.154884989759302243e+03
3.155403129412829458e+03
3.155423249412103360e+03
3.155568506599719967e+03
3.155793807792691041e+03
3.155883502740902259e+03
3.156163151191457473e+03
3.156413106442122171e+03
3.157020411276602317e+03
3.157420691298429574e+03
3.157514802073615556e+03
3.157641092206768008e+03
3.158276391981649795e+03
3.158303239866508648e+03
3.158596981196782508e+03
3.158982176079070086e+03
3.159388205505279529e+03
3.159436474256791371e+03
3.159471645806019296e+03
3.159561529951504781e+03
3.159687562785436512e+03
3.159741272365169152e+03
3.159997064357881300e+03
3.160367765746892474e+03
3.160604330418496829e+03
3.160662741929339518e+03
3.160780523655635534e+03
3.161262043092103795e+03
3.161406811609170745e+03
3.161466030560542549e+03
3.161508930630306622e+03
3.161518493786087220e+03
3.162083667956226236e+03
3.162088959537092251e+03
3.162089822028449817e+03
3.162334147463653608e+03
3.162381033282503267e+03
3.162412326272231439e+03
3.163136121117523999e+03
3.163259598751110843e+03
3.163277201104575397e+03
3.163303466290296456e+03
3.163366597396402540e+03
3.163389261332140904e+03
3.163708790643907832e+03
3.163922122263639721e+03
3.163937562518437517e+03
3.164003179469193583e+03
3.164008704621639026e+03
3.164078662795643140e+03
3.164113603684673308e+03
3.164443560818406695e+03
3.164576524516406607e+03
3.164661840462779764e+03
3.164672889492021568e+03
3.164915176548993259e+03
3.164960568832861554e+03
3.165159504178867792e+03
3.165198137770969424e+03
3.165199013832255332e+03
3.165347988574911597e+03
3.165709841345170389e+03
3.165798680333024549e+03
3.165844462715504960e+03
3.166041532862955137e+03
3.166197976650939381e+03
3.166406107436509956e+03
3.166419540984706146e+03
3.166540136025956599e+03
3.166664870965686077e+03
3.166857207789003496e+03
3.166939391204646654e+03
3.166973528550645824e+03
3.167035473278456266e+03
3.167112153982510335e+03
3.167306607355635606e+03
3.167362102698021772e+03
3.167451355167132078e+03
3.167765439530537606e+03
3.167923398400102542e+03
3.168656643319357499e+03
3.169018605213791943e+03
3.169022509345156323e+03
3.169167876316620550e+03
3.169175870026687335e+03
3.169269545005360669e+03
3.169324976333924496e+03
3.169377191680039232e+03
3.169624781925761454e+03
3.169723485183986668e+03
3.169734466452298875e+03
3.169755168093974135e+03
3.169805527466346120e+03
3.169854207367521212e+03
3.169981577671638661e+03
3.170217283246821808e+03
3.170318195379316421e+03
3.170392289194824116e+03
3.170686644984555187e+03
3.171086081619417200e+03
3.171256180883628531e+03
3.171263225051842710e+03
3.171272116125643606e+03
3.171359755188874260e+03
3.171378140981129036e+03
3.171482294844883199e+03
3.171598763485078052e+03
3.171636889116661678e+03
3.171782169864606658e+03
3.171912660185704681e+03
3.172068984008013103e+03
3.172159754903128942e+03
3.172184959820703170e+03
3.172286272527063375e+03
3.172518172037644490e+03
3.172607751938729507e+03
3.172678028592024475e+03
3.172699575899225692e+03
3.172946670941959837e+03
3.173010719657326717e+03
3.173042375891476695e+03
3.173057214339809889e+03
3.173064360393362676e+03
3.173094483725304599e+03
3.173135124716372047e+03
3.173283924191140159e+03
3.173289526303326966e+03
3.173342115075325637e+03
3.173367333808226704e+03
3.173507928934961910e+03
3.173547752468798990e+03
3.173562545461059472e+03
3.173794339998581563e+03
3.173948872814317383e+03
3.174193567772890219e+03
3.174209725366285511e+03
3.174285113966453991e+03
3.174516458242042972e+03
3.174520994226355924e+03
3.174621039337267121e+03
3.174814334803404563e+03
3.174939065729874983e+03
3.174957241283129406e+03
3.174975717693766910e+03
3.174992174455261193e+03
3.175362933977837656e+03
3.175448343391737126e+03
3.175669118637990323e+03
3.175676305161783603e+03
3.175987175485098760e+03
3.176080951967672263e+03
3.176397488839149901e+03
3.176400139028888589e+03
3.176505666294945968e+03
3.177515090667719960e+03
3.177852054152433084e+03
3.177947465711840323e+03
3.178038414811417169e+03
3.178134189583035550e+03
3.178272548192579052e+03
3.178454213850573069e+03
3.178563850238062514e+03
3.178568919815820664e+03
3.178609911047061814e+03
3.178703947248458917e+03
3.178815034728284900e+03
3.178824586571491636e+03
3.178940122624062951e+03
3.179055563066327977e+03
3.179073207163996813e+03
3.179083567023951673e+03
3.179193713499213573e+03
3.179228772772025877e+03
3.179342404020454069e+03
3.179568897965327778e+03
3.179789786101916434e+03
3.179790634841831434e+03
3.179807917512649510e+03
3.179838341897615010e+03
3.180075423029874855e+03
3.180174959096140810e+03
3.180237644801885835e+03
3.180273601697726008e+03
3.180283645361315848e+03
3.180542020183634122e+03
3.180734832589976577e+03
3.180740751137179814e+03
3.180945036036884176e+03
3.180963918629851378e+03
3.180973626805208823e+03
3.181058641950336096e+03
3.181293894672096030e+03
3.181307795914431154e+03
3.181526855562161472e+03
3.181769044553845106e+03
3.181799090181307747e+03
3.182054086662041755e+03
3.182140584265072903e+03
3.182463413029934145e+03
3.182495850002331281e+03
3.182909227545784688e+03
3.182943828464435228e+03
3.183032376610870415e+03
3.183108902345446950e+03
3.183402496874317876e+03
3.183439083367698458e+03
3.183549306030966363e+03
3.183838750660953338e+03
3.184091370896815079e+03
3.184191091897570004e+03
3.184255873295703168e+03
3.184520926204409534e+03
3.184538742162359995e+03
3.184626233946250522e+03
3.184986593449582415e+03
3.185131783328597066e+03
3.185158268135090111e+03
3.185751820609751121e+03
3.185816990809950767e+03
3.185857860010890818e+03
3.186399187246712245e+03
3.186789160079597423e+03
3.186806862284939143e+03
3.186826020971952403e+03
3.186963111920402298e+03
3.187013869787971998e+03
3.187051593374201275e+03
3.187122925459202634e+03
3.187199545658694660e+03
3.187384214434359365e+03
3.187599050986336351e+03
3.187630035049978233e+03
3.187695236828182715e+03
3.187704573678405723e+03
3.188198680527203578e+03
3.188300663147642808e+03
3.188946196330412477e+03
3.189027938058498876e+03
3.189231126051786305e+03
3.189412597814475248e+03
3.189412793293012783e+03
3.189437637774906307e+03
3.189718876939652546e+03
3.190113479929658752e+03
3.190423242331208712e+03
3.190471997745949011e+03
3.190597004012496200e+03
3.190624307058572867e+03
3.190693596585783780e+03
3.190782098048013268e+03
3.191332242553677588e+03
3.192289658429627252e+03
3.192451344376875568e+03
3.192545855040430524e+03
3.192833224043978589e+03
3.192838521151892564e+03
3.193186973834283890e+03
3.193423574573045698e+03
3.193565572753399010e+03
3.193660306923156895e+03
3.193671654428228521e+03
3.193680773117523586e+03
3.193717513005316050e+03
3.194470040642353979e+03
3.194489258189640623e+03
3.194539367070070966e+03
3.194591687030644607e+03
3.194604886007209188e+03
3.194624134168505407e+03
3.194629615847815785e+03
3.194813646070986579e+03
3.194852678912234296e+03
3.194936414029290063e+03
3.196302601647816118e+03
3.196922881050197248e+03
3.197109149470232296e+03
3.197430665416947704e+03
3.197447947289272179e+03
3.197492231851818360e+03
3.197598406481929942e+03
3.197615291618106767e+03
3.197713623039669528e+03
3.197826888624599178e+03
3.197851794495398281e+03
3.197907081879142424e+03
3.198402803683417460e+03
3.198500177888756753e+03
3.198515604793186867e+03
3.198533319741491596e+03
3.198550375534199247e+03
3.198574089791103688e+03
3.198694121619215821e+03
3.198908161116944029e+03
3.198943874692562531e+03
3.198993212851200497e+03
3.199057078174035723e+03
3.199147342455817579e+03
3.199421761473253810e+03
3.199516796701989279e+03
3.199956593007910669e+03
3.200005695567753719e+03
3.200054217391697421e+03
3.200078234237604192e+03
3.200163701158254298e+03
3.200328177480945669e+03
3.200360372010244191e+03
3.200662959312205658e+03
3.200765708977460235e+03
3.201130300139075189e+03
3.201303894159872925e+03
3.201327947125792889e+03
3.201381247568739582e+03
3.201512657773218052e+03
3.201675206188258471e+03
3.201715152987510919e+03
3.201752178802094932e+03
3.201829384323740214e+03
3.201927639273365003e+03
3.202126868935226867e+03
3.202151669481001591e+03
3.202198262443719159e+03
3.202435890650222973e+03
3.202467960916246284e+03
3.202636813600927780e+03
3.202676032070231486e+03
3.202698870662121863e+03
3.202746877531222253e+03
3.202908320361817459e+03
3.202919510673001696e+03
3.202945124856181337e+03
3.202985170065751845e+03
3.203217938966661677e+03
3.203231421368488554e+03
3.203259484165105277e+03
3.203263741555132583e+03
3.203316972360395994e+03
3.203549990487791547e+03
3.203719981348691363e+03
3.203748770495868939e+03
3.203889954718542867e+03
3.203909165050003594e+03
3.204657506776529772e+03
3.204759737861316353e+03
3.204762143630146966e+03
3.204934285716914019e+03
3.205159935550602768e+03
3.205161037472709722e+03
3.205294274677603426e+03
3.206413667122238621e+03
3.206726296124468718e+03
3.206793123630807258e+03
3.207014066522835037e+03
3.207096854070218797e+03
3.207265192965247024e+03
3.207316743821778346e+03
3.207373999135797021e+03
3.207496695559962518e+03
3.207516034240406498e+03
3.207603376783996282e+03
3.207615165911923214e+03
3.207706291846324348e+03
3.207872673307430432e+03
3.208026638416892638e+03
3.208485935802914355e+03
3.208491039936442576e+03
3.208823958470111847e+03
3.209107249801289981e+03
3.209140741767542750e+03
3.209149107641394039e+03
3.209149876287105144e+03
3.209349835651551075e+03
3.209891870886636752e+03
3.210183448918335671e+03
3.210242525400522027e+03
3.210259709173164083e+03
3.210329276209281034e+03
3.210521482163177097e+03
3.210632236234137963e+03
3.211512271906077785e+03
3.211541743671169115e+03
3.211873848766578703e+03
3.211911599042998660e+03
3.211981238698265315e+03
3.212183673571700183e+03
3.212219100009878275e+03
3.212816646547315941e+03
3.212831659390192272e+03
3.212901403051357192e+03
3.213641113764181682e+03
3.214415650050610566e+03
3.214425982933183604e+03
3.214530048385110149e+03
3.214537505945066187e+03
3.214814991972643384e+03
3.215178562759726901e+03
3.215239497183573803e+03
3.215302847338050015e+03
3.215615433978660803e+03
3.215773560172749512e+03
3.216047238279282283e+03
3.216115199575933730e+03
3.216137022438826989e+03
3.216619819261135490e+03
3.217208756631876440e+03
3.217379486054288463e+03
3.217501822889735649e+03
3.217611480070457219e+03
3.217825455445155058e+03
3.218289341309906376e+03
3.218434931200849860e+03
3.218511256301893809e+03
3.218596885270980692e+03
3.218633416335194397e+03
3.218681760031547128e+03
3.218792940143162014e+03
3.219066515327174784e+03
3.219074756858871297e+03
3.219261103732847914e+03
3.219375176804212515e+03
3.219445907910934693e+03
3.219448939212941696e+03
3.219900032166786787e+03
3.219948113441039823e+03
3.220245377712493791e+03
3.220309702947665755e+03
3.220382490213160509e+03
3.220477754218468363e+03
3.220507555856946965e+03
3.221139724186991771e+03
3.221227825731203211e+03
3.221378330699640173e+03
3.221385284219277764e+03
3.221563816019089245e+03
3.221660003139909804e+03
3.221720092781811672e+03
3.221840769971618101e+03
3.222199074319987631e+03
3.222469832540049083e+03
3.222488186235566900e+03
3.222492435550812843e+03
3.222593318854195786e+03
3.222681417675686134e+03
3.222687669446084328e+03
3.222710981126934712e+03
3.223171556190645788e+03
3.223564422807250594e+03
3.224123480138708601e+03
3.224455173614654086e+03
3.224582612574549785e+03
3.224688945258119475e+03
3.224810830993486888e+03
3.224957979386480474e+03
3.225079729181652510e+03
3.225230894763316883e+03
3.225353141086212872e+03
3.225383677312130203e+03
3.225426995259390878e+03
3.225547543787004543e+03
3.225634299809092226e+03
3.225719364691136434e+03
3.225740501275948191e+03
3.226041633197879037e+03
3.226160424812973815e+03
3.226370808361721174e+03
3.226540085233558784e+03
3.226857670232034252e+03
3.226876137426730111e+03
3.226935326396673645e+03
3.227019050120570228e+03
3.227114434409587830e+03
3.227184893482650295e+03
3.227332968112547405e+03
3.227412126303364857e+03
3.227787752075541903e+03
3.227947097528516679e+03
3.228001663488629674e+03
3.228048278937047598e+03
3.228120020186244801e+03
3.228172692736584850e+03
3.228566968313245070e+03
3.228652376154493595e+03
3.228663617494253231e+03
3.228690787350287792e+03
3.228734087602460477e+03
3.229054753100463586e+03
3.229107680805096152e+03
3.229306015930927970e+03
3.229395285115462229e+03
3.229594889857615726e+03
3.229609009157412402e+03
3.229757593165422804e+03
3.229904163931395487e+03
3.229958194866488157e+03
3.229978783413615474e+03
3.230574399273960807e+03
3.230624139408753763e+03
3.230718339947917229e+03
3.230832773826467019e+03
3.230834668224614234e+03
3.230923986857126238e+03
3.231645608284751233e+03
3.231831425899523765e+03
3.232345680935937253e+03
3.232570361669716931e+03
3.232573215550484747e+03
3.232651589015699756e+03
3.233039531162589356e+03
3.233114785695526734e+03
3.233413891944959687e+03
3.233730775918736072e+03
3.233855010427218986e+03
3.233946265203020630e+03
3.234014426112013098e+03
3.234063794560689985e+03
3.234533947778617858e+03
3.234567273899067004e+03
3.234727743663836463e+03
3.234948429277108971e+03
3.234989394886814353e+03
3.235016165998751603e+03
3.235040868014780244e+03
3.235050450776372600e+03
3.235121475322570859e+03
3.235321641963839284e+03
3.235519176313929165e+03
3.236211587444781799e+03
3.237657358440502776e+03
3.237778443962740312e+03
3.238145431172411918e+03
3.238180540035555168e+03
3.238204335079788962e+03
3.238777916143050788e+03
3.238873082836916183e+03
3.238932168457043190e+03
3.239254213588945731e+03
3.239319679004463978e+03
3.239341404402321587e+03
3.239399410565767084e+03
3.239487959162755942e+03
3.239596734106990880e+03
3.239747391331434756e+03
3.239935009333734797e+03
3.240281616462429156e+03
3.240294210121009655e+03
3.240433732866886203e+03
3.240552050535841772e+03
3.240718809166089613e+03
3.240720535335397471e+03
3.240792093705878870e+03
3.240843280447350025e+03
3.240903564457896209e+03
3.241141467145042498e+03
3.241249669495165108e+03
3.241324217903242243e+03
3.241529193612340350e+03
3.241552319208113204e+03
3.241629012913793758e+03
3.241629698789995928e+03
3.241694641609002701e+03
3.241714357700465371e+03
3.241999515908044941e+03
3.242480463364883690e+03
3.242521721668107148e+03
3.242647897047505012e+03
3.242707092087503042e+03
3.242902510879766851e+03
3.242977326090869610e+03
3.242993623105041934e+03
3.243048326987910514e+03
3.243205071101277554e+03
3.243542015505266136e+03
3.243559837203114057e+03
3.243583870391365053e+03
3.243742146313251396e+03
3.244117003116668457e+03
3.244315176200724636e+03
3.244316033780628459e+03
3.244401301412996872e+03
3.244723614187836120e+03
3.244996572960486901e+03
3.245092172181551177e+03
3.245191593663971162e+03
3.245222354191832892e+03
3.245514127433860722e+03
3.245622068845215381e+03
3.245660781156141638e+03
3.245887460864293644e+03
3.246020250616694739e+03
3.246075995683466772e+03
3.246146275344082369e+03
3.246208848230033709e+03
3.246294305189742317e+03
3.246375046367911182e+03
3.246714363355606110e+03
3.246981963804008956e+03
3.247065667983545609e+03
3.247087083224691924e+03
3.247199295563993473e+03
3.247305134174805062e+03
3.247341455281364688e+03
3.247624699237184359e+03
3.247713285468199956e+03
3.247779692565005007e+03
3.247819405364485647e+03
3.247902243285056102e+03
3.247939382847654997e+03
3.247965322257439311e+03
3.248057568291826101e+03
3.248190644921173771e+03
3.248257108186145160e+03
3.248265915682214199e+03
3.248531601281697476e+03
3.248595871835486832e+03
3.248612695145402085e+03
3.248868814704915167e+03
3.248869749428510659e+03
3.249186828129537389e+03
3.249284751316520669e+03
3.249455499933666943e+03
3.249709061898298387e+03
3.249783531997839418e+03
3.249878914672268365e+03
3.250093203142551829e+03
3.250249232462532291e+03
3.250371537076688128e+03
3.250484161708321153e+03
3.250932657740961076e+03
3.251135888349195739e+03
3.251210123931045018e+03
3.251241755885632301e+03
3.251446492496592782e+03
3.251469126324540412e+03
3.251656158571220658e+03
3.251729909639883317e+03
3.251743982421225610e+03
3.251754118494089653e+03
3.252032423531759832e+03
3.252272613120871938e+03
3.252649612995114239e+03
3.253163823369278816e+03
3.253198041582607402e+03
3.253263697585843147e+03
3.253399772727067102e+03
3.253461404326568754e+03
3.253511894668992682e+03
3.253536255448810607e+03
3.253837263159069607e+03
3.254066167328685879e+03
3.254216379171411972e+03
3.254264289916420694e+03
3.254432770504688961e+03
3.254541532321879458e+03
3.254729405987603059e+03
3.254833921867720619e+03
3.254987799150961564e+03
3.255172358404534862e+03
3.255345220627794333e+03
3.255614524741407877e+03
3.255764226373791189e+03
3.255995155999975850e+03
3.256182864642555614e+03
3.256364217960654059e+03
3.257169281210937243e+03
3.257259182325577058e+03
3.257357335055246949e+03
3.257380474199198488e+03
3.257406981302168788e+03
3.257551936365466190e+03
3.257609436373372318e+03
3.257733527294074975e+03
3.257893603605782118e+03
3.257938402443493942e+03
3.258425413828655110e+03
3.258433705806397484e+03
3.258499465409730419e+03
3.258660892097456781e+03
3.258887886993905340e+03
3.258899049407661551e+03
3.259029473336815499e+03
3.259309879936791731e+03
3.259329974060509358e+03
3.259397676557442082e+03
3.259521329812618205e+03
3.259668714951661059e+03
3.259810702513726937e+03
3.259830463613350275e+03
3.259926955061910121e+03
3.260522857184080294e+03
3.260860101544493773e+03
3.260894905443651624e+03
3.261200710237655130e+03
3.261206536637231693e+03
3.261573918384151511e+03
3.261857826469699376e+03
3.261912944104561120e+03
3.262085558621164637e+03
3.262221531991555366e+03
3.262292200241124192e+03
3.262540085586345413e+03
3.262646595118768801e+03
3.262771477499968569e+03
3.263324821458787483e+03
3.263410053853337104e+03
3.263783866847102217e+03
3.263799064703542172e+03
3.263880449013528505e+03
3.263925720688303045e+03
3.263951324382440362e+03
3.263974388018104491e+03
3.264268548163425748e+03
3.264291901691897237e+03
3.264874444955616582e+03
3.264982080427867004e+03
3.265105190306397162e+03
3.265303028391386306e+03
3.265343618279027851e+03
3.265376066468884346e+03
3.265456535308801449e+03
3.265571663612269731e+03
3.265825832644055026e+03
3.265828030593962467e+03
3.265851388216798114e+03
3.265854531638803564e+03
3.265914108588042382e+03
3.266227360611107997e+03
3.266240682063864824e+03
3.266435456680210791e+03
3.266457404898391360e+03
3.266855793313128743e+03
3.266974012908858640e+03
3.267115296256579768e+03
3.267197536638552720e+03
3.267342027538052662e+03
3.267991348136436955e+03
3.268180053200997008e+03
3.268668854439551524e+03
3.268706983279984797e+03
3.268972397540703241e+03
3.269098586809323479e+03
3.269209759737279455e+03
3.269215715239114616e+03
3.269219195496476004e+03
3.269375756087299578e+03
3.269380588033121057e+03
3.269386564855505640e+03
3.269389394054336663e+03
3.269515939975210586e+03
3.269774675486760771e+03
3.270079233360620947e+03
3.270288268707140560e+03
3.270720982833202470e+03
3.270723909985831142e+03
3.271272987422269580e+03
3.271307932498157243e+03
3.271589699703154565e+03
3.272112588124506601e+03
3.272405563626498861e+03
3.272530365563812666e+03
3.272647949315058668e+03
3.272752579216075901e+03
3.272760640861946285e+03
3.272775808331097778e+03
3.272828851105763079e+03
3.272864541903641566e+03
3.272878617333283273e+03
3.272979047447915491e+03
3.273181715164326306e+03
3.273247879405894764e+03
3.273401757023589198e+03
3.273840240122358409e+03
3.273912440066956606e+03
3.273968905883781190e+03
3.274500461324258140e+03
3.274518219755166683e+03
3.274926163359619750e+03
3.274946745334654224e+03
3.275180419973304197e+03
3.275294183371330291e+03
3.275519262624467501e+03
3.275762409316117555e+03
3.276160765530766184e+03
3.276207420233585708e+03
3.276221895102790768e+03
3.276392253663892461e+03
3.276730285096837179e+03
3.276781127128187109e+03
3.276793541881071633e+03
3.277392537338590955e+03
3.277817867945479520e+03
3.277939139386855459e+03
3.278072268643759344e+03
3.278137134559334754e+03
3.278454629434185335e+03
3.278589168634618090e+03
3.278642388206365467e+03
3.278657864953669559e+03
3.278741856004638976e+03
3.278743415163506143e+03
3.278821045154746116e+03
3.279049560858764835e+03
3.279119526050797504e+03
3.279466474292844396e+03
3.279522120994952274e+03
3.279766463525793370e+03
3.279770012611788388e+03
3.279825881718094024e+03
3.279860307037989969e+03
3.279961526327791944e+03
3.280124826900440894e+03
3.280291234250247271e+03
3.280329911626032299e+03
3.280363164214654716e+03
3.280418974646490369e+03
3.280438655247834959e+03
3.280618346900339475e+03
3.280645354058248813e+03
3.280781174474567706e+03
3.281389569430168194e+03
3.281419241870439237e+03
3.281454351757416589e+03
3.281494718595394716e+03
3.281544647464246282e+03
3.281558935041939094e+03
3.281870576707549844e+03
3.281977311865712636e+03
3.282151185863820956e+03
3.282264050867761398e+03
3.282297696772331165e+03
3.282400317836070371e+03
3.282442271251819875e+03
3.282507595997409226e+03
3.282617465846578853e+03
3.283412214501744529e+03
3.283507219374170745e+03
3.283724910667779113e+03
3.283777393209626098e+03
3.283791266953679951e+03
3.284026873407672156e+03
3.284148438870074187e+03
3.284305853119283711e+03
3.284333909390768895e+03
3.284510865836675748e+03
3.284694200114100568e+03
3.284781931873685153e+03
3.285159846286322590e+03
3.285433447698927466e+03
3.285618733991700992e+03
3.285716025719617392e+03
3.285936034318241582e+03
3.286020863814628683e+03
3.286089782348906738e+03
3.286369778657643110e+03
3.286634457431420287e+03
3.286694840179946823e+03
3.286887564454008498e+03
3.287016130166804942e+03
3.287140449761938726e+03
3.287289493881776252e+03
3.287383757977841015e+03
3.287435402675830119e+03
3.287661561957123013e+03
3.287937306121455094e+03
3.288223890831406607e+03
3.288276044078647374e+03
3.288424985892615041e+03
3.288447697372233506e+03
3.288465219641269869e+03
3.288617549682405297e+03
3.289008096133811250e+03
3.289043984242298393e+03
3.289105556606114988e+03
3.289590817089119810e+03
3.289691692580040126e+03
3.289724162945924036e+03
3.289749695915499615e+03
3.289882289324455996e+03
3.289967531814163067e+03
3.290011842005538256e+03
3.290090554385494670e+03
3.290181357111089255e+03
3.290328439580868690e+03
3.290422914435220264e+03
3.290796543685253710e+03
3.290917089839393157e+03
3.290945659390135461e+03
3.290977957603557115e+03
3.291022337000012158e+03
3.291282074881385597e+03
3.291345272210485746e+03
3.291553590397645166e+03
3.291738417008370561e+03
3.291923039373689335e+03
3.292014785749446219e+03
3.292140124007145005e+03
3.292407178814565668e+03
3.292602940043720992e+03
3.292623110305423324e+03
3.292733645564680046e+03
3.292968306996871434e+03
3.292985291194502679e+03
3.293183979769934012e+03
3.293185146953078856e+03
3.293236968955152861e+03
3.293466200557967568e+03
3.293506436117057092e+03
3.293709552237500247e+03
3.293745466530184785e+03
3.294170468118217286e+03
3.294335372360380916e+03
3.294377273217382935e+03
3.294756381676811543e+03
3.294821862273115585e+03
3.294884063866410088e+03
3.295070161954098694e+03
3.295113474962745386e+03
3.295396343277251617e+03
3.296068783616489327e+03
3.296200847573863939e+03
3.296437222786390521e+03
3.296526298189044155e+03
3.296652162391098955e+03
3.296835339289516924e+03
3.296851600015296754e+03
3.297032653826059686e+03
3.297085551175482578e+03
3.297099691138094386e+03
3.297203747119729996e+03
3.297459832748215831e+03
3.297588824171592933e+03
3.297640691843575041e+03
3.297754386048591186e+03
3.297774538646328892e+03
3.298299090805714513e+03
3.298626453877636777e+03
3.298670670147206238e+03
3.298689332849664879e+03
3.298720335615396834e+03
3.298847302049633527e+03
3.298957892639585680e+03
3.299084825223500957e+03
3.299171369971080821e+03
3.299288489220647079e+03
3.299324816703060151e+03
3.299637880744696304e+03
3.299667783609987055e+03
3.299867310975131659e+03
3.300072301405540202e+03
3.300120463207601915e+03
3.300428502923753058e+03
3.301096893403394915e+03
3.301149087150096875e+03
3.301175512485327999e+03
3.301759418366148566e+03
3.302127543832311403e+03
3.302128959748466059e+03
3.302207348887624448e+03
3.302238942125165977e+03
3.302548673582162792e+03
3.302585700777533930e+03
3.302729454384232668e+03
3.302749665055144760e+03
3.302793087228706099e+03
3.302948265770936359e+03
3.302990770420355602e+03
3.303014094316449700e+03
3.303846494853181866e+03
3.303984361037574217e+03
3.304204355257817042e+03
3.304837393911664549e+03
3.305001465179890147e+03
3.305073839976482304e+03
3.305090738794639947e+03
3.305249464196216650e+03
3.305408702687673667e+03
3.305424327661705775e+03
3.305507515199767113e+03
3.305820373685464801e+03
3.305895444824054266e+03
3.305991879773408527e+03
3.306036516555922390e+03
3.306102324564653372e+03
3.306311070738140643e+03
3.306344947004824917e+03
3.306594544442886672e+03
3.307393321390896745e+03
3.307445163433544622e+03
3.307751691666003353e+03
3.307982509823305463e+03
3.308352315378775984e+03
3.308436451883377231e+03
3.308457402134166841e+03
3.308789832931025558e+03
3.309106141659901368e+03
3.309320439073336729e+03
3.309741231507524390e+03
3.309745979007049300e+03
3.310027071730651187e+03
3.310289370390993554e+03
3.310313057505517463e+03
3.310547775081358395e+03
3.310902224494872826e+03
3.311258597259541148e+03
3.311269868863194006e+03
3.311335351978703784e+03
3.311639836418666164e+03
3.311643884343540776e+03
3.311701926228845423e+03
3.311825275536109075e+03
3.311867251968783876e+03
3.311939138200695652e+03
3.311984391985828097e+03
3.312020725904480059e+03
3.312324709486666507e+03
3.313098278613902494e+03
3.313164326510623141e+03
3.313376427820243407e+03
3.313458167288315053e+03
3.313820750902640157e+03
3.314089326722300029e+03
3.314118359363084437e+03
3.314334409404421422e+03
3.314539269742746910e+03
3.314629895643942291e+03
3.314701393491382078e+03
3.314744517103553335e+03
3.314788347829324721e+03
3.314792696132947185e+03
3.314958043919749343e+03
3.315096879880399229e+03
3.315152241249684721e+03
3.315349651933642690e+03
3.315367288921293948e+03
3.315497207134392283e+03
3.315589829439354162e+03
3.315607126508833971e+03
3.315621721866380994e+03
3.315683730980627843e+03
3.315699857190199054e+03
3.315704153529393807e+03
3.315812936956031535e+03
3.315847768172580800e+03
3.315880780670645436e+03
3.316352783224115683e+03
3.316423494677878352e+03
3.316530460547649454e+03
3.316607945081522757e+03
3.316777905038467907e+03
3.316864171637963409e+03
3.316987667213267287e+03
3.317100716265580104e+03
3.317129723533552806e+03
3.317471349246082355e+03
3.317928682253515490e+03
3.318204920685204797e+03
3.318271662970554644e+03
3.318872242805407041e+03
3.318976022669603935e+03
3.319080430913339114e+03
3.319228413310852829e+03
3.319469783861522956e+03
3.319583027269939066e+03
3.319687826453345224e+03
3.319748953008946046e+03
3.319816592346648122e+03
3.319997948946991983e+03
3.320097328318754080e+03
3.320185383876454580e+03
3.320411194227500800e+03
3.321020608716356946e+03
3.321138203300087298e+03
3.321165019112968366e+03
3.321208982455309979e+03
3.321520603124227364e+03
3.321572015194933556e+03
3.321663955600556164e+03
3.321756695086344280e+03
3.321799676274346893e+03
3.321820878533158975e+03
3.321869535561496377e+03
3.321925527307845186e+03
3.322222472163134171e+03
3.322328525531554533e+03
3.322583614995502103e+03
3.322623652797836257e+03
3.322658125807766282e+03
3.323090754902405024e+03
3.323245087966644860e+03
3.323313725517517469e+03
3.323363696727387378e+03
3.323552960536082992e+03
3.323560872837839725e+03
3.323588013296927329e+03
3.324019020758689749e+03
3.324434163867347706e+03
3.324442169313882459e+03
3.324581531711443859e+03
3.324874374418344360e+03
3.324977297415189696e+03
3.325013716130627927e+03
3.325263903353129535e+03
3.325429846327900123e+03
3.325620745287262253e+03
3.325622544842479783e+03
3.325738285469846687e+03
3.325834833151912335e+03
3.325840731464711098e+03
3.325937252136045572e+03
3.325985928256407988e+03
3.326225042361324995e+03
3.326442673017237666e+03
3.326519090144027359e+03
3.326573501890993157e+03
3.326631980086869589e+03
3.326702920468802859e+03
3.326801970687560242e+03
3.326841936843115946e+03
3.326895669370703672e+03
3.326910275704453852e+03
3.327125693337498433e+03
3.327216264824349309e+03
3.327280634973912129e+03
3.327405972817066868e+03
3.327734855111119941e+03
3.327905222778802454e+03
3.328056037079372800e+03
3.328067822073700881e+03
3.328454757975946904e+03
3.329045619296165569e+03
3.329213018732401451e+03
3.329283011432697549e+03
3.329413361433281807e+03
3.329564055423882564e+03
3.329743833683286994e+03
3.329771299475904470e+03
3.330046499252030117e+03
3.330349685883930761e+03
3.330554179542714792e+03
3.330563629241867147e+03
3.330699653860218859e+03
3.331042519093975443e+03
3.331187812773716814e+03
3.331293926205564730e+03
3.331398132103944135e+03
3.331695103634679072e+03
3.331738956081839660e+03
3.331741507456954423e+03
3.331864148276536980e+03
3.332013545730706483e+03
3.332046297889197376e+03
3.332108740263311574e+03
3.332235165788672475e+03
3.332520111814986649e+03
3.332844709820697972e+03
3.333005316338263128e+03
3.333162949892574034e+03
3.333719108152803983e+03
3.333750939157989706e+03
3.333782768804766420e+03
3.333852163355065386e+03
3.333969366977737536e+03
3.333973035491946121e+03
3.334093811609016029e+03
3.334189766135772516e+03
3.334422587501457656e+03
3.334899518139978227e+03
3.335024370830638873e+03
3.335119323894558875e+03
3.335250552063711893e+03
3.335924036550159599e+03
3.335927989929659361e+03
3.336113444851660006e+03
3.336144546731540231e+03
3.336346638378295665e+03
3.336411577364585810e+03
3.336744425055089323e+03
3.336995547322587754e+03
3.337575369328862507e+03
3.337693047723694235e+03
3.337833042503587421e+03
3.337841297404845591e+03
3.337885041775370610e+03
3.337939273621071152e+03
3.337991137655512375e+03
3.338040539738028201e+03
3.338061848418928093e+03
3.338130784131222299e+03
3.338133147260107307e+03
3.338504977984408470e+03
3.338626331210416538e+03
3.338670775522049553e+03
3.338719537448718711e+03
3.338814185090010142e+03
3.338957104025364515e+03
3.339095396427387186e+03
3.339096129951700732e+03
3.339190314467207827e+03
3.339264341566072744e+03
3.339304385595139593e+03
3.339323958511411092e+03
3.339469591991806283e+03
3.339512860561906564e+03
3.339741196902577940e+03
3.339772223245344776e+03
3.339985277424651940e+03
3.340024900656962018e+03
3.340133443498190445e+03
3.340493545821492717e+03
3.340655062068226016e+03
3.340687984802194023e+03
3.340698440148113150e+03
3.340723755929970139e+03
3.340816870329492758e+03
3.340950903625074716e+03
3.341519275790437405e+03
3.342415066264902180e+03
3.342654412916205274e+03
3.342835691000365387e+03
3.342918585817020812e+03
3.343160389902998759e+03
3.343162846616934075e+03
3.343272006335430888e+03
3.343293613106244266e+03
3.343330945246523243e+03
3.343654644836207808e+03
3.343688594011627174e+03
3.343828969662396048e+03
3.343982490108001002e+03
3.343984367147952526e+03
3.344236175227840249e+03
3.344814490867929635e+03
3.344819816536131839e+03
3.344972775974141769e+03
3.345183285920555591e+03
3.345379285338802674e+03
3.345423133180825516e+03
3.345594054742215576e+03
3.345668464175059853e+03
3.346023864716726621e+03
3.346435810453833710e+03
3.346452418394236702e+03
3.346452804486068089e+03
3.346707779326779928e+03
3.346755460965433031e+03
3.346908642493462594e+03
3.346958764024722313e+03
3.346983844467794825e+03
3.347028128595491580e+03
3.347070787243836094e+03
3.347161165067086131e+03
3.347211475004973181e+03
3.347818465431420464e+03
3.347899904810145017e+03
3.347924838070183341e+03
3.348258088045529348e+03
3.348295329506212511e+03
3.348655011722363270e+03
3.348753319589236980e+03
3.348870796343217989e+03
3.349006334922946735e+03
3.349084861241482940e+03
3.349118687363751178e+03
3.349219076479600517e+03
3.349281134836778620e+03
3.349369817528800468e+03
3.349419268824318351e+03
3.349951064114854489e+03
3.349961554049180904e+03
3.350036200555102369e+03
3.350054573461673499e+03
3.350085053710340617e+03
3.350435429279317759e+03
3.350470973732547463e+03
3.350624831519468898e+03
3.350657786810110792e+03
3.351230478001000847e+03
3.351244111891863213e+03
3.351325790057148424e+03
3.351503458512965153e+03
3.351715908631550064e+03
3.351827195484326239e+03
3.352189111771001535e+03
3.352193219856540964e+03
3.352349545919386401e+03
3.352434385462480350e+03
3.352435496365009840e+03
3.352767085025598590e+03
3.352923573128365661e+03
3.353499453728464687e+03
3.353555936781779565e+03
3.353895365386602407e+03
3.354529079328358421e+03
3.354787539075930454e+03
3.354876877788625279e+03
3.355073888206543870e+03
3.355143866844544391e+03
3.355230397008287127e+03
3.355274595471802058e+03
3.355977029061950361e+03
3.356031758469338911e+03
3.356072188935035228e+03
3.356204037398036689e+03
3.356469659930713533e+03
3.356490757475131886e+03
3.356549955838668211e+03
3.356980423098305891e+03
3.357114535889110357e+03
3.357124048807473173e+03
3.357318641803907667e+03
3.357331686807343431e+03
3.357372638722836200e+03
3.357383211311218929e+03
3.357456396615044468e+03
3.357677375540427420e+03
3.357694731835304992e+03
3.357747945190747942e+03
3.357851882682673477e+03
3.358001770083615611e+03
3.358087142938638408e+03
3.358238631133791841e+03
3.358452147496609086e+03
3.358482830691048093e+03
3.358794055410528472e+03
3.359154894590420099e+03
3.359172799850105093e+03
3.359307090934346434e+03
3.359458915926500595e+03
3.359678933938511364e+03
3.359728025980777602e+03
3.359747069279120296e+03
3.359871484768781556e+03
3.359900921412193838e+03
3.360169397876421044e+03
3.360273401905656556e+03
3.360352569686663628e+03
3.360419730838166288e+03
3.361053332499565840e+03
3.361276940380918859e+03
3.361493769847773365e+03
3.361556142871442262e+03
3.361764596453496324e+03
3.361766193229979763e+03
3.361796455256541776e+03
3.362061562626686282e+03
3.362253448615463640e+03
3.362469542582464328e+03
3.362791822750262781e+03
3.362804519815229469e+03
3.363035332782064415e+03
3.363082853370558496e+03
3.363158546532184118e+03
3.363228929828972014e+03
3.363290967185985210e+03
3.363429377399673285e+03
3.363452024784530295e+03
3.363514311644391455e+03
3.363539444964450922e+03
3.363624371243213318e+03
3.364061243365185419e+03
3.364062856347102297e+03
3.364580713735750123e+03
3.364607784856382750e+03
3.364638872182718842e+03
3.365235879665170614e+03
3.365276381979493181e+03
3.365309939657169707e+03
3.365334240530270563e+03
3.365717751917964961e+03
3.365816816758873756e+03
3.366141144299811003e+03
3.366533847580064048e+03
3.367080764497101427e+03
3.367548307264779396e+03
3.367699374915616318e+03
3.368027585220154833e+03
3.368430113370715389e+03
3.368601225415381123e+03
3.368914885104969471e+03
3.369220377062116313e+03
3.369293793158419248e+03
3.369623573359849615e+03
3.369686896228935893e+03
3.369857567062828366e+03
3.369863743845544377e+03
3.369870551594844528e+03
3.369905689319050452e+03
3.369956266326485093e+03
3.370087429094569870e+03
3.370107134647609200e+03
3.370297519695157916e+03
3.370509389643575560e+03
3.370614978569507457e+03
3.370669780378350424e+03
3.370704760372765577e+03
3.370942473671608241e+03
3.370989939441002662e+03
3.371016142756149748e+03
3.371437452976199438e+03
3.371501163188399005e+03
3.371625531325807060e+03
3.371653548121082167e+03
3.371699304063465206e+03
3.371810950902613968e+03
3.371984671117089420e+03
3.372045478806604478e+03
3.372073505539291091e+03
3.372213775699051894e+03
3.372373300811408171e+03
3.372404911151249962e+03
3.372480382930728865e+03
3.372497676245755429e+03
3.372529352243904668e+03
3.372937359126800402e+03
3.372953994079267886e+03
3.373032785029623028e+03
3.373040113220028161e+03
3.373084437594658084e+03
3.373198590705741481e+03
3.373396516381414131e+03
3.373414679107110260e+03
3.373423523891078275e+03
3.373636338761679326e+03
3.373745576106772205e+03
3.373904474172690698e+03
3.373996934053433506e+03
3.374089623740118896e+03
3.374238894369943864e+03
3.374289492921431702e+03
3.374343732872071996e+03
3.374486243889253728e+03
3.374693069748409471e+03
3.375107618871256818e+03
3.375144884024929070e+03
3.375357601381340373e+03
3.375599466493221371e+03
3.375696823279123691e+03
3.375829757985349261e+03
3.375851220207086953e+03
3.375959672103842877e+03
3.375960349010993014e+03
3.376399129766988608e+03
3.376699866999544156e+03
3.376887712610765448e+03
3.377145705332728539e+03
3.377243764947740601e+03
3.377432292952024454e+03
3.377468043977994967e+03
3.377490128738277690e+03
3.377567179092073729e+03
3.378014412075729979e+03
3.378501409991251876e+03
3.378682296544495330e+03
3.378724824508864458e+03
3.378753087144949859e+03
3.378808643100580412e+03
3.379065443849033272e+03
3.379444896533495466e+03
3.379490118466632794e+03
3.379514186222785156e+03
3.379551222355006757e+03
3.379568556750802600e+03
3.379585526725815726e+03
3.379676279492207868e+03
3.379705669459879118e+03
3.379830410561192366e+03
3.380038364830149476e+03
3.380162968645822275e+03
3.380300531158289232e+03
3.380399180065313431e+03
3.380414156213591468e+03
3.380442968883576214e+03
3.380486160128331903e+03
3.380579679874379053e+03
3.380658463493702129e+03
3.380831833891096721e+03
3.380889002630154664e+03
3.380922739762130277e+03
3.381104577148675162e+03
3.381205081290519502e+03
3.381515279669453776e+03
3.381694619154324755e+03
3.382042354612493909e+03
3.382099915476437218e+03
3.382263866737243916e+03
3.382399760936371422e+03
3.382529664467737348e+03
3.382557063532042775e+03
3.383256841470717973e+03
3.383367337796326865e+03
3.383443092134673407e+03
3.383739141232280872e+03
3.383902156963933066e+03
3.383930079266112443e+03
3.384136519428016527e+03
3.384385369065910254e+03
3.384443190735275948e+03
3.384800208162347644e+03
3.385286486728638010e+03
3.385353587922733368e+03
3.385402421653939200e+03
3.385555978803014114e+03
3.385621220539026581e+03
3.385673884871590872e+03
3.385840512737494464e+03
3.385883958633582097e+03
3.386053993694159999e+03
3.386177308463120426e+03
3.386220760153644733e+03
3.386745100336245287e+03
3.386918395121464528e+03
3.387358936498987077e+03
3.387560153110920055e+03
3.387674687021816226e+03
3.387796529300222574e+03
3.388175028151480092e+03
3.388410410965658230e+03
3.388445171504029986e+03
3.388853029667699502e+03
3.389164234153528923e+03
3.389445106882966684e+03
3.389677845029500077e+03
3.389826937440931943e+03
3.390020124871632106e+03
3.390352676099207656e+03
3.390476060962065276e+03
3.390498672489344699e+03
3.390683010148934500e+03
3.390830282285227440e+03
3.390919728352530456e+03
3.390962458127902664e+03
3.391009284664251027e+03
3.391051172744385440e+03
3.391120513867530008e+03
3.391228390791385209e+03
3.391292277546259356e+03
3.391529906045857842e+03
3.392126323008074451e+03
3.392505636502859488e+03
3.392675316853129971e+03
3.392810568624003736e+03
3.392838772933854671e+03
3.392840864726580094e+03
3.392954135025983760e+03
3.393010207203734808e+03
3.393070585123411547e+03
3.393111266732435979e+03
3.393453689704195767e+03
3.393495874996394832e+03
3.393850259257265861e+03
3.393853388401700613e+03
3.394248619151091589e+03
3.394330231743421791e+03
3.394376290024219998e+03
3.394689964610145580e+03
3.394700544349219854e+03
3.394780746715690839e+03
3.394940635218449643e+03
3.395071241316187297e+03
3.395073904145563120e+03
3.395177752307060473e+03
3.395645196861901240e+03
3.395767589335856428e+03
3.395916254801956256e+03
3.396004833926217543e+03
3.396017869255074856e+03
3.396089622749022965e+03
3.396168967308277388e+03
3.396170275804949597e+03
3.396185971965067893e+03
3.396198826420929890e+03
3.396220074693471361e+03
3.396299113692269202e+03
3.396505910610392675e+03
3.396842938034355029e+03
3.396943565183825285e+03
3.397057384121111227e+03
3.397351994750684298e+03
3.398021667170590263e+03
3.398102030548830498e+03
3.398476526783201280e+03
3.398722133838218269e+03
3.398813780790622786e+03
3.398859124132199213e+03
3.399274429734058685e+03
3.399600210635303938e+03
3.399989957961157415e+03
3.400111262272689146e+03
3.400132979120939126e+03
3.400213664525987951e+03
3.400231395625969071e+03
3.400622044048904172e+03
3.400682773272270424e+03
3.401163747121885535e+03
3.401207723507183800e+03
3.401243113713891489e+03
3.401399634308546865e+03
3.401510359777564645e+03
3.401552063827642087e+03
3.401566208231115525e+03
3.401619886732329633e+03
3.402066898335377118e+03
3.402288592092896579e+03
3.402471116109470586e+03
3.402667657433671593e+03
3.402718536988757933e+03
3.403378978718091730e+03
3.403686050670236909e+03
3.403688111110847785e+03
3.404015628370773356e+03
3.404186542291709429e+03
3.404346704229913939e+03
3.404415586643196093e+03
3.404884319642316768e+03
3.405002060541953597e+03
3.405055957299588499e+03
3.405192807437143983e+03
3.405212936397625072e+03
3.405512945387642503e+03
3.405669292521223724e+03
3.405744314083005520e+03
3.405758772390155173e+03
3.406041957618216202e+03
3.406219368706528257e+03
3.406364462648582048e+03
3.406504579840874158e+03
3.406585192271076721e+03
3.406658939145602289e+03
3.406820189735743497e+03
3.406858183038413699e+03
3.406921420754899373e+03
3.406967676353066508e+03
3.407016950792672105e+03
3.407031147104775300e+03
3.407465712372921644e+03
3.407622753162866502e+03
3.407827148049244897e+03
3.407902668366920352e+03
3.407947470190969852e+03
3.408017970579217945e+03
3.408364817692743600e+03
3.408462056328886774e+03
3.408499824958512818e+03
3.408530493576769913e+03
3.408654480838245490e+03
3.408688047000061488e+03
3.409369928255959167e+03
3.409514270007780397e+03
3.409610052465195622e+03
3.409808479723954406e+03
3.409885915861956619e+03
3.409965356213767791e+03
3.409991310028936823e+03
3.410003663910894375e+03
3.410016572578139858e+03
3.410202154583183983e+03
3.410617546641253739e+03
3.410705319723351749e+03
3.411147431117854467e+03
3.411381276151618295e+03
3.411551035369926012e+03
3.411613070343662002e+03
3.411692129571914393e+03
3.411797138968244326e+03
3.412005948309549694e+03
3.412596403731904047e+03
3.412746365702382263e+03
3.412791366578741872e+03
3.412857140630886533e+03
3.412877798799126595e+03
3.413043188332263526e+03
3.413204543169093540e+03
3.413494682149577784e+03
3.413504274504794012e+03
3.413611006674347664e+03
3.413686772943752203e+03
3.413809679461256110e+03
3.413977287288604202e+03
3.414708999318488168e+03
3.414850018430530781e+03
3.414917641926301258e+03
3.414949340567737636e+03
3.415044336772512906e+03
3.415070217302187757e+03
3.415082712106547660e+03
3.415205722189487460e+03
3.415517416715688341e+03
3.415665750447500614e+03
3.415886311543663396e+03
3.415938769298380521e+03
3.416816933900061940e+03
3.416830404023301980e+03
3.417071564875198419e+03
3.417275228052348666e+03
3.417851722944420544e+03
3.418257148379972477e+03
3.418343817251657129e+03
3.418442184863476996e+03
3.418816343230640086e+03
3.419543628632764467e+03
3.419915865292328363e+03
3.420098960523227561e+03
3.420106988051948974e+03
3.420291098006505308e+03
3.420678124105062579e+03
3.420757906647042546e+03
3.420911627372139719e+03
3.421055997732063588e+03
3.421500329576264448e+03
3.421559142772598989e+03
3.421641502899125499e+03
3.421714327254284399e+03
3.421899669289130543e+03
3.421909921583238429e+03
3.421938815385621638e+03
3.421990958065491213e+03
3.422032124571601344e+03
3.422222364406405632e+03
3.422368271034057216e+03
3.422412138480844987e+03
3.422609868681280204e+03
3.422754776237546594e+03
3.422868278178752917e+03
3.423007136022522900e+03
3.423091116561798572e+03
3.423149614109213871e+03
3.423179609171480024e+03
3.423244918670228344e+03
3.423279871488827666e+03
3.423282765705032944e+03
3.423334025098454731e+03
3.423338183477813800e+03
3.423343300943995928e+03
3.423583964583679062e+03
3.423605321685497074e+03
3.424002737961357525e+03
3.424099657074962124e+03
3.424532153056479729e+03
3.424688334608746572e+03
3.424774096289253066e+03
3.424821201122605999e+03
3.424848283921847269e+03
3.424885478563306606e+03
3.425214882540141843e+03
3.425312570091892667e+03
3.425390552404166101e+03
3.425395225652074259e+03
3.425677087437875798e+03
3.425679893395183626e+03
3.426074880542262690e+03
3.426390264490009486e+03
3.426532272580837798e+03
3.426805985897227856e+03
3.426883063122467320e+03
3.427007408205235606e+03
3.427311607816090600e+03
3.427438254399423386e+03
3.427895488197210398e+03
3.428068418346990711e+03
3.428133733925800243e+03
3.428262556607913666e+03
3.428300725747250908e+03
3.428834369123610941e+03
3.428949377253900821e+03
3.429042819629047699e+03
3.429102952106721659e+03
3.429620185519985171e+03
3.429634871040578673e+03
3.429731150014950799e+03
3.429830124512458042e+03
3.429975279692708227e+03
3.430214660543454102e+03
3.430403444494941141e+03
3.430504378302066925e+03
3.430814092235573753e+03
3.430821144065793760e+03
3.431329516496438373e+03
3.431334443189885860e+03
3.431413222771614983e+03
3.431739198241455142e+03
3.432180934217752565e+03
3.432556112427319022e+03
3.432619863935422472e+03
3.432718122224458057e+03
3.432796454478129817e+03
3.432808110590230626e+03
3.432911992990548242e+03
3.432938203596874246e+03
3.433031730850813346e+03
3.433343993393337314e+03
3.433413833057500597e+03
3.433718946270860670e+03
3.433765985957942576e+03
3.433897907995968581e+03
3.434031647651881940e+03
3.434062258560131795e+03
3.434190826875780203e+03
3.434391496914657182e+03
3.434425646184923153e+03
3.434589777485320155e+03
3.434655409695601065e+03
3.434711328110988688e+03
3.434875005876078831e+03
3.434941197211328472e+03
3.435339020939352395e+03
3.435664530030515380e+03
3.435865008124653286e+03
3.436024869187280274e+03
3.436187649914357735e+03
3.436487063918320928e+03
3.436618471574382056e+03
3.436639671601908503e+03
3.436670034597032554e+03
3.436895046165288477e+03
3.437329383811240405e+03
3.437370088538121308e+03
3.437461441575664594e+03
3.437475994429514230e+03
3.437509043827891674e+03
3.437791106463922006e+03
3.437803096678187103e+03
3.437803803051846899e+03
3.437868893251656573e+03
3.437884425519877823e+03
3.437889826306938176e+03
3.437982585388188909e+03
3.438098715192829331e+03
3.438174765208400004e+03
3.438201837496497774e+03
3.438213651404482789e+03
3.438260620580895647e+03
3.438541944468605834e+03
3.439142947402312984e+03
3.439180879036467104e+03
3.439195625232114253e+03
3.439305074964642699e+03
3.439583259382777214e+03
3.439646091731910019e+03
3.439717673300249317e+03
3.439912378351364623e+03
3.440004946749259034e+03
3.440178298802250538e+03
3.440216200634377856e+03
3.440707481915364951e+03
3.440941296434604283e+03
3.441210299847318311e+03
3.441211784194781103e+03
3.441244925809769484e+03
3.441570753169356976e+03
3.442030480078214623e+03
3.442131987754326929e+03
3.442330474244152356e+03
3.442335953953357148e+03
3.442360068786732427e+03
3.442551259806788494e+03
3.442817010645318533e+03
3.443132945308178023e+03
3.443143912796714631e+03
3.443360206473940707e+03
3.444055054578566342e+03
3.444570050132993401e+03
3.444598475319859972e+03
3.444667569101197842e+03
3.444747918158298944e+03
3.444904233853185360e+03
3.444919873557990741e+03
3.445139068974838665e+03
3.445163179369277714e+03
3.445255349496779218e+03
3.445263941804292699e+03
3.445521872742808682e+03
3.445580022702786664e+03
3.445587190218514479e+03
3.445765681856883930e+03
3.445921510660853528e+03
3.445932716142562185e+03
3.445944829719726840e+03
3.446124763297073514e+03
3.446212442376373474e+03
3.446370058583790524e+03
3.446685277931535438e+03
3.447093746822948560e+03
3.447134729020785016e+03
3.447305928800672973e+03
3.447399129573639129e+03
3.447521382905697010e+03
3.447578407211738977e+03
3.447600518829624889e+03
3.447710114610374603e+03
3.447894813137426809e+03
3.447909037547640764e+03
3.448002476415714227e+03
3.448311243313727573e+03
3.448379115829127841e+03
3.448447785480163930e+03
3.448954626669181380e+03
3.449023028401795273e+03
3.449269825016617688e+03
3.449384577774679201e+03
3.449456789752193799e+03
3.449690383266237859e+03
3.450185859700179208e+03
3.450262981766879875e+03
3.450432442109373369e+03
3.450509749801927683e+03
3.450560859307351166e+03
3.450580674234258368e+03
3.450835032554004101e+03
3.450862656019675342e+03
3.450921780081482666e+03
3.450940066424495853e+03
3.450966124457590468e+03
3.451107528371233457e+03
3.451115830376987105e+03
3.451239852575531586e+03
3.451279038237909390e+03
3.451479841226820099e+03
3.451534666723202008e+03
3.451777740043918129e+03
3.451813407723550881e+03
3.451841955808393323e+03
3.452543710592407933e+03
3.452611795264880129e+03
3.452734015556256509e+03
3.452852661967260701e+03
3.452917822586453894e+03
3.452995523794048950e+03
3.453457692242847770e+03
3.453581589204578449e+03
3.453626573009599269e+03
3.453678169162878021e+03
3.454055360022531204e+03
3.454557667841464081e+03
3.455135379257075783e+03
3.455139567603191608e+03
3.455181650926293059e+03
3.455404604672556161e+03
3.455461719654756052e+03
3.455497176911947008e+03
3.455509639000596053e+03
3.455519887989919425e+03
3.455624354134412897e+03
3.456069146730927059e+03
3.456097087857415772e+03
3.456549262591556726e+03
3.456985874790074831e+03
3.457276416161320867e+03
3.457401692005686527e+03
3.457595479335216623e+03
3.457783973070437696e+03
3.457828203975462657e+03
3.458045149815124205e+03
3.458102287374460047e+03
3.458176544985203236e+03
3.458273886727605259e+03
3.458453316426905076e+03
3.458456778526906874e+03
3.458612195965215960e+03
3.458860084506737167e+03
3.459015701763714333e+03
3.459401985970982878e+03
3.459579893265837200e+03
3.459708070458394559e+03
3.459916587028413232e+03
3.460044062623434911e+03
3.460066330066073988e+03
3.460210833961396929e+03
3.460439839884357752e+03
3.460706691136808786e+03
3.460982252779132068e+03
3.461057743950785607e+03
3.461182702100411461e+03
3.461274341415454273e+03
3.461307638577291527e+03
3.461428399236333462e+03
3.461436303011943892e+03
3.461758138238194078e+03
3.461898536670945759e+03
3.462065180033585420e+03
3.462165802616677411e+03
3.462229689390163003e+03
3.462248119191462138e+03
3.462528095982304421e+03
3.462604589543917882e+03
3.462882133346798128e+03
3.463045328574904488e+03
3.463163376348335078e+03
3.463232587181840699e+03
3.463237800588930440e+03
3.463440325582829701e+03
3.463447402702029649e+03
3.463525023857966971e+03
3.463628385063514088e+03
3.463724903933830774e+03
3.463874280039255154e+03
3.463942908307612925e+03
3.463984481899101411e+03
3.464074654137937159e+03
3.464823549618289235e+03
3.464963076346863090e+03
3.465163590185998601e+03
3.465171190362409106e+03
3.465207163408438191e+03
3.465506390341938641e+03
3.465513711605990011e+03
3.465701404036650729e+03
3.465811167013662271e+03
3.466229784118747830e+03
3.466386147363343298e+03
3.466588747598454574e+03
3.466761244259687828e+03
3.467012776965856119e+03
3.467175549995523397e+03
3.467363755073365610e+03
3.467740996938890476e+03
3.467967159553735655e+03
3.468034794902804606e+03
3.468478352313658434e+03
3.468563086872453823e+03
3.468633264786968994e+03
3.468643426148275466e+03
3.468796626870822820e+03
3.468949316536186416e+03
3.469121130433619783e+03
3.469378224387096452e+03
3.469485782295741956e+03
3.469724191965343834e+03
3.469755536223201489e+03
3.469766581530527674e+03
3.469896864049959731e+03
3.470057529988228453e+03
3.470480584880630431e+03
3.470643820930161837e+03
3.470676421753415070e+03
3.470769063627434207e+03
3.470791495323660456e+03
3.470849177555572624e+03
3.471056164739941323e+03
3.471363875325454956e+03
3.471569256737685919e+03
3.471685144362600113e+03
3.471694555689022764e+03
3.471831083006083645e+03
3.471831752921132647e+03
3.472192552509522557e+03
3.472737741336693034e+03
3.472963496985341862e+03
3.473080837003451961e+03
3.473156002866992822e+03
3.473206020365900258e+03
3.473421630603723770e+03
3.473569179683806396e+03
3.473626942907999819e+03
3.473794020836538039e+03
3.473921134481931404e+03
3.473931432528743699e+03
3.473937853149886450e+03
3.474226799716697769e+03
3.474230575084326574e+03
3.474290575989477929e+03
3.474476651354926616e+03
3.474643440844422457e+03
3.474730523066488786e+03
3.474931727183969542e+03
3.475696300628639619e+03
3.475733481279314219e+03
3.475742518264573391e+03
3.475870649634228357e+03
3.475980521221368235e+03
3.476030372353377516e+03
3.476210960572673230e+03
3.476339534811505473e+03
3.476529372136035818e+03
3.477241360055374571e+03
3.477259880218534363e+03
3.477744898170478791e+03
3.477748043752921603e+03
3.477770454829448227e+03
3.478048924746555258e+03
3.478072576324289457e+03
3.478105385972619843e+03
3.478583052331216550e+03
3.478624440486032654e+03
3.478813078643293920e+03
3.478819179330178486e+03
3.478842794864969164e+03
3.478877572569810582e+03
3.478903949249032848e+03
3.478918079907738502e+03
3.479304700657037756e+03
3.479703313264070403e+03
3.480160430461924534e+03
3.480287158499249017e+03
3.480505982586139453e+03
3.481137827185835249e+03
3.481140923653125810e+03
3.481291325946443521e+03
3.481521376031323143e+03
3.482014860591001252e+03
3.482091934882279475e+03
3.482197325037919654e+03
3.482904572482733329e+03
3.483112817934507802e+03
3.483496702693804309e+03
3.483934871720772662e+03
3.483951108222935090e+03
3.484020553956651383e+03
3.484349838076557717e+03
3.484604352188572193e+03
3.484628674509877783e+03
3.484665786957953969e+03
3.484887224506243456e+03
3.485343958376785849e+03
3.485430889668508826e+03
3.485485506304115916e+03
3.485575544721634742e+03
3.485736420014008672e+03
3.485874777848126087e+03
3.486000400043222726e+03
3.486070454688336213e+03
3.486452193341425300e+03
3.486764097138684519e+03
3.486772619349834713e+03
3.486886213255014354e+03
3.486941356124347749e+03
3.486951727359656161e+03
3.487527465805958400e+03
3.487694973882435988e+03
3.487752358494712553e+03
3.487816412694240171e+03
3.487877782398727959e+03
3.488026004562699200e+03
3.488040789019453314e+03
3.488049871324520154e+03
3.488387620602872175e+03
3.488409139370861340e+03
3.488461979127913310e+03
3.488504135264833167e+03
3.488551170025070405e+03
3.488620204517997990e+03
3.488765757902487621e+03
3.488905078577760833e+03
3.489005604185648281e+03
3.489190588494924214e+03
3.489463313602848302e+03
3.489516725497975131e+03
3.489953602468731788e+03
3.490134985424186198e+03
3.490166838549732347e+03
3.490831690393085410e+03
3.491190646961407310e+03
3.491220744362766709e+03
3.491221383678354869e+03
3.491441970754880913e+03
3.491467324512183495e+03
3.491688906591985415e+03
3.491732354098412088e+03
3.491760548816987921e+03
3.491812440162832445e+03
3.492134182197975861e+03
3.492325831074647795e+03
3.492633070507656157e+03
3.492841977325851985e+03
3.493010917520928160e+03
3.493028684855199117e+03
3.493172387120329404e+03
3.493263904796885527e+03
3.493545024990271031e+03
3.493571293365999736e+03
3.493778367906911626e+03
3.493814083228978689e+03
3.493892980097214604e+03
3.493922212568426858e+03
3.494202640311927553e+03
3.494255938671049080e+03
3.494316016326183671e+03
3.494409095416564014e+03
3.494430638178321260e+03
3.494477086223346760e+03
3.494746189449261692e+03
3.494866802027088397e+03
3.495056149933695906e+03
3.495076521328098352e+03
3.495217315300139944e+03
3.495291523565563239e+03
3.495684333845533729e+03
3.495818437133167208e+03
3.496198266426074497e+03
3.496630793532198368e+03
3.496652991553833999e+03
3.496746230198217745e+03
3.496968810719895828e+03
3.497384973361377888e+03
3.497670541972457158e+03
3.498140916409329293e+03
3.498439861597095387e+03
3.498558093664501484e+03
3.498570472941578373e+03
3.498669647498878021e+03
3.498695374061874645e+03
3.498857936290399721e+03
3.499047103538613101e+03
3.499087416230189774e+03
3.499203668420280792e+03
3.499729572079610080e+03
3.499784149824139149e+03
3.499922191408475555e+03
3.500012656618936944e+03
3.500111057137606167e+03
3.500564008534195636e+03
3.500716054595084188e+03
3.500746246660455199e+03
3.500780487525250464e+03
3.500794624909050526e+03
3.500986047257765222e+03
3.501218197632780175e+03
3.501229507632910554e+03
3.501391327069283761e+03
3.501617850798520521e+03
3.501902449886602881e+03
3.502025918673429715e+03
3.502082949599008316e+03
3.502288072110007306e+03
3.502569251268611424e+03
3.502827910249372962e+03
3.502858723906961586e+03
3.503046013089014195e+03
3.503061682748273142e+03
3.503111344464603008e+03
3.503128135435093100e+03
3.503137279044769002e+03
3.503190205900697947e+03
3.503751509861398063e+03
3.504075206499112028e+03
3.504384633159730129e+03
3.504753519034859892e+03
3.504801345738827877e+03
3.504952668971945513e+03
3.505028824547181102e+03
3.505262722556546123e+03
3.505330608320792180e+03
3.505417549164301363e+03
3.505713830647404393e+03
3.505827346183045847e+03
3.506003583517238894e+03
3.506170303038205020e+03
3.506330761909720422e+03
3.506783796367751165e+03
3.507493020591995446e+03
3.507533291742594884e+03
3.507578208979977717e+03
3.507771840023274308e+03
3.507863528308995683e+03
3.507876068767436664e+03
3.508013261555655845e+03
3.508020256028712993e+03
3.508239496192871229e+03
3.509006696361959257e+03
3.509103904180278732e+03
3.509229485171157648e+03
3.509421163921020707e+03
3.509793876346591333e+03
3.509858361120771406e+03
3.510104366659970765e+03
3.510449730439549967e+03
3.510469579680882816e+03
3.510719616324179697e+03
3.510788872931374499e+03
3.510983168319735341e+03
3.510984016212675215e+03
3.511209435777497220e+03
3.512041078863151597e+03
3.512168498500626811e+03
3.512286175722160806e+03
3.512575063730347665e+03
3.512670001875474554e+03
3.512788838142230361e+03
3.512921125440306241e+03
3.512935515067191773e+03
3.513105450213699442e+03
3.513126544503723380e+03
3.513336545104585639e+03
3.513666061553147756e+03
3.513904287558522356e+03
3.514082209879041329e+03
3.514098084933646078e+03
3.514187384359431235e+03
3.514408826701986527e+03
3.514410694914677151e+03
3.514596693158740891e+03
3.514795408062517254e+03
3.515154434114027481e+03
3.515268414794560613e+03
3.515404253438100568e+03
3.515420448360258433e+03
3.515609779791838719e+03
3.515816446672446091e+03
3.515987861810843697e+03
3.515999040788233742e+03
3.516033400054483536e+03
3.516100010749798003e+03
3.516111963819661014e+03
3.516316398269361343e+03
3.516434747132871507e+03
3.516805072342346193e+03
3.516851761170063583e+03
3.516999091198189035e+03
3.517060371999326435e+03
3.517367372747645277e+03
3.517597917220763520e+03
3.517640450535048785e+03
3.518105558104240117e+03
3.518148842922041695e+03
3.518548180154231886e+03
3.518772074729270571e+03
3.518856426592931712e+03
3.518966735311079447e+03
3.519561821185950066e+03
3.519665761893666513e+03
3.519783809772119639e+03
3.520568555430478682e+03
3.520776121912184863e+03
3.520810620127819675e+03
3.520941952385721834e+03
3.521038370613059215e+03
3.521229432428136533e+03
3.521488653143492229e+03
3.521561711842772183e+03
3.521842396165233822e+03
3.521868974433380572e+03
3.521874353166522724e+03
3.522152856365495609e+03
3.522264962016595746e+03
3.522392612505228499e+03
3.522505238697546702e+03
3.522598617337851465e+03
3.522790796904507260e+03
3.523005868671003554e+03
3.523332650351266238e+03
3.523425219488976836e+03
3.523619321742462034e+03
3.523935638657134405e+03
3.524256191023951487e+03
3.524295547369493306e+03
3.524601652575297067e+03
3.524699705221486965e+03
3.524917724035063202e+03
3.525048249886380290e+03
3.525539449076080018e+03
3.525818141347792789e+03
3.526042681633944085e+03
3.526144113893510621e+03
3.526448237508699549e+03
3.526479761935514944e+03
3.526893029094087979e+03
3.526906816423090277e+03
3.526993964805719770e+03
3.527036766870719021e+03
3.527078053538104086e+03
3.527660440325385025e+03
3.527693049556209189e+03
3.527856044615083192e+03
3.528010470540952156e+03
3.528301794884866467e+03
3.528580312722929193e+03
3.528638886135097437e+03
3.528656253358224603e+03
3.528708364112151685e+03
3.528988473599184545e+03
3.529228675973663940e+03
3.529531977489939436e+03
3.529544654958379397e+03
3.529847130474833193e+03
3.529873641828113705e+03
3.529891221335669798e+03
3.529905384167217107e+03
3.530030506901500758e+03
3.530054669345332059e+03
3.530170018247767075e+03
3.530329385314301362e+03
3.530629254216348272e+03
3.530919425489063997e+03
3.530992085461980423e+03
3.531131340837700918e+03
3.531367444587121099e+03
3.531372922209953231e+03
3.531442003457882038e+03
3.531550810569032819e+03
3.531680267051251576e+03
3.531852025027951186e+03
3.532198526188202777e+03
3.532395785937905202e+03
3.532401881154539296e+03
3.532759519560835997e+03
3.532763176340908103e+03
3.533046410172084506e+03
3.533318373020337731e+03
3.533372822024561174e+03
3.533395491471281275e+03
3.533554764018499100e+03
3.534025207120489540e+03
3.534141341514046417e+03
3.534204622406358794e+03
3.534209791251488696e+03
3.534387194221707432e+03
3.534438626626412770e+03
3.534823702275416053e+03
3.534854585395997219e+03
3.534877084277271933e+03
3.534948008708370708e+03
3.535191555151676766e+03
3.536016904420062019e+03
3.536410544872506762e+03
3.536674188889759989e+03
3.537024974991431463e+03
3.537039412117832399e+03
3.537154082260094128e+03
3.537393214293800156e+03
3.537761930286400911e+03
3.537798743025485237e+03
3.537852013582058134e+03
3.538186525414677362e+03
3.538240368519681851e+03
3.538398867719366535e+03
3.538503461078541022e+03
3.538533084758017594e+03
3.538663317577994349e+03
3.538673512877276153e+03
3.538917216785912842e+03
3.539226166182499128e+03
3.539536051515357030e+03
3.539566751439179825e+03
3.539724643731586184e+03
3.539907558600837547e+03
3.540041274825622622e+03
3.540245429957924898e+03
3.540547769962654456e+03
3.540574185850838148e+03
3.540682109144243441e+03
3.540796873245666120e+03
3.540809221600806268e+03
3.540951153489819262e+03
3.540963636973227949e+03
3.541108035563190697e+03
3.541312324241310307e+03
3.541490050164505647e+03
3.541528013039857797e+03
3.541535762626399446e+03
3.541767350759056171e+03
3.541771752760032541e+03
3.542012342323518624e+03
3.542132106095853942e+03
3.542178494797874919e+03
3.542287760868892292e+03
3.542310710713217304e+03
3.542349435547986559e+03
3.542387198432705645e+03
3.542639833350345270e+03
3.542657561710069785e+03
3.543280557801783289e+03
3.543331369891595386e+03
3.543439781745504661e+03
3.543488104333456249e+03
3.543590322717240724e+03
3.543724097287170025e+03
3.543819871291403615e+03
3.543855291461027264e+03
3.543942601344517698e+03
3.544387516807775228e+03
3.544786736824562013e+03
3.544817027134296950e+03
3.545038010872304312e+03
3.545346622069857403e+03
3.545389048304746211e+03
3.545508192418565159e+03
3.545819469289947847e+03
3.545828356101109421e+03
3.545848705615815561e+03
3.545903100834137604e+03
3.546152251269632870e+03
3.546254702778938736e+03
3.546377826111853665e+03
3.546441375832857375e+03
3.546551796825870952e+03
3.546797240544128272e+03
3.546828072909699586e+03
3.546901072334080254e+03
3.547123338573690035e+03
3.547168914487399434e+03
3.547355120939978860e+03
3.547631968724588660e+03
3.547660452456124858e+03
3.547766467928044221e+03
3.547917093480166386e+03
3.548060354152008586e+03
3.548274365244210458e+03
3.548283078404745993e+03
3.548377486363593562e+03
3.548455760797035964e+03
3.548981877963733041e+03
3.549060865303728406e+03
3.549373741526982940e+03
3.549582462506415595e+03
3.549717312510572356e+03
3.550297438724819585e+03
3.550337475856828860e+03
3.550487032515635292e+03
3.550492135704888824e+03
3.550573218047659793e+03
3.550671511527194525e+03
3.550823670238584327e+03
3.550835584663512691e+03
3.550887393930738199e+03
3.550913573223119784e+03
3.550931921212837096e+03
3.551059026667977832e+03
3.551651801029581293e+03
3.552104453276552249e+03
3.552328851184830455e+03
3.552484637927344465e+03
3.552486602262832093e+03
3.552658119261934189e+03
3.552760352505540595e+03
3.552761468819591300e+03
3.552766350439554571e+03
3.552883644736858969e+03
3.552943459508923752e+03
3.553104158899493086e+03
3.553118637813077385e+03
3.553143859097491713e+03
3.553459225623152633e+03
3.553598992706617992e+03
3.553653243252168068e+03
3.554035500560923538e+03
3.554460938565868673e+03
3.555039820405510909e+03
3.555174059191979723e+03
3.555255827196628616e+03
3.555446754493963908e+03
3.555461151569377762e+03
3.555474420005171396e+03
3.555762793462650279e+03
3.555985439570160452e+03
3.556018720061082604e+03
3.556319853997703831e+03
3.556354630773224926e+03
3.556777556877389543e+03
3.556846086598397960e+03
3.556971596605000741e+03
3.557085038960816291e+03
3.557108708499173190e+03
3.557496881663657405e+03
3.557580032094749640e+03
3.557623490558873982e+03
3.557694164136666132e+03
3.557797485321142631e+03
3.557850892687469241e+03
3.557924341705519964e+03
3.558553146988449043e+03
3.558831233237767719e+03
3.559136886889501056e+03
3.559320896158319556e+03
3.559498492862333023e+03
3.559693510911819430e+03
3.559978706578650872e+03
3.560046445706546820e+03
3.560056563908119642e+03
3.560103482073180203e+03
3.560118054713684160e+03
3.560145645300336582e+03
3.560310629375771896e+03
3.560316945841527740e+03
3.560393888019270889e+03
3.560399877568526790e+03
3.560429447960118978e+03
3.560640328745345869e+03
3.560862350657765546e+03
3.560908765455490084e+03
3.561007477656049559e+03
3.561718369006444391e+03
3.562008335352431459e+03
3.562060279273564447e+03
3.562103410368224559e+03
3.562319409512499078e+03
3.562423094896969815e+03
3.562424122046692446e+03
3.562429818766197968e+03
3.562779906655861396e+03
3.563136140298686314e+03
3.563138268569550746e+03
3.563475740319704073e+03
3.563817917042158570e+03
3.563838808053567845e+03
3.564375204504567137e+03
3.564377420328903554e+03
3.564389263684227444e+03
3.564445745876673300e+03
3.564490604752623312e+03
3.564512690891575403e+03
3.564732357404274353e+03
3.564748531520440793e+03
3.565978632450719488e+03
3.566049461840687854e+03
3.566481658953451642e+03
3.566579784131145971e+03
3.566700183244399796e+03
3.566924697088613812e+03
3.566950918226493286e+03
3.567066201166366682e+03
3.567249644486890247e+03
3.567292165407211087e+03
3.567740728185603530e+03
3.568052991417995145e+03
3.568191917238751557e+03
3.568424271249390131e+03
3.568525551829894539e+03
3.568666722262165422e+03
3.568744719468058520e+03
3.568870874743839977e+03
3.568877014941473590e+03
3.569259697956625132e+03
3.569579073170691117e+03
3.569883746811694436e+03
3.570228048735219545e+03
3.570489368845907848e+03
3.570982086671674097e+03
3.571185919556966837e+03
3.571234098143851497e+03
3.571674641271939436e+03
3.571727037190934425e+03
3.571773501370394115e+03
3.571995989085599831e+03
3.572059973201950925e+03
3.572095655531473312e+03
3.572238952903927839e+03
3.572328373095053394e+03
3.572425106117956148e+03
3.572523032180570681e+03
3.572701676650710851e+03
3.572833099210989531e+03
3.572869328214090274e+03
3.572876008516132970e+03
3.573058837243409016e+03
3.573247266099118860e+03
3.573250268096925993e+03
3.573336150417587305e+03
3.573402544864922675e+03
3.573473066178915815e+03
3.573535533714531539e+03
3.573545570861834221e+03
3.573662271374754710e+03
3.573662471034457667e+03
3.573676368330346577e+03
3.574302132799944957e+03
3.574424798618298155e+03
3.574450484999063519e+03
3.574452644955496453e+03
3.574529536347009071e+03
3.574541646121469057e+03
3.574586982113782142e+03
3.574624860440011162e+03
3.574744304457223279e+03
3.575026800935624124e+03
3.575485510613987572e+03
3.575556459132936197e+03
3.575937771533830983e+03
3.576011449232715677e+03
3.576012015763771160e+03
3.576226935316420168e+03
3.576231254890822584e+03
3.576666995446457804e+03
3.576967124095568579e+03
3.576985806304180642e+03
3.577119418763032627e+03
3.577397582874673844e+03
3.577857895924387776e+03
3.577975614965514524e+03
3.578323719922622331e+03
3.578511765594237659e+03
3.578552325583133552e+03
3.578566659868241004e+03
3.578629026361647902e+03
3.578961144688163586e+03
3.578976528943699577e+03
3.579001613337321942e+03
3.579201676668719301e+03
3.579447116075677968e+03
3.579463322131955920e+03
3.579519427426147558e+03
3.579680065176291464e+03
3.579733193513205151e+03
3.579751185929214898e+03
3.579794430162743538e+03
3.579957875114705530e+03
3.580023938107036429e+03
3.580036531574955916e+03
3.580077943110375600e+03
3.580196225553785098e+03
3.580209897339191684e+03
3.580323238371364369e+03
3.580446612133140206e+03
3.580656906827657167e+03
3.580848912465298781e+03
3.580852969249951457e+03
3.580947999393067676e+03
3.580971065421251751e+03
3.581244351719731640e+03
3.581311384613810333e+03
3.581534292123122214e+03
3.581615790593358724e+03
3.582207056316969556e+03
3.582225257770338430e+03
3.582383678672039423e+03
3.582571676178125927e+03
3.582894835221340600e+03
3.582958754908035189e+03
3.582993033562244818e+03
3.583129914663604268e+03
3.583132236103444939e+03
3.583505128274548042e+03
3.583536734623466145e+03
3.583714532532307203e+03
3.583732949173904217e+03
3.583822685420649577e+03
3.583856068197378590e+03
3.584070869838154977e+03
3.584145880801906515e+03
3.584192069771088427e+03
3.584228399417937908e+03
3.584269537897213013e+03
3.584287097556200024e+03
3.584356970176098002e+03
3.584637149307575328e+03
3.584784351526795035e+03
3.585083767083422117e+03
3.585151068476740420e+03
3.585223413963801704e+03
3.585510721917161391e+03
3.585678023508697152e+03
3.585679204360011681e+03
3.585992150274712003e+03
3.586111087947512260e+03
3.586399907063720548e+03
3.586552548143439708e+03
3.586794017647821875e+03
3.587329997452866792e+03
3.587391319944736097e+03
3.587393805974666975e+03
3.587441435941349027e+03
3.587707252791889914e+03
3.587877644282770234e+03
3.587923716438590873e+03
3.588110032386638977e+03
3.588463116864332733e+03
3.588483432676333905e+03
3.588701417244361892e+03
3.588709594936358371e+03
3.588819775158341599e+03
3.589305970210795749e+03
3.589634590380186182e+03
3.589655375470430045e+03
3.589682949414265295e+03
3.589731133165286337e+03
3.589751000642274903e+03
3.589806437739062403e+03
3.589977231066995046e+03
3.589986666268832323e+03
3.590020268260532248e+03
3.590198433406040749e+03
3.590359369785406670e+03
3.590406651613721806e+03
3.590498088029776682e+03
3.590525739150122263e+03
3.590644407173341278e+03
3.590683319152287368e+03
3.591035065925529580e+03
3.591616042387046491e+03
3.591770470694921187e+03
3.592331793191542602e+03
3.592428024400858703e+03
3.592471281843070301e+03
3.592526150912304274e+03
3.592573360585187402e+03
3.592680575746995601e+03
3.592936958830623098e+03
3.592946898344366218e+03
3.593231455261203791e+03
3.593356108050534658e+03
3.593684206756398453e+03
3.593986634207483348e+03
3.594001638959045067e+03
3.594228352316655219e+03
3.594415000272384077e+03
3.594426427476607387e+03
3.594744774180374407e+03
3.595002230524267816e+03
3.595226839189954262e+03
3.595296593644212408e+03
3.595372768912834090e+03
3.595680220185839971e+03
3.595780250587475166e+03
3.595853039185108628e+03
3.595970847233797940e+03
3.596210541693660161e+03
3.596404188619626439e+03
3.596511170016471169e+03
3.596737595732619866e+03
3.596783983531915510e+03
3.597192821151653789e+03
3.597487302888368504e+03
3.597505842117820521e+03
3.597849639504592687e+03
3.598369277005357617e+03
3.598693553002304725e+03
3.598867347913391768e+03
3.599054785284432000e+03
3.599301678979397821e+03
3.599568241975688579e+03
3.599762189683032375e+03
3.599805090141660003e+03
3.599838204317901727e+03
3.600215057611973862e+03
3.600236853327965491e+03
3.600385327658040296e+03
3.600704242160235935e+03
3.601604696608266750e+03
3.602506411251641566e+03
3.602535448818738132e+03
3.602760269287613937e+03
3.603533962885992423e+03
3.603829627955369233e+03
3.603903064027761957e+03
3.604091953750764333e+03
3.606272853700570522e+03
3.606770574960713020e+03
3.606914126521982325e+03
3.607029886610216636e+03
3.607165257395742628e+03
3.607317297933028840e+03
3.607409189305833479e+03
3.607722722924164827e+03
3.609247385609810863e+03
3.609291181026752838e+03
3.609317062810546759e+03
3.609352472733576178e+03
3.609364068101624071e+03
3.609598338043297190e+03
3.609839962283068871e+03
3.610027959927966549e+03
3.611309217126801286e+03
3.611346040965610428e+03
3.611508466436392609e+03
3.611509158406710412e+03
3.611577468581440371e+03
3.611787583545207781e+03
3.611913362271674032e+03
3.612175713640408503e+03
3.612293466674967021e+03
3.612660140574389516e+03
3.613154055748988867e+03
3.613243668626236740e+03
3.613430516606546007e+03
3.614005445969782158e+03
3.614748248746514491e+03
3.614789898722750877e+03
3.614934300456913206e+03
3.616030380717304979e+03
3.616072967882222201e+03
3.616214288204917921e+03
3.616546977180535578e+03
3.616599716149004053e+03
3.616899983339772007e+03
3.616914556155969422e+03
3.616954707239027357e+03
3.617139815802998783e+03
3.618364997443071388e+03
3.618482395587740939e+03
3.618978801546202249e+03
3.619680229483508811e+03
3.619921606038149093e+03
3.620172190215610954e+03
3.620403069585726371e+03
3.621668804481743337e+03
3.621707177322397911e+03
3.621712917958236631e+03
3.621772439413413395e+03
3.621973681232217132e+03
3.622069006264729524e+03
3.622252858678293705e+03
3.622542885953275800e+03
3.623398159922822742e+03
3.623501465328602080e+03
3.623609302558619675e+03
3.623609573012252895e+03
3.623876444211612579e+03
3.625394626075388715e+03
3.625773116460846268e+03
3.626272368895871296e+03
3.626315292515989313e+03
3.626766650417171604e+03
3.628097235782242478e+03
3.628366903432316576e+03
3.628421674433803219e+03
3.628516961049769179e+03
3.628726259599007335e+03
3.628837755519645270e+03
3.629690587022611908e+03
3.629848867854191667e+03
3.630185993166776825e+03
3.630225853187872872e+03
3.630883843410085774e+03
3.631018480989012460e+03
3.631344095026187460e+03
3.631398190172368686e+03
3.631839005792705848e+03
3.632097378352386841e+03
3.632783833610447800e+03
3.632806770932843847e+03
3.633857443413828605e+03
3.634016128665771703e+03
3.634128587641364902e+03
3.634590327101714593e+03
3.634882104087864263e+03
3.635041232320185372e+03
3.635267174736281049e+03
3.635538511528344770e+03
3.635781501611922977e+03
3.636047777620686702e+03
3.636288198671547889e+03
3.636379468007740797e+03
3.636566763624107807e+03
3.636915637077097472e+03
3.637526672950921238e+03
3.638193563624017315e+03
3.638222421508628486e+03
3.638456421843138742e+03
3.638693672378149586e+03
3.638710922666827628e+03
3.638934889716783346e+03
3.639105503914437577e+03
3.640260727897904871e+03
3.640911331508837520e+03
3.641473669690217321e+03
3.641595758733991261e+03
3.641916170093686105e+03
3.642149702938655082e+03
3.642260581185258616e+03
3.642337835489796362e+03
3.644235902779853859e+03
3.644430239588138193e+03
3.645093186745190451e+03
3.645148649421775644e+03
3.646124793630875502e+03
3.647170699528270234e+03
3.647484915209812243e+03
3.647485876817729604e+03
3.647556070208222991e+03
3.648214004757295697e+03
3.648491308135377494e+03
3.648749524642332290e+03
3.649176078614083508e+03
3.649179516285960744e+03
3.649357611717843611e+03
3.649415324082894131e+03
3.650048911485078861e+03
3.650532165339574476e+03
3.650579714530211277e+03
3.650650081995770961e+03
3.650927549462140632e+03
3.651382023199872037e+03
3.652436014513547434e+03
3.652701689390575211e+03
3.652714573751047737e+03
3.653004694252891568e+03
3.653535202229512379e+03
3.653652320552339916e+03
3.654542539700084944e+03
3.656371076639524745e+03
3.656589673927222520e+03
3.656723296133504846e+03
3.656741608898022150e+03
3.657561955321350524e+03
3.657604875290384825e+03
3.658034168403581134e+03
3.658115115232889366e+03
3.658136739007006327e+03
3.658870284506356711e+03
3.658932394566835683e+03
3.659006567469363745e+03
3.659131811647095674e+03
3.659439222547073314e+03
3.660046263374810223e+03
3.660101946328932627e+03
3.660140714329907496e+03
3.661860814770533580e+03
3.662347152437650948e+03
3.662595573947529374e+03
3.662822014184980162e+03
3.662855767293759527e+03
3.663014201187620984e+03
3.663111624458950701e+03
3.663211999522472070e+03
3.663302007512257660e+03
3.663362477576385572e+03
3.663855025811507403e+03
3.664369446027854792e+03
3.664573146150285993e+03
3.665044282778732395e+03
3.665796120363414502e+03
3.665916825033119039e+03
3.666344283033207830e+03
3.666371345942005064e+03
3.666927005533606916e+03
3.666976620320808252e+03
3.667374714796170338e+03
3.667562130064860412e+03
3.668260163080939037e+03
3.668289760745817603e+03
3.668527755692526171e+03
3.668975511258489860e+03
3.669025347557242640e+03
3.669404613960045026e+03
3.670074130266707925e+03
3.670217332505249942e+03
3.670345202034950944e+03
3.671121117352253350e+03
3.671763326410265563e+03
3.673439961900517574e+03
3.673583791492310411e+03
3.673689472214644411e+03
3.673799922092038742e+03
3.674161822121663135e+03
3.674683057439061940e+03
3.674970516491066974e+03
3.675775802005417063e+03
3.676048125977157270e+03
3.676244184038344429e+03
3.676806351918453856e+03
3.676998506968774109e+03
3.677085689852540781e+03
3.677128826818533526e+03
3.677135551199608472e+03
3.677209637520490105e+03
3.677308694456753983e+03
3.677834751320423038e+03
3.678199914768630606e+03
3.678610501352062329e+03
3.678752581279963124e+03
3.678807992964001642e+03
3.679042033708154577e+03
3.680332294381235442e+03
3.680362074845232200e+03
3.680482806136067211e+03
3.680550022859248656e+03
3.680735925791403133e+03
3.681414418523875156e+03
3.681947886110983745e+03
3.682203534115664297e+03
3.682411509842143005e+03
3.682468697477126170e+03
3.683177524904755956e+03
3.683228020440293676e+03
3.683465156120646498e+03
3.683661577878289336e+03
3.683880429793539406e+03
3.684322165633534041e+03
3.684762259098733011e+03
3.685052157081281621e+03
3.685573302692029756e+03
3.685867292171998088e+03
3.685877710614955049e+03
3.688725850386098955e+03
3.689271214932244675e+03
3.690369388438172336e+03
3.690436855923200255e+03
3.690792102191044251e+03
3.690965864015577154e+03
3.690984307819633614e+03
3.691428273839197573e+03
3.691871773568519984e+03
3.692889543000853791e+03
3.693510996447843809e+03
3.693954615211090641e+03
3.694452346622620553e+03
3.694479968237679714e+03
3.694565021213185901e+03
3.694912622216304953e+03
3.694980730448223767e+03
3.695876827877999403e+03
3.696054350228531803e+03
3.696160850041948834e+03
3.696213649495288337e+03
3.697331468590519762e+03
3.697625484204782424e+03
3.697674339755703386e+03
3.697986571724402438e+03
3.698082630076408350e+03
3.698796383244751269e+03
3.699807053907801219e+03
3.700242906715158824e+03
3.700264601178034354e+03
3.700783846013679977e+03
3.700893818251486664e+03
3.700935105545253009e+03
3.701054310434145918e+03
3.701160610550685760e+03
3.701898186144432657e+03
3.702314361849187208e+03
3.702580348072418019e+03
3.702700224738297038e+03
3.702889955910023673e+03
3.703193890894910965e+03
3.703748571092878137e+03
3.703940786123599992e+03
3.705292687177827247e+03
3.705692665262753508e+03
3.706043242538513823e+03
3.706327197596215683e+03
3.706453717029197378e+03
3.706498534744182507e+03
3.706586892965795414e+03
3.707253998528170996e+03
3.707352347592459864e+03
3.707801697154736303e+03
3.708774963778403162e+03
3.709054337210779977e+03
3.709083434757018949e+03
3.709117656340705253e+03
3.709236317052451795e+03
3.710025622927782024e+03
3.710150887708506616e+03
3.710183310384212746e+03
3.710312552438263083e+03
3.710488640296712674e+03
3.710814794274775522e+03
3.711962210731538107e+03
3.712033377343630491e+03
3.713407484830320755e+03
3.714344064610420901e+03
3.714422642970936977e+03
3.714920810917952167e+03
3.715060353730193128e+03
3.715870918589726898e+03
3.716115003580466237e+03
3.717112933814086318e+03
3.717461129880488897e+03
3.718104565797184023e+03
3.718225094553009512e+03
3.718302343905199450e+03
3.718432595031504661e+03
3.718883178747510101e+03
3.719156065895138454e+03
3.719187387883771862e+03
3.719290495719826140e+03
3.719475070459023755e+03
3.720046581859619891e+03
3.720835660213948358e+03
3.721094008348043189e+03
3.721355857337470297e+03
3.721396122494565134e+03
3.721411762298751000e+03
3.721824639767931330e+03
3.722678170727001543e+03
3.723151446404507169e+03
3.723156835305428558e+03
3.723288182410770787e+03
3.723555684943349206e+03
3.723873356876763864e+03
3.724039730013048029e+03
3.724328943740110844e+03
3.724499327511226511e+03
3.724732440296895220e+03
3.725234485168938591e+03
3.726100616758649721e+03
3.726268958627767915e+03
3.726335671330224613e+03
3.727142455552072079e+03
3.727255516723792880e+03
3.727371782155786605e+03
3.727606948880994878e+03
3.727767946511004538e+03
3.728666229405062950e+03
3.729052772533294046e+03
3.729094928412717309e+03
3.729294918854177467e+03
3.729452435954292923e+03
3.731144431513510426e+03
3.731410097009294077e+03
3.731489582409949890e+03
3.731601509040914607e+03
3.731839612307532661e+03
3.731852334134265675e+03
3.732130371196813940e+03
3.732460203113669195e+03
3.732820778311937374e+03
3.734006616523399316e+03
3.734021857593417735e+03
3.734181890447136539e+03
3.734451254106395481e+03
3.734522352304779815e+03
3.734879671802321354e+03
3.735007271858340573e+03
3.735295950794502915e+03
3.735491698655651362e+03
3.735978531757757992e+03
3.736153969142073493e+03
3.736485233052600051e+03
3.736598624942580500e+03
3.736650508565765904e+03
3.736698246465927696e+03
3.736897777146719363e+03
3.737169125885863195e+03
3.738030787967306424e+03
3.739017302641394053e+03
3.739406840533549712e+03
3.739456434243981221e+03
3.740538371126126094e+03
3.740753248827831612e+03
3.741235499103812344e+03
3.741963956065319508e+03
3.742607720304260511e+03
3.743097574613452707e+03
3.743836493444929602e+03
3.744040481891512172e+03
3.744194408493722676e+03
3.744706862574826118e+03
3.744727080478418429e+03
3.745457621914831179e+03
3.745576681244172505e+03
3.746240350639192002e+03
3.746581477763395469e+03
3.746764874606427384e+03
3.746796824242536331e+03
3.747136322555935294e+03
3.747184072769459817e+03
3.747664854986240243e+03
3.747834403759486577e+03
3.747974247907795871e+03
3.748203501179791601e+03
3.748696176264973928e+03
3.748888537650192120e+03
3.748896831385313817e+03
3.749150184215305671e+03
3.749360754154295591e+03
3.750059380656835401e+03
3.750091546906354324e+03
3.750107508115317160e+03
3.751071022321066266e+03
3.751166639037382083e+03
3.751221023924527344e+03
3.751742766777698762e+03
3.752369224801014298e+03
3.752927120070261481e+03
3.753772864777263294e+03
3.753824969938179038e+03
3.754030349137746271e+03
3.754371334880340328e+03
3.754783763557627026e+03
3.754874346960018102e+03
3.755288948519390033e+03
3.755465494690778087e+03
3.755547892482672069e+03
3.756558688599653578e+03
3.757330903757324904e+03
3.757978482776936744e+03
3.758193268692717993e+03
3.758236939116519807e+03
3.758343632488686126e+03
3.758575260431232891e+03
3.758942717121016358e+03
3.758962687655461650e+03
3.759626047181403464e+03
3.760085079392763419e+03
3.760366363426811859e+03
3.760656574825788994e+03
3.760923114924009042e+03
3.760973457008586138e+03
3.761213757133156378e+03
3.761248126101970229e+03
3.762183298297418787e+03
3.762689992686323876e+03
3.762715968057131704e+03
3.762863439708241458e+03
3.763021755659479368e+03
3.763078672473387542e+03
3.763338399644750552e+03
3.763464505808818103e+03
3.764284830196123949e+03
3.764679757349801093e+03
3.764886690331810314e+03
3.765548620060250414e+03
3.766217515038063084e+03
3.766254376634639812e+03
3.767045508083492223e+03
3.767227423401042415e+03
3.768104602305097160e+03
3.768208344412703809e+03
3.768345063730552283e+03
3.768406747256801282e+03
3.769758922067886033e+03
3.770041831503139747e+03
3.770495745323377832e+03
3.770541660647045774e+03
3.770844716440977663e+03
3.771093752347951067e+03
3.771722317790329726e+03
3.772047529167292851e+03
3.773106120507167361e+03
3.773363124432272798e+03
3.773738941210514895e+03
3.774068559659742277e+03
3.774239048956042552e+03
3.774427468460726232e+03
3.775578262652953981e+03
3.775612626837286825e+03
3.776643081046866882e+03
3.777274827848168115e+03
3.777542372298997634e+03
3.777895424326648026e+03
3.779016897031865028e+03
3.779134986004651182e+03
3.779491822708805557e+03
3.779783255347077557e+03
3.779829162608286424e+03
3.780904159009376599e+03
3.780966640697389266e+03
3.781126543151283840e+03
3.781201499321849951e+03
3.781252181451777687e+03
3.781709772137962773e+03
3.781804149580824287e+03
3.782006796959365602e+03
3.782328830623027443e+03
3.782840329009986817e+03
3.783805303402382378e+03
3.784153783502317310e+03
3.784250655095667753e+03
3.784362305466394446e+03
3.784470904370080916e+03
3.785318077218538292e+03
3.786439326797035392e+03
3.786764818863934124e+03
3.786994330127717149e+03
3.787410200821982471e+03
3.787438619615617426e+03
3.787483131122349732e+03
3.788177520190793530e+03
3.789176609192562864e+03
3.789532453095826440e+03
3.789980675201246868e+03
3.790154945620597118e+03
3.791007874307382735e+03
3.791114266051088180e+03
3.791778864954409073e+03
3.791815926436229347e+03
3.792144987942663647e+03
3.792301817196210322e+03
3.792473904373018286e+03
3.792662891100809247e+03
3.792683449052134620e+03
3.792840615048624841e+03
3.793415993214545324e+03
3.793427017977027845e+03
3.794166685019356464e+03
3.794351111582468093e+03
3.794959176510772522e+03
3.795181956975631238e+03
3.795236496254070516e+03
3.795248385146798228e+03
3.795679201783131248e+03
3.796133376886846690e+03
3.796270733983595164e+03
3.796432725385277990e+03
3.796472136944357771e+03
3.797826974054974926e+03
3.798590951835190026e+03
3.798711557973826075e+03
3.799120308208181541e+03
3.799137487182433233e+03
3.799581850871073129e+03
3.799735320440661326e+03
3.800205348915118975e+03
3.800224659160149258e+03
3.800405835753767860e+03
3.800625976334943971e+03
3.800804505228838934e+03
3.800815627100960683e+03
3.800883376961255181e+03
3.801076192813307898e+03
3.801533781076459945e+03
3.802256084648884098e+03
3.802538965753326011e+03
3.803122113797534439e+03
3.803436750460994062e+03
3.803598028148069261e+03
3.804174927875630146e+03
3.805807267180767212e+03
3.806184901323938448e+03
3.806231058282260165e+03
3.806435297761905076e+03
3.806487899528176513e+03
3.806743007094101358e+03
3.806860262671624696e+03
3.807022606256639392e+03
3.807184593715991014e+03
3.807186822624402339e+03
3.807559172448253321e+03
3.807840359588972660e+03
3.807950808076153862e+03
3.808052951113896142e+03
3.808159002698518179e+03
3.809397141449337596e+03
3.810388002626515117e+03
3.810859933215030196e+03
3.811181000110354489e+03
3.811348090923505424e+03
3.811518985261613579e+03
3.811648995580387236e+03
3.811817434391409279e+03
3.811992756524680317e+03
3.812256845693412743e+03
3.812384348010356916e+03
3.812629689703696386e+03
3.812754211138321352e+03
3.813621597674379245e+03
3.813996518850381563e+03
3.814235742277474856e+03
3.814316268611187752e+03
3.814897603042808441e+03
3.815706846130080521e+03
3.815837990300991805e+03
3.816080377184218833e+03
3.816184887199114655e+03
3.816712052289839448e+03
3.817473823987331798e+03
3.818139359064578457e+03
3.818273796640483397e+03
3.818584547037833090e+03
3.818661152846578716e+03
3.819203703458516884e+03
3.819511581816945636e+03
3.820656211738074489e+03
3.820786068154553504e+03
3.821445226452507086e+03
3.822491345585286126e+03
3.823325776143997700e+03
3.823894143770723076e+03
3.824167393526576234e+03
3.824471641854269819e+03
3.824512574828454945e+03
3.824794606542730435e+03
3.825200704284496624e+03
3.825237069353936477e+03
3.825722769963602786e+03
3.825993879563777227e+03
3.826961575048591840e+03
3.827240715216930766e+03
3.827515431476975209e+03
3.828139381882820089e+03
3.828609816311715349e+03
3.830426813525599755e+03
3.830775167772475925e+03
3.830931692215675866e+03
3.831672082767982829e+03
3.831756777528763450e+03
3.833363311661063108e+03
3.833859504547179768e+03
3.834600547678182465e+03
3.835185755429352412e+03
3.836092739814360357e+03
3.836712181260614216e+03
3.836787196403131475e+03
3.837077971182508008e+03
3.837656981482573428e+03
3.838315267527857031e+03
3.838820557619081228e+03
3.840405617481074387e+03
3.840411460639090819e+03
3.840492776949410199e+03
3.840939926680873668e+03
3.840991372055410011e+03
3.841829024388224298e+03
3.842243380695572796e+03
3.843042027223638343e+03
3.843077739155186009e+03
3.843181154478048484e+03
3.843695199814235821e+03
3.845371253049731877e+03
3.846172931800154856e+03
3.846192468106343767e+03
3.846220752244719279e+03
3.846540437776260205e+03
3.846794378158166637e+03
3.847540462698425927e+03
3.847865212732565851e+03
3.848893141605878554e+03
3.849472177773135627e+03
3.849648736118735542e+03
3.849868078466168754e+03
3.849898241565900207e+03
3.850986063110297437e+03
3.851078349853386953e+03
3.851352414271655562e+03
3.851586538859417033e+03
3.851762385911837555e+03
3.851822411282781559e+03
3.851999466973182734e+03
3.852132825163806046e+03
3.852235521581734247e+03
3.852542612708645720e+03
3.852739232050672399e+03
3.854630275584394440e+03
3.854880052494737356e+03
3.855095312447279866e+03
3.856003949282617214e+03
3.856370599209792090e+03
3.856532826599232067e+03
3.857018983951769314e+03
3.858310019991672107e+03
3.858334056018427873e+03
3.858487485025193564e+03
3.859047435138845685e+03
3.860729720617418479e+03
3.861059007147672673e+03
3.861239151701433912e+03
3.861290279958762767e+03
3.861400077702084673e+03
3.861465556937474503e+03
3.862502609923190903e+03
3.862608971970228140e+03
3.862968147236615096e+03
3.863664343773855762e+03
3.863761301275614642e+03
3.864195173239373162e+03
3.864331544506969749e+03
3.864515191918618711e+03
3.864850947203423857e+03
3.865478024053490117e+03
3.866325457401506355e+03
3.866345292100745610e+03
3.866906223771499299e+03
3.867546063421983945e+03
3.867622305328086441e+03
3.868132256328583480e+03
3.868227410777353725e+03
3.868229860831847873e+03
3.868428596103748532e+03
3.868510157656030970e+03
3.868530008719873422e+03
3.869023964972323483e+03
3.869189548724921679e+03
3.870272319080097077e+03
3.870353286965206735e+03
3.870377762338968751e+03
3.870574832351364876e+03
3.870915195930754635e+03
3.871210495936367806e+03
3.871754816999791728e+03
3.871783190377879237e+03
3.872531264361679405e+03
3.874118248201937604e+03
3.874144356787483048e+03
3.874384936354557340e+03
3.874992930808174606e+03
3.875961280239162988e+03
3.876518000835498242e+03
3.876692332645075567e+03
3.876771721471739966e+03
3.877265530452797975e+03
3.879134580163509327e+03
3.879249859252742226e+03
3.879573819779236601e+03
3.880103671839880462e+03
3.880798253700533223e+03
3.881056029027304703e+03
3.881265101222201338e+03
3.882053950418772274e+03
3.882119110183663452e+03
3.882161190330884438e+03
3.882191999755834331e+03
3.882655636346891697e+03
3.883212383484278234e+03
3.883228435779109532e+03
3.883425024063063574e+03
3.883702061115241122e+03
3.883732415102538198e+03
3.883913596007511387e+03
3.884527546662448003e+03
3.884596224270897437e+03
3.884674865456614498e+03
3.885063361759629061e+03
3.886239492471321682e+03
3.888079907547619769e+03
3.888425273353971988e+03
3.889174803621956471e+03
3.889407143648538295e+03
3.889695952429923636e+03
3.890059665088017937e+03
3.891200408338161196e+03
3.891365973565648346e+03
3.891913604854248206e+03
3.891943413428072745e+03
3.892761258835061199e+03
3.893479639058842167e+03
3.893920300432158001e+03
3.894795723448070930e+03
3.895079189921632405e+03
3.895478732532447339e+03
3.895657239976565506e+03
3.895904976883248764e+03
3.896130025777235005e+03
3.896765005026175913e+03
3.896804854212611644e+03
3.897066760384522240e+03
3.897627656108646079e+03
3.898645083219966182e+03
3.899004983380404155e+03
3.899226881716066146e+03
3.899671409928922913e+03
3.900015848079689022e+03
3.900072880330353655e+03
3.900123086831752516e+03
3.900906261406848444e+03
3.901115898245417611e+03
3.901307873986974300e+03
3.901597257171319143e+03
3.901731198387890345e+03
3.902036452207076763e+03
3.902772476521654426e+03
3.902861686207663297e+03
3.902910106476912460e+03
3.903201038101849008e+03
3.903416900426565917e+03
3.903457804215895521e+03
3.903493469850928705e+03
3.903620980590185354e+03
3.903826943912229126e+03
3.904184705607573505e+03
3.904499550113141140e+03
3.904579451893808709e+03
3.904692988592230449e+03
3.904751421283462150e+03
3.905387359125045350e+03
3.905409602947569056e+03
3.905664263572870368e+03
3.905713022782287680e+03
3.905883159742275893e+03
3.906120483206461813e+03
3.906595956611797192e+03
3.906640335308848989e+03
3.906660843896354891e+03
3.906751298228605719e+03
3.907037706516346134e+03
3.907328064882190120e+03
3.907934070779300328e+03
3.908501235115015334e+03
3.908699023300784575e+03
3.908751200572222388e+03
3.909006067715200970e+03
3.909148964355826138e+03
3.909565438562577583e+03
3.909847649645771980e+03
3.910252676712326320e+03
3.910439759960504944e+03
3.910683645081852319e+03
3.911460835127217251e+03
3.911662109105006948e+03
3.912097571916285233e+03
3.912099048315453729e+03
3.912152751882396387e+03
3.912235504030655648e+03
3.912564118151632556e+03
3.912700347755490839e+03
3.913464304941815499e+03
3.914224690842025666e+03
3.914387319731096341e+03
3.914747557086428060e+03
3.914782096074831315e+03
3.915505703973339678e+03
3.915613751626839530e+03
3.915680600268478884e+03
3.915682911681661608e+03
3.916179774852261289e+03
3.917336459105959420e+03
3.917560980024014953e+03
3.918021950506494704e+03
3.918462910240451038e+03
3.919060716727175532e+03
3.919213057159436630e+03
3.919295766958075092e+03
3.919347204136754044e+03
3.919500236684666561e+03
3.919767649509591593e+03
3.920025076455227008e+03
3.920128119788963431e+03
3.920338918748433571e+03
3.920697002613138011e+03
3.920893760324479899e+03
3.920958576205398458e+03
3.921274857431571036e+03
3.921307370294798147e+03
3.921704515150817315e+03
3.922274057799163529e+03
3.922353138545592174e+03
3.922528093741594148e+03
3.922825418029652155e+03
3.922829996694232250e+03
3.923893538710429766e+03
3.923994744839026225e+03
3.924911627343055898e+03
3.925141247728518010e+03
3.925162121565603684e+03
3.925169388188672656e+03
3.925560143267898638e+03
3.925679865846830580e+03
3.925874751391189420e+03
3.926081868207676052e+03
3.926331874237032025e+03
3.926401808253435775e+03
3.926889531991385411e+03
3.926947725771625301e+03
3.927058710060073281e+03
3.927310894483632637e+03
3.927341201726912004e+03
3.927444887378894236e+03
3.927909112422268663e+03
3.927986215416590767e+03
3.928430541310377976e+03
3.928465269044272191e+03
3.928707034817400199e+03
3.929075198120098321e+03
3.929285628160544547e+03
3.929312182616027712e+03
3.929899176623032872e+03
3.930159107607550595e+03
3.930308473947377479e+03
3.930944028263508244e+03
3.931132412590422064e+03
3.931151815833278306e+03
3.931654093920360538e+03
3.931827614984385491e+03
3.932235964932565821e+03
3.932377366489497945e+03
3.932388734433250647e+03
3.933751239971427367e+03
3.933929921827146700e+03
3.934183580833363067e+03
3.934359860497904265e+03
3.934503281048429471e+03
3.934933657225413299e+03
3.935063628177281771e+03
3.935242769662947921e+03
3.935381602462270166e+03
3.936081288938582020e+03
3.936774946952155005e+03
3.936873354762673443e+03
3.937039072119220691e+03
3.937071747179847080e+03
3.937303595232723183e+03
3.937740700903815195e+03
3.937782192314250096e+03
3.937840735888729341e+03
3.937911042584101324e+03
3.937963593358913386e+03
3.937996761854158194e+03
3.938080817302252854e+03
3.938110072791969287e+03
3.938154356765066041e+03
3.938154736089753442e+03
3.938249918001595688e+03
3.939097184010698584e+03
3.939102217070721508e+03
3.939279375638033343e+03
3.939543112049237607e+03
3.939781197224043353e+03
3.940054665405845753e+03
3.940192460024934462e+03
3.940435735475231468e+03
3.940511441004164226e+03
3.940625654945348288e+03
3.940779824210196239e+03
3.940875169527593243e+03
3.941089990363270772e+03
3.941469626035601323e+03
3.942013443640268633e+03
3.942196001770099883e+03
3.942483405185369975e+03
3.942553319285095768e+03
3.942924418625193994e+03
3.943106287555263862e+03
3.943150341297093291e+03
3.943413190840955849e+03
3.943585802923736082e+03
3.944780403800774366e+03
3.944864795567083547e+03
3.944958839665965570e+03
3.945797449362235056e+03
3.945882955942627632e+03
3.946009448224723656e+03
3.946405454455458312e+03
3.946725486859658758e+03
3.946899431517851554e+03
3.947028884279788599e+03
3.947250164422741364e+03
3.947298308039072253e+03
3.947560847549977098e+03
3.948330006976926597e+03
3.949255489216907790e+03
3.949317805298524036e+03
3.949611127653955919e+03
3.950717324740111508e+03
3.950731170126195593e+03
3.951042822053147574e+03
3.951045792343355060e+03
3.951159116818132588e+03
3.951203230590670046e+03
3.951228085035115782e+03
3.951330743524020363e+03
3.951397363336312537e+03
3.951512996692106299e+03
3.951658280227726209e+03
3.951846015436935886e+03
3.952071643245431915e+03
3.952203134404837328e+03
3.952826786383156104e+03
3.952858321849274034e+03
3.953244550497303408e+03
3.953588663026289851e+03
3.953897786708973399e+03
3.953939344048522798e+03
3.953999884983205902e+03
3.954365413084085048e+03
3.954375076665465713e+03
3.955037365427659552e+03
3.955657792577315831e+03
3.955749616669602801e+03
3.956417569943722810e+03
3.956808262737558834e+03
3.957315560612604713e+03
3.957386747008954444e+03
3.957774489737558270e+03
3.958438140793177809e+03
3.958944795720875391e+03
3.959086089062616338e+03
3.959194191172818137e+03
3.959511761954310259e+03
3.959562857660460395e+03
3.959724693848387233e+03
3.959814245703188135e+03
3.959961892394833285e+03
3.960340962777112964e+03
3.960351890134170390e+03
3.960898067757359058e+03
3.960921177876018646e+03
3.961060656744541575e+03
3.961115217983299772e+03
3.961351301607838650e+03
3.961822133981152547e+03
3.962051133184982518e+03
3.962184756764920621e+03
3.962786328459035758e+03
3.962967852691499047e+03
3.963515033538589705e+03
3.964121006394573214e+03
3.964140363198820069e+03
3.964252875821875932e+03
3.964281542793077733e+03
3.964290021696863732e+03
3.964423350722507166e+03
3.964456381927499478e+03
3.964691928817754615e+03
3.964840743693276181e+03
3.966019876435407696e+03
3.966032949005749288e+03
3.966038773259258051e+03
3.966448064657891791e+03
3.966458145570710258e+03
3.966794770568035801e+03
3.966885002567325955e+03
3.967764423880072627e+03
3.968051130697648659e+03
3.968226518617058900e+03
3.968333502485340432e+03
3.968418545070006076e+03
3.968506684253654385e+03
3.969148451205456240e+03
3.969191592064279121e+03
3.969474897386699922e+03
3.969557884164854386e+03
3.969915956395457670e+03
3.970018880837438246e+03
3.970082709610871007e+03
3.970802379097113771e+03
3.971176309097141257e+03
3.972298877398775403e+03
3.972451868056818512e+03
3.972578318435771052e+03
3.972655033678130167e+03
3.972658767603942579e+03
3.973384882215679681e+03
3.973725093655766159e+03
3.974024226200214343e+03
3.974379734941742299e+03
3.974560723178127773e+03
3.974960239577378616e+03
3.974987694371848647e+03
3.975429045656238941e+03
3.975544410602739390e+03
3.975620966055051667e+03
3.975654594545781038e+03
3.975660720647799280e+03
3.975666940269185488e+03
3.975675850156550950e+03
3.975798900651384884e+03
3.976019432267811681e+03
3.976037138901904655e+03
3.976092742302412717e+03
3.976416150137264594e+03
3.976526166726419433e+03
3.977049472370117655e+03
3.977381852036070086e+03
3.977479307366148987e+03
3.977710543231004067e+03
3.978633891605039025e+03
3.978790083709822284e+03
3.978973852449163132e+03
3.979141822483907163e+03
3.979379133564309086e+03
3.979510475442164079e+03
3.979913292429007015e+03
3.980567142186192541e+03
3.980573881299889763e+03
3.980992091056638401e+03
3.981017539830466831e+03
3.981114970593197086e+03
3.981202381789586980e+03
3.981272766974061142e+03
3.981288962361365975e+03
3.981740155209928616e+03
3.981767324644620203e+03
3.982174461188971236e+03
3.982323789490704712e+03
3.982363375422133231e+03
3.982493757592092152e+03
3.982634003937152556e+03
3.983107634660887470e+03
3.984138967261395919e+03
3.984190673962954861e+03
3.984578865525468245e+03
3.984581065302527350e+03
3.984988958399310832e+03
3.985038344779223735e+03
3.985231244768229772e+03
3.985687979905073007e+03
3.985998174386106712e+03
3.986060062494838348e+03
3.986363851000453451e+03
3.986380228227965745e+03
3.986445640733220898e+03
3.986642990986226778e+03
3.986681104997274815e+03
3.986757945589760766e+03
3.986849359535915937e+03
3.986874811401218267e+03
3.986996217793242522e+03
3.987388124161651376e+03
3.988479340741159376e+03
3.988532658055285538e+03
3.988819653011684295e+03
3.989535198344328364e+03
3.989601647216265064e+03
3.990347705935633712e+03
3.990550398267868331e+03
3.991035964934882031e+03
3.991117155489547713e+03
3.991246576345639369e+03
3.991564359038657585e+03
3.991624049562825348e+03
3.991672937798347903e+03
3.992296526206901035e+03
3.992589794557185087e+03
3.992658269770939114e+03
3.992780433449908742e+03
3.992797267307466882e+03
3.993291906414910045e+03
3.993975222146646502e+03
3.994010308337183233e+03
3.994010821929107351e+03
3.994134642991718465e+03
3.994502482556932137e+03
3.994696088094697188e+03
3.994831466382268900e+03
3.994887704617687177e+03
3.995005306805077907e+03
3.995176564934909948e+03
3.995795064006412304e+03
3.995895618676590402e+03
3.996280631495832040e+03
3.996624172594879838e+03
3.996805112123346134e+03
3.996870320573370464e+03
3.996893620009142523e+03
3.997168665774113833e+03
3.997294099162674229e+03
3.997651001437840478e+03
3.997767043018092863e+03
3.998166354948436037e+03
3.998269888176637778e+03
3.998623796504882193e+03
3.998701718898669697e+03
3.998806057274986415e+03
3.998813420110265270e+03
3.998824997212333074e+03
3.998992468587082840e+03
3.999237897428296492e+03
3.999845508327501648e+03
3.999885074088711917e+03
3.999902289915673464e+03
3.999972522165218379e+03
4.000420597973783515e+03
4.000502570987308900e+03
4.000667160508997313e+03
4.001076573923023716e+03
4.001324399020454166e+03
4.001390993772143702e+03
4.001690977851846583e+03
4.001761029381575554e+03
4.002115451303264763e+03
4.002172781226335701e+03
4.002679677836923929e+03
4.002742565755891064e+03
4.002913201737902909e+03
4.003351768018218991e+03
4.003879815236379272e+03
4.004331029281331212e+03
4.004469191912210590e+03
4.004968639094219725e+03
4.005070984298123221e+03
4.005081711200798054e+03
4.006539529207715077e+03
4.006790517249670756e+03
4.007172590451040833e+03
4.007862943356000869e+03
4.008956737114867337e+03
4.009169821948599747e+03
4.009445428892357086e+03
4.009525101985320362e+03
4.009528176069541587e+03
4.010087349545098732e+03
4.010152144329387738e+03
4.010568740708314181e+03
4.010921343261806669e+03
4.010999665787993308e+03
4.011439001800341430e+03
4.012069885811724362e+03
4.012081697860217901e+03
4.012095088911895346e+03
4.012181614081132466e+03
4.012812537332747070e+03
4.012893545086499216e+03
4.013175595714708834e+03
4.013339047172823484e+03
4.013458904858465758e+03
4.013838414178039329e+03
4.013987985677925735e+03
4.014587405713580665e+03
4.014594013638883553e+03
4.015184668278891877e+03
4.015487616791267101e+03
4.015757834050832571e+03
4.016329298558925075e+03
4.016436437030549314e+03
4.016439924300674647e+03
4.016559344401812723e+03
4.016655448942235125e+03
4.016779919042714482e+03
4.017019819724288482e+03
4.017327673244466041e+03
4.017436281238341508e+03
4.017820534267268158e+03
4.017885229497405817e+03
4.017951130369279326e+03
4.018115750895911333e+03
4.018497081164709925e+03
4.018723448954206106e+03
4.018874204044921953e+03
4.019066817926711792e+03
4.019168258869869533e+03
4.019416452203681274e+03
4.019426153470869394e+03
4.019567767243238450e+03
4.019712135614491217e+03
4.020538101100009044e+03
4.020585577384566022e+03
4.020688403422895590e+03
4.020711161862412155e+03
4.020783431502048643e+03
4.020867009315014457e+03
4.021064586244106522e+03
4.021143301574249563e+03
4.021473244280953168e+03
4.021685817076632702e+03
4.022149289540137488e+03
4.022221581483404407e+03
4.022365478055107815e+03
4.022406027385524339e+03
4.022471255803889562e+03
4.022758993135695164e+03
4.022774872135619262e+03
4.023210120175962857e+03
4.023314158066817527e+03
4.023423279528139574e+03
4.023524300277073053e+03
4.023628082889761572e+03
4.023827496083218193e+03
4.023851819327671819e+03
4.023958343640839303e+03
4.024177817415776644e+03
4.024454055090478505e+03
4.024454281968163741e+03
4.024735818620754799e+03
4.024865109309694162e+03
4.025399765076105268e+03
4.025439479938086606e+03
4.025508911528637782e+03
4.025534849152637435e+03
4.025627697144796457e+03
4.026189071063645770e+03
4.026733737009263677e+03
4.026860522717726326e+03
4.027031641469937767e+03
4.027316705421752886e+03
4.027347849802960354e+03
4.027500724236959286e+03
4.027666763309015096e+03
4.027921816947591651e+03
4.027977570316318179e+03
4.028405805731892997e+03
4.028796829711258397e+03
4.028880823034563946e+03
4.029541530235773735e+03
4.029553107693609036e+03
4.029891914951911986e+03
4.030117110849426354e+03
4.030676747403812897e+03
4.030814489391776533e+03
4.030864325136013576e+03
4.031033150796995869e+03
4.031110117634931157e+03
4.031184494473385257e+03
4.031708773194134210e+03
4.032036231295480775e+03
4.032226483032395208e+03
4.032368900727515211e+03
4.032382301025020752e+03
4.032464186663949022e+03
4.032874229412589102e+03
4.032881136520330983e+03
4.032996096231809588e+03
4.033079910395455954e+03
4.033135073784700580e+03
4.033233901552621774e+03
4.034199727999856350e+03
4.034448262010700546e+03
4.034545568400790216e+03
4.034673516777836994e+03
4.034744460819663800e+03
4.034973834325651751e+03
4.035028580577257799e+03
4.035079558048991657e+03
4.035160961720122941e+03
4.035464106845227434e+03
4.035560713395683251e+03
4.035654881808032314e+03
4.035697043290289002e+03
4.036011181681247308e+03
4.036228978013260985e+03
4.036250241050329350e+03
4.036281217308127452e+03
4.036344819886607183e+03
4.036838162683990049e+03
4.037107185657787795e+03
4.037194982967846045e+03
4.038310070429343796e+03
4.038708434174321610e+03
4.038737045119544291e+03
4.038785781580118964e+03
4.039064351777676620e+03
4.039299523438545748e+03
4.039374829331773981e+03
4.040327469287273743e+03
4.040354754987612978e+03
4.040357838790248024e+03
4.040595491098915772e+03
4.040953630495102516e+03
4.041088866807472641e+03
4.041097214381161848e+03
4.041228717716280698e+03
4.041351767813442621e+03
4.041526892817262251e+03
4.042696509277475343e+03
4.042782665264317075e+03
4.042901488048310057e+03
4.042970383074005440e+03
4.042986136893161984e+03
4.043026162652498442e+03
4.044235850453918374e+03
4.044282482425291164e+03
4.044382185548281541e+03
4.044551176072877297e+03
4.044868330979579696e+03
4.045497685373249624e+03
4.045584215133059388e+03
4.045817262570804360e+03
4.045911630247544053e+03
4.045917488426668115e+03
4.046362981799417867e+03
4.046758955394184795e+03
4.047454267749547853e+03
4.047562787838247004e+03
4.047756556206152709e+03
4.048154104422468208e+03
4.048448536986426006e+03
4.048494838413738307e+03
4.048715103023482698e+03
4.048745841794561784e+03
4.048822643550159228e+03
4.048865843846977441e+03
4.049146144764861674e+03
4.049294866351565361e+03
4.049392890776217882e+03
4.049438902255194080e+03
4.049710851871224349e+03
4.049885523599628414e+03
4.050335910247604261e+03
4.050764282016607012e+03
4.050920496789608478e+03
4.050965762154888580e+03
4.051314211289629839e+03
4.051326311914564030e+03
4.051421842614105572e+03
4.051508413844630013e+03
4.051722689506633287e+03
4.051964999972564328e+03
4.052031012215336432e+03
4.052561667449312154e+03
4.052916951481069646e+03
4.052920653001181108e+03
4.053117816404611858e+03
4.053440262012785297e+03
4.053460858270437711e+03
4.053923165510414947e+03
4.053965992748345798e+03
4.054090015178595422e+03
4.054162750433470137e+03
4.054224208685781832e+03
4.054478252658201654e+03
4.054478848617744916e+03
4.054963953116778612e+03
4.055020813482019548e+03
4.055136266433999026e+03
4.055145108685162995e+03
4.055291680706830448e+03
4.055681209279427094e+03
4.055850556429494191e+03
4.056048066907318571e+03
4.056054220970027927e+03
4.056156160092454229e+03
4.056196606120233355e+03
4.056244675843224741e+03
4.056947444945292318e+03
4.057542255530888724e+03
4.057608144545849427e+03
4.057629599492892794e+03
4.058121281554037523e+03
4.058331662720663189e+03
4.058893358110540248e+03
4.058950166688621266e+03
4.059257710286542533e+03
4.059635391737634563e+03
4.059691309154449755e+03
4.060117624101433194e+03
4.060266122979374359e+03
4.060857683784661276e+03
4.061060465391180514e+03
4.061150796481208545e+03
4.061225081579942071e+03
4.061515256068929830e+03
4.061694262335036001e+03
4.062008757678206166e+03
4.062400614810380375e+03
4.062610003529160622e+03
4.062852412300222568e+03
4.063040960994409033e+03
4.063254034782586132e+03
4.064138292770669977e+03
4.064406449168740437e+03
4.064520281022573727e+03
4.065395217198844421e+03
4.065666684052153869e+03
4.066028310236120433e+03
4.066118469419508529e+03
4.066250916483299989e+03
4.066296779425096702e+03
4.066346734296351315e+03
4.066685146404720854e+03
4.066870918207731847e+03
4.067043642942222050e+03
4.067114275857670236e+03
4.067343037720630491e+03
4.067652261286400062e+03
4.068849071164380803e+03
4.068937978167613892e+03
4.069290319400949102e+03
4.069445748865918631e+03
4.069521684911007924e+03
4.069667244967916304e+03
4.069933105525988140e+03
4.071168421387381841e+03
4.071199373694236783e+03
4.071204952521593441e+03
4.071255907663293783e+03
4.071396004629930758e+03
4.071401858535923111e+03
4.071548631354807185e+03
4.072020487769311330e+03
4.072049875480564879e+03
4.072288061912572175e+03
4.072650305540717909e+03
4.072664852349330886e+03
4.072921665436089825e+03
4.073087745036293654e+03
4.073116002514063439e+03
4.073159923926768442e+03
4.073468935850853995e+03
4.073575604577884860e+03
4.073860910744994271e+03
4.074221141939205609e+03
4.074905594233240663e+03
4.074999872996555041e+03
4.075157480192404819e+03
4.075267436649515275e+03
4.075427042501191409e+03
4.075536498278137515e+03
4.075558435617856048e+03
4.075645781494510629e+03
4.075755636729950311e+03
4.075758915158376567e+03
4.075854706226502458e+03
4.076308340859393866e+03
4.076310968502442847e+03
4.076338621519911612e+03
4.076680806768764342e+03
4.076780201627000224e+03
4.076799493484318191e+03
4.076841240927974013e+03
4.076918710822939829e+03
4.077127830932367488e+03
4.077226116405919583e+03
4.077261576892277390e+03
4.077574321325721030e+03
4.078083163333924404e+03
4.078111734885430451e+03
4.078299520177978593e+03
4.078513903477128224e+03
4.078854800820713081e+03
4.078942373263185800e+03
4.079788069893143529e+03
4.079809065521479624e+03
4.080324799617964800e+03
4.080842259680027837e+03
4.081277854796077463e+03
4.081314215724842597e+03
4.081346694677537926e+03
4.081485003944311302e+03
4.081530486671145354e+03
4.081727846807691549e+03
4.081804500743833160e+03
4.081864992666229682e+03
4.081953667596965715e+03
4.082015873934669798e+03
4.082571477952192254e+03
4.082758617417997812e+03
4.082833589198183745e+03
4.082858552926219090e+03
4.082912458661027813e+03
4.083448455815759644e+03
4.083647597682968808e+03
4.084112390863124347e+03
4.084564468979074263e+03
4.084687319004938217e+03
4.085206275296420245e+03
4.085308375856577186e+03
4.085503892113637448e+03
4.085833522145445841e+03
4.086608843775602963e+03
4.086822382913243473e+03
4.088035145115553405e+03
4.088616416107674468e+03
4.088671543477084469e+03
4.088735273590280030e+03
4.089010373262731264e+03
4.090060588084851133e+03
4.090547096659180625e+03
4.091233613615370814e+03
4.091379146873899572e+03
4.091400970564874569e+03
4.091427817738935573e+03
4.092075274485682712e+03
4.092213067418166247e+03
4.092850017244721585e+03
4.093065636896225442e+03
4.093131182430373428e+03
4.093326950888944793e+03
4.093456813028918077e+03
4.093471897159475247e+03
4.093986340097266748e+03
4.094462753234566662e+03
4.094608512759910809e+03
4.094724180605665424e+03
4.095027735341979223e+03
4.095089092222052386e+03
4.095503938463527902e+03
4.096096942921685695e+03
4.096206923297628236e+03
4.096386358054638549e+03
4.096482331370196334e+03
4.096614959839035691e+03
4.096843827554233030e+03
4.097135651718382178e+03
4.097159298492018934e+03
4.097233298153239048e+03
4.097485135027846809e+03
4.097656621268052731e+03
4.097682838180422550e+03
4.097746663380040445e+03
4.097847017437375143e+03
4.098218217932745574e+03
4.098292146194902671e+03
4.098457297243852736e+03
4.098871875703369369e+03
4.099008783286947619e+03
4.099222236359950330e+03
4.099237721785005306e+03
4.100280514074970597e+03
4.100454198587371138e+03
4.100823619276093268e+03
4.101224160141531684e+03
4.101410402669038376e+03
4.101453542184311118e+03
4.102055036045177985e+03
4.102257634984500328e+03
4.102265889734218945e+03
4.102842536580436899e+03
4.103191187789442665e+03
4.103202553824455208e+03
4.103283354629877977e+03
4.103564202425448457e+03
4.103865550971805533e+03
4.104013816912281072e+03
4.104438183755151840e+03
4.104920872557037001e+03
4.105661586168786926e+03
4.105762882525939858e+03
4.105995127006211078e+03
4.106026716084572399e+03
4.106085732415631355e+03
4.106239441214918770e+03
4.106409155685594669e+03
4.106732724446047541e+03
4.106910460458560920e+03
4.106946321398628243e+03
4.106989307137908327e+03
4.107451663744078360e+03
4.107962862665660396e+03
4.108446218961516024e+03
4.108568896724320439e+03
4.108646537753294979e+03
4.108809422096734124e+03
4.108866430836381369e+03
4.108952155043066341e+03
4.109435077225057285e+03
4.109590676829587210e+03
4.110629156513847192e+03
4.110649298594493303e+03
4.110821489786875645e+03
4.111058502054459495e+03
4.111180772198349587e+03
4.111231308231491312e+03
4.111473339819401190e+03
4.112109350796865328e+03
4.112603015989651794e+03
4.112794288441044955e+03
4.112941413981711776e+03
4.112979922030273883e+03
4.113051979977048177e+03
4.113062954494879705e+03
4.113602388359448923e+03
4.113780422189517594e+03
4.114245943917651857e+03
4.114698795621693534e+03
4.114849361453283564e+03
4.114989581010609072e+03
4.115221066621563295e+03
4.115581122207058797e+03
4.115867523979630278e+03
4.116124820727703082e+03
4.116130110667733788e+03
4.116175925811191519e+03
4.116267965715629543e+03
4.116783517450335239e+03
4.117074210131993823e+03
4.117326702080794348e+03
4.117461256073964250e+03
4.117473081550825555e+03
4.118541283667577773e+03
4.118903524094172099e+03
4.119154396207897662e+03
4.119330894901068859e+03
4.119671374227686101e+03
4.119687170227708521e+03
4.119736388740118855e+03
4.119817024623991529e+03
4.119998372615058543e+03
4.120020554800471473e+03
4.120176111086309902e+03
4.120346112096721299e+03
4.120715396033432626e+03
4.120883969635026006e+03
4.121045049548910356e+03
4.121633408675579631e+03
4.122093909253185302e+03
4.122233960148201731e+03
4.122660302736339872e+03
4.122693073660117079e+03
4.122999874069697398e+03
4.123063280891188697e+03
4.123214835368573404e+03
4.123310461291197498e+03
4.123839293471593010e+03
4.124022992339448137e+03
4.125503930109426619e+03
4.125895857911755229e+03
4.126099841372873925e+03
4.126461758672568067e+03
4.126482060047498635e+03
4.126631181754673889e+03
4.127521101910260768e+03
4.128211441813168676e+03
4.128227792516085174e+03
4.128839715862741286e+03
4.128985557060947940e+03
4.129083143884247875e+03
4.129084589688496635e+03
4.129728996314262076e+03
4.130358276937756273e+03
4.130526321335172725e+03
4.130750960857076279e+03
4.131123536120592689e+03
4.131244356499296373e+03
4.131396942965055132e+03
4.131609535791706548e+03
4.131862180914556120e+03
4.132457520654586915e+03
4.132465029675884580e+03
4.132622854377748808e+03
4.132982051938916811e+03
4.133083916517756734e+03
4.133511571363647818e+03
4.134156540827106255e+03
4.134406865518560153e+03
4.134456938859920228e+03
4.134987027731659509e+03
4.135256153769623779e+03
4.135521558469054071e+03
4.135699980583336583e+03
4.135742545273305041e+03
4.136204654522912278e+03
4.136447936440711601e+03
4.136482562451248668e+03
4.136959386310662012e+03
4.137571961526670748e+03
4.137588304340014474e+03
4.137600937839059043e+03
4.137811021734225505e+03
4.138061220668649185e+03
4.138521864354349418e+03
4.139084251204693828e+03
4.139340711662582180e+03
4.139382956775990351e+03
4.140109256536603425e+03
4.140351450988597207e+03
4.140768224445488158e+03
4.140913657402764329e+03
4.140922692701323285e+03
4.141062533047927900e+03
4.141232773818339410e+03
4.141278346313534712e+03
4.141791038601286346e+03
4.142447114707263609e+03
4.142693324884112371e+03
4.142936558606431390e+03
4.143090989737000200e+03
4.143129874071951235e+03
4.143219139569123399e+03
4.143348781163739659e+03
4.143369167520407245e+03
4.143807913012734389e+03
4.143878521618181367e+03
4.144262630116399123e+03
4.144810050690620301e+03
4.144868355558840449e+03
4.145063395768134797e+03
4.145130639900784445e+03
4.145395431323161574e+03
4.145732197853306388e+03
4.146138387047494689e+03
4.146473307528251098e+03
4.147140524976161032e+03
4.147228347145312000e+03
4.147592520726894691e+03
4.148147444528287451e+03
4.148412985732275956e+03
4.148463827365978432e+03
4.148513443680493765e+03
4.148559077874452669e+03
4.148754533984975751e+03
4.149009805088422581e+03
4.149535590055547800e+03
4.149981384610754503e+03
4.149982291508626986e+03
4.151165742887609667e+03
4.152407031391559940e+03
4.152431927986873234e+03
4.153567667448221982e+03
4.153723463497728517e+03
4.153835755666533260e+03
4.153858159846312446e+03
4.153966296739620702e+03
4.154189023660647763e+03
4.154206516172809643e+03
4.154525317929153061e+03
4.155445334794198061e+03
4.155731665692562274e+03
4.155761622256790361e+03
4.155799845930516312e+03
4.155951893594016838e+03
4.156088978558386771e+03
4.156184538904362853e+03
4.156385238945550554e+03
4.156622448631286716e+03
4.157329664511732517e+03
4.157366755573872069e+03
4.157512013928318993e+03
4.157601616478848882e+03
4.157739107925370263e+03
4.157956347100536732e+03
4.158302646392404313e+03
4.158318880943916156e+03
4.158369668178115717e+03
4.158645887487936307e+03
4.158700474931919416e+03
4.158730239042347421e+03
4.158802548883717463e+03
4.159073100941744087e+03
4.159180742237986124e+03
4.159269180678466910e+03
4.159718171132038151e+03
4.160082312849153823e+03
4.160206391734607678e+03
4.161383096436346932e+03
4.161463704212437733e+03
4.161631819123974310e+03
4.161738844525102650e+03
4.161976307007501418e+03
4.162017437372765926e+03
4.162066672868126261e+03
4.162072591727920553e+03
4.162887704557180768e+03
4.163246772519446495e+03
4.163434559095710028e+03
4.163559224762147096e+03
4.164126570862081280e+03
4.164556440246205057e+03
4.165004910306631245e+03
4.165273552178686259e+03
4.165504597364177243e+03
4.165976878850683534e+03
4.166268921544857221e+03
4.166735806718233107e+03
4.166739160711457771e+03
4.167090767134056478e+03
4.168060375049531103e+03
4.168520016880864205e+03
4.168743630419573492e+03
4.169225715023451812e+03
4.169338741917607877e+03
4.169591678490331105e+03
4.169835925366150150e+03
4.169972863006401894e+03
4.170445755330224529e+03
4.170929252114792689e+03
4.171194508976785983e+03
4.171596548512827212e+03
4.172172950183123248e+03
4.172675323236436270e+03
4.172694267574459445e+03
4.172866628531161041e+03
4.173238479152984837e+03
4.173304709993765755e+03
4.173775265377446885e+03
4.173961788544251249e+03
4.174073403420808063e+03
4.174375330566524099e+03
4.174465845036451356e+03
4.174782901186215895e+03
4.175129551551538498e+03
4.175711483108600987e+03
4.176034143996788771e+03
4.176059095822281961e+03
4.176320845889874363e+03
4.176437320864959474e+03
4.176749668890751309e+03
4.176989852480978698e+03
4.177395331621553851e+03
4.178209922838465900e+03
4.178337443812594756e+03
4.178370188958608196e+03
4.178380260371106488e+03
4.178778292559367401e+03
4.179242301703428893e+03
4.179460514746579065e+03
4.179583241896311847e+03
4.179640174619485151e+03
4.179793715202350540e+03
4.179853866408089743e+03
4.179933966350596165e+03
4.180084613350528343e+03
4.180157638735721775e+03
4.180837671462040817e+03
4.180969683497402002e+03
4.181084776172609054e+03
4.181329367795467078e+03
4.181573471875810355e+03
4.182289736352838190e+03
4.182597434065161906e+03
4.182782913047596594e+03
4.182906212893721204e+03
4.182989519173695953e+03
4.183007189612964794e+03
4.183069565147093272e+03
4.183495435666753110e+03
4.183688903324698913e+03
4.184151185053017798e+03
4.184319841201891904e+03
4.185113925444627966e+03
4.185177603922781600e+03
4.185178189779337117e+03
4.185181911473961918e+03
4.185282405559750259e+03
4.185937383752389906e+03
4.186176241154016680e+03
4.186775639988612966e+03
4.186866352093088608e+03
4.187044401177263353e+03
4.187050700262919236e+03
4.187350591334550700e+03
4.187498305944415733e+03
4.187770630597146919e+03
4.187975006892626880e+03
4.188003564245737834e+03
4.188449903771143909e+03
4.188492147694591040e+03
4.188528743503640726e+03
4.188655772847539993e+03
4.188835442394220081e+03
4.188861148200542630e+03
4.189145298356454077e+03
4.190421750872903431e+03
4.190831812702763273e+03
4.191271413434960778e+03
4.191668912764906963e+03
4.192107640455059482e+03
4.192122774611548266e+03
4.192658198706270923e+03
4.192806047257347927e+03
4.192821175809571287e+03
4.192823499741755768e+03
4.193313843847649878e+03
4.193398027121470477e+03
4.193551790079806779e+03
4.193974329834713899e+03
4.194015582892945531e+03
4.194141239334921011e+03
4.194194465869214582e+03
4.194308846734522376e+03
4.194623213590689375e+03
4.195757532123281635e+03
4.195797471651198066e+03
4.195924205544866709e+03
4.196478634542955660e+03
4.197604790819050322e+03
4.197841193455804387e+03
4.197949121680043390e+03
4.198286395728317984e+03
4.198681260541051415e+03
4.198740710333975585e+03
4.198803835014674405e+03
4.199097150843765121e+03
4.200072262355360181e+03
4.200271750573827376e+03
4.200282912758247221e+03
4.200642275803642406e+03
4.200736375933152885e+03
4.200789646673876632e+03
4.200936495406923314e+03
4.201016354394791961e+03
4.201507651009593246e+03
4.201601742590906724e+03
4.201689393824415674e+03
4.201716279462589227e+03
4.201741130652882021e+03
4.202087276190987723e+03
4.202165984101115100e+03
4.202432459065864350e+03
4.202466939416667628e+03
4.202644449988341876e+03
4.202701699279342392e+03
4.202775756730770809e+03
4.202803486045872887e+03
4.202987922361290657e+03
4.203346376193549077e+03
4.203529528310099522e+03
4.203561404000807670e+03
4.203653950624962818e+03
4.204194513891409770e+03
4.204223898984867446e+03
4.204341192450859126e+03
4.204484991331271885e+03
4.204488359476889855e+03
4.204609875220417052e+03
4.204644737741254175e+03
4.205506717313742229e+03
4.205536925712906850e+03
4.205557373023786568e+03
4.205571215629529433e+03
4.205751873224969131e+03
4.205904964614423989e+03
4.205970445122023193e+03
4.206003517088632179e+03
4.206070869791985388e+03
4.206083992130225852e+03
4.206153275796117669e+03
4.206488097738538272e+03
4.206770908972032885e+03
4.206925644165530684e+03
4.206933200540337566e+03
4.207114908091737561e+03
4.207192634212959092e+03
4.207611446412694931e+03
4.207689674965326958e+03
4.207742150457369462e+03
4.207904199658175457e+03
4.208537217553176561e+03
4.208556007451594269e+03
4.208589358150696171e+03
4.208862590583447854e+03
4.209127061896225314e+03
4.209234930671292204e+03
4.209557028758477827e+03
4.209619055128362561e+03
4.209632874144617745e+03
4.209893083104778270e+03
4.210020901973230139e+03
4.210025398411517926e+03
4.210031395668329424e+03
4.210136745284474273e+03
4.210519484705615469e+03
4.210724518339759015e+03
4.210811213249756292e+03
4.211176164184258596e+03
4.211266820922056468e+03
4.211324195090230205e+03
4.211334890419378098e+03
4.211605487477157112e+03
4.211775915921300111e+03
4.211835585876807272e+03
4.212083448820616468e+03
4.212146347298491492e+03
4.212478786876940831e+03
4.212591817873051696e+03
4.212601730225643223e+03
4.212904189314016548e+03
4.213019153573568474e+03
4.213171384089190724e+03
4.213371012213789072e+03
4.213425430177871021e+03
4.213645962441682059e+03
4.213973982625962890e+03
4.214255327162132744e+03
4.214274957763833299e+03
4.214359679671832055e+03
4.214390267573842721e+03
4.214738068167555866e+03
4.214834231003804234e+03
4.215005646270656143e+03
4.215019358127988198e+03
4.215256190650122335e+03
4.215361904757098273e+03
4.215400311397102996e+03
4.215704630042881035e+03
4.215936187259700091e+03
4.216063395267802662e+03
4.216088517111435067e+03
4.216169487118136203e+03
4.216240322520696282e+03
4.216471467273232520e+03
4.216565288025121845e+03
4.216645182620372907e+03
4.216720657950420900e+03
4.217052171213716974e+03
4.217440137308048179e+03
4.217450327616277718e+03
4.217489161158707248e+03
4.218130963482169136e+03
4.218451720937591745e+03
4.219450265635857249e+03
4.219752649352596563e+03
4.219850616517554045e+03
4.219988399523112093e+03
4.220039123178651607e+03
4.220504511434458436e+03
4.220625285626602818e+03
4.221261510196462041e+03
4.221302034066776287e+03
4.221362015262369823e+03
4.221450907299490609e+03
4.221681512703405133e+03
4.221704552969245924e+03
4.221890499877706134e+03
4.222247731732209104e+03
4.222423771090894661e+03
4.222506626667875025e+03
4.222666348128830577e+03
4.222761492367214487e+03
4.223018211578461887e+03
4.223472629574006532e+03
4.223482344218962680e+03
4.223558155782471658e+03
4.223936737090200040e+03
4.223968106337408244e+03
4.224233764162303487e+03
4.224254040492975946e+03
4.224669966453179768e+03
4.224878145752917590e+03
4.225200514356187341e+03
4.225281167754229500e+03
4.225513086391821162e+03
4.225743231512831699e+03
4.226437970850167403e+03
4.226556694564418649e+03
4.226570452147523611e+03
4.226589892424874051e+03
4.226678856826507399e+03
4.226692660760801118e+03
4.226700953394803946e+03
4.226761967645089499e+03
4.227095568089722292e+03
4.227303542064754765e+03
4.227319854624653999e+03
4.227325324464015466e+03
4.227373452391276260e+03
4.227555101168760302e+03
4.227568827623132165e+03
4.228263109083748532e+03
4.228272919921357243e+03
4.228338727740326249e+03
4.228873947342214706e+03
4.229085417788014638e+03
4.229085637079696426e+03
4.229548392503820651e+03
4.229597213019842457e+03
4.229758359033863599e+03
4.229917861156010076e+03
4.229919291703165072e+03
4.229979563116323334e+03
4.230069563452885632e+03
4.230072411080277561e+03
4.230110248528516422e+03
4.230242159141726006e+03
4.230718338837952615e+03
4.230760361433793150e+03
4.230912508029295168e+03
4.231072969830904185e+03
4.231311437424848918e+03
4.231344718592350546e+03
4.231366337445307181e+03
4.231446792282229580e+03
4.231717368129340684e+03
4.231786773403214283e+03
4.231916521624223606e+03
4.231944528985412035e+03
4.232065012526109058e+03
4.232075959313946441e+03
4.232208335535200604e+03
4.232437005743128793e+03
4.232443782701159762e+03
4.232582220703948224e+03
4.232699996958893280e+03
4.232888458321031976e+03
4.233118270274980205e+03
4.233672321597476184e+03
4.233714892478612455e+03
4.233931726950516349e+03
4.234619957484248516e+03
4.234702567094434926e+03
4.234854232503566891e+03
4.235358032603930951e+03
4.235393699831107369e+03
4.235596710958875519e+03
4.235655773542871430e+03
4.235768573345357254e+03
4.236476204860057805e+03
4.236486867204028385e+03
4.236755742761128204e+03
4.237384262312256396e+03
4.237683811056090235e+03
4.237698343673874660e+03
4.237963337614022748e+03
4.238211610810008096e+03
4.238354921098039995e+03
4.238356145372608808e+03
4.238384982275929360e+03
4.238573178239063964e+03
4.238643922128896520e+03
4.239136690965417984e+03
4.239209476124493449e+03
4.239252708404646000e+03
4.239648533257507552e+03
4.239663456846089503e+03
4.240014370991322721e+03
4.240182365820000086e+03
4.240329324850719786e+03
4.240357647686755627e+03
4.240765845038278712e+03
4.240870095463717917e+03
4.241318490455142637e+03
4.241369646519100570e+03
4.241482658303342760e+03
4.241513568762575233e+03
4.241687971574674521e+03
4.241756340827396343e+03
4.241858034167900769e+03
4.241975693168098587e+03
4.242019367807681192e+03
4.242231137331364152e+03
4.242618482832918744e+03
4.243107482178520513e+03
4.243354567172084899e+03
4.243688621557635088e+03
4.243805071677632441e+03
4.243911919976690115e+03
4.244068970663333857e+03
4.244440176604914996e+03
4.244636485154745969e+03
4.244815364031368517e+03
4.244852591856209074e+03
4.245644366075855032e+03
4.245825129500284675e+03
4.245866134694399079e+03
4.245934033731659838e+03
4.246192238923148579e+03
4.246222719741925175e+03
4.246482535601380732e+03
4.247213554460659907e+03
4.247472222544578472e+03
4.247655807583186288e+03
4.247784911204837954e+03
4.247888979975828988e+03
4.247973973507238043e+03
4.248022231646019463e+03
4.248092711854670597e+03
4.248425096306272280e+03
4.248513833499032444e+03
4.248568683015707393e+03
4.248770120599043366e+03
4.248795665456969800e+03
4.249420202666316982e+03
4.249620271350408075e+03
4.249724704616536656e+03
4.249763377398760895e+03
4.249860161042623986e+03
4.249924285293282082e+03
4.249963676578140621e+03
4.250051470326250637e+03
4.250112534401445373e+03
4.250140294460792575e+03
4.250158756364180590e+03
4.250286469152175414e+03
4.250442325768423871e+03
4.250554393037755290e+03
4.250911571746573827e+03
4.251168113401955452e+03
4.251283468070275376e+03
4.251355423150537717e+03
4.251456808136155814e+03
4.251508197938547710e+03
4.251536732843330356e+03
4.251629955794958732e+03
4.251782733870682023e+03
4.251836895564739280e+03
4.252011947027252063e+03
4.252375195402908503e+03
4.252687939670400738e+03
4.252846173750857815e+03
4.253112432317971980e+03
4.253112988358519033e+03
4.253519475578574202e+03
4.253753902387597009e+03
4.254127146624410670e+03
4.254196470627351118e+03
4.254452388486448399e+03
4.254700555073465694e+03
4.254795485623131754e+03
4.255212310446434458e+03
4.255299404696457714e+03
4.255310471405908174e+03
4.255849510723821368e+03
4.255873481489932601e+03
4.255895032955560055e+03
4.256019898229211321e+03
4.256223386395133275e+03
4.256412327776635721e+03
4.256459994503959024e+03
4.256661056028856365e+03
4.256678944129485899e+03
4.256705184823948912e+03
4.257137099109013434e+03
4.257242847433892166e+03
4.257532037488101196e+03
4.257612598067701583e+03
4.257904495621709430e+03
4.258110087835710146e+03
4.258121679907442740e+03
4.258198186867019103e+03
4.258245808985564508e+03
4.258385776297369375e+03
4.258552384512001481e+03
4.258626775991504473e+03
4.258671194130456570e+03
4.258699888687602652e+03
4.259221120119163061e+03
4.259245884495609971e+03
4.259431258272325977e+03
4.259523030358069263e+03
4.259648559085943816e+03
4.259675044121167048e+03
4.259918484033370987e+03
4.260002676333824638e+03
4.260184911337395533e+03
4.260438448737948420e+03
4.260496563380067528e+03
4.260509988789307499e+03
4.260681954522608976e+03
4.260738655091648980e+03
4.260740262628724849e+03
4.260797076597129490e+03
4.261345038358746933e+03
4.261378084287533056e+03
4.261554850018548677e+03
4.261610455406995243e+03
4.262095890900035556e+03
4.262324781903656913e+03
4.262407368819975090e+03
4.262498084058011955e+03
4.262515103702648048e+03
4.262666667814452921e+03
4.262898276633510250e+03
4.262959403183735958e+03
4.262979549502045302e+03
4.263347411229578029e+03
4.263378875081459228e+03
4.263608355150669013e+03
4.264151666848579225e+03
4.264180134840314167e+03
4.264202133952162512e+03
4.264337468797248221e+03
4.264366956399000628e+03
4.264420537536469055e+03
4.264426099747524859e+03
4.264501430481008356e+03
4.264506770806855457e+03
4.264525568635527634e+03
4.264781461206040149e+03
4.265142121211301856e+03
4.265788584751448980e+03
4.265964896912204495e+03
4.265997338069078978e+03
4.266336978866704158e+03
4.266382977319854945e+03
4.266450315256155591e+03
4.266494194385268202e+03
4.266756313253234111e+03
4.266781090962371309e+03
4.267023763478887304e+03
4.267048294276752131e+03
4.267425011453206935e+03
4.267466034067659166e+03
4.267469041719122288e+03
4.267928881526295299e+03
4.268061154899448411e+03
4.268070230173142591e+03
4.268100389801526035e+03
4.268234476219439784e+03
4.268682700841833139e+03
4.268696155590093440e+03
4.268734984173419434e+03
4.268947812537760910e+03
4.268988424620310070e+03
4.269000135764519655e+03
4.269282499379623005e+03
4.269310841384118248e+03
4.269326676640370351e+03
4.269537083284973960e+03
4.269640173840047282e+03
4.269682009437150555e+03
4.269700663777205591e+03
4.269819072561015673e+03
4.270208452592062713e+03
4.270258327685043696e+03
4.270622174652457943e+03
4.270641425103262918e+03
4.270706134299212863e+03
4.271195311261167262e+03
4.271254836178218284e+03
4.272037986135455867e+03
4.272068149918663948e+03
4.272362032388406988e+03
4.272571731777527020e+03
4.272693181916234607e+03
4.272697719073896224e+03
4.272725644166162965e+03
4.272814496039574806e+03
4.272990578394889781e+03
4.273436855708827352e+03
4.273486052509786532e+03
4.273587028093093068e+03
4.273881220230951840e+03
4.273943372873020962e+03
4.273985226807201798e+03
4.274006528923198857e+03
4.274205411545322931e+03
4.274788605001383075e+03
4.274812736398767811e+03
4.275017027553046319e+03
4.275392306142646703e+03
4.275453911902920481e+03
4.275536536004065056e+03
4.275556008703712905e+03
4.275724143892967732e+03
4.275856493628767566e+03
4.275873541666886013e+03
4.275973608912075179e+03
4.276050304831732319e+03
4.276100837736508765e+03
4.276206344728669137e+03
4.276265348720006841e+03
4.276388059995868389e+03
4.276501095750322747e+03
4.276628484313827357e+03
4.276876477166721997e+03
4.277153140807327873e+03
4.277326564688432882e+03
4.277447450297543583e+03
4.277575266465832101e+03
4.278063410380726054e+03
4.278119207623521106e+03
4.278360051382173879e+03
4.278525860711107271e+03
4.278765069005999976e+03
4.278864210596797420e+03
4.278877274289644447e+03
4.279009085699423849e+03
4.279321289378893198e+03
4.279363885867812314e+03
4.279459877344071174e+03
4.279536978433721742e+03
4.279610919936103528e+03
4.279663255440972534e+03
4.279792219396234032e+03
4.279996857639751397e+03
4.280011029191164198e+03
4.280300027930832584e+03
4.280781127291562370e+03
4.280847015040008955e+03
4.280938817367708907e+03
4.281558218017774379e+03
4.281875148097311467e+03
4.282050859748912444e+03
4.282240850157581917e+03
4.282278555047670125e+03
4.282371694665306677e+03
4.282472501244672458e+03
4.283349869869396571e+03
4.283614114542344396e+03
4.283981198907572434e+03
4.284040235632613985e+03
4.284064922097170893e+03
4.284177064792310375e+03
4.284264981920279752e+03
4.284378006114142408e+03
4.285362183081616422e+03
4.285455802983184185e+03
4.285539952554212505e+03
4.285583399082263895e+03
4.285621587090852699e+03
4.285657521514602195e+03
4.285818015497785382e+03
4.285854261239372136e+03
4.286145679031288637e+03
4.286163771338208790e+03
4.286199099968294831e+03
4.286463590534432115e+03
4.286599890802637674e+03
4.286753476156933175e+03
4.286805723066673636e+03
4.287085103194428484e+03
4.287192890791959144e+03
4.287223159767202560e+03
4.287366995573483109e+03
4.287381756676721125e+03
4.287455078445357685e+03
4.287473030872729396e+03
4.288016902674893572e+03
4.288201016578485905e+03
4.288211913011999968e+03
4.288394670918750307e+03
4.288777904694086828e+03
4.288904423064173898e+03
4.288932217433819460e+03
4.288950471307181942e+03
4.289040061515551315e+03
4.289247800997800368e+03
4.289354204508006660e+03
4.289393938398680802e+03
4.289412509504074478e+03
4.289412756837406960e+03
4.289965722016741893e+03
4.290196692168223308e+03
4.290275721949625222e+03
4.290287314667602004e+03
4.290367724418683792e+03
4.291053037463433611e+03
4.291116286077356563e+03
4.291233002202850912e+03
4.291629507804909736e+03
4.291633267964544757e+03
4.292038284933030809e+03
4.292844473758460481e+03
4.292929374955556341e+03
4.292929594242870735e+03
4.293044166327240418e+03
4.293180291418599154e+03
4.293312511517095118e+03
4.293533294041506451e+03
4.293600391832535024e+03
4.293721769303889232e+03
4.293907606410474727e+03
4.294435687115087603e+03
4.294516790795596535e+03
4.294516948982280155e+03
4.294978904523793972e+03
4.295015136607565182e+03
4.295402911444289202e+03
4.295452562852610754e+03
4.295609177185619046e+03
4.295885437652421388e+03
4.296003296774119008e+03
4.296438743384341251e+03
4.296498741418424288e+03
4.296521108957483193e+03
4.296553990560396414e+03
4.296701537424282833e+03
4.296958219597300740e+03
4.297082840830221357e+03
4.297439674614108299e+03
4.297447232924566379e+03
4.297539878520079583e+03
4.298093286972822170e+03
4.298213004034620099e+03
4.298444154154520220e+03
4.298675933463217007e+03
4.299088252640440260e+03
4.299180242991000341e+03
4.299189886457862485e+03
4.299266126308138155e+03
4.299364144386936459e+03
4.299622167247146535e+03
4.299796979946267129e+03
4.299801895959097237e+03
4.299873628869420827e+03
4.300240923562852004e+03
4.300423059539808492e+03
4.300849601573873770e+03
4.301171325250752489e+03
4.301313232417267500e+03
4.301326796139668659e+03
4.301640350978133938e+03
4.301680865981107672e+03
4.301726283978803622e+03
4.301848174517982443e+03
4.301858675739207683e+03
4.302082494670209599e+03
4.302262961875180736e+03
4.302513563802506724e+03
4.302934654925103132e+03
4.303328413865156108e+03
4.303331486528552887e+03
4.303368572396362651e+03
4.303436078596360858e+03
4.303553951488689563e+03
4.303784855358961067e+03
4.303832172234718200e+03
4.303909050932547871e+03
4.304321350667794832e+03
4.304390599846565237e+03
4.304482384608957545e+03
4.304543392738696639e+03
4.304610843252893574e+03
4.304842235859787252e+03
4.304958508266743593e+03
4.305141060695378656e+03
4.305365105891546591e+03
4.305406780396478098e+03
4.305729819461652369e+03
4.305901425291551277e+03
4.306064656261301025e+03
4.306171700163545211e+03
4.306171747877057896e+03
4.306279716398287746e+03
4.306631004217359077e+03
4.306686599777269294e+03
4.307066598684120436e+03
4.307095107642034236e+03
4.307292164876673269e+03
4.307721233712944922e+03
4.307833507854671552e+03
4.308042634241681299e+03
4.308138908744776927e+03
4.308159875355494478e+03
4.308236520323617697e+03
4.308939777077838698e+03
4.308956758827254816e+03
4.308997342670702892e+03
4.309017743829637766e+03
4.309208240764370203e+03
4.309245845731381451e+03
4.309260666794854842e+03
4.309322959798621014e+03
4.309507591211647195e+03
4.309573260484611637e+03
4.309635445395982060e+03
4.309875901799542589e+03
4.310297413817732377e+03
4.310354154342840047e+03
4.310493114626019633e+03
4.310512352275420199e+03
4.310586195749486251e+03
4.310664756466766448e+03
4.310966587694437294e+03
4.311096052635156411e+03
4.311213197111334921e+03
4.311455872573072156e+03
4.311598427936748521e+03
4.311673588555820970e+03
4.311720199810606573e+03
4.311740681673632935e+03
4.311902129963567859e+03
4.312092245540009571e+03
4.312360845735312068e+03
4.312419306760727522e+03
4.312489364722358914e+03
4.312649586606215962e+03
4.312781512620987996e+03
4.312787972892198923e+03
4.312916261320342528e+03
4.313084991505881590e+03
4.313390506692385316e+03
4.313409318669958338e+03
4.313748259193983358e+03
4.313970156696811500e+03
4.314045042587301396e+03
4.314058499392553131e+03
4.314072349924016635e+03
4.314330154083544585e+03
4.314709379375013668e+03
4.314847262389051139e+03
4.314930430077175515e+03
4.315258255477793682e+03
4.315641130409921061e+03
4.315924668549174385e+03
4.315933005279245663e+03
4.315948116859173751e+03
4.316139152691344862e+03
4.316187352102599107e+03
4.316369558685519223e+03
4.316385650596467713e+03
4.316864749344456868e+03
4.316897226686434806e+03
4.317215232676387132e+03
4.317413428009123891e+03
4.317443919100204766e+03
4.317499962863642395e+03
4.317835693898611680e+03
4.318005851624328898e+03
4.318277470648723465e+03
4.318388720971809562e+03
4.318646722855070948e+03
4.319066393467475791e+03
4.319246397726788018e+03
4.319277560793194425e+03
4.319363576243210446e+03
4.319385916860400357e+03
4.319444848056871706e+03
4.319550608641194231e+03
4.319732789867227439e+03
4.320495937729314392e+03
4.320569612386790141e+03
4.320646914553190072e+03
4.320866873686989493e+03
4.321071117734880318e+03
4.321126983143503821e+03
4.321232954322887053e+03
4.321896909553674050e+03
4.321970342371647348e+03
4.322042787407054675e+03
4.322152121579662889e+03
4.322358007677274145e+03
4.322546216664682106e+03
4.322743136375286667e+03
4.322803476264717574e+03
4.322834381288193072e+03
4.322841222566633405e+03
4.322855544083614404e+03
4.322951543432878680e+03
4.322954301935505100e+03
4.323534608245732670e+03
4.323828921824638201e+03
4.324220347730344656e+03
4.324356248817054620e+03
4.324420740758998363e+03
4.324713392744954945e+03
4.325024718187215512e+03
4.325114618496269941e+03
4.325116570869811767e+03
4.325390863075957895e+03
4.325479224270772647e+03
4.325515001313981884e+03
4.325534036914868011e+03
4.325774774795690064e+03
4.326087078016276791e+03
4.326413082364156253e+03
4.326862940540033378e+03
4.327186853838979005e+03
4.327933141714291196e+03
4.328071596190890887e+03
4.328232576256968059e+03
4.328307536410038665e+03
4.328347036991474852e+03
4.328352171188115790e+03
4.328360854455897424e+03
4.328617542525444151e+03
4.328923614322699905e+03
4.329126572426390339e+03
4.329519847152854709e+03
4.329635152684768400e+03
4.329681386336450487e+03
4.329700169963599365e+03
4.329718908055527208e+03
4.329924061080639149e+03
4.330109079932088207e+03
4.330180574889412128e+03
4.330221324544793788e+03
4.330382296160176338e+03
4.330616818838403560e+03
4.330630838670610501e+03
4.330651508235977417e+03
4.331333181566870735e+03
4.331596614405112632e+03
4.331834466987876112e+03
4.332044534167239362e+03
4.332256533810755172e+03
4.332360330663879722e+03
4.332646234135974737e+03
4.332646841433843292e+03
4.332747394100410929e+03
4.332922779880034795e+03
4.332976032442488759e+03
4.333183488098015914e+03
4.333318145674730658e+03
4.333505605117606137e+03
4.333834292137556076e+03
4.334287161799657042e+03
4.334438609839548008e+03
4.334467974632467303e+03
4.334562764810538283e+03
4.334917623177631867e+03
4.335114963911702034e+03
4.335174747844835110e+03
4.335271095927944771e+03
4.335322821547458261e+03
4.335401017546229014e+03
4.335448781735833109e+03
4.335463908291916596e+03
4.335899430248989120e+03
4.336595523018578206e+03
4.336720744202545575e+03
4.336774781106633782e+03
4.336783855730598589e+03
4.337289562363552250e+03
4.337377373958269345e+03
4.337747739112773161e+03
4.338061985446984181e+03
4.338096417017219210e+03
4.338098095433349954e+03
4.338115852702511802e+03
4.338169802268676904e+03
4.338205492044639868e+03
4.338290877663762330e+03
4.338642141980970337e+03
4.338698549237784391e+03
4.339102741731953756e+03
4.339281710797302367e+03
4.339435261781250119e+03
4.339454941111215703e+03
4.339510597419201986e+03
4.340340723611201611e+03
4.340718102066346546e+03
4.340749814570219314e+03
4.340790898908002418e+03
4.340830458646212719e+03
4.340896277085486872e+03
4.341074725598626173e+03
4.341150215726905117e+03
4.341151523697698394e+03
4.341324855211353679e+03
4.341333106499326277e+03
4.341410433051899417e+03
4.341581209726587986e+03
4.341684289298640579e+03
4.341738634174466824e+03
4.341838003590474727e+03
4.342128046121615625e+03
4.342142530488041302e+03
4.342175928273357385e+03
4.342297671165087195e+03
4.342559315837084796e+03
4.342573957976160273e+03
4.342657956487858428e+03
4.342711223456716652e+03
4.342771898241960116e+03
4.342778009209489028e+03
4.342794507104766126e+03
4.342987248152589018e+03
4.343138930218705354e+03
4.343363123136819013e+03
4.343367198283724974e+03
4.343712217702383896e+03
4.344071014041308445e+03
4.344080077699688445e+03
4.344214216945306362e+03
4.344414813524528654e+03
4.344735441114335117e+03
4.345077914431298268e+03
4.345211682068354094e+03
4.345279859432917874e+03
4.345341842709957746e+03
4.345603469140325615e+03
4.345611711361365451e+03
4.345922729697325849e+03
4.346104812154871979e+03
4.346174868103635163e+03
4.346279531414867961e+03
4.346427678079492580e+03
4.346500473901300211e+03
4.347404727080635894e+03
4.347537189787100033e+03
4.347543396696736636e+03
4.347557061417944169e+03
4.347634997125758673e+03
4.347910536462061827e+03
4.348050109221784624e+03
4.348052754798180104e+03
4.348196154043047500e+03
4.348212860080720020e+03
4.348237722342380948e+03
4.348438306482562439e+03
4.348516783696375569e+03
4.348551477674000125e+03
4.348595294080172607e+03
4.348852777830334162e+03
4.349107094333162422e+03
4.349326969082068899e+03
4.349445216075344433e+03
4.349655307123282000e+03
4.350220471843259475e+03
4.350290790557660330e+03
4.350314213338325317e+03
4.350405298090123324e+03
4.350418943578597464e+03
4.350639492275859993e+03
4.350720838044037919e+03
4.350791941492660953e+03
4.350962825025462735e+03
4.350968503615835289e+03
4.351073068901577244e+03
4.351132033117390165e+03
4.351426297069662724e+03
4.351517340081122711e+03
4.351549205487994186e+03
4.351549713456819518e+03
4.351599610000764187e+03
4.351869310827263689e+03
4.351950360311077930e+03
4.352007360301890003e+03
4.352079034823158509e+03
4.352218228153487871e+03
4.352493508283007941e+03
4.352521792993387862e+03
4.352701033644785639e+03
4.352786697203977383e+03
4.352966984461682841e+03
4.353063874943436531e+03
4.353388723873810704e+03
4.353430921890476384e+03
4.353570636380886754e+03
4.353607016732627926e+03
4.353650986780166022e+03
4.353728565412997341e+03
4.353777277580188638e+03
4.353806421698643135e+03
4.353864780752872321e+03
4.353920826859031877e+03
4.353942450453982929e+03
4.354095801546398434e+03
4.354209245842760538e+03
4.354314973953306435e+03
4.354999277953162164e+03
4.355051030320350037e+03
4.355220386947489715e+03
4.355238302815287170e+03
4.355666859495324388e+03
4.355784024718581350e+03
4.355834635917371088e+03
4.356024804964975374e+03
4.356297416594807146e+03
4.356380326147219421e+03
4.356479853897336397e+03
4.356565338578243427e+03
4.356711979190040438e+03
4.357101719999695888e+03
4.357197950239400598e+03
4.357211300960276276e+03
4.357277378371150917e+03
4.357406523628043033e+03
4.357480225273040560e+03
4.357530719442673217e+03
4.357560660069239020e+03
4.357575139449146263e+03
4.357992679057559144e+03
4.358030672180847432e+03
4.358287337051612667e+03
4.358588951260985596e+03
4.358830722162382699e+03
4.358932474577039102e+03
4.359225180716442992e+03
4.359399237801952950e+03
4.359573209064390539e+03
4.359596495481234342e+03
4.359633340151101038e+03
4.359693079013973147e+03
4.359704318386388877e+03
4.359909168446476542e+03
4.360076919033122977e+03
4.360208319115415179e+03
4.360256967542585699e+03
4.360440293075750560e+03
4.360461826727626431e+03
4.360966401303239763e+03
4.360986983920648527e+03
4.361256930060914783e+03
4.361423862862216083e+03
4.361497911602973545e+03
4.361645810174900362e+03
4.362356416757107581e+03
4.362451884636746399e+03
4.362506047210118595e+03
4.362564051982865749e+03
4.362707685147696793e+03
4.363128736775596735e+03
4.363260000634088101e+03
4.363359387871352737e+03
4.363608855640092770e+03
4.363682539328145140e+03
4.363829642400986813e+03
4.364283595242843148e+03
4.364321972840741182e+03
4.364652526678041795e+03
4.364724966770616447e+03
4.364743204572435388e+03
4.364993695915159151e+03
4.365605451688695211e+03
4.365852538795430519e+03
4.366028868349118056e+03
4.366059265607154884e+03
4.366150824750666288e+03
4.366182520156391547e+03
4.366442027482184130e+03
4.366472950147623123e+03
4.366505557261587455e+03
4.366524780431295767e+03
4.366578996782382092e+03
4.366817200557438809e+03
4.367039515311951618e+03
4.367053323940368500e+03
4.367085627499252951e+03
4.367119779805175313e+03
4.367329427729418967e+03
4.367440247438464212e+03
4.367469525083898588e+03
4.367515343271066740e+03
4.367790561623048234e+03
4.367964949673095362e+03
4.367967930460785283e+03
4.368072439134915840e+03
4.368161805725031627e+03
4.368796235901392720e+03
4.368806626737218721e+03
4.368813463002660683e+03
4.369225476506587256e+03
4.369445494188059456e+03
4.369522137444031614e+03
4.369636909822232155e+03
4.369693464715436676e+03
4.369725469267375047e+03
4.369939981793890183e+03
4.370148926374017719e+03
4.370742471136280074e+03
4.370800560532828058e+03
4.371116197610259405e+03
4.371206898473054025e+03
4.371560906811519999e+03
4.371629945091487571e+03
4.371944774394373781e+03
4.372188455250488914e+03
4.372328544900943598e+03
4.372486047968892308e+03
4.372656065089837284e+03
4.372715791599361182e+03
4.373072860596825194e+03
4.373123232789529538e+03
4.373202517558911495e+03
4.373422514755449811e+03
4.373498730811291352e+03
4.373883269768484752e+03
4.373988594160533466e+03
4.373990346060943011e+03
4.374185928144705940e+03
4.374409967161372151e+03
4.374766151112597981e+03
4.374899543915495087e+03
4.374958548564914054e+03
4.375015869698324423e+03
4.375566098817286729e+03
4.376046133522068885e+03
4.376224549137799841e+03
4.376268531644939685e+03
4.376365707578934234e+03
4.376425873756409601e+03
4.376530066924927269e+03
4.376627839069502443e+03
4.376683094552204238e+03
4.376735620794071110e+03
4.376763517035786208e+03
4.376950318331926610e+03
4.377034926703341625e+03
4.377089721526679568e+03
4.377176897321575780e+03
4.377328614160684083e+03
4.377372871725184268e+03
4.377657054128765594e+03
4.377946798658140324e+03
4.378474806275661649e+03
4.378606716753093679e+03
4.378778043635020367e+03
4.378809048284940218e+03
4.379057058235347540e+03
4.379204790293355472e+03
4.379454733662601029e+03
4.379729797530825635e+03
4.379813766678330467e+03
4.380060764127773837e+03
4.380221932335118254e+03
4.380307763246606555e+03
4.380464551913912146e+03
4.380997669693379066e+03
4.381383814051566333e+03
4.381482243959326297e+03
4.381832879955892167e+03
4.381858061227241706e+03
4.381895084212359507e+03
4.381922933023140104e+03
4.382180001030445965e+03
4.382551383891235673e+03
4.382627497538866010e+03
4.382699733315578669e+03
4.382766798830806692e+03
4.382870560169539203e+03
4.383053572870992866e+03
4.383118159993216068e+03
4.383153949227647900e+03
4.383283957710796130e+03
4.383649866216943337e+03
4.383662718977164332e+03
4.383693386652119443e+03
4.383746852129124818e+03
4.383777842482762935e+03
4.384227221392710817e+03
4.384248810784859415e+03
4.384255117195361890e+03
4.384392845680466053e+03
4.384431285946879143e+03
4.384620226412772354e+03
4.384833240124716212e+03
4.384867275482085461e+03
4.385267193962885358e+03
4.385727928581335618e+03
4.385805391780889295e+03
4.386083645130252989e+03
4.386249789832258102e+03
4.386650077252082156e+03
4.386694606936279342e+03
4.386754760523815094e+03
4.387122673649862008e+03
4.387126015310769617e+03
4.387131657195255684e+03
4.387183672428416685e+03
4.387476740936536771e+03
4.387563460157254667e+03
4.387753999815183306e+03
4.387757519121035330e+03
4.387873446828909437e+03
4.387939156576217101e+03
4.387993104993527595e+03
4.388285962194811873e+03
4.388806482788681933e+03
4.389002140633956515e+03
4.389120277810799962e+03
4.389233919931479249e+03
4.389803110452407964e+03
4.389985044699898936e+03
4.390133711862975360e+03
4.390200230224796542e+03
4.390216516803295235e+03
4.390272927293262910e+03
4.390275796035461099e+03
4.390678044602455884e+03
4.390911811712877352e+03
4.391249640880248990e+03
4.391346653777823121e+03
4.392014639079016888e+03
4.392447110719286684e+03
4.392502713048448641e+03
4.392532621332303279e+03
4.393160378266537919e+03
4.393309710147770602e+03
4.393583326597068663e+03
4.393603686975182427e+03
4.393785459333613289e+03
4.393920520999739892e+03
4.393960529634219711e+03
4.394084012501191864e+03
4.394121049877661790e+03
4.394312722437069169e+03
4.394560247710002841e+03
4.394624081170995851e+03
4.394727522161564593e+03
4.395263651248733368e+03
4.395359313628603559e+03
4.395395969167871954e+03
4.395400831740061221e+03
4.396080885760567980e+03
4.396109607871523622e+03
4.396148989148303372e+03
4.396170343910776865e+03
4.396386448739116531e+03
4.396738883969916060e+03
4.396871967974507243e+03
4.397248268995482249e+03
4.397773361115261650e+03
4.398159724630945675e+03
4.398379591879527652e+03
4.398391188686059650e+03
4.398401434150863679e+03
4.398502518215259443e+03
4.398655765713549954e+03
4.398944348819946754e+03
4.399111343677876903e+03
4.399442327574073715e+03
4.400071616005263422e+03
4.400508210635218347e+03
4.400724005058685179e+03
4.401124654397686754e+03
4.401292412845735271e+03
4.401523452143244867e+03
4.401670244940181874e+03
4.401678881979769358e+03
4.401814083450130966e+03
4.402017443708950850e+03
4.402200411320955936e+03
4.402724028104153149e+03
4.402743490722819843e+03
4.402816801503975512e+03
4.403124591585332382e+03
4.403138246572170829e+03
4.403157217101796959e+03
4.403517943921771803e+03
4.403555120845324382e+03
4.403632795056128998e+03
4.403670906257912065e+03
4.403683627284201066e+03
4.403794999594066212e+03
4.403818046433727432e+03
4.403945437565990687e+03
4.404032909529983044e+03
4.404047564027663611e+03
4.404362777346465009e+03
4.404457808965995355e+03
4.404549909609857423e+03
4.405109863717386361e+03
4.405207458507621595e+03
4.405909981973603863e+03
4.406030338679151100e+03
4.406078225032290902e+03
4.406216973805714588e+03
4.406369593643722510e+03
4.406388852035613127e+03
4.406768920908885775e+03
4.406968800994008234e+03
4.407210311849749814e+03
4.407784033027530313e+03
4.407891538132100322e+03
4.408122389609498896e+03
4.408127376104722316e+03
4.408197632516782505e+03
4.408362592211182346e+03
4.408401518879087234e+03
4.408595684887315656e+03
4.408606275219561212e+03
4.408692064715681227e+03
4.408692226033622319e+03
4.408703298964601345e+03
4.409038654189302179e+03
4.409127341478227208e+03
4.409238380168018011e+03
4.409339109918757458e+03
4.409422301543594585e+03
4.409464636048342072e+03
4.409493997182167732e+03
4.409597094024372382e+03
4.409708224212628920e+03
4.409913923146301386e+03
4.410056477788215489e+03
4.410091906165142063e+03
4.410342339415073184e+03
4.410718842762127679e+03
4.410834863149792000e+03
4.410909509992239691e+03
4.411327086443246117e+03
4.411375809640005173e+03
4.411438750839655768e+03
4.411510356678999415e+03
4.411533943991698834e+03
4.411678736932947686e+03
4.411685941254043428e+03
4.411780985313485871e+03
4.411869749559534284e+03
4.412029584558489660e+03
4.412037151319043915e+03
4.412407135199373442e+03
4.412497214723391153e+03
4.412618573971470141e+03
4.412781603500943675e+03
4.412968630014435803e+03
4.413073002578177693e+03
4.413619026422751631e+03
4.413718208541876265e+03
4.413908460686729086e+03
4.413909436912531419e+03
4.414174375225090444e+03
4.414226106805504969e+03
4.414571056044789657e+03
4.414651786386338244e+03
4.414690665167328916e+03
4.414818916025867111e+03
4.414828044746988780e+03
4.414838292143021135e+03
4.414852163086929068e+03
4.414942878792649935e+03
4.415039315009811617e+03
4.415114381612131183e+03
4.415230335263476263e+03
4.415293675902822542e+03
4.415328163444869460e+03
4.415381107086770498e+03
4.415538053496949942e+03
4.415559395436674095e+03
4.415672083381437005e+03
4.415841069394014085e+03
4.416096874943567855e+03
4.416199336352358841e+03
4.416244894942474275e+03
4.416453533953026636e+03
4.416693350497112078e+03
4.416730026906723651e+03
4.417261473842510895e+03
4.417528805669295252e+03
4.417616880498550017e+03
4.417623636957890994e+03
4.417670474267984901e+03
4.418093961403744288e+03
4.418219188153785581e+03
4.418278002991422909e+03
4.418494653148120051e+03
4.418670640737224858e+03
4.418710122848848187e+03
4.418881994770602432e+03
4.418909888234015853e+03
4.419493771175966685e+03
4.419532828511301886e+03
4.419690231182454227e+03
4.420008454419627924e+03
4.420692798003409735e+03
4.420780617581233855e+03
4.420805210509601238e+03
4.420824643301125434e+03
4.420997020565637285e+03
4.421168303174948051e+03
4.421385936075881546e+03
4.421641515023606189e+03
4.421697618946873263e+03
4.421737400140963473e+03
4.421938911580829881e+03
4.422044818109277003e+03
4.422480905921162957e+03
4.422541942573851884e+03
4.422737269264067436e+03
4.422846450475459278e+03
4.423050760733722200e+03
4.423381103701013672e+03
4.423650925605831617e+03
4.423876468305061280e+03
4.424410421802476776e+03
4.424448539708609133e+03
4.424495640336746874e+03
4.424518906862923359e+03
4.424675292143555453e+03
4.424765149527269386e+03
4.424887725644706734e+03
4.424996095313992555e+03
4.425045084389555086e+03
4.425157194209024965e+03
4.425243414412331731e+03
4.425381935081323718e+03
4.425562873310756913e+03
4.425646467677299370e+03
4.425720736115839827e+03
4.426051170332192669e+03
4.426181305332427655e+03
4.426284699910564996e+03
4.426493619944749298e+03
4.426520461239487304e+03
4.426528190189444103e+03
4.426965798017345151e+03
4.427011473033440780e+03
4.427145174092232082e+03
4.427188671621357571e+03
4.427252946845551378e+03
4.427638242811293821e+03
4.427845970756492534e+03
4.427868550174172924e+03
4.428267441888371650e+03
4.428522811940854808e+03
4.428621496031917559e+03
4.428795767626842462e+03
4.428796046973445300e+03
4.428884663553468272e+03
4.429094109756965736e+03
4.429227900063894594e+03
4.429273686255713983e+03
4.429735287814717594e+03
4.429807769855789047e+03
4.430183490316094321e+03
4.430519978684634225e+03
4.430540338699240237e+03
4.430845616194676040e+03
4.431026709376224971e+03
4.431340814451246843e+03
4.431463937193712809e+03
4.431541640543470749e+03
4.431749353828894527e+03
4.431927042485133825e+03
4.432180838647102064e+03
4.432343225782795344e+03
4.432543823318578688e+03
4.432557230788172092e+03
4.432594726164113126e+03
4.432845559231686821e+03
4.432917410595818183e+03
4.433030481405021419e+03
4.433058098069484004e+03
4.433148358861678389e+03
4.433155772831883041e+03
4.433190644443175188e+03
4.433945602686942948e+03
4.434219819008601007e+03
4.434235645009643122e+03
4.434283445685146035e+03
4.434718742593337993e+03
4.434795468846862605e+03
4.434880251821959973e+03
4.435177583742566640e+03
4.435218533948544064e+03
4.435464895016338232e+03
4.435560860373847390e+03
4.435854800759463615e+03
4.435910215788509049e+03
4.435995754822904019e+03
4.436197751237218654e+03
4.436435681983565701e+03
4.436565552602476600e+03
4.436574529532541419e+03
4.436902084137826932e+03
4.436960432213923013e+03
4.437122242764896328e+03
4.437301222219622105e+03
4.437405817095700513e+03
4.437492021654918972e+03
4.437737000741779411e+03
4.438077359160696687e+03
4.438115227735564076e+03
4.438150773644584660e+03
4.438248812651282606e+03
4.438586113439167093e+03
4.438674550962685316e+03
4.438890055790298902e+03
4.439548789081173709e+03
4.439606211279108720e+03
4.439631548734388161e+03
4.439873593230600818e+03
4.440016322385411513e+03
4.440425043272588482e+03
4.440686644909106690e+03
4.440802743757885764e+03
4.441165412620575808e+03
4.441260872189333895e+03
4.441296097829152131e+03
4.441505307970388458e+03
4.441674247932370236e+03
4.441778446024607547e+03
4.441804951380921011e+03
4.442211281937747117e+03
4.442710365072102832e+03
4.442841962884630448e+03
4.442902277426422188e+03
4.442973936091827454e+03
4.443216201883552458e+03
4.443304612479621028e+03
4.443558509949774816e+03
4.443931514133253586e+03
4.443954644185338111e+03
4.444148739477853269e+03
4.444205020655978842e+03
4.444220071785380242e+03
4.444325759164402371e+03
4.444554069590966719e+03
4.444746255307588399e+03
4.445177780696257287e+03
4.445562773971651040e+03
4.445621397136395899e+03
4.445769173052030965e+03
4.445800125689658671e+03
4.445960444258101234e+03
4.446087888182752977e+03
4.446188218025710739e+03
4.446309584128929600e+03
4.446333158322454437e+03
4.446337831345554150e+03
4.446866420488050608e+03
4.446926258702063933e+03
4.446967907773950174e+03
4.447117285841096418e+03
4.447416949223075790e+03
4.447701433793843535e+03
4.448018294518884431e+03
4.448084707525233171e+03
4.448373618644719500e+03
4.448482069444796252e+03
4.448600143060078153e+03
4.448678967357903275e+03
4.449053172899875790e+03
4.449054889985308364e+03
4.449075057834415929e+03
4.449276747246554805e+03
4.449338165015323284e+03
4.449424986579093456e+03
4.449833721306988082e+03
4.449962837073078845e+03
4.450174980138311184e+03
4.450336264467508954e+03
4.450342123038788486e+03
4.450490864844356111e+03
4.450568787253804658e+03
4.450645846692988925e+03
4.450671212989368541e+03
4.451171999854637761e+03
4.451318729586796508e+03
4.451447760420325721e+03
4.451597146347737180e+03
4.452134874491641312e+03
4.452649809018414999e+03
4.453028338712714685e+03
4.453262875732869361e+03
4.453327899936026370e+03
4.453412750122758553e+03
4.453485113181781344e+03
4.453625760510230975e+03
4.453687890034505472e+03
4.453895403834261742e+03
4.453960347937021652e+03
4.453965232745958929e+03
4.454034908150648334e+03
4.454103610616724836e+03
4.454304359388665034e+03
4.454391507993776941e+03
4.454625810169570286e+03
4.454710353985042275e+03
4.454739674396552800e+03
4.454765743408231174e+03
4.455089620971537443e+03
4.455551042645680354e+03
4.455566394741114891e+03
4.455709604778612629e+03
4.455886834102124340e+03
4.455895190709041344e+03
4.455904067696377751e+03
4.456303794834814653e+03
4.456382268820011632e+03
4.456594339308881899e+03
4.456645786408786989e+03
4.456885538414028815e+03
4.457296796472548522e+03
4.457385583620701254e+03
4.457487400665932000e+03
4.457625377757267415e+03
4.457644174402456883e+03
4.457695917309634751e+03
4.457713898911996694e+03
4.457830374850065709e+03
4.457899664299942742e+03
4.457918635050669764e+03
4.458074343293239508e+03
4.458153445976233343e+03
4.458374815554919223e+03
4.458625225752069127e+03
4.458908633775085036e+03
4.459086900275986409e+03
4.459170994888234418e+03
4.459628821524805971e+03
4.459710297697200986e+03
4.460311637930006327e+03
4.460324217024519385e+03
4.460497189095110116e+03
4.460588451153108508e+03
4.460627169160976337e+03
4.460971780167095858e+03
4.461016557932784963e+03
4.461120138931751171e+03
4.461123248567490009e+03
4.461356113905095299e+03
4.461381555285035574e+03
4.461661358699668199e+03
4.461739656977561935e+03
4.461884619122700315e+03
4.462015249311314619e+03
4.462067880681784118e+03
4.462090146790409563e+03
4.462231138819863190e+03
4.462288968066652160e+03
4.462351588511422960e+03
4.462410595298013504e+03
4.462479997305194956e+03
4.462493117587235247e+03
4.462510359373577558e+03
4.462715110967681539e+03
4.462894190974652702e+03
4.462926283081347719e+03
4.462979435650505366e+03
4.463075679561254219e+03
4.463146470111358212e+03
4.463349781072744008e+03
4.463609275147822700e+03
4.464039406030092323e+03
4.464075531984506597e+03
4.464614455802309749e+03
4.464822622862124263e+03
4.465199333061355901e+03
4.465371596117478475e+03
4.465402495486005137e+03
4.465822190128657894e+03
4.465912915387318208e+03
4.466326052824196267e+03
4.466345434489499894e+03
4.466592800808886750e+03
4.466607964435439499e+03
4.466727719474688456e+03
4.466920600434917105e+03
4.466979316767029559e+03
4.467005670344629834e+03
4.467034540892942459e+03
4.467200002767572187e+03
4.467247239453188740e+03
4.467298612393279654e+03
4.467384799448324884e+03
4.467436161943424850e+03
4.467436519366911853e+03
4.467633604707324594e+03
4.467838781876966095e+03
4.467970844162983667e+03
4.468033039612879293e+03
4.468037716250134508e+03
4.468094594727143885e+03
4.468216381561165690e+03
4.468290867995594454e+03
4.468531867719028014e+03
4.468623813358265579e+03
4.468695369120575378e+03
4.469252650532505868e+03
4.469775092094469073e+03
4.470289048811629073e+03
4.470419982368770434e+03
4.470551494932501555e+03
4.470673686928869756e+03
4.470832814329363828e+03
4.470870303349011010e+03
4.471022326758838062e+03
4.471130178419732147e+03
4.471327602695145288e+03
4.471342178184386285e+03
4.471523438338344022e+03
4.471611956478728644e+03
4.471785575758392952e+03
4.471906263328693967e+03
4.472061849545715631e+03
4.472367180123849721e+03
4.472410462900716084e+03
4.472456878708951081e+03
4.472477566403119454e+03
4.472666232115940147e+03
4.472779513036602111e+03
4.472791243921814385e+03
4.472947092249618436e+03
4.473066510423093860e+03
4.473239373314660043e+03
4.473370293094401859e+03
4.473376845550286816e+03
4.473436201036452076e+03
4.473479065968082068e+03
4.473668886599880352e+03
4.473745516269110340e+03
4.474643064365499413e+03
4.475093624705550610e+03
4.475204670452024402e+03
4.475457947538510780e+03
4.476586689039824705e+03
4.476669260951618526e+03
4.477223341588281073e+03
4.477244384741009526e+03
4.477294906502228514e+03
4.477306303858140382e+03
4.477386845352758428e+03
4.477424242759308981e+03
4.477579392497089430e+03
4.477658796494068156e+03
4.477725507916591596e+03
4.477736564848370108e+03
4.478012251301726792e+03
4.478226850944828584e+03
4.478343018494309035e+03
4.478556622512728609e+03
4.478706265715039990e+03
4.478722908077046668e+03
4.478734905807397809e+03
4.478784195505742900e+03
4.479105353139920226e+03
4.479379988220401174e+03
4.479648515764090007e+03
4.479833737406320324e+03
4.479982923713720083e+03
4.480023996134866138e+03
4.480367421762984122e+03
4.480565343051262971e+03
4.480843900629633936e+03
4.480902826019468193e+03
4.480905767347495384e+03
4.481006378000144650e+03
4.481133748176441259e+03
4.481143490044536520e+03
4.481257796027874974e+03
4.481348162097714521e+03
4.481366092828465298e+03
4.481396359637848946e+03
4.481540463709743563e+03
4.481575678733551285e+03
4.481624966483949720e+03
4.481732609493072232e+03
4.482052818990317064e+03
4.482690281370361845e+03
4.482700348480510911e+03
4.482703052301407297e+03
4.482873813417527344e+03
4.483028432179585252e+03
4.483136666762386994e+03
4.483484226246451726e+03
4.483535252202764241e+03
4.483556928338101898e+03
4.483879347900924586e+03
4.483969152893622777e+03
4.484012374510166410e+03
4.484243170318687589e+03
4.484415984555866999e+03
4.484596847311969213e+03
4.484611475471754602e+03
4.484720818093626804e+03
4.484723880954845299e+03
4.484733737066474532e+03
4.484861231134095760e+03
4.485183532422866847e+03
4.485747390130297390e+03
4.485904852812132958e+03
4.485921830586640681e+03
4.485933325584579507e+03
4.486030747427350434e+03
4.486303785486989909e+03
4.486334308455896462e+03
4.486391254008016404e+03
4.486391295601940328e+03
4.486529566849705589e+03
4.486686413934407028e+03
4.486805913145970408e+03
4.487097530661132623e+03
4.487132128800015380e+03
4.487299042442691643e+03
4.487475351669751035e+03
4.487713199061422529e+03
4.487831878722349757e+03
4.488075697560430854e+03
4.488687462501776281e+03
4.489509486872975685e+03
4.489853407450361374e+03
4.489922788837028747e+03
4.490095505408411555e+03
4.490163962042480307e+03
4.490357977224424758e+03
4.490857956997201654e+03
4.491171999788208268e+03
4.491256259360309741e+03
4.491389238091977859e+03
4.491628797963693614e+03
4.491754344647923062e+03
4.491856981413102403e+03
4.491868316816308834e+03
4.491893214126091152e+03
4.492209367491619560e+03
4.492681490576733268e+03
4.492794935817734768e+03
4.492804177679638087e+03
4.492823905866440327e+03
4.492923966715216920e+03
4.492944832860261158e+03
4.493480845799696908e+03
4.493548339401537305e+03
4.493656804553470465e+03
4.493778559682592459e+03
4.494424716550099220e+03
4.494613386835915662e+03
4.494806471877397598e+03
4.494883476486066684e+03
4.495249487844964278e+03
4.495461469834081072e+03
4.495562197773328080e+03
4.495808378458928928e+03
4.495895052681604284e+03
4.495914651488667914e+03
4.496461047818092084e+03
4.496662713641262599e+03
4.497240406783781509e+03
4.497478270699250061e+03
4.497501915849503348e+03
4.497776962780153553e+03
4.498050468118712161e+03
4.498131930830379133e+03
4.498547823060036535e+03
4.498654934577097265e+03
4.499254123698568947e+03
4.499374540323686233e+03
4.499526370177131867e+03
4.499585195749315062e+03
4.499851556912554770e+03
4.499901961572627442e+03
4.500047323373417385e+03
4.500361084172704977e+03
4.500400091847237491e+03
4.500561823175750760e+03
4.500758264949572549e+03
4.501051399059317191e+03
4.501053255273194736e+03
4.501123528413385429e+03
4.501178796426665031e+03
4.501230435129050420e+03
4.501238146402381062e+03
4.501284527350831013e+03
4.501312194684902352e+03
4.501393344925496422e+03
4.501439947445211146e+03
4.501678246764560754e+03
4.501695631452354974e+03
4.501826259292676696e+03
4.501838594194104189e+03
4.502327894501227092e+03
4.502353476372187288e+03
4.502470872477588273e+03
4.502491452336998918e+03
4.502504921254130750e+03
4.503027121506564072e+03
4.503070156922627575e+03
4.503289095939462641e+03
4.503289774816934369e+03
4.503308425280670235e+03
4.503359791576711359e+03
4.503429803001661639e+03
4.503687198346700825e+03
4.503777783800248471e+03
4.503797348545248497e+03
4.504097965030587147e+03
4.504449048729512469e+03
4.504473079246442467e+03
4.504624549822961853e+03
4.504850861986355994e+03
4.504961137368200980e+03
4.504961834786962754e+03
4.505151897198710685e+03
4.505311333521971392e+03
4.505363545210445409e+03
4.505447389682123685e+03
4.505504598502089721e+03
4.506065256044339549e+03
4.506102249320279952e+03
4.506253571942310373e+03
4.506307442165880275e+03
4.506349144194611654e+03
4.506431959986934089e+03
4.506647860663356369e+03
4.506690511469592821e+03
4.506704036528057259e+03
4.506932055836244217e+03
4.507050726845497593e+03
4.507188415537280889e+03
4.507396816712067448e+03
4.507399106489403493e+03
4.507442799012769683e+03
4.507462764604381846e+03
4.507491270130239172e+03
4.507501233855177816e+03
4.508288926742524382e+03
4.508289549856779558e+03
4.508479410314993402e+03
4.508485478487294131e+03
4.508657374000837081e+03
4.509057604601156527e+03
4.509119224443457824e+03
4.509235970658223778e+03
4.509437158573808119e+03
4.509635926820344139e+03
4.509664608135111848e+03
4.509744396610768490e+03
4.509952247326732504e+03
4.510017961459757316e+03
4.510471757721932590e+03
4.510494746492418926e+03
4.510548213986591691e+03
4.510665563264716184e+03
4.510876468632458455e+03
4.510970943708887717e+03
4.511067986673230735e+03
4.511246387060898087e+03
4.511335266543674152e+03
4.511399351191422284e+03
4.511691709190527035e+03
4.511773072812164173e+03
4.511817048866905679e+03
4.512003939160536902e+03
4.512005892221702197e+03
4.512613438822783792e+03
4.512645125088880377e+03
4.512680698270780340e+03
4.512700483770747269e+03
4.512708579585834741e+03
4.512834980474180156e+03
4.512964109864999045e+03
4.513019008246815247e+03
4.513068204171726393e+03
4.513191492486436800e+03
4.513304058586079918e+03
4.513318579490797674e+03
4.513366989485295562e+03
4.513568889276064510e+03
4.513779009668726758e+03
4.513990770138477274e+03
4.514009345365533591e+03
4.514716071776338140e+03
4.514787599707141453e+03
4.514976745699013918e+03
4.515043206921543060e+03
4.515063936437271877e+03
4.515172669823703473e+03
4.515339491432008799e+03
4.515381099738946432e+03
4.515498652748697168e+03
4.515516264766396489e+03
4.515523643900730349e+03
4.515655517339027938e+03
4.515847393345240562e+03
4.515891871813830221e+03
4.516002048901555099e+03
4.516109156381812682e+03
4.516323038325052948e+03
4.516356767663483879e+03
4.516361898202545490e+03
4.516647216321318410e+03
4.516691597798610928e+03
4.516789667178602031e+03
4.516984491940416774e+03
4.517413901105551304e+03
4.517529297256372956e+03
4.517577266313041036e+03
4.517638804963391522e+03
4.517857859061547060e+03
4.518134076895580620e+03
4.518230780518872052e+03
4.518504088875928574e+03
4.518695317514755516e+03
4.518734806700034824e+03
4.518910095749928587e+03
4.519176949257581327e+03
4.519240575671215083e+03
4.519258645799343867e+03
4.519270574417226271e+03
4.519399663155170856e+03
4.519431659857560589e+03
4.519513787321142445e+03
4.519557840655407745e+03
4.519688398600722394e+03
4.519924921344430913e+03
4.519947238552429553e+03
4.520108423711257274e+03
4.520377861266847503e+03
4.520505514455169759e+03
4.520843995465059379e+03
4.521244410415729362e+03
4.521410104166813653e+03
4.521513156265479665e+03
4.521542263633640687e+03
4.521693172431837411e+03
4.521804646752243571e+03
4.521804694676944564e+03
4.521805173300786919e+03
4.521828712871888456e+03
4.522008227855076257e+03
4.522188956181286812e+03
4.522251789085476958e+03
4.522299261706073594e+03
4.522483203809549195e+03
4.522581672301081198e+03
4.522596429650221580e+03
4.522606468868667434e+03
4.522788086089474746e+03
4.522985944178894897e+03
4.523245739235147084e+03
4.523294374605987286e+03
4.523301723981851865e+03
4.523605097082569046e+03
4.524009770929780643e+03
4.524356336115129125e+03
4.524383731452266147e+03
4.524417094989895304e+03
4.524511187880668331e+03
4.524705897101027404e+03
4.525104296474309194e+03
4.525170762548459606e+03
4.525185498449935039e+03
4.525402846572806993e+03
4.525610633797969967e+03
4.525792120583763790e+03
4.526110069527466294e+03
4.526493816365573366e+03
4.526774925490974965e+03
4.526963484030191466e+03
4.526990183658288515e+03
4.527175607263830898e+03
4.527198626552801215e+03
4.527251454318424294e+03
4.527375170784673173e+03
4.527392663273448306e+03
4.527491461552718647e+03
4.527853525959186300e+03
4.527964177767809815e+03
4.527978036054249969e+03
4.527998436080947613e+03
4.528029560052749730e+03
4.528282793369680803e+03
4.528449131653230324e+03
4.528495993493193964e+03
4.528660862290871592e+03
4.528700613128463374e+03
4.529531264700297470e+03
4.529630715419625631e+03
4.529659901536804682e+03
4.529716930264796247e+03
4.529928901211440461e+03
4.530009501320146228e+03
4.530019401469960030e+03
4.530050797871199393e+03
4.530063404715157048e+03
4.530068476992865726e+03
4.530099315963620938e+03
4.530132125358590201e+03
4.530208080331140991e+03
4.530266640631757582e+03
4.530322947711522829e+03
4.530337556454497644e+03
4.530345317375528793e+03
4.530472363270614551e+03
4.530775368099306434e+03
4.530849844819247664e+03
4.530905758332662117e+03
4.530990143343983618e+03
4.531162137083642847e+03
4.531222786925473883e+03
4.531352268792817085e+03
4.531481754098384954e+03
4.531600168273489544e+03
4.531672692665839350e+03
4.531733672068219676e+03
4.531891746393885114e+03
4.531985781841626704e+03
4.532077680734173555e+03
4.532147009078076735e+03
4.532448105670554469e+03
4.532691488791174379e+03
4.532829121450793536e+03
4.532917140374135670e+03
4.533083018482970147e+03
4.533106516967362950e+03
4.533162409325020235e+03
4.533173756120598227e+03
4.533175903189186101e+03
4.533224552349152873e+03
4.533315733313433157e+03
4.533329162653797539e+03
4.533394296443265375e+03
4.533480959835567774e+03
4.533540111370180966e+03
4.533663461774181997e+03
4.533681827498672646e+03
4.533782144711793080e+03
4.533809358131497902e+03
4.534028228023752490e+03
4.534066363153047860e+03
4.534128738744195289e+03
4.534181454938395291e+03
4.534215089311619522e+03
4.534274535977417145e+03
4.534287385751056718e+03
4.534391983075712233e+03
4.534435883598183864e+03
4.534667009650901491e+03
4.534816037815370692e+03
4.534963382999590067e+03
4.535238621838915606e+03
4.535775050304439901e+03
4.535889131854821244e+03
4.536000824885066322e+03
4.536324389472439179e+03
4.536341572154670757e+03
4.536453350861299441e+03
4.536485447045894944e+03
4.536525599294303902e+03
4.536625626495369943e+03
4.536686616354179932e+03
4.537164169588668301e+03
4.537181758279331916e+03
4.537349669480384364e+03
4.537830808796223209e+03
4.538116879607302508e+03
4.538226235007819923e+03
4.538468984191132222e+03
4.538681191625944848e+03
4.538820900179570344e+03
4.539056804760240993e+03
4.539058337961109828e+03
4.539136046153208554e+03
4.539220421837355389e+03
4.539396974929295538e+03
4.539471213563678248e+03
4.539550985341054002e+03
4.539578947726143269e+03
4.539774654054353960e+03
4.540016585127978033e+03
4.540019770553246417e+03
4.540271525728123379e+03
4.540337112230119601e+03
4.540613578803330711e+03
4.540852242708471749e+03
4.541008522346711288e+03
4.541089537142788686e+03
4.541117905060974408e+03
4.541120382762134795e+03
4.541408282681369201e+03
4.541632765233789542e+03
4.541892699062875181e+03
4.542080164037750365e+03
4.542085503836389762e+03
4.542097055930347778e+03
4.542265536171119493e+03
4.542317939847689559e+03
4.542464655296346791e+03
4.542548648606302777e+03
4.542685865583281156e+03
4.542835455041868954e+03
4.543342708978381779e+03
4.543396470602093359e+03
4.543469597792203786e+03
4.543587513589734044e+03
4.544054450722027468e+03
4.544182142549498167e+03
4.544484761368774343e+03
4.544490520442323941e+03
4.544515613465243405e+03
4.544728703601430425e+03
4.544829570642606086e+03
4.544891016452677832e+03
4.544902039375080676e+03
4.544968288598447543e+03
4.545046093255162305e+03
4.545134565231965098e+03
4.545221097909350647e+03
4.545237844749705800e+03
4.545476373570695614e+03
4.545795894000181761e+03
4.546037049632448543e+03
4.546192305349704839e+03
4.546677097315502579e+03
4.546702837662592174e+03
4.546775552898848218e+03
4.546878401943406971e+03
4.547306601621944537e+03
4.547439793715809174e+03
4.547471778802264453e+03
4.547982240710078258e+03
4.548118162501843472e+03
4.548281103360725865e+03
4.548484818219088993e+03
4.548501700666113720e+03
4.548668871328949535e+03
4.548788488894715556e+03
4.549234331878737066e+03
4.549272320166945974e+03
4.549396406476808806e+03
4.549401078752191097e+03
4.549422311508981693e+03
4.549660587808160017e+03
4.549686017823051770e+03
4.550130026329689827e+03
4.550210259217995372e+03
4.550284276843988664e+03
4.550367807541503680e+03
4.550522384703009266e+03
4.550898324377015342e+03
4.550917031924362163e+03
4.550933081927436433e+03
4.550937791865284453e+03
4.550951829990374790e+03
4.550964862548247766e+03
4.550966002441986348e+03
4.551069909731499138e+03
4.551303256325468283e+03
4.551453899294406256e+03
4.551665496662109945e+03
4.551718842989535915e+03
4.551735551962940008e+03
4.551796960749719801e+03
4.551797220329276570e+03
4.551876749288177962e+03
4.551961089227973389e+03
4.552061075891665496e+03
4.552091793787623828e+03
4.552283603550407861e+03
4.552307012295261302e+03
4.552363765051049086e+03
4.552499048625175419e+03
4.552552459111254393e+03
4.552567287709835000e+03
4.552684660299350071e+03
4.553121276574782314e+03
4.553140636437900866e+03
4.553162813946371898e+03
4.553193376056793568e+03
4.553469929673475235e+03
4.553482442496611839e+03
4.553559871361914702e+03
4.553611836279782437e+03
4.553858487748099833e+03
4.553890147911642089e+03
4.553953334050662306e+03
4.554087039184692003e+03
4.554291919193400645e+03
4.554315108141644487e+03
4.554318869734789587e+03
4.554374341819846450e+03
4.554449288481252552e+03
4.554742899329768989e+03
4.554798914657104433e+03
4.554808443813414669e+03
4.554868131698759498e+03
4.555121677752727919e+03
4.555681219186630187e+03
4.555770513466880402e+03
4.555786033617308021e+03
4.555802529556798618e+03
4.555924154149897731e+03
4.555953303751218300e+03
4.555967373658684664e+03
4.555969157890397582e+03
4.556023885379197964e+03
4.556042369457149107e+03
4.556143509438667934e+03
4.556151934478084513e+03
4.556452393815875439e+03
4.556504061986835040e+03
4.556579679381477945e+03
4.556705120200365855e+03
4.556806868304199270e+03
4.556929067443803433e+03
4.557563013930706802e+03
4.557566264915428292e+03
4.557702946942506060e+03
4.557758974631441561e+03
4.557772829204051959e+03
4.557840570799938178e+03
4.558178346084204350e+03
4.558216164073681284e+03
4.558297906162132676e+03
4.558388894160967538e+03
4.558709561790911721e+03
4.558751772568270098e+03
4.558864695351088812e+03
4.559275375748495208e+03
4.559294334335884741e+03
4.559301281062280395e+03
4.559805038683405655e+03
4.559838806049915547e+03
4.559918555736721828e+03
4.560255364815335270e+03
4.560261220707497159e+03
4.560292209837371956e+03
4.560433944493737727e+03
4.560511367215932296e+03
4.560743569242414196e+03
4.560946181156990860e+03
4.561221917520541865e+03
4.561340016059272784e+03
4.561440457481749945e+03
4.561446374122756424e+03
4.561577258920880922e+03
4.561688842659684269e+03
4.561805221287412678e+03
4.561843848084049569e+03
4.561953949478935101e+03
4.562023993722072191e+03
4.562052311443067993e+03
4.562125447466312835e+03
4.562366506231499443e+03
4.562558262089756681e+03
4.562623764719588507e+03
4.562651106135595001e+03
4.562825945040084662e+03
4.562845866815880072e+03
4.563126145122455455e+03
4.563204119198268927e+03
4.563311499062584517e+03
4.563441096014924369e+03
4.563458587759024340e+03
4.563471841946790846e+03
4.563637619616582015e+03
4.563711196590749751e+03
4.563786956885794098e+03
4.564003972368038376e+03
4.564034364397813079e+03
4.564038454841690509e+03
4.564176861149915567e+03
4.564188519252238621e+03
4.564215736868230124e+03
4.564521441439515911e+03
4.564599158258619354e+03
4.564644594835672251e+03
4.564662985531364029e+03
4.564682718924656911e+03
4.564777680281687026e+03
4.564856572161143049e+03
4.564869868317297005e+03
4.564947170179835666e+03
4.565005993111617499e+03
4.565177220148158995e+03
4.565245306158893072e+03
4.565299762819781790e+03
4.565318710274107616e+03
4.565339734534926720e+03
4.565480844856016120e+03
4.565810419519581046e+03
4.565925090050063773e+03
4.565940213588577535e+03
4.565980294149174370e+03
4.566366454254689415e+03
4.566478029131833864e+03
4.566903792423563573e+03
4.567169169991705530e+03
4.567512119713259381e+03
4.567517503654401480e+03
4.567880875427530555e+03
4.567899251921122413e+03
4.568144726651084056e+03
4.568157375954664531e+03
4.568340226713857191e+03
4.568499250977993142e+03
4.569126591544300936e+03
4.569282107766220179e+03
4.569289904464809297e+03
4.569352764941218084e+03
4.569570336530674467e+03
4.569590535647335855e+03
4.569778391089154866e+03
4.569891663623411660e+03
4.569915029557384514e+03
4.570018635518522387e+03
4.570073724936560211e+03
4.570222861195234145e+03
4.570321723322477737e+03
4.570478757908743319e+03
4.570597665287925338e+03
4.570692699599906518e+03
4.571039410378835782e+03
4.571078358453354667e+03
4.571123186266864650e+03
4.571144421970951043e+03
4.571286365268126247e+03
4.571309628091868944e+03
4.571478724001978662e+03
4.571614405180519498e+03
4.571695976326703203e+03
4.571846614371039323e+03
4.571882949608461786e+03
4.572096864223449302e+03
4.572160525954784134e+03
4.572439268459765117e+03
4.572555884119424263e+03
4.572698943436122136e+03
4.573151729908781817e+03
4.573219035312877168e+03
4.573228371747780329e+03
4.573335663076998571e+03
4.573352249203328029e+03
4.573405856436981594e+03
4.573442688423639993e+03
4.573593149395794171e+03
4.573748139789964625e+03
4.574560800603851021e+03
4.574607542841340546e+03
4.574612146789940198e+03
4.574622979887354632e+03
4.575111915212093663e+03
4.575219547800616056e+03
4.575499330513641326e+03
4.575629597868690325e+03
4.575658548428375070e+03
4.575803888321805061e+03
4.575822800624536285e+03
4.576109048998743674e+03
4.576165203288320299e+03
4.576427638559953266e+03
4.576569365075569294e+03
4.576925510872626546e+03
4.577022480402464680e+03
4.577095781356134466e+03
4.577322018393455437e+03
4.577592070991196124e+03
4.577666622591151281e+03
4.578034794904619957e+03
4.578242528157832567e+03
4.578250548841192540e+03
4.578320039968598394e+03
4.578338143329922787e+03
4.578592669283555551e+03
4.578745336414943267e+03
4.578844282365882464e+03
4.579021083586753775e+03
4.579071885275579916e+03
4.579347862004243325e+03
4.579554262539097181e+03
4.579602742442079943e+03
4.579723912855998606e+03
4.579868485895240156e+03
4.580118282071807698e+03
4.580203413647655907e+03
4.580253557206159712e+03
4.580639128850093584e+03
4.580807075454148617e+03
4.580868507975737884e+03
4.581001498939504017e+03
4.581140731684952698e+03
4.581216827458794796e+03
4.581220119726519442e+03
4.581353335713361048e+03
4.581380575944953307e+03
4.581445265249957629e+03
4.581625247273393143e+03
4.581733932332649601e+03
4.581759350712061860e+03
4.581764294367908406e+03
4.581876518259820841e+03
4.581908638702758253e+03
4.581924435096395428e+03
4.582152755729777709e+03
4.582161545911611029e+03
4.582197180141776698e+03
4.582216262228864252e+03
4.582252157253439691e+03
4.582371808703878742e+03
4.582391063945095084e+03
4.582512077682219569e+03
4.582705769070809765e+03
4.582718891094226819e+03
4.582822540820822724e+03
4.583212743999990380e+03
4.583329214843176487e+03
4.583376603230807632e+03
4.583547601007216144e+03
4.583612203686212524e+03
4.583832726670768352e+03
4.583878311156969175e+03
4.584466158818459007e+03
4.584495902905338880e+03
4.584547703729905152e+03
4.584697905219582935e+03
4.584787681785447603e+03
4.585019308371178340e+03
4.585440112274864987e+03
4.585529849814898625e+03
4.585589316267068170e+03
4.585997774534175733e+03
4.586206098522598950e+03
4.586381324451424916e+03
4.586444846710012825e+03
4.586465274886760199e+03
4.586666189812268385e+03
4.586674294741143967e+03
4.586821539211323397e+03
4.587144481682683363e+03
4.587195098809610499e+03
4.587454157503306305e+03
4.587546956272190073e+03
4.587687051812776190e+03
4.587698854752789885e+03
4.587699993385014750e+03
4.587733638299218910e+03
4.587783818227039774e+03
4.587817331351931898e+03
4.587850686738078366e+03
4.588043573207703957e+03
4.588102924007530419e+03
4.588296523269370482e+03
4.588304449954613119e+03
4.588339229652347967e+03
4.588744008825407946e+03
4.588781090301462427e+03
4.588797787543189770e+03
4.588807365456183106e+03
4.588824626740634812e+03
4.588876725995035486e+03
4.589124164963399380e+03
4.589190179767691916e+03
4.589203124262013262e+03
4.589336121968789485e+03
4.589362899456838022e+03
4.589640919224982099e+03
4.589719292882652553e+03
4.590009144178648967e+03
4.590068133462415972e+03
4.590158027171548383e+03
4.590177336834275593e+03
4.590427473539567472e+03
4.590533766940882742e+03
4.590786685524566565e+03
4.591480391309298284e+03
4.591614444590539279e+03
4.591727846143051465e+03
4.591801831562683219e+03
4.591817759464853225e+03
4.592031825405849304e+03
4.592144985056985206e+03
4.592197554296324597e+03
4.592238651910058252e+03
4.592506521189692648e+03
4.592518377589543888e+03
4.592526326648603572e+03
4.592780663637657199e+03
4.592865950820795661e+03
4.592870805671469498e+03
4.592927568977585906e+03
4.592931745417215097e+03
4.592951931458303079e+03
4.592978972768750282e+03
4.593004906746554298e+03
4.593006553864830494e+03
4.593253846655217785e+03
4.593357733306313094e+03
4.593373575773579432e+03
4.593421693513463651e+03
4.593796894306566173e+03
4.593883685204507856e+03
4.594021668442366717e+03
4.594042586980230226e+03
4.594120577653396140e+03
4.594163812045129816e+03
4.594272456149851678e+03
4.594342990759952954e+03
4.594355271662731866e+03
4.594363829281007384e+03
4.594646761944667560e+03
4.595083586590675623e+03
4.595122130808917063e+03
4.595381798912047088e+03
4.595639508525165184e+03
4.595894408276287322e+03
4.596229324206509773e+03
4.596376552024174089e+03
4.596405691744567775e+03
4.596410986722261441e+03
4.596699993540141804e+03
4.596844349314153078e+03
4.596913075385580669e+03
4.596956935449537923e+03
4.597073281211853100e+03
4.597098834310740131e+03
4.597154889223753344e+03
4.597192831968462087e+03
4.597425182690160909e+03
4.597617127068371701e+03
4.597640696602987191e+03
4.597855518383372328e+03
4.598046091875519778e+03
4.598127451800491144e+03
4.598157481748673490e+03
4.598160006611678909e+03
4.598264181281548190e+03
4.598481688067445248e+03
4.598505622143215078e+03
4.598552716301359396e+03
4.598653586462696694e+03
4.598728764094427788e+03
4.598741011666824306e+03
4.598862640057164754e+03
4.598913652624260976e+03
4.598919332143863357e+03
4.598944742656908602e+03
4.599093301619053818e+03
4.599272574923407774e+03
4.599418241682791631e+03
4.599507075502016050e+03
4.599571885469248627e+03
4.599692973221987813e+03
4.600114454542737803e+03
4.600223165225354023e+03
4.600264588011227715e+03
4.600273912247139378e+03
4.600457085299693972e+03
4.600566954064071069e+03
4.600642983168260798e+03
4.600774153532006494e+03
4.600823516322671821e+03
4.600847899495529418e+03
4.600910613565112726e+03
4.601011700669259881e+03
4.601078062489211334e+03
4.601089436354049212e+03
4.601198859331024323e+03
4.601544153110393381e+03
4.601591908405940558e+03
4.601603881337109669e+03
4.601708564923173071e+03
4.601869453669058203e+03
4.601871942362450682e+03
4.601914363150825011e+03
4.602032680950860595e+03
4.602274922757626882e+03
4.602360621717645699e+03
4.602692185448256168e+03
4.602729842514712800e+03
4.602779631365436217e+03
4.602867627404693849e+03
4.602880534751011510e+03
4.603029176405848375e+03
4.603146747377625616e+03
4.603188184075070239e+03
4.603350556542738559e+03
4.603466752251954858e+03
4.603561209311935272e+03
4.603618998619078411e+03
4.603674262004608863e+03
4.603973396362734093e+03
4.604028021576020365e+03
4.604057103278666546e+03
4.604301522440673580e+03
4.604698480590573126e+03
4.604834292235088469e+03
4.604845554692430596e+03
4.604896014138671489e+03
4.605194784886205525e+03
4.605343107167043854e+03
4.605365889200271340e+03
4.605432502041205225e+03
4.605548069126043629e+03
4.605729307665822489e+03
4.605742632478710220e+03
4.606601912465864189e+03
4.606634839074143201e+03
4.606826902126424102e+03
4.606853560298526645e+03
4.606966867106506470e+03
4.607038876696480656e+03
4.607315029482728278e+03
4.607510289699719578e+03
4.607628470239841590e+03
4.607749181590185799e+03
4.607758020716754800e+03
4.607769342186516951e+03
4.608019648065218462e+03
4.608035314646701408e+03
4.608113436466970597e+03
4.608329892187940459e+03
4.608493598326505889e+03
4.608653627267443881e+03
4.608687899494945668e+03
4.608938613146890930e+03
4.608973853568652885e+03
4.609088324631346950e+03
4.609147512239315802e+03
4.609513708042833969e+03
4.609515383262541945e+03
4.609936993901994356e+03
4.610000153362389938e+03
4.610349667296286498e+03
4.610603227154743763e+03
4.611001062172509592e+03
4.611319420441059265e+03
4.611352236206734233e+03
4.611425073597969458e+03
4.611540897382360527e+03
4.611558034599928760e+03
4.611568799862352535e+03
4.611991497036866349e+03
4.611994621909781927e+03
4.612039265037816222e+03
4.612300846109022132e+03
4.612512209472062750e+03
4.612572339749074672e+03
4.612649172396486392e+03
4.612694620647900592e+03
4.612711741614080893e+03
4.612727804341188858e+03
4.612844193003146756e+03
4.613045881844391261e+03
4.613050668304849751e+03
4.613263626898667098e+03
4.614332797802484492e+03
4.614472316347655578e+03
4.614486313252980835e+03
4.614610449123380931e+03
4.614874922198931927e+03
4.614919702825734021e+03
4.615052707347821524e+03
4.615132179106687545e+03
4.615512371352123409e+03
4.615715013828305928e+03
4.615719698369949583e+03
4.616146618216194838e+03
4.616165357123761169e+03
4.616200026257007266e+03
4.616269901489949916e+03
4.616297970167639505e+03
4.616353529905753931e+03
4.616414781017524547e+03
4.616528166368357233e+03
4.616736902884508709e+03
4.616749384954044217e+03
4.616887805207403289e+03
4.617225104312728035e+03
4.617508432653251475e+03
4.617518329089353756e+03
4.617608860441077013e+03
4.617825055061613057e+03
4.617828275677416059e+03
4.617887641991004784e+03
4.618030646831058220e+03
4.618381485498372058e+03
4.618522897616458067e+03
4.618700974228894665e+03
4.618807303890704134e+03
4.618982639800303332e+03
4.619236177700107874e+03
4.619387183188730887e+03
4.619412952231228701e+03
4.619563114309614321e+03
4.619579898815536581e+03
4.619592400558914960e+03
4.619742498328185320e+03
4.619789776807735507e+03
4.619851942578169655e+03
4.620065728661643334e+03
4.620178612231581610e+03
4.620197354531385827e+03
4.620209784372976173e+03
4.620270816773738261e+03
4.620397633182366917e+03
4.620433064778000698e+03
4.620819710960089651e+03
4.620826085624232292e+03
4.620891840037018483e+03
4.621056829952169210e+03
4.621119901231479162e+03
4.621206030858844315e+03
4.621208985098537596e+03
4.621293729365927902e+03
4.621354920934539223e+03
4.622059232261790385e+03
4.622063718787400830e+03
4.622200476150977920e+03
4.622466546776469841e+03
4.622653098517520448e+03
4.623101278300730883e+03
4.623147934362402339e+03
4.623233126857287061e+03
4.623312234172383796e+03
4.623312769626279078e+03
4.623368208789498567e+03
4.623559039615935944e+03
4.623569243508633008e+03
4.623587903968739738e+03
4.624024972552172585e+03
4.624049141119011438e+03
4.624093426453619031e+03
4.624220585832133111e+03
4.624260166291393034e+03
4.624283054276964322e+03
4.624386018718942978e+03
4.624523438702339263e+03
4.624698300450134411e+03
4.624711073485478664e+03
4.624774959879814560e+03
4.624821070665983825e+03
4.625001024961910844e+03
4.625012599154169038e+03
4.625236821328122460e+03
4.625256841832258942e+03
4.625356855956639265e+03
4.625510673039601897e+03
4.625760002181220443e+03
4.625816951390516806e+03
4.625896423457701530e+03
4.625901687647180552e+03
4.625960877261091809e+03
4.626161307020663116e+03
4.626228062332937952e+03
4.626357413947616806e+03
4.626401944983314934e+03
4.627075748063723950e+03
4.627107945599892446e+03
4.627169925599099770e+03
4.627460378120403220e+03
4.627592445090345791e+03
4.627629358276903986e+03
4.627728484479092003e+03
4.627760568264942776e+03
4.627800243150722963e+03
4.627830046194258102e+03
4.627845464535216706e+03
4.627916968430827183e+03
4.627965856272491692e+03
4.628002194184741711e+03
4.628070626196850753e+03
4.628089859784366126e+03
4.628160908184549953e+03
4.628235159972745350e+03
4.628307872734861121e+03
4.628502838330487975e+03
4.628569151341709585e+03
4.628625422502405854e+03
4.628656308391991843e+03
4.628825636055676114e+03
4.628864737056203012e+03
4.628956910733363657e+03
4.628964827437454005e+03
4.629214986482403219e+03
4.629510893596925598e+03
4.629515065507983309e+03
4.629607439890122805e+03
4.629668122647312885e+03
4.629704321501439154e+03
4.629792744181210765e+03
4.629855332038700908e+03
4.629922351543369587e+03
4.629922830776037699e+03
4.630086776070502310e+03
4.630135320662211598e+03
4.630271008983419051e+03
4.630326041435499064e+03
4.630494059366413239e+03
4.630495253751138989e+03
4.630503578231242500e+03
4.630886807788107944e+03
4.630905358291083758e+03
4.630934519646933950e+03
4.631123424827242161e+03
4.631399324368666385e+03
4.631499832684306057e+03
4.631528667603353824e+03
4.631628666195489131e+03
4.631790981698399264e+03
4.631847753770958661e+03
4.632043261961381177e+03
4.632105532167975980e+03
4.632160994437013869e+03
4.632386340839982950e+03
4.632408023605686139e+03
4.632776706997337897e+03
4.632861151831767529e+03
4.633093693981043543e+03
4.633175009413961561e+03
4.633243260666035894e+03
4.633314708690319094e+03
4.633754890259615422e+03
4.634213946791420312e+03
4.634262670639882344e+03
4.634367403453338738e+03
4.634382725153149295e+03
4.634686631243471311e+03
4.634805395018864147e+03
4.634903955265546756e+03
4.634918192497134442e+03
4.635037281790571797e+03
4.635117022921779608e+03
4.635187027532450884e+03
4.635349201106278997e+03
4.635400809821786424e+03
4.635630661729293934e+03
4.635769351030674443e+03
4.635904425114056721e+03
4.635989921593963118e+03
4.636155976705515968e+03
4.636216596782865054e+03
4.636471980864718716e+03
4.636488095217903719e+03
4.636503309692086987e+03
4.636515511442441493e+03
4.636831619855163808e+03
4.637094107888401595e+03
4.637420081721867064e+03
4.637630486986978212e+03
4.637876101763833503e+03
4.638497754228425038e+03
4.638748282203731833e+03
4.638760482988711374e+03
4.639053444107565156e+03
4.639134179208276691e+03
4.639148919544989440e+03
4.639159566428654216e+03
4.639240556159619700e+03
4.639279926085781881e+03
4.639320871896194149e+03
4.639461279046303389e+03
4.639761392608910683e+03
4.639790024455841376e+03
4.640090222749139684e+03
4.640099825859965676e+03
4.640351403937414943e+03
4.640360974090179297e+03
4.640418258838639304e+03
4.640419638127868893e+03
4.640425218056294398e+03
4.640573941312542047e+03
4.640784683436072555e+03
4.640940622709304080e+03
4.641074695697992865e+03
4.641162445813792147e+03
4.641163405485366638e+03
4.641228066500310888e+03
4.641841339233817052e+03
4.641910537525110158e+03
4.641928361429812867e+03
4.642135008692346673e+03
4.642311791992386134e+03
4.642568240100522416e+03
4.642587892969652785e+03
4.642767753248846930e+03
4.643038567170115130e+03
4.643363191695917521e+03
4.643889586859858355e+03
4.644315338242895450e+03
4.644382845153484595e+03
4.644393113567488399e+03
4.644406749632355968e+03
4.644430603787282053e+03
4.644509951403701962e+03
4.644761522240001796e+03
4.645006290917669503e+03
4.645104133727360022e+03
4.645197225099762363e+03
4.645263919727936809e+03
4.645302870681637614e+03
4.645433418027134394e+03
4.645575976377967891e+03
4.645648767349761329e+03
4.645669860685028652e+03
4.645746167658119703e+03
4.645927750507821656e+03
4.646232142127936640e+03
4.646344044542279335e+03
4.646384372777119097e+03
4.646418046880899055e+03
4.646472338830029003e+03
4.646568348175452229e+03
4.646868271868282136e+03
4.647035770838034296e+03
4.647182906493521841e+03
4.647320384896073847e+03
4.647342290740398312e+03
4.647990064871687537e+03
4.648033283784821833e+03
4.648139668714723484e+03
4.648637757870883433e+03
4.648652753199191466e+03
4.648752009331206864e+03
4.649763451059980071e+03
4.649946677324576740e+03
4.650027700734670361e+03
4.650148468522984331e+03
4.650226582422295905e+03
4.650510895252904447e+03
4.650719558353061075e+03
4.650758888010496776e+03
4.650981134430175189e+03
4.651253046101413020e+03
4.651373090367840632e+03
4.651535015541202483e+03
4.651794998747119280e+03
4.651911502063543594e+03
4.651938335630124129e+03
4.652335256085336368e+03
4.652358611284797917e+03
4.652368262859383321e+03
4.652447191968044535e+03
4.652662875422800425e+03
4.652700655061021280e+03
4.652734107746663540e+03
4.652763475573812684e+03
4.652773575150862598e+03
4.652962216891920434e+03
4.652967772719261120e+03
4.653064780223521666e+03
4.653078793866195156e+03
4.653301429063376418e+03
4.653446030762650480e+03
4.653805186034982398e+03
4.653816960322065825e+03
4.654484205454333278e+03
4.654493943194503117e+03
4.654664098222542634e+03
4.654901945651497954e+03
4.654996046778373056e+03
4.655040178407187341e+03
4.655294426705281694e+03
4.655494534560756620e+03
4.655522263420372838e+03
4.655835829955266490e+03
4.656026981281750523e+03
4.656381242067560379e+03
4.656426612704497529e+03
4.656622071341200353e+03
4.657689308400111258e+03
4.658189739938638013e+03
4.658254355966563708e+03
4.658372948383177572e+03
4.658417526567637651e+03
4.658605756103645945e+03
4.658641565447030189e+03
4.658730980298131726e+03
4.659026549074326795e+03
4.659074257909873268e+03
4.659300938922889145e+03
4.659332826763246885e+03
4.659591520348949416e+03
4.659635958061411657e+03
4.659647245495450989e+03
4.659699180776130561e+03
4.659754460926956199e+03
4.659960199310711687e+03
4.660001434467772015e+03
4.660052575840353711e+03
4.660116198405624345e+03
4.660186964080479811e+03
4.660230507025759835e+03
4.660522124933764644e+03
4.660657764808679531e+03
4.660928863769507188e+03
4.661136224486022002e+03
4.661200447452923072e+03
4.661294539196303958e+03
4.661376909380365760e+03
4.661769158200944730e+03
4.661851972195288909e+03
4.661984468166415354e+03
4.662019714585251677e+03
4.662309086718843901e+03
4.662492452349915766e+03
4.662628952759495405e+03
4.662733741823161836e+03
4.662810374176993719e+03
4.663046837312590469e+03
4.663060313512237371e+03
4.663063174394832458e+03
4.663168108947792462e+03
4.663271027283125477e+03
4.663502524717182496e+03
4.663646444417088787e+03
4.663668763250327174e+03
4.663710904809884596e+03
4.663807377996225114e+03
4.663954112610361335e+03
4.664108443927334520e+03
4.664171228363785303e+03
4.664361243191166068e+03
4.664436019494545690e+03
4.664461131837645553e+03
4.664545075724737217e+03
4.664681603555602123e+03
4.664746707237071860e+03
4.664775381413368450e+03
4.664782502438474694e+03
4.664996524759785643e+03
4.665088656954938415e+03
4.665129116384136069e+03
4.665309405804046946e+03
4.665399164907690647e+03
4.665533785117708248e+03
4.665548467267075466e+03
4.665664520416388768e+03
4.665824234279010852e+03
4.665892675805232102e+03
4.666020008050024444e+03
4.666132186288331468e+03
4.666149274760346998e+03
4.666353766707289651e+03
4.666652693518644810e+03
4.666655600010778471e+03
4.667165713479012993e+03
4.667255479400182594e+03
4.667292718002947367e+03
4.667298374286724538e+03
4.667414692688846117e+03
4.667604433181169952e+03
4.667617022463765352e+03
4.668001196768675072e+03
4.668081022679091802e+03
4.668113958041030855e+03
4.668142044652050572e+03
4.668156655468526878e+03
4.668333032630520393e+03
4.668484847937436825e+03
4.668489759985313867e+03
4.668684750830257144e+03
4.668959427734448582e+03
4.669015122199849429e+03
4.669041142143855723e+03
4.669332552496143762e+03
4.669443834325854368e+03
4.669454751299872441e+03
4.669551976867181111e+03
4.669586687986194192e+03
4.669633049869602473e+03
4.669661674385897641e+03
4.669669297670386186e+03
4.669745397857840544e+03
4.669855795295212374e+03
4.669917216189329338e+03
4.670645619529948817e+03
4.670829804928456724e+03
4.670853560803326218e+03
4.670911389610622791e+03
4.670912355170979936e+03
4.671115829872867835e+03
4.671223122519995741e+03
4.671423417913269986e+03
4.671491916981044596e+03
4.671644063335919782e+03
4.671938376981769579e+03
4.672248599882875169e+03
4.672281114077126404e+03
4.672330127188907682e+03
4.672533770081808143e+03
4.673028254230777748e+03
4.673076641579893476e+03
4.673610194307672828e+03
4.673680967822100683e+03
4.673721758305798176e+03
4.673766010568267120e+03
4.674052910938959940e+03
4.674125449734044196e+03
4.674228327585676197e+03
4.674274169473883376e+03
4.674331873409369109e+03
4.674355602819634441e+03
4.674401765079689540e+03
4.674452492887221524e+03
4.674537379433312708e+03
4.674636411245950512e+03
4.674816442795133298e+03
4.674860808357612768e+03
4.675149981787626530e+03
4.675480835501713955e+03
4.675804913243488954e+03
4.676026439007416229e+03
4.676210033837245646e+03
4.676300715441978355e+03
4.676593100914818933e+03
4.676606692300804752e+03
4.676638358754068577e+03
4.676781528371126115e+03
4.676851615252627198e+03
4.676933880233423224e+03
4.677076009577908735e+03
4.677458639206612133e+03
4.677500646178051284e+03
4.677745921389577234e+03
4.677931786533649756e+03
4.677981327896397488e+03
4.678082047814750695e+03
4.678095773834043030e+03
4.678231391482627259e+03
4.678342156473785508e+03
4.678490507202441222e+03
4.678742259716990702e+03
4.678841418508960487e+03
4.678869323952704690e+03
4.678998872079744615e+03
4.679288697958668308e+03
4.679471327955568995e+03
4.679703791134384119e+03
4.679752690563173019e+03
4.680037181981849244e+03
4.680065583318591052e+03
4.680392509144411633e+03
4.680410288097020384e+03
4.680412863432948143e+03
4.680441330264362477e+03
4.680630549038204663e+03
4.680872643427405819e+03
4.680987453183604885e+03
4.680992363516683326e+03
4.681025273541685237e+03
4.681093357351795930e+03
4.681221630179718886e+03
4.681271853099642613e+03
4.681521445554230013e+03
4.681620111586003077e+03
4.681658782467381570e+03
4.681671082168179055e+03
4.681937332663063899e+03
4.682076684067962560e+03
4.682287072765181620e+03
4.682391350279448488e+03
4.682606258364839960e+03
4.682606628158795502e+03
4.682851536734829097e+03
4.682908070812211918e+03
4.682960620495661715e+03
4.682994447844341266e+03
4.683192825276493750e+03
4.683224548486292406e+03
4.683364299359648612e+03
4.683391655116615766e+03
4.683623795461157897e+03
4.683644946484017055e+03
4.683694015454077089e+03
4.683893202476808256e+03
4.683921692964814611e+03
4.683936592122468028e+03
4.683985004052569820e+03
4.684017128419081928e+03
4.684037227989377243e+03
4.684113654556268557e+03
4.684209359534595023e+03
4.684213082091769138e+03
4.684323002795149478e+03
4.684344302460895051e+03
4.684480253375144457e+03
4.684522002005553077e+03
4.684737765630415197e+03
4.684753168326370542e+03
4.684829568644806386e+03
4.684943807562372967e+03
4.685065221589918110e+03
4.685065734978245018e+03
4.685411257403086893e+03
4.686167758625699207e+03
4.686337589727248996e+03
4.686488873412963585e+03
4.686564589167118356e+03
4.686778138968807070e+03
4.686977252901939210e+03
4.687029538033008066e+03
4.687052342986866279e+03
4.687087784189178819e+03
4.687287120234980648e+03
4.687300657965362007e+03
4.687327478155317294e+03
4.687355404609304060e+03
4.687619288964123371e+03
4.687676875040925552e+03
4.687700154189477871e+03
4.688141518218335477e+03
4.688212651330608423e+03
4.688231702304645296e+03
4.688289106470536353e+03
4.688310124080221613e+03
4.688319820668679313e+03
4.688425042971430230e+03
4.688454781353106227e+03
4.688548629026719027e+03
4.688623567748421010e+03
4.688892370269737512e+03
4.688901795557966580e+03
4.689126524450676698e+03
4.689597403239440609e+03
4.689932046815319154e+03
4.690136525863500538e+03
4.690215152492015477e+03
4.690268399644084639e+03
4.690331982350505314e+03
4.690474270593619622e+03
4.690485454728294826e+03
4.690507369842483058e+03
4.690812106539565320e+03
4.690903294595426814e+03
4.691191447928496927e+03
4.691217255111990198e+03
4.691609728464951331e+03
4.691621776886770931e+03
4.691866147913193345e+03
4.691885019729618762e+03
4.692027118975851408e+03
4.692335839515593761e+03
4.692471088669530218e+03
4.692485999614322282e+03
4.692638744059277997e+03
4.692879362448227766e+03
4.693272420247794798e+03
4.693318848684559271e+03
4.693415051344422864e+03
4.693774957921654277e+03
4.694001825947971156e+03
4.694041698104729221e+03
4.694147868338087392e+03
4.694450414693863422e+03
4.694549279264161669e+03
4.694772819851391432e+03
4.695109668148633318e+03
4.695758063325125477e+03
4.695981469749823191e+03
4.696046679617474183e+03
4.696068217663558244e+03
4.696139852800085464e+03
4.696291896460216776e+03
4.696449407518201042e+03
4.696471590635349457e+03
4.696478320431640896e+03
4.696507408921526803e+03
4.696678185373451925e+03
4.696733190535253925e+03
4.696844914350949693e+03
4.696868397122641909e+03
4.696986584841938566e+03
4.696997086986853901e+03
4.697016811937019156e+03
4.697385248435823996e+03
4.697738973786948009e+03
4.697819723971610983e+03
4.697919459678227213e+03
4.697977288577718355e+03
4.698339176047715227e+03
4.698529546418219070e+03
4.698567166410270147e+03
4.698575319047377889e+03
4.698728992026405649e+03
4.698816727010453178e+03
4.699037496904828004e+03
4.699130020836510084e+03
4.699303287439413907e+03
4.699312623255468679e+03
4.699523231999528434e+03
4.699561231044320266e+03
4.699621437791476637e+03
4.699891596938487965e+03
4.699927984244674008e+03
4.699961536589306888e+03
4.700173448589971485e+03
4.700358066671904453e+03
4.700380120636722495e+03
4.700471105093202823e+03
4.700477831162452276e+03
4.700670031685584945e+03
4.701055640223362388e+03
4.701079106048277936e+03
4.701198994800630317e+03
4.701228006513460059e+03
4.701391053928055044e+03
4.701492876436483130e+03
4.701625317181818900e+03
4.701631520104129777e+03
4.702017473734748819e+03
4.702026240074061207e+03
4.702113494316254219e+03
4.702183334721907158e+03
4.702207853737840196e+03
4.702259812482858251e+03
4.702270968488459403e+03
4.702332321410060104e+03
4.702402197606948903e+03
4.702543156333154911e+03
4.702597058042149911e+03
4.702606388102597521e+03
4.702870120512143330e+03
4.703418113036302202e+03
4.703454775376720136e+03
4.703505188836506022e+03
4.703539064723147931e+03
4.703613970864606017e+03
4.703663469717179396e+03
4.703711149626731640e+03
4.703738649400458598e+03
4.703822567278539282e+03
4.703852406820966280e+03
4.703902539342190721e+03
4.703951027927316318e+03
4.703961862184152778e+03
4.704018308492050892e+03
4.704064011280100203e+03
4.704341309721717153e+03
4.704351765131851607e+03
4.704454360632701537e+03
4.704460500062541541e+03
4.704743719871058602e+03
4.704823151888112079e+03
4.704827077420055502e+03
4.704889325606605780e+03
4.705262901176511150e+03
4.705756347720447593e+03
4.705911669831793006e+03
4.706395206457101267e+03
4.706434162878316783e+03
4.706452331016678727e+03
4.706588786970162801e+03
4.706747169517352631e+03
4.706869323315589099e+03
4.706952385030789628e+03
4.706990703642517474e+03
4.707276171021358095e+03
4.707545575837515571e+03
4.707842518154729987e+03
4.707872745470423979e+03
4.708018500779513488e+03
4.708040071789208014e+03
4.708090452218294558e+03
4.708282423930759251e+03
4.708306766698581669e+03
4.708489580645591559e+03
4.708490238181753739e+03
4.708622144576791470e+03
4.708642681256723336e+03
4.708879042590159770e+03
4.709469896943938693e+03
4.710056268249137247e+03
4.710519312226735565e+03
4.710558728047264594e+03
4.710610700544642896e+03
4.710788131897095809e+03
4.710855247018809678e+03
4.710889699063392982e+03
4.711002286355679644e+03
4.711225700592700377e+03
4.711650798198941629e+03
4.712008314102754412e+03
4.712136184183314072e+03
4.712141255380705843e+03
4.712444200379567519e+03
4.712543475941050929e+03
4.712573737519499446e+03
4.712586120130539712e+03
4.712797155832789940e+03
4.713043511278950973e+03
4.713116294231489519e+03
4.713564625568787051e+03
4.713656394593847835e+03
4.713773382974178276e+03
4.713815400887564465e+03
4.714216299196637010e+03
4.714236458220691929e+03
4.714406234830486028e+03
4.714456792260122711e+03
4.714531684085426605e+03
4.714702944036773260e+03
4.714755004658043617e+03
4.714827575349454492e+03
4.715051162020170523e+03
4.715065252679182777e+03
4.715311008512800981e+03
4.715316676423047284e+03
4.715360355339378657e+03
4.715401863032294386e+03
4.715471398494385539e+03
4.715532442420662846e+03
4.715636710446007783e+03
4.715899177679013519e+03
4.716340756079713174e+03
4.716488890801409980e+03
4.716555948159933905e+03
4.716572872197691140e+03
4.716646673794988601e+03
4.716738393101686597e+03
4.716828609851909277e+03
4.717140832989157389e+03
4.717240793649790248e+03
4.717389401069817723e+03
4.717436790358630788e+03
4.717727662635982597e+03
4.717790633798504132e+03
4.717831820510825310e+03
4.717932407432224863e+03
4.718020450906003134e+03
4.718022169568796016e+03
4.718172695870993266e+03
4.718187743171870352e+03
4.718356760415043937e+03
4.718431347710322370e+03
4.718646654027823388e+03
4.718650244136691072e+03
4.718704026387890735e+03
4.718779921750990070e+03
4.718931791200847329e+03
4.719169881130021167e+03
4.719212065308865931e+03
4.719403528555581033e+03
4.720219210506932541e+03
4.720237363097090565e+03
4.720265501858661082e+03
4.720624207652101177e+03
4.720795346627123763e+03
4.721025066273968150e+03
4.721457569197349585e+03
4.721595795176443062e+03
4.721648231205354023e+03
4.721825374099759756e+03
4.722010783495253236e+03
4.722242809419823061e+03
4.722819259128995327e+03
4.723121044485733364e+03
4.723130204212063290e+03
4.723159584266451020e+03
4.723291115201210232e+03
4.723539824549519835e+03
4.723640111462116693e+03
4.723824646971867878e+03
4.723925769853231031e+03
4.724031133385828980e+03
4.724332991481630415e+03
4.724426809710937960e+03
4.724734673707761431e+03
4.724857982642372917e+03
4.725004553768608275e+03
4.725278518055016320e+03
4.725344510346774769e+03
4.725539683355612397e+03
4.725959910574269088e+03
4.725964031621662798e+03
4.726141045130563725e+03
4.726312786657473225e+03
4.726356992227669252e+03
4.726542915034842736e+03
4.726601678851191537e+03
4.726648397104264404e+03
4.726704533114855622e+03
4.726712976747718130e+03
4.726899535944047784e+03
4.726943303652124087e+03
4.726978180204238924e+03
4.726986836426983245e+03
4.727098427846896811e+03
4.727103560324208047e+03
4.727244697422035642e+03
4.727297284980892073e+03
4.727357436621629859e+03
4.727438761949053514e+03
4.727533787099959227e+03
4.727536724192737893e+03
4.727679584584404438e+03
4.727999147499290302e+03
4.728167434655976649e+03
4.728333176545577771e+03
4.728404896860867666e+03
4.728502471618255186e+03
4.728541576486485610e+03
4.728590923379146261e+03
4.728669236892650588e+03
4.728695628508192385e+03
4.728805851136382444e+03
4.728856643368911136e+03
4.728992423154038988e+03
4.729017203532407621e+03
4.729089574664139946e+03
4.729199114795863352e+03
4.729203787699716486e+03
4.729266145152692843e+03
4.729369115417130160e+03
4.729454367965994606e+03
4.729519029409669201e+03
4.729533453131954957e+03
4.729649550121589527e+03
4.729986799552345474e+03
4.730103758994230702e+03
4.730756036998778654e+03
4.731445462445077283e+03
4.731464980586345519e+03
4.731500431893223322e+03
4.731542932880998706e+03
4.731645751442239089e+03
4.731991212034312412e+03
4.732090993501728008e+03
4.732103803943775347e+03
4.732278170529735689e+03
4.732416486782802167e+03
4.732448329996386747e+03
4.732696390597810023e+03
4.732841821107456781e+03
4.732992022311786968e+03
4.733049410834486480e+03
4.733337474125906738e+03
4.733518684305963689e+03
4.733565907655563024e+03
4.733580407610166731e+03
4.733696551769882717e+03
4.733731256201594078e+03
4.733882592762739478e+03
4.733988660716633603e+03
4.734292320215416112e+03
4.734447072977571224e+03
4.734516679796387507e+03
4.734523757644582474e+03
4.735086822733029294e+03
4.735110896628292721e+03
4.735174952903760641e+03
4.735332462621218838e+03
4.735432296348836644e+03
4.735734645118126537e+03
4.735740139556392023e+03
4.735892865813083517e+03
4.736087043143712435e+03
4.736359415875663217e+03
4.736605928769427010e+03
4.736685268962370174e+03
4.736790134732445040e+03
4.736800044702165906e+03
4.736973600510853430e+03
4.736984480930111204e+03
4.737022238088982704e+03
4.737472172679008509e+03
4.737665109946605298e+03
4.737666704173178914e+03
4.737675210049205816e+03
4.737750504558439388e+03
4.737853360151136258e+03
4.737870683498890685e+03
4.737898095417753211e+03
4.737968903481996676e+03
4.738130042108926318e+03
4.738365688326512100e+03
4.738542216753457069e+03
4.738674074938297963e+03
4.738791973065690399e+03
4.738964566213949183e+03
4.739096296427695961e+03
4.739171872506840373e+03
4.739177707694432684e+03
4.739246693313904871e+03
4.739466354476404376e+03
4.739703111405707205e+03
4.739779789787990012e+03
4.740097457821946591e+03
4.740207840275019407e+03
4.740362970073088945e+03
4.740576117676794638e+03
4.740618767793241204e+03
4.740937249853711364e+03
4.741125592291224166e+03
4.741318934074560275e+03
4.741691077582475373e+03
4.741705436663067303e+03
4.742014430413418268e+03
4.742509407053044924e+03
4.742538086843144811e+03
4.742730965046914207e+03
4.743020792468768377e+03
4.743061754851000842e+03
4.743199732045053679e+03
4.743246161351445153e+03
4.743306506787667786e+03
4.743346878476251732e+03
4.743422250810196601e+03
4.743435909124106729e+03
4.743609987907798313e+03
4.743671861582623933e+03
4.743936081786426257e+03
4.744195192371992562e+03
4.744215577926428523e+03
4.744220486216004247e+03
4.744437600490769000e+03
4.744502333095127142e+03
4.745023583841804793e+03
4.745058144162307144e+03
4.745090535142462613e+03
4.745125484075894747e+03
4.745244280527042065e+03
4.745249476957699699e+03
4.745259724787436426e+03
4.745374387813999419e+03
4.745463600411138941e+03
4.745749350028869230e+03
4.746017809723875871e+03
4.746202615020320991e+03
4.746255991408398586e+03
4.746337087835317107e+03
4.746493979149349798e+03
4.746726693004883600e+03
4.746908492638729513e+03
4.747035916127796554e+03
4.747139284630509792e+03
4.747152154551357853e+03
4.747481543945219528e+03
4.747484078838167079e+03
4.747682601752278060e+03
4.747877318799620298e+03
4.747880744958773903e+03
4.748233720793883549e+03
4.748244287927102050e+03
4.748303822161062271e+03
4.748561572778115078e+03
4.748669133592763501e+03
4.749041670682996482e+03
4.749174997534335489e+03
4.749397221385574994e+03
4.749492012050799531e+03
4.749612221765632967e+03
4.749667734151313198e+03
4.749667735051171803e+03
4.749827600535813872e+03
4.749854712477433168e+03
4.749856742585376196e+03
4.749917082379263775e+03
4.750197228629728670e+03
4.750439547773981758e+03
4.750573664321400429e+03
4.750608706253668061e+03
4.750660650380449624e+03
4.750777221908344472e+03
4.750784733273470920e+03
4.750941957499790988e+03
4.750978133739285113e+03
4.751013216175038906e+03
4.751077298972787503e+03
4.751102338740935011e+03
4.751268820402897290e+03
4.751501346178015410e+03
4.751736480931849655e+03
4.751811259061367309e+03
4.751870011942626661e+03
4.751887348758467851e+03
4.751888816270697134e+03
4.752023147906316808e+03
4.752100871466324861e+03
4.752160763984757978e+03
4.752266693013445547e+03
4.752507530429101280e+03
4.752663024063078410e+03
4.752674875559770044e+03
4.752999706467580836e+03
4.753321683687619952e+03
4.753904633959927196e+03
4.754114075661166680e+03
4.754147237100932216e+03
4.754269438883547991e+03
4.754283412264694562e+03
4.754337081108862549e+03
4.754576297109263578e+03
4.754721262471047339e+03
4.754740990848336878e+03
4.754826680836466949e+03
4.754863127866236937e+03
4.754992730132878933e+03
4.755327564669642925e+03
4.755384663664959589e+03
4.755431608899334606e+03
4.755664262016894099e+03
4.755670957492773596e+03
4.755933416747110641e+03
4.756200247048910569e+03
4.756204659136637929e+03
4.756280307797259411e+03
4.756369550682372392e+03
4.756446015897656252e+03
4.756475087567931041e+03
4.756477696953321356e+03
4.756600839090694535e+03
4.756680788116208532e+03
4.756880296057224768e+03
4.756889798014834923e+03
4.756912229464440315e+03
4.757276302728720111e+03
4.757387236619252690e+03
4.757398566818207655e+03
4.757506816547728704e+03
4.757754659823332986e+03
4.757858311574246727e+03
4.757893173169618422e+03
4.758181347104912675e+03
4.758256508413034680e+03
4.758279144773609005e+03
4.758339072913434393e+03
4.758532151936806258e+03
4.758681518805881751e+03
4.758714115357282026e+03
4.758721305687926360e+03
4.758802221099566850e+03
4.758908084444887209e+03
4.759032940053099992e+03
4.759160026796462262e+03
4.759187108434506627e+03
4.759397734166967894e+03
4.759870086857677052e+03
4.760062074839754132e+03
4.760285659856739585e+03
4.760348550649479876e+03
4.760802032372206668e+03
4.760930570404178070e+03
4.760943709744176886e+03
4.761031637503231650e+03
4.761243127432685469e+03
4.761267171008000332e+03
4.761267537140342029e+03
4.761381872285218378e+03
4.761485053898654769e+03
4.761608920452859820e+03
4.761791006307359567e+03
4.761838897523833111e+03
4.761910680457841408e+03
4.762100596695399872e+03
4.762199403483925380e+03
4.762216968941693267e+03
4.762275563005300683e+03
4.762372943015459896e+03
4.762496848507326831e+03
4.762598724791372661e+03
4.762861008667495298e+03
4.762981583511179451e+03
4.763054332246233571e+03
4.763054399475437094e+03
4.763057574907851631e+03
4.763108181378491281e+03
4.763327502657819423e+03
4.763718601365674658e+03
4.763825193079318524e+03
4.763916159918064295e+03
4.764032000161921133e+03
4.764224573122256515e+03
4.764359201866692274e+03
4.764397466839485787e+03
4.764440029463867177e+03
4.764596277229838961e+03
4.764718960429909203e+03
4.765010489409273760e+03
4.765221032824719259e+03
4.765341394072658659e+03
4.765348960438159338e+03
4.765404713226505919e+03
4.765631629308692027e+03
4.765777101125040645e+03
4.765888723425419812e+03
4.765959201211549953e+03
4.765969233789345708e+03
4.766020317583771430e+03
4.766187300533199050e+03
4.766276697215657805e+03
4.766791417148465371e+03
4.766908117598268291e+03
4.766989760624004703e+03
4.767031642032810851e+03
4.767094336864095567e+03
4.767126661133749622e+03
4.767368832309440222e+03
4.767941615513829674e+03
4.768361655672177221e+03
4.768413136628059874e+03
4.768473192769400157e+03
4.768656036114247399e+03
4.768715752424400307e+03
4.768739657252652250e+03
4.768808509597497505e+03
4.769111554875205002e+03
4.769161239279537767e+03
4.769184801640656588e+03
4.769467055649648501e+03
4.769468757948849088e+03
4.769927884610477122e+03
4.769994983063596010e+03
4.770260368320473390e+03
4.770356736586380066e+03
4.770367206893336515e+03
4.770416057043196815e+03
4.770496016013811641e+03
4.770522502812192215e+03
4.770658235514802982e+03
4.770900325545449050e+03
4.771067791109184327e+03
4.771123731182682604e+03
4.771478855094544997e+03
4.771526437016479576e+03
4.771640607641224960e+03
4.771646843247397555e+03
4.771876271021360481e+03
4.772022711771765898e+03
4.772135225754039311e+03
4.772439616968189512e+03
4.772607829890871471e+03
4.772712282394270915e+03
4.772808098017490011e+03
4.772915493572332707e+03
4.773123326873434962e+03
4.773183752211781211e+03
4.773225543821444262e+03
4.773526299600443053e+03
4.773619335862917069e+03
4.773973685846494845e+03
4.774144439500863882e+03
4.774399532227124837e+03
4.774408723056364579e+03
4.774463514185211352e+03
4.774479570531088939e+03
4.774523029583641801e+03
4.774552901155979271e+03
4.774641896272054510e+03
4.774940504599817359e+03
4.775106513564166562e+03
4.775113677046342673e+03
4.775227755841350699e+03
4.775257418169104312e+03
4.775340762062875001e+03
4.775655615377672802e+03
4.775859188673849530e+03
4.775881025826431141e+03
4.776265847349058276e+03
4.776419276400059061e+03
4.776518226159319966e+03
4.776627796071699777e+03
4.776639397658823327e+03
4.776943166315057169e+03
4.776952808536899283e+03
4.777210347729076602e+03
4.777329027535278328e+03
4.777383759699891925e+03
4.777663297758666886e+03
4.777856676431834785e+03
4.777864231619571001e+03
4.777950185713266364e+03
4.777967134542551321e+03
4.778152451320796899e+03
4.778179461062095470e+03
4.778179689789422810e+03
4.778291489757044474e+03
4.778390718536113127e+03
4.778402622532365967e+03
4.778465038694278519e+03
4.778684020671787039e+03
4.779002015949949964e+03
4.779127047953633337e+03
4.779168608110671812e+03
4.779570805326180562e+03
4.779748762354121936e+03
4.779804570708151005e+03
4.779888764570123385e+03
4.779977600274256474e+03
4.780548603224033286e+03
4.780575094318300216e+03
4.780771675595944544e+03
4.780786546118581100e+03
4.781032184856900130e+03
4.781345089569768788e+03
4.781538615937401119e+03
4.781576657453189000e+03
4.781844266314462402e+03
4.782070257861866594e+03
4.782094845971779250e+03
4.782120411678655728e+03
4.782190965241872618e+03
4.782215123891732219e+03
4.782259064368408872e+03
4.782342100543752167e+03
4.782377719253294345e+03
4.782571491851498649e+03
4.782592329643077392e+03
4.782831600331583104e+03
4.782914643191285904e+03
4.782948938356004874e+03
4.783090101194547969e+03
4.783267102342136241e+03
4.783299670724487441e+03
4.783346363953573018e+03
4.783450635906221578e+03
4.783462692573163622e+03
4.783515166018381024e+03
4.783556573927863610e+03
4.783753322718814161e+03
4.783892669762516562e+03
4.784037351684486566e+03
4.784126264092667043e+03
4.784185296926930278e+03
4.784280750482316762e+03
4.784295495924327042e+03
4.784375123680349134e+03
4.784848629521748080e+03
4.784986502799661139e+03
4.785085215051145497e+03
4.785165111583127327e+03
4.785474092831960661e+03
4.785481068749936640e+03
4.785690415380331615e+03
4.785726208426036465e+03
4.785735378943915748e+03
4.785841154474752329e+03
4.785913975847953225e+03
4.785953261478941386e+03
4.785987718909887008e+03
4.786071667150547910e+03
4.786096935288981513e+03
4.786204741235756046e+03
4.786277532454592802e+03
4.786466913002777801e+03
4.786472372680501394e+03
4.786624249423828587e+03
4.786964672618762052e+03
4.786969178568350799e+03
4.787066532789889607e+03
4.787345797143977506e+03
4.787504575089282298e+03
4.787554882500781787e+03
4.787607196173526972e+03
4.787609322409619381e+03
4.787635993182122547e+03
4.787640286277654013e+03
4.787671381453561480e+03
4.787702126029330429e+03
4.787950314419663300e+03
4.787953028021555838e+03
4.788003797175815635e+03
4.788256673035433778e+03
4.788275229467418285e+03
4.788429393715001424e+03
4.788683418045739018e+03
4.789645697102379927e+03
4.789687716851277401e+03
4.789737459032090555e+03
4.790195751669177298e+03
4.790294127819842288e+03
4.790343641097457294e+03
4.790584144603778441e+03
4.790657800640336063e+03
4.790804884325947569e+03
4.790859762460506317e+03
4.790946235572311707e+03
4.791017208011420735e+03
4.791022985673000221e+03
4.791321737588345968e+03
4.791365636988234655e+03
4.791420554582593468e+03
4.791612628252986724e+03
4.791978223009169596e+03
4.792057965551175585e+03
4.792180672231328572e+03
4.792182175071977326e+03
4.792272757656521208e+03
4.792295291161324712e+03
4.792461760029373181e+03
4.792530570330060073e+03
4.793091316387878578e+03
4.793154871978498704e+03
4.793156321739725172e+03
4.793172469500134866e+03
4.793289700965141492e+03
4.793368796335837942e+03
4.793537001655285167e+03
4.793771450495994941e+03
4.793774483610595780e+03
4.793825961941355672e+03
4.793826154103279805e+03
4.793835228933847247e+03
4.794162091209405844e+03
4.794398487341532928e+03
4.794413131297858854e+03
4.794518165214497458e+03
4.794575335350424211e+03
4.794612026277294717e+03
4.794679368406708818e+03
4.794744795318331853e+03
4.794964795996123939e+03
4.794972430941719722e+03
4.795205445058908481e+03
4.795481360691259397e+03
4.795690086026311292e+03
4.795788090634605396e+03
4.795791583185103264e+03
4.795792295305655898e+03
4.795854093482608732e+03
4.795906738651722662e+03
4.796038978253968708e+03
4.796074114265463322e+03
4.796394793326077888e+03
4.796516963591959211e+03
4.796722339642111365e+03
4.796755249309829196e+03
4.796799986048482424e+03
4.796869442471342154e+03
4.796960245211367692e+03
4.796967648671962706e+03
4.797032935120475486e+03
4.797057536775501831e+03
4.797479332658995190e+03
4.797577985492433072e+03
4.797599102704455618e+03
4.797611542133578041e+03
4.797651514334523199e+03
4.797951236879499447e+03
4.798011836448052236e+03
4.798443908791131435e+03
4.798515825743774258e+03
4.798682613454328020e+03
4.798797315283831267e+03
4.798843572637257239e+03
4.798844049280001855e+03
4.799020131088314884e+03
4.799214338044143915e+03
4.799295101512641850e+03
4.799335316346019681e+03
4.799459363786357244e+03
4.799492079114595981e+03
4.799568074545520176e+03
4.799583428111236572e+03
4.799609544552386069e+03
4.799625010317395208e+03
4.799653448155389015e+03
4.799800536849335003e+03
4.800092919574502048e+03
4.800166255375575929e+03
4.800395960695298527e+03
4.800425466040174797e+03
4.800517446632951760e+03
4.801013654042523740e+03
4.801094010835402514e+03
4.801207583656191673e+03
4.801344507997659093e+03
4.801782526753306229e+03
4.801946856416098854e+03
4.802175728404543406e+03
4.802319080202104487e+03
4.802430282494196945e+03
4.802545803625032931e+03
4.802566431035451387e+03
4.802632426518574903e+03
4.802761700217192811e+03
4.802772694374323692e+03
4.802842539378509173e+03
4.802867455844420874e+03
4.802875692043317940e+03
4.803170136832332901e+03
4.803182227011096074e+03
4.803487980385610172e+03
4.803602748925279229e+03
4.803641237494560301e+03
4.803724826750826651e+03
4.803792780420005329e+03
4.804021444275596878e+03
4.804033213195024473e+03
4.804081318635200660e+03
4.804097350927823754e+03
4.804103295331393383e+03
4.804624487534521904e+03
4.804694195382619910e+03
4.805058861024631369e+03
4.805068006521455573e+03
4.805078805727660438e+03
4.805203778056114970e+03
4.805216622877630471e+03
4.805269636711190287e+03
4.805335542378745231e+03
4.805530262910222518e+03
4.805539771467971150e+03
4.805769511037027769e+03
4.805789739668095535e+03
4.805791325015359689e+03
4.805915919661293628e+03
4.805963972609184566e+03
4.806058476925300056e+03
4.806324198128560965e+03
4.806416654002523501e+03
4.806491797483548908e+03
4.806542037937319037e+03
4.806639982667435106e+03
4.806675105577899558e+03
4.806703480129887794e+03
4.806806052654734231e+03
4.806876471944890909e+03
4.807141812977502923e+03
4.807507530469159974e+03
4.807788305506176584e+03
4.807794688117734040e+03
4.807808864945140158e+03
4.807817365795677688e+03
4.807936351644127171e+03
4.808007947576056722e+03
4.808031175710938442e+03
4.808245558448811607e+03
4.808401595841737617e+03
4.808555548173388161e+03
4.808640411170799780e+03
4.808697823499694096e+03
4.808711634797932675e+03
4.808711970662765452e+03
4.808934236196276288e+03
4.809126694317985311e+03
4.809460388439367307e+03
4.809484503381372633e+03
4.809552523364429362e+03
4.809658926626200810e+03
4.809796510378260791e+03
4.809850628725163006e+03
4.809940038657963669e+03
4.809956289067500620e+03
4.810067754494175460e+03
4.810258634976356916e+03
4.810422643776698351e+03
4.810494562054846028e+03
4.810499652379196050e+03
4.810688938617041458e+03
4.810702324908159426e+03
4.810796948660600719e+03
4.810875695254438142e+03
4.811012394841388414e+03
4.811152586414893449e+03
4.811446081780612985e+03
4.811680112186811130e+03
4.811941704966626276e+03
4.811979656779682955e+03
4.812034973486554918e+03
4.812041816449623184e+03
4.812073431185775007e+03
4.812131649363798715e+03
4.812150205944575646e+03
4.812155857631901199e+03
4.812380924212386162e+03
4.812480970006596181e+03
4.812704924242923880e+03
4.812741273146523781e+03
4.812851196356699802e+03
4.812966945425333506e+03
4.813288629299097920e+03
4.813472848952619643e+03
4.813755605512410511e+03
4.813905980830283625e+03
4.814204993198051852e+03
4.814312502436161594e+03
4.814343319110744233e+03
4.814560035218900339e+03
4.814652486996223161e+03
4.814756697069606162e+03
4.814773320422486904e+03
4.814930158976572784e+03
4.815180416136541680e+03
4.815292210737498863e+03
4.815371862343927205e+03
4.815466461979875021e+03
4.815615719510192321e+03
4.815655497589908919e+03
4.815777441372203612e+03
4.815801999548909407e+03
4.816421890772980987e+03
4.816486036160587901e+03
4.816617219006281630e+03
4.816751466262941904e+03
4.816794085458505833e+03
4.816808739974673699e+03
4.817084384609534027e+03
4.817153896359080136e+03
4.817292808679218069e+03
4.817304985375063552e+03
4.817419001667327393e+03
4.817445336169920665e+03
4.817993781657454747e+03
4.818109753054517569e+03
4.818165676872377844e+03
4.818234350588821144e+03
4.818343854314305645e+03
4.818591302093823288e+03
4.818592510796856004e+03
4.818816477270416726e+03
4.818922552302889926e+03
4.818995774091696148e+03
4.819147810412913714e+03
4.819162735158566647e+03
4.819312465054511449e+03
4.819541171601268616e+03
4.819576556737501960e+03
4.819986626210238683e+03
4.820266453036706480e+03
4.820302060997394619e+03
4.820580295468544136e+03
4.820679810637227092e+03
4.820794878411395075e+03
4.820852338954558036e+03
4.820874535063073381e+03
4.820877554218892328e+03
4.820912323940688111e+03
4.820983203041589150e+03
4.821058983422313759e+03
4.821160288571196361e+03
4.821272376699552296e+03
4.821353039659103160e+03
4.821375805596409919e+03
4.821495184269445417e+03
4.821569825597248382e+03
4.821681603676571285e+03
4.821952529630400932e+03
4.822015204995602289e+03
4.822033407301728403e+03
4.822085478460104241e+03
4.822235752315787067e+03
4.822603235271944868e+03
4.822643374327209131e+03
4.822693404197204472e+03
4.822826811404873297e+03
4.822981084894113337e+03
4.823054838558370648e+03
4.823073191620600483e+03
4.823181517880153478e+03
4.823188047945140170e+03
4.823246187040725090e+03
4.823299758533506065e+03
4.823361019291909543e+03
4.823431291206274182e+03
4.823432906625346732e+03
4.823634621301173866e+03
4.823743400483463120e+03
4.823929027635321290e+03
4.823949319968862255e+03
4.823974532803981674e+03
4.824132960062800521e+03
4.824154967577453135e+03
4.824260923749631729e+03
4.824590633278046880e+03
4.824721330375213256e+03
4.824737423395185942e+03
4.824958103055451829e+03
4.824965310822020911e+03
4.824990774933538887e+03
4.825117239932673328e+03
4.825142530046149659e+03
4.825196850416748021e+03
4.825233029792905654e+03
4.825400944282587261e+03
4.825427841982596874e+03
4.825699258214091969e+03
4.825952780681924196e+03
4.825976207453804818e+03
4.826003568345248823e+03
4.826198211767540670e+03
4.826229809248092351e+03
4.826243881725278698e+03
4.826483457890522914e+03
4.826555715768919981e+03
4.826704837420168587e+03
4.826843514894725558e+03
4.826909789102476680e+03
4.826995666904886093e+03
4.827269670442364259e+03
4.827581380776251535e+03
4.827624147937085581e+03
4.827772820115629656e+03
4.827857841883056608e+03
4.827973475766407319e+03
4.828047708475196487e+03
4.828117459817915005e+03
4.828266713624252588e+03
4.828293795438824418e+03
4.828337115380615614e+03
4.828479602869685550e+03
4.828705862191772212e+03
4.828822792691506947e+03
4.828875174971317392e+03
4.829176264756659293e+03
4.829273750872880555e+03
4.829282999468911839e+03
4.829299895437837222e+03
4.829625890604506822e+03
4.829814833685258236e+03
4.829838479235657360e+03
4.829898345819374299e+03
4.829981071970585617e+03
4.830005427007296930e+03
4.830042986321504941e+03
4.830466981028753253e+03
4.830471643093398598e+03
4.830579572034171179e+03
4.830842568520755776e+03
4.831030549994628927e+03
4.831049251078070483e+03
4.831063071585835132e+03
4.831134578453001268e+03
4.831674813871328297e+03
4.832170740530857074e+03
4.832371715166892500e+03
4.832549503521131555e+03
4.832566607331794330e+03
4.832568943410842621e+03
4.832887495899000896e+03
4.832957927115819984e+03
4.833006372897442816e+03
4.833069872616370048e+03
4.833100432147561150e+03
4.833150405368306565e+03
4.833222936057355582e+03
4.833364972500664408e+03
4.833660410029692684e+03
4.833966194980034743e+03
4.834019498203472722e+03
4.834095378393504689e+03
4.834188594407445635e+03
4.834234427156033234e+03
4.834288404342714784e+03
4.834296934235737353e+03
4.835302953793589950e+03
4.835371893546085630e+03
4.835497221900941440e+03
4.835730017282806330e+03
4.835747113662139782e+03
4.835773473395778637e+03
4.835789874180543848e+03
4.835952198462361594e+03
4.836114889432386008e+03
4.836221505812695796e+03
4.836304715024594771e+03
4.836391411369549132e+03
4.836466988855480849e+03
4.836616130124394658e+03
4.836822016402385998e+03
4.836862673968245872e+03
4.836970400402940868e+03
4.836976685985264339e+03
4.837229062832904674e+03
4.837327013072163936e+03
4.837613665232456697e+03
4.837927868146508445e+03
4.837958074214722728e+03
4.838115975071401408e+03
4.838161235801334442e+03
4.838277371786212825e+03
4.838440512075157130e+03
4.838728904957890336e+03
4.838740921219899974e+03
4.838755175342625080e+03
4.838857982970105695e+03
4.839131836360003945e+03
4.839304366330084122e+03
4.839531266579110707e+03
4.839555596893019356e+03
4.839685112402881714e+03
4.839968024395306202e+03
4.840067479759045455e+03
4.840199604361700949e+03
4.840289089318555853e+03
4.840462453922414170e+03
4.840571948395417166e+03
4.840915617880103127e+03
4.841064095907548108e+03
4.841130956422298368e+03
4.841165169483019781e+03
4.841265633442541912e+03
4.841425096980602575e+03
4.841758984025065729e+03
4.841931498328048292e+03
4.842011769379305406e+03
4.842181741222958408e+03
4.842208627158223862e+03
4.842212349247672137e+03
4.842223009017346158e+03
4.842243558627899802e+03
4.842949412333273358e+03
4.842959251164073066e+03
4.842988797429280567e+03
4.842993010882682938e+03
4.843073239034578364e+03
4.843569860722903286e+03
4.843670327595750678e+03
4.843760738086169113e+03
4.843766773944986198e+03
4.843827209931925609e+03
4.843912781600447488e+03
4.844120971365103287e+03
4.844282045747276243e+03
4.844386421632190832e+03
4.844501754215913934e+03
4.844726924630474059e+03
4.844740532354261632e+03
4.844778569096642059e+03
4.844879296844267628e+03
4.844993107245463762e+03
4.845103762419529630e+03
4.845219722188940978e+03
4.845348587456467612e+03
4.845402377607460039e+03
4.845444633908987271e+03
4.845483191379143136e+03
4.845500088107286501e+03
4.845722076011364152e+03
4.845841742795484606e+03
4.845866653693438820e+03
4.846089456117980262e+03
4.846123509598735836e+03
4.846246814887602341e+03
4.846620338621704832e+03
4.846635687646937185e+03
4.846758110276123261e+03
4.846777875652149305e+03
4.846952369724136588e+03
4.846990254357155209e+03
4.847290810749894263e+03
4.847579401751412661e+03
4.847689528206788964e+03
4.848038472055392049e+03
4.848154624584207340e+03
4.848167343228950813e+03
4.848214675467451343e+03
4.848349106368847970e+03
4.848684247294207125e+03
4.848853972583728137e+03
4.849092552398376938e+03
4.849211984122924150e+03
4.849265087468204001e+03
4.849279099116187354e+03
4.850092162101766007e+03
4.850226884323875311e+03
4.850430764941554116e+03
4.850570743317633969e+03
4.850588463265528844e+03
4.850774279232868139e+03
4.850840012666531948e+03
4.850856048098838983e+03
4.850867398311040233e+03
4.850914024918472933e+03
4.851032064603622530e+03
4.851129960563998793e+03
4.851226365298858582e+03
4.851384790887645067e+03
4.851429661342415784e+03
4.851550367075074973e+03
4.851591120553062865e+03
4.851937631749547108e+03
4.852139657140572126e+03
4.852323162964924450e+03
4.852451074639863691e+03
4.852636491059081891e+03
4.852653435739648558e+03
4.852757364394858087e+03
4.852984107772236712e+03
4.853170859331706197e+03
4.853339501569575077e+03
4.853806007779365245e+03
4.853954444522759331e+03
4.854230975790271259e+03
4.854232786452217624e+03
4.854397756831293918e+03
4.854446137457609439e+03
4.854759465302602621e+03
4.854779139326129553e+03
4.854866295268965587e+03
4.854940611471531156e+03
4.855039276190654164e+03
4.855068872435972480e+03
4.855153718066789224e+03
4.855184225354215414e+03
4.855239006924355635e+03
4.855360515220992966e+03
4.855483601163519779e+03
4.855549513624860992e+03
4.855566999249281253e+03
4.855672380823514686e+03
4.855674071035066845e+03
4.855788967217439676e+03
4.855839646310429998e+03
4.855900042903322174e+03
4.855921624220432932e+03
4.856005177774294680e+03
4.856009695463151729e+03
4.856040252313510791e+03
4.856050321888375038e+03
4.856072860448122810e+03
4.856073589437172814e+03
4.856117050807913984e+03
4.856153582696547346e+03
4.856455250750384039e+03
4.856518430220147820e+03
4.856674156930108438e+03
4.856771280763574396e+03
4.856800126049120991e+03
4.856804317088957760e+03
4.856908909455038156e+03
4.856998952760684915e+03
4.857202784026437257e+03
4.857215175901423208e+03
4.857224479111740948e+03
4.857237679642751573e+03
4.857387952260632119e+03
4.857509781348489923e+03
4.857592651757770909e+03
4.857823052163710599e+03
4.857825603123813380e+03
4.857826296566111523e+03
4.857880330887838682e+03
4.858248623224352741e+03
4.858269878908674400e+03
4.858509069536746210e+03
4.858558144282777903e+03
4.858580080557316251e+03
4.858732533423941277e+03
4.858761655523740956e+03
4.858793616747499982e+03
4.858841804920161849e+03
4.859005930238058681e+03
4.859186492615120187e+03
4.859330288285255847e+03
4.859520218773714987e+03
4.859565721061127988e+03
4.859797157685172351e+03
4.860066280736599765e+03
4.860079846415398606e+03
4.860152857065266289e+03
4.860325046521813420e+03
4.860458100875473065e+03
4.860539874402657006e+03
4.860664526237692371e+03
4.860948011509262869e+03
4.861094592336983624e+03
4.861165942638157503e+03
4.861279427499901431e+03
4.861280265970055552e+03
4.861333910119698885e+03
4.861387641767705645e+03
4.861474809754799935e+03
4.861528126117083048e+03
4.861570178034092351e+03
4.861916022674454325e+03
4.862366416578943245e+03
4.862548342486277761e+03
4.862600287353477142e+03
4.862622760028517405e+03
4.862828515841680201e+03
4.862921698181569809e+03
4.863015876053791544e+03
4.863193679290660839e+03
4.863206375109090004e+03
4.863263352182205381e+03
4.863290786913509692e+03
4.863316766780055332e+03
4.863456155323267922e+03
4.863474640371146961e+03
4.863594456239778083e+03
4.863855231287973766e+03
4.863875185681291441e+03
4.864113892455773566e+03
4.864234873023880937e+03
4.864427819988741248e+03
4.864461352154740780e+03
4.864497667076517246e+03
4.864759919297846864e+03
4.864932925023501411e+03
4.865005273196700728e+03
4.865027313396595673e+03
4.865146600047319225e+03
4.865173971744264236e+03
4.865531473496604121e+03
4.865564538456168520e+03
4.865711508492617213e+03
4.865755303695699695e+03
4.865798455209275744e+03
4.865824691567071568e+03
4.865902403398412389e+03
4.865977364411812232e+03
4.866038826250729471e+03
4.866499152926216084e+03
4.866758934749665968e+03
4.867049626306393293e+03
4.867251683024070189e+03
4.867428071297646056e+03
4.867650930756289199e+03
4.867793515396555449e+03
4.867796029698447455e+03
4.867939407503218717e+03
4.867966154557887421e+03
4.868030866005229655e+03
4.868109550284680154e+03
4.868137909677559946e+03
4.868305987778879171e+03
4.868496052139083076e+03
4.868525537049580635e+03
4.869112446709807045e+03
4.869245335556334794e+03
4.869342102602954583e+03
4.869345410268802880e+03
4.869430989139027588e+03
4.869595495495106661e+03
4.869944191085425700e+03
4.869976296546764388e+03
4.870154510725643377e+03
4.870363230224415929e+03
4.870484568850018150e+03
4.870508636135439701e+03
4.870897805282836998e+03
4.871112452675603890e+03
4.871139480714997262e+03
4.871194248268425326e+03
4.871240672166823970e+03
4.871377248673495160e+03
4.871610241409693117e+03
4.871618643573343434e+03
4.871753038457212824e+03
4.871839433860340250e+03
4.871923251881477881e+03
4.872011525629244716e+03
4.872133669102772728e+03
4.872153612721661375e+03
4.872462843814793814e+03
4.872501367791780467e+03
4.872899277858248752e+03
4.873005748210079219e+03
4.873010914021912868e+03
4.873036203591529556e+03
4.873115139650258243e+03
4.873241046242072116e+03
4.873443222018269807e+03
4.873443519385240506e+03
4.873481713708097232e+03
4.873568987469503554e+03
4.873937960891251350e+03
4.874074948532636881e+03
4.874143521009087635e+03
4.874152423378355707e+03
4.874240318850401309e+03
4.874564793225354151e+03
4.874669515557957311e+03
4.874705988632031222e+03
4.874805693272011013e+03
4.874904319301797841e+03
4.874967958460209047e+03
4.875163327281396050e+03
4.875171387426644287e+03
4.875241239750268505e+03
4.875323707208803171e+03
4.875333686045702052e+03
4.875523339284759459e+03
4.875527815963634566e+03
4.875572479610226765e+03
4.875604420103715711e+03
4.875850134949548192e+03
4.876051856677504475e+03
4.876064932779572700e+03
4.876275720784363330e+03
4.876302026273281626e+03
4.876437706719390917e+03
4.876464586923355455e+03
4.877101869666729726e+03
4.877134398901243912e+03
4.877202596456859283e+03
4.877270317694855294e+03
4.877273634749400117e+03
4.877359276093453445e+03
4.877361001064402444e+03
4.877551875644343454e+03
4.877699536358430123e+03
4.877729461614633692e+03
4.878249324007502764e+03
4.878649173122639695e+03
4.878694755049660671e+03
4.878736890895466786e+03
4.879053435194671692e+03
4.879377310430618309e+03
4.879544700665102937e+03
4.879641967499294879e+03
4.879660681684128576e+03
4.879703539650850871e+03
4.879965036136286471e+03
4.879997897516460398e+03
4.880162183026970524e+03
4.880513509583144696e+03
4.880671291368444145e+03
4.880803763718331538e+03
4.880950035987328192e+03
4.881000744336358366e+03
4.881438198906297657e+03
4.881460044872550498e+03
4.881508384850777475e+03
4.881521554945344178e+03
4.881566496575557721e+03
4.881674260911141573e+03
4.881715373778986759e+03
4.881800397080442963e+03
4.881961051815069368e+03
4.881998874937398796e+03
4.882015175434133198e+03
4.882108654789904904e+03
4.882776765920430989e+03
4.883000982653724350e+03
4.883070506922281311e+03
4.883148184153258626e+03
4.883588499926927398e+03
4.883651275073282704e+03
4.883718083153980842e+03
4.883996264836228875e+03
4.884118253577104952e+03
4.884308377881060551e+03
4.884480183070575549e+03
4.884612706436901135e+03
4.884749651054202332e+03
4.885153844503841356e+03
4.885175219899329022e+03
4.885303172945938059e+03
4.885368251928481186e+03
4.885396618048077471e+03
4.885409390666266518e+03
4.885466591670918206e+03
4.885472586912529550e+03
4.885579098582459665e+03
4.885634336159959275e+03
4.885719428569734191e+03
4.885964219566145402e+03
4.886537505125438656e+03
4.886648828975882680e+03
4.886655336999489009e+03
4.886687345742215257e+03
4.886862824338111750e+03
4.886981128098713270e+03
4.887089244913210678e+03
4.887123276642673773e+03
4.887287529155388256e+03
4.887301009020084166e+03
4.887323664412693688e+03
4.887390842611544940e+03
4.887497631150281450e+03
4.887517166154108054e+03
4.887604230132220437e+03
4.887653041014613336e+03
4.888140608644652275e+03
4.888613101152184754e+03
4.888846340479157334e+03
4.889011886750970007e+03
4.889055610283995520e+03
4.889135147438352760e+03
4.889355003385830969e+03
4.889387228687507559e+03
4.889442891344441705e+03
4.889459189445278753e+03
4.889576626886488157e+03
4.889605195144240497e+03
4.889997441166113276e+03
4.890189578574502775e+03
4.890326154139564096e+03
4.890751188105423353e+03
4.890826611185386355e+03
4.891043609404146082e+03
4.891045262565467965e+03
4.891221085434077395e+03
4.891254743288554891e+03
4.891261355440501575e+03
4.891333034697112453e+03
4.891373984126174946e+03
4.891532757063624558e+03
4.891547499161187261e+03
4.891740774734843399e+03
4.892000589093934650e+03
4.892051439210785247e+03
4.892188092972687627e+03
4.892211815761213074e+03
4.892324854982345641e+03
4.892383112298579363e+03
4.892582304490631032e+03
4.892653142742738055e+03
4.892659560303647595e+03
4.892776833141985662e+03
4.892904169305436881e+03
4.893000555834692022e+03
4.893211057067472211e+03
4.893424726164347703e+03
4.893591462729726118e+03
4.893751637095560909e+03
4.894294463617407928e+03
4.894406692161397586e+03
4.894556187046188825e+03
4.894571588520306250e+03
4.894584153931176843e+03
4.895335622576058995e+03
4.895439759400047478e+03
4.895482963835844203e+03
4.895655542680974577e+03
4.895728601961896857e+03
4.895815235050105912e+03
4.896199417866854674e+03
4.896548252450724249e+03
4.896633778790741417e+03
4.896658035194388503e+03
4.896767770989980818e+03
4.897040200419149187e+03
4.897181736048214589e+03
4.897365571809749781e+03
4.897373597749583496e+03
4.897750678453499859e+03
4.897793713130643482e+03
4.897821150698136989e+03
4.898026814172909326e+03
4.898129899620023934e+03
4.898431042752546091e+03
4.898492613107373472e+03
4.898577648908416450e+03
4.898649914064357290e+03
4.898718845070272437e+03
4.899064567548008199e+03
4.899107306609717853e+03
4.899652037859406846e+03
4.899668329219884981e+03
4.899734315474291179e+03
4.899796350271515621e+03
4.899829114600704088e+03
4.900037106159494215e+03
4.900152619303015854e+03
4.900279012433762546e+03
4.900514751281544704e+03
4.900574350710099679e+03
4.900586495123840905e+03
4.901326728448075301e+03
4.901356165708591107e+03
4.901575791582472448e+03
4.902067572456717244e+03
4.902095221289457186e+03
4.902135208663081357e+03
4.902229046804665813e+03
4.902392772146968127e+03
4.902628501727827825e+03
4.902714529802756260e+03
4.902749997902441464e+03
4.902822124076653381e+03
4.902980147121721529e+03
4.903033284988203377e+03
4.903229929208921021e+03
4.903462135107963149e+03
4.903515260796617440e+03
4.903633915741654164e+03
4.903791746342108127e+03
4.903800723891682537e+03
4.903919795928855820e+03
4.903948518953047824e+03
4.904108407597690530e+03
4.904150051902287487e+03
4.904219208525101749e+03
4.904321934688778128e+03
4.904428664252362069e+03
4.904551739949477451e+03
4.904609368608491422e+03
4.904658629031081546e+03
4.904660016538553464e+03
4.904827533808136650e+03
4.905210698229217996e+03
4.905215552836275492e+03
4.905458412479064464e+03
4.905571516727598464e+03
4.905738835319772079e+03
4.905830539757086626e+03
4.905946320684761304e+03
4.906064466769036699e+03
4.906091358942033366e+03
4.906370346334845635e+03
4.906482589346772329e+03
4.906528429908957150e+03
4.906539964594737285e+03
4.906706216968312219e+03
4.906841748604490022e+03
4.906850089594332530e+03
4.906874475926275409e+03
4.906925356547336378e+03
4.907181276598813383e+03
4.907425590568013831e+03
4.907444059920508153e+03
4.907673897299408964e+03
4.907732982890279345e+03
4.908242047873725824e+03
4.908328332902200600e+03
4.908372838212303577e+03
4.908443500228282574e+03
4.908477079926093211e+03
4.908507243390075928e+03
4.908644635044071038e+03
4.908820994391745444e+03
4.909000134574879667e+03
4.909135815479717166e+03
4.909164118088065152e+03
4.909181665021213121e+03
4.909310488230024021e+03
4.909350289364637320e+03
4.909515196231659502e+03
4.909621839270466808e+03
4.909804616277562673e+03
4.909890943578701808e+03
4.910060518285868966e+03
4.910665386712201325e+03
4.910799050645893658e+03
4.911241259263454594e+03
4.911333499132976613e+03
4.911368294327228796e+03
4.911430185194019941e+03
4.911471932554860359e+03
4.911475752273760918e+03
4.911701345515613866e+03
4.911709889468580513e+03
4.911740084347701668e+03
4.911978519608780516e+03
4.912279340355220484e+03
4.912297669383856373e+03
4.912455681839041063e+03
4.912552919493930858e+03
4.912738470686416804e+03
4.912765186438702585e+03
4.912911188189480526e+03
4.913097970609990625e+03
4.913446445568222771e+03
4.913451544335879589e+03
4.913607198999900902e+03
4.913611907269612857e+03
4.913726016914655702e+03
4.913741794731778100e+03
4.914172782413432287e+03
4.914344296008314814e+03
4.914400745136685146e+03
4.914557287566549348e+03
4.914890103319294212e+03
4.915116652415836143e+03
4.915162486030283617e+03
4.915301708387558392e+03
4.915322679274555412e+03
4.915456878747915653e+03
4.916274500231050297e+03
4.916510063301464470e+03
4.916517954115166503e+03
4.916638535688421143e+03
4.917011483296291772e+03
4.917058790174970454e+03
4.917154709305317738e+03
4.917210765206432370e+03
4.917250064780166213e+03
4.917383056622084041e+03
4.917399850939857970e+03
4.917638356496036067e+03
4.917640448730832759e+03
4.917883331812007782e+03
4.918034445967090505e+03
4.918099024216692669e+03
4.918102855166706831e+03
4.918239972848493380e+03
4.918251136375051829e+03
4.918512160704449343e+03
4.918544732549291439e+03
4.918587749385201278e+03
4.918694046359013555e+03
4.918782328744192455e+03
4.918961768269345157e+03
4.918969115039124517e+03
4.919145749982875714e+03
4.919476922747103345e+03
4.919513302697829204e+03
4.919588688493222435e+03
4.919597786255523715e+03
4.919650984451926888e+03
4.919820090533488838e+03
4.919891544748180422e+03
4.919957608541164518e+03
4.920043640185367622e+03
4.920044866171753711e+03
4.920176807195943184e+03
4.920364448313398498e+03
4.920493553163612887e+03
4.920523561627493109e+03
4.920576056097803303e+03
4.920645142858478721e+03
4.921278814519546358e+03
4.921396625371399750e+03
4.921537822001057975e+03
4.921554631140288620e+03
4.921567734878800366e+03
4.921656346561060673e+03
4.921803760856465487e+03
4.921919955856349588e+03
4.921961494166103876e+03
4.922125491844615681e+03
4.922127586847405837e+03
4.922173925178621175e+03
4.922230695829843171e+03
4.922279500149654268e+03
4.922380611316289105e+03
4.922480032177927569e+03
4.922597304662950592e+03
4.922695951120150312e+03
4.922702321020881755e+03
4.922722810369828949e+03
4.922848883503666002e+03
4.923252953244273158e+03
4.923269971497541519e+03
4.923396809046980707e+03
4.923403874664450086e+03
4.923453480869763553e+03
4.923569489282980612e+03
4.923897618057866566e+03
4.924407046249735686e+03
4.924449201566686497e+03
4.924454390942946702e+03
4.924667859636994763e+03
4.924736670473175764e+03
4.924989555035823287e+03
4.925320858353468793e+03
4.925476665976814729e+03
4.925581555701574871e+03
4.925682252624038483e+03
4.925698105593069158e+03
4.925731525886011696e+03
4.925951634706522782e+03
4.925972264309540151e+03
4.926018800873834152e+03
4.926040366254929722e+03
4.926204671112278447e+03
4.926601575253716874e+03
4.926705561810220388e+03
4.926904333872528696e+03
4.926934029298736277e+03
4.927057227690306718e+03
4.927107053598148923e+03
4.927301441938882817e+03
4.927330166657273367e+03
4.927405047509088035e+03
4.927606582298604735e+03
4.927884271876360799e+03
4.928224536056312900e+03
4.928229321348064332e+03
4.928248161598296065e+03
4.928310351245771926e+03
4.928427862987483422e+03
4.928438415213042390e+03
4.928505085143945507e+03
4.928690994215252431e+03
4.928714398191634245e+03
4.928763233862509878e+03
4.928802835011232673e+03
4.928945309442414327e+03
4.929409636916400814e+03
4.929484655211705103e+03
4.929495528778188600e+03
4.929745012761797625e+03
4.929811474387965063e+03
4.930010084609050864e+03
4.930014254434482609e+03
4.930062930841140769e+03
4.930118118793804570e+03
4.930118364868792924e+03
4.930222918259076323e+03
4.930380710615397220e+03
4.930587399448599172e+03
4.930681949244290081e+03
4.931208387468784167e+03
4.931279323126138479e+03
4.931339859382432223e+03
4.931409534940340563e+03
4.931436704124258540e+03
4.931514269142279772e+03
4.931597605322131130e+03
4.931946221349973712e+03
4.932343079810722884e+03
4.932452022986751217e+03
4.932455608953259798e+03
4.932631123862333880e+03
4.932741278098055773e+03
4.932985795823771696e+03
4.933138452293918817e+03
4.933381679770830488e+03
4.933588431712562851e+03
4.933595885467125299e+03
4.933621628573350790e+03
4.933630102585809254e+03
4.933789581121322044e+03
4.934016466796962050e+03
4.934050269155978640e+03
4.934741906537817158e+03
4.934809761487545074e+03
4.934837757955122470e+03
4.934844589555628772e+03
4.934906902010801787e+03
4.935361622463718959e+03
4.935364593983518716e+03
4.935380338611380466e+03
4.935602486396124732e+03
4.935628056717115214e+03
4.935641716536733838e+03
4.935760093208789840e+03
4.935817627988982167e+03
4.935940899443549824e+03
4.935952023568164805e+03
4.936179888522897272e+03
4.936480521539233450e+03
4.936680761250499017e+03
4.936764776527230424e+03
4.936872013216000596e+03
4.936953527016537009e+03
4.937068366494728252e+03
4.937100692813081878e+03
4.937189939399069772e+03
4.937263622212023620e+03
4.937287989776832546e+03
4.937344095025387105e+03
4.937372822089414512e+03
4.937375750159886593e+03
4.937404387294784101e+03
4.937618647260072066e+03
4.937674957289620579e+03
4.937831623985513943e+03
4.938019871687385603e+03
4.938152747972453653e+03
4.938199123413211055e+03
4.938760195613490396e+03
4.938849197159642245e+03
4.938968891222708407e+03
4.938998670463882263e+03
4.939065666990805767e+03
4.939119520779396225e+03
4.939146515630299291e+03
4.939311096054611880e+03
4.939361539057325899e+03
4.939388121260562912e+03
4.939416586859624658e+03
4.939552108996991592e+03
4.939761518672302373e+03
4.939801054305903563e+03
4.939857069046660399e+03
4.939977862030686083e+03
4.939990310985056567e+03
4.940097436170544825e+03
4.940152240005733802e+03
4.940344288854291335e+03
4.940367758439607314e+03
4.940467921227789702e+03
4.940486570301860411e+03
4.940490284279987463e+03
4.940497292210566229e+03
4.940522863507307193e+03
4.940564084937441294e+03
4.940620058046438317e+03
4.940704329165836498e+03
4.940773483761161515e+03
4.940894506920807544e+03
4.940966972412431460e+03
4.941129674298972532e+03
4.941371006187494459e+03
4.941375214987058825e+03
4.941410446710447104e+03
4.941495840398516521e+03
4.941530145344947414e+03
4.941552892451283697e+03
4.941623350404003759e+03
4.941738098656183865e+03
4.941812069590886495e+03
4.941964508975431272e+03
4.942026339190033468e+03
4.942059048853943750e+03
4.942061894069666778e+03
4.942089226645382951e+03
4.942107339687209787e+03
4.942418335581144675e+03
4.942695295335491210e+03
4.942738137520420423e+03
4.942739044498380281e+03
4.942944962356581527e+03
4.943120024870181624e+03
4.943610660255235416e+03
4.943649844749504155e+03
4.943910048760063546e+03
4.943994919658697654e+03
4.944320157254242076e+03
4.944504696736557889e+03
4.944572270650800419e+03
4.944583283817816664e+03
4.944845248305123278e+03
4.944886008964999746e+03
4.945422407219907655e+03
4.945611868550758118e+03
4.945682495399054460e+03
4.945735234306569509e+03
4.945801034471467574e+03
4.946082213971774763e+03
4.946250683586084051e+03
4.946258271121500002e+03
4.946387291937224290e+03
4.946446786826192692e+03
4.946465807759771451e+03
4.946501443198595553e+03
4.946555506179247459e+03
4.946593169129627313e+03
4.946705214103978506e+03
4.946781667769282649e+03
4.946799249487270572e+03
4.946968242639247364e+03
4.947033442990936237e+03
4.947137857547246313e+03
4.947143522162420595e+03
4.947341560708748148e+03
4.947380288547000418e+03
4.947484003452099387e+03
4.947582114782807366e+03
4.947824668838801699e+03
4.947897728731359166e+03
4.947958655936378818e+03
4.948473481432998597e+03
4.948485640111497560e+03
4.948698403210526521e+03
4.948808968276062842e+03
4.948809866982424865e+03
4.948909311739892473e+03
4.948987144218951471e+03
4.949173644056869307e+03
4.949381416018682103e+03
4.949563463499387581e+03
4.949570765089066299e+03
4.949575886217363404e+03
4.949821368414073731e+03
4.949901073118716340e+03
4.950044424949319364e+03
4.950208988338593372e+03
4.950260986014649461e+03
4.950369818003522596e+03
4.950372143227606102e+03
4.950759505277122116e+03
4.950961401022489554e+03
4.951178702317272837e+03
4.951189733947618151e+03
4.951211402288627141e+03
4.951222484052026630e+03
4.951801600430081635e+03
4.951966144764425735e+03
4.952305147390525235e+03
4.952573376560614633e+03
4.952933053411054061e+03
4.953255709489139008e+03
4.953397363098338246e+03
4.953452509429691418e+03
4.953455867238862083e+03
4.953631156639139590e+03
4.953685422915064009e+03
4.953820941085567938e+03
4.953893652574302905e+03
4.954056623073744959e+03
4.954157207780736826e+03
4.954189953756793329e+03
4.954262152343186244e+03
4.954281448632765205e+03
4.954297943672957445e+03
4.954365927400133842e+03
4.954430212222632690e+03
4.954494721108741942e+03
4.954720856512213686e+03
4.954815246702537479e+03
4.954837375260745830e+03
4.954996320218580877e+03
4.955104417166015082e+03
4.955322197131338726e+03
4.955455482702933296e+03
4.955727519101918006e+03
4.955922745931180543e+03
4.956103901061472243e+03
4.956111664932290296e+03
4.956122629404779218e+03
4.956186739551435494e+03
4.956544710414977089e+03
4.956548242309153466e+03
4.956549914548454581e+03
4.956628571074436877e+03
4.956896192457513280e+03
4.956953402951849966e+03
4.957108299673406691e+03
4.957109515881392326e+03
4.957192260805713886e+03
4.957221733952011164e+03
4.957233462368086293e+03
4.957285795012425297e+03
4.957412262354680024e+03
4.957463165401674814e+03
4.957552736980267582e+03
4.957954684956489473e+03
4.958006807677905272e+03
4.958024924964223828e+03
4.958040875656781282e+03
4.958167425480119164e+03
4.958230825478768566e+03
4.958757029623970084e+03
4.958844864713818424e+03
4.958868928094500916e+03
4.958969752741501907e+03
4.959138900012244449e+03
4.959343389769399437e+03
4.959359638272453594e+03
4.959670454303009137e+03
4.959705337955141658e+03
4.959719606168074279e+03
4.959998052825881132e+03
4.960080720457628559e+03
4.960397870024725307e+03
4.960445449482943332e+03
4.960490011699621391e+03
4.960532034000180829e+03
4.960652516689348886e+03
4.960689495854169763e+03
4.960780797938721662e+03
4.960929119036847624e+03
4.961162453818466929e+03
4.961207324768062790e+03
4.961215152731810122e+03
4.961351346944792567e+03
4.961443029024436328e+03
4.961475823903429955e+03
4.961501847105005254e+03
4.961542792998811819e+03
4.961827954372871318e+03
4.961830306646380450e+03
4.962275943986189304e+03
4.962366188409868300e+03
4.962430342982953334e+03
4.962610615651835360e+03
4.962723038603492569e+03
4.962884981384433559e+03
4.963062071319171082e+03
4.963110425893475622e+03
4.963169526213944664e+03
4.963274914348691709e+03
4.963276172805259193e+03
4.963371627446650564e+03
4.963570715497672609e+03
4.963672304023633842e+03
4.963883731437084862e+03
4.963892871413790090e+03
4.963950514169365306e+03
4.963978279049173580e+03
4.964321233297282561e+03
4.964390339038178354e+03
4.964615881674914817e+03
4.964900900701107275e+03
4.964905276755970590e+03
4.965147740839774997e+03
4.965273791984365744e+03
4.965283258152180679e+03
4.965525264881865041e+03
4.965534668518231229e+03
4.965790374548758336e+03
4.965812871050009562e+03
4.965882224456775475e+03
4.965884068073367416e+03
4.965911353196880555e+03
4.966017732068929035e+03
4.966374201460686891e+03
4.966502725942455072e+03
4.966711062216090795e+03
4.966834662446163748e+03
4.967044535390818055e+03
4.967067191481928603e+03
4.967203519414940274e+03
4.967242364692696356e+03
4.967311428572001205e+03
4.967384622430344280e+03
4.967482957321174581e+03
4.967554845948247930e+03
4.967645170475496343e+03
4.967718386329575878e+03
4.967952328675197350e+03
4.967989244143753240e+03
4.968152620223391750e+03
4.968382654456863747e+03
4.968539355798641736e+03
4.968569430900427506e+03
4.968800034196900015e+03
4.968810601611320635e+03
4.968831021240459449e+03
4.968894451354579360e+03
4.969073502832964550e+03
4.969265393110009427e+03
4.969505330671832780e+03
4.969559256353325509e+03
4.969615548029758429e+03
4.969621017585151094e+03
4.969861447052143376e+03
4.970000236125049014e+03
4.970149363888761400e+03
4.970347827419875102e+03
4.970462502236247019e+03
4.970630730756863159e+03
4.970691010128372000e+03
4.970713972468101929e+03
4.971165856484991309e+03
4.971193254763513323e+03
4.971405469712083686e+03
4.971966887266873528e+03
4.972099979264702597e+03
4.972147220756682145e+03
4.972310917271704056e+03
4.972426707196621464e+03
4.972642583365909559e+03
4.972673137709525690e+03
4.972868823533380237e+03
4.973219780139927025e+03
4.973297398819801856e+03
4.973541975300565355e+03
4.973766356871332391e+03
4.973821689325995976e+03
4.973949822380059231e+03
4.973994996135625115e+03
4.974013066589429400e+03
4.974065689107162143e+03
4.974336719978716246e+03
4.974415468600953318e+03
4.974583092451734956e+03
4.974711168947504120e+03
4.974765508915380451e+03
4.974780281035349617e+03
4.974901944901364914e+03
4.975024630578037431e+03
4.975529969563495797e+03
4.975654212744323559e+03
4.975833160769440838e+03
4.975836104641649399e+03
4.975880352957979994e+03
4.975909242396885929e+03
4.975992903733690582e+03
4.976380119910279063e+03
4.976607516109021162e+03
4.976711682182502045e+03
4.976718046057587344e+03
4.977028019846402458e+03
4.977196567982592569e+03
4.977296005490440621e+03
4.977402776939592513e+03
4.977434979432907312e+03
4.977733632237123857e+03
4.977797594365633813e+03
4.977855601467666929e+03
4.977886281878220871e+03
4.977977841052613257e+03
4.978102522319370109e+03
4.978156309411740040e+03
4.978247807363895845e+03
4.978612009964667777e+03
4.978650780171842598e+03
4.978782478719211213e+03
4.978848839373203191e+03
4.978898281501158635e+03
4.978923007975394285e+03
4.979021658833972651e+03
4.979089189714933127e+03
4.979145211344944073e+03
4.979306108983049853e+03
4.979458163555367719e+03
4.979697027189307846e+03
4.979892043220689629e+03
4.979905894268417796e+03
4.980141858975081959e+03
4.980323039701917878e+03
4.980646291837936587e+03
4.980789876385690150e+03
4.980818940152280447e+03
4.980853424035904936e+03
4.981080576066371577e+03
4.981500918401409763e+03
4.981810035756113393e+03
4.982049428674119554e+03
4.982108596315363684e+03
4.982206915043323534e+03
4.982492708431067513e+03
4.982495820420020209e+03
4.982619144775454515e+03
4.982671458309011541e+03
4.982724496506303694e+03
4.982736186663989429e+03
4.982856093392977527e+03
4.982908636543495049e+03
4.983074693486941214e+03
4.983151852212546146e+03
4.983430271021842600e+03
4.983459478384432259e+03
4.983800558921843731e+03
4.983856432189008956e+03
4.983856608469595812e+03
4.983915607760843159e+03
4.984047831555593802e+03
4.984111944554872935e+03
4.984219495418219594e+03
4.984326389466908950e+03
4.984473025740582671e+03
4.984515349658569903e+03
4.984887537076338049e+03
4.984906897079707051e+03
4.984976351421373693e+03
4.985013699230140446e+03
4.985322150187499574e+03
4.985357746218676766e+03
4.985412843624526431e+03
4.985579088450330346e+03
4.985676706870416638e+03
4.985762377508946884e+03
4.985899245485912616e+03
4.986262256267040357e+03
4.986340022054499059e+03
4.986564948436480336e+03
4.986659293884040380e+03
4.986848771088353715e+03
4.987320146241649127e+03
4.987367590775218559e+03
4.987649051135011177e+03
4.988056086376060193e+03
4.988074883794168272e+03
4.988197340856951087e+03
4.988483837719563780e+03
4.988500909589595722e+03
4.988658175603351083e+03
4.988870218550631762e+03
4.988965111101359980e+03
4.989055670716371424e+03
4.989182541495182704e+03
4.989226499412230623e+03
4.989319733450309286e+03
4.989442070139824864e+03
4.989720268540559118e+03
4.990335941926680789e+03
4.990904437580116792e+03
4.990963346573017589e+03
4.990992310607618492e+03
4.991069691649644483e+03
4.991557513857499544e+03
4.991617022645102224e+03
4.991817265770900121e+03
4.991840531847630700e+03
4.992104203889321070e+03
4.992359889969644428e+03
4.992505952392440122e+03
4.992521113444207003e+03
4.992815146423667102e+03
4.992841052634862535e+03
4.992953585060969090e+03
4.993090136435886052e+03
4.993182691600773069e+03
4.993199386089141626e+03
4.993261644552208054e+03
4.993286446958333727e+03
4.993524807590036289e+03
4.993529233692795970e+03
4.993632549955049399e+03
4.993803087284009962e+03
4.993979185140740810e+03
4.994616564046471467e+03
4.994713340180464002e+03
4.994937218253787250e+03
4.995172437332803383e+03
4.995265045537160404e+03
4.995592114176888572e+03
4.995806711802277277e+03
4.996029577252308627e+03
4.996069545804331028e+03
4.996136895251016540e+03
4.996141397815299570e+03
4.996151516944987634e+03
4.996183101653978156e+03
4.996250493597579407e+03
4.996318009449172678e+03
4.996375440057438027e+03
4.996569745372903526e+03
4.996667459225204766e+03
4.996754684572162660e+03
4.996784613251517840e+03
4.996838641310160710e+03
4.996923940268901788e+03
4.997038201389009373e+03
4.997046691954263224e+03
4.997067970396405144e+03
4.997217911848399126e+03
4.997248217776875208e+03
4.997333522171453296e+03
4.997650410107651624e+03
4.997847051326295514e+03
4.997879048117644743e+03
4.998000781372379606e+03
4.998051792494086840e+03
4.998115932081403116e+03
4.998308117470310208e+03
4.998432251535232353e+03
4.998749061955283651e+03
4.998840925912721104e+03
5.000282168918100979e+03
5.000326807559560621e+03
5.000685492528187751e+03
5.000849572965208608e+03
5.000916902349345037e+03
5.000977902648396594e+03
5.000982784009130228e+03
5.001174015248080650e+03
5.001215857712114484e+03
5.001217722023617171e+03
5.001586842148473806e+03
5.001596361420697576e+03
5.001644606079722507e+03
5.001667614164152837e+03
5.001794621829711105e+03
5.001885120073910912e+03
5.001902730288915336e+03
5.002054958241632448e+03
5.002125193877657694e+03
5.002151388350092930e+03
5.002737289088395300e+03
5.003021009603966377e+03
5.003157028193035330e+03
5.003399404572774984e+03
5.003421753696575252e+03
5.003528000102621263e+03
5.003561773264313160e+03
5.003720729693090107e+03
5.003807636976493995e+03
5.003866235732186396e+03
5.004166454293344941e+03
5.004293378763529290e+03
5.004539043385316290e+03
5.004668780272974800e+03
5.004833850058239477e+03
5.004851179808669258e+03
5.004888478062619470e+03
5.005035823026315484e+03
5.005119208053161856e+03
5.005329806874479800e+03
5.005334714538958906e+03
5.005363329909397180e+03
5.005508984780756691e+03
5.005761736569432287e+03
5.005778766212465598e+03
5.005869984028934596e+03
5.005925968199292583e+03
5.006046364797688511e+03
5.006136756107941437e+03
5.006280428676220254e+03
5.006331910663644521e+03
5.006485401110402563e+03
5.006519011478072571e+03
5.006522800936711974e+03
5.006659945327666719e+03
5.006801646660024744e+03
5.006802034689781067e+03
5.006997358906291993e+03
5.007063233009840587e+03
5.007165792119893013e+03
5.007415933564505394e+03
5.007573007985868571e+03
5.007597756617023151e+03
5.007732105755439079e+03
5.008027752604882153e+03
5.008205983747369828e+03
5.008382283488018402e+03
5.008401601093260069e+03
5.008466125742183976e+03
5.008598821935770502e+03
5.008843777481562029e+03
5.008961706716368099e+03
5.009141944183735177e+03
5.009249710811128352e+03
5.009290446849799082e+03
5.009341409548322190e+03
5.009618077111163984e+03
5.009678298283564800e+03
5.009695532452346015e+03
5.009757959394412865e+03
5.009772820573642093e+03
5.009813659719966381e+03
5.010197348666356447e+03
5.010449370169734721e+03
5.010479804969879297e+03
5.010791839202005576e+03
5.011435288034317637e+03
5.011447249617214766e+03
5.011450859255201067e+03
5.011469072686439176e+03
5.011556693675206589e+03
5.011772000797997862e+03
5.011958889690957221e+03
5.012006312538163002e+03
5.012073304529697452e+03
5.012181217783336251e+03
5.012261546884402378e+03
5.012507680811598220e+03
5.012611286764094075e+03
5.012686237028526193e+03
5.012737152244568279e+03
5.012817223575339085e+03
5.012948122475962919e+03
5.013042564768758893e+03
5.013200173782850470e+03
5.013453870093545447e+03
5.013571122732391814e+03
5.013674667553204017e+03
5.013781405276419719e+03
5.014295391183111860e+03
5.014645253932317246e+03
5.014691770820088095e+03
5.014702133056602179e+03
5.014899308177008606e+03
5.015014082880577917e+03
5.015093070319163417e+03
5.015751576852637299e+03
5.015758968154096692e+03
5.015780551784584532e+03
5.015850496514330189e+03
5.015949093524985983e+03
5.016097283197920660e+03
5.016443124820205412e+03
5.016691298798861681e+03
5.016794910708256793e+03
5.016818183413388397e+03
5.017123915622335517e+03
5.017138569052435741e+03
5.017198615243421045e+03
5.017202637648466407e+03
5.017338126975423620e+03
5.017412846239313694e+03
5.018730985078463164e+03
5.018770652840507864e+03
5.018906041738291606e+03
5.018962203792792025e+03
5.019022549980998519e+03
5.019162789448973854e+03
5.019168024269240050e+03
5.019322764520364217e+03
5.019590351505813487e+03
5.019961441485893374e+03
5.020159195198194539e+03
5.020164291982122450e+03
5.020232094264338230e+03
5.020534747452118609e+03
5.020709251591875727e+03
5.020784160516966949e+03
5.020816204344836478e+03
5.020948262615033855e+03
5.021246845337976083e+03
5.021465040040896383e+03
5.021517491080817308e+03
5.021567849434738491e+03
5.021598616068547926e+03
5.021865344620498036e+03
5.021946490309678666e+03
5.022091437226794369e+03
5.022245297379634394e+03
5.022332112488904386e+03
5.022482650183001169e+03
5.022498266615426473e+03
5.022627777767473162e+03
5.023158643465799287e+03
5.023270577531171512e+03
5.023284281788249245e+03
5.023828038658268270e+03
5.023845151148036166e+03
5.023879818399661417e+03
5.023970002141018085e+03
5.024016480505219079e+03
5.024024031753778218e+03
5.024071096606657193e+03
5.024272390816233383e+03
5.024323746279788793e+03
5.024329583142010051e+03
5.024367676207824843e+03
5.024433072347980669e+03
5.024567695701202865e+03
5.024782601047230855e+03
5.024787108164775418e+03
5.025116678127210434e+03
5.025392188695653203e+03
5.025547916527875714e+03
5.025693291202036562e+03
5.025755598171108431e+03
5.025860833351071051e+03
5.025884579898933225e+03
5.025970924292628297e+03
5.026016434475950518e+03
5.026404756260442809e+03
5.026479519921671454e+03
5.026636142797577122e+03
5.026762245353515937e+03
5.026980749488156107e+03
5.027149987623755806e+03
5.027191678600462183e+03
5.027343609567635212e+03
5.027353887879741706e+03
5.027381321881849544e+03
5.027491714053988289e+03
5.027602165406034146e+03
5.027629125210562961e+03
5.027695932133045062e+03
5.027913498101690493e+03
5.028061687358747804e+03
5.028150601325171920e+03
5.028240501526830485e+03
5.028242262429323091e+03
5.028249309005835130e+03
5.028381428887608308e+03
5.028434274638136230e+03
5.028504406794095303e+03
5.028651331645103710e+03
5.028669768613257474e+03
5.028905819344699921e+03
5.029014377935069206e+03
5.029081307748898325e+03
5.029216676955731600e+03
5.029319760768772539e+03
5.029320033416792285e+03
5.029512956991146893e+03
5.029557060894308961e+03
5.029605598175896375e+03
5.029629665023431699e+03
5.029755691211103112e+03
5.029823999735466714e+03
5.030009347150044960e+03
5.030013502326215530e+03
5.030252008618609580e+03
5.030381265485403674e+03
5.030409736276224976e+03
5.030474333293895143e+03
5.030509497807780463e+03
5.030523162934210632e+03
5.030620438013640523e+03
5.030706971634794172e+03
5.030769361062431017e+03
5.030813743938952030e+03
5.030880045388419603e+03
5.031009140610454779e+03
5.031146807550388985e+03
5.031218584591969375e+03
5.031394089967504442e+03
5.031567643897576090e+03
5.031757926948778731e+03
5.031841347858522568e+03
5.031941601865582925e+03
5.032005934045028880e+03
5.032017667388631708e+03
5.032025463271608714e+03
5.032218512083834867e+03
5.032251450006879168e+03
5.032257147514297685e+03
5.032264667449907392e+03
5.032319561105176945e+03
5.032417077991368387e+03
5.032454953960229432e+03
5.032758431597595518e+03
5.032792172624966042e+03
5.032814687660814343e+03
5.032834979524050141e+03
5.033292770903306518e+03
5.033343643033174885e+03
5.033437698385956537e+03
5.033563746426806574e+03
5.033667793530771633e+03
5.033760941029532660e+03
5.033800879595845799e+03
5.033890306840044104e+03
5.034068074985368185e+03
5.034215398711956368e+03
5.034231970466156781e+03
5.034279953937148093e+03
5.034732490560058068e+03
5.034820713108057134e+03
5.034895394872808538e+03
5.034896507179721084e+03
5.035173714176170506e+03
5.035175078653964192e+03
5.035353040703265833e+03
5.035599507341635217e+03
5.035680537726906550e+03
5.035688041286399312e+03
5.035834634340939374e+03
5.035983918365370300e+03
5.036097025015447798e+03
5.036116996197109984e+03
5.036130339760762581e+03
5.036693156355688188e+03
5.036701465368208119e+03
5.036722194864508310e+03
5.036743185387873382e+03
5.036813890038577483e+03
5.036831519644636501e+03
5.036913602763164818e+03
5.037032853680128028e+03
5.037124575095763248e+03
5.037177638595123426e+03
5.037197857813683186e+03
5.037224435573242772e+03
5.037519867899895871e+03
5.038003448358293099e+03
5.038305698774302982e+03
5.038388037308034654e+03
5.038669008750681314e+03
5.038903732643894728e+03
5.038974282004543966e+03
5.039073469722789014e+03
5.039269665760356474e+03
5.039279804846936713e+03
5.039379410253394781e+03
5.039413974851046078e+03
5.039451240785353548e+03
5.039454896872452991e+03
5.039611372152791773e+03
5.039624744685600490e+03
5.039768131887458367e+03
5.039948836214970470e+03
5.039984114575464446e+03
5.040047470999438701e+03
5.040187096923844365e+03
5.040346679190347459e+03
5.040666395691390790e+03
5.040878952412283070e+03
5.040897605360145462e+03
5.041126484270756919e+03
5.041401485356667763e+03
5.041421119430082399e+03
5.041650933377958609e+03
5.041729149762902125e+03
5.041771694105670576e+03
5.041833545297521596e+03
5.041862896551730046e+03
5.042153931060747709e+03
5.042194290230715524e+03
5.042249619496998093e+03
5.042297880472434372e+03
5.042404424718834889e+03
5.042553981978123375e+03
5.042575850828729017e+03
5.042614619065631814e+03
5.042678192165337350e+03
5.042773751026044920e+03
5.042784379311429802e+03
5.042926115230698997e+03
5.043120582257694878e+03
5.043386656183812192e+03
5.043582675390541226e+03
5.043720745209394408e+03
5.043926089234146275e+03
5.043978690405196176e+03
5.044002998713532179e+03
5.044088364066894428e+03
5.044090807140549259e+03
5.044263269514860440e+03
5.044352390439159535e+03
5.044438851797993266e+03
5.044522197204782969e+03
5.044919317908471385e+03
5.045095014242720936e+03
5.045138184651043048e+03
5.045242931791476622e+03
5.045278364085464091e+03
5.045432935423250456e+03
5.045649869764235518e+03
5.045741591325489935e+03
5.045795628704089722e+03
5.045803844616531023e+03
5.045831424537980638e+03
5.046008346679627721e+03
5.046103504514258930e+03
5.046187677920158421e+03
5.046709054143729190e+03
5.046760805674041876e+03
5.047511673187008455e+03
5.047792100875046344e+03
5.047907763052501650e+03
5.048145058651162799e+03
5.048156014273596156e+03
5.048301340670757781e+03
5.048361113851851769e+03
5.048416491890781799e+03
5.048437557557070249e+03
5.048496890592552518e+03
5.048786003259154313e+03
5.048820066059680357e+03
5.048833991928499017e+03
5.048856949650225943e+03
5.048975409296087491e+03
5.048987375686595442e+03
5.049325322206978854e+03
5.049340429621108342e+03
5.049341689330614827e+03
5.049430685787813673e+03
5.049460491734062998e+03
5.049470849509458276e+03
5.049618629026244889e+03
5.049678865791044700e+03
5.049746842325834223e+03
5.049852927860050841e+03
5.049899322671825757e+03
5.050082267606471760e+03
5.050142792661858948e+03
5.050276651075551854e+03
5.050334987204329082e+03
5.050421386433090447e+03
5.050508988380053779e+03
5.050565178182630916e+03
5.050661783772427952e+03
5.050736230935660387e+03
5.050741910885350990e+03
5.050833841478306567e+03
5.050910787903026176e+03
5.050933768877884177e+03
5.050956058334273621e+03
5.051081653442986863e+03
5.051444749612906890e+03
5.051452776205721420e+03
5.051664324151536675e+03
5.051957871802212139e+03
5.052108451615595186e+03
5.052392505449910459e+03
5.052502562781446613e+03
5.052611635081656459e+03
5.052707036315514415e+03
5.052776513830100157e+03
5.052815737061840991e+03
5.052891720614568840e+03
5.052932986972920844e+03
5.052959742487105359e+03
5.053017493898721114e+03
5.053032133099422026e+03
5.053100512625832380e+03
5.053165489699689715e+03
5.053300064759800989e+03
5.053437108086868648e+03
5.053532189701623793e+03
5.053794387733803887e+03
5.054162846272016395e+03
5.054377248683523248e+03
5.054408370797184034e+03
5.054428399140336296e+03
5.054620898326190400e+03
5.054625740000653423e+03
5.054855299857803402e+03
5.055108836297355083e+03
5.055135875335136916e+03
5.055234114789204796e+03
5.055241787390235004e+03
5.055386651789254756e+03
5.055641869156343091e+03
5.055705035005150421e+03
5.055706638116245813e+03
5.055753190886761331e+03
5.055818989583563962e+03
5.055877307453534740e+03
5.056065068387494648e+03
5.056433503888673840e+03
5.056450245371201163e+03
5.056624846389354389e+03
5.056688304460570180e+03
5.056828599670914627e+03
5.056839066105913844e+03
5.056873212507485732e+03
5.056975333268237591e+03
5.057224453995239855e+03
5.057340281184777268e+03
5.057404097270497914e+03
5.057594873670789639e+03
5.057673697828692639e+03
5.057808067425846275e+03
5.057826777258391303e+03
5.057955441574698852e+03
5.058210609762644708e+03
5.058218567816425093e+03
5.058408815686970229e+03
5.058469285274986760e+03
5.058489781873664469e+03
5.058497146649114256e+03
5.058548439247380884e+03
5.058605314839004677e+03
5.058675488490745920e+03
5.058691570973001035e+03
5.059343071085348129e+03
5.059403325775695521e+03
5.059437066599968603e+03
5.059752442625982439e+03
5.059856674579674291e+03
5.059924538857447260e+03
5.060203651410633938e+03
5.060221233967370608e+03
5.060539602363710401e+03
5.060655225540349420e+03
5.060661238661816242e+03
5.060837734961366550e+03
5.060927774870306166e+03
5.061014398981917111e+03
5.061098710366228261e+03
5.061121550982629742e+03
5.061351099588291618e+03
5.061491031156016106e+03
5.061756155053854854e+03
5.061861985730138258e+03
5.062010831894825969e+03
5.062145932884015565e+03
5.062172171635550512e+03
5.062464590232642877e+03
5.062556164037619055e+03
5.062696016302375938e+03
5.062765716410085588e+03
5.062866987939491992e+03
5.062888992147445606e+03
5.062905633908157142e+03
5.062928782452730957e+03
5.062945683926209313e+03
5.063096649292195252e+03
5.063263662767842106e+03
5.063382469199881598e+03
5.063500681766276102e+03
5.063697692327595178e+03
5.063755475333729009e+03
5.063781792354872778e+03
5.063797027460916070e+03
5.063868971283834071e+03
5.064087378904028810e+03
5.064174732936289729e+03
5.064356771068292801e+03
5.064374858496781599e+03
5.064663723545194443e+03
5.064684328513614673e+03
5.064841703756545030e+03
5.064843539660210809e+03
5.064885736754249592e+03
5.065133237462576290e+03
5.065258341368510628e+03
5.065440924288058341e+03
5.065568695263351401e+03
5.065584848729070472e+03
5.066017914943497090e+03
5.066079718895151927e+03
5.066142599608243472e+03
5.066424114677641228e+03
5.066432375703441721e+03
5.066453373113515227e+03
5.066492324231311613e+03
5.066497744410786254e+03
5.066529511543229091e+03
5.066577748386987878e+03
5.066614828383823806e+03
5.066620736815987584e+03
5.066666381896944586e+03
5.066697491566899771e+03
5.066712635307048004e+03
5.066728872814871465e+03
5.066743488598735894e+03
5.066764204027257620e+03
5.066785638622279293e+03
5.066914116037319218e+03
5.067092759332369496e+03
5.067203578681641375e+03
5.067315185079160074e+03
5.067753425728245929e+03
5.067796858600644555e+03
5.067838006926198432e+03
5.067961976565252371e+03
5.068002492548282135e+03
5.068193517564932336e+03
5.068216383810643492e+03
5.068268412822074424e+03
5.068316956109547391e+03
5.068356373064980289e+03
5.068400287294203736e+03
5.068414231426683727e+03
5.068509825481551161e+03
5.068700763791367535e+03
5.068750403007048590e+03
5.068804656888486534e+03
5.069025409383919396e+03
5.069188976559988077e+03
5.069201689670630913e+03
5.069349323880425800e+03
5.069477725102447039e+03
5.069483912263138336e+03
5.069607916140647831e+03
5.069801822705520863e+03
5.070112806704280047e+03
5.070666085962112447e+03
5.070692392032629868e+03
5.071002304112038473e+03
5.071117476112141958e+03
5.071786562924814461e+03
5.072186868435771430e+03
5.072317602938803248e+03
5.072446182968250469e+03
5.072596668402107753e+03
5.072857667808699262e+03
5.073325539472214587e+03
5.073340731039024831e+03
5.073373546726289533e+03
5.073380936695053606e+03
5.073521312483206202e+03
5.073857606989316082e+03
5.073868794091869859e+03
5.074262636904243664e+03
5.074444544757368021e+03
5.074444792729494111e+03
5.074575565209227534e+03
5.074655018615008885e+03
5.074707405015491531e+03
5.074797600408623111e+03
5.074881251203059037e+03
5.075190943639215220e+03
5.075208595519582559e+03
5.075289957276512723e+03
5.075457531968920193e+03
5.075617124800149213e+03
5.075655856764931741e+03
5.075693797650119450e+03
5.075828880167522584e+03
5.076000250424896876e+03
5.076081359280461584e+03
5.076090081171824750e+03
5.076116949450010907e+03
5.076160569371888414e+03
5.076308854816140411e+03
5.076553649864335057e+03
5.076636130788365335e+03
5.077080800393375284e+03
5.077271310244239430e+03
5.077598921062379304e+03
5.077802225280975108e+03
5.077824404036075975e+03
5.077868235061749147e+03
5.078013853592332453e+03
5.078103633877523862e+03
5.078319683934901150e+03
5.078352679981858273e+03
5.078581898873106184e+03
5.078995434940240557e+03
5.079008051366448854e+03
5.079213366699763355e+03
5.079217738363618992e+03
5.079306683721298214e+03
5.079308578883268638e+03
5.079367427753669290e+03
5.079407510161937353e+03
5.079536562915352079e+03
5.079680351651450110e+03
5.079684643221234182e+03
5.079728334893644387e+03
5.079735126324192606e+03
5.079788989721808321e+03
5.079928221932956149e+03
5.080041837584267341e+03
5.080050563010730912e+03
5.080057293814988952e+03
5.080246603137901729e+03
5.080513258917218991e+03
5.080522984794140939e+03
5.080696538822863658e+03
5.080739949458787123e+03
5.080792225413217238e+03
5.080844095979558915e+03
5.081178613433352439e+03
5.081304630647840895e+03
5.081509504557077889e+03
5.081580094738418666e+03
5.081664994521170229e+03
5.081724391466105772e+03
5.081759229847728420e+03
5.081765548463305095e+03
5.081767240851361748e+03
5.082104513301057523e+03
5.082365858623697022e+03
5.082423354425550315e+03
5.082546380689417674e+03
5.082573163455444046e+03
5.082678352097568677e+03
5.082948915738132200e+03
5.083051060689971564e+03
5.083252309051698830e+03
5.083279847896665160e+03
5.083523759342349877e+03
5.083548437153369377e+03
5.083721387820688506e+03
5.083800658001714510e+03
5.083991618164485772e+03
5.084060219248789508e+03
5.084168108204013151e+03
5.084256894165371705e+03
5.084664487469839514e+03
5.084939806038601091e+03
5.085309877424581828e+03
5.085327203870122503e+03
5.085449831768205513e+03
5.085617525489163199e+03
5.085976456716250141e+03
5.086072061223689161e+03
5.086246118135753022e+03
5.086269407242926718e+03
5.086313580066267605e+03
5.086385211451216492e+03
5.086867859122846312e+03
5.086877759408214843e+03
5.086949437433129788e+03
5.086958324723402256e+03
5.086980170330191868e+03
5.087622989072530800e+03
5.087758045937556744e+03
5.087918051411688793e+03
5.087978436175050774e+03
5.087980971539665006e+03
5.088180243003756004e+03
5.088473691311674884e+03
5.088622613411166640e+03
5.088892782709345738e+03
5.088934397815463853e+03
5.088960792291424696e+03
5.089130294982692249e+03
5.089186027616486172e+03
5.089243738759667394e+03
5.089464898249156249e+03
5.089616611099028887e+03
5.089637453531940992e+03
5.089770897559743389e+03
5.089785061533772023e+03
5.089984497679264678e+03
5.090598873944020852e+03
5.090670515134211200e+03
5.090703889050900216e+03
5.090772639137411716e+03
5.090799037605498597e+03
5.090871615550967363e+03
5.090977672069782784e+03
5.091218449195738685e+03
5.091237297170709098e+03
5.091388868228563297e+03
5.091614689432713931e+03
5.091646952860424790e+03
5.091677940522513381e+03
5.092013758732535280e+03
5.092124464235388587e+03
5.092382763258972773e+03
5.092662958117185553e+03
5.092768001368769546e+03
5.092869377010292737e+03
5.093143599840122079e+03
5.093284610257125678e+03
5.093317053561792818e+03
5.093733650923441019e+03
5.093745971925446611e+03
5.094096621818347558e+03
5.094462417913293393e+03
5.094482828199604228e+03
5.094483196692729507e+03
5.094734207114122000e+03
5.094764628461879511e+03
5.094948686973422809e+03
5.094977283288470971e+03
5.095153776854263924e+03
5.095274929947387136e+03
5.095314393785581160e+03
5.095405666174571707e+03
5.095459782103453108e+03
5.095502924348833403e+03
5.095510153501787499e+03
5.095631215310898369e+03
5.095662144202211493e+03
5.095788505320425429e+03
5.095919572945589607e+03
5.096043204539626458e+03
5.096071099930576565e+03
5.096278732353984196e+03
5.096420382588345092e+03
5.096596966474203327e+03
5.096628121768278106e+03
5.096761957739427999e+03
5.096776871584517721e+03
5.096864435788463197e+03
5.096916867139892020e+03
5.097139719618472554e+03
5.097141501704177244e+03
5.097169563827020283e+03
5.097275242438353416e+03
5.097420558914883259e+03
5.097452306483550274e+03
5.097817385878088317e+03
5.097844338676661209e+03
5.097871047269779410e+03
5.098008256516422989e+03
5.098016963621720606e+03
5.098199320024101326e+03
5.098351531266167513e+03
5.098426106418591189e+03
5.098656068479313944e+03
5.098664779421870662e+03
5.098756928753448847e+03
5.099308865598363809e+03
5.099365412468538125e+03
5.099480692861220632e+03
5.099490946720187821e+03
5.099837720155920579e+03
5.099941543240140163e+03
5.099977448049952727e+03
5.100075736347168458e+03
5.100099047777843225e+03
5.100256109231220762e+03
5.100343785188477341e+03
5.100427718486259437e+03
5.101064697559431806e+03
5.101218175886062454e+03
5.101259148249169812e+03
5.101320482701135916e+03
5.101563755543077605e+03
5.101780049023816900e+03
5.101946425134157835e+03
5.102139006066301590e+03
5.102193146596482620e+03
5.102262327814799391e+03
5.102277424852174590e+03
5.102309340886414248e+03
5.102851860725431834e+03
5.102899880007054890e+03
5.102931669425844120e+03
5.103656265303522559e+03
5.104198023051138989e+03
5.104388561761520577e+03
5.104783705935993567e+03
5.104810920009193978e+03
5.104817646804033757e+03
5.105049995958168438e+03
5.105136625739148258e+03
5.105188192730124683e+03
5.105190036822290494e+03
5.105276974863757459e+03
5.105737905187119395e+03
5.106074813937028011e+03
5.106230366013117418e+03
5.106492538382471139e+03
5.106536684928676550e+03
5.106768495227198400e+03
5.106915835033562871e+03
5.107198783740022009e+03
5.107339410827679785e+03
5.107432238080315074e+03
5.107664220336480867e+03
5.107885431701281959e+03
5.107901610524565513e+03
5.108659451837409506e+03
5.108696079028127315e+03
5.108788111501611638e+03
5.108931572222139948e+03
5.109144978093416285e+03
5.109218153895149953e+03
5.109260439762738315e+03
5.109332575256225027e+03
5.109401238203017783e+03
5.109419888943822116e+03
5.109655320964620842e+03
5.109875576029186050e+03
5.109958894519668320e+03
5.109958945831641358e+03
5.109985664779037506e+03
5.110308908765058732e+03
5.110526283364890332e+03
5.110640875602500273e+03
5.110713284708443098e+03
5.110732407214202794e+03
5.110742788325319452e+03
5.110855439259877130e+03
5.111169360525687807e+03
5.111205490444744100e+03
5.111375083222090325e+03
5.111384919071961122e+03
5.111439484227441426e+03
5.111739676345157932e+03
5.111795846300541598e+03
5.112044331008622066e+03
5.112209938576142122e+03
5.112231982302411780e+03
5.112319912123983158e+03
5.112777286191093481e+03
5.112965981176486821e+03
5.113003685978197609e+03
5.113398008663167275e+03
5.113431711755428296e+03
5.113643385391811535e+03
5.113651271337088474e+03
5.113671756484146499e+03
5.113717984428682030e+03
5.113732901828617287e+03
5.113776016827378953e+03
5.113934645185728186e+03
5.114283713528246153e+03
5.114320136903626917e+03
5.114445236751960692e+03
5.114784060434323692e+03
5.115108899698018831e+03
5.115492539166826646e+03
5.115776058064313474e+03
5.115835005154707687e+03
5.116012648253178668e+03
5.116025001580353091e+03
5.116386460946711850e+03
5.116664170046294203e+03
5.116862867359866868e+03
5.117014541484667461e+03
5.117085860188703919e+03
5.117399271741812299e+03
5.117863241400748848e+03
5.117901496704748752e+03
5.118183107135344471e+03
5.118341289003667043e+03
5.118621041012553178e+03
5.118667251795672200e+03
5.118673117847633875e+03
5.118675176982435914e+03
5.118950319270908949e+03
5.118967301775190208e+03
5.119200024825716355e+03
5.119462091350532319e+03
5.119472008864400777e+03
5.119733011023343352e+03
5.120155558957170797e+03
5.120227159861104155e+03
5.120535950827812485e+03
5.120557796279096692e+03
5.120634197309297633e+03
5.120944890445668534e+03
5.121131995791078225e+03
5.121200457092423676e+03
5.121461646567113348e+03
5.121887959173886884e+03
5.121969451283170201e+03
5.121994935636229457e+03
5.122068308693314975e+03
5.122196665260571535e+03
5.122438994399081821e+03
5.122678762548480336e+03
5.122830316750008933e+03
5.122875469303876343e+03
5.122917995038591471e+03
5.122970592546034823e+03
5.123043308291976246e+03
5.123060131014526632e+03
5.123223502267587719e+03
5.123642009413621963e+03
5.123684089450986903e+03
5.123744586284918114e+03
5.123939113967837329e+03
5.124012397227432302e+03
5.124096931706860232e+03
5.124477489116077777e+03
5.124660476844580444e+03
5.124948519939739526e+03
5.125040788554587380e+03
5.125074666600106866e+03
5.125099023015354760e+03
5.125186710921270787e+03
5.125359784588071307e+03
5.125363000614036537e+03
5.125434187118926275e+03
5.126235046950826472e+03
5.126484749575474780e+03
5.126890363446248557e+03
5.126957375400013916e+03
5.127319906796241412e+03
5.127398293309599467e+03
5.127411432168424653e+03
5.127424964734354944e+03
5.127869914348235397e+03
5.127873498398910669e+03
5.127956635791693770e+03
5.127976460935611613e+03
5.128699075925652323e+03
5.128792709008834208e+03
5.129006914901322489e+03
5.129067648349250703e+03
5.129116239295013656e+03
5.129381509614856441e+03
5.129462666714659463e+03
5.129661346516095364e+03
5.129685690505960338e+03
5.129849824276984691e+03
5.130451157491060258e+03
5.130911139292529697e+03
5.130959943571750955e+03
5.131203089318441926e+03
5.131427477861549050e+03
5.131565542242547053e+03
5.131692854661072488e+03
5.132014491560512397e+03
5.132103201781325879e+03
5.132195598142204290e+03
5.132544377269924553e+03
5.132642217069019352e+03
5.132879361100538517e+03
5.133130311392615113e+03
5.133132938082345390e+03
5.133344348240132604e+03
5.133464972204057631e+03
5.133591891146097623e+03
5.133721413383384970e+03
5.134038150457430675e+03
5.134394340906653269e+03
5.134741466804222000e+03
5.134755833101129610e+03
5.134938824667489826e+03
5.135112444806532949e+03
5.136057462433661385e+03
5.136206540353871787e+03
5.136314632851701390e+03
5.136432784718512266e+03
5.136670257856358148e+03
5.136785766137231803e+03
5.137128199825203410e+03
5.138299990494691883e+03
5.138334886372153051e+03
5.139187190060787543e+03
5.139316723026499858e+03
5.139355531176239310e+03
5.139536000590233016e+03
5.139749686879886212e+03
5.140868333495534898e+03
5.140935335481137372e+03
5.141026507084015975e+03
5.141118808792253731e+03
5.141891519768973922e+03
5.142173738598924501e+03
5.142250028295903576e+03
5.142307436580100330e+03
5.142314907074952316e+03
5.142632087949774359e+03
5.143012701320471933e+03
5.143025583670882042e+03
5.143135551904857493e+03
5.143159722842053270e+03
5.143256839171845968e+03
5.143661859396794171e+03
5.143693738807949558e+03
5.143722352762193623e+03
5.144061562749961922e+03
5.144147310289116831e+03
5.144190403713568230e+03
5.144214980279204610e+03
5.144293047791147728e+03
5.144587239140971178e+03
5.144622452961449198e+03
5.144804535095841857e+03
5.144944885813831206e+03
5.145354875801176604e+03
5.145511984651169769e+03
5.145588757763464855e+03
5.146371645442430236e+03
5.146402590938373578e+03
5.146528081881300750e+03
5.146662027450146525e+03
5.147011304338784612e+03
5.147050109968909055e+03
5.147117665229741760e+03
5.147154741482511781e+03
5.147235887156954050e+03
5.147316095124974709e+03
5.147383911726530641e+03
5.147418390087495027e+03
5.147562460677482704e+03
5.147750260343944319e+03
5.147935668634070680e+03
5.148286646237018431e+03
5.148322253420840752e+03
5.148780122521109661e+03
5.148824732334714099e+03
5.148857487491348365e+03
5.148874831429587175e+03
5.149144099078294857e+03
5.149632492005663153e+03
5.149698950242924184e+03
5.150023670587780543e+03
5.150093364668703543e+03
5.150323321841880897e+03
5.150363670324853956e+03
5.150785863081836396e+03
5.150819737689782414e+03
5.150887227909472131e+03
5.150946103768720604e+03
5.150998889024400341e+03
5.151490505224612207e+03
5.151775738214781995e+03
5.151792192234087452e+03
5.152596503513579592e+03
5.152820110811297127e+03
5.152966257672852407e+03
5.153058963628174752e+03
5.153134970603511647e+03
5.153166714991941262e+03
5.153285945836561041e+03
5.153311338359044385e+03
5.153607885685893962e+03
5.153762954868308043e+03
5.154081460805512506e+03
5.154144902420439394e+03
5.154193119967408165e+03
5.154243190511290777e+03
5.154324210692382621e+03
5.154582420524529880e+03
5.154832170799048981e+03
5.154892015024461216e+03
5.155925056563055477e+03
5.156080603512503330e+03
5.156132526875176154e+03
5.156414625944072213e+03
5.156517894721072480e+03
5.157354911729195010e+03
5.157687516969323951e+03
5.157723311366141388e+03
5.157970797445460448e+03
5.158114782683867816e+03
5.158735142058121710e+03
5.158747514656547537e+03
5.159161769169299987e+03
5.159274283305143399e+03
5.159356394903299588e+03
5.159772563575384993e+03
5.159897905994693247e+03
5.159946276102409684e+03
5.159958089182259755e+03
5.160108091201034767e+03
5.160193104887158370e+03
5.160355242649995489e+03
5.160582259353594964e+03
5.160625294493231195e+03
5.160986866630786608e+03
5.161138150589976249e+03
5.161145848114952969e+03
5.161202590953230356e+03
5.161321132429660793e+03
5.161335397869758708e+03
5.161661541208645758e+03
5.161711288492971107e+03
5.161932807638720988e+03
5.162365761575812940e+03
5.163055531086462906e+03
5.163138665142600985e+03
5.163587727077391719e+03
5.163877785144780319e+03
5.164116345846605327e+03
5.164468930072269359e+03
5.164539067927404176e+03
5.164580632209857868e+03
5.164635983086693159e+03
5.164650346750129756e+03
5.164743355925597825e+03
5.165170042377730169e+03
5.165238103081168447e+03
5.165474116434345888e+03
5.166299447257090833e+03
5.166370604375370931e+03
5.166380999587764563e+03
5.166482756471745233e+03
5.166619552362417380e+03
5.166695462764268086e+03
5.166893242436304718e+03
5.167011431348210863e+03
5.167262943662653015e+03
5.167344150369818635e+03
5.167618168295049145e+03
5.167785813255975881e+03
5.167884788188100174e+03
5.167938181127416101e+03
5.168190722171557354e+03
5.168343087202839342e+03
5.168825602954713759e+03
5.168920396235558655e+03
5.168977549063668448e+03
5.168996883987433648e+03
5.169016310324069309e+03
5.169027237612011959e+03
5.169190393698423577e+03
5.169398493692087868e+03
5.169638580630931756e+03
5.169653565055081344e+03
5.169740712065028674e+03
5.169833905331243841e+03
5.170218747771622475e+03
5.170250605858992458e+03
5.170359261595582211e+03
5.170405059865574913e+03
5.170546671002524818e+03
5.170770260009486265e+03
5.170851594744863178e+03
5.170874090314534442e+03
5.170996613843914020e+03
5.171086908776446762e+03
5.171256912554420524e+03
5.171269753015045353e+03
5.171436621428324543e+03
5.171517732656702719e+03
5.171606664429389639e+03
5.171707691041100588e+03
5.172205472767001993e+03
5.172651636914182745e+03
5.172724773763458870e+03
5.173033690208623739e+03
5.173036907331599650e+03
5.173048577755555016e+03
5.173098303762553769e+03
5.173130847924818227e+03
5.173147155780121466e+03
5.173271840426452400e+03
5.173529075258590638e+03
5.173741156883359508e+03
5.173879717194236036e+03
5.174153090703181988e+03
5.174320849210535016e+03
5.174362671697184851e+03
5.175150427408781979e+03
5.175163817679338536e+03
5.175412202187124421e+03
5.175665517980512050e+03
5.175812357912737752e+03
5.175850860922437278e+03
5.176040742372868408e+03
5.176189919493666821e+03
5.176267509024753053e+03
5.176307861641914315e+03
5.176445287093314619e+03
5.176594140351381611e+03
5.176944157910431386e+03
5.176959785283293968e+03
5.177009563939369400e+03
5.177124546555410234e+03
5.177339298649238117e+03
5.177413168211014636e+03
5.177585631393142648e+03
5.177694653229589676e+03
5.177817482226257198e+03
5.177974942157316946e+03
5.178146273717205077e+03
5.178734420089152081e+03
5.178846907863716297e+03
5.179045013142870630e+03
5.179472158049346035e+03
5.179479265866722017e+03
5.179591911036125566e+03
5.180041134627675092e+03
5.180201268723499197e+03
5.180325499661862523e+03
5.180398934638608807e+03
5.180566231862903805e+03
5.180600335388347958e+03
5.180662454802454704e+03
5.180831547224427595e+03
5.180890849565003009e+03
5.180915101224762111e+03
5.181249642101987774e+03
5.181265816507912859e+03
5.181479677074119536e+03
5.181993707596116110e+03
5.182139397420573914e+03
5.182690611004858511e+03
5.182923162328102080e+03
5.183061155089547356e+03
5.183661254697366530e+03
5.183978886496933228e+03
5.184079590052328058e+03
5.184128958472073464e+03
5.184393141141223168e+03
5.184401575813691124e+03
5.184460512032068436e+03
5.184653593694770279e+03
5.184721298653759732e+03
5.185388973581795653e+03
5.185490483273193604e+03
5.185637316086144892e+03
5.185662881360860410e+03
5.186834758291311118e+03
5.186987496541136352e+03
5.187211456771314261e+03
5.187263919673266173e+03
5.187420679886473408e+03
5.187444201773729219e+03
5.187495955618409425e+03
5.187572884137102847e+03
5.187704227264545807e+03
5.187778933087182850e+03
5.188058386250384501e+03
5.188329233384836698e+03
5.188385489905471331e+03
5.188437505202252396e+03
5.188665749590565611e+03
5.188835139183573119e+03
5.188997152835418092e+03
5.189123087338942241e+03
5.189126595956172423e+03
5.189127290634096425e+03
5.189254051534133396e+03
5.189299351778794517e+03
5.189301593803890682e+03
5.189315954417555076e+03
5.189646070443424833e+03
5.189724063496623785e+03
5.190173132416206499e+03
5.190186167956692771e+03
5.190614659646802465e+03
5.190657308078415554e+03
5.190674818473959022e+03
5.190832077707007556e+03
5.191579290482231045e+03
5.192798032265043730e+03
5.193228508611726284e+03
5.193627574772124717e+03
5.193669551886220688e+03
5.193756681397291686e+03
5.193772418123357056e+03
5.193924950805405388e+03
5.194227136570073526e+03
5.194250223837589147e+03
5.194323007912138564e+03
5.194482091704375307e+03
5.194896617102844175e+03
5.194900172756565553e+03
5.194961319400487810e+03
5.195124725217885498e+03
5.195126636182237235e+03
5.195548893979163950e+03
5.195763310766181348e+03
5.195826629614261037e+03
5.195864718863522285e+03
5.195908705999875565e+03
5.196108591147692096e+03
5.196353777690239440e+03
5.196475182108739318e+03
5.196706528021853046e+03
5.196926624188366077e+03
5.197180669823410426e+03
5.197246320888652008e+03
5.197369285276642586e+03
5.197372900688810660e+03
5.197385172693443565e+03
5.197462460129786450e+03
5.197465981944365922e+03
5.197515457082876310e+03
5.197693433084968092e+03
5.197693947656235650e+03
5.197700019683427854e+03
5.197730435893010508e+03
5.197807035683395043e+03
5.198063636929596214e+03
5.198318087004621702e+03
5.198493682062739026e+03
5.198507205698161670e+03
5.198507335539905398e+03
5.198816196595978909e+03
5.199417926308954520e+03
5.199447681976464992e+03
5.199622572654400756e+03
5.200200215647978439e+03
5.200204401227296330e+03
5.200333856063497478e+03
5.200399502995363036e+03
5.200448355466604880e+03
5.200537280008867128e+03
5.200756294758250078e+03
5.200789094566095628e+03
5.200832893866180711e+03
5.201242408511001486e+03
5.201370427732518692e+03
5.201433276220839616e+03
5.201434731497868597e+03
5.201623348273101328e+03
5.201664565874601976e+03
5.201895553505086355e+03
5.201903531318767818e+03
5.202280764094258302e+03
5.202464435076953123e+03
5.202484818740200353e+03
5.202527280689569125e+03
5.202741766870748506e+03
5.203401942303764372e+03
5.203494853708763912e+03
5.203506199983139595e+03
5.203547239240793715e+03
5.203855592314092064e+03
5.204548604473800879e+03
5.204563995481013080e+03
5.204705613762733265e+03
5.204729095948224312e+03
5.204779471754291990e+03
5.204798110792773514e+03
5.204978560131422455e+03
5.205060577593890230e+03
5.205225964424806079e+03
5.205745418279418118e+03
5.205758355379155546e+03
5.206198670863400366e+03
5.206201482954373205e+03
5.206401247983093526e+03
5.206417490384258599e+03
5.206475352109412597e+03
5.206749113600298188e+03
5.207559805010952914e+03
5.207751795167790078e+03
5.207891022953700485e+03
5.207988457464946805e+03
5.207992055453000830e+03
5.208119521535854801e+03
5.208366820570286109e+03
5.208446528989574290e+03
5.208616755051747532e+03
5.208737954584367799e+03
5.208785085475638880e+03
5.208846009141399009e+03
5.208900434994768148e+03
5.208938532853821926e+03
5.209328043400575552e+03
5.209549006703408850e+03
5.209692648811263098e+03
5.209804017552045480e+03
5.210134730202160426e+03
5.210440076994341325e+03
5.210573008151441172e+03
5.210704409803784074e+03
5.211277027532719330e+03
5.211335907365619278e+03
5.211357895994557111e+03
5.211380077234521195e+03
5.211727108852502170e+03
5.211842996760961796e+03
5.211879639741027859e+03
5.212191077783199944e+03
5.212263838721717548e+03
5.212301118888059136e+03
5.212395927495977958e+03
5.212788330648406372e+03
5.212849533129323390e+03
5.213098148763136123e+03
5.213249312741257199e+03
5.213396434862988826e+03
5.213625434532202235e+03
5.213878093146731771e+03
5.213896204760601904e+03
5.213972863447235795e+03
5.213986837544222908e+03
5.214169839884164503e+03
5.214342994587893372e+03
5.214352500289553973e+03
5.214447387972668366e+03
5.214458308398093322e+03
5.214551728968337557e+03
5.214561525670350420e+03
5.214676774396921246e+03
5.214792346519671810e+03
5.214911505125478470e+03
5.215050564334772389e+03
5.215248054927744306e+03
5.215328619920214805e+03
5.215537521275766267e+03
5.215756613016520532e+03
5.216031062580887010e+03
5.216448434388094938e+03
5.216454300313704152e+03
5.216531081565772183e+03
5.216718212885595676e+03
5.217033964030179959e+03
5.217086730251799963e+03
5.217168630728109747e+03
5.217192196441301348e+03
5.217368466385044485e+03
5.217430806066856348e+03
5.217524426281563137e+03
5.217594333872088100e+03
5.217842315085761584e+03
5.217881191508342454e+03
5.217953109476280588e+03
5.217973939437611079e+03
5.218044165176587740e+03
5.218456102321103572e+03
5.218526556706990050e+03
5.218537465432370482e+03
5.218656640875426092e+03
5.218685239737980737e+03
5.219022591378821744e+03
5.219304340543510079e+03
5.219388112933534103e+03
5.219506596589772926e+03
5.220435302283711280e+03
5.220736553483690841e+03
5.220899927716081038e+03
5.221102097287208380e+03
5.221270726751843540e+03
5.221499111663084477e+03
5.221851603873446038e+03
5.221898241914017490e+03
5.222404250099481033e+03
5.222457924545225069e+03
5.222581491216971699e+03
5.222602793637659488e+03
5.222756812415939748e+03
5.222802889148683789e+03
5.223026904978345556e+03
5.223529365067913204e+03
5.223916304386018965e+03
5.223993768420333254e+03
5.224559291742572896e+03
5.224644626009880994e+03
5.225004114129431400e+03
5.225345641831876492e+03
5.225554915995805459e+03
5.226069789840437807e+03
5.226368920105648613e+03
5.226557517710249158e+03
5.226935459264319434e+03
5.226951851858026203e+03
5.226977742829748422e+03
5.227157368250781474e+03
5.227271173588582315e+03
5.227313030104163772e+03
5.227520452084801946e+03
5.227660289316359922e+03
5.227987612042918045e+03
5.228089918257302998e+03
5.228154348722511713e+03
5.228174158869511302e+03
5.228191812970347200e+03
5.228230700865388826e+03
5.228414337582622466e+03
5.228444832597705499e+03
5.228910242112948254e+03
5.229117785404822826e+03
5.229421711100935681e+03
5.229466286985932129e+03
5.229530261459567555e+03
5.229596277727547204e+03
5.229784479861613363e+03
5.229798032307215180e+03
5.229995847069869342e+03
5.230350808115791551e+03
5.230487731905364853e+03
5.230619289063480210e+03
5.230814766186566885e+03
5.230946204792312528e+03
5.231016767446700214e+03
5.231522799707780905e+03
5.231654342913408982e+03
5.231721184422582155e+03
5.231734732284791789e+03
5.231757649704800315e+03
5.231885169002659495e+03
5.231892696157454338e+03
5.231930551166443365e+03
5.232065691891300958e+03
5.232093892725572005e+03
5.232344647514040844e+03
5.232393333716538109e+03
5.232410268095936772e+03
5.233180094910933803e+03
5.233247721693750464e+03
5.233300550124890833e+03
5.233448777279387286e+03
5.233817167699332458e+03
5.234034348909412984e+03
5.234726387150572918e+03
5.234800817830629967e+03
5.234898498933876908e+03
5.235186314379082432e+03
5.235187024371037296e+03
5.235215395659643946e+03
5.235491005404966927e+03
5.235557599540272349e+03
5.235694252429043445e+03
5.235712253106989920e+03
5.235985393901297357e+03
5.236151364377094069e+03
5.236718220204073987e+03
5.237044897861896061e+03
5.237178241377546328e+03
5.237314215449469884e+03
5.237540283043716954e+03
5.237564631443819962e+03
5.237771217409227575e+03
5.237803911398202217e+03
5.237946729272754055e+03
5.238458687562015257e+03
5.239136236726605603e+03
5.239417126875011490e+03
5.240131107694281127e+03
5.240430613334881855e+03
5.240667895652634797e+03
5.240818313559399030e+03
5.241366999271122950e+03
5.241388448559994686e+03
5.241474778828269336e+03
5.241476119937745352e+03
5.241581378566937929e+03
5.241602244635198986e+03
5.241679038238564317e+03
5.241799418809453528e+03
5.242006253799840124e+03
5.242031360351482363e+03
5.242794916458164153e+03
5.242869844055148860e+03
5.243071627659682235e+03
5.243610504567104726e+03
5.243750804218632766e+03
5.243986948038993432e+03
5.244234425384734095e+03
5.244373036613051227e+03
5.244448103564818666e+03
5.244466019138178126e+03
5.244476716532363753e+03
5.244506330598461318e+03
5.244742633325349743e+03
5.244995466465676145e+03
5.245052122373299426e+03
5.245310445402797086e+03
5.245327641250320085e+03
5.246269608983677244e+03
5.246462993482947240e+03
5.246753988464110989e+03
5.246861862628245945e+03
5.246907012648264754e+03
5.247123108341041188e+03
5.247313446531713453e+03
5.247424126386864373e+03
5.247447390677856674e+03
5.247538194018797185e+03
5.247726806819578087e+03
5.247979330231532003e+03
5.247988074168807543e+03
5.248130847411798641e+03
5.248192496491579732e+03
5.248294274415017753e+03
5.248375875360793543e+03
5.248641468919599902e+03
5.248870552160985426e+03
5.249324045086912520e+03
5.249505567393138335e+03
5.249532552130498516e+03
5.249587338979885317e+03
5.250079352243238645e+03
5.250125848750524710e+03
5.250299050983659072e+03
5.250306171604687734e+03
5.250569454120799492e+03
5.250688322608135422e+03
5.250794800386684983e+03
5.250853113192940327e+03
5.251228534402807782e+03
5.251244546918494962e+03
5.251488275682650055e+03
5.251600596293143099e+03
5.251729632700441471e+03
5.251743205055914586e+03
5.251760189558606726e+03
5.251777876347650817e+03
5.251875520349198268e+03
5.252013529179839679e+03
5.252820560859290708e+03
5.252916811669943854e+03
5.252930902049714859e+03
5.253112621988658248e+03
5.253299037580302866e+03
5.253432850175287058e+03
5.253454540824967808e+03
5.253548328198766285e+03
5.253775190080269567e+03
5.253988074737849274e+03
5.254350649457127474e+03
5.254432926600135943e+03
5.254541302038330286e+03
5.254576609233772615e+03
5.254720831324310893e+03
5.254869929380748545e+03
5.254894968498350863e+03
5.255002917781602264e+03
5.255057557661195460e+03
5.255114506407039698e+03
5.255779024346353253e+03
5.256300651884506806e+03
5.256418420878880170e+03
5.256561891829469459e+03
5.256614524851377610e+03
5.256686841993351663e+03
5.256848258193278525e+03
5.256946818943233666e+03
5.256957676082607577e+03
5.256965405990187719e+03
5.257156682112847193e+03
5.257173503011319553e+03
5.257312645996606989e+03
5.257646769062795101e+03
5.257662219337715214e+03
5.257689574379851365e+03
5.257767890573700242e+03
5.257854843031457676e+03
5.257949558198472005e+03
5.258211986991252161e+03
5.258218054226354070e+03
5.258232313667333983e+03
5.258257777102379805e+03
5.258442017182125710e+03
5.258503408030966057e+03
5.258752335954554837e+03
5.258776662285225029e+03
5.259123206392620887e+03
5.259594539971500126e+03
5.259610406050017446e+03
5.259912986366574842e+03
5.259923646697389813e+03
5.260125996178136120e+03
5.260200691724249737e+03
5.260421914624052988e+03
5.260471435256938094e+03
5.260508763830634962e+03
5.260661003339158015e+03
5.260816906298126014e+03
5.261193077701082984e+03
5.261206921431866249e+03
5.261287380224206572e+03
5.261331233338382845e+03
5.261825457826040292e+03
5.262230469848201210e+03
5.262243621239422282e+03
5.262612595366184905e+03
5.262650973133714615e+03
5.262771061022420326e+03
5.262797784640970349e+03
5.262883975371551969e+03
5.262903753004303326e+03
5.263118020449049254e+03
5.263406428030192728e+03
5.263433884611029498e+03
5.263461985285720402e+03
5.263557248727089245e+03
5.263642269821459195e+03
5.263827397588917847e+03
5.263843341139013319e+03
5.263874390280866464e+03
5.264080455734463612e+03
5.264133395921484407e+03
5.264213326049924035e+03
5.264409921666478112e+03
5.264499599558938826e+03
5.264591517508672950e+03
5.264766029966059250e+03
5.264976321155899313e+03
5.264999245646207783e+03
5.265229717911645821e+03
5.265401262809722539e+03
5.265503869125791425e+03
5.265537019073848569e+03
5.266309212248523181e+03
5.266336568359991361e+03
5.266525575141846275e+03
5.266652205698113903e+03
5.267008701246256351e+03
5.267356154739058184e+03
5.267820634769472235e+03
5.268057766270269894e+03
5.268222958804624795e+03
5.268314620610010934e+03
5.268544164101492242e+03
5.268734682381425955e+03
5.268979416156185835e+03
5.269115303864285124e+03
5.269145244172551429e+03
5.269177337376288961e+03
5.269302350361945173e+03
5.269567914351248874e+03
5.269641639465075059e+03
5.269659563077217172e+03
5.269690035431251090e+03
5.269718373403287842e+03
5.269980515262146582e+03
5.269996823280618628e+03
5.270085142691643341e+03
5.270231775379342253e+03
5.270491531378451327e+03
5.270581264070980069e+03
5.270618382494448269e+03
5.271074437484219743e+03
5.271230638975770489e+03
5.271504697829781435e+03
5.271569690298110800e+03
5.271594805603203895e+03
5.271769636169306978e+03
5.271801174957336116e+03
5.271825977774448802e+03
5.271997113930907290e+03
5.272013036400467172e+03
5.272148272075157365e+03
5.272158832188794804e+03
5.272183596660201147e+03
5.272392621186551878e+03
5.272611019447715080e+03
5.272725025056092818e+03
5.272937956937769741e+03
5.273036912549170665e+03
5.273160670837787620e+03
5.273442202128636382e+03
5.274069386117987051e+03
5.274344374491977760e+03
5.274581164198209990e+03
5.274865800464165659e+03
5.275058864659774372e+03
5.275083664842314647e+03
5.275211597347986753e+03
5.275340979493384111e+03
5.275351810794993980e+03
5.275473450081545707e+03
5.276206389341396971e+03
5.276215078580594309e+03
5.276330538781827272e+03
5.276392274511104915e+03
5.276427837454187284e+03
5.276433471136680964e+03
5.276533148292156511e+03
5.276728402744974119e+03
5.276760272029156113e+03
5.276801513385164071e+03
5.277299987725786195e+03
5.277318623414696958e+03
5.277422223869673871e+03
5.277632164041312535e+03
5.277742394269084798e+03
5.278349509724927884e+03
5.278365768708284122e+03
5.278595863734868544e+03
5.278634979440788811e+03
5.278913949810709710e+03
5.278936831892185182e+03
5.279088086053658117e+03
5.279617002317018887e+03
5.279790116704912180e+03
5.279952366342934511e+03
5.279960391946514392e+03
5.280468620646570344e+03
5.280501006529078040e+03
5.280529332633141166e+03
5.281308442488361834e+03
5.281785051902313171e+03
5.281826802166960988e+03
5.281837316664893478e+03
5.281853191734529901e+03
5.282363893162066233e+03
5.282396469358961440e+03
5.282489284122569188e+03
5.282547325969085250e+03
5.282553702757603787e+03
5.282571517291805321e+03
5.282752463813897521e+03
5.282789231787423887e+03
5.282838475803228903e+03
5.283077536557069834e+03
5.283362595844662792e+03
5.283399225990855484e+03
5.283405909232542399e+03
5.283521371752741288e+03
5.283600281267060382e+03
5.283614123897326863e+03
5.283932278786676761e+03
5.283985918149938698e+03
5.284027878456369763e+03
5.284202501711681180e+03
5.284314491927026211e+03
5.284525489946305242e+03
5.284621703228331171e+03
5.284736939694037574e+03
5.284853724482102734e+03
5.285051513035272365e+03
5.285427186949496900e+03
5.285445687077866751e+03
5.286191085636228308e+03
5.286390626751629497e+03
5.286527815828619168e+03
5.286617852784632305e+03
5.286744995708711031e+03
5.286777269382757368e+03
5.287172109857368923e+03
5.287421837971937748e+03
5.287562496522878973e+03
5.287890328432159549e+03
5.288084356572526303e+03
5.288233682945082364e+03
5.288287410276915580e+03
5.288381247989837902e+03
5.288487968544465730e+03
5.288605300027381418e+03
5.288696516167306072e+03
5.289206156493694834e+03
5.289304258051359284e+03
5.289352261202701811e+03
5.289520853047023593e+03
5.289579888855433637e+03
5.289594627894992300e+03
5.289813092989857978e+03
5.290001574552777129e+03
5.290029609384588184e+03
5.290112923026933458e+03
5.290155870265062731e+03
5.290192022532132796e+03
5.290211092024082973e+03
5.290344021952044386e+03
5.290498521066277135e+03
5.290890801545716386e+03
5.291083072628063746e+03
5.291469673908060940e+03
5.291506291465643699e+03
5.291587619730727965e+03
5.291801629050421980e+03
5.291924313611303660e+03
5.292267499451161711e+03
5.292291397236641387e+03
5.292410045767590418e+03
5.292604075402572562e+03
5.292822570120427372e+03
5.292847106482629897e+03
5.292997294102736305e+03
5.293092411863617599e+03
5.293122137513173584e+03
5.293640527655450569e+03
5.293647161749905536e+03
5.293660197264044655e+03
5.293705597552272593e+03
5.293780255440281508e+03
5.294032488324579390e+03
5.294058067205166481e+03
5.294273547242057248e+03
5.294297875692088382e+03
5.294435376906249985e+03
5.294527179531473848e+03
5.294620044733619579e+03
5.294756785390947698e+03
5.294874283385352101e+03
5.295290571572240879e+03
5.295315335093384419e+03
5.295420107610275409e+03
5.295442826378721293e+03
5.295604384601739184e+03
5.295634193587124173e+03
5.295939201086896901e+03
5.296001977325643566e+03
5.296356680703282109e+03
5.296750316285221743e+03
5.296841113224605579e+03
5.296848541933462911e+03
5.297241410656845801e+03
5.297734056486464397e+03
5.298346280915728130e+03
5.298357269919581086e+03
5.298420609935635184e+03
5.298473022172217497e+03
5.298474606412677531e+03
5.298546479396732138e+03
5.298548786903431392e+03
5.298638204656274866e+03
5.298749537508391768e+03
5.299033318091689580e+03
5.299143031575084933e+03
5.299373828402712206e+03
5.299514433714767620e+03
5.299994239709782960e+03
5.300026818392213499e+03
5.300068581261102736e+03
5.300100459804259117e+03
5.300228401802096414e+03
5.300264481700301076e+03
5.300967260357521809e+03
5.300984754300923669e+03
5.301096019749234074e+03
5.301303742453461382e+03
5.301531817908668927e+03
5.301675750022263855e+03
5.301681452290257766e+03
5.301770158528386673e+03
5.302098725968030521e+03
5.302159618175906871e+03
5.302438928880466847e+03
5.303562608937228106e+03
5.303588101496475247e+03
5.303738321220262151e+03
5.303865558685555698e+03
5.303902760247191509e+03
5.304059737045171460e+03
5.304079688618572618e+03
5.304509541024850478e+03
5.304534936363703309e+03
5.304571549938231328e+03
5.304599234184220222e+03
5.304667913011797282e+03
5.304792540433518298e+03
5.304809551432750595e+03
5.304914969408869183e+03
5.304962492864276101e+03
5.304982983126717045e+03
5.305129447433341738e+03
5.305194099768056731e+03
5.305621986912095963e+03
5.306014997881454292e+03
5.306263471658498929e+03
5.306281530298138023e+03
5.306553656522868550e+03
5.306785224525289777e+03
5.307039404381067470e+03
5.307151989603340553e+03
5.307773213819071316e+03
5.308027740629879190e+03
5.308117818438732684e+03
5.308386686232142893e+03
5.308675552291063468e+03
5.308912754961169412e+03
5.309014080105908761e+03
5.309097699479531911e+03
5.309142405147719728e+03
5.309197731095374365e+03
5.309207420050131077e+03
5.309579486018112220e+03
5.309646174373284339e+03
5.309670771568243254e+03
5.309948607324726254e+03
5.309987823814150943e+03
5.310219564108979284e+03
5.310809709845169891e+03
5.311045533148970208e+03
5.311195776559398837e+03
5.311229905319234604e+03
5.311236706269730348e+03
5.311758618268876489e+03
5.311868450987391952e+03
5.312053307228729864e+03
5.312266006775796086e+03
5.312445506322180336e+03
5.313033267571863689e+03
5.313798367694023909e+03
5.313887644667857785e+03
5.314186626972615159e+03
5.314348845835304928e+03
5.314416660542828140e+03
5.314549420361531702e+03
5.314605963750062074e+03
5.314635289094737345e+03
5.314998725440109411e+03
5.315135845659688130e+03
5.315156066917581484e+03
5.315261059053787903e+03
5.315508065674314821e+03
5.315608616144261759e+03
5.315611184850591599e+03
5.315663394118240831e+03
5.315786340045684483e+03
5.315846835077823016e+03
5.315906878813606454e+03
5.315928423905799718e+03
5.315951538405147403e+03
5.316202907727755701e+03
5.316299526013471223e+03
5.316376229228922057e+03
5.316577190978679937e+03
5.316694853188186244e+03
5.316766228984846748e+03
5.316986984502845189e+03
5.317190362132055270e+03
5.317593172662210236e+03
5.317617373847683666e+03
5.317957858082976600e+03
5.318103736409917474e+03
5.318127818767270583e+03
5.318569563489981192e+03
5.318612774542605621e+03
5.318711287146056748e+03
5.318775591938524485e+03
5.318833196497965218e+03
5.319159606301608619e+03
5.319228690555989488e+03
5.319288512448334586e+03
5.319531607526096195e+03
5.319710370044194860e+03
5.319879786605256413e+03
5.319909534283769972e+03
5.319983488760295586e+03
5.320201276363105535e+03
5.320297022465557347e+03
5.320334183339606170e+03
5.320396349355919483e+03
5.320667459480375328e+03
5.320967160890952982e+03
5.321786888623931191e+03
5.321823436637007035e+03
5.321979375441122102e+03
5.322155509404734403e+03
5.322418491683924913e+03
5.323134279043456445e+03
5.323166443235585575e+03
5.323255832169477799e+03
5.323346516984779555e+03
5.323489559538267713e+03
5.323524051348665125e+03
5.323725398995283285e+03
5.323786385371199685e+03
5.323834457160970487e+03
5.323911802437705774e+03
5.323937927766532994e+03
5.324054436388835711e+03
5.324092381406031564e+03
5.324125862818447786e+03
5.324293383779031501e+03
5.324651756538555674e+03
5.325025222484598999e+03
5.325046447138476651e+03
5.325093731513916282e+03
5.325236902484552047e+03
5.325309888461282753e+03
5.325346111093673244e+03
5.325486165253443687e+03
5.325515112443545149e+03
5.325917282974472982e+03
5.325956311154452123e+03
5.326013263573910081e+03
5.326034913072631753e+03
5.326086564175308013e+03
5.326361859808615918e+03
5.326535336791625014e+03
5.326649720609036194e+03
5.326714240080324998e+03
5.326888477158117894e+03
5.327033942093561564e+03
5.327258098239853098e+03
5.327275149815717668e+03
5.327566568540037224e+03
5.327727288418807802e+03
5.327908499339973787e+03
5.327963611211636817e+03
5.328116214654151008e+03
5.328363454549642483e+03
5.328516267328556751e+03
5.328543929062759162e+03
5.328757703128192588e+03
5.328952315682921835e+03
5.329025344266201500e+03
5.329329858711057568e+03
5.329394883477107214e+03
5.329852919840973300e+03
5.331033495669085823e+03
5.331047856925845736e+03
5.331231806463181783e+03
5.331571873020026942e+03
5.331596721076407448e+03
5.331978345623996574e+03
5.332055757072630513e+03
5.332240397612227753e+03
5.332417028766180010e+03
5.332838991784319660e+03
5.333145872468841844e+03
5.333540501974555809e+03
5.333554288455767164e+03
5.333560611301021709e+03
5.333573156079980436e+03
5.333595645322472592e+03
5.333602399468246404e+03
5.333761534421664692e+03
5.333808979514315070e+03
5.334061971660356903e+03
5.334101474287546807e+03
5.334312936323090071e+03
5.334619356471729589e+03
5.334658210813935511e+03
5.334714927967064796e+03
5.334786236723102775e+03
5.335102077905880833e+03
5.335288411436617935e+03
5.335467418399154667e+03
5.335588400016801643e+03
5.335850526434811400e+03
5.335933446958327295e+03
5.336039012719373204e+03
5.336136858881832268e+03
5.336796903108349397e+03
5.336814888206588876e+03
5.336909829094654015e+03
5.336954372545604201e+03
5.336973510066841300e+03
5.336979816316764300e+03
5.337152514351946593e+03
5.337325716458409261e+03
5.337402457205890641e+03
5.337459785600067335e+03
5.337462301899960039e+03
5.337605762382040666e+03
5.337705289306479244e+03
5.337776148010070756e+03
5.338056379392097369e+03
5.338332360276418513e+03
5.338398646288188502e+03
5.338485279847403035e+03
5.338635287453275851e+03
5.338718314490951343e+03
5.338749797685132762e+03
5.339092433668743979e+03
5.339437514401928638e+03
5.339583904777035059e+03
5.339603431772289696e+03
5.339967391280644733e+03
5.340123018997531290e+03
5.340429114662593747e+03
5.340583882722532508e+03
5.340764491018373519e+03
5.340789126480010054e+03
5.341070280420092786e+03
5.341270136709667895e+03
5.341367614340589171e+03
5.341581179162175431e+03
5.341607301048532463e+03
5.341778809847839511e+03
5.341918588000495220e+03
5.342433103984302761e+03
5.342435626495596807e+03
5.342463849154951276e+03
5.342705562680009280e+03
5.342935208021493963e+03
5.342962924511571146e+03
5.342964475711713021e+03
5.343090941200041016e+03
5.343304833078796946e+03
5.343735339516178101e+03
5.343736785120933746e+03
5.343884310583386650e+03
5.343915362142992308e+03
5.343945360296253057e+03
5.344124488670264327e+03
5.344327070123745216e+03
5.344430604404107726e+03
5.344554969687826087e+03
5.344676094154730890e+03
5.344686531312116131e+03
5.345234295152085906e+03
5.345274806354800603e+03
5.345362219077142072e+03
5.345964639377833919e+03
5.346323573234055402e+03
5.346654871745020500e+03
5.346775119648429609e+03
5.346787478303567696e+03
5.346796836813115988e+03
5.347389440396734244e+03
5.347624331272143536e+03
5.347756030301689862e+03
5.348005891101435736e+03
5.348067970147676533e+03
5.348102964494077241e+03
5.348183086461581297e+03
5.348432552780492188e+03
5.348608482673200342e+03
5.348827621255899430e+03
5.349019611658733993e+03
5.349035073392436971e+03
5.349435970273606472e+03
5.349463599402838554e+03
5.349743400009572724e+03
5.349746032385893159e+03
5.349751320009706433e+03
5.349816929339143826e+03
5.349914889320697512e+03
5.350271528892191782e+03
5.350492222009466786e+03
5.350755396353986725e+03
5.350892962504701245e+03
5.351071033594996152e+03
5.351081807487315018e+03
5.351347715977080043e+03
5.351550757597091433e+03
5.352308291327223742e+03
5.352741638578007041e+03
5.353044747844285666e+03
5.353441700110800411e+03
5.353600536606792957e+03
5.354010217005120467e+03
5.354440886790953300e+03
5.354600602685613012e+03
5.354780625131454144e+03
5.354883355953324099e+03
5.355035660416833707e+03
5.355135682008677577e+03
5.355156632881492442e+03
5.355219205375810816e+03
5.355271896645300330e+03
5.355427918324501661e+03
5.355465335114809932e+03
5.355821023719579898e+03
5.355912198634952802e+03
5.356128930600592867e+03
5.356326888098285053e+03
5.356604300605086792e+03
5.356687369852763368e+03
5.356792758118543134e+03
5.356844871778782363e+03
5.356906004644052700e+03
5.357251721987177007e+03
5.357265938129973620e+03
5.357754567033202875e+03
5.358005025872863371e+03
5.358434376421304478e+03
5.358442443702808305e+03
5.358615257092837965e+03
5.358776772402408824e+03
5.358956204510416683e+03
5.359612293627847066e+03
5.359624764536532894e+03
5.359732236706822732e+03
5.360398180000833236e+03
5.360714130743044734e+03
5.361042901665520731e+03
5.361091133549953156e+03
5.361304286218124616e+03
5.361407202369662627e+03
5.361769955507388659e+03
5.361947786214847838e+03
5.362333316461847971e+03
5.362517689250682452e+03
5.362666996304881650e+03
5.362672910000314005e+03
5.362709811882769827e+03
5.362780177633597305e+03
5.363279511948425352e+03
5.363464893082260460e+03
5.363586479042272003e+03
5.363796497779518177e+03
5.363797949704747225e+03
5.363912394721215605e+03
5.363930081372869608e+03
5.364104458755597079e+03
5.364781687118652371e+03
5.364952791184296984e+03
5.365157179079988055e+03
5.365162833595764823e+03
5.365170544488032647e+03
5.365498084018508052e+03
5.365764821271523033e+03
5.365930816606617554e+03
5.366222242190689030e+03
5.366509104840379223e+03
5.366618318565514528e+03
5.366722475024015694e+03
5.366880418537318292e+03
5.366989382250272683e+03
5.366999244774339786e+03
5.367243568294141369e+03
5.367560461314397799e+03
5.367727853260811571e+03
5.368166928816657673e+03
5.368232279519384065e+03
5.368367400863215153e+03
5.368410558307255087e+03
5.368633594130012170e+03
5.368760081747360346e+03
5.368780348887570653e+03
5.368945581792749181e+03
5.369117240511687669e+03
5.369284202502715743e+03
5.369311567941774229e+03
5.369332220476515431e+03
5.369481799347766355e+03
5.369612048872438208e+03
5.369809958676278256e+03
5.370083108138307580e+03
5.370251094084696888e+03
5.370339371785851654e+03
5.370475687862958694e+03
5.370635192592682870e+03
5.370646256595873638e+03
5.370875691969916261e+03
5.370903911750428051e+03
5.370994400269855760e+03
5.371074895590492815e+03
5.371249105186822817e+03
5.371339127565698618e+03
5.371493064534504811e+03
5.371525211328285877e+03
5.371540162453256016e+03
5.371758169137758159e+03
5.371796371877674574e+03
5.371880219186949034e+03
5.372000644384556836e+03
5.372272711188979883e+03
5.372289286000412176e+03
5.372486587046199020e+03
5.372514764211378861e+03
5.372533861707120195e+03
5.372557209150153540e+03
5.372721757908388099e+03
5.372843132510367468e+03
5.372861570974017013e+03
5.372870683003376143e+03
5.373203321975491235e+03
5.373504901298921141e+03
5.373780756521669900e+03
5.374256527240053401e+03
5.374358629091058901e+03
5.374558113427369790e+03
5.374845308044320518e+03
5.374856144422165926e+03
5.375046987607025585e+03
5.375095019154420697e+03
5.375338687833203949e+03
5.375422968680592021e+03
5.375970409931076574e+03
5.376229444236695599e+03
5.376563638010804425e+03
5.376636116939291242e+03
5.376659917150705951e+03
5.376808495186310211e+03
5.376967763545870184e+03
5.377042811345515474e+03
5.377062827080867464e+03
5.377380297126514051e+03
5.377435772914203881e+03
5.377598416159248700e+03
5.378120734815355718e+03
5.378284270544417268e+03
5.378331329522045962e+03
5.378439655804632821e+03
5.378473603931422986e+03
5.379076295995517285e+03
5.379144245873960244e+03
5.379576730705675800e+03
5.379639021990348738e+03
5.379843604491076803e+03
5.379883510597243003e+03
5.379904461939126122e+03
5.380084955769109911e+03
5.380097263622481478e+03
5.380160111955396133e+03
5.380168031444958615e+03
5.380186239538571499e+03
5.380223054781445171e+03
5.380602684419071920e+03
5.380614678219835696e+03
5.380933926843526933e+03
5.381116390069732915e+03
5.381201868937409927e+03
5.381240156344123534e+03
5.381336289137637323e+03
5.381337686036034938e+03
5.381829488129938909e+03
5.382305946809170564e+03
5.382427701545363561e+03
5.382506762532584617e+03
5.382737351559989293e+03
5.383412715247623964e+03
5.383607440336959371e+03
5.383852111438903194e+03
5.383989523789601662e+03
5.384036933017548108e+03
5.384134950970913451e+03
5.384473360716740899e+03
5.384682039385277676e+03
5.385100640000517160e+03
5.385132670227030758e+03
5.385290455935719365e+03
5.385637163439260803e+03
5.385829769146000217e+03
5.386028095020244109e+03
5.386241423815143207e+03
5.386433265727564503e+03
5.386641297148549711e+03
5.386696627572459875e+03
5.386743522952312560e+03
5.387296942316609602e+03
5.387343954826007575e+03
5.387485688443342042e+03
5.387566202384858116e+03
5.387635381417509052e+03
5.387702533082618174e+03
5.387797171352463920e+03
5.388143925468293673e+03
5.388383772710216363e+03
5.388679223410551458e+03
5.389018013510954916e+03
5.389106149786995047e+03
5.389374055740496260e+03
5.389405666934052533e+03
5.389446937641674594e+03
5.389653247370380086e+03
5.389706674968110747e+03
5.389882875569218413e+03
5.389930443025295972e+03
5.390001800011587875e+03
5.390104796639691813e+03
5.390136353476424119e+03
5.390176386757485488e+03
5.390326297011936731e+03
5.390489494398050738e+03
5.390652722129517315e+03
5.390770799180132599e+03
5.390820033769856309e+03
5.391088119824626119e+03
5.391295217363061056e+03
5.391495181385847900e+03
5.391574239037705411e+03
5.391666411290101678e+03
5.391812992068415952e+03
5.392082294640209511e+03
5.392182230000034906e+03
5.392359766098712498e+03
5.392589861594963622e+03
5.392619543281567530e+03
5.392736800903234325e+03
5.392749566934811810e+03
5.392976201760115146e+03
5.393196091533893195e+03
5.393467100574412143e+03
5.393907523930748539e+03
5.393940948931246567e+03
5.394000124679799228e+03
5.394134669590917838e+03
5.394177637141436207e+03
5.394530205359389583e+03
5.394542406815347931e+03
5.394746949538218360e+03
5.394904929211844319e+03
5.395603415606193266e+03
5.395655807070859737e+03
5.396063054082515919e+03
5.396194664759588704e+03
5.396331999641136463e+03
5.396474146707073487e+03
5.396557400197776587e+03
5.396876122242200836e+03
5.396976447382481638e+03
5.396976942726218113e+03
5.397217516574281944e+03
5.397535906586378587e+03
5.397562363404693315e+03
5.397836105479075741e+03
5.397857632555388591e+03
5.398010250264626848e+03
5.398173596469534459e+03
5.398218595014933271e+03
5.398554636187481265e+03
5.398765882727914686e+03
5.398872629585106552e+03
5.398956621577402075e+03
5.399017920317320204e+03
5.399028775495922673e+03
5.399148844283837207e+03
5.399196183491931151e+03
5.399452421367739589e+03
5.399594365480265878e+03
5.399744870033597181e+03
5.400373031659830303e+03
5.402386254383562118e+03
5.402728254090725386e+03
5.402868513855143647e+03
5.402874806313946465e+03
5.402919288046657130e+03
5.402986087714009045e+03
5.403650503614609988e+03
5.403936637668490221e+03
5.403940012112980185e+03
5.403948831429569509e+03
5.404649975007096145e+03
5.404855400679567538e+03
5.404891770535951764e+03
5.405284952142332259e+03
5.405497850563559950e+03
5.405566661720958109e+03
5.405617414138317145e+03
5.405619087618126287e+03
5.406081061701916042e+03
5.406198555478029448e+03
5.406294898885890689e+03
5.406555413162333934e+03
5.406926886804660171e+03
5.407510900871233389e+03
5.408317597428555018e+03
5.409225882152914892e+03
5.409873239086481590e+03
5.409874130598352167e+03
5.410651010615589257e+03
5.411394666288058943e+03
5.412517437856051401e+03
5.412873681798057987e+03
5.413292943371498041e+03
5.413299675240684337e+03
5.413444893201241939e+03
5.413599390614398544e+03
5.413809940842515971e+03
5.413955548903521048e+03
5.414033145057033835e+03
5.414264282664348684e+03
5.414673547583545769e+03
5.415193597933118326e+03
5.415647169255998961e+03
5.415889921682913155e+03
5.416095649202907225e+03
5.416175005136930849e+03
5.416316089800471673e+03
5.416487362395019773e+03
5.416613740244387373e+03
5.416699843816859357e+03
5.416954387316418433e+03
5.417066231506844815e+03
5.417101978394907746e+03
5.417518867217746447e+03
5.417774535719918276e+03
5.418330886945980637e+03
5.418421974942336419e+03
5.418613578126548418e+03
5.418615315790630120e+03
5.418730285208403075e+03
5.418904617207843330e+03
5.418939048097336126e+03
5.419116998006615177e+03
5.419317883939870626e+03
5.419331287665807395e+03
5.419707128802194347e+03
5.420147334714846693e+03
5.420168590671242782e+03
5.420302548967680195e+03
5.421289389985660819e+03
5.422452846441421570e+03
5.422577280392461944e+03
5.422933202685084325e+03
5.422980872507462664e+03
5.423021854123577214e+03
5.423394849896994856e+03
5.423547727340072015e+03
5.424067287540308826e+03
5.424322474844189856e+03
5.424489494955401824e+03
5.424681567202861515e+03
5.424703948723736175e+03
5.425550150013166785e+03
5.425564226070530822e+03
5.425619307640524312e+03
5.426309012748693021e+03
5.426470297585690787e+03
5.426536722205661135e+03
5.426903476997814323e+03
5.427022158884067721e+03
5.428612142369408502e+03
5.429072530403343080e+03
5.429554522040560187e+03
5.429667251994695107e+03
5.429788003889040738e+03
5.430241435460567118e+03
5.431272959665433518e+03
5.431411547058726683e+03
5.431441196861876961e+03
5.431471315904793300e+03
5.431556485463691388e+03
5.431685113578520941e+03
5.431909239908150084e+03
5.432273610814158928e+03
5.432347102155584253e+03
5.432594633739879100e+03
5.432658133993996671e+03
5.432664484809350142e+03
5.433313916187569703e+03
5.433551941452483334e+03
5.433557983903896456e+03
5.433634094501459003e+03
5.433877977386662678e+03
5.434404372713601333e+03
5.434420788378274665e+03
5.434640932553365928e+03
5.434750397502411033e+03
5.434873725806981383e+03
5.435329197682985978e+03
5.435670905303398285e+03
5.435933513965068414e+03
5.435965761247201044e+03
5.436926356020981075e+03
5.437248055964343621e+03
5.437445300712553035e+03
5.437986336507231499e+03
5.438135787557114782e+03
5.438341752838563480e+03
5.438423552695463513e+03
5.438446495368939395e+03
5.438967847889626682e+03
5.438986471223076478e+03
5.439097234068036414e+03
5.439378663327861432e+03
5.439478223115453147e+03
5.439925991751839319e+03
5.440614612992836555e+03
5.441335656202529208e+03
5.441511258544091106e+03
5.441564232733408062e+03
5.442007706840965511e+03
5.442157117254026161e+03
5.442946893499221915e+03
5.443275394234977284e+03
5.443388501437034392e+03
5.443419880001421916e+03
5.443626857728631876e+03
5.444317058519139209e+03
5.444318491755172545e+03
5.444335240043495105e+03
5.444373340903658573e+03
5.444453319098842258e+03
5.444523037014791043e+03
5.444605317707008908e+03
5.444609795489264798e+03
5.444712662752562210e+03
5.445617918333409762e+03
5.446158890836150931e+03
5.446188298231328190e+03
5.446611106781049784e+03
5.446724079556032848e+03
5.447030831200500870e+03
5.447148846897524891e+03
5.447651308614605114e+03
5.447838029336030559e+03
5.448079979712176282e+03
5.448107731681169753e+03
5.448743746013071359e+03
5.448996722914292150e+03
5.449282969770677482e+03
5.449544613632991968e+03
5.449655920681472708e+03
5.449908817293516222e+03
5.449925831379480769e+03
5.449929622998736704e+03
5.449969875025321926e+03
5.450580507371265412e+03
5.450683227435475601e+03
5.451193076625631875e+03
5.451219622833915309e+03
5.451544853490383503e+03
5.451650293639335359e+03
5.451656558266729007e+03
5.451826393803589781e+03
5.452219241222192068e+03
5.452987027807377672e+03
5.453616038761769232e+03
5.453688545140500537e+03
5.454113930662521852e+03
5.454492970967315159e+03
5.454791692710539792e+03
5.454899314980629242e+03
5.455098461634565865e+03
5.455173615369847539e+03
5.455469218566960080e+03
5.455532619128353872e+03
5.455542265512610356e+03
5.455552781653517741e+03
5.456008289238423458e+03
5.456030524881002748e+03
5.456258414383968557e+03
5.456782050050363068e+03
5.457290669327774594e+03
5.457669601358119507e+03
5.457755661545939802e+03
5.457760445317131598e+03
5.459574893467824950e+03
5.460801571892191532e+03
5.460830762810651322e+03
5.462100249467413960e+03
5.462413996279880848e+03
5.462426164455033359e+03
5.462489316925407365e+03
5.462545862022836445e+03
5.463285815775826450e+03
5.463484598204814574e+03
5.464034799673382622e+03
5.465183633630141230e+03
5.465328785564704958e+03
5.465404949559581837e+03
5.466096308613728070e+03
5.466319759514164616e+03
5.467172439462334296e+03
5.467608727596097197e+03
5.467620634430640166e+03
5.467901483531245503e+03
5.468309614027747557e+03
5.468450200314175163e+03
5.468657482747049471e+03
5.468795685092296480e+03
5.468960877360676022e+03
5.469778079692727260e+03
5.470160323091213286e+03
5.470198943637188677e+03
5.470471878339371870e+03
5.470792673135835685e+03
5.471150304389579105e+03
5.471243008501687655e+03
5.471621533608779828e+03
5.471710782944941457e+03
5.471933921653214384e+03
5.472096830547559875e+03
5.472164654464376326e+03
5.472611997832814268e+03
5.472719362875566731e+03
5.472808319536720774e+03
5.472872901546495086e+03
5.473711527745403146e+03
5.474369091825262331e+03
5.475503821158093160e+03
5.475785838180532664e+03
5.475925320966428444e+03
5.477090656169781141e+03
5.478572967562617123e+03
5.478651465522484614e+03
5.479072346460415247e+03
5.479109476635319879e+03
5.479233117053722708e+03
5.479597221019400422e+03
5.479732097045231058e+03
5.479794761813982404e+03
5.479940082362761132e+03
5.480174092521315288e+03
5.480294448710054894e+03
5.480755932051506534e+03
5.480778094941293602e+03
5.480951281445362838e+03
5.481366456115235451e+03
5.481665640251932928e+03
5.482207408211545953e+03
5.482612704442482936e+03
5.482913803594769888e+03
5.483285849885816788e+03
5.483618102018137506e+03
5.483806896972228060e+03
5.484225585223902272e+03
5.484587498142793265e+03
5.484796695827203621e+03
5.485326097171137917e+03
5.485437596720013971e+03
5.485697600874865202e+03
5.485826333461490321e+03
5.486213974576670807e+03
5.486366678813952603e+03
5.486714919883734183e+03
5.487150974159585530e+03
5.487368798469378817e+03
5.487711775299076180e+03
5.487843856531435449e+03
5.487871702645007645e+03
5.488174979067169261e+03
5.488852294380480998e+03
5.489548233836210784e+03
5.489909349414001554e+03
5.490463203986659209e+03
5.490481069889149694e+03
5.490719555948693596e+03
5.491081514126127331e+03
5.491408902025887073e+03
5.491721242204386726e+03
5.491727646946709683e+03
5.491937319405134986e+03
5.492002191506422605e+03
5.492124723925002399e+03
5.492136208461618480e+03
5.492792299645589083e+03
5.493412901071596934e+03
5.493998349645394228e+03
5.494023175865887424e+03
5.494472864258014852e+03
5.494735615031963789e+03
5.495392814833986449e+03
5.495568929437797124e+03
5.495677714629567163e+03
5.495741854660257559e+03
5.496001465728404582e+03
5.496178172124094999e+03
5.496305943165270037e+03
5.496851333319393234e+03
5.496974035183202432e+03
5.497844915135808151e+03
5.498003431142853515e+03
5.498087526081052602e+03
5.498177212109899301e+03
5.498460525161285659e+03
5.498703784135179376e+03
5.498948348827463633e+03
5.498979006252742693e+03
5.499086103747633388e+03
5.499301300794954841e+03
5.499533252701394304e+03
5.500079874252683112e+03
5.500186056986816766e+03
5.500462888043860403e+03
5.502423675788234505e+03
5.502465369556531186e+03
5.502623038791321051e+03
5.502761768852882597e+03
5.502866798878816553e+03
5.502870793065264479e+03
5.503488625427769875e+03
5.503767022674606778e+03
5.503838562021476719e+03
5.504273971307249667e+03
5.504842348787450646e+03
5.505394663575953018e+03
5.505841802779771569e+03
5.505952038662911946e+03
5.506178302972591155e+03
5.506266203410283197e+03
5.506338486088766331e+03
5.506388128332935594e+03
5.506570655199150679e+03
5.506728214498290981e+03
5.507496878576815106e+03
5.507520671608144767e+03
5.507691128906102676e+03
5.507706785007026156e+03
5.507949609627768041e+03
5.508006281356350883e+03
5.508374908372081336e+03
5.508484902384549969e+03
5.508723192543990081e+03
5.509015011298948593e+03
5.509149813080515742e+03
5.509627764090673736e+03
5.510068698559612130e+03
5.510306856760906157e+03
5.510399898434428906e+03
5.510420911565189272e+03
5.510494951687837784e+03
5.510669383056178049e+03
5.510674312006086438e+03
5.510843617090119551e+03
5.510881289284129707e+03
5.510925752391908645e+03
5.511068845747491650e+03
5.511540299315186530e+03
5.511569397172482240e+03
5.511728025352790610e+03
5.511802828648751529e+03
5.511833113736785890e+03
5.512085331693092485e+03
5.512199810107678786e+03
5.512231721194952115e+03
5.512484315171599519e+03
5.512589422611936243e+03
5.512635336017163354e+03
5.513185717311372173e+03
5.513506080978573664e+03
5.513887939923813065e+03
5.514133335529788383e+03
5.514235120377632484e+03
5.514321202930326763e+03
5.515256745616194166e+03
5.515542220893474223e+03
5.516334947233914136e+03
5.516522350161585564e+03
5.517480564276466794e+03
5.517638444090781377e+03
5.518024072905127468e+03
5.518234015053818439e+03
5.518271320838790416e+03
5.518272596350474487e+03
5.518452299929505898e+03
5.518586538320882937e+03
5.518655082932266851e+03
5.519055441102559598e+03
5.520243733294724734e+03
5.520302945931890463e+03
5.520368999883507968e+03
5.520725548277094276e+03
5.521641441866093373e+03
5.521882440167875757e+03
5.522022716157393006e+03
5.522103237671196439e+03
5.522525612249607548e+03
5.522993917765969854e+03
5.523091684067974711e+03
5.523234522872829984e+03
5.523270617696576664e+03
5.523495239040489651e+03
5.524055056313579371e+03
5.524314950806882734e+03
5.524667998331142371e+03
5.525202441979898140e+03
5.525328201487363003e+03
5.525771082449207825e+03
5.525908477049879366e+03
5.526504494055868236e+03
5.526971832447055931e+03
5.527173776246289890e+03
5.527637499790330367e+03
5.527659493440264669e+03
5.528440453413328214e+03
5.528452706238645078e+03
5.528593670794554782e+03
5.528721830236500864e+03
5.528776762378751300e+03
5.528953723111904765e+03
5.529202071444736248e+03
5.529580027009043079e+03
5.529612814057943069e+03
5.529650176552196172e+03
5.529769349780529410e+03
5.529811934774611473e+03
5.530002609110497360e+03
5.530142410955498235e+03
5.530880140441326148e+03
5.531295709417327089e+03
5.531621162253123657e+03
5.531898459711177566e+03
5.532608282529126882e+03
5.532857492873825322e+03
5.533315507991416780e+03
5.534427333838775667e+03
5.534471653966618760e+03
5.534678012780668723e+03
5.534739169768046850e+03
5.534987872910583064e+03
5.535179138731079547e+03
5.535206486581556419e+03
5.535357384166151860e+03
5.535825195557410552e+03
5.535907204080362135e+03
5.536122527728290152e+03
5.536124686181265133e+03
5.536222843293702681e+03
5.536705099950395379e+03
5.536711885326089032e+03
5.536714009547048590e+03
5.537324810214659919e+03
5.537333805379692421e+03
5.537588546229439999e+03
5.537738972332630510e+03
5.538222665178351235e+03
5.538315999158156046e+03
5.538559337700050492e+03
5.538575788023191308e+03
5.538594247699922562e+03
5.538617940568388804e+03
5.538881200073155014e+03
5.538976981318351136e+03
5.539015045759895656e+03
5.539021064215809929e+03
5.539571794553980908e+03
5.539857310898681135e+03
5.540136927807941902e+03
5.540207605385675379e+03
5.540332879495810630e+03
5.540410407876817771e+03
5.540424486325529870e+03
5.540453328864060495e+03
5.540455168808630333e+03
5.540625318130324558e+03
5.541460916273473231e+03
5.541478401683038101e+03
5.541492929130517041e+03
5.541572732974375867e+03
5.542394447334541837e+03
5.542544154047064694e+03
5.542671023026096009e+03
5.542792790597924068e+03
5.543531051412262968e+03
5.543772712511799000e+03
5.543805686764750135e+03
5.543833868621101828e+03
5.543884126249225119e+03
5.543977706701318311e+03
5.544052032557877283e+03
5.544438875291215481e+03
5.545249274217600941e+03
5.545885671705404093e+03
5.546554091998726108e+03
5.546877407116679933e+03
5.547242174835811056e+03
5.547345952293135269e+03
5.548230124727531802e+03
5.548527734997946936e+03
5.549063217506039109e+03
5.549552239957230086e+03
5.549818679751319905e+03
5.550278821324951423e+03
5.550349988568951630e+03
5.551169159487774778e+03
5.551221301157002017e+03
5.551387404879509631e+03
5.551547375588450450e+03
5.551662517028921684e+03
5.551822169540013419e+03
5.551851025696561010e+03
5.552100897148851800e+03
5.552114297714303575e+03
5.552333185820869403e+03
5.552504128804091124e+03
5.552622086829042928e+03
5.553348178812395417e+03
5.554256454276302975e+03
5.554276283718592822e+03
5.554333928440592899e+03
5.554496356418349933e+03
5.554998148740582110e+03
5.555054536892377655e+03
5.555146791146687065e+03
5.555239666096117617e+03
5.555593886826501148e+03
5.555698636929649183e+03
5.555950610146540384e+03
5.556793029939344706e+03
5.557355682796743167e+03
5.557736653060664139e+03
5.557842827906743878e+03
5.557924083118463386e+03
5.558748930286698851e+03
5.559440248787223936e+03
5.559865690992261079e+03
5.560052298754945696e+03
5.560309328657814149e+03
5.560904888369866967e+03
5.561203676523899958e+03
5.561726701562038215e+03
5.561727043506673908e+03
5.561851077135002015e+03
5.561856883053795173e+03
5.562330874936244982e+03
5.562428818291498828e+03
5.563203687408932637e+03
5.563563323645220407e+03
5.563576033878591261e+03
5.563733145967481505e+03
5.563846377362158819e+03
5.564111743086196839e+03
5.564134532498590488e+03
5.564314712453770881e+03
5.564464773196476017e+03
5.564561697621356871e+03
5.565100949328582828e+03
5.565459195879684557e+03
5.565592258581534225e+03
5.566046979150130028e+03
5.566452657111482040e+03
5.566690427161491243e+03
5.567701961695766840e+03
5.567703267779052112e+03
5.568192877543795476e+03
5.568197056050204992e+03
5.568224123362129831e+03
5.568361695929660527e+03
5.568623441269694922e+03
5.569167633848779587e+03
5.569857326219222159e+03
5.570201978870680250e+03
5.570367164491621224e+03
5.570506513795986393e+03
5.570508354730732208e+03
5.570721958677022485e+03
5.570847551556003054e+03
5.571071832733739939e+03
5.571378548532786226e+03
5.571434569724423454e+03
5.571562714941285776e+03
5.571641324149605680e+03
5.571994123371456226e+03
5.572173421810019136e+03
5.572175233187873346e+03
5.572410961175846751e+03
5.572412760860273011e+03
5.572632277959199200e+03
5.572773140225219322e+03
5.572855623752181600e+03
5.573553537722833426e+03
5.573568016559735952e+03
5.573572623414966984e+03
5.574058470974393458e+03
5.574384819588318351e+03
5.575554942449523878e+03
5.576691776662903067e+03
5.576832966181274969e+03
5.577003740482108697e+03
5.577346501386821728e+03
5.577355436134822412e+03
5.577803419774123540e+03
5.578593225553035154e+03
5.578829558301028555e+03
5.579219667356145692e+03
5.579405509450991303e+03
5.579551024215504185e+03
5.579689990897162716e+03
5.580179011073834772e+03
5.580614863064804922e+03
5.580984695835176353e+03
5.581412938166217828e+03
5.582024307097659403e+03
5.582083623851461198e+03
5.582243518350935119e+03
5.582316824351138166e+03
5.582387155143013842e+03
5.582522376581843673e+03
5.582660128388770318e+03
5.582868246571442796e+03
5.582943497393610414e+03
5.583234406823384234e+03
5.583601169199433571e+03
5.583895758619106346e+03
5.584054404815253292e+03
5.584075255456762534e+03
5.584330096450528799e+03
5.584750654639329696e+03
5.585116273831263243e+03
5.585122959001867457e+03
5.585406683604453974e+03
5.585409745254341033e+03
5.586556825645372555e+03
5.586773547066389256e+03
5.586828357702056564e+03
5.587700798977472004e+03
5.587759832884610660e+03
5.587950992179828972e+03
5.588201133127596222e+03
5.588282016399619351e+03
5.588327123178479269e+03
5.588733943044128864e+03
5.588867716798544279e+03
5.589071643714871243e+03
5.589461072922797939e+03
5.590226417284235140e+03
5.590800541196687846e+03
5.590840959128438953e+03
5.591880524553935174e+03
5.592220007792233446e+03
5.592285665954452270e+03
5.592364497070507241e+03
5.592446241241676034e+03
5.592523932750316817e+03
5.592820063581091745e+03
5.592948435349002466e+03
5.593329148054385769e+03
5.593489131223558616e+03
5.593707200534861840e+03
5.594089705206392864e+03
5.594326728385801289e+03
5.594647762950184188e+03
5.594919854627217319e+03
5.595053437788303199e+03
5.595695760466065622e+03
5.595987073427844734e+03
5.596372954252241470e+03
5.596454418716738473e+03
5.596941118166082560e+03
5.597427768281900171e+03
5.597459222464010054e+03
5.597507127655589102e+03
5.597633303546311254e+03
5.597843903486035742e+03
5.597911344644127894e+03
5.598035833278939208e+03
5.598056399249357128e+03
5.598404952024919112e+03
5.598443030656886549e+03
5.598674264256444076e+03
5.598711487318874788e+03
5.599108541673715081e+03
5.599113975756058608e+03
5.600219587368242173e+03
5.600258645467250972e+03
5.600557541533834410e+03
5.600923742227691946e+03
5.601181742916403891e+03
5.601206329399098649e+03
5.601257310999209039e+03
5.601398945215976710e+03
5.601400209330901816e+03
5.601460058716388630e+03
5.601753410789221562e+03
5.602194381694965159e+03
5.603029962371891997e+03
5.603302132430413621e+03
5.603453788023620291e+03
5.603659226725653753e+03
5.603834200744979171e+03
5.603912588783729007e+03
5.604353128821157952e+03
5.604518531116540544e+03
5.604520785619683011e+03
5.604654949845833471e+03
5.604735126057120397e+03
5.605513552712585806e+03
5.605974278406386475e+03
5.605997962194987849e+03
5.606579856202648443e+03
5.607118001578104668e+03
5.607216868268690632e+03
5.607292245345469382e+03
5.607609208545934052e+03
5.607733644372464369e+03
5.608068736791141419e+03
5.608269563646941606e+03
5.608283135123891952e+03
5.608478008932031116e+03
5.610010212289456831e+03
5.610143240907042127e+03
5.610152098703663796e+03
5.610320154932963305e+03
5.610526431677549226e+03
5.610764424166132812e+03
5.611693780908904046e+03
5.612099089089125300e+03
5.612367609209380134e+03
5.612511898806817953e+03
5.612581057302200861e+03
5.612611560164700677e+03
5.612657133961281943e+03
5.612820830915798979e+03
5.613051482220900652e+03
5.613262688275062828e+03
5.613368184441150333e+03
5.613718290585896284e+03
5.613786323804496533e+03
5.614167440798433745e+03
5.614182813362212983e+03
5.614279038846554613e+03
5.614551585782874099e+03
5.614568786932889452e+03
5.614584639398152831e+03
5.615017434804434743e+03
5.615023914873023386e+03
5.615189745506259897e+03
5.615198336112261131e+03
5.615307693162400028e+03
5.615843067952939236e+03
5.615936178740485047e+03
5.616439680107504500e+03
5.616440861361445968e+03
5.616669976856158428e+03
5.617103810427842291e+03
5.617148604546883689e+03
5.617161311494414804e+03
5.617257733996246316e+03
5.617461151714220250e+03
5.617707554674423591e+03
5.618026817219471013e+03
5.618206055122787802e+03
5.618347700752183300e+03
5.618851147928815408e+03
5.619310727498493179e+03
5.619339332689327421e+03
5.619457684580574096e+03
5.619521992075681737e+03
5.619665268015858601e+03
5.619672075061766918e+03
5.619994398379772065e+03
5.620120803517907007e+03
5.620149035826436375e+03
5.620178017089745481e+03
5.620180936419985301e+03
5.620347720183315687e+03
5.620722134968034879e+03
5.620871279014535503e+03
5.621107771737106304e+03
5.621564962311033014e+03
5.621567112190066837e+03
5.621800858768800026e+03
5.621938497797357741e+03
5.622325739321466244e+03
5.622534999266910745e+03
5.622845007173199519e+03
5.623670385520605123e+03
5.623722340965420699e+03
5.623891850846282978e+03
5.623925681921201431e+03
5.624631996546542723e+03
5.624875887023044925e+03
5.625148315348528740e+03
5.625326859132715981e+03
5.625357490935415626e+03
5.626478050991308010e+03
5.626570959359985864e+03
5.626682314050539389e+03
5.626945154729975002e+03
5.627343991708279646e+03
5.628159660631330553e+03
5.628288995328242891e+03
5.628611539016722418e+03
5.628973972054252044e+03
5.629683985206649595e+03
5.629759796081641980e+03
5.630281805837469619e+03
5.630426971565741951e+03
5.630482784339857062e+03
5.630618768403624017e+03
5.630673963027378704e+03
5.630957401703668438e+03
5.631492221158590837e+03
5.631667912015704133e+03
5.631722316636972209e+03
5.631997065811223365e+03
5.632188239946963222e+03
5.632194178880073196e+03
5.632200993872927938e+03
5.632368074974376214e+03
5.632979544659006024e+03
5.633395835616151999e+03
5.633574554616193382e+03
5.633728576743898884e+03
5.633729381937951075e+03
5.633928316583736887e+03
5.633952774305795174e+03
5.633974733731623019e+03
5.634247750023278059e+03
5.634274575646358244e+03
5.634598285653318271e+03
5.634668700141636691e+03
5.634731822849662422e+03
5.634970715663388546e+03
5.635188236118305213e+03
5.635402794218663075e+03
5.635451174934790288e+03
5.635839126738654159e+03
5.636087904889259335e+03
5.636280343938493388e+03
5.636349956455648680e+03
5.636461533321489696e+03
5.637664771141432539e+03
5.637777342058962859e+03
5.638449078481297875e+03
5.638978872422372660e+03
5.638980136949513508e+03
5.639031858170953456e+03
5.639384031267726641e+03
5.639868094872668735e+03
5.641720746562922614e+03
5.642253478891544546e+03
5.642622668706336299e+03
5.642873778274495635e+03
5.642895699621135464e+03
5.643037990503587935e+03
5.643122979820509499e+03
5.643543230831758592e+03
5.644024624296260299e+03
5.644684774604108497e+03
5.644837672096185997e+03
5.645203897014836912e+03
5.645810945380307203e+03
5.646461958277695885e+03
5.646575214176628833e+03
5.646796037715110288e+03
5.646962982654190455e+03
5.647036069341120310e+03
5.647631074681499740e+03
5.648093063166284082e+03
5.648594972988779773e+03
5.648623279718543017e+03
5.649237816851722528e+03
5.649286853266953585e+03
5.649302036696932191e+03
5.649316032269201060e+03
5.649516336083975148e+03
5.650212680378001096e+03
5.650371587061284117e+03
5.650537849002961593e+03
5.651519726546007405e+03
5.651544807169747401e+03
5.651573299911427057e+03
5.651957401019875761e+03
5.652204452585274339e+03
5.652364243653315498e+03
5.652684629624464833e+03
5.652729240645134269e+03
5.652913031001510717e+03
5.653008338661597008e+03
5.653366912713648162e+03
5.653531692294078312e+03
5.653788585808786593e+03
5.654621097777951945e+03
5.654777587949894041e+03
5.655025206399191120e+03
5.655151981313458236e+03
5.655430511357242722e+03
5.655786731242835231e+03
5.655789669831461651e+03
5.655872126317624861e+03
5.656108714194311688e+03
5.656328816034519150e+03
5.656402161075090589e+03
5.656640258734832059e+03
5.657009466938270634e+03
5.657095141713412886e+03
5.657723308335102956e+03
5.658238466958051504e+03
5.659490567829144311e+03
5.659934634190279212e+03
5.660349749020349009e+03
5.660608168469655539e+03
5.660650041810482435e+03
5.660754859194153141e+03
5.661098278111408035e+03
5.661276198254969131e+03
5.661339636324650201e+03
5.661574196627590936e+03
5.661633122637907945e+03
5.662199827661368545e+03
5.662281607977454769e+03
5.662417951566362717e+03
5.662841935405202094e+03
5.662891808900038086e+03
5.663147612481016040e+03
5.663709591562941569e+03
5.663774712923335755e+03
5.663995707468250657e+03
5.664459314412601998e+03
5.664494386372442932e+03
5.664567289484425601e+03
5.664616321283630896e+03
5.664680854970850305e+03
5.664865591993555427e+03
5.664945895911549997e+03
5.665175518930283943e+03
5.665474037163598041e+03
5.666080178912760857e+03
5.666685676707192215e+03
5.666725974998059428e+03
5.666768067475496537e+03
5.666787006621586443e+03
5.666846997119859225e+03
5.667192115884185114e+03
5.667607670708992373e+03
5.667669257984661272e+03
5.668339613794527395e+03
5.668624217420106106e+03
5.668772741619447515e+03
5.669139139893281026e+03
5.669471579460044268e+03
5.669643327908226638e+03
5.670121595569520650e+03
5.670234600056527597e+03
5.670362620752483963e+03
5.670736061761655947e+03
5.670962000374736817e+03
5.671192851562973374e+03
5.671605270698110871e+03
5.671805836732946773e+03
5.671879737771914733e+03
5.671959189635846997e+03
5.672865477232530793e+03
5.672884139064874034e+03
5.673532364107242756e+03
5.674176659719891177e+03
5.674269412903248849e+03
5.674542221855218486e+03
5.674583393673849969e+03
5.675680422933149202e+03
5.676221380707916978e+03
5.676241976102343870e+03
5.676385923504031780e+03
5.676539326951052317e+03
5.676566545675636917e+03
5.677421869559839251e+03
5.677963662430688601e+03
5.678155130663803902e+03
5.678895863337166702e+03
5.679211197957742115e+03
5.679221818908723435e+03
5.679251109467973038e+03
5.679347427333186715e+03
5.679482248544298272e+03
5.679785105151099742e+03
5.680312362114750613e+03
5.680312703892126592e+03
5.680381616423175728e+03
5.681454945613352720e+03
5.681539938785328559e+03
5.681830086868856597e+03
5.682224016923300042e+03
5.682286986377680478e+03
5.682366490528586837e+03
5.682386985118283519e+03
5.682508449450498119e+03
5.682773319567866565e+03
5.683028209875084940e+03
5.683858885184569772e+03
5.684509119306443608e+03
5.684729126678527791e+03
5.684988270263067534e+03
5.685097361690181970e+03
5.685204581042125028e+03
5.685252310268733709e+03
5.685775794395225603e+03
5.685860856107425207e+03
5.686644268434249170e+03
5.686920233830024699e+03
5.686998026527264301e+03
5.687131965856809984e+03
5.687247159306366484e+03
5.687247467361285089e+03
5.687281311334851125e+03
5.687489544921390006e+03
5.687995472471302492e+03
5.688056529002977186e+03
5.688370411167657039e+03
5.688441265357424527e+03
5.688835952648420971e+03
5.688947310076830945e+03
5.689337780483853749e+03
5.689925795041379388e+03
5.690149216540815360e+03
5.690734959282221098e+03
5.691331652509426021e+03
5.691443121081081699e+03
5.691571704795501319e+03
5.691709645433993501e+03
5.691788322418925418e+03
5.691992123850112876e+03
5.692281672158384026e+03
5.692924687282148625e+03
5.695079498663446429e+03
5.695151702562232458e+03
5.695829554044059478e+03
5.696032679215667486e+03
5.696711772526738969e+03
5.696868984548741537e+03
5.696916939766414544e+03
5.696980485438900359e+03
5.697059547138706876e+03
5.697115253309465515e+03
5.697119338827589672e+03
5.697208669769754124e+03
5.697228646661814309e+03
5.697645430569014025e+03
5.698045056511874463e+03
5.698454942118537474e+03
5.698484995836583039e+03
5.698968425854157431e+03
5.699372796537086288e+03
5.699682888594154974e+03
5.700183490546675785e+03
5.700299697680083227e+03
5.700624191752885963e+03
5.701008713496880773e+03
5.701015195972193396e+03
5.701177817096780018e+03
5.701312103730293529e+03
5.701520134349178988e+03
5.701689983514414962e+03
5.702415786487584228e+03
5.702435642111098787e+03
5.702766682076167854e+03
5.702901761654075926e+03
5.702963881992616734e+03
5.703061256185573257e+03
5.703221694539394775e+03
5.703466884304255473e+03
5.703629406509535329e+03
5.703818184506975740e+03
5.704129408000620060e+03
5.704194237551853803e+03
5.704532233676311080e+03
5.704564958907292748e+03
5.704930817379698055e+03
5.705280757110403101e+03
5.705289422680207281e+03
5.705290448715703860e+03
5.705432831186386466e+03
5.705574100216529587e+03
5.706229226917338565e+03
5.706476973342802921e+03
5.706604834700135143e+03
5.706666191855981197e+03
5.706919016099168402e+03
5.707287811019934452e+03
5.707324294446666499e+03
5.707329392792306862e+03
5.707632270339731804e+03
5.707654064659431242e+03
5.707888332200515833e+03
5.708148390436095724e+03
5.708593779393077057e+03
5.708673546979966886e+03
5.709162593444921185e+03
5.709187254671328446e+03
5.709672110998966673e+03
5.709820302181266015e+03
5.710146492515759746e+03
5.710625691984258992e+03
5.711018456671774402e+03
5.711385145878264666e+03
5.711716385523766803e+03
5.712050344185174254e+03
5.712823381957382480e+03
5.713040519797114030e+03
5.713154105613289175e+03
5.713246814733519386e+03
5.713457500855615763e+03
5.713532701885600545e+03
5.713533298656117950e+03
5.713992435277743425e+03
5.714557785473008153e+03
5.715032108981990859e+03
5.715183252227152479e+03
5.715291620645666626e+03
5.715743304248821005e+03
5.715893637990779098e+03
5.715921834651409881e+03
5.715999236951576677e+03
5.716039717237688819e+03
5.716839476406321410e+03
5.717051718323946261e+03
5.717216542382127045e+03
5.717445908396955019e+03
5.717552145434830891e+03
5.717588610126775166e+03
5.717588867729584308e+03
5.717971410301009200e+03
5.718120560637878043e+03
5.718666808613652393e+03
5.718892932043998371e+03
5.719098999972302408e+03
5.719141423229380962e+03
5.719149297607834342e+03
5.719381394425896360e+03
5.719497078101630905e+03
5.719751322649291069e+03
5.719971584190730937e+03
5.720400085094272981e+03
5.720631180591344673e+03
5.720657261282262880e+03
5.720787794839992785e+03
5.721265651742737646e+03
5.721296757345416154e+03
5.721308297400384618e+03
5.721524389267714469e+03
5.721685869765095049e+03
5.722385716670612055e+03
5.722403829845013206e+03
5.722675527721634353e+03
5.722680476668403571e+03
5.722865518033514491e+03
5.723108008911369325e+03
5.723226678999852084e+03
5.723243419789118889e+03
5.723516528091077816e+03
5.723670981775374457e+03
5.723847524505806177e+03
5.724714521723522921e+03
5.724824251166961403e+03
5.725230501339481634e+03
5.725639806889544161e+03
5.725737326478611067e+03
5.725945332645491362e+03
5.726292713648922472e+03
5.726427855213565635e+03
5.726446393275689843e+03
5.727030983915168690e+03
5.727372718234116292e+03
5.727465520725373608e+03
5.727477610243340678e+03
5.727894082933436948e+03
5.727928799562904715e+03
5.727990353507176224e+03
5.728232390621267768e+03
5.728549170024064551e+03
5.728803303634095755e+03
5.729167325377927227e+03
5.729428309872294449e+03
5.729493438071171113e+03
5.729778044792758919e+03
5.729917080019820787e+03
5.730051302160430168e+03
5.730095849757984070e+03
5.730723936938039515e+03
5.731283327349463434e+03
5.731406870485096078e+03
5.731497112537540488e+03
5.731720580377935221e+03
5.731763706442140574e+03
5.731843395846417479e+03
5.731968865122315947e+03
5.732359301533272628e+03
5.732444879403979030e+03
5.732533085325378124e+03
5.733073346004170162e+03
5.733180525444772684e+03
5.733350799826152070e+03
5.733659569341169117e+03
5.733947701976902863e+03
5.734122905824116970e+03
5.734128516513263094e+03
5.734464927323636402e+03
5.734630091995052680e+03
5.734713989870690966e+03
5.735043695043636944e+03
5.735315459724788525e+03
5.735459043154495703e+03
5.735596753412816724e+03
5.736424729593586562e+03
5.736426636699378832e+03
5.736709448629807412e+03
5.736821795863293119e+03
5.736957566412848792e+03
5.737107549620213831e+03
5.737455443529985132e+03
5.737464993972193952e+03
5.737534847894845370e+03
5.737782724905756368e+03
5.737793358245750824e+03
5.737947287796076125e+03
5.737957702894673275e+03
5.738722099592048835e+03
5.738866121328148438e+03
5.738875719002995538e+03
5.738895120147338275e+03
5.739138708425917685e+03
5.739764633731462709e+03
5.740101074659411097e+03
5.740568596235415498e+03
5.740608738528077083e+03
5.741074737743067089e+03
5.741103308606528117e+03
5.741385303140506949e+03
5.741552033347547876e+03
5.741652492764395902e+03
5.741678243973859026e+03
5.741683780782824215e+03
5.741688111222663792e+03
5.742080448490628442e+03
5.742313990075118454e+03
5.742514562474271770e+03
5.742554946575772192e+03
5.742866380257680248e+03
5.743248018116511048e+03
5.743644794879777692e+03
5.743849606143550773e+03
5.744038127831088786e+03
5.744057144592060467e+03
5.744062353890648410e+03
5.744563545452994731e+03
5.744903251671134967e+03
5.744991317839048861e+03
5.745263414047381048e+03
5.745340199954668606e+03
5.745678039033563437e+03
5.745848453317767962e+03
5.746528281258212701e+03
5.746724927939682857e+03
5.747277096646940663e+03
5.747290269515045111e+03
5.747450967122827933e+03
5.747632885886178883e+03
5.747873169836014313e+03
5.748068632806601272e+03
5.748142942895112355e+03
5.748176061216937342e+03
5.748184207940761553e+03
5.748332971555750191e+03
5.748880931690713624e+03
5.749266206237871302e+03
5.749368862985946180e+03
5.749665953932408229e+03
5.750019974341603302e+03
5.750582041886854313e+03
5.751064390464601274e+03
5.751088675275610512e+03
5.751149256536367830e+03
5.751333400001229165e+03
5.751788181080767572e+03
5.751826618197216703e+03
5.751858157496618333e+03
5.751890857380922171e+03
5.752007379063415101e+03
5.752483954127395918e+03
5.752928008980720733e+03
5.753164172480727757e+03
5.753632886265146226e+03
5.754014969990035752e+03
5.754070095545538607e+03
5.755184311848186553e+03
5.755346363149319586e+03
5.755429496526407092e+03
5.755727716861862973e+03
5.755830168581772341e+03
5.755892075452282370e+03
5.755909569279155221e+03
5.755950175021441282e+03
5.756484104669196313e+03
5.756621953709552145e+03
5.756678566634608615e+03
5.756770593284781171e+03
5.757046158873783497e+03
5.757313548196588272e+03
5.757403428810562218e+03
5.757478484905326695e+03
5.757629293560406040e+03
5.757744230331126346e+03
5.757837130745731884e+03
5.757910848664296282e+03
5.757911622388132855e+03
5.758682698875657479e+03
5.758808760511052242e+03
5.759279215452324024e+03
5.759894405754400395e+03
5.760568816839867395e+03
5.760877765710596577e+03
5.760890824249255274e+03
5.761116738579155026e+03
5.761344585075174109e+03
5.761396058893898044e+03
5.761407502386537089e+03
5.761849453389361770e+03
5.762038909907281777e+03
5.762302394507732060e+03
5.762319024660533614e+03
5.762721385590104546e+03
5.763565961834987320e+03
5.763613008657887804e+03
5.763639021261183188e+03
5.764292478648549150e+03
5.764626571082184455e+03
5.764895990705691474e+03
5.765143247351975333e+03
5.765225050276577349e+03
5.765652245085232607e+03
5.765660547698864320e+03
5.765720046557879868e+03
5.765993124196205827e+03
5.765994061469454209e+03
5.766074082129411181e+03
5.766193783403687121e+03
5.766715852859066217e+03
5.767102563616481348e+03
5.767239653898023789e+03
5.767304155911529051e+03
5.767758654486650812e+03
5.768166208229973563e+03
5.768237433141875954e+03
5.769021786331110889e+03
5.769697136859578677e+03
5.769977292436199605e+03
5.770311475921142119e+03
5.770551071737383609e+03
5.770654335466998418e+03
5.770921187685934456e+03
5.770945195776826040e+03
5.771158305340180959e+03
5.771895639904828386e+03
5.772091724854782115e+03
5.772308919700777551e+03
5.772550498486340075e+03
5.772560890834137354e+03
5.772691705099926367e+03
5.772782105086035699e+03
5.773287088361149472e+03
5.773911419588394892e+03
5.774043523546210963e+03
5.774295029542381599e+03
5.774306063533980705e+03
5.774856557275845262e+03
5.774895027827490594e+03
5.774930703857794470e+03
5.775150479065410764e+03
5.775377749040138042e+03
5.775393887617633482e+03
5.775671765723085628e+03
5.776004509341857556e+03
5.776560637204679551e+03
5.776902518504177351e+03
5.777698821989889439e+03
5.777809746350248133e+03
5.777813998566353803e+03
5.777814412022516990e+03
5.778163504232921696e+03
5.778188789362489842e+03
5.778197639534236259e+03
5.778370260305485317e+03
5.778537000330812589e+03
5.779494231875064543e+03
5.779826320760685121e+03
5.779844984078918969e+03
5.780710064632773538e+03
5.780715316524145237e+03
5.780785355942613023e+03
5.781160453240197057e+03
5.781333528580628808e+03
5.781410704507517039e+03
5.781454973319921010e+03
5.781534150357359067e+03
5.781995795987142628e+03
5.782423509732007005e+03
5.782523035541376885e+03
5.782603455041533380e+03
5.782723878175511345e+03
5.782794910101357345e+03
5.783167502226564466e+03
5.783187256880527457e+03
5.783201975381682132e+03
5.783387447139295546e+03
5.783568814034920251e+03
5.783786248738249924e+03
5.783871301611170566e+03
5.784568131179799821e+03
5.784620287363282841e+03
5.785267755191262950e+03
5.785370013023955835e+03
5.785918973528273455e+03
5.785991055854477963e+03
5.786100053723691417e+03
5.786350302090453624e+03
5.786447084838523551e+03
5.786648334009323662e+03
5.786840906601761162e+03
5.786927880608596752e+03
5.787440107229201203e+03
5.787475612053658551e+03
5.787538394017117753e+03
5.787721348068153929e+03
5.787752308508718670e+03
5.788406995631812606e+03
5.788477840153594116e+03
5.788755349563612981e+03
5.788890613535785633e+03
5.788956516117344108e+03
5.789144795606697699e+03
5.789258866018646586e+03
5.790188071961594687e+03
5.791158439196616200e+03
5.791498655490805504e+03
5.791798922627171123e+03
5.791831188047284741e+03
5.792889997112518358e+03
5.793654965046453071e+03
5.793896754748162493e+03
5.794435144743843011e+03
5.794440247840210759e+03
5.794519762578273912e+03
5.794553608654766322e+03
5.794942359491357820e+03
5.794950641973086931e+03
5.795267441885905100e+03
5.795611169708465241e+03
5.795790096098026879e+03
5.795900841370376838e+03
5.795974090542090380e+03
5.796027932722665355e+03
5.796259513507190604e+03
5.796857983250835787e+03
5.797387417193533111e+03
5.797437861236494427e+03
5.797544233869344680e+03
5.797799375560680346e+03
5.798017104943379309e+03
5.798242916014386537e+03
5.798335820748527112e+03
5.798366615591143272e+03
5.798461850571427021e+03
5.798609216165179532e+03
5.798658189759203196e+03
5.798782718766737162e+03
5.798908466011515884e+03
5.799098306809966743e+03
5.799255541461793655e+03
5.799273565703512759e+03
5.799593085648370106e+03
5.799595018362986593e+03
5.799653774970994164e+03
5.800149457110621370e+03
5.800223668660145449e+03
5.800776384487171526e+03
5.800902191556229809e+03
5.801014979184028562e+03
5.801094936732375572e+03
5.801264643930097918e+03
5.801398809393576812e+03
5.801412724799111857e+03
5.801832661721215118e+03
5.801902901563700652e+03
5.802051285116546751e+03
5.802265717340755145e+03
5.802559611581008539e+03
5.802642395189111994e+03
5.802762649697805500e+03
5.802969052490265312e+03
5.803212236584417951e+03
5.803747849135704200e+03
5.804042219795371238e+03
5.804426709675504753e+03
5.804516418030617388e+03
5.805048459590409948e+03
5.805095257761698122e+03
5.805407704299534089e+03
5.806121475833971090e+03
5.806239190904308998e+03
5.806346865234759207e+03
5.806694529849509308e+03
5.806868066246812305e+03
5.807094541763327470e+03
5.807119841625992194e+03
5.807279857705938412e+03
5.807369425663694528e+03
5.807390347667899732e+03
5.807583315684350964e+03
5.807648582074314618e+03
5.807929038509018028e+03
5.807972378248102359e+03
5.808327173698588012e+03
5.808466648761078432e+03
5.808533260331620113e+03
5.808542210410647385e+03
5.809268364343863141e+03
5.809601779083210204e+03
5.809761510944692418e+03
5.809915017676975367e+03
5.810395472081312619e+03
5.810478071469024144e+03
5.810708926914779113e+03
5.811250225378196774e+03
5.811370480342236078e+03
5.811462367334876944e+03
5.811554790811187559e+03
5.812109150920867251e+03
5.812120055049440452e+03
5.812231540486892300e+03
5.813135119251503966e+03
5.813288724042043214e+03
5.813409230062293318e+03
5.813446190385107911e+03
5.813971556585467624e+03
5.814031799614741431e+03
5.814193844009237182e+03
5.814200479141175492e+03
5.814431489444702493e+03
5.814461652742063961e+03
5.814579736760755623e+03
5.815054528353091882e+03
5.815114604850097749e+03
5.815204508918155625e+03
5.815463838265294726e+03
5.815620935555405595e+03
5.815668864033095815e+03
5.815967362119447898e+03
5.816007448391635990e+03
5.816346326617463092e+03
5.816380522703660972e+03
5.816650955114219869e+03
5.816858282511766447e+03
5.816878574531588129e+03
5.817520528885535896e+03
5.817706788144468192e+03
5.817733453253077641e+03
5.817867688749353874e+03
5.818365833518093496e+03
5.818679754554947976e+03
5.818963796092084522e+03
5.818973568393473215e+03
5.819254725462370516e+03
5.819344678536677748e+03
5.819508385880021706e+03
5.819771750900753432e+03
5.820196500531909805e+03
5.820267995479987803e+03
5.820431448599659234e+03
5.820535573548827415e+03
5.820922662810068687e+03
5.821046242584151514e+03
5.821166135197081530e+03
5.821605484087656805e+03
5.821657566437383139e+03
5.822091658473327698e+03
5.822157854905755812e+03
5.822358889027698751e+03
5.822449399470466233e+03
5.822556868729158850e+03
5.822643423717694532e+03
5.822743626562210920e+03
5.823061501585059887e+03
5.823159877936763223e+03
5.823181220144673716e+03
5.823430871227998978e+03
5.823576788368249254e+03
5.824047387448104018e+03
5.824062156823046280e+03
5.824680440059400098e+03
5.824726316302680971e+03
5.824947123710720916e+03
5.825281574190718857e+03
5.825661198673814397e+03
5.825850222063401816e+03
5.826038423698685619e+03
5.826590814182622125e+03
5.826694163356809440e+03
5.826760006465493461e+03
5.827970701413461029e+03
5.828052422810693315e+03
5.828184512438197999e+03
5.828475210077970587e+03
5.828677112322047833e+03
5.828678717705075542e+03
5.828751608327718714e+03
5.828788475358303913e+03
5.828981924335535950e+03
5.829222592464388981e+03
5.829291252751584580e+03
5.829298002620450461e+03
5.829601376642745890e+03
5.830013582980476713e+03
5.830200004978642937e+03
5.830480770109023069e+03
5.830780347267338584e+03
5.830989396268248129e+03
5.831107222829601596e+03
5.831242146831252285e+03
5.831651021425239378e+03
5.831728386471562771e+03
5.832009945901201718e+03
5.832977202407800178e+03
5.833018699750032283e+03
5.833169275797769842e+03
5.833219421218275784e+03
5.833400241251614716e+03
5.833440897310990294e+03
5.833489997020526971e+03
5.833583735051173790e+03
5.833746534621503997e+03
5.834250209285235542e+03
5.834382603384716276e+03
5.834622225254252044e+03
5.834831032592413976e+03
5.834933382469710523e+03
5.835437653800147018e+03
5.836006061374258934e+03
5.836219576899603453e+03
5.836448931731594712e+03
5.836555613410315345e+03
5.836610320051068811e+03
5.836643445478533067e+03
5.836872907753888285e+03
5.836888764938339591e+03
5.837107584144281645e+03
5.837136172280413120e+03
5.837791343697386765e+03
5.837883501532081027e+03
5.838264383007888682e+03
5.838973243645142247e+03
5.838997781735008175e+03
5.839183962516603970e+03
5.839280070727833845e+03
5.839300462083115235e+03
5.839526598874363117e+03
5.839877022335212132e+03
5.839984086840637246e+03
5.840223150077239552e+03
5.840297437256412195e+03
5.840319681334341112e+03
5.840336931141762761e+03
5.841207365292133545e+03
5.841874791293536873e+03
5.842052576322319510e+03
5.842933720888148855e+03
5.842976453675890298e+03
5.843090367328783032e+03
5.844159402947522722e+03
5.844339543248239352e+03
5.844468290333204095e+03
5.844511643953203020e+03
5.844567265817245243e+03
5.844567369381132266e+03
5.844708424939422002e+03
5.845040719297005126e+03
5.845095113752840916e+03
5.845278128833983828e+03
5.845862606555952880e+03
5.845983013106814724e+03
5.846425043159143570e+03
5.847027207364308197e+03
5.847060437566879955e+03
5.847060856261688059e+03
5.847311540951436655e+03
5.847436243070415912e+03
5.847443470325533781e+03
5.847732678259950262e+03
5.848032510168769477e+03
5.848073231601654697e+03
5.848136631076922640e+03
5.848270777922283742e+03
5.848350736438776948e+03
5.848354637087495576e+03
5.848400484668202807e+03
5.848479697301771012e+03
5.848661703856259919e+03
5.849176294784541824e+03
5.849223413847427764e+03
5.849318212943420804e+03
5.849397038326430447e+03
5.849522262813961788e+03
5.849557837243919494e+03
5.849868693342070401e+03
5.849907180865836381e+03
5.849995059481450880e+03
5.850018697977062402e+03
5.850161903139637616e+03
5.850211677148166018e+03
5.850449128660819042e+03
5.850908844239010250e+03
5.850920539043649114e+03
5.851021232653338302e+03
5.851067563897656328e+03
5.851519135253998684e+03
5.851749953896980514e+03
5.851919011395737471e+03
5.852113061081013257e+03
5.852195550203894527e+03
5.852203059696665150e+03
5.852261497527622851e+03
5.852297998935368923e+03
5.852319289203671360e+03
5.852925123484130381e+03
5.852963296428121794e+03
5.853118686756030002e+03
5.853121406615709020e+03
5.853265802467399226e+03
5.853279172978243878e+03
5.853364220237749578e+03
5.853623536181303280e+03
5.853694593376998455e+03
5.854017022058454131e+03
5.854171413764901445e+03
5.854588631289433579e+03
5.854655974774313108e+03
5.855555439782913709e+03
5.856117667797888316e+03
5.856462434758053860e+03
5.856535430014465419e+03
5.856672975470065467e+03
5.856835719915425216e+03
5.857450054140413158e+03
5.857678496948512475e+03
5.858113199048604656e+03
5.858519695020446306e+03
5.858554551347928282e+03
5.858917484042600336e+03
5.858958927251002933e+03
5.859206442318733025e+03
5.859227753155747450e+03
5.860400026467864336e+03
5.860436062629934895e+03
5.860463644640277380e+03
5.860619258227643513e+03
5.860649914626712416e+03
5.860911607117237509e+03
5.860960732087713041e+03
5.861122264770997390e+03
5.861175681601001997e+03
5.861600987905630063e+03
5.861789479150278567e+03
5.861812367647208703e+03
5.862032231676536867e+03
5.862321276239585131e+03
5.862390394876896607e+03
5.862441848223926172e+03
5.862564286131804693e+03
5.862658693465821671e+03
5.862988008111322415e+03
5.863137056978961482e+03
5.863603495200463840e+03
5.863693085497294305e+03
5.863733245621682727e+03
5.863798240626892948e+03
5.863802025460076038e+03
5.864040607774353703e+03
5.864637693710965323e+03
5.865151242231065225e+03
5.865244897635211601e+03
5.865421342471770004e+03
5.865563982635591856e+03
5.865811729848863251e+03
5.865948983901416796e+03
5.866045486075297958e+03
5.866126750901369633e+03
5.866468312852563031e+03
5.866981769454087953e+03
5.867700921022449620e+03
5.868001309223177486e+03
5.868700898217532995e+03
5.869097609890504827e+03
5.869100413527989986e+03
5.869110665825457545e+03
5.869418580119698163e+03
5.869742590255852519e+03
5.870508827654278321e+03
5.870574654206999185e+03
5.871171212739116527e+03
5.871512895587539788e+03
5.871521193348096858e+03
5.871597583592012597e+03
5.872123272763376008e+03
5.872728565114869525e+03
5.872892645966717282e+03
5.873140450460777174e+03
5.873346451881484427e+03
5.873534326755809161e+03
5.873737555561157933e+03
5.873809085197964123e+03
5.874170107077236025e+03
5.874217459842841890e+03
5.874304870874480912e+03
5.874311497251373112e+03
5.874332556509551978e+03
5.874996143473131269e+03
5.875205753960353832e+03
5.875641008706867069e+03
5.876030029148408175e+03
5.876647467974487881e+03
5.876741944763317406e+03
5.876925856359631325e+03
5.877064570688582535e+03
5.877321212894311429e+03
5.877329639781597507e+03
5.878447586782131111e+03
5.878449113207696428e+03
5.878636644812353552e+03
5.878665210369746092e+03
5.878759816058578508e+03
5.879085418878545170e+03
5.879118606282866494e+03
5.879137313153264586e+03
5.879304638408341816e+03
5.879475879155115763e+03
5.879632111240084669e+03
5.879759127306332630e+03
5.880167296818188333e+03
5.880329118411752461e+03
5.881140230403656460e+03
5.881368799381270946e+03
5.881755890515169085e+03
5.881772682963988700e+03
5.882057911080883969e+03
5.882117397751707358e+03
5.882421134309724039e+03
5.882430356055627271e+03
5.882510577208870927e+03
5.883092334462028703e+03
5.883142653406103818e+03
5.883278286836408370e+03
5.883362025557457855e+03
5.883429242168366727e+03
5.883798374145600064e+03
5.884860557567189062e+03
5.884937680549888682e+03
5.885054955382776825e+03
5.885375477051396956e+03
5.885411244168531994e+03
5.885415242500611384e+03
5.885502095183982419e+03
5.885745465472297838e+03
5.886069015760426737e+03
5.886102858395164731e+03
5.886336780873542921e+03
5.886806344108964367e+03
5.886977692707840106e+03
5.887116590783754873e+03
5.887208531151843999e+03
5.887439976621824826e+03
5.887767064661647964e+03
5.887813341139714794e+03
5.887909662592877794e+03
5.888068703943215041e+03
5.888224533381088804e+03
5.888589364670668147e+03
5.888760047234898593e+03
5.888765691626584157e+03
5.888942995711835465e+03
5.889015660644888158e+03
5.889028154836623798e+03
5.889449732002049132e+03
5.889814537290297267e+03
5.890515321060746828e+03
5.890644904663946363e+03
5.890695321347681784e+03
5.890721033476580487e+03
5.890988735533514955e+03
5.891414460344103645e+03
5.891613174528862146e+03
5.892698067585239187e+03
5.892791901199508175e+03
5.892808324964415078e+03
5.892823810390083963e+03
5.893154160843463615e+03
5.893206964990664346e+03
5.893253427050813116e+03
5.893343407793964616e+03
5.893357540701108519e+03
5.893525351058949127e+03
5.893708160515175223e+03
5.893940556129465222e+03
5.894081834724191140e+03
5.894639587373666473e+03
5.894898949040858497e+03
5.895049059755293456e+03
5.895251507651071734e+03
5.895633257165618488e+03
5.895676955332062789e+03
5.895752997836026225e+03
5.896175336482004241e+03
5.896639710442928845e+03
5.896804373877452235e+03
5.896959920970900384e+03
5.897899779507224594e+03
5.898401792516574460e+03
5.898404461893575899e+03
5.898851280087218584e+03
5.899265391683664348e+03
5.899660200051003812e+03
5.899779009366204264e+03
5.900177893794704687e+03
5.900553954440346388e+03
5.900939618332384271e+03
5.901730320588702853e+03
5.902096299234673097e+03
5.902169561358216015e+03
5.902263048116294158e+03
5.903112205544315657e+03
5.903143481198749214e+03
5.903196476388442534e+03
5.903230405333890303e+03
5.903558953631082659e+03
5.903746620821889337e+03
5.904346221699133821e+03
5.904409672674168178e+03
5.904504477033725379e+03
5.904686136529109717e+03
5.904721848586595115e+03
5.904773441127024853e+03
5.904816353320590679e+03
5.905027977125400866e+03
5.905101756521851712e+03
5.905120463346427641e+03
5.905401488224758396e+03
5.905416761166399738e+03
5.905460502008054391e+03
5.905548360184256126e+03
5.905601634576406468e+03
5.905702990900108489e+03
5.905870808434745413e+03
5.906126541631111650e+03
5.906505959862068266e+03
5.906823512529153959e+03
5.906843878118579596e+03
5.907070000024356887e+03
5.907353143373226885e+03
5.907372123340983308e+03
5.907488847179639379e+03
5.907570694225086299e+03
5.907579425901927607e+03
5.907676616878771711e+03
5.908019107881760647e+03
5.908267346754817481e+03
5.908279479018783604e+03
5.908768395439014057e+03
5.908908380074942215e+03
5.909584591803336480e+03
5.909694420783226633e+03
5.909741648910239746e+03
5.909908410287209335e+03
5.910091677694343161e+03
5.910115539942988107e+03
5.910118073890589585e+03
5.910201703453847585e+03
5.910294601806547689e+03
5.910583447372376213e+03
5.910634065051505786e+03
5.911278986046103455e+03
5.911495391543274309e+03
5.911668957108251561e+03
5.911812295187450218e+03
5.911942946165821013e+03
5.911968244296899684e+03
5.912296314935436385e+03
5.912458781391760567e+03
5.912692543781801760e+03
5.912741097467827785e+03
5.913006819450055445e+03
5.913031228377849402e+03
5.913362148220207018e+03
5.913825900617979642e+03
5.913871737109451715e+03
5.913911782577589292e+03
5.913975909375380979e+03
5.913984516714670463e+03
5.914200812557053723e+03
5.914430807549777455e+03
5.914461123203215720e+03
5.914670890641921687e+03
5.914840518946070915e+03
5.914888299146051395e+03
5.914958152866421187e+03
5.914981882669515471e+03
5.915348932842267459e+03
5.915521883309507757e+03
5.915672944597563401e+03
5.915749314533666620e+03
5.915781415520764313e+03
5.916264922352436770e+03
5.916286593145101506e+03
5.916380488045625498e+03
5.916497564845247325e+03
5.916644255622839410e+03
5.917222926537120657e+03
5.917307080448950728e+03
5.917308811968965529e+03
5.917473942855703172e+03
5.917854336600004899e+03
5.917872776552211690e+03
5.917939666138059692e+03
5.917941279654132813e+03
5.917971212498337991e+03
5.919130888306107408e+03
5.919255531955639526e+03
5.919635940123189357e+03
5.919805707419040118e+03
5.919965870874422762e+03
5.920093219578770004e+03
5.920234590319325434e+03
5.920292899982581730e+03
5.920610294919758417e+03
5.920637175502626633e+03
5.920916937015012991e+03
5.921093878716345898e+03
5.921180904937711603e+03
5.921377181243655286e+03
5.921384402484995917e+03
5.921845075686398559e+03
5.922371309141158235e+03
5.922560058025977924e+03
5.922561145529086389e+03
5.922771033222737060e+03
5.922994648096580931e+03
5.923008375146377148e+03
5.923404217927359241e+03
5.923545496058035496e+03
5.923734647400381618e+03
5.923739311025617098e+03
5.923740314629802924e+03
5.923775081399567171e+03
5.924301531024047108e+03
5.924436240033277500e+03
5.924702416274543793e+03
5.924731488419924062e+03
5.924886346669092745e+03
5.925263332954346879e+03
5.925321143654403386e+03
5.925369056672424449e+03
5.925511788053794589e+03
5.925613301064788175e+03
5.925925918332398396e+03
5.926075607699848661e+03
5.926550577688598423e+03
5.926602604630240421e+03
5.927202534201765047e+03
5.927261036039169085e+03
5.927748744349014487e+03
5.928014161788292768e+03
5.928292069359496054e+03
5.928302187055774084e+03
5.928588851666786468e+03
5.928660231877825026e+03
5.928725886493716644e+03
5.929572996858227270e+03
5.929921507070532243e+03
5.930302629911183431e+03
5.930322242955812726e+03
5.930718442014351240e+03
5.931011794704637396e+03
5.931414056616068592e+03
5.931545463630792256e+03
5.931880062107926278e+03
5.932044361013562593e+03
5.932119521081337552e+03
5.932266657346804095e+03
5.932403030512035912e+03
5.932442916252675786e+03
5.932542829213602090e+03
5.932624354489927100e+03
5.932648725490823381e+03
5.932769124716754959e+03
5.933064298727492314e+03
5.933168556000497119e+03
5.933211938763164653e+03
5.933272508111715069e+03
5.933367742749946046e+03
5.933846503941460469e+03
5.934018276965450241e+03
5.934061049057028868e+03
5.934820452407107950e+03
5.935228410173954217e+03
5.935338440068013369e+03
5.935761487677931655e+03
5.935909180980724159e+03
5.936120850817179416e+03
5.936312619265925605e+03
5.936443204190372853e+03
5.937147706874498908e+03
5.937631733824487128e+03
5.937746318211021389e+03
5.937894670717450936e+03
5.938099494310740738e+03
5.938811146459068368e+03
5.939097787193722070e+03
5.939344296765917534e+03
5.939518844700897716e+03
5.939655138060190438e+03
5.939688757577091565e+03
5.940266031143753935e+03
5.940393679456641621e+03
5.940634934148870343e+03
5.940757960458994603e+03
5.940859911719263437e+03
5.941027070729448496e+03
5.941288039133134589e+03
5.941364007642760043e+03
5.941675274743088266e+03
5.941963567387261719e+03
5.942497919676468882e+03
5.942833213163590699e+03
5.943332554302847711e+03
5.943710640862133914e+03
5.943885895094162152e+03
5.944268198421921625e+03
5.944409353836004811e+03
5.944662731225702373e+03
5.945003621782777373e+03
5.945471186105768538e+03
5.946194454014814255e+03
5.946476508445744003e+03
5.946643463871111635e+03
5.946727315373942474e+03
5.947342513873350981e+03
5.947450883146127126e+03
5.947480151292238588e+03
5.947991144331301257e+03
5.948153611997403459e+03
5.948627422123001452e+03
5.948646677131614524e+03
5.948658771950265873e+03
5.948687705163201827e+03
5.948720593864827606e+03
5.948745420946545892e+03
5.949228260043967566e+03
5.949412885114311393e+03
5.949860712539396445e+03
5.949968779196341529e+03
5.950060370132777280e+03
5.950202073922016098e+03
5.950676582667877483e+03
5.951015209642387163e+03
5.951751843153088885e+03
5.951821003168352036e+03
5.952758115386282952e+03
5.952829630845089923e+03
5.952955087997205737e+03
5.953091403853738484e+03
5.953216899836140328e+03
5.953444815771643334e+03
5.953575538727154708e+03
5.953787809626904163e+03
5.953862330963688692e+03
5.954099579927180457e+03
5.954259601038605069e+03
5.954940678240705893e+03
5.955180164490467178e+03
5.955243799941036741e+03
5.955279248229971927e+03
5.955550877628570561e+03
5.955639815885815551e+03
5.955644395155602979e+03
5.955750073163843808e+03
5.955841833327270251e+03
5.957283370597667272e+03
5.957285249930483587e+03
5.957711510863889998e+03
5.957858586333916719e+03
5.958105100442567164e+03
5.958572984491313946e+03
5.958590026847132322e+03
5.958687758866263721e+03
5.958907788336052363e+03
5.959611240450317382e+03
5.959612683630633001e+03
5.959997077208671726e+03
5.960373339521778689e+03
5.960588179643859803e+03
5.960837730852121240e+03
5.960885099534960318e+03
5.961479145285467894e+03
5.962213774302349520e+03
5.962232888315445052e+03
5.962373854916202617e+03
5.962922546573844556e+03
5.963300780355528332e+03
5.963938562248037670e+03
5.963945993011635437e+03
5.964023012665153146e+03
5.964351026542251930e+03
5.964363819739653991e+03
5.964615155089789369e+03
5.964642694267758088e+03
5.964821051694673770e+03
5.964961560562038358e+03
5.965251197553266138e+03
5.965448908543701691e+03
5.965516125908990034e+03
5.965679728454950236e+03
5.965878415358944039e+03
5.966500388033628042e+03
5.966565414811010669e+03
5.966710813239960771e+03
5.966801283606434481e+03
5.966878938940858461e+03
5.967002182408217777e+03
5.967029527256300753e+03
5.967046908772018469e+03
5.967227390102697427e+03
5.967590973832681811e+03
5.967753446333558713e+03
5.968002885841257012e+03
5.968543721047370127e+03
5.968544147691518447e+03
5.968588444246901418e+03
5.968765151120263909e+03
5.968799685504273839e+03
5.968909368624328636e+03
5.968931230715620586e+03
5.969063472548984464e+03
5.969088936513185217e+03
5.969148658448284550e+03
5.969480894890153650e+03
5.969481919533038308e+03
5.969583542290266450e+03
5.969596915126333442e+03
5.969954401802130633e+03
5.970493253331093001e+03
5.970500743689687624e+03
5.970596428287946765e+03
5.970631939715493900e+03
5.970996331580776314e+03
5.971059367773837948e+03
5.971224512562392192e+03
5.971232371637290271e+03
5.971841276270170056e+03
5.972849712882214590e+03
5.973350875354506570e+03
5.973640770576955219e+03
5.973895621929302251e+03
5.974367483306446957e+03
5.974407277412469739e+03
5.974513537843396080e+03
5.974516718932846743e+03
5.974833253160891218e+03
5.974874640984790858e+03
5.974923875430128646e+03
5.975222077827824251e+03
5.975789531513302791e+03
5.976410220809855673e+03
5.976526573508067486e+03
5.976550352990132524e+03
5.976559930654508207e+03
5.976861952346367616e+03
5.976878329552190735e+03
5.976971815118456107e+03
5.977153987257808694e+03
5.977186472947479160e+03
5.977393413774724650e+03
5.977546445517163193e+03
5.977606472129735266e+03
5.977635477683559657e+03
5.977818411836025916e+03
5.977839851631970305e+03
5.978082186936032485e+03
5.978082198834611518e+03
5.978443566268692848e+03
5.978452781719870472e+03
5.978617259397613452e+03
5.978774674572940967e+03
5.979099429958936526e+03
5.979261927874355933e+03
5.979459540422873943e+03
5.979473295905572741e+03
5.979613750871586490e+03
5.979705569370373269e+03
5.980068693480820002e+03
5.980299002465083504e+03
5.980336706028834669e+03
5.980468934555272426e+03
5.981156864662756561e+03
5.981498933572955139e+03
5.981526555629630820e+03
5.982146321090775018e+03
5.982460873811547572e+03
5.982643980919858222e+03
5.983013915698425080e+03
5.983049768911178035e+03
5.983588873481215160e+03
5.983937428377164906e+03
5.983952513487582110e+03
5.984109419077028178e+03
5.984341505508740738e+03
5.985115288313735618e+03
5.985421654713047246e+03
5.985464434103021631e+03
5.985954779073265854e+03
5.985982917233619446e+03
5.986067042016029518e+03
5.986170738338774754e+03
5.986171799828185613e+03
5.986426103683787005e+03
5.986952623870423849e+03
5.987434058669795377e+03
5.987555582454428077e+03
5.987866024289969573e+03
5.987909640165301425e+03
5.988337320555515362e+03
5.988591560932221000e+03
5.989065041448916418e+03
5.989142690886299533e+03
5.989647281531335466e+03
5.989803628838281838e+03
5.989919187562286425e+03
5.990116620968493407e+03
5.990215796299107751e+03
5.990336157580034524e+03
5.990839058863749415e+03
5.991070518728406569e+03
5.991239444781801467e+03
5.991254220445503051e+03
5.991297644557143940e+03
5.991308739373529534e+03
5.991418880096849534e+03
5.991554116284236443e+03
5.991877713122669775e+03
5.991880443751110761e+03
5.992534352113717432e+03
5.992557723321458070e+03
5.992644597734328272e+03
5.992647149499316583e+03
5.992672990330667744e+03
5.992828553733446824e+03
5.993354126198417362e+03
5.993387384086351631e+03
5.993399938068387200e+03
5.993812745899936090e+03
5.993916193036143341e+03
5.994138490532949618e+03
5.994456304372888553e+03
5.994465521375166645e+03
5.994533880983396557e+03
5.994677822361210929e+03
5.994740653736008426e+03
5.994984180772552463e+03
5.995047961739932362e+03
5.995615542080371597e+03
5.995621435044189639e+03
5.995642619701329750e+03
5.995699806907352468e+03
5.995744531744054257e+03
5.996550920978462273e+03
5.996730604361795486e+03
5.997217173166133762e+03
5.997219730912733212e+03
5.997379949623513312e+03
5.997413765534488448e+03
5.997586911240945483e+03
5.998252137504519851e+03
5.998369670462572685e+03
5.998396266887432830e+03
5.998407038989357716e+03
5.998509367501810630e+03
5.998515525982501458e+03
5.998724468117859033e+03
5.998771992115902322e+03
5.998820086558439471e+03
5.998845237159041062e+03
5.998967021770425163e+03
5.998980273616472914e+03
5.999096070267258256e+03
5.999144831927450468e+03
5.999170521476276008e+03
5.999310462542557616e+03
5.999369355826264837e+03
5.999475537055876885e+03
5.999608275909133226e+03
5.999647817854274763e+03
5.999789842789049544e+03
5.999961431482240187e+03
6.000756528510845783e+03
6.000825298666176423e+03
6.000950194241519966e+03
6.001081271966486383e+03
6.001311193435803943e+03
6.001806612110522110e+03
6.001934832889410245e+03
6.002226092364195210e+03
6.002998132457571046e+03
6.003052500776780107e+03
6.003216840868315558e+03
6.003380833856819663e+03
6.003510788043267894e+03
6.003907584093877631e+03
6.004084244176829998e+03
6.004123150407287540e+03
6.004292246938270182e+03
6.004310207755016563e+03
6.004441026845539454e+03
6.004676275432609145e+03
6.004956818935957926e+03
6.005013328121317500e+03
6.005338467003847654e+03
6.005709676077821314e+03
6.005858784089075925e+03
6.006048414635368317e+03
6.006156753513754666e+03
6.006492206992375031e+03
6.006641748882643697e+03
6.006696861869315399e+03
6.006786467138130320e+03
6.006842298206286614e+03
6.006943875308119459e+03
6.007013272618632982e+03
6.007587422696889917e+03
6.007824986005416577e+03
6.008186295195169805e+03
6.008457094648961174e+03
6.008726285576692135e+03
6.009858817738541802e+03
6.010003109357687208e+03
6.010093146763128971e+03
6.010119032237315878e+03
6.010229358500026137e+03
6.010285540677960853e+03
6.010982914752660690e+03
6.011024062987065918e+03
6.011427813476858319e+03
6.011479243496790332e+03
6.011492166597435244e+03
6.011898391492281007e+03
6.012038636723476884e+03
6.012072126483185457e+03
6.012133718436900381e+03
6.012250063605919422e+03
6.012605577379908027e+03
6.012638321085898497e+03
6.012920227891829200e+03
6.012925264847059225e+03
6.013063973353012443e+03
6.013460238918780306e+03
6.013577494161165305e+03
6.013623046825111487e+03
6.013657649939923431e+03
6.013921307573746162e+03
6.014044187170267833e+03
6.014204521423970618e+03
6.014549210668181331e+03
6.014783625008726631e+03
6.014954062234336561e+03
6.015408321909814731e+03
6.015480762932694233e+03
6.015608954084953439e+03
6.015891532446110432e+03
6.015944877651884781e+03
6.016036654194959738e+03
6.016191789765273825e+03
6.016211877704370636e+03
6.016766480475922435e+03
6.017258035114396080e+03
6.017277548624954761e+03
6.017543779084773632e+03
6.018010893900707742e+03
6.018332123540680186e+03
6.018607462605835281e+03
6.018801640410590153e+03
6.018808691665914921e+03
6.018893372395989900e+03
6.018931567457603705e+03
6.018944760572058840e+03
6.019020596981941708e+03
6.019034868262981036e+03
6.019152413696730036e+03
6.019353783221410595e+03
6.019421329822944244e+03
6.019569798380245629e+03
6.019813661191801657e+03
6.020119688562413103e+03
6.020461870422817810e+03
6.020550888930639303e+03
6.020825087577040904e+03
6.020834347816320587e+03
6.021010567599349088e+03
6.021086284208975485e+03
6.021197637802315512e+03
6.021273993235797207e+03
6.021579945444409532e+03
6.021607999719100917e+03
6.021754648901268411e+03
6.021783255778824241e+03
6.022013516923132556e+03
6.022052483040802144e+03
6.022095130381602758e+03
6.022427354016534082e+03
6.022436449350859220e+03
6.022596012763366161e+03
6.023313592706666896e+03
6.023368129678547120e+03
6.023385020829276073e+03
6.023436429236923686e+03
6.023489180096071323e+03
6.023553365463223599e+03
6.023911421833638087e+03
6.024347774737414511e+03
6.025092927174980105e+03
6.025264036221205970e+03
6.025347031273448920e+03
6.025693399762218178e+03
6.025695118174622621e+03
6.025895482045849349e+03
6.026041372114390470e+03
6.026093625319263083e+03
6.026356855297954098e+03
6.026357104074403651e+03
6.026854709938465930e+03
6.026872901188328797e+03
6.027002382133781794e+03
6.027155969384763921e+03
6.027339651970140039e+03
6.027589370195253650e+03
6.027706937471778474e+03
6.027963441232461264e+03
6.028297228995531441e+03
6.028345162553689079e+03
6.028578619687637001e+03
6.029015950065338984e+03
6.030337451734946626e+03
6.030422443871259020e+03
6.030637109406064155e+03
6.030732634869796129e+03
6.030965877436733535e+03
6.031525678551733108e+03
6.031639689002825435e+03
6.031761976671756202e+03
6.032241421190604342e+03
6.032806180006491559e+03
6.032933368517217787e+03
6.033264182579545377e+03
6.033470697715448296e+03
6.033633046256525631e+03
6.033749387344165370e+03
6.033831167546745746e+03
6.033967737675365242e+03
6.034668838942000548e+03
6.034760398257415545e+03
6.034964006314558901e+03
6.035270121141968048e+03
6.035448791560184873e+03
6.035558408646037606e+03
6.035728299056026117e+03
6.036075532045972977e+03
6.036097997219260833e+03
6.036723242005969951e+03
6.037172409179083843e+03
6.037260988189132149e+03
6.037291391044475859e+03
6.037417131015677114e+03
6.037471171597260764e+03
6.037471183388150166e+03
6.038153159457563561e+03
6.038407428858323328e+03
6.038518851540675314e+03
6.038570479380890902e+03
6.038941667599763605e+03
6.039312662743629517e+03
6.039367485533187391e+03
6.039737037260063516e+03
6.039858524528257476e+03
6.039885681229789952e+03
6.039965578212037144e+03
6.040178247949696015e+03
6.040310884167606673e+03
6.040521106891780619e+03
6.040528366978593112e+03
6.040691160456189209e+03
6.040772214687809537e+03
6.040906138533227022e+03
6.041035003176155442e+03
6.041580449429460714e+03
6.041637141705290560e+03
6.041913057194747125e+03
6.042315276321070996e+03
6.042323676455812347e+03
6.043094209521636003e+03
6.043472652121851752e+03
6.043846404682263710e+03
6.043941228023494659e+03
6.044136103520275356e+03
6.044160738329373089e+03
6.044245192421180036e+03
6.044702563023495713e+03
6.044726930618615370e+03
6.044876910874008900e+03
6.044956476175588250e+03
6.045196346598189848e+03
6.045289497939088506e+03
6.045330047752379869e+03
6.045770558019800774e+03
6.045898736003452541e+03
6.046218238119160560e+03
6.046457999256474068e+03
6.046965202478356332e+03
6.047001640304255488e+03
6.048271585189049802e+03
6.048492100701232630e+03
6.048548598380487419e+03
6.048639583582551495e+03
6.048919760208019397e+03
6.049014436939364714e+03
6.049111745441525272e+03
6.049302180368480549e+03
6.049571367063120306e+03
6.049748992811848439e+03
6.050137458455639717e+03
6.050310832796918476e+03
6.050432058361840063e+03
6.050686260557560672e+03
6.050721540767029182e+03
6.051261130151542602e+03
6.051679444306736514e+03
6.051759510206132290e+03
6.052153799346945561e+03
6.052593273154391682e+03
6.052782489743478436e+03
6.052826327480760483e+03
6.053404784166457830e+03
6.053487978490965361e+03
6.053589513938065465e+03
6.053685132089152830e+03
6.054262211466423651e+03
6.054949696348166071e+03
6.055353598679613242e+03
6.055408388848261893e+03
6.055543962521835056e+03
6.055564715445168076e+03
6.055716355650290097e+03
6.055880154693868462e+03
6.056195585910572845e+03
6.056876679329315266e+03
6.057071965142639783e+03
6.057096366946805574e+03
6.057310643328022707e+03
6.057315745937846259e+03
6.057478190370898119e+03
6.057481007255559234e+03
6.057642854608966445e+03
6.057868123104412916e+03
6.057949563336531355e+03
6.058028877503987133e+03
6.058118635858976631e+03
6.058228361786881578e+03
6.058344669219138268e+03
6.058714024478479587e+03
6.058892339968622764e+03
6.058924226044410716e+03
6.060014589946089473e+03
6.060064799125350874e+03
6.060175209024971991e+03
6.060545882459328823e+03
6.060678263305203473e+03
6.061110987496972484e+03
6.061784593415159179e+03
6.061841675463118918e+03
6.062259040623840519e+03
6.062480346380270930e+03
6.062485675819270000e+03
6.062499857246561078e+03
6.062610124842542973e+03
6.062667310273021940e+03
6.062840529541570504e+03
6.062888966385404274e+03
6.063423904732771007e+03
6.063559961919690977e+03
6.063653536532672661e+03
6.063936840031667089e+03
6.063970459633659630e+03
6.064348162316814523e+03
6.064623211578642440e+03
6.064698947945224063e+03
6.064855599713599986e+03
6.065146064950556138e+03
6.065215531283181917e+03
6.065347376198593338e+03
6.065399491316530657e+03
6.065474649753471567e+03
6.065541129305838695e+03
6.065634204678807691e+03
6.065650403276307770e+03
6.065743490469773860e+03
6.066183999505063184e+03
6.066211056165271657e+03
6.066610771911137817e+03
6.066827434064131921e+03
6.066875658505751744e+03
6.067008099820272037e+03
6.067107829429413869e+03
6.067117719750985088e+03
6.067131770725562092e+03
6.067290788047492242e+03
6.067419493251509266e+03
6.068054128650316670e+03
6.068422481832537414e+03
6.068557544312023310e+03
6.068761863348807310e+03
6.068893403397043585e+03
6.069054383661376960e+03
6.069103246689634034e+03
6.069126199606987029e+03
6.069243519407984422e+03
6.069595151120211995e+03
6.069641685709600097e+03
6.069803453046625691e+03
6.069990686267487035e+03
6.070053557577979518e+03
6.070295732414408121e+03
6.070299537589802640e+03
6.070634047665499565e+03
6.070728453859072033e+03
6.070993064364570273e+03
6.071052011060823133e+03
6.071632502495867811e+03
6.071952467417274420e+03
6.072213728934680148e+03
6.072366937532819065e+03
6.072411191401200995e+03
6.072514119627395303e+03
6.072801405099541626e+03
6.073014983778182796e+03
6.073051878221578590e+03
6.073189044425568682e+03
6.073242035608499464e+03
6.073623177626238430e+03
6.073655217146538234e+03
6.073822242683048898e+03
6.074161711113194542e+03
6.074268620066030053e+03
6.074567312105022211e+03
6.074614704593658644e+03
6.075040187144772972e+03
6.075168526970393941e+03
6.075301853632311577e+03
6.075395690587894933e+03
6.075527639636626191e+03
6.075692142227591830e+03
6.075740789256384232e+03
6.075909463059641894e+03
6.076619212249333941e+03
6.076798686157972952e+03
6.076839327288634195e+03
6.077095098746244730e+03
6.077347708780782341e+03
6.077557421563486059e+03
6.077675285379415072e+03
6.077902636676684779e+03
6.077963887934942250e+03
6.078130570027050453e+03
6.078628169153986164e+03
6.079303535318008471e+03
6.080321165632369230e+03
6.080552412590375752e+03
6.080746092291326931e+03
6.081209154276643858e+03
6.081328482923964657e+03
6.081533632262490755e+03
6.081675544529391118e+03
6.081676307815339896e+03
6.081764818518493485e+03
6.081960549501895002e+03
6.082099876230548034e+03
6.082262281518072996e+03
6.082497338936975211e+03
6.082693269072683506e+03
6.082865450553284973e+03
6.083433374227306558e+03
6.083618413000614055e+03
6.083680592591305867e+03
6.083858365623545978e+03
6.084258200003703678e+03
6.084490738006036736e+03
6.084525773502522497e+03
6.084535648981367558e+03
6.084555287555846917e+03
6.084633481831079735e+03
6.084693317356262014e+03
6.084878378724871254e+03
6.085175487275516389e+03
6.085244893467012844e+03
6.085405705739833138e+03
6.085558627885326132e+03
6.085730670065970116e+03
6.085833606968359163e+03
6.086143281230439243e+03
6.086443574583458030e+03
6.086676549544754380e+03
6.086781508117343037e+03
6.086908806179631938e+03
6.086950638713891749e+03
6.087060148651967211e+03
6.087075366057271822e+03
6.087382947544933813e+03
6.087654299825405360e+03
6.087988395962646791e+03
6.088023273005818737e+03
6.088124040487668026e+03
6.088208921446531349e+03
6.088337067826235398e+03
6.088537813201823155e+03
6.088562700263508304e+03
6.088697571552929730e+03
6.088960328806443613e+03
6.089038842144049340e+03
6.089610270403316463e+03
6.090007921639468805e+03
6.090158864915144477e+03
6.090207356017122947e+03
6.090292654623122871e+03
6.090527267175069028e+03
6.090651046007502373e+03
6.090736613949303319e+03
6.090781686272611296e+03
6.091109540738683791e+03
6.091166270391246144e+03
6.091213580890742378e+03
6.091533641903522948e+03
6.091631250688456930e+03
6.091914868147710877e+03
6.092162516046957535e+03
6.092506631768685111e+03
6.092516763870497925e+03
6.092708043786129565e+03
6.093000003363463293e+03
6.093093039463046807e+03
6.093099002140368611e+03
6.093109012765224179e+03
6.093158870802601996e+03
6.093529215495638709e+03
6.093774077657928501e+03
6.094098272752700723e+03
6.094109291420971203e+03
6.094281029466276777e+03
6.094368672138460170e+03
6.094463317775324867e+03
6.094559803996305163e+03
6.094679650585672789e+03
6.094737814900746343e+03
6.094749448545917403e+03
6.094853415262862654e+03
6.094965239843287236e+03
6.095401925818319796e+03
6.095933186714670228e+03
6.095946086040254158e+03
6.095950776987589961e+03
6.096430723592105096e+03
6.096505214000110755e+03
6.096573229074546362e+03
6.096696549681081706e+03
6.097064207488995635e+03
6.097117269296072664e+03
6.097400663368037385e+03
6.097496222867125653e+03
6.097785463186330162e+03
6.097948298298975715e+03
6.098153471405795244e+03
6.098203662419705324e+03
6.098296508976492987e+03
6.098423765369149805e+03
6.098731029314330954e+03
6.098893949024317408e+03
6.098970288044719382e+03
6.099077474510656430e+03
6.099292820831241443e+03
6.099328287600106705e+03
6.099680915623963301e+03
6.099995344549573019e+03
6.100025400433804862e+03
6.100132437680869771e+03
6.100255152712640665e+03
6.100348000203465745e+03
6.100462582839884817e+03
6.100769481035102217e+03
6.100839144144943930e+03
6.101037836617743778e+03
6.101112506546443910e+03
6.101464955154751806e+03
6.101567343766493650e+03
6.101652885474905815e+03
6.101691251157468287e+03
6.101871021841575384e+03
6.101893596921604512e+03
6.102313240557063182e+03
6.102564396616834529e+03
6.102595741586395889e+03
6.102783411138441807e+03
6.103168152975709745e+03
6.103194892818329208e+03
6.103204112481356788e+03
6.103471438498230782e+03
6.103562130250599694e+03
6.103633082838154223e+03
6.103991908310966210e+03
6.104052991369641859e+03
6.104637176559605905e+03
6.104731234634874454e+03
6.105064539039452939e+03
6.105285997418213810e+03
6.105341344078697148e+03
6.105545374626042758e+03
6.105703923548402599e+03
6.106219758538075439e+03
6.106440425784411673e+03
6.107204607499377744e+03
6.107366559217706708e+03
6.107573661632073708e+03
6.107591060362372446e+03
6.107783074729368309e+03
6.107845035548163651e+03
6.107846320155636022e+03
6.107963403700150593e+03
6.108082115919903117e+03
6.108137816132025364e+03
6.108341255131716935e+03
6.108586221494469100e+03
6.108848617418061622e+03
6.109258410387565164e+03
6.109710159058521640e+03
6.109904455412599418e+03
6.109917800014442037e+03
6.110043028426640376e+03
6.110138726831076383e+03
6.110332401646279322e+03
6.110625064351685978e+03
6.111481529790256900e+03
6.111564151376577684e+03
6.111818011450228369e+03
6.112314835414385925e+03
6.112340066739166105e+03
6.112517683233932075e+03
6.113030322061323204e+03
6.113124952165496325e+03
6.113466871651814472e+03
6.113937078443386781e+03
6.114230271647315931e+03
6.114482765394817761e+03
6.114665780286867630e+03
6.115269161411804816e+03
6.115310902720303602e+03
6.115530203682154934e+03
6.115627253425993331e+03
6.115697606932824783e+03
6.115820380035517701e+03
6.115936924200172143e+03
6.116088323855321505e+03
6.116515513394022491e+03
6.116824062764731025e+03
6.117118311920821725e+03
6.117365449512426494e+03
6.117405401610173612e+03
6.117882038345220280e+03
6.118054203799086281e+03
6.118281310435284468e+03
6.118503501004109239e+03
6.118821556175006663e+03
6.119444785180298823e+03
6.119646459422263433e+03
6.119697875001073953e+03
6.120220576534105021e+03
6.120258953845914220e+03
6.120320793197034618e+03
6.120992966397873715e+03
6.121165070065826512e+03
6.121291397418796805e+03
6.121312860214873581e+03
6.121417593433480761e+03
6.121449640195567554e+03
6.121475314010641341e+03
6.121483734239658588e+03
6.121543931507427260e+03
6.121678863130741775e+03
6.121801731984623075e+03
6.121968451027098126e+03
6.122086134742276954e+03
6.122485053966958731e+03
6.122515998005310394e+03
6.122813724531069056e+03
6.122867619875026321e+03
6.122978380005321924e+03
6.123346991386591981e+03
6.123402237124506428e+03
6.123651914042883618e+03
6.123857781185121894e+03
6.124290123549298187e+03
6.124304432529487713e+03
6.124343018222270985e+03
6.124406312894829171e+03
6.124718369783859089e+03
6.124856298280108604e+03
6.125052197778109985e+03
6.125110567353951410e+03
6.125581085215190797e+03
6.125980151541431042e+03
6.125995739536784640e+03
6.126153107422959692e+03
6.126468526835075863e+03
6.126539645785359426e+03
6.126871989556176231e+03
6.126931644382899321e+03
6.127102922885354019e+03
6.127184852182244867e+03
6.127634734965545249e+03
6.127745143953510706e+03
6.127895900041294226e+03
6.127939440068116710e+03
6.128052836668686723e+03
6.128625222389493501e+03
6.128689792706029039e+03
6.129577536403776321e+03
6.129884136358620708e+03
6.130086025593829618e+03
6.130118483932383242e+03
6.130685943830984797e+03
6.130751891680365588e+03
6.130844129974723728e+03
6.131021003338391893e+03
6.131208918855532829e+03
6.131312893925021854e+03
6.131395806468589399e+03
6.131430206637314768e+03
6.131468248364730243e+03
6.131613464665139873e+03
6.131832684388646157e+03
6.132039811385300709e+03
6.132109179353639774e+03
6.132419727324107043e+03
6.132624905156804743e+03
6.132761164733187798e+03
6.132996001943723968e+03
6.134052376339589500e+03
6.134554712165469937e+03
6.134741561143339823e+03
6.135245823437602667e+03
6.135265857439530919e+03
6.135651886677132097e+03
6.135766398584570197e+03
6.136100954090129562e+03
6.136228063381299762e+03
6.136280322960787089e+03
6.136589954324203063e+03
6.136644051717792536e+03
6.136889892537166816e+03
6.137195986863212966e+03
6.137524149537659468e+03
6.137640694607487603e+03
6.138003629124212239e+03
6.138114262627793323e+03
6.138625381387469133e+03
6.139050469850155423e+03
6.139267549856759615e+03
6.139779834990327799e+03
6.139835825780327468e+03
6.139934126927667421e+03
6.140262078680060768e+03
6.140271108483989337e+03
6.140349701811523119e+03
6.140568412840023484e+03
6.140828025497687122e+03
6.140874211005547295e+03
6.140894676999487274e+03
6.141124042813443339e+03
6.141239824480742755e+03
6.141551839153457877e+03
6.141562376031387430e+03
6.141949514470221402e+03
6.143364898389597329e+03
6.143449608983007238e+03
6.143466634464934941e+03
6.143708087692720255e+03
6.144343307938792350e+03
6.144624347469682107e+03
6.144624959666143695e+03
6.144626803357344215e+03
6.144813013871742442e+03
6.144862536591806929e+03
6.145107007879435514e+03
6.145794535369231198e+03
6.146048828381226485e+03
6.146254813450424081e+03
6.146540844674980690e+03
6.147158021107641616e+03
6.147799267749158389e+03
6.147856301671480651e+03
6.147863753863224701e+03
6.147997883038963664e+03
6.148115761338631273e+03
6.148451720345962713e+03
6.148810442821879406e+03
6.148877993412551405e+03
6.149032852676318726e+03
6.149129473103210330e+03
6.149230996056904587e+03
6.149547068110324290e+03
6.149579409719104660e+03
6.149677229507786251e+03
6.149794544424373271e+03
6.149868646780477320e+03
6.150199992066815867e+03
6.150233847282180250e+03
6.150321096212182965e+03
6.150402864127433531e+03
6.150416330401465530e+03
6.150619374600470110e+03
6.150638428735687739e+03
6.150684038780558694e+03
6.150880181124975024e+03
6.151103272026318336e+03
6.151123108612418946e+03
6.151311747941746034e+03
6.151508631416099888e+03
6.151749581141721137e+03
6.152164104503426643e+03
6.152242306399022709e+03
6.152346004407240798e+03
6.152455464986061088e+03
6.152485931917477501e+03
6.152646434547298668e+03
6.152701386468617784e+03
6.153293074687667286e+03
6.153331291954285007e+03
6.153407636620005178e+03
6.153538498282625369e+03
6.153600256984247608e+03
6.154274134284857610e+03
6.154481603876192821e+03
6.154612299223402260e+03
6.154626734402074362e+03
6.154818546708293070e+03
6.154894796654735728e+03
6.155519457236390735e+03
6.156018772555384203e+03
6.156053820569556592e+03
6.156491458977195180e+03
6.156578985841128087e+03
6.156625142748683174e+03
6.156678121358704630e+03
6.156912400384461762e+03
6.157080171917771622e+03
6.157262315684309215e+03
6.157467084826545033e+03
6.157561820837126106e+03
6.157724374228578199e+03
6.158596749653056577e+03
6.158622303461933370e+03
6.159065714346297682e+03
6.159191176999695926e+03
6.159242378427125004e+03
6.159256895219919897e+03
6.159320405946708888e+03
6.159346119269775954e+03
6.159789823208634516e+03
6.159803317977374718e+03
6.160087376317985218e+03
6.160110449152965884e+03
6.160539060095908098e+03
6.160571801074420364e+03
6.160634699894229925e+03
6.160655509338214870e+03
6.160807488293115057e+03
6.160898947585831593e+03
6.160986270856487863e+03
6.161246445850257260e+03
6.161289202981063681e+03
6.161374410059321235e+03
6.161387889493229522e+03
6.161429080641851215e+03
6.161483171863448661e+03
6.161806324802068957e+03
6.162398657780940994e+03
6.163108907542542511e+03
6.163121686849178332e+03
6.163692337978069190e+03
6.164226015561916938e+03
6.164300470353703531e+03
6.164374333102994569e+03
6.164383891221183148e+03
6.164617046504721657e+03
6.164996694634264713e+03
6.165288666425617521e+03
6.165349380442095935e+03
6.165460274893907808e+03
6.165494020829414694e+03
6.165568541849744179e+03
6.165655721751194505e+03
6.165655832680420644e+03
6.165723140060402329e+03
6.166716860737467869e+03
6.166851020414926097e+03
6.167036843075654360e+03
6.167249627903984219e+03
6.167301571410769611e+03
6.167362894760654854e+03
6.167432532364957297e+03
6.167595903579002879e+03
6.167982131711002694e+03
6.168417111946311707e+03
6.168508012455442440e+03
6.168586242752960970e+03
6.168756853081374175e+03
6.169008914268295484e+03
6.169587722855369066e+03
6.169780124607614198e+03
6.170078985653904965e+03
6.170571645942064606e+03
6.171741968381612423e+03
6.171977871079285251e+03
6.172081735837140513e+03
6.172373473959170951e+03
6.172378874911299135e+03
6.172449008056707498e+03
6.172473775253370150e+03
6.172486465665856485e+03
6.172614511082982972e+03
6.172730574465685095e+03
6.172921408030617386e+03
6.173045936277375404e+03
6.173083572793188068e+03
6.173541276904116785e+03
6.173888558274943534e+03
6.173889171070984048e+03
6.174056328991359806e+03
6.174507175424304478e+03
6.174602784264573529e+03
6.174815610639906481e+03
6.175151178150696978e+03
6.175258390600368330e+03
6.175278878181838081e+03
6.175332439242190958e+03
6.175728107511267808e+03
6.175790753609968306e+03
6.175845097248908132e+03
6.176042991790599444e+03
6.176382671516479604e+03
6.176582275708156885e+03
6.176663399142091293e+03
6.176988193942826911e+03
6.177131184233674503e+03
6.178003097156541116e+03
6.178042859956291068e+03
6.178194225962143719e+03
6.178203810272425471e+03
6.178379536184693279e+03
6.178480453049211974e+03
6.178535139247381267e+03
6.178651264585831086e+03
6.178664784121756384e+03
6.178750469070217150e+03
6.178858934016747298e+03
6.179036469004331593e+03
6.179163808255798358e+03
6.179413746740106944e+03
6.179553923840032439e+03
6.179660993168052300e+03
6.179721453100572035e+03
6.180163871700310665e+03
6.180338822979080760e+03
6.180542942657094500e+03
6.180784883080406871e+03
6.180868901833921882e+03
6.181051651034886163e+03
6.181168590043431323e+03
6.181178485315593207e+03
6.181673603109228679e+03
6.181731550986712136e+03
6.181879819059711735e+03
6.181903591645383131e+03
6.181986675542874764e+03
6.182004463857387236e+03
6.182347131642416571e+03
6.182418685591533176e+03
6.182442882714944972e+03
6.182719850776349631e+03
6.182773893112733276e+03
6.182822375098891825e+03
6.182850478917174769e+03
6.182874388891080343e+03
6.183123361108099743e+03
6.183161228192019735e+03
6.183192619989533341e+03
6.183285530830883545e+03
6.183485364826248770e+03
6.183869531094454942e+03
6.184067791443454553e+03
6.184079420630823734e+03
6.184393989744870851e+03
6.184579610391291681e+03
6.184646525802797441e+03
6.184745669936961349e+03
6.184889000067822963e+03
6.185683948841645361e+03
6.186090927013014152e+03
6.186547225891732523e+03
6.186735562347103951e+03
6.186807972785993115e+03
6.186845676857458784e+03
6.186921310020755300e+03
6.187142179176262289e+03
6.187158762485199077e+03
6.187206281998339364e+03
6.187506899679447997e+03
6.187701963716627688e+03
6.187909532364271399e+03
6.188014524031154906e+03
6.188019026006635613e+03
6.188041089073642070e+03
6.188522248931565628e+03
6.188717279567889818e+03
6.188736665801699928e+03
6.189121955568313751e+03
6.189473432843726187e+03
6.189506936167968888e+03
6.189760130641331671e+03
6.189906365861405902e+03
6.190136459672187812e+03
6.190148336083182585e+03
6.190930603372044061e+03
6.191361849922042893e+03
6.191482685826043053e+03
6.191734538516941029e+03
6.191899280036952405e+03
6.191953051883368971e+03
6.191968930824975359e+03
6.192207380285010004e+03
6.192289318799199464e+03
6.192345938658047089e+03
6.192617144021221975e+03
6.192790132045756764e+03
6.193211781757922836e+03
6.193494678615942576e+03
6.193672091061951505e+03
6.193699773363703571e+03
6.193879013112218672e+03
6.194255696189713490e+03
6.194278535283904603e+03
6.194331296524201207e+03
6.195143719583451457e+03
6.195350516738125407e+03
6.195475770680341157e+03
6.195579917842725081e+03
6.195597256159756398e+03
6.195619745905582931e+03
6.195632502154780923e+03
6.195848519466600919e+03
6.196456700150454708e+03
6.196492896918607585e+03
6.197163959900540249e+03
6.197685254101634200e+03
6.197923328480837881e+03
6.198694657332637689e+03
6.198984191057345015e+03
6.198995353102343870e+03
6.199094696851211665e+03
6.199166950703277507e+03
6.199578877296738028e+03
6.199756963217363591e+03
6.199912957257721246e+03
6.200509004185632875e+03
6.200685923237190764e+03
6.200759234813640433e+03
6.200844301467008336e+03
6.201154079585629916e+03
6.201298344608494517e+03
6.201368423357001120e+03
6.201499664941108676e+03
6.201837212839808672e+03
6.201889251933544983e+03
6.202338385033312079e+03
6.202422518231426693e+03
6.202744459924827424e+03
6.202997491348495714e+03
6.203497861389379068e+03
6.204187178520821362e+03
6.204332849593278297e+03
6.204433762835946254e+03
6.204467260388818431e+03
6.204774501642724317e+03
6.205074249997413062e+03
6.205378815034898253e+03
6.205551807090464536e+03
6.205805020793986841e+03
6.205822789278650816e+03
6.205886028785113012e+03
6.206027780124739365e+03
6.206066135577719251e+03
6.206411140065938525e+03
6.206580562894833747e+03
6.206667932409734021e+03
6.206802259402863456e+03
6.206846746898087076e+03
6.206902260330853096e+03
6.206906604198687091e+03
6.206932636798820567e+03
6.206955488623890233e+03
6.207275346582309794e+03
6.207631619344175306e+03
6.207670162393626015e+03
6.208103110935576296e+03
6.208592432428059510e+03
6.208686840857474635e+03
6.208688323620907795e+03
6.208727501397654123e+03
6.208748554608645463e+03
6.208959238081266449e+03
6.208999940299098853e+03
6.209340925471583432e+03
6.209387913326377202e+03
6.209685979355920608e+03
6.209782438600616842e+03
6.209878935845320484e+03
6.210038868736785844e+03
6.210410958519784799e+03
6.210502475095429872e+03
6.210532731146266087e+03
6.210562006336293052e+03
6.210908584961383895e+03
6.211134301510399382e+03
6.211800722870157188e+03
6.211913762970912103e+03
6.212070270502716085e+03
6.212090453973796684e+03
6.212577992286600420e+03
6.212619699769459658e+03
6.212778628133850361e+03
6.212813379092966898e+03
6.212870314919417979e+03
6.212921157757656147e+03
6.212930185182465721e+03
6.213372177540882149e+03
6.213500153095703354e+03
6.213516477518171087e+03
6.213632679856073082e+03
6.213762316663084675e+03
6.213763279585978125e+03
6.213950628900084666e+03
6.214760863074970075e+03
6.214787671241819226e+03
6.215181506756201088e+03
6.215184891579631767e+03
6.215517720535153785e+03
6.215917750680212521e+03
6.216096063985810360e+03
6.216279764502573016e+03
6.216531083195342944e+03
6.216795100398466275e+03
6.216822230331486026e+03
6.216892558052586537e+03
6.217067787598325594e+03
6.217268471192051038e+03
6.217624689235934966e+03
6.217669559199260220e+03
6.218337446607869424e+03
6.218999493296991204e+03
6.219177429928985475e+03
6.219982708750192614e+03
6.220032448143197144e+03
6.220297594048499377e+03
6.220603596544260654e+03
6.221016493087920935e+03
6.221026903599426987e+03
6.221028178419630422e+03
6.221283348519639731e+03
6.221412541504261753e+03
6.221465671662102977e+03
6.221527530372864931e+03
6.221571311590468213e+03
6.222109371646828549e+03
6.222543872779954654e+03
6.222790284860256179e+03
6.222893740346687082e+03
6.223049585734929678e+03
6.223111848595007359e+03
6.223128802275867201e+03
6.223224133231517953e+03
6.223425207915571264e+03
6.223566038007455063e+03
6.223684171552873522e+03
6.224848651638502815e+03
6.225236452936200294e+03
6.225412279607403434e+03
6.225481460496942418e+03
6.225614078341758614e+03
6.225623831258873906e+03
6.225660814785122056e+03
6.225787997230284418e+03
6.225983018139390879e+03
6.226260559765604739e+03
6.226328108747978149e+03
6.226379159567337410e+03
6.226386534829682205e+03
6.227060010587345459e+03
6.227264807143166763e+03
6.227441538452786517e+03
6.227735728675277642e+03
6.227797070573520614e+03
6.227874225004521577e+03
6.227995010789625667e+03
6.228136931807959627e+03
6.228160196402908696e+03
6.228488091836788044e+03
6.228812016966985539e+03
6.228956961215848423e+03
6.228988065767684020e+03
6.229104930134918504e+03
6.229637534174059510e+03
6.229676471293104441e+03
6.229741226409266346e+03
6.230695200052921791e+03
6.230797351171104310e+03
6.231036662300930402e+03
6.231302231582965760e+03
6.231750589705411585e+03
6.231841922222596622e+03
6.231853483270400829e+03
6.231909569611715597e+03
6.232055175681388391e+03
6.232169600690046536e+03
6.232290035334045569e+03
6.232429262919672510e+03
6.232910238539716374e+03
6.233741177039280046e+03
6.234244389325588600e+03
6.234504362387885521e+03
6.234658525520421790e+03
6.234709738545348046e+03
6.234751690784807579e+03
6.234871243075367602e+03
6.234876495882268500e+03
6.234902561981448343e+03
6.234979259636932511e+03
6.235391974340679553e+03
6.235460493598166067e+03
6.235498852017665740e+03
6.235633509255671925e+03
6.235888178652509851e+03
6.236063759346288862e+03
6.236368893913417196e+03
6.236676579724230578e+03
6.236687500503103365e+03
6.236929646338399834e+03
6.237008028492685298e+03
6.237385448677619934e+03
6.237859496130741718e+03
6.238036819414725869e+03
6.238181611959586917e+03
6.238190317813090587e+03
6.238468124911949417e+03
6.238845152406922352e+03
6.239129792120204002e+03
6.239225991386647365e+03
6.239239347111786628e+03
6.239493940129003931e+03
6.239785142300294865e+03
6.239797550177586345e+03
6.239903640982443903e+03
6.240404143188513444e+03
6.240703199694586147e+03
6.241386732462121472e+03
6.241408735511949999e+03
6.241658058721510315e+03
6.241783466614246208e+03
6.241990836517577918e+03
6.242055180341629239e+03
6.242139848613502181e+03
6.242403426029031834e+03
6.242520689939268777e+03
6.242612593446223400e+03
6.242983502745871192e+03
6.243335361822208142e+03
6.243338281219192140e+03
6.243631361659226968e+03
6.243819014829476146e+03
6.244174831969825391e+03
6.244253668991213999e+03
6.244353863884921338e+03
6.244410527719996026e+03
6.244543379227735386e+03
6.244572582320868605e+03
6.244600943247329269e+03
6.245111933582753409e+03
6.245188278476596679e+03
6.245471408457578946e+03
6.245684512293401895e+03
6.245785512222606485e+03
6.245819353411662632e+03
6.246466710137397968e+03
6.246501379310404445e+03
6.246793904143889449e+03
6.246885096006664753e+03
6.247072283205392523e+03
6.247231237156566749e+03
6.247244821559967022e+03
6.247564498471371735e+03
6.247665713825305829e+03
6.247949808690302234e+03
6.248161440026020500e+03
6.248565422539511928e+03
6.248847790945506858e+03
6.248905713466910129e+03
6.249060099196943156e+03
6.249143108605987436e+03
6.249223966416167059e+03
6.249466406454473145e+03
6.249561122805289415e+03
6.249747711016842914e+03
6.249827116761311117e+03
6.249859803721050412e+03
6.249943591158727941e+03
6.249957241330694160e+03
6.250109165098207995e+03
6.250172512177356111e+03
6.250378721588494955e+03
6.250574084665650844e+03
6.250968910591461281e+03
6.251144229397535128e+03
6.251344677243034312e+03
6.251427668012085633e+03
6.251533315851664156e+03
6.251655475279313578e+03
6.251818191335974007e+03
6.251971186366969960e+03
6.252037847973675525e+03
6.252604655915552030e+03
6.252739922163787924e+03
6.252786785242746191e+03
6.252788159658789482e+03
6.252977844194322643e+03
6.253107721031419715e+03
6.253223620314670370e+03
6.253352975480185705e+03
6.253371344300569945e+03
6.253533723921348610e+03
6.253572631152249414e+03
6.253616084277738992e+03
6.253728793835341094e+03
6.253868496934623181e+03
6.253869626437460283e+03
6.253955859563170634e+03
6.254017622636958549e+03
6.254385172418225011e+03
6.254388777386760012e+03
6.254603869412567292e+03
6.254913913374118238e+03
6.255331033789543653e+03
6.255359126243628452e+03
6.256375730642844246e+03
6.256417378235531032e+03
6.256888892639691221e+03
6.257008140997969349e+03
6.257135385187170868e+03
6.257379196100559966e+03
6.257423421667483126e+03
6.257870276643334364e+03
6.258110170401579126e+03
6.258178567414784993e+03
6.258240360999663608e+03
6.258601941680576601e+03
6.258702483589162512e+03
6.258785430527828794e+03
6.258940188756948373e+03
6.259625110588835923e+03
6.259728818969048007e+03
6.259831968391362352e+03
6.260230680696319723e+03
6.260312684334862752e+03
6.260348374119410437e+03
6.260572689611236456e+03
6.260699822385540756e+03
6.260857824995198825e+03
6.261006758156751857e+03
6.261199343285627037e+03
6.261386290720400211e+03
6.261435619385652899e+03
6.261500672780854075e+03
6.261521726373649471e+03
6.261523913157767311e+03
6.261727962897125508e+03
6.262002392281379798e+03
6.262484997447084424e+03
6.262491061343358524e+03
6.263061913048146380e+03
6.263111588712991761e+03
6.263161003228201480e+03
6.263191857093617728e+03
6.263234545095292560e+03
6.263984022861938683e+03
6.264185649648507024e+03
6.264328318915033378e+03
6.264484482296951683e+03
6.264634706158246445e+03
6.264659933585240651e+03
6.264704283551925982e+03
6.265197765021722262e+03
6.265231206884463063e+03
6.265271623525396535e+03
6.265519365275000382e+03
6.266245556012200723e+03
6.266988036484595796e+03
6.267124942246511637e+03
6.267330943250311066e+03
6.267387878011018984e+03
6.268127252483113807e+03
6.268228132066915350e+03
6.268404352299799939e+03
6.268608462855775542e+03
6.268668519098063371e+03
6.269005796851761261e+03
6.269601826669091679e+03
6.269875564938628486e+03
6.269989955938856838e+03
6.270154647738941094e+03
6.270263969696454296e+03
6.270311549320206723e+03
6.270640160534101597e+03
6.270893017085237261e+03
6.270941922142254043e+03
6.271475526103279662e+03
6.271542644893730539e+03
6.271675375379220895e+03
6.271703890613093790e+03
6.271731628735657978e+03
6.271882571876805741e+03
6.271924539792131327e+03
6.272359960119827520e+03
6.272648164229080066e+03
6.272903076571525162e+03
6.273068159784734235e+03
6.273322127071944124e+03
6.273418361042185097e+03
6.273464714491551604e+03
6.273471942041309376e+03
6.273609076935412304e+03
6.273620417966495552e+03
6.273807712033324606e+03
6.273864523566809112e+03
6.273909929416136947e+03
6.273932636075865048e+03
6.273973267735090303e+03
6.275414270964434763e+03
6.275535501578136973e+03
6.275601951773389374e+03
6.275605253382989758e+03
6.275968254245689423e+03
6.276004733098801808e+03
6.276078779398486404e+03
6.276100068501680653e+03
6.276568740772992896e+03
6.276578301189110789e+03
6.276658451590311415e+03
6.276986780470885606e+03
6.277441643757493694e+03
6.277446480579350464e+03
6.277525989745841798e+03
6.277924163575109560e+03
6.277992590260033467e+03
6.278178697738091614e+03
6.278540595718546683e+03
6.278989072734152614e+03
6.279291874272853420e+03
6.279413915781286050e+03
6.279461799047259774e+03
6.279595505361742653e+03
6.279687772761950328e+03
6.279886812642623227e+03
6.280088833209919358e+03
6.280124290574919542e+03
6.280169691391191009e+03
6.280669668060665572e+03
6.280743827544817577e+03
6.281015843798205424e+03
6.281145901897729345e+03
6.281296135667393173e+03
6.281321240968626626e+03
6.281947992793274352e+03
6.282159215004589896e+03
6.282310291136863270e+03
6.282660198442964429e+03
6.282714409420261291e+03
6.283106125994015201e+03
6.283141412697521446e+03
6.283319308503042521e+03
6.283368979074675735e+03
6.283419038497809197e+03
6.283721526596836156e+03
6.283778358388823108e+03
6.284030185649066880e+03
6.284126497425808338e+03
6.284174363011878995e+03
6.284201553624232474e+03
6.284358831490488228e+03
6.284448841506091412e+03
6.284462118544639452e+03
6.284515327881785197e+03
6.284640248903290740e+03
6.284701436001832008e+03
6.284738304274921575e+03
6.284739645874999042e+03
6.284745916004415449e+03
6.285050502228928053e+03
6.285319632043248930e+03
6.285841375669182526e+03
6.285846018535074109e+03
6.285920335881137362e+03
6.285964809151855661e+03
6.286150191562487635e+03
6.286257219100435577e+03
6.287002661123847247e+03
6.287030465164454654e+03
6.287047811324784561e+03
6.287290888199530855e+03
6.287800550485175336e+03
6.288032111750568220e+03
6.288265838767491914e+03
6.288362370366858158e+03
6.288919233828905817e+03
6.289208487249731661e+03
6.289421267880590676e+03
6.289568297851707030e+03
6.289720110370868497e+03
6.289747327332489476e+03
6.289996101398322935e+03
6.290009285038296184e+03
6.290134685211408396e+03
6.290626032732840940e+03
6.290661941604781532e+03
6.290700562242645901e+03
6.290837570046212022e+03
6.290857968191966393e+03
6.291186253706053321e+03
6.291195489914336576e+03
6.291388473591880938e+03
6.291654890456112298e+03
6.291654982571577420e+03
6.291698613093118183e+03
6.291785838966891788e+03
6.291857318845422924e+03
6.291861397446571573e+03
6.292307579884766710e+03
6.292599729031973766e+03
6.292881480131111857e+03
6.293058440638968932e+03
6.293429435794713754e+03
6.293502069838975331e+03
6.293770078149058463e+03
6.293900439126719903e+03
6.294244974748590721e+03
6.294373380204717250e+03
6.294423096110371262e+03
6.294776343465539867e+03
6.294782997421423715e+03
6.295024534579928513e+03
6.295252992868464389e+03
6.295422482141002547e+03
6.295471274740473746e+03
6.295653687116543551e+03
6.295874956941564960e+03
6.296486576806171797e+03
6.296631594208538445e+03
6.296722192910354352e+03
6.296809392765559096e+03
6.296907860335956684e+03
6.297097828358059814e+03
6.297112356890163937e+03
6.297821191342645761e+03
6.297889500545796182e+03
6.297902410885249083e+03
6.298025011532138706e+03
6.298216787030433807e+03
6.298329053760081479e+03
6.298946659853046185e+03
6.299046434968854555e+03
6.299122463073943436e+03
6.299203364785049416e+03
6.299421376077671084e+03
6.299970293102769574e+03
6.300014437168293625e+03
6.300092122510126501e+03
6.300152996704782709e+03
6.300297559340888256e+03
6.300748636080248616e+03
6.300801298010299433e+03
6.300818623353904513e+03
6.301040537773048527e+03
6.301725978696990751e+03
6.301954894707562744e+03
6.302076028675448470e+03
6.302097235619752610e+03
6.302604362767892781e+03
6.302698287845229061e+03
6.302718929455993020e+03
6.302776176065089203e+03
6.302966359505076070e+03
6.302976962148926759e+03
6.303268641907602614e+03
6.303272098595338321e+03
6.303316319609102720e+03
6.303371694799612669e+03
6.303634581032880305e+03
6.303881067682606954e+03
6.304551895251550377e+03
6.304566741447447384e+03
6.304722183335014961e+03
6.304984868018148518e+03
6.305079225077297451e+03
6.305265815267493963e+03
6.305464209279592978e+03
6.305504962936228367e+03
6.305763159922054001e+03
6.305824667962970125e+03
6.305829801722549746e+03
6.306001549327850626e+03
6.306143538337320024e+03
6.306285651088357554e+03
6.306295494526885705e+03
6.306582440279269576e+03
6.306628124131432742e+03
6.306884528831983516e+03
6.307096311929493822e+03
6.307450322244004383e+03
6.307871636634698916e+03
6.307989506074231940e+03
6.308125096448462500e+03
6.308171130775263919e+03
6.308270472250753301e+03
6.308589511420092094e+03
6.308757252148340740e+03
6.309042395316758302e+03
6.309467864718400051e+03
6.309470248922963947e+03
6.309490685163879789e+03
6.309690573874604524e+03
6.310153311249900980e+03
6.310590676354220705e+03
6.311050745130991345e+03
6.311245784137601731e+03
6.311504715277622381e+03
6.311716853644931689e+03
6.311878671539723655e+03
6.312040515130483072e+03
6.312443958868335358e+03
6.312866027951823526e+03
6.313001619990744075e+03
6.313494341323652407e+03
6.313637767677115335e+03
6.313938443166573052e+03
6.314028004143349790e+03
6.314086211769720649e+03
6.314248267404696890e+03
6.314369406440227067e+03
6.314403559682757987e+03
6.314499641936697117e+03
6.314666468851555692e+03
6.314714966480966723e+03
6.315235091771025509e+03
6.315832374779784914e+03
6.315955602440144503e+03
6.316049462426605714e+03
6.316132538384615145e+03
6.316166054528149289e+03
6.316387886629945569e+03
6.316427815833091699e+03
6.316429133257747708e+03
6.316590205898504792e+03
6.316953282277356266e+03
6.317585691184073767e+03
6.317641360166491722e+03
6.317668897628314880e+03
6.317741823604677847e+03
6.317820892167231250e+03
6.317902158101132045e+03
6.318261799587420683e+03
6.318310115571971437e+03
6.318420905788606433e+03
6.318907820949461893e+03
6.318976209262287739e+03
6.319095411100388446e+03
6.319356723329293345e+03
6.319582315410497358e+03
6.319794270934863562e+03
6.320054165945302884e+03
6.320710325039300187e+03
6.320785470433267619e+03
6.321807601775639341e+03
6.321894814419285467e+03
6.322176514993729143e+03
6.322558966262873582e+03
6.322593697037138554e+03
6.322615276393126805e+03
6.322719851237842704e+03
6.322810218992590308e+03
6.322888062994174106e+03
6.323392327056543763e+03
6.323686448079470210e+03
6.323790742426015640e+03
6.323969820285567948e+03
6.323995787382208619e+03
6.324358377246097007e+03
6.324417617405387318e+03
6.324436264420320185e+03
6.324457419278575799e+03
6.324547176853790916e+03
6.324694589486198311e+03
6.324714375606383328e+03
6.325004798076255611e+03
6.325509736050581523e+03
6.325660607789838650e+03
6.326119410993889687e+03
6.326202124234183430e+03
6.326204396544429073e+03
6.326207944399241569e+03
6.326328442343666211e+03
6.326785769675380834e+03
6.327110924553743644e+03
6.327145887554866022e+03
6.327187331016064491e+03
6.327487945349786969e+03
6.328022304528064524e+03
6.328249142655849028e+03
6.328268426682260724e+03
6.328358629200148243e+03
6.328466752571775032e+03
6.328500828546879347e+03
6.328661893649193189e+03
6.329043616978542559e+03
6.329110733552977763e+03
6.329310890304944223e+03
6.329497100127588965e+03
6.329682846615157359e+03
6.330529738965409706e+03
6.330764437777394050e+03
6.330982849659570093e+03
6.331100740644670623e+03
6.331251217998611537e+03
6.331480265554321704e+03
6.331618042185258673e+03
6.332007021164781690e+03
6.332099991445079468e+03
6.332133754594537095e+03
6.332203587350372800e+03
6.332249796297673129e+03
6.332439591701812788e+03
6.332455997197398574e+03
6.332860981493211511e+03
6.333028591578566193e+03
6.333096689063723716e+03
6.333181725582199761e+03
6.333635775048809592e+03
6.333980724947677118e+03
6.334398961842588506e+03
6.334456820800553032e+03
6.334593756654602657e+03
6.334755611490410047e+03
6.334780053197251618e+03
6.334922305939446233e+03
6.335221218709079949e+03
6.335562281092694320e+03
6.336109428534068684e+03
6.336483634487160089e+03
6.336659028548770948e+03
6.336822283937694920e+03
6.336866336838416828e+03
6.336973881675086886e+03
6.337354640650086367e+03
6.337366616519846502e+03
6.337790032891405644e+03
6.337832994401042015e+03
6.338212809758355434e+03
6.338270564164629832e+03
6.338671516164491550e+03
6.339049078163300692e+03
6.339308551743689350e+03
6.339421611541639322e+03
6.339976951749903492e+03
6.340110804632900908e+03
6.340224831586495384e+03
6.340570612648441966e+03
6.341210596372470718e+03
6.341339931613197223e+03
6.341586319010247280e+03
6.341817352119105635e+03
6.342184907064684921e+03
6.342368857379172368e+03
6.343042711240263998e+03
6.343122376805915337e+03
6.343652893693596525e+03
6.343778693877699880e+03
6.344224129945328059e+03
6.344426351412048461e+03
6.344442365316712312e+03
6.344640632138536603e+03
6.345180082028277866e+03
6.345292704454163868e+03
6.345553033693582620e+03
6.345871633215068869e+03
6.346478906053416722e+03
6.346598990195456281e+03
6.346780545394823093e+03
6.347492859415173371e+03
6.347512169189742053e+03
6.347655622847896666e+03
6.347748059316668332e+03
6.347772718202967553e+03
6.347832423486063817e+03
6.347847190149363087e+03
6.347960596571135284e+03
6.348061426318663507e+03
6.348168713342452975e+03
6.348325274075133166e+03
6.348363724175511379e+03
6.348371042530393424e+03
6.348457176689777953e+03
6.348775893528933921e+03
6.348849643748839298e+03
6.349009206570272909e+03
6.349057862582436428e+03
6.349511199156025214e+03
6.350687112330395394e+03
6.350846482476016718e+03
6.350938501480703962e+03
6.351271138552958291e+03
6.351336726594169704e+03
6.351429942353456681e+03
6.351452946894072738e+03
6.351873240897156393e+03
6.352250304276336465e+03
6.352260452602944497e+03
6.352542190165844659e+03
6.352559356271448451e+03
6.352568253905108577e+03
6.352617100492083409e+03
6.352828944080237306e+03
6.352842340162253095e+03
6.353450584806851111e+03
6.353863161238249631e+03
6.354041108139661446e+03
6.354152135953318975e+03
6.354698628766521324e+03
6.354728005646734346e+03
6.354840009073689544e+03
6.354937037935354965e+03
6.355044961308007260e+03
6.355193549283272660e+03
6.355499909250594101e+03
6.356174084681617387e+03
6.356243799249576114e+03
6.357028226906424607e+03
6.357177090336247602e+03
6.357281035305230034e+03
6.357331931428043390e+03
6.358200544324563452e+03
6.358438135091280856e+03
6.358586145304802812e+03
6.358712944300820709e+03
6.358805593591457182e+03
6.359119060213294688e+03
6.359384934914684891e+03
6.359558607115624000e+03
6.359562060848367764e+03
6.359598190551395419e+03
6.359828657491187187e+03
6.360104809154580835e+03
6.360379080678268110e+03
6.360570646019981723e+03
6.361145604055464901e+03
6.361363187263480540e+03
6.361466168607532381e+03
6.362029757830110611e+03
6.362748805029679716e+03
6.362978228183847932e+03
6.363022487037022984e+03
6.363035305869707372e+03
6.363306922901651888e+03
6.363348140988825435e+03
6.363889635000430644e+03
6.363941542607713018e+03
6.364011572206458368e+03
6.364633196133536330e+03
6.364717047139683018e+03
6.365585499377657470e+03
6.365636623742275333e+03
6.365728446810034256e+03
6.365925379315220198e+03
6.365995648541433184e+03
6.366300867697394096e+03
6.366482177022719043e+03
6.366603160282295903e+03
6.366771933386590717e+03
6.366983738079720752e+03
6.367102679431935940e+03
6.367385074937460558e+03
6.368158624406310992e+03
6.368242693993887769e+03
6.368576117611444715e+03
6.368946126157513390e+03
6.369055047400200237e+03
6.369110299027444853e+03
6.369349745896176501e+03
6.369770562321999023e+03
6.370071269414021117e+03
6.370107010691413961e+03
6.370320436117121062e+03
6.370467049791545833e+03
6.370570373991194174e+03
6.370580831354011934e+03
6.370592519422611076e+03
6.370615502085992375e+03
6.370635043688082988e+03
6.370776926198283945e+03
6.371177546290407008e+03
6.371728617895984826e+03
6.371962217710815821e+03
6.372112186209439642e+03
6.372134437622424230e+03
6.372819765734931025e+03
6.372853290900134198e+03
6.372950272057718394e+03
6.373113508884355724e+03
6.373535717151703466e+03
6.373539649450353863e+03
6.373544405969235413e+03
6.373770912768979542e+03
6.373823581485665272e+03
6.373982029104070534e+03
6.374119993627262375e+03
6.374263286105413499e+03
6.374293835113696332e+03
6.374550698250682217e+03
6.375874378349330073e+03
6.376061598755753039e+03
6.376440247343119154e+03
6.376517835740842202e+03
6.377007202159818917e+03
6.377239599759577686e+03
6.377842694871545973e+03
6.378187954001122307e+03
6.378237415657336896e+03
6.378250684794904373e+03
6.378522951654930694e+03
6.378546469674240143e+03
6.378693552613793145e+03
6.379069166755654805e+03
6.379455720054744233e+03
6.379708591968445035e+03
6.379818657097477626e+03
6.380269086924452495e+03
6.380802599924926653e+03
6.381250811308699667e+03
6.381538125787102217e+03
6.381886460292141237e+03
6.381978736366674639e+03
6.382465527482219841e+03
6.382487733119070981e+03
6.382969443724687153e+03
6.383399230205981439e+03
6.383575551854120022e+03
6.383646040874008577e+03
6.383799305559102322e+03
6.384232622178073143e+03
6.384288315951906043e+03
6.384388438658473206e+03
6.384600770827860288e+03
6.384740769098249075e+03
6.384777249761259554e+03
6.385227018095642052e+03
6.385374221714294436e+03
6.385382163548112658e+03
6.385520652141687606e+03
6.385836272347136401e+03
6.387046090487991933e+03
6.387152823833456750e+03
6.387198636404478748e+03
6.387257992182879207e+03
6.387285127665638356e+03
6.387523550472350507e+03
6.387555589774977307e+03
6.387592802599669085e+03
6.387714033814579125e+03
6.387824947556101506e+03
6.388419682733006994e+03
6.388497884095193513e+03
6.388684308063253411e+03
6.388717171485502149e+03
6.388794964114862523e+03
6.388864578495511523e+03
6.388899075327556602e+03
6.389091287205471417e+03
6.389283427416427912e+03
6.389392365703993164e+03
6.389800937156809596e+03
6.390133613865006737e+03
6.390349661100377489e+03
6.390651378991586171e+03
6.390914024495576086e+03
6.391000614718495854e+03
6.391177105083979768e+03
6.391443940384330745e+03
6.391558150331985416e+03
6.392029746195885309e+03
6.392176494338643352e+03
6.392291282430026513e+03
6.392307673095921928e+03
6.392514512057920911e+03
6.393226982461067564e+03
6.393566305264484072e+03
6.393685672766776406e+03
6.393798763003773274e+03
6.393875481196565488e+03
6.393920396793770124e+03
6.394200112683637599e+03
6.394204413073450269e+03
6.394353711111783923e+03
6.394661781218956094e+03
6.395221598747691132e+03
6.395497563916880608e+03
6.395955911678913253e+03
6.396520954893888302e+03
6.396531171074549093e+03
6.396539072576282706e+03
6.396558556916971611e+03
6.397438350859010825e+03
6.397598348029242516e+03
6.397655394489379432e+03
6.397684352138238864e+03
6.397912261595512973e+03
6.397934832525410457e+03
6.398188093071265939e+03
6.398265529452228293e+03
6.398560534978862052e+03
6.398734623868448580e+03
6.399421429418236585e+03
6.399458307309449083e+03
6.399813474579712420e+03
6.399911527019601635e+03
6.399961269637758051e+03
6.400638574242347204e+03
6.401198633050077660e+03
6.401367643378038338e+03
6.401601577466249182e+03
6.401672460985117141e+03
6.402116012972544922e+03
6.402221806713303522e+03
6.402502211985384747e+03
6.402633923667584895e+03
6.402736885588990845e+03
6.403882279943222784e+03
6.403949931305054633e+03
6.404040665936400728e+03
6.404073996111269480e+03
6.404142179128432872e+03
6.404295884274989476e+03
6.404411683026462015e+03
6.404746620440355400e+03
6.404955416109118232e+03
6.405215015247649717e+03
6.405254347215653979e+03
6.405394176246556526e+03
6.406065983061732368e+03
6.406081582870945567e+03
6.406411127437262621e+03
6.406549857417212479e+03
6.406564984239467776e+03
6.406572858303106841e+03
6.406628559152384696e+03
6.406859149175678795e+03
6.406962642964281258e+03
6.407019398433692004e+03
6.407210603744735636e+03
6.407751105350936996e+03
6.407779132417679648e+03
6.408027028744065319e+03
6.408240117977750742e+03
6.408254977883807442e+03
6.408317909483458607e+03
6.408821060436262997e+03
6.408960883432996525e+03
6.409446312665254482e+03
6.409452318371481851e+03
6.409460282796123465e+03
6.409595868949452779e+03
6.409965281449976828e+03
6.409968515961447338e+03
6.410373281344821407e+03
6.411214069093713078e+03
6.411488285531520887e+03
6.411677592568426007e+03
6.412343369476376211e+03
6.412419604035936572e+03
6.412592352608548026e+03
6.412710232326625373e+03
6.413011560724777155e+03
6.413084973349917163e+03
6.413531426414534508e+03
6.413664470820586757e+03
6.414324231192691514e+03
6.414416298922069473e+03
6.414689104488288649e+03
6.414772111744681752e+03
6.415186035865026497e+03
6.415252966561325593e+03
6.415295290637511243e+03
6.415401187439229943e+03
6.416168873886890651e+03
6.416207546912388352e+03
6.416539002352032185e+03
6.416923255088092446e+03
6.417143532157831942e+03
6.417320663745425918e+03
6.417608116823693308e+03
6.417620415915711419e+03
6.417646996572369062e+03
6.418040015622083956e+03
6.418228094571620204e+03
6.418343232294635527e+03
6.418356778360878707e+03
6.418726155067078253e+03
6.418731249650111749e+03
6.418921846117696987e+03
6.419230581716122288e+03
6.419294957496903407e+03
6.419357405471177117e+03
6.419493017104015053e+03
6.419782615204672766e+03
6.419992844726142721e+03
6.420121421163011291e+03
6.420682387207069041e+03
6.421293329406132216e+03
6.421297836854843808e+03
6.421881210494185325e+03
6.422141098163183415e+03
6.422203125651056325e+03
6.422531003067617348e+03
6.422768278225229551e+03
6.422816051044935193e+03
6.423094088292881679e+03
6.423498331550996227e+03
6.423981953213660745e+03
6.424002679244644241e+03
6.424208377126607957e+03
6.424218582064002476e+03
6.424273275456301235e+03
6.424349257541684892e+03
6.424750215080408452e+03
6.425016984340800263e+03
6.425060935009330933e+03
6.425072089567042894e+03
6.425082604881317820e+03
6.425661968008605982e+03
6.425709425125238340e+03
6.425777429527684035e+03
6.425986627244335978e+03
6.426128686842135721e+03
6.426164579736015185e+03
6.426508114115454191e+03
6.427325747750292066e+03
6.427331281200267767e+03
6.427451759432780818e+03
6.428143177532993832e+03
6.428146812344902173e+03
6.428200916973015410e+03
6.428577782128551007e+03
6.428745751365569049e+03
6.428932450332409644e+03
6.428997762007292295e+03
6.429200306859852390e+03
6.429478623179300484e+03
6.429745016459832186e+03
6.429947465804159037e+03
6.430268333097891627e+03
6.430287530829089519e+03
6.430425517871996817e+03
6.430491412749510346e+03
6.430581671659182575e+03
6.430683557346666930e+03
6.430905397188957068e+03
6.430971336992577562e+03
6.431269597544142925e+03
6.431431436894273247e+03
6.431441271410870286e+03
6.431730241724792904e+03
6.432012440296261047e+03
6.432034772273032104e+03
6.432083751252235743e+03
6.432292616533922228e+03
6.432589606593414828e+03
6.432716735132236863e+03
6.433724586920421643e+03
6.433900207716191289e+03
6.434068248016972575e+03
6.434081411209526777e+03
6.434147087031527917e+03
6.434500902437453988e+03
6.434679433630053609e+03
6.434708773675781231e+03
6.434733132259575541e+03
6.434920350320991929e+03
6.435140198311427412e+03
6.435373516009634841e+03
6.435564748095279356e+03
6.435937622071081933e+03
6.436351080294780331e+03
6.436378832086415969e+03
6.436465934721849408e+03
6.436620841064899651e+03
6.436776982110112840e+03
6.436936020958718473e+03
6.436988696745342168e+03
6.437069721274347103e+03
6.437420658710641874e+03
6.437441508877242086e+03
6.437884798761584534e+03
6.437972676586548005e+03
6.437979658987616858e+03
6.438211658076411368e+03
6.438853427297392955e+03
6.439342843715201525e+03
6.439486507085319317e+03
6.439500603908008088e+03
6.439601768019615520e+03
6.439656001594245026e+03
6.439794534611445670e+03
6.439876816273048462e+03
6.440207618168154113e+03
6.440528982148574869e+03
6.440530583612127884e+03
6.440592419575065833e+03
6.441118905853191791e+03
6.441139494785280476e+03
6.441141375322508793e+03
6.441320243323541945e+03
6.441655081990340477e+03
6.441745507611414723e+03
6.441876035058533489e+03
6.441895129995639763e+03
6.442007006112960880e+03
6.442111862306792318e+03
6.442218937246352652e+03
6.442326958286639638e+03
6.442645141854985923e+03
6.443101837907318441e+03
6.443114981315065052e+03
6.443171962442679614e+03
6.443578613578787554e+03
6.443906026386145641e+03
6.444337207010914426e+03
6.444676121568186318e+03
6.444749812459724126e+03
6.444930327628173472e+03
6.445005199016664847e+03
6.445515800428642251e+03
6.445796548369771699e+03
6.446000585102651712e+03
6.446418737974041505e+03
6.446574343492513435e+03
6.446634725305415486e+03
6.446641772320482232e+03
6.446668014936371947e+03
6.446781755992825310e+03
6.446790592151060991e+03
6.446833554369374724e+03
6.446887149423052506e+03
6.446896757361509117e+03
6.446935793418379944e+03
6.446989552898138754e+03
6.447491614834214488e+03
6.447964453078678162e+03
6.448329660248696200e+03
6.448355868891085265e+03
6.448912442391856530e+03
6.449100891753095311e+03
6.449139241045263589e+03
6.449450524706203396e+03
6.449850530999686271e+03
6.449900187534432007e+03
6.450203122441643245e+03
6.450432224142466112e+03
6.450671392106468375e+03
6.450958221773689729e+03
6.451106110708420601e+03
6.451384533029839076e+03
6.451463040430679939e+03
6.451508126550687848e+03
6.451752258737717966e+03
6.452027345407130269e+03
6.452235719021056866e+03
6.452340865439554364e+03
6.452655493574964567e+03
6.452768644154432877e+03
6.453538475010357615e+03
6.454215736588063919e+03
6.454355999486502697e+03
6.454383837371328809e+03
6.454443987054591162e+03
6.454583887233625319e+03
6.454692560220234554e+03
6.454890546262877251e+03
6.455028190289040140e+03
6.455188948767022339e+03
6.455224256645069545e+03
6.455305095759022151e+03
6.455507479890579816e+03
6.456076675384028022e+03
6.456145024317164825e+03
6.456171032060964535e+03
6.456323908831204790e+03
6.456536823373339757e+03
6.456574761204695278e+03
6.456664103888317186e+03
6.456841784901694155e+03
6.456918272691915263e+03
6.456973271792717242e+03
6.456998278113913329e+03
6.457675827809790462e+03
6.457862603017204492e+03
6.457957959952552301e+03
6.458186017210105092e+03
6.458638383541124313e+03
6.458839455591440128e+03
6.459522819484392130e+03
6.459726100659991062e+03
6.460738993856083653e+03
6.461213756374112563e+03
6.461431697567769334e+03
6.461697602727588674e+03
6.461702471268089539e+03
6.462352149041431403e+03
6.462687041703409704e+03
6.462843268694432481e+03
6.463028904377577419e+03
6.463133192651966056e+03
6.463144652052799756e+03
6.463273386295084492e+03
6.463364356113743270e+03
6.463391716685357096e+03
6.463432678701607074e+03
6.463578638174057232e+03
6.464072705779568423e+03
6.464198622702944704e+03
6.464214370040830545e+03
6.464282395825403000e+03
6.464644599048963755e+03
6.465041902447595021e+03
6.465114970592511781e+03
6.465559090750349242e+03
6.465601283965595030e+03
6.465623008884374030e+03
6.465852002629216258e+03
6.466058688634840109e+03
6.466205105732286029e+03
6.466264414595664675e+03
6.466423891149577685e+03
6.467174565485564017e+03
6.467442818532196725e+03
6.467477889374579718e+03
6.467486623931225040e+03
6.467852590031198815e+03
6.467951040856077270e+03
6.468179421212334091e+03
6.468410705165510080e+03
6.468666974953262979e+03
6.468774316129399267e+03
6.468970520662554009e+03
6.469182530893345756e+03
6.469515475887121283e+03
6.469632820054535841e+03
6.469914540183061945e+03
6.470248259844318454e+03
6.470261210260625376e+03
6.470640104665127183e+03
6.470658239208352825e+03
6.471308517375136034e+03
6.471628382018451703e+03
6.471724313391899159e+03
6.471921197555079743e+03
6.471997729166719182e+03
6.472525711767711982e+03
6.472640066655895680e+03
6.472679324630038536e+03
6.473091496433038628e+03
6.473412033488640191e+03
6.473448660179838953e+03
6.473491994834318575e+03
6.473950270101108799e+03
6.474035109912609187e+03
6.474421431064097305e+03
6.474699486670202532e+03
6.474829534033063283e+03
6.475108974841024974e+03
6.475536697517146422e+03
6.475599162567018539e+03
6.475781168906251878e+03
6.475883054525885200e+03
6.476095644902036838e+03
6.476131006518910908e+03
6.476215857227642118e+03
6.476317617807386341e+03
6.476497498338733749e+03
6.476692630428456141e+03
6.476875286326005153e+03
6.477205843914675825e+03
6.477453065930700177e+03
6.477506842122932539e+03
6.477600894647803216e+03
6.478157779489658424e+03
6.478502933255520475e+03
6.478839416438478111e+03
6.479048466409572029e+03
6.479140045565228320e+03
6.479187299868362061e+03
6.479513682959848666e+03
6.480106405652724789e+03
6.480447885892482191e+03
6.480735978949078344e+03
6.480913370789864530e+03
6.480916280379744421e+03
6.481028957548430299e+03
6.481145165690481917e+03
6.481387431660676157e+03
6.481620040125157175e+03
6.482228628276345262e+03
6.482244545234703764e+03
6.482356245332337494e+03
6.482371237289144119e+03
6.482555729463117132e+03
6.482771506671576390e+03
6.482818729029671886e+03
6.482824531097429826e+03
6.482840040931941985e+03
6.482886085139663919e+03
6.482910549645463107e+03
6.482948014632737795e+03
6.483235280941361452e+03
6.483246662149177610e+03
6.483400904085885486e+03
6.483494199821279835e+03
6.483750113357342343e+03
6.483877455156822180e+03
6.484204624468375187e+03
6.484355603902455186e+03
6.484536986895484915e+03
6.484588235726561834e+03
6.485081741414414864e+03
6.485230913967020570e+03
6.485399618549096886e+03
6.486101659218599707e+03
6.486165797578464662e+03
6.486289928330147632e+03
6.487217532833205041e+03
6.487317829288752364e+03
6.487516071891110187e+03
6.487692620565563629e+03
6.487890699722021054e+03
6.488182992178954009e+03
6.488416359345127603e+03
6.488714098076115079e+03
6.489013416192406112e+03
6.489021944958284621e+03
6.489071447131848799e+03
6.489127939414097455e+03
6.489155095564199655e+03
6.489373716228486046e+03
6.490007373591928626e+03
6.490089731179834416e+03
6.490214512930909223e+03
6.490619867243734006e+03
6.490688416750708711e+03
6.490721807259055822e+03
6.490933508354627520e+03
6.491313427166013753e+03
6.492121835075901799e+03
6.492325885187897256e+03
6.492513444685286231e+03
6.492707947115033676e+03
6.493198341856259503e+03
6.493281859790902672e+03
6.493392601981904591e+03
6.493409015505335447e+03
6.494078009389705585e+03
6.494433176337292025e+03
6.494453867479612200e+03
6.494545002561038018e+03
6.494591210741486975e+03
6.494946700994990351e+03
6.495051694071753445e+03
6.495239142516024003e+03
6.495428943658805110e+03
6.495477781944216986e+03
6.495478174234138351e+03
6.495495648345215159e+03
6.495598542199071744e+03
6.495737444546386541e+03
6.495861927891048254e+03
6.495940731834472899e+03
6.495994567430743700e+03
6.496037483461618649e+03
6.496119750037843005e+03
6.496176410977725027e+03
6.496428758551875035e+03
6.496576449251730082e+03
6.496852689289925365e+03
6.496909143240302001e+03
6.497266462750001665e+03
6.497338879507724414e+03
6.497359051681491110e+03
6.497551934157719188e+03
6.497787441836464495e+03
6.497855986400986694e+03
6.497864098527791612e+03
6.498081834828651154e+03
6.498218691044752632e+03
6.498249389558115581e+03
6.498325130180656743e+03
6.498724723824347166e+03
6.498780150864085044e+03
6.498898768919670147e+03
6.499170027634887447e+03
6.499221710305157103e+03
6.499243127172409913e+03
6.499397824061729807e+03
6.499789685492110038e+03
6.499854999855177084e+03
6.499936874872450062e+03
6.500342571571659391e+03
6.500394791348818217e+03
6.500598926943505830e+03
6.500728633456576972e+03
6.500761201486729988e+03
6.500924435306346822e+03
6.501191323897934126e+03
6.501458336344220697e+03
6.502351133629871583e+03
6.502428912417425636e+03
6.502515575487595925e+03
6.502548728729299910e+03
6.502800468282572183e+03
6.502988382841889688e+03
6.503320979874234581e+03
6.504105657645567589e+03
6.504245126986061223e+03
6.504383559094439988e+03
6.504488249507932778e+03
6.504637786651960596e+03
6.504653050109851392e+03
6.504881339309803479e+03
6.504997629760765449e+03
6.505193603046122917e+03
6.505563223901540368e+03
6.505723119699145172e+03
6.505857450145380426e+03
6.505930239570761842e+03
6.506049118725464723e+03
6.506355655512646081e+03
6.506926392293325080e+03
6.507077922537924678e+03
6.507086858980074794e+03
6.507443754672473915e+03
6.507769197454299501e+03
6.507933317864117271e+03
6.507939652558080525e+03
6.507962933394542233e+03
6.508008731010338124e+03
6.508016258284593277e+03
6.508591703280689217e+03
6.508653142937482698e+03
6.508735891927028206e+03
6.508866574501460491e+03
6.509143365123115473e+03
6.509422610619475563e+03
6.509620711545089762e+03
6.509755012497088501e+03
6.509771698330667277e+03
6.510056016303579781e+03
6.510085329620788798e+03
6.510142770396461856e+03
6.510240744390583131e+03
6.510383701838912202e+03
6.510619277408185553e+03
6.510749135047173695e+03
6.511600565043390816e+03
6.511670460622670362e+03
6.511936705594974228e+03
6.512114791476896244e+03
6.512265849342065849e+03
6.512328091747621329e+03
6.512391452291964924e+03
6.512483047697171060e+03
6.512568470574585263e+03
6.512726004427155203e+03
6.513158751794988348e+03
6.513257002039884355e+03
6.513333340215172029e+03
6.513735229413593515e+03
6.513841677717507082e+03
6.514010266069220961e+03
6.514167288922209991e+03
6.514236840548322107e+03
6.514572887136340796e+03
6.514804092279852739e+03
6.514915967365473080e+03
6.514964720406987908e+03
6.515318360176380338e+03
6.515472607881636577e+03
6.515651924461700219e+03
6.515716619333059498e+03
6.515806749525157102e+03
6.516073620232494250e+03
6.516319532190866084e+03
6.516545921163163257e+03
6.516656583742702423e+03
6.516683429710904420e+03
6.516960042817966496e+03
6.517356851573676977e+03
6.517434797032316055e+03
6.517560118978725768e+03
6.517566948835540643e+03
6.517746156208285356e+03
6.517759413247941666e+03
6.517860836291730266e+03
6.517951037822088438e+03
6.518021739518888353e+03
6.518274734968491430e+03
6.518288187171302525e+03
6.518363286621352017e+03
6.518628437499714892e+03
6.518661087929149289e+03
6.518689628129363882e+03
6.518825997976276994e+03
6.519387115819766223e+03
6.519397253002331126e+03
6.519464604761569717e+03
6.519704720894369530e+03
6.520222774708088764e+03
6.520498650079326580e+03
6.520687245065252682e+03
6.520706624601061776e+03
6.520925073532935130e+03
6.520931892633981079e+03
6.521443885340217093e+03
6.521517649585843174e+03
6.521619331638720723e+03
6.521691459585987104e+03
6.521823866819388059e+03
6.521882999580998330e+03
6.521972613476665174e+03
6.522178259842856278e+03
6.522258788988531705e+03
6.522527843067288813e+03
6.522564650496950890e+03
6.522590011594287716e+03
6.522653711488546833e+03
6.522712914861791432e+03
6.522761148736639370e+03
6.522922840434803220e+03
6.523370158563095174e+03
6.523565543158846594e+03
6.523789454243477849e+03
6.523995429851278459e+03
6.524024964754604298e+03
6.524273435842792424e+03
6.524349708280466075e+03
6.524401094690661012e+03
6.524575718013540609e+03
6.524716683662521973e+03
6.524787873499330999e+03
6.524986530331223548e+03
6.525010229384070954e+03
6.525291977900131315e+03
6.525316137364060523e+03
6.525319404939729793e+03
6.525469089533073202e+03
6.525677377942147359e+03
6.526147878507908899e+03
6.526361392845331466e+03
6.526664317752408351e+03
6.527534010002273135e+03
6.528081373020850151e+03
6.528200891450266681e+03
6.528306181264633778e+03
6.528452192902956995e+03
6.528800344916292488e+03
6.528801727192966609e+03
6.529094590173765937e+03
6.529354968310839467e+03
6.529390798285491655e+03
6.529871670523926696e+03
6.529985239238794748e+03
6.530103508205526850e+03
6.530390248952369802e+03
6.530544368786191626e+03
6.530613272630223946e+03
6.530643496871464777e+03
6.530656581206943883e+03
6.530672831864242653e+03
6.531164694208070614e+03
6.531360308710990466e+03
6.531411233661667211e+03
6.531471051145360434e+03
6.531695908012125983e+03
6.531696613567909480e+03
6.532308115854476455e+03
6.532414493403357483e+03
6.532416649594373666e+03
6.532458080608995260e+03
6.532507516688848227e+03
6.532598694286028149e+03
6.532669451540244154e+03
6.532670444342829796e+03
6.533062173665646696e+03
6.533382990848227564e+03
6.533427067154621909e+03
6.533562544525835619e+03
6.533566637973461184e+03
6.533573836240564560e+03
6.533662094476789207e+03
6.533713461059229303e+03
6.533767995324677031e+03
6.533809750724362857e+03
6.533817916273266746e+03
6.533905309609673168e+03
6.533989057479500843e+03
6.534236353793938179e+03
6.534309211300175775e+03
6.534548782542993649e+03
6.534613890888897004e+03
6.535239677582532750e+03
6.535473646335218291e+03
6.535580268302665900e+03
6.535748497167079222e+03
6.535865469192781347e+03
6.536222588529270979e+03
6.536246870588812271e+03
6.536703252916448946e+03
6.536778899097385874e+03
6.537110467459526262e+03
6.537166871628791341e+03
6.537356929668990233e+03
6.537759317671941062e+03
6.537895674994484580e+03
6.537903817463809901e+03
6.537971909952170790e+03
6.538171320039807142e+03
6.538613493399107938e+03
6.538672582167789187e+03
6.538890568926984088e+03
6.538962619808893578e+03
6.538997512154951437e+03
6.539150331667611681e+03
6.539161971511809497e+03
6.539311179089930192e+03
6.539935857438032144e+03
6.539960581358563104e+03
6.540452511820042673e+03
6.540750610159631833e+03
6.540763070692966721e+03
6.541493581420362716e+03
6.541496567692836834e+03
6.541905292741630547e+03
6.542043505124421245e+03
6.542775968295196435e+03
6.543177948263102735e+03
6.543718572523814146e+03
6.543931613818357619e+03
6.543955401059878568e+03
6.544217902334502469e+03
6.544382005312476394e+03
6.544725476237133989e+03
6.544771375914437158e+03
6.544938076029849981e+03
6.544970162921771589e+03
6.545229422764160518e+03
6.545234854342889776e+03
6.545353932918129431e+03
6.545366322638625206e+03
6.545511916160968212e+03
6.545565075358332251e+03
6.545717236700805188e+03
6.545913486825997097e+03
6.546342638069603709e+03
6.546357827509084018e+03
6.546856657093571812e+03
6.547058512794374110e+03
6.547173638236989063e+03
6.547299701320574968e+03
6.547887409481205395e+03
6.547945182294321057e+03
6.548004908181351311e+03
6.548093648245208897e+03
6.548340954989475904e+03
6.548497873827824151e+03
6.548598541336325980e+03
6.549021929461673608e+03
6.549043009515778067e+03
6.549460885952806166e+03
6.549626495304249147e+03
6.550482240964113771e+03
6.550752907460446295e+03
6.550800911642589199e+03
6.551152675091846504e+03
6.551279870251731154e+03
6.551568109019405711e+03
6.551856616716663666e+03
6.551982245144074113e+03
6.552052889346900884e+03
6.552121996669114196e+03
6.552407879687799323e+03
6.552588204370138556e+03
6.552736261311754788e+03
6.553448587486374890e+03
6.553717569873636421e+03
6.553883211741876039e+03
6.553932362545004253e+03
6.554030159857999024e+03
6.554077025432938171e+03
6.554121341307341027e+03
6.554179495171489179e+03
6.554236805569005810e+03
6.554482380200168336e+03
6.554748921043085829e+03
6.554823476384795867e+03
6.554934509622069527e+03
6.554973430527641540e+03
6.555107431571860616e+03
6.555187993444083986e+03
6.555596165455431219e+03
6.555628505414113533e+03
6.555704340285791659e+03
6.556326122814418341e+03
6.556360560090503895e+03
6.556404962427860482e+03
6.556463315042274189e+03
6.556868082528924788e+03
6.557029166261839237e+03
6.557066386261607477e+03
6.557200393476862700e+03
6.557330127859922868e+03
6.558014963908864956e+03
6.558061691162018178e+03
6.558106004251108970e+03
6.558252480929242665e+03
6.558443443390381617e+03
6.558477105831750123e+03
6.558609262288053287e+03
6.558902364449760171e+03
6.558922199577172250e+03
6.558991285930617778e+03
6.558991850093384528e+03
6.559499883781815697e+03
6.559672518809135909e+03
6.559853376493515498e+03
6.560034836134696889e+03
6.560185165766733917e+03
6.560306663154342459e+03
6.560376872575534435e+03
6.560393931731924567e+03
6.560518862838570385e+03
6.560576742468300836e+03
6.560760026419442511e+03
6.560932139875056237e+03
6.560947202666109661e+03
6.561033912332659384e+03
6.561248193075490235e+03
6.562187136824203662e+03
6.562473549976436516e+03
6.562664361739629385e+03
6.563051821822556121e+03
6.563103587682856414e+03
6.563533473885323474e+03
6.563545754327073155e+03
6.563780587825940529e+03
6.563957030652796675e+03
6.564018809459445947e+03
6.564146154794081667e+03
6.564187054792506387e+03
6.564406572091725138e+03
6.564726362546085511e+03
6.565153291255302975e+03
6.565176762588378551e+03
6.565416381826686120e+03
6.565686547037684250e+03
6.565770713304768833e+03
6.566042959697820152e+03
6.566096327361597105e+03
6.566120928874720448e+03
6.566274014576870286e+03
6.566491545688993938e+03
6.566921692869125764e+03
6.567042793043966412e+03
6.567098857602710268e+03
6.567259487110733062e+03
6.567275184169470776e+03
6.567578243437817036e+03
6.567683965756944417e+03
6.568343587430033040e+03
6.568386080720420068e+03
6.568598153983173688e+03
6.568630530226831979e+03
6.568642681725717921e+03
6.568817006249395490e+03
6.568824768189777387e+03
6.569496605907410412e+03
6.569697316815628255e+03
6.569807759902852013e+03
6.570029043438935332e+03
6.570046425434296907e+03
6.570137121824394853e+03
6.570376439130879589e+03
6.570433105754774260e+03
6.570825304492223040e+03
6.570859438137492361e+03
6.571124679223017665e+03
6.571242224671290387e+03
6.571377304755950718e+03
6.571402031259521209e+03
6.571430940426585039e+03
6.571468983441937780e+03
6.571617969878701842e+03
6.571848190359567525e+03
6.572036821165807851e+03
6.572083800944598806e+03
6.572327997372141908e+03
6.572627045079986601e+03
6.572891376691996811e+03
6.572982316017711128e+03
6.573154802979602209e+03
6.573590573958967980e+03
6.573610310109990678e+03
6.573712984119215434e+03
6.573767331563598418e+03
6.573817987826519129e+03
6.574068766751790463e+03
6.574342531802701160e+03
6.574406946343343407e+03
6.574529972282358358e+03
6.574598021079627870e+03
6.574786978639703193e+03
6.574870149993964333e+03
6.574939591869761898e+03
6.575115477612113864e+03
6.575239567666440962e+03
6.575317742727370387e+03
6.575348116127158391e+03
6.575468416708981749e+03
6.575629363108268080e+03
6.575818452362603239e+03
6.575970637697969323e+03
6.576085783390924917e+03
6.576133987168735985e+03
6.576184169385104724e+03
6.576184825267693668e+03
6.576202528871888717e+03
6.576484266984133683e+03
6.576696918443601135e+03
6.576719408229752844e+03
6.576742960134293753e+03
6.577430605930770980e+03
6.577682834507080770e+03
6.577941361367897116e+03
6.577994822419371303e+03
6.578092071237530035e+03
6.578155423518062889e+03
6.578238384073028101e+03
6.578909249599633768e+03
6.578979479694493421e+03
6.579005717645848563e+03
6.579071847312916361e+03
6.579222665484428035e+03
6.579475096893078444e+03
6.579539296339799876e+03
6.580023428865525602e+03
6.580685806898597548e+03
6.580951494270553667e+03
6.581031620906125681e+03
6.581396558316617302e+03
6.581631483304317044e+03
6.581747769766535384e+03
6.581891757464873081e+03
6.581994985617247949e+03
6.582125037789757698e+03
6.582167778227053532e+03
6.582280642837594314e+03
6.582343484161164270e+03
6.582481601071798650e+03
6.582658901650718690e+03
6.582777064283073742e+03
6.583245272769845542e+03
6.583340685843461870e+03
6.583610392443601086e+03
6.583737381582511262e+03
6.584132884243676926e+03
6.584332809440241363e+03
6.585187340781095372e+03
6.585341113932536246e+03
6.585462644026649286e+03
6.585565141728338858e+03
6.585705451187716790e+03
6.585866283865458172e+03
6.586271658995487996e+03
6.586348808536434262e+03
6.586585984154849029e+03
6.586925886653318230e+03
6.588017482729432231e+03
6.588177686356853883e+03
6.588678499541370002e+03
6.588714098168111377e+03
6.588771865848358175e+03
6.588795642068228517e+03
6.589206216887168921e+03
6.589459379821590119e+03
6.589667125729212785e+03
6.589893212667723674e+03
6.590495761869630769e+03
6.590523236607345098e+03
6.590621246668423737e+03
6.590773780263327353e+03
6.590877100936379975e+03
6.590985614345156137e+03
6.591030529299468071e+03
6.591046188777516363e+03
6.591142993932534409e+03
6.591322199479746814e+03
6.591447616941964043e+03
6.591552627443036727e+03
6.592020782678507203e+03
6.592303747493186165e+03
6.592421084177251942e+03
6.592497139580608746e+03
6.592695639417381244e+03
6.592764163127665597e+03
6.592872309880972352e+03
6.592880941509885815e+03
6.593091948817655975e+03
6.593104277879968322e+03
6.593447062691046995e+03
6.593789999225221436e+03
6.593982071571734195e+03
6.594018694616185712e+03
6.594027814157782814e+03
6.594196257468761360e+03
6.594222817567559105e+03
6.594627095257286783e+03
6.594840761911505979e+03
6.594871569857907161e+03
6.595128640370670837e+03
6.595178460510485820e+03
6.595192067454711832e+03
6.595217871715623005e+03
6.595278388324735715e+03
6.595292757258760503e+03
6.595528657001938882e+03
6.595644525171480382e+03
6.595648881417625489e+03
6.595672388971303917e+03
6.595740405224556525e+03
6.596036983671025155e+03
6.596266148658469319e+03
6.596309757828325019e+03
6.596806504538255467e+03
6.597154534635064010e+03
6.598043980300088151e+03
6.598069499805994383e+03
6.598823074738978903e+03
6.598834551057873796e+03
6.598966232452764416e+03
6.599018464223839146e+03
6.599050428588347131e+03
6.599073266789331683e+03
6.599127605283074445e+03
6.599134090203821870e+03
6.599161543192290083e+03
6.599214748147611317e+03
6.599250751044359276e+03
6.599557533896877430e+03
6.599596175582662909e+03
6.599896892686901992e+03
6.600495746442591553e+03
6.600511509450679114e+03
6.600624453704976077e+03
6.600894039234699449e+03
6.601084758531470470e+03
6.601133455561042865e+03
6.601380163717765754e+03
6.601382980791950104e+03
6.601752480036452653e+03
6.601885663760577700e+03
6.603412009801394561e+03
6.603593606841049223e+03
6.604311061778024850e+03
6.604332631270543970e+03
6.604582151418865578e+03
6.605060154520457218e+03
6.605109438326400777e+03
6.605577617586909582e+03
6.605702220007701726e+03
6.605979650135916017e+03
6.606020128622089942e+03
6.606251047878624377e+03
6.606258441791223049e+03
6.606293998450179970e+03
6.606549562905726816e+03
6.606577928936677381e+03
6.606675037648567923e+03
6.608832754423449842e+03
6.609234249526057283e+03
6.609456655592133757e+03
6.610258945671250331e+03
6.610573334721047104e+03
6.610969733372732662e+03
6.611743654082704779e+03
6.611785104668037093e+03
6.612362608722463847e+03
6.612577906313395033e+03
6.612619754164550613e+03
6.612731917737522053e+03
6.612763045478970525e+03
6.613067274106425430e+03
6.613316700362075608e+03
6.613613175834097092e+03
6.613702721569906316e+03
6.613930096617314121e+03
6.613962011869492017e+03
6.614553561007885946e+03
6.614915487746390681e+03
6.615031627951491828e+03
6.615440011552790565e+03
6.616401921593266707e+03
6.616489218413595154e+03
6.616674190345222996e+03
6.616712068708026891e+03
6.616867474747257802e+03
6.617197281259322153e+03
6.617408888128284161e+03
6.617473035831440939e+03
6.617499981685440616e+03
6.617562426585023786e+03
6.617979129935667515e+03
6.618123597508348212e+03
6.618411878944043565e+03
6.618540861023710022e+03
6.618544708153336614e+03
6.618623545209610711e+03
6.618720696083060830e+03
6.618953414986145617e+03
6.619034791098011738e+03
6.619315231778604357e+03
6.619364341507164681e+03
6.619463765428181432e+03
6.619572136252644668e+03
6.619871850626505875e+03
6.619932489545370117e+03
6.620149497781666469e+03
6.620152629379756945e+03
6.620166970486379796e+03
6.620440279132944852e+03
6.620605405865816465e+03
6.621594581116928566e+03
6.621611077505555841e+03
6.621813364303377966e+03
6.621844640873526259e+03
6.622098321605118144e+03
6.622123249542348276e+03
6.622209386221774366e+03
6.622554175504207706e+03
6.622796595568662269e+03
6.623195637857342263e+03
6.623248806498522754e+03
6.623270672178640780e+03
6.623335560060140779e+03
6.623612100410555286e+03
6.623709802719873551e+03
6.623827109889773055e+03
6.623951679405119648e+03
6.624183386539864841e+03
6.624354511617508251e+03
6.624432260196579591e+03
6.625080684307324191e+03
6.625716890528784461e+03
6.625850008020424866e+03
6.625881947320063773e+03
6.625997221618251388e+03
6.626050926132003042e+03
6.626271845179869160e+03
6.626389734303917066e+03
6.626676737666020927e+03
6.626911463112590354e+03
6.627290954528057227e+03
6.627408521192663102e+03
6.627523215263992824e+03
6.627718208681125361e+03
6.628047903496329127e+03
6.628244025684966800e+03
6.628396314118092050e+03
6.628621030261547276e+03
6.628672612061559448e+03
6.628743473897038712e+03
6.628787558958952104e+03
6.628861722498778363e+03
6.629123247142097171e+03
6.629288471882557133e+03
6.629437323959838068e+03
6.629528960696801732e+03
6.629930410155241589e+03
6.629960205876596774e+03
6.630515533211888396e+03
6.631429157304335604e+03
6.631834038031091950e+03
6.631961008082511398e+03
6.632021004604379414e+03
6.632227346381122516e+03
6.632704423360351939e+03
6.632921234163734880e+03
6.633102668336633542e+03
6.633128290939000181e+03
6.633438641875054600e+03
6.633964402982968750e+03
6.634298998398850927e+03
6.635379958468552104e+03
6.635417669928544456e+03
6.635510171872674618e+03
6.635701617215479018e+03
6.635744458041777762e+03
6.636287328526356760e+03
6.636691294888117227e+03
6.636835439435744775e+03
6.636988939911374473e+03
6.637509484682586844e+03
6.637521371835170612e+03
6.637969507144193813e+03
6.638716015952822090e+03
6.638874650378977094e+03
6.639433804994463571e+03
6.639571181649240316e+03
6.639646859191297153e+03
6.640021944383463961e+03
6.640224942659414410e+03
6.640498670799190222e+03
6.640742131670757772e+03
6.640976681512926916e+03
6.641006495917165012e+03
6.641645004672996038e+03
6.641679968832136183e+03
6.642046926510639423e+03
6.642084692579903276e+03
6.642393823348247679e+03
6.642508475178069602e+03
6.642642994014116994e+03
6.642643911136955467e+03
6.643497887345925847e+03
6.643515192240427496e+03
6.643532645137589498e+03
6.643541907979842108e+03
6.643624845027784431e+03
6.643647407237103835e+03
6.643711983524252901e+03
6.643756667665051282e+03
6.643927962494670282e+03
6.644081398783803706e+03
6.644729368340818837e+03
6.645185568033971322e+03
6.645934059271719889e+03
6.645969696070383179e+03
6.646123208575187164e+03
6.646350543448591452e+03
6.646517916423724273e+03
6.647258197666054912e+03
6.647312293413585394e+03
6.647651744311873699e+03
6.647793220657504207e+03
6.647827862066490525e+03
6.647906853738625614e+03
6.647978711572901375e+03
6.648162025980527687e+03
6.648536575507088855e+03
6.648594878078947659e+03
6.648692353648938479e+03
6.649188635645422437e+03
6.649432766048135818e+03
6.649446564897068129e+03
6.649877828490419233e+03
6.650211855462041058e+03
6.650309196873688052e+03
6.650779425214625917e+03
6.651941037382150171e+03
6.652610340762113083e+03
6.653045207333937469e+03
6.653129008288225123e+03
6.653149626379431538e+03
6.653408858881609376e+03
6.653419631497419687e+03
6.653627551041319748e+03
6.653829831640644443e+03
6.653873628183159781e+03
6.654190965284259619e+03
6.654222091961766637e+03
6.654387741604174153e+03
6.654620283683407251e+03
6.654750666900172291e+03
6.654976759406718884e+03
6.655015150048121541e+03
6.655071330795944050e+03
6.655256557657011399e+03
6.655347123556095539e+03
6.655829270334871580e+03
6.655986447470048006e+03
6.656342333267270988e+03
6.656751559080512379e+03
6.657200574306351882e+03
6.657294609162060624e+03
6.657499316104742320e+03
6.657595280268194983e+03
6.657714954367274913e+03
6.657921682139019140e+03
6.658272936430127629e+03
6.658487848810053038e+03
6.658650777058966014e+03
6.658921790294721177e+03
6.659104763884505701e+03
6.659809419524149234e+03
6.660003176833009093e+03
6.660193922666818253e+03
6.660222654949722710e+03
6.660461381096300101e+03
6.660709068096536612e+03
6.661236685367429345e+03
6.661375011645131963e+03
6.661400684278184599e+03
6.661487298669684606e+03
6.661525449591592405e+03
6.662187193078245400e+03
6.662213394130902088e+03
6.662314656517407457e+03
6.662755377833019338e+03
6.662835712507601784e+03
6.663060364335756276e+03
6.663256437143402763e+03
6.663437852816065970e+03
6.664055547133008986e+03
6.664393414196926642e+03
6.664464291627837156e+03
6.664589489196433533e+03
6.664698244021095888e+03
6.665050265307897462e+03
6.665099323818095399e+03
6.665264829004307103e+03
6.665570335983756195e+03
6.666110907169947495e+03
6.666383026611670175e+03
6.666434232573046756e+03
6.666450234302756144e+03
6.666532652934267389e+03
6.666914690496607363e+03
6.666945975312522023e+03
6.666989264730619652e+03
6.667131687474256069e+03
6.667152716569019503e+03
6.667246201327109702e+03
6.667294172791735946e+03
6.667494424672143396e+03
6.667499603105271490e+03
6.667579733608516108e+03
6.668007068000553772e+03
6.668173448366418597e+03
6.669235176754102213e+03
6.669339558187681178e+03
6.669395940271454492e+03
6.669435951395892516e+03
6.669504289627009712e+03
6.669601860384542306e+03
6.669623726456406985e+03
6.669961474995070603e+03
6.670229375707200234e+03
6.670462110326249785e+03
6.670664002129099572e+03
6.670808281557847295e+03
6.671058212832107529e+03
6.671080763826745169e+03
6.671426154613372091e+03
6.671464215848744061e+03
6.671614107554620205e+03
6.671755934681574217e+03
6.671881446875863730e+03
6.671952524544266453e+03
6.671975375656357755e+03
6.672093405335769603e+03
6.672187568018815909e+03
6.672390492676488975e+03
6.672740772990917321e+03
6.672743889418685285e+03
6.672859395159380256e+03
6.673006355975484439e+03
6.673608616795931084e+03
6.674694979869454073e+03
6.674806389037603367e+03
6.674843968389530346e+03
6.675582063722734347e+03
6.675614057901620981e+03
6.675651331699556067e+03
6.675711742956441412e+03
6.675802263587273046e+03
6.675966992254016986e+03
6.676102845478539166e+03
6.676128783703498812e+03
6.676316642484915064e+03
6.676525929335787623e+03
6.676746907514412669e+03
6.676928608395512128e+03
6.677221466543809584e+03
6.677341175097591076e+03
6.677649093020783766e+03
6.678203138050345842e+03
6.678973096881974016e+03
6.679033022246262590e+03
6.679135230734482320e+03
6.679285566363744692e+03
6.679586963324675708e+03
6.679700926756932859e+03
6.679893694679391956e+03
6.681238588904224343e+03
6.681492339223252202e+03
6.681495395864758393e+03
6.681586753811654489e+03
6.682071472066581919e+03
6.682214342459380532e+03
6.682556721728262346e+03
6.682565977031425973e+03
6.682855144321951229e+03
6.682868194069582387e+03
6.682947118705463254e+03
6.683094077992480379e+03
6.683314209755569209e+03
6.683613631124083440e+03
6.683650983963209001e+03
6.683908504007093143e+03
6.684319544684020912e+03
6.684383535021933312e+03
6.684681320174729990e+03
6.685263176075719457e+03
6.685866930307714028e+03
6.685939445143506418e+03
6.685984667534918117e+03
6.686021906831788328e+03
6.686413202935455047e+03
6.686693098874409770e+03
6.686791295131215520e+03
6.687688429758544771e+03
6.687841799608530891e+03
6.688152875627899448e+03
6.688193589227420489e+03
6.688275122426538474e+03
6.688777143318789967e+03
6.689009009288425659e+03
6.689434666018230928e+03
6.689614556137384170e+03
6.689758651839517370e+03
6.690074654074841419e+03
6.690307826112509247e+03
6.690454360571859979e+03
6.690594068086181323e+03
6.690623639782049395e+03
6.690875120439303828e+03
6.690897279199306467e+03
6.690996936071297569e+03
6.691191082791301596e+03
6.691275985022928580e+03
6.691528494346053776e+03
6.691736044196883086e+03
6.692407605540581244e+03
6.692437922281155807e+03
6.692470815278982627e+03
6.692477396851447338e+03
6.692490331160462119e+03
6.692692938236044938e+03
6.692716272600105185e+03
6.692788013405232959e+03
6.692886867877847180e+03
6.693073927406283474e+03
6.693080585603965119e+03
6.693298410603586490e+03
6.693371660600266296e+03
6.693648508198069976e+03
6.693864873778779838e+03
6.694774584736690485e+03
6.694823915603851674e+03
6.695708180512005129e+03
6.695811499931478465e+03
6.696069012290556202e+03
6.696146891179608247e+03
6.696211228009070510e+03
6.696336609917441820e+03
6.696446607837056945e+03
6.696563895265836436e+03
6.696598168898029144e+03
6.696783618432425101e+03
6.696996929858024487e+03
6.697145560367482176e+03
6.697335196093901686e+03
6.697745363731704856e+03
6.697839698104849958e+03
6.697935231125250539e+03
6.698026702599604505e+03
6.698549675909348480e+03
6.698891647298317366e+03
6.698916737648300114e+03
6.699463261108620827e+03
6.699646474935799233e+03
6.699670978574057699e+03
6.699787359962051596e+03
6.700324335406383398e+03
6.700838826608425734e+03
6.701068855594431625e+03
6.701214253644943710e+03
6.701554106631197101e+03
6.701851772181553315e+03
6.702002780072371934e+03
6.702042606224326846e+03
6.702085940129519258e+03
6.702252556523420026e+03
6.702509502147066996e+03
6.702577891373419334e+03
6.702684552909598096e+03
6.702790617488451062e+03
6.702853532064650608e+03
6.703370468837632870e+03
6.704231508974539793e+03
6.704240892449286548e+03
6.704288340431698089e+03
6.704342894875774618e+03
6.704412321134637750e+03
6.704415686097279831e+03
6.704489825215856399e+03
6.704844893167204646e+03
6.704921877253194907e+03
6.705096561631866280e+03
6.705255103730545670e+03
6.705779603563425553e+03
6.706860879152913185e+03
6.706944347598165223e+03
6.707074470441454650e+03
6.707527722714045012e+03
6.707534834140069506e+03
6.707641164170659977e+03
6.707728915060917643e+03
6.707841472886802876e+03
6.708820145465083442e+03
6.708859148969011585e+03
6.709435144011074044e+03
6.709636247756481680e+03
6.709961716322686698e+03
6.710092912018934840e+03
6.710142947793621715e+03
6.710216186745587038e+03
6.710740772389240192e+03
6.711018618860992319e+03
6.711400007528203787e+03
6.711543861879199540e+03
6.711578836659856279e+03
6.711955037959104629e+03
6.712057388343714592e+03
6.712201559811986954e+03
6.712330847204704696e+03
6.712572422067074513e+03
6.712796000721121345e+03
6.713014846180601126e+03
6.713217333127106940e+03
6.713342730129729716e+03
6.713359797468516263e+03
6.713396775170770525e+03
6.713541529444096341e+03
6.713772335928620123e+03
6.713956388628736022e+03
6.713992477337522359e+03
6.715363653792761397e+03
6.715758244002480751e+03
6.715860877363764303e+03
6.715934512336303669e+03
6.715943924996237911e+03
6.716116623780625559e+03
6.716389900015146850e+03
6.716414709284646960e+03
6.717083659196565350e+03
6.717093963765445551e+03
6.717361032514327235e+03
6.717750603681065513e+03
6.717966527641270659e+03
6.718513625690899971e+03
6.718557373293766432e+03
6.718725181585796236e+03
6.718727311116695091e+03
6.718884155471811027e+03
6.719269802636753411e+03
6.719715365601346093e+03
6.719936324262674134e+03
6.719998379042849592e+03
6.720191113256408244e+03
6.720368754294181599e+03
6.720485572223770760e+03
6.720545822125298400e+03
6.720635215694387625e+03
6.720872884908495507e+03
6.721007091521362781e+03
6.721438621758521549e+03
6.721788436901876594e+03
6.721876279928348595e+03
6.722282460965367136e+03
6.722403069449261238e+03
6.722420460910779184e+03
6.722613756821855532e+03
6.722708136274394747e+03
6.722868408088032993e+03
6.723044915966592271e+03
6.723085713195947392e+03
6.723094665442166843e+03
6.723158734184014975e+03
6.723614767766815930e+03
6.723728847003827468e+03
6.723975300969982527e+03
6.724692469994349267e+03
6.724751994429170736e+03
6.725047951177455616e+03
6.725460835302817031e+03
6.725569679441207882e+03
6.726131753783861313e+03
6.726325540301585534e+03
6.726636467115054074e+03
6.726768799505804054e+03
6.726841041734645842e+03
6.727765039339508803e+03
6.727801523824903597e+03
6.728038780818947998e+03
6.728152436901902547e+03
6.728309854421615455e+03
6.728541929446974791e+03
6.728686233669763169e+03
6.728736995334566018e+03
6.728802821189896349e+03
6.728847503609353225e+03
6.729049335754350068e+03
6.729235640558630621e+03
6.729281019535394080e+03
6.729313024563550243e+03
6.729333866345505157e+03
6.729371097417181772e+03
6.729690230995258389e+03
6.729753892423964317e+03
6.730005362079191400e+03
6.730022620114043093e+03
6.730093777419609069e+03
6.730186476074854909e+03
6.730318468163206489e+03
6.730333785365963195e+03
6.731308211467413457e+03
6.731550374482372717e+03
6.731656508450401816e+03
6.732145095401903745e+03
6.732826285725185699e+03
6.733196588090632758e+03
6.733250634261841697e+03
6.733512632253072297e+03
6.733513584994459961e+03
6.733563636619757744e+03
6.733763202574452407e+03
6.734946982715385275e+03
6.734959408608426202e+03
6.735089587873124401e+03
6.735458464463726159e+03
6.735648225662746881e+03
6.735728065940011220e+03
6.735741015124302976e+03
6.735879861172035817e+03
6.735940154616050677e+03
6.735969649529978597e+03
6.736092369433112253e+03
6.736339052052440820e+03
6.736760511480580135e+03
6.736820319119189662e+03
6.736980277261744959e+03
6.737240097690872972e+03
6.737479644719042881e+03
6.737619998141022734e+03
6.737993494053379436e+03
6.738021598259449092e+03
6.738266990888315377e+03
6.738329626390232988e+03
6.738330955560156326e+03
6.738360741639640764e+03
6.738584414437428677e+03
6.738647914087389836e+03
6.738892099543713812e+03
6.739347800888494930e+03
6.739393800342236318e+03
6.740193713446520633e+03
6.740271288675725373e+03
6.740607020168742565e+03
6.740633621484306786e+03
6.741696495128492643e+03
6.741930258447026972e+03
6.741951977406406513e+03
6.742533287545007624e+03
6.742556748012642856e+03
6.742576470782408251e+03
6.742813254866280658e+03
6.742815358179145733e+03
6.743031156181928054e+03
6.743058387537382259e+03
6.743123151467763819e+03
6.743266979868953968e+03
6.743567614524105920e+03
6.744260237590867291e+03
6.744970846873545270e+03
6.745556080862655108e+03
6.745747010145390050e+03
6.746143608834242514e+03
6.746280246419612013e+03
6.746388313512461536e+03
6.746568915349614144e+03
6.746965932086930479e+03
6.747354960128880521e+03
6.747381875431341541e+03
6.747524055031248281e+03
6.747932654474473566e+03
6.748590496106882711e+03
6.748638039951708379e+03
6.748861763985002653e+03
6.749037377528909019e+03
6.749209176065015527e+03
6.749567292084532710e+03
6.749673861986872907e+03
6.749838640251874494e+03
6.749907875571291697e+03
6.750621482195947465e+03
6.750862643297741670e+03
6.751194577705909069e+03
6.751484328837025714e+03
6.751557368625830350e+03
6.751632497015341869e+03
6.751908467889152234e+03
6.752028857185233392e+03
6.752108036233392340e+03
6.752209062967369391e+03
6.752524965407254967e+03
6.752602389626981676e+03
6.752604998306318521e+03
6.753063960709293497e+03
6.753093775023611670e+03
6.753234485402123937e+03
6.753234897154643477e+03
6.753327060346925464e+03
6.753526766267152198e+03
6.753666917234261746e+03
6.753680625235335356e+03
6.754017720637702951e+03
6.754212327473559526e+03
6.754731686302116941e+03
6.754795225862809275e+03
6.754801587652137641e+03
6.755062722958477934e+03
6.755200349543848461e+03
6.755413765323417465e+03
6.755468068042463528e+03
6.755475693423963094e+03
6.755649802754477605e+03
6.755692156783316022e+03
6.755694376056983856e+03
6.756095582473151808e+03
6.756651841345301364e+03
6.756974122571993576e+03
6.757386330485812323e+03
6.757760558468480667e+03
6.757997947833424405e+03
6.758146376874190537e+03
6.758421423521041106e+03
6.759393131066788555e+03
6.759410359146401788e+03
6.759512698974315754e+03
6.759590688233754918e+03
6.759602182640041974e+03
6.759966300692439290e+03
6.760110112024551199e+03
6.760202795192156373e+03
6.760316389285730111e+03
6.760739719669693841e+03
6.761042725583236461e+03
6.761601749994486454e+03
6.761757261216759616e+03
6.761929346144248484e+03
6.761953056762810775e+03
6.762028026329314343e+03
6.762178396188524857e+03
6.762315366849174097e+03
6.762690022207225411e+03
6.762856605309401857e+03
6.762980352479524299e+03
6.763042476115309000e+03
6.763417462996735594e+03
6.763450546406697867e+03
6.763456067350811281e+03
6.763456577135790212e+03
6.763882146303377340e+03
6.764105584433010335e+03
6.764305716908743307e+03
6.764842343905646885e+03
6.765122832953546094e+03
6.765646145864110622e+03
6.765710946482738109e+03
6.765755934110093222e+03
6.765808706628835353e+03
6.765979320609819297e+03
6.766648048939498040e+03
6.767323542132869079e+03
6.767640250306199050e+03
6.768123453004683142e+03
6.768209345239280083e+03
6.768434705193300942e+03
6.768472720987810135e+03
6.769016679179049788e+03
6.769994015506250435e+03
6.770039953141413207e+03
6.770151930055560115e+03
6.770594890853701145e+03
6.770924469348987259e+03
6.771252250596637168e+03
6.771276645540111531e+03
6.771989211025998884e+03
6.771998547783348840e+03
6.772192413140493045e+03
6.772246999929465346e+03
6.772280006880269866e+03
6.772306521091163631e+03
6.772514149933184854e+03
6.772597373622918894e+03
6.773135147167785362e+03
6.773153158611402432e+03
6.773461381702978542e+03
6.773461999589405423e+03
6.773861803048117508e+03
6.773936147575117502e+03
6.774159451337321116e+03
6.774632304954066967e+03
6.775476328417448713e+03
6.775575045915437840e+03
6.775667156195960160e+03
6.775677547566136127e+03
6.775764673496877549e+03
6.775771270688263030e+03
6.775832135381167063e+03
6.776031117748168981e+03
6.776063937539027393e+03
6.776216842336863920e+03
6.776414315503690887e+03
6.776430733295310347e+03
6.776660817062163005e+03
6.776918647639764458e+03
6.777504125859600208e+03
6.777777104233338832e+03
6.777831215922906267e+03
6.777833908193024399e+03
6.777871602421579155e+03
6.778084411314168392e+03
6.778339214558171079e+03
6.778431050183146908e+03
6.778765301476809327e+03
6.779016686810208739e+03
6.779077540718896671e+03
6.779263312358166331e+03
6.779346413576370651e+03
6.780008220803739277e+03
6.780490720747000523e+03
6.780730576677132376e+03
6.781543435633588160e+03
6.782042350380729658e+03
6.782192622876382302e+03
6.782331967163220725e+03
6.782333313716068915e+03
6.782514885944938214e+03
6.782607038760106661e+03
6.782806912178397397e+03
6.783082664666801065e+03
6.783302774536256948e+03
6.783411016967871547e+03
6.783594259059067554e+03
6.784011050928553232e+03
6.784098242222798035e+03
6.784141920352630223e+03
6.784593422168231882e+03
6.784684532816636420e+03
6.785372227235594437e+03
6.785386656312974992e+03
6.785421803916498902e+03
6.785450564899887468e+03
6.785533041580102690e+03
6.785728332658080944e+03
6.786061449582257410e+03
6.786086102846553331e+03
6.786266911379805606e+03
6.786389110265036834e+03
6.787011228066268814e+03
6.787064864825290897e+03
6.787452689279336482e+03
6.787503974734813710e+03
6.787617719914054760e+03
6.788013772787036032e+03
6.788463023149874061e+03
6.789063078719785153e+03
6.789124808525735716e+03
6.789297346264092994e+03
6.789577284428437451e+03
6.789730674882087442e+03
6.790165152065883376e+03
6.790370039803498003e+03
6.790623774940605472e+03
6.790726900310255587e+03
6.790909743049992358e+03
6.791194088900139832e+03
6.791323699873715668e+03
6.791570933420236543e+03
6.791705228678029016e+03
6.791872161999624041e+03
6.791891462791048980e+03
6.791906430643628482e+03
6.792166138993214190e+03
6.792298234837846394e+03
6.792525623139465097e+03
6.792990743548254613e+03
6.793158970503129240e+03
6.793228408030855462e+03
6.793335709249421598e+03
6.793591778705281286e+03
6.793839110510161845e+03
6.794118662114714425e+03
6.794604913471270265e+03
6.794617771042613640e+03
6.794682580785699429e+03
6.794904251383614792e+03
6.795323692724776265e+03
6.795337723485697097e+03
6.795401982260853401e+03
6.796019480276996546e+03
6.796471059685542059e+03
6.796517705202174511e+03
6.796628250330931223e+03
6.796685964133496782e+03
6.796802432541275266e+03
6.797061990677807444e+03
6.797084021763405872e+03
6.797303230137788887e+03
6.797734422569928938e+03
6.798035128837545926e+03
6.798483448952517392e+03
6.798505306870999448e+03
6.798757173115111073e+03
6.798938621473255807e+03
6.798964298189536748e+03
6.799439097309137651e+03
6.799616771150404929e+03
6.799737928559285137e+03
6.800370453820457442e+03
6.800568757668633225e+03
6.800580714168251689e+03
6.800787071445955917e+03
6.800941512371496174e+03
6.801032038716680290e+03
6.801552591541340007e+03
6.801682096207420727e+03
6.801868141196786382e+03
6.802175962225361218e+03
6.802272084199301389e+03
6.802721599396062629e+03
6.803665010066790273e+03
6.803937360381401959e+03
6.803965489531479761e+03
6.804481977050492787e+03
6.804894597698093094e+03
6.804970663541450449e+03
6.805049746339913327e+03
6.805376519295925391e+03
6.805553573454066282e+03
6.805618573772861964e+03
6.805658404503250495e+03
6.805867500955798278e+03
6.806036690507515232e+03
6.806606745279350434e+03
6.806879187098319562e+03
6.807078782755620523e+03
6.807327055948549969e+03
6.807926327630872038e+03
6.807956101136218422e+03
6.808327484857094532e+03
6.808404725230591794e+03
6.808539314705525612e+03
6.809000073570277891e+03
6.809215057226294448e+03
6.809249103086572177e+03
6.809345952925893471e+03
6.810297868196744275e+03
6.810705438259532457e+03
6.810823972346723167e+03
6.810876299418589952e+03
6.811329546194278919e+03
6.811391945832216152e+03
6.812266325093627529e+03
6.812873758163479579e+03
6.813197213120057313e+03
6.813212208560783438e+03
6.813569175092005935e+03
6.813825826558108929e+03
6.814112430682297600e+03
6.814309548584198637e+03
6.814604106386242165e+03
6.815099657424935685e+03
6.815110776476005412e+03
6.815161643968331191e+03
6.815184485167715138e+03
6.815542264432777301e+03
6.815981893304237929e+03
6.816385664579347576e+03
6.816505679792308911e+03
6.816552824926571702e+03
6.817073463492344672e+03
6.817372517325716217e+03
6.817410543874681935e+03
6.817517250081687962e+03
6.817696639093160229e+03
6.817709308434942614e+03
6.817762303048585636e+03
6.817802215396558495e+03
6.817849925909747981e+03
6.818034165706580097e+03
6.818130848314096511e+03
6.818164706405592369e+03
6.818562779598582893e+03
6.818656010962129585e+03
6.818920649975518245e+03
6.819258246913371295e+03
6.819319911989537104e+03
6.819661363385805089e+03
6.819688279842026532e+03
6.819735034760191411e+03
6.819828558414505096e+03
6.819874289750851858e+03
6.820504142538239648e+03
6.820903758806797669e+03
6.821070411651512586e+03
6.821242941569696995e+03
6.821246125849845157e+03
6.821316220850456375e+03
6.821662268113911523e+03
6.821712116249536848e+03
6.822001661582713496e+03
6.822226140387589112e+03
6.823164933282751008e+03
6.823510960230477394e+03
6.823568364249322258e+03
6.823825896846487922e+03
6.824054092468192721e+03
6.824232757596168085e+03
6.824623155499344648e+03
6.824664383899780660e+03
6.824988816516008228e+03
6.825006657116334281e+03
6.825349953238686794e+03
6.825566937492592842e+03
6.825796200363383832e+03
6.826015627204682460e+03
6.826357102968986510e+03
6.826671210929856898e+03
6.827563476268984232e+03
6.827676311371879819e+03
6.827686995363479582e+03
6.827764024563215571e+03
6.827780825899017145e+03
6.827935836360121357e+03
6.828006725726370860e+03
6.828214388360899648e+03
6.828392974635713472e+03
6.828602982143298505e+03
6.828983365478093219e+03
6.829033468672819254e+03
6.829466858583343310e+03
6.830033527359973050e+03
6.830041099562086856e+03
6.830729127775591223e+03
6.830899346549597794e+03
6.831003416970685066e+03
6.831268704983874159e+03
6.831682683874383656e+03
6.831682987710582893e+03
6.831702292666152971e+03
6.832344287536309821e+03
6.832563395170251169e+03
6.832828285865497492e+03
6.833074289776352089e+03
6.833543048734871263e+03
6.833647034800743313e+03
6.834040154758527933e+03
6.834329326537258567e+03
6.834415970917109917e+03
6.834629444126280760e+03
6.834869030601700615e+03
6.835005420037273325e+03
6.835077797225198992e+03
6.835181590608729493e+03
6.835279013188584031e+03
6.835463972849785023e+03
6.835527991949397801e+03
6.835895143409778939e+03
6.836214727624741499e+03
6.836316236188831681e+03
6.836498218686353539e+03
6.836765877428278145e+03
6.836890875794220847e+03
6.837188201814923559e+03
6.837233042571773694e+03
6.837275280083438702e+03
6.837343489662621323e+03
6.837459321349516358e+03
6.837625288972185444e+03
6.837761167834297339e+03
6.837764622387966483e+03
6.837964660803956576e+03
6.838667249518435710e+03
6.838919996631193499e+03
6.839194243225987520e+03
6.839234676022892927e+03
6.839256299795402811e+03
6.839337091801874521e+03
6.839485582994547258e+03
6.840207439072285524e+03
6.841162913143260084e+03
6.841310887502471815e+03
6.841465649397458947e+03
6.841654988604918799e+03
6.842148023487655337e+03
6.842431699363582084e+03
6.842581275652149998e+03
6.843228440444291664e+03
6.843418113703322888e+03
6.844361088258777272e+03
6.844649918131055529e+03
6.845070178405465413e+03
6.845167925727927468e+03
6.845309793554281896e+03
6.845362547155537868e+03
6.845428468513763619e+03
6.845515366907835414e+03
6.845963073547823114e+03
6.845970128995337291e+03
6.846012537359606540e+03
6.846043220385560744e+03
6.846082288172923654e+03
6.846186676284945861e+03
6.846452555069427945e+03
6.846561406461253682e+03
6.846595898305716219e+03
6.847276416589502332e+03
6.847372761098833507e+03
6.848039321929063590e+03
6.848113647342848708e+03
6.848210673409856099e+03
6.848510702169059186e+03
6.848571943631789509e+03
6.848838028194366416e+03
6.849073058391121776e+03
6.849356386804933209e+03
6.849496046283058604e+03
6.850571195047215042e+03
6.850783661223243143e+03
6.851185733354928743e+03
6.851881635297155299e+03
6.852033949260135159e+03
6.852146866982605388e+03
6.852223846406044686e+03
6.852356611521374361e+03
6.852581589192745923e+03
6.853082948741232940e+03
6.853155617460592111e+03
6.853323344682798961e+03
6.853681438529519255e+03
6.853770500231134065e+03
6.853989615987919933e+03
6.854205008442926555e+03
6.854226266287996623e+03
6.854575856760001443e+03
6.854591519385918218e+03
6.855441304166062764e+03
6.855559252354244563e+03
6.856069751163413457e+03
6.856204624561782111e+03
6.856558741859093971e+03
6.856962366206638762e+03
6.857134782695210561e+03
6.857199411039798179e+03
6.857217050876154644e+03
6.857663272877619420e+03
6.857807243554935667e+03
6.858237114309139542e+03
6.858833973390750543e+03
6.859015969436808518e+03
6.859221150943641078e+03
6.859450144372945942e+03
6.860104523541602248e+03
6.860627229481517134e+03
6.860722744520310698e+03
6.860804803143924801e+03
6.860905974318256085e+03
6.861861443436876471e+03
6.861955227600189573e+03
6.862230318904969863e+03
6.862331635548222948e+03
6.862591547027040178e+03
6.862685405982208067e+03
6.862796199512223211e+03
6.863239484901533615e+03
6.863477607431744218e+03
6.863856477775826534e+03
6.864231632618006188e+03
6.864272629497329945e+03
6.864417299591069423e+03
6.865120786840816436e+03
6.865165638971746375e+03
6.865315850236157530e+03
6.865747287313986817e+03
6.866434096554113239e+03
6.866535259479715933e+03
6.867024950864027232e+03
6.867042192360486297e+03
6.867520638317338125e+03
6.867551537203435146e+03
6.867713134377990173e+03
6.867784600226709699e+03
6.868056226376712402e+03
6.868229258396709156e+03
6.868343416676046218e+03
6.868541407788455217e+03
6.868710330573455394e+03
6.868980287416493411e+03
6.869385103014613378e+03
6.869665726158643338e+03
6.869766645592418172e+03
6.870041385387900846e+03
6.870064950714181577e+03
6.870101989162288191e+03
6.870173379168949396e+03
6.870395299549075389e+03
6.870493626976526684e+03
6.870502147568095097e+03
6.870801351082511246e+03
6.870967087491280836e+03
6.871118992864091524e+03
6.871498567791697496e+03
6.871664484481174441e+03
6.872251904779618599e+03
6.872598500953515213e+03
6.872767178864890411e+03
6.873392448948770834e+03
6.873705926096741678e+03
6.873991414487632937e+03
6.874174973668809798e+03
6.874309056073428110e+03
6.874598683399694892e+03
6.874987012103433699e+03
6.875129630574901967e+03
6.875553045206565002e+03
6.876152336845974787e+03
6.876206532350908674e+03
6.876477693003995228e+03
6.876894339820244568e+03
6.877986404571576713e+03
6.878054562948802413e+03
6.878181433359995935e+03
6.878511553116315554e+03
6.878562529028214158e+03
6.878666947996654926e+03
6.878952748090111527e+03
6.879050614394303011e+03
6.879249724745246567e+03
6.879302342894737194e+03
6.879455888279075225e+03
6.879884282266883019e+03
6.880369672412141881e+03
6.880557309137270749e+03
6.880610849821418924e+03
6.881030440011631072e+03
6.881291091094974036e+03
6.881335487040484622e+03
6.881660902172794522e+03
6.881720757630320804e+03
6.881774316862532942e+03
6.882299678347529152e+03
6.882823576050190240e+03
6.883941848789234427e+03
6.884268791988017256e+03
6.884297180090728943e+03
6.884368146805402830e+03
6.884564615208262694e+03
6.884726044745812032e+03
6.884936130392401537e+03
6.885224881812677268e+03
6.885468255761704313e+03
6.885823980297761409e+03
6.885847415080840619e+03
6.886131222022801012e+03
6.886189569997582112e+03
6.886709867675661371e+03
6.887197454558161553e+03
6.887335990833030337e+03
6.887492808810880888e+03
6.887565955593788203e+03
6.888549949887395996e+03
6.888711526291014707e+03
6.888758611975966232e+03
6.888770876213289739e+03
6.889137214339223647e+03
6.889500062843015257e+03
6.889667765495597450e+03
6.889690748612434618e+03
6.889717987023536807e+03
6.889765503883002566e+03
6.889994999004633428e+03
6.890161036752658219e+03
6.890227929624904391e+03
6.890255756341572123e+03
6.890299259443926530e+03
6.890421984259122837e+03
6.890488067481885082e+03
6.890629811870458070e+03
6.890780773304557442e+03
6.891267377717435920e+03
6.891295995571082130e+03
6.891398910063696349e+03
6.891546810078588351e+03
6.891654623390028064e+03
6.891664395283881277e+03
6.891702112978704463e+03
6.892127792172904265e+03
6.892193428526173193e+03
6.892291122151078525e+03
6.892349964978834578e+03
6.892386935042270125e+03
6.892492368780873221e+03
6.892689919609651952e+03
6.892691615729289879e+03
6.893048796562755342e+03
6.893343446741458138e+03
6.893367557373137970e+03
6.893370014185856235e+03
6.893576326754934598e+03
6.893779379409965259e+03
6.893827618749581234e+03
6.893832492591388473e+03
6.894029730932393250e+03
6.894098739862914044e+03
6.894494662886480000e+03
6.894768108577941348e+03
6.895409216841464513e+03
6.896208061360600368e+03
6.896311742914859678e+03
6.896385710461969211e+03
6.896416338208652633e+03
6.896416715587232829e+03
6.896474319718772676e+03
6.896521407646783700e+03
6.896780023565524971e+03
6.896874657695633687e+03
6.897420162465640715e+03
6.897992158292339809e+03
6.898079209713512682e+03
6.898089042577611508e+03
6.898109409038147533e+03
6.898221641414797887e+03
6.898310692910037687e+03
6.898845871260194144e+03
6.899043282097736665e+03
6.899251707952050310e+03
6.899387014650686069e+03
6.899637855256661169e+03
6.900327462306887355e+03
6.900434166156299398e+03
6.900974378478452309e+03
6.900995011321470884e+03
6.901343843075912446e+03
6.901706467058813359e+03
6.901821186844143995e+03
6.902125940234214795e+03
6.902157886802358007e+03
6.902181894443577221e+03
6.902539326485192760e+03
6.902908550500312231e+03
6.902917762539358591e+03
6.902940158080191395e+03
6.903091019536122076e+03
6.903313908016994901e+03
6.903335034700312463e+03
6.904612687213349091e+03
6.905224471182367779e+03
6.905307576936344049e+03
6.906187989604129143e+03
6.906846219004453815e+03
6.907242233136699724e+03
6.907266701525441022e+03
6.907271278249251736e+03
6.907326030793179598e+03
6.907576368507347070e+03
6.908195853492523383e+03
6.908247999488270580e+03
6.908784415430443914e+03
6.908875255091404142e+03
6.909195177212170165e+03
6.909527936622143898e+03
6.910077956723852367e+03
6.910238971221353495e+03
6.910330790893956873e+03
6.911088705066167677e+03
6.911460238496753846e+03
6.911918746009407187e+03
6.912072257525514033e+03
6.912252132884996172e+03
6.912353189688904422e+03
6.912562409691964604e+03
6.912580699679660938e+03
6.913076873195163898e+03
6.913081015075863434e+03
6.913348328045519338e+03
6.913452131051973993e+03
6.913476016572641129e+03
6.914071923114344827e+03
6.914437868284455362e+03
6.914526967925180543e+03
6.914778220413219969e+03
6.914900611770242904e+03
6.915119338273014364e+03
6.915454567781791411e+03
6.915708112258322217e+03
6.915810628376225395e+03
6.916234640341094746e+03
6.916427979356888500e+03
6.916784383979585982e+03
6.916868229034638716e+03
6.917080487081194406e+03
6.917320883895294173e+03
6.917898666999181842e+03
6.917973652764264443e+03
6.918226118876405963e+03
6.918541271872825746e+03
6.918645578139769896e+03
6.919290459267384904e+03
6.919578521118797653e+03
6.919801900743500482e+03
6.919933751667788783e+03
6.920151851068502765e+03
6.920682183683766198e+03
6.920868355045924545e+03
6.921279320511303013e+03
6.921483573626855105e+03
6.921566367421536597e+03
6.921629720745054328e+03
6.921712002905251211e+03
6.922073891447925234e+03
6.922756135738476587e+03
6.923101479960658253e+03
6.923750100142608972e+03
6.924539734148234857e+03
6.924545671369421143e+03
6.925394980381923233e+03
6.925922747928041645e+03
6.926401575091710583e+03
6.926892380470902026e+03
6.927711251782769068e+03
6.927790910606341640e+03
6.927932784180137787e+03
6.928043676277988197e+03
6.928257737124940832e+03
6.928873237247271391e+03
6.928976169080683576e+03
6.929120798446480876e+03
6.929390727118519862e+03
6.929479561743995873e+03
6.930089090078367008e+03
6.930136806934052402e+03
6.930835673567188678e+03
6.931037485111485694e+03
6.931104087111309127e+03
6.931125053076159929e+03
6.931581918661901909e+03
6.931888458149892358e+03
6.931983925893363448e+03
6.932080819048723242e+03
6.932292726550039333e+03
6.932652696848263986e+03
6.932706948215847660e+03
6.933735201970060189e+03
6.933865145547554675e+03
6.933903787604093850e+03
6.934161000781609800e+03
6.934255130396387358e+03
6.934624271727395353e+03
6.934805553383741426e+03
6.935722027794822679e+03
6.935815051157602284e+03
6.936086578027713585e+03
6.936170705086534326e+03
6.936375813639717308e+03
6.937637426862294888e+03
6.937639616720418417e+03
6.937692293132879058e+03
6.937698764883451986e+03
6.938172951822910363e+03
6.938224655640466153e+03
6.938387449232491235e+03
6.938474461693519515e+03
6.938875361137428627e+03
6.939424678542378388e+03
6.941222961070197925e+03
6.941710247645512936e+03
6.941839396379710706e+03
6.941866381369069131e+03
6.942899265358631965e+03
6.943055899242676787e+03
6.943309367660902353e+03
6.943960965236721677e+03
6.944125797681115728e+03
6.944160068448046331e+03
6.944245359241412189e+03
6.944465732941054739e+03
6.945219325282781028e+03
6.945732865322371254e+03
6.946108096880968333e+03
6.946323032352679547e+03
6.946831499291220098e+03
6.947235400093879434e+03
6.947546796954683487e+03
6.947596550988928357e+03
6.947969208088181404e+03
6.948166182792652762e+03
6.948271007415772146e+03
6.948305499847270767e+03
6.948632806629060724e+03
6.948751546817754388e+03
6.949035332694277713e+03
6.949175160883075478e+03
6.949857275884653973e+03
6.950268873317960242e+03
6.950694410766653164e+03
6.951014967870497458e+03
6.951456356415953451e+03
6.951819312284323132e+03
6.951918584760211161e+03
6.952549957169921072e+03
6.952752211613469626e+03
6.952808445836318242e+03
6.953290867963289202e+03
6.953320846386461199e+03
6.953361190060268200e+03
6.953790679422493668e+03
6.954345782191491708e+03
6.954779624858561874e+03
6.954862274435391555e+03
6.955545506202999604e+03
6.955952004835732623e+03
6.956271947345627268e+03
6.956738801047711604e+03
6.956843886028655106e+03
6.956848490651956126e+03
6.956979500159271993e+03
6.957002788449375657e+03
6.957733681608372535e+03
6.957849349714002528e+03
6.957955173819907031e+03
6.958162919817846159e+03
6.958208984471881195e+03
6.958531741701848659e+03
6.958761962387995482e+03
6.959157807711611895e+03
6.959889194601951203e+03
6.959954177725669069e+03
6.960195004643303037e+03
6.960239479295658384e+03
6.960587242315707044e+03
6.960784710208852630e+03
6.960814978953206264e+03
6.962425557144379127e+03
6.962455207680187414e+03
6.963409993144534383e+03
6.963451976393208497e+03
6.963961284828284988e+03
6.964394264631059741e+03
6.964404807502051881e+03
6.964420050715268189e+03
6.964485735047076560e+03
6.964846148281913884e+03
6.965247954846034190e+03
6.965344955785561979e+03
6.965819013169072605e+03
6.965906287628844439e+03
6.966020314426458754e+03
6.966365596823236956e+03
6.966829762925084651e+03
6.966968979088181186e+03
6.968174427355186708e+03
6.968446118477723758e+03
6.968734400327002732e+03
6.968951698739608219e+03
6.969008648963717860e+03
6.969256065880626920e+03
6.969307852753287989e+03
6.969897615763781687e+03
6.969920950108455145e+03
6.970450814744260242e+03
6.970937872818706637e+03
6.971031678421170909e+03
6.971431688241623306e+03
6.971515707646040028e+03
6.972028768883546036e+03
6.972239792981441497e+03
6.972295676863888730e+03
6.972444910862242068e+03
6.972643409921774946e+03
6.973120998608343143e+03
6.973224003138745502e+03
6.973437871924731553e+03
6.974674114640180051e+03
6.974959482815809679e+03
6.975098533140610016e+03
6.975146052480366961e+03
6.975439791147322467e+03
6.975577611106992663e+03
6.975682088818488410e+03
6.976163651817022583e+03
6.976196234761506275e+03
6.976510700890938097e+03
6.977091023315743769e+03
6.977298575951005660e+03
6.977460887840570649e+03
6.977736031281427131e+03
6.977811760057258653e+03
6.978007011943490397e+03
6.978027730360468922e+03
6.979367738398675101e+03
6.979513058613402791e+03
6.979952951173199835e+03
6.979979273049125368e+03
6.980472807949216985e+03
6.980611986011010231e+03
6.980809433264565087e+03
6.981276483393015951e+03
6.981445304045733792e+03
6.981587134473098558e+03
6.981875654221300465e+03
6.982587040730040826e+03
6.982763963915102977e+03
6.982821573709758923e+03
6.983096934535466062e+03
6.983237098466383031e+03
6.983321144566277326e+03
6.983595102156845314e+03
6.983919224042284441e+03
6.984151352513246820e+03
6.984377787157538478e+03
6.984455727739925351e+03
6.984974718683211904e+03
6.985033757851633709e+03
6.986077354127007311e+03
6.986116981835746628e+03
6.986131190006432917e+03
6.986352087923040926e+03
6.987076992130758299e+03
6.987209944094076491e+03
6.987435494293622469e+03
6.987893916151329904e+03
6.987998250987227948e+03
6.987998499961952803e+03
6.989382137618711567e+03
6.989675747785223393e+03
6.989781867823208813e+03
6.990126056229189999e+03
6.990549389362345210e+03
6.990689971236703968e+03
6.990709617717019682e+03
6.990814218021948363e+03
6.990868482858536481e+03
6.991185571998512387e+03
6.991219061251950734e+03
6.991521491243805031e+03
6.991699221777736966e+03
6.992080723137705718e+03
6.992242780561674408e+03
6.992645674076653449e+03
6.992728646609913085e+03
6.993371414059420204e+03
6.994206375175017456e+03
6.994575372907921519e+03
6.995761180747659637e+03
6.995924520367969308e+03
6.996464912403813287e+03
6.998246102661939403e+03
6.999021240134746222e+03
6.999104403572148840e+03
6.999602403395156216e+03
6.999805589212692212e+03
7.000145870565780569e+03
7.000423040087197478e+03
7.000815313875177708e+03
7.001063563541662006e+03
7.001105343648236158e+03
7.001352915710056550e+03
7.001357138741084782e+03
7.002474915686875647e+03
7.002579065279526731e+03
7.003223231253082304e+03
7.003249058025540762e+03
7.003787247018033668e+03
7.004058561194185131e+03
7.004096795594583455e+03
7.004938689238328152e+03
7.005454987473217443e+03
7.005768642672745955e+03
7.005939422553316035e+03
7.006085408760748578e+03
7.006425280783882954e+03
7.006426551338927311e+03
7.006685049061670725e+03
7.006943449544350187e+03
7.007020880667632809e+03
7.007170624985034920e+03
7.007639357147205374e+03
7.008235392477458845e+03
7.008298427637740133e+03
7.008486094204031360e+03
7.009321411840871406e+03
7.009337954381892814e+03
7.009800164325156402e+03
7.010218097768859479e+03
7.010261876595654940e+03
7.010284789935400113e+03
7.010446722108836184e+03
7.010691062860661077e+03
7.011210654184409577e+03
7.011464098500952787e+03
7.011745209751232323e+03
7.012836729276682490e+03
7.013106675169965456e+03
7.013982542525408462e+03
7.014216264370642421e+03
7.014250764054842875e+03
7.014456165656795747e+03
7.014778054350301318e+03
7.014837176375364834e+03
7.015027839994171700e+03
7.015325462018930921e+03
7.015329929228744732e+03
7.015585477810194789e+03
7.015948797263016786e+03
7.015989657664111292e+03
7.016007761401666357e+03
7.016147311840030852e+03
7.016463329892930233e+03
7.016583918267911940e+03
7.017417199314681056e+03
7.017746940370268931e+03
7.018083102583386790e+03
7.018530225904436520e+03
7.019319587191106621e+03
7.019730581811244519e+03
7.019933264302166208e+03
7.020258971641477729e+03
7.020370936188938686e+03
7.020393848323124985e+03
7.020627824823299306e+03
7.020651128112723200e+03
7.020693396352248783e+03
7.021234854463848023e+03
7.021407816434362758e+03
7.021718907896600285e+03
7.022488018136764367e+03
7.022771519114238799e+03
7.022840534502785886e+03
7.023041395716432817e+03
7.023223340350617946e+03
7.023308133560793067e+03
7.023681756742314064e+03
7.023785902517710383e+03
7.024087380783237677e+03
7.024200204865417618e+03
7.024228779822789875e+03
7.024405165747033607e+03
7.024865904227288411e+03
7.024922783843341676e+03
7.025590156814393595e+03
7.026534445405628503e+03
7.026551019710487708e+03
7.027348912358150301e+03
7.028243991295750675e+03
7.028256646368075963e+03
7.028863634615580850e+03
7.028955593486955877e+03
7.029060029022797607e+03
7.029349047940440869e+03
7.029965590553353650e+03
7.030752331095603950e+03
7.030880784012776530e+03
7.031125759787827519e+03
7.031768843150756766e+03
7.031847559943441411e+03
7.031929258508533167e+03
7.031988944852307213e+03
7.032055344185080685e+03
7.032261711448522874e+03
7.032301680279349057e+03
7.033050414765012647e+03
7.033239855227408043e+03
7.033393324297608160e+03
7.033559893881189964e+03
7.033838402825756020e+03
7.034263944424266811e+03
7.034629166528050519e+03
7.035262269420672055e+03
7.035703455899893015e+03
7.036061132029715736e+03
7.036154933113924017e+03
7.036634893392041704e+03
7.036715814019586105e+03
7.036719612384026732e+03
7.036876830342592257e+03
7.036884033082088536e+03
7.037270137071690442e+03
7.037643878472430515e+03
7.038209703934950994e+03
7.038516875450007319e+03
7.038629047257831189e+03
7.039341978587901394e+03
7.039513246067487671e+03
7.039592158925604053e+03
7.039909235649783113e+03
7.039968511542978376e+03
7.040087489563623421e+03
7.040490059686544555e+03
7.040604155613847070e+03
7.040953146071954507e+03
7.041101884387794598e+03
7.041593160881296171e+03
7.041773380466260278e+03
7.042470687549288414e+03
7.042636903848607290e+03
7.042667866434940152e+03
7.043208458088208317e+03
7.043265196619151538e+03
7.043727576314769067e+03
7.043900154858025417e+03
7.044102472866667995e+03
7.044694831315896408e+03
7.044795725493862847e+03
7.045111082494551738e+03
7.045361325064217453e+03
7.045828590958506538e+03
7.046206311263590578e+03
7.046340896660644830e+03
7.046443562858179575e+03
7.046667942859122377e+03
7.046901919654968879e+03
7.046915776152284707e+03
7.047282703230887819e+03
7.047370370649565302e+03
7.047640197719201751e+03
7.048221773229962309e+03
7.048319010832278764e+03
7.048354665156665760e+03
7.048405544644974725e+03
7.049403118150329647e+03
7.049520127698605393e+03
7.049755057336526988e+03
7.050002207794765127e+03
7.050567907548045696e+03
7.050720665912154800e+03
7.050732537772416435e+03
7.050816392686417203e+03
7.051065645305095131e+03
7.051187591305403657e+03
7.051213554937038680e+03
7.051533726320906680e+03
7.051678320507253375e+03
7.052283114982552434e+03
7.052379980151618838e+03
7.052408194666146301e+03
7.053297554993975609e+03
7.053798433610189022e+03
7.053986508115948709e+03
7.054556087661784659e+03
7.054669183416448504e+03
7.054691992205953284e+03
7.054805263025288696e+03
7.055376520092432656e+03
7.055628583740452086e+03
7.055876783500277270e+03
7.055882128641704185e+03
7.056328820697825904e+03
7.056729393914999491e+03
7.057813087467287005e+03
7.057827251335128494e+03
7.058075810191329765e+03
7.058368915213017317e+03
7.058408205219066076e+03
7.058544600287864341e+03
7.058567538730104388e+03
7.058881456219788561e+03
7.059070707817767470e+03
7.059190674711737302e+03
7.059391440589858576e+03
7.059461039086197161e+03
7.059557132807149173e+03
7.059591305119317440e+03
7.059924798202440797e+03
7.060186419119377206e+03
7.060233551520754190e+03
7.060338448422542569e+03
7.060699532380021083e+03
7.061059880125309064e+03
7.061195008569914535e+03
7.061269444974814178e+03
7.061471834474140451e+03
7.061563632642039011e+03
7.062369197628343500e+03
7.062816710081476231e+03
7.062860441993463610e+03
7.062934166014596485e+03
7.063889420963664634e+03
7.064965067846325837e+03
7.065356507862344188e+03
7.065971061341886525e+03
7.066593467186116868e+03
7.067007174423092692e+03
7.067057626721178167e+03
7.067123052592329259e+03
7.067321922099333278e+03
7.067613885778356234e+03
7.067664334230647000e+03
7.067720318282771586e+03
7.068272258421111474e+03
7.068704366680595740e+03
7.068711834711360098e+03
7.068741184058602812e+03
7.068901429194209413e+03
7.068969992623052349e+03
7.069020652791908105e+03
7.069081476766248670e+03
7.069207138080654659e+03
7.070688940777587959e+03
7.070856343989909874e+03
7.070972834006771336e+03
7.071396075466810544e+03
7.071585330485759187e+03
7.071725719189648771e+03
7.071972799454401866e+03
7.072351298250418949e+03
7.072960500230447906e+03
7.073256386373733221e+03
7.073427551630605194e+03
7.073534172900832345e+03
7.073852232730313517e+03
7.073929502670152942e+03
7.074736839140871780e+03
7.075074055870106349e+03
7.075128426263395340e+03
7.075168114117978803e+03
7.075301290824336320e+03
7.075576267871454547e+03
7.075908751357793335e+03
7.075940331612164300e+03
7.076160638963043311e+03
7.077032565628068369e+03
7.077284688045479925e+03
7.077443965822322753e+03
7.077643679996659557e+03
7.077843619605449931e+03
7.078038366735550881e+03
7.078459755266280808e+03
7.078481981698198069e+03
7.078791227816357605e+03
7.079011191956388757e+03
7.079222367594475145e+03
7.079652712671741028e+03
7.080183893073155559e+03
7.080536149322134406e+03
7.081257585223099341e+03
7.081627513764016840e+03
7.081635829841375198e+03
7.081913843572209771e+03
7.081927947241481888e+03
7.082109671478929158e+03
7.082260137383414985e+03
7.082963138192431870e+03
7.083054903251045289e+03
7.083550516379754299e+03
7.084528009762320835e+03
7.084918657433057888e+03
7.085105162080112677e+03
7.085188147937426038e+03
7.085230056144743685e+03
7.085319364906388728e+03
7.085641892199127142e+03
7.085734408591026295e+03
7.085958678849030548e+03
7.086840041543193365e+03
7.086928120598334317e+03
7.086934452048832100e+03
7.087367250753627559e+03
7.087619472897436026e+03
7.088167074872394551e+03
7.088260946983612484e+03
7.088292540432052192e+03
7.088343728721001753e+03
7.088651936567604935e+03
7.088805110512912506e+03
7.088940332316579770e+03
7.089189314146248762e+03
7.089191186687772642e+03
7.089273877939746853e+03
7.089449484806186774e+03
7.089935686585510666e+03
7.089976116464697043e+03
7.090004355056748864e+03
7.090319177849125481e+03
7.090833617160881658e+03
7.090978208285489927e+03
7.091185694044332195e+03
7.091206247360518319e+03
7.091239088663286566e+03
7.091299285376837361e+03
7.091506075245788452e+03
7.091931516304189245e+03
7.092065761310101152e+03
7.092566273144543629e+03
7.092795249924170093e+03
7.092928067465699314e+03
7.093694037677620145e+03
7.093856155204464812e+03
7.093917915452423586e+03
7.094110507370126470e+03
7.094389291471622528e+03
7.094580636791183679e+03
7.094820140213248123e+03
7.095414951346804628e+03
7.095788890822566827e+03
7.096354340022635370e+03
7.096494208211666773e+03
7.097313200746602888e+03
7.097321123696241557e+03
7.098003898262538314e+03
7.098242382878258468e+03
7.098245275037951615e+03
7.098649606408412183e+03
7.098884782028882910e+03
7.098997757364500103e+03
7.099604889679069856e+03
7.099746829216677725e+03
7.100232952854562427e+03
7.100258390778944886e+03
7.100268630535851116e+03
7.100300794431360373e+03
7.100309328511941203e+03
7.100344371845979367e+03
7.100391782900783255e+03
7.100640179710020675e+03
7.100952752610783136e+03
7.101032234803330539e+03
7.101051807617680424e+03
7.101122932980335463e+03
7.101279237886232295e+03
7.102166819683914582e+03
7.102460881771097775e+03
7.102501526574706986e+03
7.102756421288143429e+03
7.103005690028594472e+03
7.103065655026973218e+03
7.103836243214976093e+03
7.103926976304711388e+03
7.104072625355079253e+03
7.104959355205499378e+03
7.105076403384579862e+03
7.105236081211764031e+03
7.105259323042404503e+03
7.105923703122349252e+03
7.106072993604963813e+03
7.106171524301340469e+03
7.107226996854701611e+03
7.107755252776055386e+03
7.108014673258343464e+03
7.108075824679250218e+03
7.108401632543716005e+03
7.109227637446666449e+03
7.109480769584312839e+03
7.109486077989177829e+03
7.110186519047908405e+03
7.110209796330616882e+03
7.110272005238835845e+03
7.110772970989266469e+03
7.111687566073275775e+03
7.111792732537471238e+03
7.112161843940095423e+03
7.112316498006517577e+03
7.112589209391295299e+03
7.113716290668794500e+03
7.113804844813218551e+03
7.114058109811378927e+03
7.114154234888617793e+03
7.114214639814745169e+03
7.114302759916344257e+03
7.114833310676775000e+03
7.115001560484881338e+03
7.115039408791185451e+03
7.115151417617480547e+03
7.115178255442989212e+03
7.115693624153070232e+03
7.115969890915409451e+03
7.116445622830964567e+03
7.116874254660415318e+03
7.117111327790109499e+03
7.117124895790288065e+03
7.117253410542136407e+03
7.117494677762879292e+03
7.117541820778749752e+03
7.117547745389949341e+03
7.117776731098801974e+03
7.118064616895579093e+03
7.118089903338312070e+03
7.118260396947122899e+03
7.118316328898013126e+03
7.118641859705816387e+03
7.118796224349787735e+03
7.119150050367480617e+03
7.119268216226008917e+03
7.119498005776806167e+03
7.119677784752537264e+03
7.120015187809502095e+03
7.121348198203136235e+03
7.122098545426607416e+03
7.122509212913903866e+03
7.122748818152209424e+03
7.123790042365825684e+03
7.124047951844728232e+03
7.124975226621515503e+03
7.125543622898299873e+03
7.125918913886220253e+03
7.126180963279910429e+03
7.126381909690906468e+03
7.126730220284787720e+03
7.126732721739699628e+03
7.126818333601660925e+03
7.126954417214717978e+03
7.127523057128119035e+03
7.128521070663755381e+03
7.128848659918287922e+03
7.129273054622294694e+03
7.129365439281146791e+03
7.129889513403678393e+03
7.130285736847979024e+03
7.130738670486533920e+03
7.131083775653013618e+03
7.131100836509046530e+03
7.131313289381694631e+03
7.131765640279861145e+03
7.132063255420744099e+03
7.132323513476071639e+03
7.132497194848472645e+03
7.132726737186061655e+03
7.133508679138360094e+03
7.133762022080468341e+03
7.133829182341002706e+03
7.135044044552642845e+03
7.135516330207649844e+03
7.136061080755537660e+03
7.136908353821096171e+03
7.136919528996003464e+03
7.137555558826538800e+03
7.138178182570486570e+03
7.138614952236785030e+03
7.138682677445842273e+03
7.138883513489348843e+03
7.139228079114955108e+03
7.139257064232481753e+03
7.139404655611335329e+03
7.139470294162144455e+03
7.139743316691498876e+03
7.140687092394407955e+03
7.140913837967961626e+03
7.141013271431376779e+03
7.141022347976891069e+03
7.141457674639715151e+03
7.141709755600584685e+03
7.141898692454207776e+03
7.141920108039398656e+03
7.142023423041675414e+03
7.142426875921319152e+03
7.142450493273761822e+03
7.142640331840636463e+03
7.143074533327205245e+03
7.143297381916571794e+03
7.143613571565467282e+03
7.144229102090171182e+03
7.144490201405953485e+03
7.144566556263635903e+03
7.145230580770165034e+03
7.145721565383452798e+03
7.146167919296461150e+03
7.146192764189487207e+03
7.147226283651222730e+03
7.147253755603182981e+03
7.147824620889006837e+03
7.147950200094218417e+03
7.149250543640428987e+03
7.149475945701848104e+03
7.149516337647955879e+03
7.150213324866444964e+03
7.150456047161025708e+03
7.150902958735750872e+03
7.151023899525737761e+03
7.151369002409614041e+03
7.151388652450825248e+03
7.151935210685217498e+03
7.152121529533358625e+03
7.152904306453488971e+03
7.153087136576892590e+03
7.153212274033822723e+03
7.153214089610359224e+03
7.153341980254153896e+03
7.154285335568662049e+03
7.154599593536153407e+03
7.154995360649762915e+03
7.155239813495883936e+03
7.155307978890522463e+03
7.155312734575770264e+03
7.155373837051763076e+03
7.156146712363867664e+03
7.156495804449617026e+03
7.156629855990923716e+03
7.156751887648475531e+03
7.157332078790734158e+03
7.157356795744402007e+03
7.157448803154707093e+03
7.157839733391169830e+03
7.157933896491149426e+03
7.157962425021080890e+03
7.158335750508831552e+03
7.158500177603476004e+03
7.159143767170865431e+03
7.159161044289373422e+03
7.159165809803686898e+03
7.159321687302559440e+03
7.159837817728251139e+03
7.159902430755117166e+03
7.160870923482793842e+03
7.161106199791694962e+03
7.161178690117885708e+03
7.161358931165522336e+03
7.161785391058983805e+03
7.162113805471766682e+03
7.162126137598133937e+03
7.162331995620114867e+03
7.162735734287911328e+03
7.163245212395259841e+03
7.163345751771021241e+03
7.163670736093760752e+03
7.163790313976807738e+03
7.164765859045530306e+03
7.165249252558044645e+03
7.165371361924129815e+03
7.165734707375888320e+03
7.166188803151262618e+03
7.166209654680890708e+03
7.166886370736777280e+03
7.166920680751171858e+03
7.167014372962182279e+03
7.167775132916885923e+03
7.167811894228525489e+03
7.167824701356105834e+03
7.168201624419394648e+03
7.168451114011875688e+03
7.169033435060769989e+03
7.169850828039463522e+03
7.170007079297317432e+03
7.170262077761152796e+03
7.170364939278237216e+03
7.170443274441005087e+03
7.170499024403027761e+03
7.171052431607117796e+03
7.171279892545760958e+03
7.171467810149374600e+03
7.171933895542147184e+03
7.172655413364696869e+03
7.172961262224133861e+03
7.173165675246478713e+03
7.173592723104527977e+03
7.173742495715804580e+03
7.174089823853551025e+03
7.174200011102783719e+03
7.174635410584529382e+03
7.174643580860914881e+03
7.174737646964095802e+03
7.176077475033532210e+03
7.176258469554462863e+03
7.176874723065964645e+03
7.176982225906064741e+03
7.178024331403550605e+03
7.178061660844397920e+03
7.178526213283177640e+03
7.178905935739245251e+03
7.178998254725896913e+03
7.179289534504962830e+03
7.179593765867214643e+03
7.180291580590942431e+03
7.180386252106172833e+03
7.180449772281572223e+03
7.181006471785468420e+03
7.181219782673358168e+03
7.181529544623823313e+03
7.181636479263922411e+03
7.181667299839592488e+03
7.182225735793501372e+03
7.182489275850006379e+03
7.182492821321218798e+03
7.182932420316039497e+03
7.183635165035336286e+03
7.183663068652790571e+03
7.183713409495097949e+03
7.183889076131532420e+03
7.184065633312385216e+03
7.184110736351116429e+03
7.184465834248509964e+03
7.184583050937282678e+03
7.184657895053340326e+03
7.184712442984990957e+03
7.184989826427221487e+03
7.185067381678029960e+03
7.185116143253733753e+03
7.185379439695117981e+03
7.185419086878275266e+03
7.185481220675564145e+03
7.185551564089997555e+03
7.185847594483942885e+03
7.186226205910714270e+03
7.186944329169367847e+03
7.186981951639071667e+03
7.186990504043284091e+03
7.187552480808061773e+03
7.187771575395142463e+03
7.187920867326716689e+03
7.188455041988046105e+03
7.188535984292568173e+03
7.188553621358050805e+03
7.189166660433146717e+03
7.189664075368184058e+03
7.189834896747826861e+03
7.190524458808685267e+03
7.190742486014957649e+03
7.191192374024966739e+03
7.191273621108829502e+03
7.191495149379481518e+03
7.191800637010072933e+03
7.192442330175023017e+03
7.192862881738929900e+03
7.192881018972336278e+03
7.192893870033191888e+03
7.193530267196711975e+03
7.193720821015042020e+03
7.193943052166806410e+03
7.194158150489187392e+03
7.194386897976015462e+03
7.194689530896125689e+03
7.194937922994484325e+03
7.194965569438862985e+03
7.195056092316820468e+03
7.195306796518268129e+03
7.195697954267471687e+03
7.195771148137038836e+03
7.196318866591932419e+03
7.196906914857440825e+03
7.197051841625529050e+03
7.197533571529811525e+03
7.197761420971643020e+03
7.197796424175814536e+03
7.198848088865001955e+03
7.199264328485208353e+03
7.199782957783871097e+03
7.199835156897588604e+03
