0.000000
0.023057
0.153105
0.153332
0.178847
0.427654
0.428319
0.506128
0.541065
0.548274
0.551166
0.553995
0.599651
0.602380
0.610592
0.661532
0.667121
0.712006
0.719105
0.751069
0.753798
0.919399
1.004909
1.042011
1.047484
1.047531
1.106418
1.130699
1.142621
1.243636
1.256756
1.345215
1.426489
1.437509
1.447783
1.469906
1.494515
1.610175
1.633263
1.637245
1.680154
1.760085
1.886463
1.928020
1.967661
1.973651
2.087760
2.139091
2.219047
2.228056
2.292270
2.302290
2.320159
2.352492
2.362647
2.373013
2.389543
2.399747
2.417578
2.441357
2.446307
2.463484
2.575525
2.656966
2.664501
2.666739
2.671821
2.688494
2.718857
2.792631
2.849287
2.860278
2.860812
2.897288
2.950729
2.956259
2.975190
2.980252
3.001214
3.067405
3.090184
3.109451
3.112981
3.195202
3.196039
3.317414
3.342103
3.354537
3.356597
3.464206
3.465614
3.513866
3.521769
3.605424
3.606164
3.693585
3.884857
3.920744
3.949005
4.003775
4.034301
4.170830
4.230569
4.279329
4.371026
4.417467
4.500898
4.568874
4.606034
4.655498
4.697548
4.739218
4.812121
4.823393
4.847322
4.853232
4.902901
4.950863
4.968221
5.021787
5.076830
5.099549
5.117576
5.164934
5.171931
5.207768
5.248124
5.278316
5.316601
5.340332
5.342130
5.421291
5.424791
5.436929
5.483597
5.487208
5.601871
5.689134
5.739466
5.746851
5.747341
5.776571
5.876508
5.899791
5.917803
5.938188
5.945487
5.985640
5.993177
6.019708
6.052147
6.152234
6.185607
6.196863
6.331432
6.350207
6.357720
6.398809
6.587987
6.636929
6.638019
6.739309
6.742855
6.796379
6.805089
6.809667
6.851710
6.865567
6.899957
6.901984
7.044791
7.065037
7.068664
7.176819
7.212033
7.225731
7.233879
7.293625
7.392530
7.409160
7.474740
7.497070
7.526971
7.533195
7.552373
7.671214
7.803988
7.826217
7.845421
7.857171
7.868325
7.921692
8.038116
8.121346
8.175223
8.220654
8.242776
8.290506
8.409518
8.441307
8.450043
8.459085
8.500453
8.532034
8.533946
8.546419
8.551338
8.561557
8.588374
8.613119
8.616170
8.643186
8.643480
8.723132
8.738713
8.798221
8.816502
8.838260
8.846437
8.874161
8.879169
8.893202
8.973819
9.022275
9.037134
9.062333
9.108652
9.144361
9.172317
9.179409
9.264749
9.385825
9.400034
9.424026
9.442895
9.500211
9.501634
9.683778
9.697715
9.707670
9.734785
9.750942
9.753906
9.815243
9.848444
9.920369
10.024871
10.137628
10.153323
10.158988
10.269700
10.314103
10.341255
10.344896
10.363345
10.367391
10.384825
10.450300
10.479673
10.535580
10.536637
10.621996
10.632834
10.666854
10.692272
10.693130
10.711762
10.758168
10.787074
10.821985
10.849596
10.988846
11.072590
11.083364
11.121403
11.198863
11.286106
11.300145
11.302518
11.373207
11.414984
11.424828
11.433433
11.436161
11.442671
11.524922
11.556479
11.577347
11.693015
11.724145
11.728034
11.773218
11.847145
11.923392
11.928738
11.933066
11.954467
11.972391
11.997023
12.158665
12.158921
12.167809
12.168863
12.198413
12.208271
12.210913
12.218130
12.235568
12.263084
12.293273
12.340351
12.347898
12.400247
12.420593
12.421142
12.422139
12.438165
12.473800
12.557884
12.636127
12.641545
12.726822
12.742676
12.816954
12.845360
12.861390
13.034625
13.088930
13.090463
13.193788
13.234654
13.294723
13.297961
13.336132
13.414770
13.424505
13.449574
13.466488
13.541723
13.555478
13.562567
13.659578
13.729959
13.775121
13.798386
13.814808
13.829476
13.856358
13.890061
13.901859
13.945298
13.979709
14.024404
14.031519
14.062989
14.108078
14.134436
14.147126
14.157474
14.172139
14.207397
14.254960
14.264942
14.270379
14.284642
14.437695
14.439657
14.445370
14.449241
14.463759
14.499629
14.564549
14.641329
14.703825
14.712214
14.812602
14.830934
14.835540
14.887256
14.926162
14.951909
14.992584
15.020807
15.027811
15.107231
15.116642
15.126290
15.183755
15.223792
15.239512
15.251906
15.298643
15.334457
15.348367
15.404144
15.407030
15.421205
15.448427
15.460273
15.462974
15.485895
15.728142
15.731431
15.743450
15.743835
15.747696
15.802227
15.816348
15.857359
15.915939
15.946611
15.956240
15.999296
16.004760
16.028500
16.038517
16.041867
16.140978
16.146392
16.186470
16.254448
16.271889
16.317627
16.337551
16.351426
16.363142
16.370713
16.390904
16.426483
16.432319
16.449066
16.506797
16.516237
16.521966
16.658812
16.827366
16.921155
16.951878
17.001259
17.025854
17.093234
17.112494
17.187257
17.195407
17.234968
17.267626
17.295783
17.306988
17.341654
17.442081
17.442462
17.445621
17.483652
17.517601
17.518393
17.651925
17.654961
17.685087
17.688443
17.693911
17.699972
17.704152
17.748051
17.769158
17.821746
17.885114
17.948791
17.967201
17.997009
18.056318
18.094956
18.148448
18.193967
18.195421
18.278603
18.416522
18.419804
18.437427
18.479111
18.495719
18.571052
18.585397
18.594042
18.634335
18.643769
18.666771
18.677722
18.800931
18.864544
18.903635
18.942464
18.982716
19.005198
19.011455
19.018184
19.064773
19.151651
19.163584
19.206743
19.240413
19.305501
19.340514
19.518141
19.524203
19.569030
19.617243
19.622990
19.717100
19.817116
19.822351
19.825908
19.906732
19.926407
20.050805
20.097576
20.121216
20.129941
20.146538
20.228494
20.303678
20.314052
20.329681
20.335684
20.356010
20.509722
20.542698
20.558363
20.651198
20.653705
20.657385
20.662399
20.674897
20.730563
20.787545
20.815128
20.849462
20.866358
20.873160
21.010861
21.022513
21.051871
21.063216
21.077195
21.242178
21.265860
21.273233
21.275833
21.301542
21.414111
21.422525
21.431637
21.480999
21.561729
21.564054
21.663386
21.664181
21.669458
21.679270
21.943278
21.974890
22.007166
22.094779
22.106364
22.145468
22.148930
22.181267
22.262759
22.278724
22.285709
22.325576
22.326048
22.377702
22.382161
22.405627
22.464199
22.499984
22.503486
22.511392
22.587125
22.642063
22.672117
22.682513
22.813078
22.848310
23.041874
23.141727
23.161030
23.161051
23.182891
23.204903
23.242590
23.262680
23.266582
23.287302
23.428110
23.482264
23.492575
23.532679
23.577251
23.578922
23.610857
23.638669
23.642148
23.694221
23.705283
23.707332
23.754522
23.787419
23.841129
23.866125
23.905464
23.981131
24.010059
24.013494
24.078134
24.093470
24.095530
24.130292
24.172797
24.205226
24.224909
24.295264
24.299223
24.309173
24.312237
24.359744
24.362977
24.365448
24.369854
24.411834
24.421604
24.546875
24.584157
24.615633
24.693187
24.766910
24.780208
24.810859
24.818408
24.847849
24.908124
24.915216
24.951666
25.032561
25.058618
25.059265
25.063899
25.107134
25.109302
25.111349
25.162453
25.180462
25.210049
25.234516
25.301657
25.303260
25.313069
25.322294
25.377435
25.381382
25.402087
25.540351
25.540763
25.564072
25.566498
25.570205
25.594874
25.731073
25.733013
25.739920
25.744260
25.776737
25.799942
25.808649
25.816302
25.886444
25.918595
25.922689
25.938560
25.953791
25.958664
25.998692
26.011798
26.018237
26.021961
26.056329
26.158099
26.165390
26.210479
26.239336
26.322745
26.332167
26.381105
26.403811
26.430683
26.475610
26.484130
26.526657
26.550938
26.558897
26.574440
26.590231
26.708287
26.782316
26.807412
26.818204
26.841185
26.885458
26.910775
26.910884
26.920184
27.000686
27.093081
27.112277
27.155107
27.161813
27.181874
27.205848
27.226783
27.226958
27.295251
27.319211
27.326443
27.344362
27.349037
27.363236
27.379805
27.423409
27.453977
27.475129
27.521060
27.563589
27.593661
27.599954
27.632004
27.713453
27.730440
27.770391
27.848743
27.865992
27.870215
27.873181
27.973593
28.013179
28.069555
28.075306
28.102825
28.146425
28.199644
28.292322
28.416670
28.423992
28.440312
28.446914
28.474138
28.488159
28.542767
28.608589
28.622755
28.624440
28.677961
28.730127
28.735434
28.746448
28.759092
28.767794
28.843490
28.868743
28.876142
28.895290
28.941111
28.979500
29.004233
29.048831
29.050326
29.056846
29.072510
29.118398
29.124290
29.196319
29.223070
29.304280
29.316750
29.453679
29.580385
29.583386
29.589371
29.617081
29.647727
29.692046
29.692140
29.706841
29.740042
29.945647
30.019248
30.031863
30.088143
30.134626
30.158287
30.223457
30.250209
30.257976
30.267480
30.271944
30.278146
30.478746
30.531773
30.542923
30.552428
30.593645
30.616325
30.664686
30.700288
30.794420
30.796953
30.823140
30.826147
30.840287
30.843752
30.918614
30.952399
30.964224
30.977668
30.982434
30.999573
31.017427
31.046549
31.057028
31.153857
31.164306
31.164740
31.214332
31.219792
31.242569
31.351019
31.418692
31.459442
31.492375
31.532096
31.586009
31.613753
31.613901
31.653998
31.693234
31.715908
31.777695
31.799286
31.844142
31.859207
31.899579
31.923611
31.953179
31.962776
31.975293
32.055957
32.089342
32.131409
32.199744
32.206943
32.231883
32.265371
32.310890
32.335021
32.345980
32.363336
32.365051
32.382432
32.429076
32.443933
32.567147
32.589377
32.638110
32.667090
32.682907
32.697375
32.717988
32.726442
32.750018
32.761306
32.769404
32.853459
32.871066
32.959928
32.995267
33.030836
33.081505
33.082800
33.097359
33.199823
33.246039
33.280372
33.317439
33.367522
33.404726
33.409949
33.426649
33.434847
33.462776
33.474711
33.477879
33.504879
33.506746
33.535042
33.561782
33.661604
33.688198
33.693307
33.748774
33.765029
33.770428
33.822075
33.868230
33.899834
33.908686
33.909334
33.965595
34.093789
34.172496
34.186955
34.209970
34.222154
34.228959
34.241750
34.303737
34.333230
34.414987
34.421288
34.473782
34.523476
34.539892
34.556655
34.578377
34.595514
34.656356
34.656756
34.709428
34.726290
34.750136
34.760248
34.811365
34.815290
34.821986
34.835536
34.841113
34.855167
34.895696
35.043536
35.158444
35.169806
35.193062
35.219793
35.223579
35.250028
35.286659
35.431491
35.434869
35.464197
35.480974
35.488403
35.553761
35.678156
35.711876
35.732911
35.790149
35.803822
35.818652
35.840717
35.920604
35.922443
35.944668
36.037947
36.166512
36.188245
36.191585
36.211666
36.217317
36.219539
36.294194
36.328441
36.333534
36.390579
36.412053
36.412677
36.463570
36.466431
36.531704
36.537209
36.564309
36.567270
36.612363
36.623496
36.626417
36.628412
36.732719
36.800341
36.862570
36.867262
36.899955
36.945980
36.953001
36.965747
37.003833
37.046338
37.052161
37.080030
37.092896
37.106372
37.194457
37.228437
37.257658
37.302446
37.346597
37.389004
37.422936
37.573678
37.634540
37.646358
37.651154
37.670800
37.710449
37.751790
37.796831
37.877194
37.890436
37.892631
37.895072
37.901635
37.901844
37.902747
37.920513
37.921956
37.980108
37.990821
38.013500
38.029281
38.044440
38.110946
38.128595
38.185050
38.256282
38.273447
38.301293
38.302134
38.302196
38.314147
38.314964
38.355552
38.392556
38.406784
38.409825
38.423495
38.483027
38.494899
38.519388
38.537909
38.568916
38.585531
38.596321
38.615924
38.705281
38.750902
38.839233
38.922567
38.929209
38.930562
38.949864
38.993985
39.037378
39.053084
39.061301
39.092181
39.118262
39.180982
39.185841
39.211685
39.222739
39.264982
39.344075
39.439198
39.511192
39.567977
39.576225
39.643634
39.644811
39.652249
39.677220
39.686114
39.696683
39.700907
39.802246
39.821272
39.846576
39.851729
39.873600
39.904226
39.993205
40.014934
40.103417
40.243345
40.306707
40.376489
40.406218
40.510947
40.526931
40.550834
40.567807
40.597309
40.617804
40.655332
40.689836
40.701258
40.704666
40.734636
40.769044
40.777312
40.793074
40.813174
40.818950
40.868345
40.885496
41.132078
41.191832
41.277731
41.319762
41.342208
41.347173
41.373300
41.389931
41.498243
41.543654
41.554581
41.567741
41.607029
41.645598
41.650567
41.757702
41.828328
41.914790
41.998596
42.013291
42.019341
42.030280
42.254460
42.284210
42.306415
42.359580
42.388193
42.393581
42.454219
42.557071
42.603923
42.605417
42.725315
42.809325
42.860383
42.877908
42.889406
42.890991
42.954601
42.971540
42.971686
42.978657
43.019779
43.042006
43.080812
43.118063
43.158804
43.168289
43.179469
43.190657
43.191984
43.219169
43.308890
43.395279
43.439346
43.439923
43.465505
43.469854
43.488363
43.491784
43.564106
43.575154
43.584304
43.585169
43.597905
43.610076
43.740733
43.754025
43.776467
43.810928
43.811903
43.814214
43.835686
43.865301
43.868880
43.870148
43.887112
43.914734
43.922354
44.001402
44.034360
44.079344
44.123195
44.141519
44.175506
44.194137
44.234677
44.275263
44.513406
44.519287
44.526200
44.546218
44.579288
44.630279
44.644553
44.662640
44.679098
44.708248
44.740307
44.762924
44.795616
44.798751
44.800555
44.836117
44.867809
44.870330
44.874706
44.882323
44.882804
44.902763
44.938272
44.960440
45.033365
45.069188
45.083172
45.089800
45.101701
45.107981
45.143961
45.147334
45.209389
45.225671
45.273841
45.335557
45.342118
45.345407
45.363792
45.383118
45.405677
45.408396
45.437410
45.441657
45.498921
45.502740
45.506372
45.514411
45.539176
45.579022
45.630781
45.690283
45.742044
45.749264
45.775966
45.805306
45.860578
45.924198
45.964434
45.978720
45.987483
46.013643
46.051970
46.081094
46.111533
46.125304
46.137890
46.179786
46.310416
46.343329
46.376904
46.413402
46.441102
46.464653
46.519626
46.567138
46.606125
46.645445
46.663039
46.665866
46.691672
46.731592
46.742894
46.760490
46.775514
46.779183
46.860637
46.862219
46.899370
46.911079
46.917267
47.014914
47.033532
47.039576
47.042808
47.096198
47.197720
47.234002
47.241571
47.276143
47.296973
47.320471
47.351610
47.356493
47.503334
47.568984
47.572487
47.632220
47.687853
47.710258
47.775097
47.877581
47.893592
47.980453
47.985744
47.998141
48.096882
48.125238
48.126069
48.151425
48.175333
48.181041
48.247500
48.262624
48.276952
48.303192
48.315178
48.349599
48.380672
48.390501
48.415838
48.416233
48.422938
48.436124
48.443867
48.473968
48.543560
48.577506
48.602828
48.773435
48.849886
48.893271
48.901963
48.925996
48.935513
48.942667
48.952117
48.994846
49.012996
49.087955
49.143879
49.218176
49.237397
49.263340
49.311700
49.324955
49.326540
49.341665
49.343939
49.461506
49.537020
49.568949
49.572924
49.627577
49.627782
49.684435
49.686001
49.717079
49.780938
49.784147
49.793030
49.809148
49.852596
49.873033
49.951783
49.956749
49.967564
49.995877
50.001340
50.037627
50.058932
50.164984
50.165818
50.235978
50.288623
50.307645
50.329079
50.402132
50.409799
50.554175
50.607073
50.616006
50.620040
50.684637
50.716501
50.813156
50.822101
50.862545
50.951205
51.026863
51.111364
51.167152
51.345484
51.352717
51.376264
51.388317
51.546507
51.573688
51.630239
51.641306
51.775015
51.797438
51.874990
51.878897
51.933528
51.945063
51.956848
52.009563
52.016370
52.023835
52.056739
52.080754
52.158884
52.180321
52.226840
52.316119
52.343136
52.376644
52.400206
52.416987
52.432542
52.451039
52.454486
52.476453
52.503961
52.587984
52.588768
52.631496
52.681809
52.782601
52.833561
52.884531
52.944519
52.953672
52.965499
52.971772
53.043740
53.093837
53.117411
53.138105
53.140179
53.303386
53.311421
53.324865
53.371705
53.397532
53.515380
53.525674
53.526081
53.644368
53.653477
53.721752
53.727243
53.763126
53.778626
53.778832
53.832343
53.873564
53.911703
53.993883
54.006513
54.043019
54.124289
54.143459
54.155753
54.196318
54.199186
54.218609
54.249411
54.274797
54.317090
54.356984
54.486646
54.513832
54.545621
54.546544
54.602035
54.704915
54.719766
54.728066
54.731343
54.735897
54.744563
54.775409
54.798344
54.864726
54.900991
55.001568
55.008125
55.021535
55.116788
55.230722
55.282086
55.294933
55.301664
55.324550
55.346233
55.383542
55.385268
55.418220
55.426768
55.497902
55.525961
55.558330
55.683137
55.705173
55.791079
55.796849
55.819979
55.834363
55.866263
55.964666
55.970529
56.040893
56.044020
56.095491
56.109633
56.145250
56.176906
56.184093
56.237261
56.364189
56.507133
56.523047
56.530427
56.562710
56.651118
56.683718
56.687146
56.734973
56.786040
56.812424
56.814875
56.910732
56.911755
56.960414
56.967231
56.969735
56.987918
57.034666
57.047247
57.090698
57.097741
57.099088
57.160862
57.183649
57.203149
57.230438
57.262419
57.265368
57.407043
57.409783
57.458217
57.486638
57.498036
57.555671
57.555782
57.578265
57.588800
57.592514
57.690323
57.731904
57.776350
57.798442
57.821240
57.822846
57.830597
57.837656
57.881359
57.926108
57.931064
57.974686
58.008433
58.020481
58.142270
58.148966
58.174273
58.192770
58.267481
58.271562
58.297337
58.327332
58.450825
58.470147
58.501494
58.606199
58.701975
58.709762
58.712035
58.765371
58.825175
58.869631
58.892414
59.130296
59.165295
59.184631
59.194733
59.259095
59.292721
59.344131
59.356870
59.362787
59.370243
59.370389
59.424394
59.472036
59.483534
59.555423
59.588541
59.644335
59.704775
59.707963
59.715502
59.734255
59.797831
59.853189
59.878567
59.899698
59.969189
60.003400
60.021562
60.035472
60.041204
60.054744
60.083606
60.149284
60.187322
60.205442
60.208955
60.276595
60.289259
60.358314
60.429966
60.478738
60.501967
60.532818
60.535198
60.715141
60.743384
60.763000
60.775153
60.791723
60.803853
60.811061
60.811796
60.886692
60.923457
60.983048
61.082078
61.090979
61.113588
61.138347
61.141723
61.144416
61.156972
61.246353
61.255091
61.322116
61.419164
61.428194
61.428452
61.486409
61.498536
61.528177
61.549598
61.555563
61.642703
61.654292
61.680999
61.689411
61.726470
61.889598
61.909719
61.914919
61.984288
62.090546
62.102534
62.123282
62.186150
62.341380
62.383319
62.392654
62.397108
62.416489
62.431317
62.451040
62.529309
62.551096
62.599106
62.661897
62.685503
62.700258
62.812849
62.839292
62.839460
62.843036
62.960612
62.975467
63.063535
63.081890
63.122242
63.151329
63.234994
63.293006
63.296563
63.353308
63.373461
63.379681
63.427960
63.445209
63.484649
63.496804
63.510213
63.596242
63.658570
63.719569
63.787050
63.808641
63.823212
63.862341
63.865231
63.884656
63.904627
63.906473
63.949557
63.953269
63.964329
64.011053
64.084777
64.089754
64.142292
64.173617
64.237177
64.243082
64.250279
64.260125
64.355413
64.373261
64.413884
64.481785
64.523794
64.553923
64.653172
64.677742
64.702460
64.713949
64.782802
64.797959
64.825158
64.829816
64.834172
64.835827
64.911081
64.964680
64.998153
64.999348
65.031213
65.046654
65.145876
65.189734
65.202061
65.205386
65.239967
65.277295
65.308427
65.367566
65.378449
65.482137
65.599708
65.643921
65.683893
65.701759
65.773392
65.791731
65.795072
65.814310
65.864297
65.986879
66.054654
66.059782
66.079029
66.107534
66.107775
66.108923
66.126963
66.137072
66.164677
66.177872
66.197658
66.199636
66.210411
66.286052
66.287878
66.394115
66.394223
66.396142
66.397115
66.460524
66.477252
66.540782
66.566863
66.610765
66.623842
66.638457
66.654960
66.668876
66.730930
66.753611
66.756177
66.794979
66.795864
66.845464
66.867454
66.872926
66.921413
66.946008
66.949746
67.050126
67.088955
67.272710
67.303129
67.424578
67.450400
67.461082
67.484996
67.519844
67.524035
67.576934
67.579576
67.621116
67.643246
67.807836
67.816302
67.818432
67.842125
67.912623
67.994987
68.057080
68.130343
68.146012
68.205509
68.214489
68.225896
68.228699
68.269690
68.329695
68.368194
68.369401
68.432187
68.434559
68.438276
68.453772
68.468869
68.530879
68.727794
68.736741
68.774608
68.787689
68.847482
68.885061
68.890893
68.903633
68.937331
69.024635
69.065735
69.071338
69.087852
69.089261
69.101197
69.173701
69.226047
69.226442
69.231146
69.283408
69.298929
69.329468
69.366510
69.372036
69.428470
69.448292
69.482873
69.611205
69.646875
69.653593
69.658478
69.746906
69.755116
69.780077
69.816713
69.867463
69.916667
70.000056
70.003090
70.037521
70.121884
70.125487
70.370786
70.388450
70.401203
70.457114
70.532792
70.538032
70.563065
70.566237
70.567967
70.592543
70.644165
70.683306
70.691527
70.718079
70.739117
70.814996
70.836421
70.886142
70.915279
70.950516
70.963190
70.966437
70.992688
71.079202
71.123647
71.152906
71.176971
71.189707
71.225587
71.253471
71.275429
71.301825
71.328691
71.336701
71.340529
71.356571
71.418632
71.436150
71.512907
71.517367
71.527748
71.566227
71.579115
71.582164
71.592786
71.639502
71.681734
71.741599
71.759775
71.801160
71.804440
71.863111
71.868453
71.894119
71.899784
71.906857
71.969270
72.014468
72.110610
72.212130
72.223255
72.303757
72.322024
72.328960
72.367769
72.384013
72.436502
72.504180
72.515419
72.573066
72.582517
72.598276
72.643148
72.673522
72.805075
72.857683
72.912347
72.928560
72.937624
72.982602
72.986453
73.017027
73.034417
73.063354
73.075058
73.152010
73.169556
73.237316
73.247538
73.261483
73.288504
73.295974
73.320847
73.336532
73.402446
73.420714
73.444681
73.485204
73.593318
73.623607
73.695778
73.781957
73.800234
73.817074
73.843530
73.934408
73.935324
73.998172
74.240604
74.273948
74.291189
74.314080
74.494744
74.510947
74.581226
74.689274
74.805514
74.843593
74.858647
74.877665
74.893421
74.921741
74.937020
74.962132
74.989949
75.002191
75.006271
75.087676
75.105055
75.133390
75.170736
75.199869
75.322926
75.390601
75.428195
75.429913
75.439038
75.447991
75.471797
75.486302
75.526949
75.583622
75.685003
75.691736
75.719308
75.766999
75.796838
75.805127
75.815781
75.818076
75.850159
75.925436
75.934040
75.953683
75.990506
75.990780
76.059022
76.070770
76.085275
76.108017
76.123535
76.136481
76.146704
76.256042
76.334025
76.379784
76.396470
76.415862
76.456538
76.458134
76.503620
76.541363
76.593866
76.632988
76.633164
76.699767
76.700514
76.741906
76.834159
76.850514
76.870327
76.902154
76.921200
76.964035
76.975710
76.982187
77.005571
77.047038
77.109599
77.119531
77.158841
77.192119
77.221442
77.272534
77.290337
77.298112
77.450062
77.459362
77.524680
77.533731
77.535516
77.577146
77.622666
77.623065
77.632609
77.728911
77.748994
77.793289
77.823720
77.837187
77.905957
77.955833
78.072541
78.074795
78.104337
78.180088
78.295150
78.315907
78.318180
78.327601
78.330152
78.364225
78.372382
78.392627
78.669044
78.724543
78.746440
78.760713
78.765154
78.792848
78.819853
78.822912
78.896432
78.939704
78.966121
79.027461
79.185120
79.191386
79.192503
79.211701
79.273830
79.314246
79.364247
79.380736
79.382560
79.399532
79.404044
79.522480
79.569323
79.613637
79.626437
79.656282
79.693188
79.702928
79.719486
79.755604
79.769683
79.787199
79.856290
79.862487
79.865601
79.872583
79.924320
79.997015
80.053210
80.079933
80.150596
80.155576
80.172043
80.210255
80.336764
80.409374
80.484695
80.537242
80.641064
80.652404
80.666502
80.671062
80.673687
80.753005
80.861260
80.865809
80.923379
80.950501
81.013357
81.014801
81.015884
81.038958
81.039461
81.061982
81.103109
81.106137
81.165358
81.169193
81.201499
81.248193
81.330760
81.389303
81.415587
81.419792
81.445833
81.496596
81.562917
81.663882
81.805534
81.879622
81.890830
81.900956
81.939691
81.990843
82.020613
82.022073
82.077307
82.111790
82.129958
82.137708
82.320895
82.397157
82.436739
82.461824
82.472913
82.476597
82.541377
82.543851
82.594669
82.652382
82.670245
82.676059
82.683385
82.702060
82.706538
82.749915
82.853259
82.919887
82.929753
82.935468
82.958067
83.015568
83.171567
83.174360
83.178297
83.195595
83.201804
83.205753
83.221929
83.269335
83.277121
83.299552
83.302510
83.345343
83.345474
83.376817
83.382762
83.438062
83.452616
83.489977
83.526893
83.557170
83.581023
83.596925
83.625019
83.639028
83.644744
83.672103
83.688256
83.692833
83.757630
83.763300
83.769456
83.775479
83.789808
83.878282
83.887393
83.911177
83.963210
83.985436
83.989493
84.023853
84.028088
84.107481
84.147402
84.193293
84.220100
84.235846
84.236461
84.286978
84.382190
84.388873
84.412422
84.462427
84.481570
84.607317
84.632784
84.676515
84.697694
84.761482
84.834993
84.875537
84.939256
85.059147
85.079962
85.162921
85.176050
85.396967
85.417173
85.447708
85.473148
85.479329
85.485738
85.489213
85.495285
85.495798
85.496223
85.507404
85.592037
85.614578
85.639321
85.665492
85.672958
85.697296
85.883903
85.917507
85.962363
86.013056
86.016485
86.036805
86.041593
86.044522
86.131278
86.161689
86.263306
86.264168
86.310903
86.355983
86.377918
86.400218
86.495016
86.506642
86.508071
86.516894
86.614474
86.636190
86.755670
86.775382
86.777558
86.779019
86.805295
86.816071
86.821177
86.831991
86.872034
86.908117
86.975423
86.977854
87.032742
87.141229
87.227583
87.271204
87.273869
87.280300
87.299935
87.307941
87.341642
87.443573
87.517520
87.588184
87.592776
87.629003
87.697617
87.724891
87.783637
87.833106
87.855738
87.873037
87.874122
87.880851
87.892422
87.893833
87.905103
87.913660
87.935809
87.976016
87.988170
88.029970
88.054643
88.060842
88.147548
88.160699
88.186764
88.187956
88.195339
88.227208
88.236753
88.238238
88.244876
88.288783
88.294868
88.359889
88.456049
88.481693
88.525077
88.537728
88.608258
88.615162
88.622871
88.630344
88.724285
88.728546
88.761997
88.768341
88.771006
88.829649
88.831198
88.837473
88.852298
88.947376
88.988752
89.065413
89.083985
89.182244
89.297631
89.373619
89.407788
89.416910
89.418846
89.478316
89.546656
89.585815
89.668591
89.677543
89.686125
89.763214
89.777931
89.793556
89.817827
89.846695
89.891659
89.908450
89.954014
90.055146
90.078004
90.099920
90.113812
90.158033
90.169391
90.178154
90.198588
90.219094
90.275870
90.294273
90.297091
90.341929
90.348594
90.444912
90.452960
90.563486
90.572285
90.626803
90.682782
90.819467
90.843847
90.899916
90.935900
91.038272
91.134288
91.146771
91.153902
91.183391
91.229991
91.297304
91.368978
91.404263
91.416906
91.432619
91.455780
91.469838
91.474937
91.478489
91.540092
91.549481
91.625117
91.627019
91.719456
91.787285
91.812723
91.814164
91.819432
91.915528
91.917994
91.929648
91.994655
92.045456
92.047160
92.061311
92.087799
92.121058
92.179863
92.180547
92.207277
92.214474
92.296534
92.298549
92.350385
92.437760
92.462450
92.476354
92.484737
92.559108
92.658742
92.711994
92.756125
92.838099
92.893123
92.924038
92.928241
92.931833
92.937994
92.995727
93.050892
93.069980
93.079228
93.092665
93.103841
93.112227
93.168473
93.241134
93.241618
93.304911
93.332172
93.365934
93.379388
93.389975
93.412933
93.454738
93.561200
93.598194
93.599930
93.606485
93.636173
93.680620
93.694206
93.724383
93.761304
93.835286
93.871273
93.885697
93.907658
93.922001
93.923789
93.943341
93.978732
94.007398
94.098799
94.195649
94.211947
94.330906
94.347081
94.361916
94.366707
94.483743
94.487942
94.522836
94.599196
94.621072
94.685339
94.688963
94.752628
94.757863
94.792902
94.795690
94.803923
94.851685
94.923620
94.943672
94.944303
94.949228
94.956015
94.983477
95.032730
95.033530
95.040640
95.085315
95.128856
95.250518
95.296915
95.339291
95.342864
95.367376
95.413000
95.432909
95.454503
95.455329
95.463665
95.565458
95.608562
95.646402
95.654981
95.673695
95.790099
95.799124
95.830430
95.887393
95.960770
95.986724
96.004381
96.108392
96.117627
96.169662
96.197983
96.212731
96.266079
96.302950
96.381464
96.400063
96.415577
96.424921
96.492569
96.521854
96.528588
96.582416
96.615787
96.650273
96.691957
96.730625
96.758402
96.806536
96.857044
96.862252
96.997150
97.007066
97.012896
97.023615
97.136465
97.170037
97.191690
97.192771
97.284146
97.350359
97.361483
97.381846
97.405410
97.414972
97.424963
97.473229
97.491128
97.564485
97.590627
97.599928
97.666749
97.699829
97.742852
97.743071
97.747119
97.798493
97.854115
97.867610
97.892227
97.892799
97.895200
97.933101
98.078762
98.159723
98.177947
98.181806
98.222931
98.232612
98.261460
98.266419
98.296848
98.308345
98.315121
98.441365
98.461790
98.570603
98.681259
98.727979
98.775100
98.807502
98.829700
98.829941
98.834735
98.835769
98.849245
98.864399
98.869000
98.884827
98.904239
98.974701
99.067911
99.108478
99.119320
99.124923
99.145512
99.145684
99.148004
99.151129
99.190923
99.199215
99.212934
99.232570
99.232764
99.238314
99.297540
99.306984
99.403311
99.449037
99.468238
99.474988
99.487939
99.559950
99.579668
99.594670
99.704791
99.744106
99.789913
99.805710
99.883542
99.912516
100.031578
100.048533
100.048543
100.066478
100.078909
100.135904
100.213426
100.268200
100.292714
100.300411
100.423931
100.436212
100.507879
100.537659
100.583949
100.596925
100.597123
100.628579
100.713139
100.795353
100.797802
100.816883
100.841492
100.867618
100.912879
100.916257
100.928918
100.967792
101.071884
101.111900
101.118725
101.195186
101.238835
101.263213
101.265268
101.343268
101.386869
101.438218
101.477068
101.522184
101.553051
101.574185
101.597333
101.607942
101.746369
101.758984
101.771862
101.816221
101.835686
101.889037
101.920468
101.927007
101.962578
102.072379
102.142209
102.245367
102.274980
102.323804
102.324455
102.333897
102.334510
102.370777
102.400667
102.423424
102.479115
102.641945
102.729530
102.815517
102.822323
102.917100
102.953199
103.041639
103.107144
103.135005
103.137369
103.200574
103.219640
103.235366
103.242988
103.278977
103.331386
103.412006
103.424152
103.560997
103.604680
103.619708
103.638138
103.677169
103.708966
103.720647
103.728790
103.776551
103.786947
103.792683
103.821596
103.837857
103.901861
103.908675
103.929226
103.937341
103.939162
103.975949
104.053573
104.121998
104.140687
104.159012
104.205311
104.236264
104.334563
104.347709
104.350746
104.353774
104.397995
104.439783
104.491769
104.517786
104.568534
104.571525
104.619688
104.638346
104.660527
104.662121
104.666161
104.696774
104.704600
104.751334
104.761146
104.802721
104.872958
104.905312
105.000262
105.004239
105.023364
105.036905
105.124707
105.136219
105.187719
105.213914
105.255830
105.264093
105.463704
105.475215
105.592298
105.616012
105.617961
105.650049
105.656903
105.778427
105.841937
105.885225
105.917385
105.985973
105.989815
105.999337
106.017373
106.024069
106.088772
106.113278
106.114098
106.134278
106.208943
106.259051
106.265582
106.288154
106.293396
106.336654
106.356967
106.386783
106.390182
106.677660
106.716833
106.741448
106.782128
106.809030
106.856059
106.892867
106.912884
107.025652
107.043025
107.257550
107.269240
107.270221
107.284637
107.293806
107.299612
107.351942
107.413547
107.426317
107.454746
107.487884
107.520318
107.594363
107.645305
107.645312
107.674850
107.771517
107.788162
107.804959
107.864499
107.965246
108.006718
108.021721
108.062818
108.078977
108.174089
108.182022
108.251319
108.278170
108.388104
108.460068
108.465125
108.497258
108.540061
108.574242
108.583560
108.669148
108.735550
108.740349
108.784807
108.794694
108.859289
108.861846
108.878129
108.905494
108.994502
109.125941
109.138399
109.213964
109.282686
109.308712
109.399003
109.406369
109.462314
109.476639
109.560605
109.591396
109.617182
109.629264
109.686328
109.732735
109.752405
109.797136
109.798406
109.819876
109.853854
109.858819
109.970340
109.999116
110.036041
110.050250
110.055512
110.122979
110.153782
110.158634
110.210527
110.257138
110.263527
110.265687
110.371695
110.386716
110.389814
110.422078
110.470469
110.482356
110.512163
110.530014
110.531031
110.553579
110.567348
110.582512
110.583464
110.783949
110.787135
110.799848
110.876896
110.890990
110.997242
111.022642
111.079698
111.095594
111.097551
111.098240
111.253677
111.274399
111.295941
111.309609
111.462161
111.508311
111.697485
111.798187
111.849802
111.864679
111.879299
111.891345
111.913492
111.927231
111.981428
111.981811
112.004794
112.052853
112.077884
112.098280
112.102263
112.163018
112.193901
112.196664
112.257677
112.427568
112.490573
112.517486
112.656739
112.710138
112.744338
112.760221
112.764485
112.797331
112.833889
112.857908
112.878432
112.926673
112.950484
112.982648
112.996765
113.091433
113.100436
113.171929
113.201248
113.414017
113.479187
113.498086
113.515147
113.645893
113.676983
113.687348
113.706494
113.719736
113.720628
113.767968
113.799126
113.806164
113.808976
113.892984
113.908530
113.967659
113.990103
114.015545
114.050726
114.056761
114.073587
114.088912
114.105858
114.164093
114.188306
114.193959
114.204163
114.239586
114.296811
114.314341
114.400645
114.465587
114.504595
114.555033
114.585209
114.600743
114.710482
114.751231
114.797829
114.804896
114.808107
114.854220
114.889260
114.940206
115.007481
115.013372
115.112926
115.122122
115.185565
115.189602
115.281903
115.317918
115.324149
115.366910
115.390181
115.426642
115.446667
115.448815
115.452318
115.495870
115.579169
115.697442
115.705357
115.708371
115.745757
115.762066
115.770372
115.771890
115.772650
115.776875
115.777245
115.815284
115.889184
115.941145
115.975760
116.001430
116.020288
116.021239
116.165556
116.293796
116.352421
116.447797
116.532177
116.561568
116.599944
116.641715
116.681266
116.690955
116.706897
116.723178
116.745672
116.749995
116.754368
116.756057
116.761619
116.770028
116.882880
116.932855
117.077646
117.170935
117.231806
117.247102
117.311562
117.361380
117.374382
117.461786
117.476871
117.646383
117.656025
117.682755
117.748389
117.754404
117.879248
117.923812
117.992272
117.993094
118.005202
118.044405
118.112655
118.138671
118.171552
118.236380
118.257908
118.269053
118.279905
118.280456
118.328624
118.359230
118.413721
118.464454
118.480012
118.552698
118.678818
118.781644
118.945647
118.947678
118.963849
119.056294
119.072137
119.072300
119.083595
119.111250
119.117766
119.119761
119.120137
119.145398
119.175050
119.191418
119.191622
119.249982
119.255520
119.392815
119.424519
119.456706
119.464478
119.539400
119.560613
119.565333
119.651757
119.654803
119.695183
119.728160
119.735900
119.738541
119.767941
119.811891
119.847702
119.872644
119.875682
119.879375
119.982026
119.993744
120.026189
120.033214
120.167104
120.232263
120.237766
120.278952
120.303279
120.412135
120.487402
120.516380
120.545617
120.556220
120.562049
120.603632
120.622659
120.630373
120.635315
120.678491
120.704882
120.708661
120.757308
120.863631
120.892906
121.018159
121.033570
121.144300
121.170515
121.205773
121.219759
121.224237
121.331200
121.348453
121.359683
121.445270
121.477552
121.506864
121.557338
121.575682
121.598476
121.606720
121.672798
121.707838
121.745030
121.803542
121.913201
121.972837
121.980472
121.982680
122.128194
122.178326
122.235568
122.259808
122.264273
122.317862
122.331275
122.340022
122.464043
122.514614
122.532996
122.544004
122.596152
122.618215
122.620467
122.624865
122.633381
122.633725
122.734494
122.754366
122.833028
122.910256
122.918545
123.014264
123.036285
123.041721
123.069540
123.158587
123.158624
123.159484
123.197417
123.202472
123.358580
123.380758
123.382265
123.382462
123.401004
123.432600
123.537601
123.555573
123.589341
123.592707
123.595034
123.613256
123.635908
123.638097
123.656648
123.691343
123.748289
123.766939
123.795385
123.809689
123.825874
123.830348
123.862561
123.875347
123.967152
123.995613
123.998248
123.999571
124.029593
124.191797
124.241383
124.258637
124.283888
124.345959
124.392602
124.429718
124.441629
124.523110
124.548720
124.567120
124.579700
124.589482
124.609999
124.613691
124.620516
124.628574
124.641550
124.678830
124.685307
124.715219
124.800002
124.965678
124.970652
124.979844
125.050794
125.091853
125.106023
125.112731
125.126394
125.128537
125.138351
125.165532
125.231613
125.319415
125.324054
125.359115
125.372468
125.496153
125.514847
125.602182
125.635875
125.647272
125.688786
125.806360
125.821482
125.940752
125.953107
125.962029
125.971232
125.989762
126.003295
126.009635
126.025493
126.113048
126.124597
126.131579
126.254554
126.282930
126.323264
126.332621
126.346356
126.363832
126.421008
126.480997
126.482870
126.508940
126.513018
126.513639
126.568373
126.571834
126.615235
126.629357
126.691448
126.701032
126.797425
126.841867
126.872363
126.920378
127.097352
127.108823
127.112491
127.210020
127.228678
127.269639
127.275157
127.331778
127.386862
127.431900
127.441169
127.485232
127.521167
127.531619
127.559350
127.600885
127.614935
127.618576
127.669835
127.751945
127.758901
127.763828
127.828734
127.861382
127.984963
128.003815
128.012157
128.015994
128.124929
128.150007
128.165399
128.197416
128.228007
128.253207
128.271401
128.278746
128.309138
128.310687
128.350024
128.357324
128.407709
128.437322
128.482825
128.487073
128.570763
128.601613
128.646811
128.701757
128.763503
128.780816
128.801266
128.830577
128.847056
129.155061
129.243798
129.328766
129.399792
129.405166
129.419997
129.423649
129.474629
129.562928
129.586169
129.596643
129.657186
129.669356
129.717274
129.729002
129.814290
129.817527
129.829064
129.893985
129.958100
130.011636
130.082804
130.091884
130.249636
130.272482
130.290911
130.313838
130.314154
130.345994
130.435234
130.589049
130.605059
130.607547
130.632153
130.654727
130.696412
130.723711
130.725471
130.743113
130.775451
130.880146
130.968829
130.979475
131.025658
131.038614
131.039257
131.042634
131.086030
131.176684
131.205911
131.328583
131.363985
131.447381
131.476959
131.536731
131.561938
131.571245
131.574521
131.611734
131.625913
131.632665
131.676711
131.690228
131.728337
131.735307
131.784607
131.880100
131.888600
131.946898
131.963335
131.964832
131.967217
132.095349
132.138723
132.237371
132.237540
132.265074
132.266495
132.321071
132.387436
132.398253
132.468199
132.480230
132.512746
132.547146
132.638006
132.677027
132.748985
132.756801
132.808573
132.815913
132.911865
132.919484
132.983038
133.046996
133.139604
133.149781
133.154087
133.170868
133.229597
133.310685
133.312351
133.364025
133.408847
133.424814
133.449997
133.562057
133.597306
133.627460
133.683010
133.689920
133.741259
133.767300
133.812629
133.867388
133.868636
133.869376
133.871293
133.917139
133.927785
133.958825
134.052369
134.054651
134.071367
134.087904
134.116075
134.158952
134.259689
134.281317
134.317784
134.364728
134.393471
134.453754
134.515167
134.554103
134.569271
134.578319
134.579494
134.614758
134.616625
134.718783
134.819656
134.959736
134.967520
134.975915
135.044978
135.061157
135.072829
135.109376
135.119731
135.212120
135.237852
135.261864
135.302159
135.378039
135.459979
135.464993
135.507594
135.513054
135.526086
135.584655
135.616923
135.634927
135.690411
135.692428
135.707360
135.709186
135.709423
135.765993
135.826995
135.874219
135.886909
135.942442
135.947759
135.986312
135.992890
135.998404
136.037315
136.231274
136.260307
136.404999
136.478829
136.531684
136.544955
136.662526
136.680332
136.704124
136.704207
136.709883
136.711035
136.733708
136.768051
136.771005
136.839094
136.849525
136.870438
136.905299
136.918591
136.942487
136.971615
136.988401
136.999116
137.030540
137.041782
137.134773
137.146129
137.208707
137.223373
137.319199
137.351866
137.376871
137.378580
137.401540
137.467634
137.497884
137.541867
137.578752
137.582947
137.599063
137.602111
137.617308
137.670026
137.772518
137.822952
137.823650
137.834378
137.882210
137.937419
138.018605
138.044620
138.138329
138.151590
138.152295
138.168248
138.193764
138.224996
138.242408
138.277413
138.287248
138.294136
138.304988
138.312138
138.329528
138.433318
138.461037
138.475285
138.477786
138.482975
138.532575
138.619479
138.669216
138.691005
138.775267
138.812592
138.812933
138.824786
138.919456
138.925958
138.966783
138.986950
139.028046
139.052752
139.158174
139.234063
139.250397
139.287684
139.517960
139.532317
139.591998
139.595738
139.633649
139.669723
139.734973
139.749276
139.766534
139.768628
139.797244
139.811051
139.821864
139.855790
139.880746
139.889589
139.961132
140.008070
140.079006
140.105538
140.155913
140.292562
140.400049
140.448924
140.466812
140.472063
140.574532
140.668125
140.703248
140.727246
140.770957
140.778394
140.806697
140.828488
140.866832
140.975819
140.993428
141.006162
141.014456
141.045283
141.082546
141.101700
141.105419
141.112206
141.121455
141.155537
141.155689
141.180656
141.197352
141.261619
141.301183
141.323900
141.324606
141.363429
141.377083
141.437433
141.513191
141.618196
141.653539
141.664742
141.691521
141.699095
141.730555
141.771913
141.792265
141.830082
141.903499
141.903547
141.954493
141.973182
141.999373
142.068535
142.109004
142.196406
142.261323
142.422116
142.482900
142.515394
142.517650
142.521943
142.563784
142.684206
142.726114
142.727850
142.734012
142.803357
142.817478
142.841201
142.842343
142.880001
142.888582
142.921900
142.940515
142.961054
142.965745
143.015739
143.058696
143.058864
143.083089
143.120568
143.143265
143.165466
143.216498
143.219233
143.224127
143.251452
143.260014
143.277730
143.284265
143.305428
143.324067
143.361527
143.362739
143.388423
143.395723
143.404136
143.412364
143.416550
143.535972
143.536165
143.541182
143.573586
143.693743
143.701296
143.740214
143.753615
143.770026
143.789161
143.829725
143.873626
143.933302
143.946574
143.950420
143.959120
143.969901
143.984010
144.002447
144.005766
144.054676
144.080041
144.090642
144.179515
144.273820
144.281126
144.327281
144.412078
144.418782
144.434455
144.444085
144.444270
144.456845
144.509875
144.674144
144.678387
144.680219
144.791537
144.799258
144.835137
144.877539
144.996606
145.007753
145.081553
145.081784
145.179968
145.183412
145.251462
145.257093
145.298134
145.326975
145.337048
145.506562
145.613317
145.700277
145.731202
145.834083
145.857563
145.890100
145.981551
146.032166
146.032531
146.044472
146.083509
146.107817
146.186477
146.193906
146.222089
146.228281
146.253743
146.277844
146.311538
146.340785
146.368184
146.369782
146.372823
146.405894
146.466901
146.488245
146.507084
146.550889
146.565253
146.586550
146.597026
146.660583
146.685407
146.784314
146.818778
146.880692
146.895376
146.926356
146.972063
146.981426
147.005068
147.021505
147.025991
147.109102
147.135402
147.191450
147.226284
147.235787
147.382406
147.431727
147.495674
147.513068
147.530831
147.566890
147.568515
147.629871
147.640570
147.686850
147.721905
147.748719
147.783239
147.797165
147.810780
147.844121
147.846097
147.879566
147.919353
147.959586
148.009538
148.059826
148.160447
148.181021
148.234295
148.240946
148.336349
148.415601
148.474660
148.504130
148.566074
148.587592
148.701423
148.706385
148.750842
148.755863
148.757724
148.765979
148.773086
148.846853
148.860112
148.865178
148.956226
148.965004
148.969737
149.001310
149.063588
149.114937
149.163589
149.177727
149.318828
149.430085
149.434416
149.443167
149.468063
149.557865
149.569746
149.581605
149.588104
149.647741
149.714154
149.716173
149.720387
149.781664
149.867162
149.878390
149.978205
149.986425
150.002585
150.061831
150.076888
150.077321
150.121067
150.177584
150.319445
150.348598
150.407761
150.419679
150.459101
150.516876
150.522731
150.544436
150.576685
150.614098
150.670296
150.671825
150.682473
150.692716
150.715553
150.804628
150.807350
150.857577
151.018735
151.042905
151.062461
151.067408
151.206802
151.220016
151.254589
151.266760
151.306178
151.309567
151.340476
151.367940
151.380044
151.420139
151.453213
151.479077
151.484254
151.516317
151.541208
151.564834
151.654010
151.699821
151.702780
151.716279
151.718194
151.751787
151.768122
151.789387
151.813234
151.813954
151.818783
151.857015
151.915198
151.953365
152.018353
152.070967
152.166625
152.174527
152.228276
152.237599
152.255557
152.282598
152.353975
152.356293
152.443420
152.444561
152.524700
152.529585
152.541454
152.589638
152.635205
152.645977
152.648252
152.691224
152.699267
152.713186
152.739708
152.742923
152.866936
152.881531
152.989422
153.006625
153.043814
153.056882
153.128006
153.130884
153.160070
153.171021
153.171338
153.176378
153.187390
153.217838
153.290781
153.368274
153.399702
153.447005
153.469057
153.642224
153.661771
153.668713
153.671198
153.678071
153.711150
153.808298
153.808753
153.863017
153.915725
153.955160
154.108889
154.184575
154.227241
154.315327
154.315989
154.334724
154.345362
154.357819
154.439308
154.466567
154.515534
154.577509
154.583987
154.606314
154.612871
154.621631
154.629021
154.669678
154.707961
154.778488
154.827749
154.894452
154.930853
154.945221
154.946142
154.974340
155.002494
155.042545
155.061045
155.099118
155.128911
155.178290
155.360155
155.380573
155.484464
155.522901
155.572064
155.588305
155.637409
155.666642
155.667352
155.724960
155.792927
155.812050
155.821312
155.856132
156.010802
156.094787
156.113889
156.124798
156.144506
156.170515
156.222912
156.254718
156.282968
156.303204
156.309458
156.336438
156.367642
156.473532
156.625417
156.792776
156.805490
156.864704
156.901773
156.926031
156.940961
156.982806
157.013573
157.029605
157.098071
157.105582
157.107332
157.132900
157.135999
157.145551
157.182808
157.270154
157.274022
157.301257
157.329223
157.484630
157.496531
157.680524
157.749763
157.752133
157.774427
157.791683
157.795142
157.877840
157.930314
158.004540
158.010941
158.017793
158.047890
158.061547
158.096170
158.332401
158.351596
158.359003
158.372463
158.390097
158.668499
158.699686
158.726612
158.802147
158.869114
158.989135
159.041368
159.063981
159.102050
159.172259
159.217769
159.225262
159.227107
159.308456
159.314671
159.361353
159.390151
159.455935
159.503216
159.553196
159.676602
159.693562
159.778337
159.785951
159.802987
159.813158
159.850224
159.886931
159.935723
159.951328
159.951854
159.980357
160.012975
160.033460
160.047031
160.052093
160.107321
160.172013
160.173670
160.190829
160.366042
160.419566
160.492899
160.512431
160.545470
160.603964
160.667319
160.716044
160.803554
160.815159
160.825046
160.837831
160.911033
160.964496
161.029492
161.040752
161.106932
161.141066
161.178186
161.181435
161.348758
161.399422
161.407639
161.466578
161.471995
161.482401
161.527514
161.532393
161.561727
161.579597
161.590414
161.643797
161.652732
161.720109
161.739648
161.752281
161.771587
161.800520
161.950148
161.969637
161.971313
161.982809
162.006594
162.009452
162.038498
162.126359
162.217893
162.231341
162.376893
162.383998
162.394087
162.438035
162.447195
162.509772
162.550618
162.565843
162.633094
162.648373
162.652439
162.667461
162.692787
162.840778
163.065011
163.066671
163.103199
163.117102
163.152292
163.185360
163.194698
163.305974
163.425419
163.444942
163.445702
163.545154
163.582608
163.657265
163.751609
163.753191
163.908477
163.935999
163.944505
164.001718
164.006708
164.015010
164.020507
164.072416
164.141945
164.180529
164.185712
164.192802
164.262755
164.270422
164.354404
164.534799
164.535695
164.543883
164.548060
164.554252
164.595013
164.602359
164.618863
164.619070
164.635497
164.661698
164.669315
164.744774
164.748287
164.783968
164.811214
164.830427
164.915885
164.964513
165.098756
165.134104
165.185783
165.192693
165.214623
165.215384
165.260947
165.262837
165.325161
165.354153
165.379998
165.394635
165.451344
165.467592
165.497639
165.523668
165.527380
165.624375
165.675908
165.707359
165.745050
165.806732
165.855740
165.856915
165.865227
165.871224
165.894909
165.913662
165.916843
165.936896
165.972181
166.041064
166.066709
166.081213
166.106562
166.136303
166.171294
166.193288
166.195022
166.290368
166.313188
166.319563
166.324226
166.326252
166.398407
166.417691
166.450652
166.516348
166.592230
166.622105
166.641312
166.645865
166.694936
166.699784
166.705674
166.755339
166.786477
166.942371
166.959518
166.973543
166.982049
167.083342
167.091198
167.107180
167.189940
167.306731
167.310015
167.331740
167.355733
167.356807
167.518157
167.570222
167.602857
167.621626
167.656367
167.662849
167.677156
167.683864
167.691853
167.716456
167.739628
167.790382
167.801890
167.822743
167.836231
167.869171
167.941504
167.963722
167.970384
167.992852
168.015493
168.015815
168.034622
168.079234
168.199737
168.265556
168.296435
168.382418
168.409219
168.498123
168.508695
168.540815
168.556299
168.604959
168.614294
168.690139
168.774567
168.815071
168.835136
168.937240
168.937528
168.959166
168.966545
168.982839
169.009375
169.043736
169.076835
169.092697
169.094323
169.127111
169.130268
169.142223
169.208462
169.244474
169.266286
169.334455
169.367589
169.413679
169.429518
169.468617
169.480449
169.513825
169.538061
169.639905
169.644171
169.743648
169.785026
169.785596
169.840005
169.878351
169.906347
169.917674
169.929184
169.954869
169.973260
170.002586
170.004697
170.095588
170.129654
170.176868
170.219228
170.225321
170.246939
170.281047
170.287341
170.335219
170.355718
170.361470
170.409533
170.455719
170.511789
170.574570
170.712245
170.768030
170.777775
170.780124
170.896619
170.917452
170.960472
170.982113
171.020572
171.099880
171.130533
171.133417
171.148229
171.170628
171.175613
171.256056
171.345648
171.389131
171.421343
171.439733
171.476357
171.494420
171.569167
171.581921
171.590742
171.621781
171.640787
171.663974
171.691622
171.696862
171.771394
171.785991
171.824215
171.830049
171.867136
171.952908
171.998722
172.037991
172.070779
172.070888
172.092585
172.111218
172.139039
172.144674
172.265015
172.265527
172.277215
172.288888
172.353780
172.431060
172.462738
172.487912
172.518543
172.614107
172.616624
172.630710
172.644288
172.664192
172.706805
172.715166
173.073210
173.074455
173.227784
173.242315
173.271649
173.287529
173.300882
173.313980
173.332597
173.365602
173.369362
173.392641
173.440861
173.459684
173.484037
173.503035
173.696853
173.699698
173.815828
173.821151
173.839536
173.866040
173.974216
173.978531
173.997984
174.037905
174.087799
174.170706
174.214138
174.246979
174.284155
174.292011
174.316598
174.362558
174.412309
174.417888
174.438067
174.476343
174.487801
174.651446
174.694607
174.709763
174.762617
174.813727
174.816659
174.847262
174.925059
174.927629
174.966170
174.981868
174.988583
175.092377
175.140066
175.160802
175.163841
175.235573
175.265044
175.317882
175.336340
175.427473
175.436523
175.452260
175.460189
175.464713
175.485522
175.499661
175.555418
175.587618
175.624164
175.711578
175.748195
175.852086
175.878109
175.976302
176.015355
176.051121
176.129843
176.189123
176.285934
176.309670
176.345450
176.363152
176.365750
176.504775
176.532716
176.630793
176.638374
176.740438
176.756101
176.771029
176.787422
176.795404
176.806122
176.880010
176.944351
176.952475
176.980574
177.044517
177.050275
177.056379
177.094745
177.097951
177.108398
177.161659
177.166365
177.170961
177.252561
177.364328
177.413552
177.417528
177.432809
177.490927
177.631195
177.647476
177.664380
177.671570
177.722126
177.733476
177.782400
177.816321
177.897748
177.959431
178.192885
178.216625
178.277514
178.332351
178.339654
178.371473
178.380335
178.442442
178.466385
178.527193
178.528822
178.632533
178.701738
178.714658
178.738499
178.865060
178.890449
178.915170
178.977789
179.034475
179.106198
179.121391
179.276122
179.287710
179.317003
179.335838
179.372341
179.450454
179.512298
179.526194
179.540362
179.672013
179.699504
179.713733
179.787193
179.790670
179.867150
179.869773
179.922987
180.017785
180.020213
180.033183
180.081340
180.101311
180.101644
180.102567
180.174476
180.200113
180.244488
180.245478
180.246330
180.283364
180.325654
180.342788
180.462008
180.488946
180.502882
180.550739
180.592194
180.622571
180.751872
180.805302
180.812763
180.839726
180.854772
180.855660
180.917390
180.982888
181.166140
181.233445
181.252253
181.362606
181.505815
181.507963
181.520017
181.550006
181.664511
181.675797
181.704455
181.722664
181.736741
181.859086
181.868126
181.935802
181.959301
182.021683
182.060802
182.074528
182.086408
182.090381
182.094887
182.094974
182.147545
182.153461
182.219419
182.262344
182.316777
182.377840
182.430484
182.430750
182.485300
182.527539
182.528697
182.613256
182.661645
182.688925
182.702036
182.733532
182.781592
182.856425
182.909960
182.952697
183.035944
183.055375
183.154801
183.276315
183.369575
183.528902
183.552379
183.629849
183.635316
183.650238
183.840436
183.850160
183.890895
183.968549
183.993397
184.091620
184.158085
184.171535
184.172368
184.176243
184.179396
184.188747
184.191201
184.252443
184.258535
184.304731
184.321915
184.439465
184.505412
184.511138
184.585135
184.599191
184.639259
184.662855
184.675861
184.782588
184.784342
184.806830
184.815056
184.904349
184.956371
185.037469
185.096346
185.132226
185.133092
185.139133
185.270682
185.274776
185.286324
185.360904
185.397939
185.402413
185.420214
185.422555
185.442109
185.480113
185.493537
185.498903
185.538467
185.564066
185.643018
185.723624
185.749592
185.750761
185.760183
185.772723
185.780137
185.793198
185.796568
185.811186
185.820090
185.890736
185.896165
185.987077
185.999479
186.019134
186.022591
186.041213
186.065511
186.108285
186.112203
186.154125
186.190996
186.206628
186.241509
186.253335
186.287144
186.315791
186.466131
186.588867
186.651360
186.685921
186.714497
186.728917
186.810617
186.823613
186.889293
186.890031
186.891926
186.989049
187.009552
187.032117
187.053889
187.083304
187.218766
187.275919
187.277314
187.354199
187.365085
187.370450
187.392857
187.395383
187.407687
187.436223
187.447793
187.447942
187.454629
187.469190
187.543314
187.547482
187.548729
187.601434
187.719098
187.719313
187.751729
187.794531
187.805914
187.812422
187.819639
187.995995
188.029220
188.048545
188.058183
188.059520
188.087647
188.094648
188.171803
188.174529
188.256565
188.270709
188.303553
188.332723
188.349684
188.433105
188.453962
188.538790
188.573457
188.617053
188.636660
188.655427
188.671335
188.747103
188.763043
188.797232
188.828079
188.860089
188.861522
188.880814
188.935403
189.057567
189.089084
189.106576
189.112538
189.213158
189.228540
189.234175
189.285830
189.305591
189.382719
189.438795
189.450560
189.492473
189.538478
189.548331
189.587260
189.607688
189.655102
189.661316
189.669659
189.671506
189.903985
189.930153
189.950324
189.985891
190.028398
190.033557
190.045088
190.122348
190.133539
190.177381
190.194829
190.244669
190.287761
190.330777
190.368004
190.463203
190.573371
190.625003
190.667940
190.745886
190.748794
190.764654
190.783483
190.836392
190.840402
190.902589
190.940040
190.979173
190.979956
191.038875
191.081630
191.171907
191.237556
191.264385
191.306136
191.357811
191.410612
191.411508
191.413094
191.435357
191.445649
191.561284
191.566648
191.568025
191.573985
191.587339
191.737625
191.742228
191.779010
191.782498
191.830556
191.904313
191.927876
191.975061
191.981356
192.002494
192.035456
192.042918
192.118568
192.136954
192.153524
192.218167
192.248849
192.278798
192.281774
192.339070
192.426219
192.442970
192.444104
192.474111
192.532719
192.606295
192.615979
192.746201
192.792385
192.809586
192.853977
192.865612
192.913892
192.924025
192.949981
192.981360
192.998529
193.010212
193.054897
193.115223
193.130202
193.178851
193.188070
193.195759
193.204021
193.232155
193.240017
193.253157
193.295228
193.346090
193.347103
193.350406
193.363547
193.397048
193.429274
193.434659
193.515471
193.529249
193.534707
193.563997
193.567982
193.592617
193.598461
193.645646
193.703803
193.719787
193.876072
193.923414
193.932145
193.932940
193.937048
193.955045
193.999609
194.045065
194.089765
194.090539
194.106501
194.229023
194.295138
194.296394
194.306910
194.372140
194.419479
194.425080
194.446405
194.511223
194.666765
194.701972
194.805210
194.839935
194.849488
194.903634
194.919589
194.921091
194.921764
194.994890
195.028438
195.048265
195.069632
195.076710
195.084881
195.180654
195.204375
195.253467
195.319154
195.326080
195.330343
195.344298
195.376400
195.502991
195.527370
195.559001
195.646619
195.652857
195.654002
195.666779
195.673677
195.675880
195.705461
195.745250
195.777630
195.928081
195.941148
195.943930
195.960485
195.982688
196.014501
196.032775
196.035828
196.090405
196.125195
196.172723
196.213676
196.231089
196.240387
196.261996
196.289200
196.304589
196.310264
196.324163
196.340296
196.430289
196.432255
196.464721
196.511003
196.517309
196.522788
196.542369
196.574664
196.579092
196.607862
196.623708
196.680900
196.754303
196.875964
196.878101
196.888423
196.917721
196.942061
196.957017
197.016867
197.033749
197.108261
197.108496
197.112635
197.154825
197.167447
197.220844
197.267855
197.305703
197.375231
197.379291
197.417904
197.466425
197.476759
197.517088
197.549375
197.590536
197.605791
197.671597
197.739570
197.848361
197.877198
197.966215
198.034096
198.055300
198.096774
198.163594
198.270650
198.286859
198.291588
198.307092
198.388262
198.451744
198.457797
198.473611
198.483203
198.536988
198.547575
198.558763
198.569113
198.624144
198.669041
198.680864
198.717935
198.744758
198.777638
198.793044
198.849740
198.860762
198.932749
198.972534
198.995809
199.104075
199.231194
199.249675
199.252303
199.276702
199.339127
199.341472
199.367137
199.391839
199.463871
199.541936
199.573800
199.621956
199.664044
199.729931
199.780183
199.803284
199.807220
199.807385
199.824462
199.969903
200.006949
200.039682
200.059057
200.108904
200.181035
200.187803
200.192828
200.218899
200.232665
200.264178
200.287826
200.291007
200.310095
200.321611
200.321772
200.328119
200.347392
200.367560
200.413066
200.419587
200.458537
200.458821
200.475190
200.477143
200.572919
200.573333
200.590182
200.615864
200.629796
200.666779
200.718333
200.726746
200.726797
200.737857
200.759906
200.851805
200.864698
201.021640
201.023595
201.032252
201.077466
201.093318
201.101066
201.166234
201.195183
201.199880
201.243928
201.256614
201.263678
201.293353
201.357548
201.361286
201.424267
201.445355
201.503865
201.511138
201.522883
201.565784
201.603198
201.608423
201.613793
201.625239
201.813733
201.908352
201.965298
202.105731
202.134413
202.189494
202.233748
202.275586
202.301325
202.376014
202.396628
202.406492
202.425251
202.487664
202.493871
202.530402
202.533991
202.576939
202.761606
202.783968
202.809124
202.848707
202.878015
202.933941
202.956459
203.023907
203.077918
203.135112
203.143498
203.148723
203.152344
203.199358
203.316123
203.320028
203.432899
203.455137
203.506460
203.565390
203.623794
203.686853
203.707648
203.773376
203.816462
203.830314
203.841278
203.886489
203.896659
203.905676
203.932033
203.953902
203.982143
204.012837
204.086951
204.104346
204.113938
204.136058
204.145712
204.173433
204.232677
204.299857
204.450103
204.475719
204.486088
204.492215
204.502901
204.622930
204.648697
204.727557
204.770645
204.774855
204.788306
204.802567
204.837402
204.888149
204.897424
205.009786
205.033277
205.084861
205.118327
205.118498
205.186215
205.198322
205.246083
205.276255
205.329831
205.332441
205.348834
205.357180
205.380687
205.393049
205.404058
205.472248
205.495703
205.716570
205.797828
205.816238
205.845221
205.878639
205.925852
205.978923
206.071778
206.096434
206.127887
206.187050
206.220436
206.240221
206.358002
206.463029
206.488829
206.489478
206.505777
206.518527
206.586660
206.650245
206.684854
206.692741
206.697745
206.700070
206.705510
206.719456
206.767196
206.841956
206.845051
206.875465
206.883919
206.901963
206.959802
207.138764
207.257462
207.259731
207.264645
207.270732
207.302625
207.352305
207.356578
207.403847
207.413984
207.432903
207.465154
207.498782
207.612646
207.645497
207.723233
207.739319
207.746270
207.806855
207.809018
207.854740
207.862910
207.865147
207.877175
207.915530
207.983958
207.999544
208.006099
208.045025
208.058417
208.190078
208.319963
208.325511
208.352999
208.422871
208.458291
208.478909
208.548903
208.588141
208.644004
208.672720
208.676450
208.708855
208.754473
208.807646
208.824151
208.947971
209.013467
209.019974
209.069943
209.094175
209.102513
209.103045
209.153633
209.167369
209.178407
209.191462
209.217461
209.250868
209.309713
209.431513
209.441780
209.457528
209.466597
209.473691
209.644895
209.666502
209.681484
209.683097
209.718568
209.756307
209.821913
209.895911
209.955152
209.956214
209.986012
210.008621
210.046246
210.323722
210.419111
210.622755
210.625305
210.651078
210.666468
210.671787
210.821615
210.869388
210.892934
210.915042
210.965595
211.003074
211.018600
211.036811
211.077328
211.095096
211.124454
211.301867
211.303270
211.314578
211.364298
211.397924
211.431959
211.439396
211.468690
211.506594
211.534644
211.555985
211.589472
211.601054
211.609896
211.616866
211.656132
211.701920
211.729067
211.731299
211.839117
211.882943
211.899907
211.907757
211.929002
211.951868
211.958069
212.013007
212.046630
212.065216
212.069812
212.077277
212.116792
212.120209
212.150376
212.221667
212.308627
212.429733
212.446474
212.522988
212.580430
212.683290
212.688871
212.724583
212.895064
212.934086
213.033451
213.114669
213.169580
213.181070
213.281846
213.290647
213.370697
213.470565
213.554374
213.573510
213.574118
213.598504
213.644939
213.691677
213.692447
213.704093
213.792225
213.803151
213.860133
213.884198
213.887086
213.974198
214.014633
214.086867
214.124259
214.128730
214.131177
214.146014
214.410249
214.421050
214.468827
214.482336
214.586419
214.771800
214.821390
214.831218
214.831246
214.855138
214.919393
214.934592
214.952302
214.978092
215.175640
215.192521
215.367249
215.413618
215.447474
215.464861
215.486665
215.561794
215.676375
215.874585
215.876734
215.909077
215.920947
215.979279
215.979810
216.005019
216.066402
216.076550
216.093470
216.095302
216.111561
216.113068
216.196989
216.330659
216.410743
216.444102
216.529644
216.550111
216.600612
216.608801
216.647291
216.769528
216.774901
216.776717
216.806393
216.932188
216.938069
216.948757
216.957378
216.968102
216.973877
217.093558
217.116213
217.149811
217.155028
217.165819
217.180998
217.215224
217.216210
217.246968
217.269093
217.270266
217.276417
217.372195
217.496911
217.503864
217.546808
217.583275
217.588321
217.595223
217.706198
217.791805
217.830972
217.863346
217.897638
217.904737
217.953469
217.978963
218.015980
218.038356
218.111769
218.143745
218.186942
218.265658
218.369799
218.492980
218.510309
218.561894
218.565212
218.565858
218.574689
218.664227
218.680573
218.727610
218.735459
218.743243
218.785548
218.829073
218.904629
218.907389
218.920846
218.932501
218.941855
218.955732
219.081552
219.121517
219.184162
219.227587
219.252040
219.298294
219.301135
219.333979
219.345338
219.380970
219.404759
219.431347
219.439503
219.500462
219.535679
219.567562
219.572886
219.578340
219.604187
219.675360
219.680552
219.687636
219.733889
219.833136
219.916390
219.934786
219.998314
220.005754
220.007938
220.053143
220.058448
220.082156
220.127752
220.156555
220.285529
220.295743
220.447426
220.476204
220.505874
220.508721
220.656528
220.708762
220.786939
220.859524
220.860294
220.895847
220.936983
220.961372
220.968349
220.980726
221.045617
221.257939
221.286506
221.301714
221.348392
221.349096
221.396823
221.425643
221.485720
221.506960
221.582024
221.590547
221.699566
221.723566
221.728956
221.743686
221.780901
221.846615
221.855608
221.876939
221.880429
221.884210
221.916514
221.920612
222.033292
222.053305
222.105489
222.137031
222.139305
222.141910
222.220698
222.254237
222.303566
222.304910
222.463741
222.515188
222.580797
222.618803
222.628387
222.638307
222.647000
222.696797
222.777370
222.825568
222.885692
222.891156
222.903152
223.060525
223.117049
223.327926
223.399855
223.411937
223.430982
223.454985
223.491995
223.520500
223.536848
223.623847
223.648958
223.728026
223.809653
223.822750
223.873239
224.018518
224.064728
224.154711
224.156348
224.180256
224.247371
224.250828
224.262775
224.275923
224.286839
224.299853
224.330082
224.379061
224.388400
224.389692
224.451659
224.496124
224.497254
224.548617
224.678316
224.679436
224.681693
224.694075
224.698535
224.720072
224.741585
224.787403
224.798933
224.809177
224.824129
224.896087
224.896645
224.989848
225.058391
225.081536
225.104932
225.118249
225.124032
225.231357
225.266578
225.271929
225.298660
225.424585
225.428078
225.455152
225.509630
225.531628
225.597603
225.659698
225.670962
225.718566
225.765168
225.777401
225.806222
225.845504
225.846255
225.971597
225.991365
226.000563
226.033311
226.050381
226.051925
226.059783
226.130689
226.144003
226.205152
226.265184
226.271851
226.280555
226.369914
226.465142
226.468023
226.477570
226.485198
226.535692
226.569175
226.583825
226.604310
226.680760
226.740138
226.742656
226.812345
226.884624
226.893973
226.935933
226.980565
227.188007
227.325730
227.334219
227.336457
227.378240
227.380045
227.385995
227.386117
227.415014
227.450971
227.463327
227.482304
227.565558
227.576735
227.589860
227.627896
227.631482
227.695950
227.769275
227.844828
227.876883
227.879908
227.890855
227.913037
227.926188
227.929517
227.949329
227.961022
227.976724
228.002838
228.012240
228.110885
228.129535
228.209824
228.262714
228.263111
228.279929
228.297868
228.303626
228.304989
228.344782
228.356059
228.356530
228.364380
228.366929
228.368017
228.368540
228.386903
228.410445
228.421867
228.427404
228.457256
228.490975
228.493614
228.500993
228.520659
228.564861
228.580157
228.580806
228.598308
228.601418
228.617096
228.649108
228.666763
228.679484
228.690022
228.731809
228.734193
228.813807
228.847964
228.858442
228.865229
228.895054
229.046992
229.073138
229.100782
229.105425
229.159715
229.246287
229.255270
229.295423
229.337722
229.350429
229.353060
229.428603
229.456105
229.480163
229.482498
229.498688
229.506069
229.532473
229.563928
229.594001
229.598106
229.608892
229.627954
229.648548
229.661695
229.717106
229.723286
229.777455
229.796316
229.820588
229.916184
230.009936
230.014396
230.025114
230.054738
230.117976
230.172695
230.213043
230.280092
230.281640
230.309910
230.325508
230.335031
230.341808
230.392120
230.409896
230.513027
230.570781
230.582248
230.594796
230.634500
230.636988
230.660305
230.735815
230.884530
230.928963
230.930103
230.931529
230.936574
230.936677
230.989469
230.996303
231.052368
231.056966
231.077146
231.111227
231.147866
231.184274
231.299931
231.344290
231.350459
231.409497
231.458732
231.472386
231.494304
231.505461
231.519662
231.562616
231.592938
231.605139
231.632886
231.636943
231.700105
231.701805
231.721171
231.831321
231.882527
231.931277
231.985342
231.992473
232.032945
232.043043
232.052838
232.080204
232.095011
232.115744
232.144104
232.150070
232.174300
232.179580
232.213272
232.246623
232.276213
232.305615
232.317916
232.336358
232.372288
232.430850
232.492742
232.501151
232.532071
232.535389
232.584285
232.692083
232.796966
232.810729
232.852571
232.856019
232.856071
232.909827
232.985576
233.058927
233.068025
233.108772
233.236760
233.263557
233.271140
233.333867
233.386042
233.423298
233.494261
233.509819
233.527913
233.527962
233.535162
233.564727
233.570021
233.631354
233.686225
233.800691
233.841097
233.905775
233.956026
233.982628
234.010594
234.031661
234.102752
234.193813
234.215024
234.228919
234.276158
234.315840
234.377105
234.410109
234.444412
234.465400
234.482312
234.554053
234.562792
234.563628
234.596053
234.668908
234.817431
234.835617
234.841768
234.858774
234.863617
234.888483
234.889969
234.905554
234.983868
234.987076
234.995009
235.069881
235.133207
235.155587
235.230527
235.264422
235.309506
235.431377
235.517631
235.564461
235.587932
235.600964
235.627859
235.652568
235.676442
235.678918
235.698257
235.753187
235.775212
235.777818
235.810207
235.876973
235.883796
235.905430
235.930133
235.950314
235.982979
236.079088
236.101565
236.136481
236.142931
236.170750
236.217357
236.238058
236.280784
236.319215
236.328301
236.367532
236.375265
236.406671
236.440873
236.477912
236.487110
236.501158
236.540852
236.578167
236.661178
236.715518
236.720254
236.752920
236.757771
236.794295
236.830579
236.838645
236.851465
236.960795
236.980771
237.035050
237.066303
237.079980
237.139513
237.151432
237.168167
237.184993
237.291295
237.306655
237.331510
237.346589
237.474519
237.500169
237.508339
237.538228
237.553797
237.566107
237.578922
237.589829
237.596271
237.660257
237.669449
237.675041
237.695388
237.764371
237.781261
237.810713
237.817784
237.985122
238.011400
238.107329
238.108654
238.119543
238.255183
238.265145
238.275423
238.332743
238.335403
238.354557
238.389514
238.465943
238.512601
238.594218
238.622122
238.667643
238.776369
238.776504
238.784830
238.791978
238.824699
238.832196
238.877881
238.890666
238.915179
238.920985
238.980465
239.015285
239.065784
239.085502
239.122424
239.210221
239.264115
239.276158
239.334465
239.400713
239.431736
239.691945
239.758724
239.795963
239.807989
239.878553
239.931137
239.938850
239.947193
240.032625
240.070843
240.092127
240.134215
240.207117
240.225391
240.233417
240.306898
240.526126
240.526719
240.554951
240.577050
240.588751
240.593865
240.624576
240.660622
240.662159
240.667509
240.672058
240.677276
240.731810
240.780935
240.785959
240.870347
240.886969
240.925540
240.987378
241.001847
241.126670
241.139803
241.173650
241.230005
241.260755
241.265928
241.274339
241.313720
241.331156
241.335605
241.339020
241.400418
241.413557
241.451208
241.475087
241.480906
241.510220
241.585132
241.598058
241.612682
241.710064
241.801107
241.810983
241.848819
241.861703
241.955896
242.068844
242.091364
242.164367
242.211431
242.253743
242.267807
242.665369
242.669068
242.736961
242.759241
242.767524
242.797632
242.856561
242.887044
242.914909
242.943079
242.946601
242.967202
242.999689
243.008473
243.014443
243.020804
243.046029
243.081748
243.110917
243.114508
243.152714
243.208309
243.269016
243.386182
243.395815
243.440307
243.529136
243.538854
243.586095
243.621606
243.622933
243.689277
243.691813
243.742320
243.780323
243.851011
243.864850
243.880400
243.894451
243.911607
243.964330
243.992103
243.999225
244.069709
244.084133
244.115026
244.130818
244.134972
244.137436
244.175991
244.187165
244.189542
244.235743
244.249773
244.261255
244.318067
244.328522
244.339594
244.368647
244.372691
244.398058
244.516727
244.546670
244.581342
244.786611
244.805854
244.812748
244.905140
244.932734
245.001132
245.016505
245.077256
245.091341
245.125375
245.180314
245.201389
245.209098
245.211826
245.238821
245.242174
245.263655
245.338718
245.344813
245.354137
245.370908
245.490445
245.511373
245.551724
245.643676
245.647709
245.658244
245.670505
245.684163
245.712765
245.785076
245.873823
245.904282
245.969284
245.985032
246.039099
246.057297
246.100315
246.159928
246.282795
246.315211
246.340680
246.349000
246.357190
246.379095
246.438011
246.474686
246.483676
246.535415
246.548977
246.568330
246.614602
246.656224
246.705889
246.763607
246.772337
246.776530
246.781045
246.782704
246.786125
246.794553
246.813744
246.853005
246.870496
246.875498
246.881442
246.884335
246.973502
246.985742
246.989572
247.143448
247.175266
247.244191
247.288964
247.330455
247.398510
247.563127
247.584202
247.680843
247.813243
247.836975
247.874907
247.909018
247.941256
248.036673
248.076125
248.084538
248.113501
248.121342
248.204585
248.226749
248.313699
248.430289
248.452956
248.479225
248.481497
248.526380
248.537611
248.584351
248.586991
248.696796
248.740777
248.744454
248.805435
248.836343
248.853754
248.876356
248.893876
248.925854
248.927372
248.975540
248.979707
249.060044
249.087962
249.091637
249.126054
249.157655
249.280838
249.287925
249.291131
249.302400
249.306683
249.400965
249.460085
249.501485
249.529326
249.547748
249.671062
249.722114
249.727098
249.742693
249.743089
249.815115
249.824044
249.922847
249.999563
250.057829
250.086342
250.142506
250.154672
250.250685
250.330141
250.357434
250.382401
250.390802
250.432441
250.444408
250.489280
250.559957
250.562008
250.625673
250.730406
250.752335
250.763478
250.781749
250.795792
250.850842
250.869038
250.883548
250.891030
251.015279
251.097136
251.143040
251.177956
251.217670
251.239339
251.249224
251.261202
251.278529
251.283685
251.359765
251.369328
251.380451
251.394746
251.429468
251.452553
251.505209
251.636862
251.674287
251.738667
251.831094
251.889835
251.898389
251.969445
251.976831
252.065199
252.093259
252.119195
252.160744
252.197627
252.223440
252.271715
252.281148
252.288157
252.303851
252.347309
252.356779
252.517306
252.531454
252.589797
252.599530
252.628811
252.648178
252.680829
252.686355
252.704672
252.716308
252.764652
252.817606
252.820895
252.839435
252.884400
252.941750
253.038964
253.108977
253.127433
253.155165
253.194888
253.277926
253.313663
253.358765
253.407729
253.558515
253.578646
253.629361
253.815285
253.852980
253.861270
253.861938
253.897966
253.916204
253.960145
253.983111
254.013872
254.063988
254.121923
254.155633
254.185238
254.218082
254.218091
254.223403
254.230073
254.307595
254.321228
254.381114
254.386113
254.404056
254.492285
254.492574
254.502242
254.537554
254.600388
254.735268
254.772885
254.785606
254.786264
254.821082
254.838513
254.852802
254.854951
254.871967
254.894812
254.938899
254.981288
255.028047
255.036046
255.066987
255.069609
255.073339
255.073882
255.101414
255.142753
255.152685
255.163968
255.187744
255.317480
255.337375
255.361560
255.366568
255.460035
255.577837
255.597647
255.652139
255.677575
255.696112
255.734461
255.738982
255.796928
255.813686
255.835559
255.891418
255.927745
255.950201
255.968117
255.972217
256.035855
256.043051
256.068782
256.080228
256.121128
256.257862
256.339308
256.347646
256.400051
256.413171
256.458504
256.469957
256.471152
256.492662
256.566696
256.575835
256.623103
256.715300
256.783589
256.800276
256.818559
256.857536
256.861701
256.889755
256.943512
256.948575
256.952048
256.977921
256.981329
256.996512
257.012580
257.017904
257.062759
257.068473
257.158767
257.291192
257.301879
257.305316
257.424830
257.541167
257.695064
257.886681
257.913183
257.923460
257.964888
257.978270
257.979649
257.986056
258.021640
258.044310
258.050612
258.061689
258.073689
258.074710
258.174132
258.258424
258.270853
258.278882
258.290089
258.370051
258.427939
258.452555
258.465284
258.499859
258.511233
258.516950
258.586547
258.656276
258.699604
258.813967
258.853761
258.862526
258.917967
258.935311
259.028788
259.092532
259.130520
259.155458
259.161497
259.165714
259.228821
259.274997
259.352750
259.364724
259.407666
259.450098
259.451027
259.490138
259.503584
259.516427
259.543361
259.568966
259.621616
259.654473
259.680373
259.729815
259.830125
259.830808
259.847900
259.860328
259.869598
259.883467
259.913653
259.934823
259.940942
259.944112
260.067837
260.076634
260.123927
260.152482
260.214521
260.216665
260.328690
260.402095
260.404019
260.423620
260.575543
260.609650
260.619924
260.644634
260.670250
260.730376
260.733809
260.770900
260.775928
260.821473
260.882326
260.914229
260.938570
260.961421
260.967393
261.042318
261.174677
261.233043
261.247362
261.353600
261.363302
261.414235
261.467190
261.490543
261.597635
261.609334
261.675194
261.706409
261.740934
261.768097
261.836837
261.886016
261.909462
261.965541
261.989548
261.993665
262.024781
262.046354
262.090685
262.154504
262.230722
262.405148
262.406452
262.474767
262.488475
262.521759
262.578514
262.631720
262.637412
262.652036
262.706278
262.743033
262.759501
262.761698
262.765557
262.777601
262.817504
262.963130
262.996309
263.024451
263.072629
263.088674
263.116229
263.217366
263.255285
263.281940
263.309334
263.311569
263.346218
263.356407
263.374246
263.404734
263.412746
263.441394
263.478426
263.620802
263.655750
263.658463
263.663184
263.675893
263.680616
263.690717
263.758360
263.778929
263.779674
263.843037
263.888182
263.918351
263.970453
264.036020
264.113187
264.118885
264.121589
264.132260
264.172896
264.173627
264.179468
264.270387
264.338009
264.343683
264.351027
264.373077
264.403803
264.426132
264.604991
264.609973
264.626686
264.656573
264.725551
264.729433
264.738447
264.750810
264.759691
264.768262
264.799824
264.809386
264.871211
264.918367
264.940695
264.990641
265.018543
265.122399
265.126424
265.187269
265.200337
265.217938
265.226422
265.238505
265.302022
265.358865
265.359836
265.376984
265.378371
265.389708
265.446903
265.463202
265.489925
265.558037
265.574051
265.580515
265.595482
265.597264
265.697545
265.730435
265.747310
265.864393
265.868524
265.936233
265.950451
266.069631
266.102691
266.127762
266.132963
266.139021
266.158277
266.194419
266.215186
266.247136
266.250955
266.274054
266.347625
266.384635
266.400932
266.478228
266.518728
266.523115
266.567175
266.627125
266.631856
266.650846
266.698135
266.715028
266.760792
266.767793
266.789852
266.853750
266.897309
266.906315
266.923957
266.941175
266.945081
266.984684
267.033413
267.037593
267.120056
267.136537
267.190232
267.222229
267.227614
267.232730
267.234630
267.244734
267.246653
267.251523
267.262808
267.305799
267.391871
267.446929
267.524822
267.550243
267.664116
267.701294
267.705949
267.732946
267.743808
267.765630
267.786024
267.788212
267.864767
267.866372
267.888921
267.905581
267.912953
267.916037
267.927642
267.939488
267.948483
268.020847
268.130191
268.185555
268.212906
268.243034
268.251304
268.257642
268.270223
268.277876
268.351849
268.356337
268.369551
268.385196
268.417362
268.493956
268.540617
268.690833
268.732280
268.777434
268.876549
268.882943
268.918950
268.980915
269.012102
269.060971
269.068991
269.122207
269.133336
269.153420
269.168623
269.323046
269.340827
269.351990
269.353431
269.384927
269.493176
269.514958
269.522780
269.552208
269.560188
269.619780
269.627008
269.628696
269.673255
269.676378
269.766200
269.779671
269.838698
269.922501
270.012426
270.019527
270.029324
270.036899
270.054650
270.056186
270.090716
270.251817
270.272904
270.321938
270.330839
270.332072
270.382350
270.386175
270.403652
270.507769
270.553882
270.567632
270.625645
270.675854
270.769546
270.865950
270.952585
270.965803
270.985629
270.993356
270.995198
271.024175
271.043842
271.063262
271.104914
271.162382
271.197743
271.210986
271.343088
271.383357
271.461821
271.474462
271.523290
271.546405
271.556519
271.585479
271.605417
271.636643
271.738304
271.824560
271.849794
271.904250
271.947250
271.979932
272.068657
272.125088
272.157934
272.183905
272.188326
272.189995
272.218585
272.249173
272.278615
272.324375
272.348111
272.404575
272.415692
272.465927
272.478178
272.480229
272.496476
272.543255
272.550258
272.614241
272.673636
272.718162
272.763091
272.783878
272.855930
272.901062
272.935581
272.936995
272.966441
273.054193
273.064822
273.114116
273.137888
273.172979
273.324690
273.362789
273.389937
273.400430
273.429923
273.460169
273.506479
273.579313
273.643144
273.750970
273.752205
273.781232
273.789863
273.859527
273.884692
273.915229
273.946466
273.949682
273.958682
274.123136
274.134940
274.204211
274.282192
274.283670
274.341660
274.366678
274.375817
274.376437
274.379014
274.397142
274.427630
274.467430
274.469552
274.489908
274.518700
274.521138
274.583419
274.591567
274.612140
274.639761
274.651578
274.809781
274.810469
274.861458
274.884303
274.925636
274.926422
275.057733
275.064588
275.169775
275.246218
275.259494
275.289627
275.303044
275.312543
275.377775
275.479137
275.517582
275.578745
275.610431
275.631977
275.644967
275.680597
275.699069
275.739176
275.747062
275.846891
275.877176
275.877432
275.911696
275.935804
275.942130
275.964340
275.973428
276.024477
276.030598
276.056264
276.073957
276.188790
276.189958
276.191820
276.266514
276.357560
276.374093
276.383390
276.463755
276.538701
276.722341
276.761896
276.826057
276.904051
276.905958
276.909284
276.984734
277.059334
277.096877
277.120820
277.193773
277.197656
277.203448
277.229324
277.230020
277.266329
277.266769
277.275337
277.283808
277.323066
277.335196
277.338461
277.403315
277.405027
277.413829
277.430250
277.440048
277.456382
277.465190
277.581930
277.680654
277.755586
277.770406
277.789470
277.805580
277.867058
277.877426
277.924389
277.930104
277.934040
277.947205
277.948503
278.001616
278.008281
278.021868
278.102627
278.204954
278.379236
278.401536
278.412971
278.458784
278.478859
278.587508
278.664170
278.670457
278.672407
278.720425
278.727978
278.740365
278.764878
278.784823
278.785279
278.787037
278.824087
278.843229
278.859164
279.006977
279.021532
279.083810
279.112900
279.199820
279.206902
279.285827
279.308584
279.322963
279.325972
279.361255
279.368388
279.409006
279.464615
279.468910
279.489712
279.526341
279.550213
279.580916
279.636237
279.660248
279.666762
279.701117
279.774378
279.788253
279.849919
279.922665
279.980222
280.020773
280.020802
280.053230
280.054009
280.090013
280.164888
280.177249
280.180545
280.182274
280.201993
280.263004
280.275889
280.275969
280.304948
280.343112
280.383501
280.386141
280.394880
280.420184
280.428951
280.504476
280.515720
280.531348
280.575813
280.629148
280.661071
280.704441
280.713527
280.742919
280.746495
280.770320
280.786692
280.813902
280.819859
280.890426
280.924508
280.950866
280.973606
281.053958
281.060179
281.095359
281.136455
281.159831
281.229547
281.322880
281.347295
281.361701
281.386561
281.530604
281.566149
281.705000
281.791921
281.822302
281.845204
281.897717
281.925302
281.945607
281.964074
281.971547
282.143354
282.174535
282.264463
282.300402
282.303645
282.312052
282.325186
282.334312
282.335792
282.336865
282.394576
282.505920
282.541176
282.554386
282.585735
282.704433
282.714296
282.714479
282.769361
282.775061
282.780050
282.784218
282.791759
282.802227
282.829332
282.861998
282.873055
282.907013
282.913881
282.967538
282.970731
282.978560
283.148141
283.154681
283.175440
283.197200
283.254371
283.270900
283.274530
283.297842
283.329850
283.356992
283.365702
283.378044
283.394104
283.438937
283.462037
283.522534
283.551095
283.557188
283.609620
283.629707
283.677784
283.681522
283.728203
283.733959
283.758196
283.790669
283.796846
283.810475
283.934364
283.979911
283.988734
284.004552
284.040355
284.134027
284.149174
284.150919
284.269460
284.383885
284.401530
284.432114
284.480399
284.549932
284.593680
284.622279
284.637372
284.691623
284.716527
284.746079
284.763044
284.771218
284.774694
284.869834
284.900007
284.907063
284.965854
285.031256
285.068891
285.212271
285.229197
285.232722
285.290425
285.313888
285.320144
285.328794
285.427647
285.480802
285.488284
285.515420
285.578328
285.610652
285.677154
285.686261
285.728376
285.729517
285.747426
285.844578
285.966020
285.968721
285.990772
286.017196
286.038776
286.040145
286.047236
286.062944
286.074595
286.171722
286.180928
286.261711
286.312138
286.314187
286.320836
286.353295
286.370279
286.382833
286.409289
286.444171
286.497777
286.516543
286.621418
286.633696
286.727966
286.744415
286.825268
286.858613
286.889479
286.916806
286.954297
286.963616
286.968622
287.000627
287.014546
287.113769
287.129472
287.142056
287.168740
287.186671
287.189254
287.198734
287.249025
287.273664
287.318292
287.376144
287.407106
287.415696
287.441229
287.484130
287.496955
287.505047
287.506049
287.567286
287.633508
287.700292
287.712761
287.808951
287.882559
287.927104
287.964889
288.004716
288.017718
288.050784
288.071182
288.157663
288.162146
288.174752
288.218489
288.220929
288.279393
288.310474
288.326299
288.395247
288.459981
288.599772
288.686793
288.719000
288.727638
288.834679
288.844837
288.851853
288.877937
288.900378
288.935299
289.034852
289.072881
289.090434
289.102015
289.138877
289.259842
289.267641
289.284550
289.305987
289.307996
289.315190
289.355306
289.466678
289.491026
289.560072
289.589607
289.601865
289.621556
289.672757
289.776888
289.787100
289.827266
289.852307
289.910595
290.039840
290.040845
290.042215
290.130532
290.148461
290.188177
290.192556
290.201880
290.244703
290.330985
290.406236
290.424647
290.430920
290.448828
290.497458
290.553301
290.559794
290.633433
290.677258
290.735309
290.744257
290.802396
290.822149
290.869085
290.915804
290.944171
290.972433
290.974412
291.014612
291.082838
291.093852
291.109921
291.153859
291.165763
291.214851
291.227901
291.235876
291.271195
291.322359
291.336393
291.365481
291.408744
291.412326
291.413353
291.432099
291.435406
291.472037
291.512714
291.528478
291.556740
291.576377
291.582988
291.600431
291.632814
291.689908
291.701724
291.756855
291.819908
291.996759
292.187639
292.212053
292.214296
292.224070
292.357055
292.381741
292.395471
292.400054
292.400801
292.426731
292.433185
292.496427
292.545665
292.558495
292.581910
292.617952
292.684464
292.748138
292.768027
292.802089
292.874231
293.077384
293.088175
293.088281
293.118911
293.156718
293.213185
293.278760
293.281106
293.346875
293.354938
293.365991
293.416063
293.679065
293.739279
293.772238
293.778160
293.827127
293.930213
293.937620
293.976543
293.989694
294.048934
294.056761
294.101266
294.347306
294.426401
294.628401
294.674728
294.683769
294.705609
294.746336
294.746922
294.760154
294.835197
294.865602
294.907270
294.954872
295.001113
295.008470
295.057453
295.240809
295.348003
295.353364
295.353563
295.533100
295.562679
295.569114
295.570197
295.578963
295.640796
295.646724
295.652255
295.704117
295.762234
295.785576
295.825532
295.848438
295.871404
295.893973
295.898636
296.014935
296.020583
296.030503
296.041464
296.055576
296.066181
296.072107
296.080485
296.085816
296.088161
296.121374
296.153771
296.248441
296.361819
296.427575
296.460928
296.463412
296.525433
296.540845
296.567399
296.609602
296.656214
296.695215
296.790917
296.831333
296.853181
296.854946
296.915225
296.975109
296.978156
297.005137
297.005406
297.044447
297.075588
297.112171
297.155725
297.197772
297.210602
297.229357
297.285925
297.359568
297.384703
297.447349
297.477684
297.495803
297.501300
297.545547
297.561098
297.566886
297.586220
297.596796
297.647718
297.732507
297.786432
297.837983
297.851354
297.890164
297.999517
298.000826
298.066631
298.071978
298.072158
298.086132
298.160087
298.160254
298.189154
298.207415
298.226252
298.239556
298.251309
298.298235
298.308024
298.333533
298.373586
298.463418
298.492767
298.531879
298.561355
298.639158
298.654811
298.665703
298.666789
298.697609
298.703841
298.734938
298.739845
298.743491
298.761351
298.784490
298.784570
298.832485
298.833184
298.833673
298.853753
298.893232
298.902218
298.920882
298.932983
298.987771
299.083533
299.159108
299.184232
299.201983
299.254664
299.312509
299.336006
299.346809
299.349535
299.371362
299.405917
299.414969
299.476309
299.481728
299.518357
299.537084
299.619833
299.622244
299.673427
299.727974
299.742112
299.942104
299.962149
299.982065
299.986623
300.026392
300.088283
300.111203
300.144174
300.162707
300.167183
300.181720
300.183437
300.206483
300.218274
300.224409
300.252446
300.288719
300.298648
300.333372
300.387439
300.423620
300.431384
300.439966
300.450904
300.476640
300.484055
300.533430
300.646660
300.710121
300.719129
300.757670
300.817127
300.825109
300.874478
300.899136
300.910359
300.960404
300.963645
300.981212
300.991846
301.074410
301.076377
301.089102
301.113269
301.136972
301.139046
301.203460
301.224239
301.254453
301.320657
301.320772
301.329373
301.335660
301.349194
301.365730
301.524013
301.581681
301.604776
301.609019
301.642399
301.668168
301.669852
301.708445
301.817309
301.869294
301.962902
301.964141
302.051093
302.072268
302.076057
302.109263
302.140131
302.193415
302.236184
302.237655
302.255424
302.262332
302.264004
302.279144
302.375102
302.380004
302.456453
302.503656
302.516819
302.587399
302.598202
302.648187
302.698279
302.710472
302.735657
302.783449
302.803269
302.821013
302.908134
302.912282
302.913726
302.936052
302.954130
302.959435
302.983139
303.005014
303.056487
303.147014
303.200821
303.220809
303.235859
303.310298
303.327688
303.345459
303.405265
303.443006
303.443707
303.490553
303.526523
303.554370
303.568391
303.594273
303.608895
303.651419
303.662252
303.664466
303.680381
303.681008
303.697864
303.705052
303.717121
303.726882
303.745477
303.757735
303.770844
303.828423
303.836870
303.839374
303.843508
303.864278
303.880194
303.894837
303.954404
303.964929
303.999581
304.114157
304.120302
304.157963
304.181639
304.185515
304.232428
304.277058
304.307314
304.313951
304.325773
304.347873
304.362679
304.389541
304.424891
304.446203
304.469591
304.586307
304.626226
304.648801
304.660653
304.762014
304.771734
304.784030
304.789746
304.792586
304.830328
304.905254
304.959399
305.047284
305.057450
305.085413
305.222618
305.242477
305.262223
305.264463
305.283311
305.315037
305.317778
305.359696
305.361062
305.400736
305.543751
305.705936
305.727051
305.777064
305.783010
305.793644
305.814988
305.816891
305.834757
305.882210
305.918671
305.932026
306.030415
306.030433
306.041645
306.118907
306.150913
306.153565
306.190534
306.392694
306.528655
306.533920
306.548806
306.584953
306.647856
306.664313
306.730565
306.749347
306.790319
306.940709
306.980610
307.004270
307.025449
307.057395
307.196948
307.211525
307.214465
307.243957
307.262745
307.345545
307.345809
307.357128
307.358174
307.358342
307.360695
307.374819
307.382752
307.410436
307.448903
307.481701
307.541480
307.543694
307.584964
307.649670
307.668085
307.684234
307.760200
307.788170
307.814447
307.863703
307.867780
307.917175
308.141586
308.204180
308.233513
308.261904
308.297346
308.303914
308.305780
308.337972
308.434292
308.484243
308.504317
308.506045
308.564779
308.747920
308.749227
308.753916
308.778927
308.830339
308.844282
308.897739
308.930874
308.950085
308.977133
308.980611
308.995311
309.093137
309.168707
309.180395
309.196401
309.229345
309.319935
309.396312
309.424521
309.443131
309.449967
309.489287
309.552690
309.636698
309.636977
309.675772
309.676165
309.785385
309.818705
309.838745
309.935841
309.957803
309.964598
309.989471
310.003528
310.030393
310.040824
310.093940
310.157224
310.190522
310.233961
310.247087
310.276348
310.339478
310.353626
310.383803
310.408022
310.409807
310.425260
310.478529
310.539481
310.563652
310.603612
310.608649
310.626009
310.647690
310.663374
310.711793
310.724285
310.782180
310.851768
311.040811
311.041999
311.094418
311.103408
311.119010
311.161630
311.214222
311.249553
311.257305
311.298903
311.307260
311.397779
311.403113
311.460233
311.486553
311.528925
311.531474
311.556144
311.558036
311.559221
311.613360
311.768253
311.777089
311.809616
311.820493
311.851081
311.854327
311.890489
311.911643
311.920433
311.930246
311.937945
311.944216
311.953571
311.963376
311.967293
311.977270
311.987010
312.070063
312.095654
312.106806
312.152161
312.192040
312.230083
312.250861
312.254715
312.307051
312.402137
312.446731
312.532158
312.591484
312.610005
312.741082
312.749295
312.789054
312.819437
312.880028
312.884745
312.887531
312.905526
312.919840
313.028682
313.161560
313.188322
313.227335
313.254759
313.256998
313.278293
313.328259
313.338689
313.356509
313.364280
313.378425
313.407491
313.522141
313.537093
313.590383
313.622775
313.642938
313.644471
313.671578
313.718898
313.746822
313.784503
313.801217
313.835857
313.852501
313.925197
313.964118
314.022609
314.031186
314.092228
314.094587
314.120229
314.141285
314.187021
314.192496
314.202223
314.229949
314.266884
314.275780
314.298797
314.326659
314.328720
314.349079
314.389029
314.415631
314.456317
314.509777
314.516429
314.521930
314.552548
314.640538
314.665632
314.670641
314.694170
314.725971
314.754425
314.880169
314.929446
314.934812
314.986216
315.033194
315.048942
315.055996
315.113336
315.138047
315.175754
315.191031
315.205163
315.209544
315.244661
315.260399
315.353069
315.354556
315.358517
315.455141
315.463275
315.480192
315.511646
315.570090
315.650968
315.651948
315.695178
315.769748
315.772379
315.809097
315.815174
315.856679
315.858667
315.879618
315.983599
316.169581
316.229163
316.337971
316.379858
316.419671
316.457398
316.472606
316.515683
316.540661
316.599960
316.709635
316.748327
316.786092
316.795713
316.838936
316.854275
316.859305
316.897603
316.941942
317.000603
317.006109
317.006899
317.054149
317.087007
317.108084
317.177848
317.183185
317.324425
317.359285
317.377096
317.422648
317.440314
317.470319
317.501721
317.605427
317.611616
317.631505
317.650365
317.730821
317.740431
317.755375
317.822936
317.862548
317.886039
317.899774
317.989284
318.066529
318.072187
318.224236
318.413086
318.513745
318.518407
318.531554
318.536780
318.571089
318.728615
318.733336
318.759491
318.761814
318.812806
318.830961
318.857514
318.975485
319.020850
319.094265
319.102122
319.131594
319.144217
319.151558
319.152854
319.154077
319.181363
319.195912
319.210641
319.394089
319.398747
319.411084
319.432771
319.448008
319.495669
319.555215
319.557068
319.558781
319.619597
319.622595
319.680853
319.726217
319.779919
319.795198
319.828777
319.838741
319.879331
319.901557
319.939141
319.984313
319.993102
319.994983
320.062492
320.075422
320.126007
320.130776
320.149541
320.168905
320.172167
320.190969
320.199591
320.244685
320.244995
320.264973
320.286921
320.294481
320.322674
320.404138
320.406172
320.446766
320.472269
320.516430
320.534601
320.664187
320.711857
320.712733
320.846907
320.872307
320.885828
320.889976
320.896149
320.924767
320.957422
320.986631
320.990932
321.006754
321.093400
321.113659
321.116460
321.139912
321.164838
321.176595
321.194405
321.207207
321.210014
321.236273
321.236352
321.309187
321.373568
321.390167
321.426594
321.428225
321.501585
321.670763
321.680665
321.712379
321.712715
321.730228
321.752313
321.827414
321.854125
321.867196
321.885378
321.981923
322.014877
322.020058
322.039446
322.056179
322.074333
322.081147
322.089758
322.097149
322.113104
322.169773
322.365050
322.448341
322.449501
322.521353
322.718900
322.766674
322.803402
322.875674
323.026616
323.118442
323.146434
323.191683
323.204061
323.258900
323.417446
323.421397
323.435354
323.533997
323.536673
323.538589
323.556850
323.622781
323.627544
323.701074
323.715499
323.763662
323.811228
323.901083
323.902912
323.945004
323.970764
324.011419
324.052666
324.087458
324.152609
324.178762
324.216133
324.277790
324.278754
324.302642
324.345910
324.371983
324.372622
324.424509
324.435866
324.438996
324.466726
324.481852
324.500265
324.518456
324.540542
324.571948
324.572596
324.574310
324.595023
324.599594
324.621384
324.651571
324.724062
324.791901
324.795318
324.812931
324.820133
324.936512
324.998047
325.001796
325.097288
325.100738
325.206603
325.271561
325.340703
325.430525
325.609959
325.623940
325.658033
325.683630
325.717567
325.723658
325.724172
325.884596
325.894958
325.900478
325.940434
325.961187
325.967587
326.045597
326.074352
326.084589
326.153264
326.176218
326.198082
326.224736
326.235096
326.250623
326.259045
326.374931
326.391369
326.401018
326.406088
326.418701
326.499480
326.520315
326.550933
326.633506
326.707479
326.836587
326.936120
326.966332
326.983631
327.022454
327.034224
327.037057
327.049191
327.086256
327.091387
327.093546
327.135073
327.184055
327.230133
327.235219
327.299304
327.375010
327.543382
327.553683
327.562352
327.583445
327.583904
327.601117
327.605946
327.619441
327.629377
327.679173
327.684632
327.723376
327.797899
327.904455
327.933227
327.945362
327.958186
327.966792
327.972544
327.997998
328.005485
328.054264
328.057129
328.099112
328.161410
328.183436
328.216374
328.328515
328.374550
328.387026
328.471484
328.485497
328.506409
328.526881
328.579733
328.587498
328.591456
328.670203
328.685110
328.706295
328.738683
328.817001
328.837356
328.862160
328.883713
328.920772
329.002097
329.064587
329.156478
329.188527
329.198983
329.214962
329.236986
329.285156
329.302614
329.306968
329.308629
329.337030
329.362993
329.379309
329.448445
329.471533
329.528069
329.543871
329.583959
329.614664
329.757957
329.833939
329.895896
330.112354
330.186647
330.231551
330.269762
330.353360
330.374830
330.383753
330.420569
330.441338
330.501560
330.531105
330.632166
330.805771
330.860043
330.948383
330.958109
330.987580
330.995359
331.013988
331.033600
331.047519
331.050595
331.079855
331.080302
331.127223
331.178112
331.181099
331.182201
331.219643
331.238020
331.255142
331.256279
331.270704
331.286044
331.308776
331.316539
331.390575
331.410520
331.443582
331.454677
331.490048
331.520102
331.528688
331.551558
331.600051
331.602302
331.636400
331.661643
331.686901
331.718737
331.736545
331.738177
331.745423
331.760624
331.834965
331.839604
331.921346
331.928643
331.947458
332.054444
332.104819
332.108376
332.174566
332.204268
332.247314
332.271293
332.297676
332.305155
332.315783
332.377408
332.400434
332.414858
332.472508
332.564897
332.582957
332.620509
332.676608
332.704875
332.741102
332.751070
332.753142
332.766927
332.817878
332.848503
332.859450
332.881705
332.942474
332.998983
333.089400
333.096601
333.180550
333.272384
333.279821
333.294654
333.299019
333.308042
333.314316
333.322545
333.351831
333.380738
333.423023
333.431621
333.459980
333.480023
333.496496
333.527172
333.564610
333.632143
333.633894
333.722545
333.802160
333.903154
333.951326
333.966459
334.019077
334.083003
334.101539
334.252650
334.346960
334.372198
334.398927
334.490537
334.506455
334.540482
334.559687
334.608562
334.621344
334.651055
334.653505
334.660514
334.689151
334.722485
334.752433
334.756036
334.918882
334.931312
334.938724
334.960522
334.975950
335.024362
335.039660
335.051616
335.086545
335.100040
335.102949
335.189782
335.209852
335.255365
335.337398
335.360849
335.440525
335.456408
335.486381
335.500452
335.540969
335.581059
335.668010
335.710209
335.820161
335.820411
335.884003
335.940482
336.095779
336.158635
336.211140
336.271091
336.410262
336.427176
336.432296
336.454721
336.564824
336.643903
336.647174
336.661518
336.661611
336.714065
336.714547
336.745426
336.748114
336.767115
336.868412
336.985197
337.009289
337.043521
337.079852
337.100143
337.122102
337.126608
337.180677
337.248311
337.253652
337.325749
337.343950
337.384715
337.392370
337.415939
337.423576
337.450542
337.513825
337.574380
337.622893
337.667559
337.691704
337.697181
337.729271
337.729579
337.732645
337.769434
337.782270
337.823957
337.846884
337.895242
337.906943
338.014085
338.037374
338.100661
338.110148
338.236141
338.248680
338.255025
338.412186
338.421661
338.499332
338.535561
338.541660
338.610171
338.613125
338.614313
338.625774
338.636540
338.665354
338.688262
338.856633
338.884591
339.009081
339.051311
339.056187
339.074544
339.085899
339.105083
339.132998
339.191388
339.224176
339.313129
339.326773
339.348423
339.358407
339.435430
339.474051
339.563624
339.570303
339.591002
339.591686
339.598662
339.694612
339.732720
339.737794
339.790930
339.798743
339.804923
339.837862
339.841353
339.897887
339.903843
339.912022
339.926784
339.927237
339.976092
339.982093
339.987342
340.010404
340.114053
340.206786
340.240463
340.282849
340.286877
340.352107
340.413804
340.450005
340.485780
340.598424
340.614335
340.624144
340.661972
340.716820
340.734942
340.759443
340.782839
340.869204
340.885346
340.892910
340.924948
340.929905
340.982376
340.996841
341.014299
341.021852
341.058976
341.081028
341.085861
341.191657
341.246432
341.255560
341.352945
341.394795
341.443277
341.544177
341.597881
341.636984
341.746609
341.851451
342.008395
342.115426
342.117248
342.127037
342.142602
342.173532
342.192846
342.293612
342.372365
342.372804
342.378795
342.392143
342.459642
342.480156
342.559452
342.624698
342.629817
342.660595
342.693772
342.702192
342.718405
342.762358
342.840656
342.914817
342.973841
343.049819
343.061262
343.231163
343.241812
343.326331
343.328505
343.340450
343.353698
343.438901
343.479780
343.524889
343.612008
343.750865
343.787609
343.788108
343.828387
343.878922
343.902514
344.016196
344.044963
344.055767
344.056317
344.150400
344.238054
344.245638
344.260447
344.303948
344.314483
344.328941
344.336315
344.346768
344.406020
344.414065
344.439373
344.447643
344.503822
344.506779
344.512894
344.810613
344.894958
344.906381
344.938839
344.939951
344.965479
344.970920
345.026144
345.048953
345.054115
345.060363
345.133883
345.178745
345.201571
345.218616
345.289955
345.295020
345.320560
345.397095
345.401013
345.420666
345.436336
345.498788
345.513870
345.704997
345.713667
345.751318
345.771305
345.803265
345.808815
345.821734
345.843232
345.851316
345.884573
345.915697
345.921923
345.995713
346.009044
346.054209
346.089215
346.112446
346.121612
346.184970
346.231574
346.275188
346.318802
346.324842
346.365029
346.368261
346.429794
346.473089
346.482634
346.502016
346.510328
346.519983
346.532250
346.561130
346.615834
346.677346
346.679892
346.740351
346.760455
346.822136
346.853087
346.900332
346.935479
346.970492
346.981622
346.992502
347.110033
347.143862
347.162990
347.164972
347.170256
347.197644
347.311996
347.358483
347.377995
347.444044
347.482382
347.490475
347.498836
347.507454
347.513747
347.516890
347.524521
347.541697
347.670051
347.766080
347.780785
347.829492
347.841263
347.844239
347.852373
347.855327
347.858476
348.020532
348.067663
348.124268
348.151075
348.192930
348.209485
348.219966
348.263586
348.272281
348.314333
348.372432
348.382610
348.431401
348.434706
348.438837
348.481918
348.484737
348.513306
348.614176
348.615777
348.651381
348.716671
348.726064
348.742327
348.755429
348.803042
348.827990
348.828075
348.913176
348.987872
349.008324
349.024957
349.157246
349.177984
349.214344
349.370357
349.429929
349.464689
349.477393
349.488043
349.563913
349.564644
349.577376
349.647292
349.682702
349.687672
349.696085
349.717397
349.736428
349.819257
349.883674
349.952585
349.975191
349.986776
350.057370
350.058056
350.121218
350.140402
350.172546
350.203817
350.215793
350.386419
350.400225
350.472160
350.488287
350.523370
350.525043
350.530865
350.541781
350.590037
350.611147
350.639469
350.643575
350.643644
350.646465
350.695944
350.717329
350.743533
350.762012
350.792087
350.803362
350.805501
350.845278
350.846855
350.858098
350.874231
350.906117
350.924011
350.960904
350.977237
351.112220
351.116320
351.183785
351.267184
351.285365
351.304773
351.421236
351.436263
351.447036
351.512099
351.666166
351.672242
351.681001
351.761865
351.790422
351.831740
351.841056
351.874605
351.880304
351.925063
351.937009
351.973587
351.982384
352.046552
352.050889
352.055600
352.227890
352.341202
352.366540
352.440545
352.502396
352.540277
352.596675
352.689985
352.820005
352.839811
352.869129
352.887517
352.931981
352.933756
352.947912
352.952408
352.955284
352.956244
353.022393
353.032251
353.037607
353.050220
353.072663
353.111109
353.122208
353.167812
353.177634
353.212626
353.222799
353.259310
353.265931
353.291781
353.340785
353.345737
353.394351
353.404757
353.436396
353.520552
353.525769
353.578310
353.630564
353.740160
353.756375
353.776867
353.822811
353.854589
353.907715
353.922758
354.049640
354.053897
354.106491
354.135938
354.137604
354.143499
354.157332
354.183540
354.200765
354.224484
354.235106
354.288746
354.308318
354.335587
354.351586
354.375338
354.402334
354.424890
354.455319
354.481926
354.486319
354.492051
354.494201
354.504151
354.505695
354.548518
354.569267
354.596678
354.617060
354.651075
354.760984
354.782365
354.878600
354.915895
354.963984
354.970298
354.988202
355.020691
355.022618
355.037794
355.083897
355.084529
355.092848
355.156581
355.201577
355.214596
355.216777
355.226691
355.232118
355.265476
355.350853
355.370379
355.381319
355.381978
355.399985
355.449368
355.485557
355.627796
355.663601
355.716521
355.726022
355.804502
355.868203
355.884637
355.951971
355.980175
356.031993
356.032833
356.140818
356.148514
356.154362
356.231147
356.343427
356.351176
356.381812
356.382640
356.474632
356.513763
356.567014
356.567537
356.601897
356.610919
356.642380
356.707775
356.875255
356.880750
356.891521
356.896493
356.898964
356.943115
356.946938
356.974673
356.984538
356.986545
357.022984
357.051437
357.149096
357.151190
357.153084
357.200700
357.228731
357.242586
357.266704
357.318417
357.450739
357.458339
357.473521
357.482981
357.588012
357.591898
357.604805
357.617807
357.624614
357.626646
357.711084
357.711086
357.762507
357.771393
357.786481
357.797470
357.979094
357.993074
358.002636
358.009774
358.016859
358.023251
358.054697
358.146358
358.232000
358.290206
358.293083
358.316245
358.328682
358.401078
358.470556
358.470789
358.533433
358.541219
358.553129
358.599824
358.634662
358.683874
358.728678
358.754347
358.779494
358.781850
358.783304
358.788638
358.869975
358.925480
358.927793
358.932009
358.986547
358.989455
359.093614
359.097033
359.138191
359.213057
359.243697
359.275945
359.283981
359.360802
359.522679
359.524138
359.553269
359.553606
359.827026
359.846430
359.847577
359.868755
359.885736
359.898066
359.956592
359.994940
360.030871
360.032167
360.077790
360.194805
360.253001
360.358697
360.368573
360.373124
360.412666
360.419756
360.431351
360.445118
360.510479
360.526382
360.578005
360.639265
360.665785
360.707898
360.715988
360.728263
360.759193
360.786114
360.789308
360.873427
360.908660
360.974105
360.979123
361.012569
361.047473
361.047478
361.185210
361.231386
361.247777
361.274250
361.294406
361.370020
361.451909
361.464471
361.524950
361.542024
361.648818
361.683057
361.705902
361.842723
361.875195
362.023174
362.023639
362.024946
362.027732
362.029765
362.108956
362.218262
362.281309
362.305260
362.316044
362.322045
362.335499
362.393009
362.416872
362.424247
362.432569
362.459408
362.489269
362.508802
362.562778
362.568160
362.654417
362.696576
362.940657
362.950393
362.958523
362.992739
363.158657
363.199725
363.216160
363.346110
363.388717
363.442592
363.520786
363.530795
363.568773
363.647103
363.663600
363.666649
363.712338
363.766491
363.775874
363.821377
363.898285
363.904066
363.911979
363.912395
363.943372
363.948843
363.989028
364.018039
364.049642
364.053359
364.074196
364.111810
364.156440
364.178415
364.190943
364.193063
364.217452
364.229746
364.281628
364.355730
364.365494
364.377413
364.381773
364.401634
364.418925
364.481500
364.549892
364.552799
364.556906
364.580878
364.661807
364.665876
364.780174
364.792612
364.849598
364.918369
364.918796
364.930811
365.105350
365.133690
365.145034
365.152113
365.158801
365.161296
365.210131
365.226534
365.297489
365.325330
365.331500
365.338336
365.366503
365.389856
365.446052
365.478139
365.524167
365.574793
365.605578
365.637274
365.668786
365.718271
365.776442
365.785794
365.791661
365.804233
365.818971
365.831905
365.861388
365.877092
365.909105
365.912738
365.913367
365.935930
366.046653
366.092615
366.110911
366.150520
366.159101
366.214301
366.236971
366.246211
366.268716
366.269685
366.291287
366.298276
366.310822
366.321852
366.372532
366.399820
366.423145
366.434019
366.477980
366.529565
366.541535
366.614503
366.662960
366.721619
366.753059
366.788798
366.805468
366.825587
366.836251
366.852172
366.865672
366.871251
366.882733
366.910016
366.931291
366.935398
366.940508
366.979700
366.987792
367.022176
367.022536
367.065565
367.073050
367.201179
367.270638
367.277263
367.277686
367.280283
367.381490
367.429470
367.448586
367.475259
367.488200
367.551124
367.652975
367.678683
367.705491
367.786078
367.823351
367.827555
367.831570
367.853051
367.936076
367.979331
367.992777
368.032477
368.057612
368.209196
368.295331
368.304158
368.309796
368.323071
368.458626
368.538984
368.717341
368.724449
368.727765
368.770979
368.798977
368.799911
368.822268
368.966406
368.984732
368.997763
369.018321
369.018800
369.032777
369.134913
369.204473
369.312277
369.339857
369.418278
369.595754
369.658252
369.699344
369.700653
369.729361
369.765064
369.830051
369.861487
369.864989
369.976237
369.999934
370.028431
370.231134
370.259732
370.269065
370.313445
370.372275
370.385243
370.414714
370.568959
370.582101
370.665575
370.678958
370.709469
370.722450
370.745929
370.844056
370.856889
370.860068
370.880947
370.891754
370.925883
370.961779
370.969035
370.978586
371.035946
371.054930
371.114455
371.130279
371.171684
371.191953
371.203518
371.236231
371.244562
371.250544
371.261767
371.277075
371.297224
371.364424
371.377833
371.416002
371.500156
371.523760
371.542962
371.586604
371.588483
371.707117
371.716260
371.722291
371.741607
371.774639
371.821306
371.833951
371.835378
371.835391
371.879131
371.883867
371.890396
371.949156
371.970875
372.026993
372.064099
372.077587
372.153319
372.159724
372.165905
372.314035
372.363065
372.386685
372.458016
372.495941
372.520335
372.641036
372.646171
372.665879
372.750937
372.752320
372.818836
372.866595
372.888351
372.905821
372.931137
372.933676
372.935008
372.941537
372.989477
373.064569
373.093593
373.101720
373.108362
373.112091
373.182360
373.211347
373.229071
373.281700
373.293631
373.300847
373.348851
373.520668
373.522495
373.540158
373.580437
373.588924
373.634901
373.693296
373.794119
373.829685
373.833344
373.860594
373.866143
373.889979
373.902011
373.945882
374.090952
374.107342
374.156735
374.179824
374.189778
374.222191
374.265589
374.284497
374.286304
374.289576
374.292918
374.337622
374.372052
374.372384
374.376387
374.380455
374.394219
374.444444
374.476524
374.513233
374.541855
374.565630
374.584482
374.608968
374.653481
374.654056
374.707665
374.708192
374.866561
374.891174
374.905134
374.914214
374.968093
374.976784
375.059298
375.080422
375.107685
375.115582
375.314254
375.317098
375.353151
375.424568
375.432271
375.434293
375.437819
375.444518
375.548550
375.601572
375.636829
375.698541
375.745012
375.796806
375.830273
375.896541
375.904265
375.972731
375.999034
376.004398
376.080315
376.103739
376.201179
376.218645
376.247832
376.253778
376.259947
376.268541
376.317757
376.347107
376.370460
376.418558
376.468206
376.542698
376.565374
376.601391
376.625208
376.637850
376.688369
376.766180
376.771049
376.803743
376.834157
376.840112
376.845375
376.862996
376.889349
376.895784
376.951039
376.956128
377.005863
377.015543
377.020189
377.049929
377.060626
377.089020
377.176476
377.197470
377.207518
377.224756
377.229093
377.259165
377.370325
377.387187
377.408030
377.420234
377.449973
377.452087
377.484931
377.488879
377.595869
377.642998
377.663956
377.664654
377.726917
377.743146
377.882376
377.903123
377.923106
377.950425
377.955645
378.053371
378.159324
378.160316
378.178154
378.182366
378.213066
378.228054
378.234570
378.310441
378.375640
378.445497
378.500623
378.506200
378.539596
378.582748
378.587558
378.616299
378.649391
378.679569
378.696042
378.820718
378.824297
378.853461
378.874037
378.886763
378.952528
379.013954
379.095252
379.106085
379.145627
379.149840
379.162748
379.174086
379.251832
379.312572
379.341084
379.363335
379.425511
379.453320
379.454774
379.494231
379.499978
379.512405
379.571938
379.572590
379.680391
379.700152
379.707565
379.717541
379.734678
379.842976
379.849420
379.883474
379.934007
379.988365
380.136858
380.230679
380.234643
380.315676
380.317188
380.321793
380.331799
380.360271
380.576474
380.581215
380.612316
380.612625
380.705667
380.710846
380.734637
380.740847
380.791375
380.810014
380.846559
380.890259
380.954700
381.003496
381.005236
381.016900
381.070876
381.122081
381.126057
381.129946
381.134885
381.209508
381.213984
381.222422
381.227118
381.287052
381.344005
381.486194
381.516490
381.528854
381.545539
381.569074
381.581107
381.609973
381.650488
381.685447
381.702150
381.710510
381.718845
381.754749
381.929941
381.943755
381.956127
382.013825
382.035908
382.059972
382.079344
382.106453
382.158801
382.165854
382.170240
382.212932
382.221813
382.235962
382.240582
382.256819
382.383329
382.394904
382.407610
382.410892
382.413990
382.416225
382.496236
382.511576
382.536435
382.608251
382.612114
382.680848
382.693859
382.693942
382.698050
382.731909
382.733151
382.786452
382.837973
382.858752
382.871411
382.894122
382.920093
382.941443
382.996975
383.026663
383.082579
383.141704
383.286134
383.306407
383.342505
383.352491
383.378499
383.394653
383.422068
383.435086
383.449782
383.547699
383.584511
383.593625
383.622023
383.669977
383.670618
383.822563
383.878577
383.881616
383.965742
383.972045
384.071805
384.095243
384.097531
384.126024
384.148467
384.162152
384.180838
384.207260
384.302931
384.338552
384.375625
384.378243
384.392308
384.414556
384.416226
384.523077
384.559148
384.590332
384.602499
384.604350
384.623240
384.808390
384.812838
384.876815
384.923159
384.931754
384.948896
385.052583
385.072061
385.128908
385.147814
385.161301
385.182578
385.210243
385.218434
385.240351
385.263094
385.336247
385.352724
385.364233
385.386615
385.389173
385.411708
385.423250
385.464006
385.466207
385.498579
385.518279
385.528887
385.547259
385.611699
385.639719
385.651715
385.687084
385.707865
385.714843
385.732985
385.771626
385.803093
385.807534
385.829785
385.859250
385.871164
385.886189
385.930454
385.932183
385.935590
385.942927
385.962744
385.970466
385.995116
386.006398
386.070672
386.168887
386.169153
386.169268
386.198533
386.199263
386.241622
386.315730
386.350120
386.373850
386.408713
386.437106
386.438955
386.439349
386.457005
386.479839
386.586435
386.610296
386.740515
386.785653
386.786157
386.837035
386.849118
386.882316
386.895351
386.979050
387.000571
387.011143
387.029086
387.247513
387.248016
387.298158
387.315558
387.355656
387.358775
387.369312
387.382670
387.484166
387.486776
387.495820
387.503077
387.504648
387.599270
387.601227
387.607551
387.627514
387.729995
387.763846
387.808280
387.852030
387.926983
388.045693
388.058248
388.090377
388.090960
388.096371
388.137053
388.163925
388.183633
388.199205
388.204664
388.239899
388.280183
388.286524
388.308813
388.347970
388.432239
388.461777
388.473533
388.510220
388.513180
388.536843
388.547171
388.556690
388.629922
388.661755
388.685616
388.708716
388.767106
388.772528
388.788004
388.861497
388.874300
388.996142
389.018018
389.035303
389.083430
389.110933
389.199127
389.242171
389.311057
389.349077
389.387721
389.393235
389.464737
389.465291
389.530889
389.531251
389.604044
389.750537
389.760102
389.814949
389.906413
389.966843
390.009853
390.051764
390.061605
390.076643
390.120631
390.141599
390.142952
390.172965
390.189707
390.289927
390.354233
390.360644
390.367394
390.379788
390.381626
390.528964
390.535310
390.619159
390.629714
390.683726
390.737073
390.788783
390.864734
390.891201
390.922073
390.941386
390.999750
391.010470
391.021862
391.086536
391.086674
391.117418
391.119354
391.253668
391.278134
391.298692
391.361904
391.386536
391.391134
391.453113
391.475229
391.523257
391.537700
391.555960
391.580880
391.595378
391.705172
391.707852
391.709577
391.758008
391.783624
391.799658
391.840345
391.851506
391.890684
391.994961
392.012892
392.056541
392.059408
392.081870
392.164305
392.210137
392.251465
392.392433
392.398053
392.477357
392.487696
392.503952
392.505066
392.528083
392.625189
392.652355
392.675599
392.691801
392.696254
392.704622
392.881471
392.935828
392.987660
393.039519
393.052133
393.089241
393.126200
393.139643
393.184160
393.196772
393.208474
393.211920
393.254054
393.265768
393.267022
393.272188
393.294445
393.437513
393.459569
393.558578
393.562511
393.605407
393.607187
393.656402
393.770009
393.805054
393.838229
393.845202
393.850137
393.930506
393.935160
393.942929
394.009903
394.051330
394.057275
394.081048
394.081528
394.083358
394.093567
394.125765
394.140754
394.144131
394.212110
394.255446
394.292762
394.315860
394.323939
394.331824
394.356093
394.384671
394.460468
394.490127
394.539255
394.539399
394.575801
394.623799
394.684162
394.699209
394.728588
394.892606
394.920235
394.960235
395.006904
395.020122
395.035082
395.048247
395.055957
395.115288
395.122426
395.162999
395.187282
395.204481
395.287873
395.309144
395.356309
395.375358
395.443381
395.511248
395.517163
395.722685
395.736602
395.737537
395.794881
395.798251
395.901693
395.904491
395.917469
395.996335
396.028107
396.038373
396.112375
396.127166
396.320620
396.354005
396.374810
396.398161
396.421051
396.428465
396.438904
396.440765
396.486852
396.519487
396.550999
396.667833
396.674738
396.761649
396.762690
396.803718
396.831520
396.878959
396.892639
396.897040
396.942740
396.958614
396.969352
396.971273
396.992642
397.037473
397.076720
397.104389
397.150672
397.151345
397.198464
397.291812
397.295521
397.318050
397.318128
397.347373
397.357468
397.366548
397.371628
397.383695
397.412666
397.453223
397.503409
397.522231
397.583897
397.627608
397.684586
397.718638
397.922975
397.934408
397.985295
398.013729
398.016778
398.018177
398.026886
398.048026
398.071693
398.074163
398.125508
398.189374
398.211671
398.213560
398.229869
398.277441
398.281845
398.404574
398.430936
398.552389
398.560599
398.680000
398.683503
398.711364
398.716724
398.740269
398.774330
398.788836
398.816462
398.853692
398.868964
398.897388
398.930949
398.969608
398.996789
399.059972
399.060145
399.117383
399.176104
399.197338
399.264196
399.275705
399.300897
399.339914
399.345931
399.345934
399.441305
399.488786
399.575683
399.580607
399.624057
399.758093
399.769713
399.797307
399.799011
399.806506
399.809942
399.835686
399.838460
399.854132
399.936201
399.946159
399.951979
399.995561
400.011217
400.108933
400.110636
400.116329
400.171258
400.205308
400.233210
400.251904
400.289750
400.370006
400.393206
400.397786
400.418161
400.464808
400.480689
400.484486
400.492238
400.560000
400.669827
400.785951
400.857683
400.928848
400.986171
401.107508
401.109877
401.111776
401.183488
401.185752
401.190993
401.199154
401.203305
401.221231
401.335740
401.361547
401.361952
401.440992
401.518334
401.531932
401.573254
401.644993
401.651420
401.686524
401.716877
401.753030
401.764833
401.795954
401.867730
401.907334
401.924123
401.959707
401.989293
402.134737
402.142875
402.145841
402.187983
402.263940
402.306831
402.331133
402.437946
402.465746
402.484244
402.511671
402.676522
402.680724
402.686874
402.729942
402.810049
402.861235
402.878948
402.884751
402.892719
402.928271
402.944975
402.969744
403.009615
403.188675
403.195854
403.213829
403.239553
403.274353
403.322277
403.343337
403.424693
403.461741
403.532045
403.598487
403.604874
403.612328
403.615515
403.623150
403.623981
403.625309
403.651921
403.661684
403.670806
403.681161
403.690066
403.724474
403.731331
403.757796
403.778068
403.792572
403.802260
403.833288
403.857001
403.880461
403.903350
403.998257
404.004390
404.020892
404.033245
404.051748
404.087551
404.143005
404.177800
404.212584
404.239895
404.260412
404.301936
404.309189
404.363183
404.394005
404.396110
404.416722
404.475342
404.510102
404.541448
404.556078
404.566311
404.568164
404.594730
404.638244
404.671835
404.724840
404.733958
404.795760
404.871248
404.888687
405.046892
405.116633
405.216802
405.247182
405.284122
405.327150
405.376019
405.382662
405.410771
405.417979
405.445903
405.460857
405.475377
405.521659
405.522249
405.532286
405.568067
405.580789
405.604436
405.653413
405.659855
405.686542
405.689870
405.723288
405.772367
405.774762
405.860926
405.873822
405.877519
405.884672
405.951569
405.979745
406.035088
406.052755
406.144847
406.151119
406.161666
406.178348
406.225196
406.255873
406.266831
406.325957
406.375729
406.385288
406.425366
406.430633
406.451405
406.524908
406.540601
406.560204
406.569250
406.588089
406.647709
406.659953
406.673054
406.677995
406.813239
406.846144
406.882867
406.915095
406.926029
406.970295
406.992471
406.999544
407.055079
407.073372
407.084967
407.109406
407.146599
407.180350
407.199721
407.229366
407.310320
407.310895
407.320967
407.325773
407.338706
407.345667
407.348907
407.351159
407.400097
407.433041
407.454715
407.508598
407.509598
407.525286
407.642443
407.672928
407.677649
407.761177
407.761481
407.762018
407.809606
407.813004
407.822308
407.843374
407.960877
407.963431
407.983004
408.043144
408.070049
408.154802
408.163359
408.224867
408.246150
408.310367
408.316959
408.324652
408.324734
408.375295
408.387957
408.403476
408.420723
408.677177
408.707555
408.720698
408.789264
408.795412
408.795853
408.802158
408.839658
408.845834
408.855407
408.919192
408.943873
408.949347
408.971999
408.974631
409.018491
409.036876
409.084777
409.087304
409.114352
409.157419
409.162798
409.256646
409.258144
409.318660
409.329115
409.394938
409.461231
409.554346
409.600226
409.667361
409.730102
409.748660
409.766296
409.779822
409.924226
409.947717
410.037378
410.051349
410.059072
410.071046
410.109881
410.146450
410.191747
410.225294
410.267295
410.309935
410.425040
410.473258
410.543280
410.581887
410.588436
410.671308
410.682844
410.715164
410.720794
410.780507
410.790853
410.792018
410.906611
411.054031
411.057809
411.062237
411.189778
411.195756
411.245594
411.246978
411.312537
411.319865
411.323045
411.355250
411.381623
411.397116
411.408190
411.433058
411.471186
411.602783
411.658001
411.796390
411.859960
411.866687
411.951347
411.954034
412.002865
412.060126
412.139822
412.142326
412.187207
412.206931
412.228919
412.244009
412.262606
412.283107
412.304472
412.326093
412.338372
412.393900
412.398113
412.402761
412.410966
412.429793
412.442989
412.545439
412.546812
412.564444
412.723914
412.813822
412.842666
412.907965
412.934751
412.960492
413.083446
413.163099
413.191105
413.254940
413.260258
413.403932
413.424553
413.433424
413.438287
413.510826
413.570999
413.581241
413.584852
413.643772
413.652269
413.735288
413.762931
413.772853
413.838754
413.900020
414.036404
414.074339
414.160660
414.225091
414.266134
414.285187
414.431794
414.437717
414.440597
414.442601
414.507338
414.508369
414.512276
414.582732
414.644485
414.650335
414.656482
414.723971
414.851072
414.881866
414.930416
414.950531
414.975747
414.985177
415.042502
415.071569
415.112869
415.134582
415.177885
415.289383
415.318402
415.334642
415.338836
415.364849
415.399957
415.425276
415.426173
415.433941
415.453580
415.481796
415.738957
415.760426
415.777877
415.792581
415.804625
415.883666
415.932411
415.940988
415.953551
416.003385
416.005133
416.072813
416.105866
416.124783
416.126833
416.158800
416.206238
416.224370
416.242126
416.321512
416.348633
416.421971
416.477773
416.483165
416.500860
416.506651
416.509997
416.521792
416.687652
416.713607
416.747834
416.748982
416.885068
416.891191
416.918108
416.947735
417.001568
417.058651
417.107135
417.111735
417.133555
417.195251
417.206603
417.210324
417.231241
417.234974
417.286942
417.326281
417.351907
417.370274
417.384548
417.431173
417.488793
417.501042
417.541878
417.550289
417.659181
417.660349
417.663280
417.680858
417.732644
417.771246
417.803068
417.864840
417.918131
417.930797
417.965046
417.989179
418.043846
418.044073
418.077285
418.094107
418.111335
418.127218
418.135802
418.137534
418.138143
418.157378
418.194801
418.300677
418.311326
418.343162
418.410554
418.439880
418.441093
418.454859
418.502504
418.529784
418.558508
418.580053
418.612190
418.651901
418.695154
418.807390
418.838135
418.952599
418.992673
418.996928
419.045495
419.075910
419.102282
419.137146
419.168595
419.192188
419.228244
419.245392
419.306391
419.333156
419.393838
419.431646
419.489657
419.495811
419.511091
419.552798
419.576659
419.577119
419.579503
419.585171
419.655645
419.744744
419.791842
419.800089
419.894451
419.897683
419.950771
419.958830
420.021305
420.036621
420.045716
420.082303
420.084798
420.086402
420.118054
420.182979
420.211777
420.227064
420.269846
420.321314
420.390885
420.390892
420.392767
420.435598
420.453387
420.474412
420.511247
420.599880
420.683809
420.720492
420.751816
420.802024
420.821688
420.833801
420.974234
421.001230
421.029448
421.041489
421.045888
421.050925
421.062864
421.073371
421.092894
421.114789
421.117508
421.161764
421.165913
421.210369
421.217463
421.218306
421.227292
421.299316
421.305883
421.406385
421.408098
421.440947
421.495289
421.511708
421.578661
421.601107
421.634653
421.659791
421.740885
421.761309
421.766676
421.777673
421.783483
421.784128
421.786738
421.804598
421.934427
421.943950
422.019478
422.099815
422.114414
422.115601
422.213641
422.223837
422.234820
422.267543
422.282891
422.295107
422.320320
422.356953
422.364754
422.518105
422.532670
422.640521
422.665278
422.754938
422.764686
422.865680
422.866453
422.896580
422.916305
422.949257
422.954833
423.012758
423.019627
423.020849
423.089705
423.099751
423.109359
423.233827
423.296708
423.433163
423.448375
423.458050
423.461924
423.497693
423.576291
423.582616
423.621442
423.713996
423.764196
423.786156
423.864499
423.871080
423.923368
423.927963
423.932513
423.938059
423.951029
423.954025
423.980408
423.997952
424.004403
424.014950
424.082989
424.114886
424.208295
424.239583
424.292430
424.337736
424.342896
424.367931
424.423774
424.467690
424.480821
424.560572
424.576633
424.603906
424.634348
424.665161
424.677473
424.723487
424.757614
424.781624
424.783677
424.784706
424.803296
424.817821
424.867487
424.875391
424.877418
424.890387
424.958696
425.001130
425.006102
425.041729
425.070217
425.089985
425.148802
425.164537
425.288114
425.318864
425.339242
425.349423
425.353084
425.355984
425.450636
425.497673
425.537467
425.558980
425.598420
425.627731
425.668547
425.674265
425.688954
425.718679
425.794560
425.814340
425.845251
425.845912
425.864637
426.067154
426.131438
426.157813
426.179027
426.219290
426.229885
426.245115
426.257767
426.371621
426.375882
426.394013
426.414284
426.435537
426.446357
426.543262
426.599841
426.608878
426.610815
426.626652
426.649338
426.682619
426.688907
426.734946
426.746533
426.786199
426.836601
426.887689
426.966929
427.064754
427.103273
427.116865
427.144306
427.157298
427.175675
427.252900
427.303167
427.316706
427.322696
427.333495
427.547526
427.576382
427.612616
427.624973
427.692897
427.717748
427.725278
427.758647
427.781525
427.800801
427.839523
427.862360
427.867958
427.878292
427.909244
428.000660
428.007009
428.058390
428.064242
428.075779
428.095699
428.105116
428.124188
428.151078
428.209746
428.309026
428.313870
428.313905
428.335677
428.382294
428.384573
428.396011
428.410837
428.419133
428.479362
428.524067
428.608816
428.714260
428.739535
428.764313
428.792422
428.839804
428.866538
428.945608
428.977218
429.010607
429.093980
429.134592
429.150695
429.248357
429.306559
429.353855
429.398778
429.436074
429.465033
429.527280
429.575365
429.583950
429.586547
429.667214
429.715045
429.723943
429.724172
429.727533
429.756605
429.782452
429.853440
429.918711
429.927731
429.930013
429.961890
430.000331
430.028041
430.064170
430.069684
430.071805
430.159433
430.167152
430.170504
430.203784
430.212612
430.217629
430.243997
430.244088
430.269789
430.298931
430.310990
430.338428
430.379254
430.396149
430.435594
430.481519
430.575052
430.595606
430.606339
430.645190
430.690118
430.739815
430.758316
430.771477
430.822400
430.822968
430.825971
430.912257
430.970800
430.989043
430.997570
431.028124
431.103982
431.176929
431.191569
431.253588
431.261072
431.421893
431.434425
431.456088
431.460715
431.557228
431.611471
431.630776
431.654672
431.690218
431.691148
431.695084
431.708187
431.726322
431.745501
431.799620
431.805045
431.831000
431.850658
431.897591
431.906773
431.910910
432.032712
432.054475
432.074882
432.089802
432.118106
432.126094
432.246346
432.255867
432.267194
432.279082
432.439400
432.491010
432.509351
432.588875
432.609834
432.695755
432.778492
432.779227
432.799642
432.829945
432.891985
432.959666
433.028041
433.071695
433.072510
433.077185
433.084711
433.133932
433.166481
433.209283
433.215385
433.352671
433.409827
433.535539
433.575535
433.585309
433.585743
433.619960
433.625460
433.637985
433.697136
433.796060
433.803561
433.984225
434.049354
434.074955
434.115379
434.145053
434.176232
434.181367
434.183093
434.213582
434.259725
434.278214
434.297083
434.340364
434.354090
434.429148
434.451492
434.501930
434.517529
434.543312
434.568881
434.586337
434.605940
434.621576
434.625915
434.631367
434.696197
434.774699
434.791535
434.897163
434.930789
434.950690
434.955082
435.002337
435.013022
435.039471
435.084284
435.128250
435.133471
435.167387
435.202894
435.299703
435.349442
435.372511
435.436903
435.440548
435.490179
435.602612
435.609946
435.648277
435.691254
435.712387
435.735822
435.886054
435.911867
436.002814
436.011183
436.023889
436.030635
436.123993
436.161829
436.230240
436.255838
436.310724
436.312362
436.319116
436.339669
436.365198
436.382869
436.419340
436.498355
436.527625
436.577892
436.627017
436.731642
436.752841
436.767010
436.816318
436.835945
436.946775
436.970595
437.016284
437.033714
437.059887
437.074375
437.087816
437.130063
437.198810
437.257744
437.284781
437.313839
437.352021
437.370726
437.406468
437.460224
437.523094
437.603641
437.664050
437.686979
437.744172
437.797312
437.815487
437.889038
437.925362
437.979604
438.010603
438.059318
438.062673
438.073465
438.108429
438.137266
438.143343
438.152582
438.170547
438.224370
438.227542
438.263586
438.286317
438.317127
438.370887
438.440202
438.457115
438.478884
438.490878
438.550979
438.585009
438.595784
438.604943
438.610636
438.617502
438.660910
438.830987
438.861761
438.880329
438.895138
438.933735
438.957666
438.990525
439.034371
439.105097
439.115992
439.139660
439.149012
439.168718
439.191394
439.200509
439.207080
439.216263
439.247709
439.263977
439.273163
439.301056
439.335524
439.437115
439.452482
439.474918
439.479204
439.515631
439.515941
439.580555
439.662144
439.667656
439.669725
439.688159
439.708459
439.776270
439.835665
439.866334
439.889545
439.914212
439.961367
439.991329
440.080237
440.183327
440.193375
440.196845
440.232920
440.371204
440.392518
440.405126
440.460416
440.498614
440.511787
440.522467
440.531263
440.545559
440.601752
440.626453
440.661767
440.670188
440.736072
440.774175
440.834000
440.865582
440.888749
440.967388
440.973520
441.026669
441.134408
441.180865
441.246557
441.265420
441.347693
441.350281
441.355896
441.380413
441.456292
441.544862
441.571259
441.604450
441.621873
441.640343
441.673099
441.695753
441.717383
441.778000
441.814817
441.851281
441.899685
441.977102
441.978795
441.986655
442.040094
442.162891
442.225258
442.267256
442.296668
442.313184
442.322041
442.485049
442.531547
442.576423
442.591311
442.631810
442.640513
442.652014
442.716258
442.793590
442.799210
442.836975
442.840226
442.853728
442.897952
442.997639
443.008403
443.059624
443.092442
443.141435
443.201492
443.207025
443.221372
443.245341
443.260830
443.300392
443.315435
443.317925
443.409411
443.432274
443.437012
443.471070
443.476856
443.489741
443.546490
443.551264
443.558986
443.648043
443.746018
443.798885
443.873313
443.873480
443.915952
443.917907
443.966132
443.972121
444.038443
444.043272
444.043816
444.047768
444.234568
444.235996
444.255642
444.266435
444.320733
444.338825
444.340495
444.343629
444.397122
444.513120
444.534277
444.626069
444.627739
444.632022
444.668034
444.679157
444.701256
444.710555
444.778729
444.788651
444.842175
444.957208
444.982597
444.986140
444.986197
444.995540
445.030087
445.039231
445.057835
445.126667
445.142060
445.143109
445.303231
445.328122
445.512197
445.530145
445.559038
445.647906
445.728135
445.735156
445.753730
445.850438
445.869694
445.891000
445.915796
445.930439
446.004420
446.092386
446.120670
446.158327
446.162196
446.280216
446.343171
446.366533
446.399191
446.432302
446.485514
446.520958
446.551136
446.556328
446.582679
446.586396
446.589268
446.645557
446.671042
446.724569
446.727672
446.818183
446.924080
446.971206
447.006629
447.015995
447.043178
447.106007
447.111397
447.140515
447.240241
447.242040
447.272726
447.317585
447.328895
447.331277
447.376400
447.411624
447.460360
447.525521
447.555626
447.560670
447.648251
447.722995
447.727634
447.733845
447.735330
447.778947
447.806127
447.852722
447.867028
447.903281
447.927024
447.941295
448.011698
448.050654
448.076612
448.091835
448.102569
448.231586
448.249840
448.272862
448.285035
448.314994
448.350092
448.367782
448.450882
448.454995
448.477279
448.508077
448.550871
448.552047
448.566259
448.572115
448.688380
448.696767
448.703988
448.753483
448.755597
448.773853
448.777037
448.845889
448.887079
448.905923
448.918204
449.015076
449.053437
449.117157
449.151810
449.153886
449.157705
449.165471
449.168065
449.198190
449.255113
449.271759
449.312015
449.329363
449.381045
449.385676
449.401701
449.447481
449.487025
449.494569
449.494604
449.513936
449.525264
449.564192
449.565545
449.607321
449.608533
449.610496
449.618486
449.684565
449.694492
449.751748
449.843825
449.868343
449.953039
449.993463
450.022106
450.078263
450.165936
450.225479
450.332443
450.487201
450.487227
450.497940
450.536843
450.589572
450.623549
450.636383
450.689316
450.689721
450.771110
450.779709
450.783284
450.786460
450.808807
450.880729
450.893237
450.912616
450.915956
450.990550
451.000364
451.042452
451.074989
451.138286
451.197894
451.204255
451.251864
451.289192
451.432443
451.450596
451.451404
451.452904
451.516123
451.516553
451.582241
451.658355
451.692690
451.724970
451.778146
451.807686
451.917852
451.935370
451.970001
452.021285
452.059229
452.073847
452.157059
452.161033
452.209479
452.259752
452.261068
452.320900
452.365959
452.370641
452.400355
452.416392
452.424008
452.431107
452.497378
452.554461
452.616522
452.634806
452.651926
452.656248
452.692864
452.706173
452.716898
452.774686
452.788965
452.791092
452.807065
452.827323
452.829875
452.834338
452.857502
452.947608
452.984643
453.070019
453.090385
453.139597
453.195895
453.333466
453.447627
453.463249
453.483979
453.521205
453.568225
453.603240
453.639459
453.707537
453.721639
453.729127
453.800884
453.821402
453.822164
453.852862
453.867730
453.996878
454.206349
454.280597
454.318028
454.373363
454.380519
454.451093
454.495471
454.499728
454.500941
454.529614
454.557797
454.613778
454.614969
454.615834
454.652042
454.676692
454.679864
454.685268
454.761914
454.763464
454.785166
454.792213
454.795686
454.864413
454.919914
454.987613
455.039286
455.063699
455.073373
455.094268
455.105134
455.138782
455.168537
455.217770
455.351332
455.389870
455.414994
455.450921
455.451602
455.471914
455.504071
455.504227
455.525103
455.530439
455.533097
455.587678
455.639517
455.713898
455.753868
455.808686
455.872632
455.892423
455.930407
455.949566
455.966038
455.971062
456.110615
456.117431
456.151871
456.152521
456.188342
456.204072
456.282576
456.285217
456.298253
456.392106
456.394462
456.400165
456.435397
456.542019
456.549859
456.580045
456.693931
456.704039
456.734704
456.739472
456.741212
456.758245
456.772703
456.807841
456.913939
457.003408
457.023210
457.073067
457.073907
457.133057
457.177119
457.178738
457.199245
457.220557
457.223891
457.241253
457.248712
457.290870
457.291132
457.347524
457.347632
457.360997
457.435308
457.466547
457.479244
457.485045
457.509904
457.587121
457.587966
457.616037
457.670018
457.678809
457.688438
457.916359
457.958651
458.005480
458.107505
458.133127
458.179396
458.209827
458.214369
458.243951
458.335295
458.349834
458.364403
458.444649
458.503187
458.594720
458.604228
458.608281
458.618437
458.640149
458.645380
458.646695
458.675806
458.844059
458.909354
458.916379
458.929693
458.940136
458.957089
458.978657
458.991302
459.032487
459.060664
459.065382
459.078371
459.155056
459.166416
459.181823
459.237192
459.277951
459.283891
459.325364
459.345359
459.348809
459.372805
459.377940
459.413672
459.481927
459.482758
459.488352
459.496056
459.550556
459.608298
459.612247
459.620413
459.688921
459.689604
459.709527
459.739240
459.753769
459.792825
459.794355
459.837024
459.853191
459.906428
459.934954
459.943298
459.964079
460.021126
460.031229
460.041436
460.055840
460.115771
460.116783
460.190206
460.196190
460.345932
460.350322
460.421603
460.434509
460.444060
460.567335
460.574440
460.598746
460.644052
460.689473
460.750182
460.830867
460.878585
460.904086
460.976732
461.002900
461.010439
461.025119
461.114527
461.142281
461.178858
461.195906
461.200486
461.241046
461.246541
461.252417
461.261606
461.306315
461.306596
461.408519
461.456279
461.465005
461.478522
461.490094
461.540404
461.548483
461.562732
461.605104
461.700446
461.733958
461.759087
461.774439
461.792280
461.867137
461.891019
461.981044
462.090721
462.125597
462.176311
462.181778
462.197850
462.229947
462.289421
462.292561
462.491164
462.522138
462.528662
462.535581
462.604615
462.670264
462.727432
462.741177
462.820662
462.859831
462.896839
462.952871
463.066457
463.079112
463.148439
463.335225
463.462622
463.518327
463.531529
463.537995
463.572865
463.582247
463.601264
463.607928
463.612554
463.618312
463.648413
463.681780
463.735478
463.811347
463.812311
463.820010
463.827894
463.841367
463.856360
463.909973
463.920255
463.936607
463.941311
463.960838
463.970449
463.987122
464.026122
464.028183
464.049319
464.094183
464.108785
464.162716
464.223720
464.297585
464.331261
464.382263
464.398422
464.411754
464.413992
464.430425
464.440462
464.471648
464.499000
464.534723
464.542951
464.713796
464.786474
464.824458
464.856553
464.877231
464.946773
465.011839
465.012774
465.056983
465.067565
465.071162
465.114369
465.140920
465.234657
465.351614
465.388174
465.399309
465.438094
465.464570
465.473621
465.481210
465.495139
465.509563
465.550637
465.570340
465.572222
465.592371
465.662849
465.668787
465.691499
465.719563
465.732634
465.811930
465.834882
465.851453
465.865662
465.913199
465.945095
465.994933
466.027990
466.107957
466.109008
466.133299
466.209110
466.242857
466.248599
466.278916
466.343841
466.358834
466.445549
466.445820
466.453466
466.471734
466.479492
466.521915
466.528690
466.585687
466.641622
466.668737
466.693257
466.741124
466.764141
466.882341
466.895265
466.941794
466.944055
466.962920
466.971046
467.004611
467.082077
467.102521
467.111689
467.171144
467.191054
467.268397
467.310936
467.317394
467.334906
467.395164
467.403091
467.405420
467.528182
467.538399
467.575245
467.714847
467.721589
467.740995
467.810094
467.840856
467.886530
467.927798
467.950536
467.953557
467.965558
467.989704
468.014383
468.043366
468.060945
468.072004
468.126295
468.200419
468.215072
468.253017
468.351139
468.383915
468.387953
468.448761
468.464308
468.561331
468.583330
468.670646
468.714321
468.758468
468.779732
468.788711
468.800926
468.845875
468.895736
468.916513
468.931280
468.943413
468.985256
469.037604
469.079273
469.093762
469.100129
469.134880
469.148814
469.156642
469.158683
469.160789
469.182697
469.185010
469.220699
469.255163
469.338154
469.358775
469.451316
469.455792
469.463398
469.466533
469.544772
469.587815
469.600901
469.644961
469.708050
469.710733
469.712090
469.780919
469.788294
469.792659
469.888889
469.990882
470.004765
470.015856
470.027301
470.027652
470.032310
470.053139
470.065934
470.117806
470.156339
470.193507
470.214314
470.276104
470.285461
470.314774
470.333138
470.366338
470.386186
470.459212
470.512389
470.680306
470.697534
470.706264
470.727333
470.742589
470.769610
470.776046
470.800136
470.814492
470.827346
470.837175
470.987091
470.999974
471.030679
471.068267
471.091107
471.091255
471.096816
471.119354
471.119593
471.165772
471.257609
471.275697
471.294759
471.312391
471.313768
471.342215
471.384235
471.465681
471.478959
471.495292
471.497384
471.574603
471.643240
471.659030
471.730851
471.738102
471.821318
471.881947
471.904759
471.937859
471.961893
471.988838
471.992847
472.032577
472.036495
472.061579
472.081382
472.146514
472.163836
472.272735
472.293222
472.350157
472.420970
472.438928
472.451626
472.469341
472.598996
472.617151
472.641663
472.686120
472.694470
472.702638
472.740986
472.800534
472.836708
472.836968
472.843102
472.846939
472.864770
473.008971
473.054336
473.068219
473.243643
473.248743
473.413484
473.436345
473.456972
473.548897
473.551224
473.584555
473.699585
473.705283
473.730218
473.748903
473.767448
473.784683
473.822695
473.840869
473.915948
473.993379
474.000155
474.119245
474.226502
474.270375
474.370080
474.370718
474.450208
474.535612
474.558529
474.569074
474.615173
474.656749
474.663996
474.676697
474.732135
474.770138
474.789320
474.802439
474.818194
474.834465
474.878477
474.888584
474.920810
474.929622
474.998976
475.030786
475.056637
475.080731
475.103685
475.118256
475.183850
475.193022
475.224641
475.258546
475.269450
475.330994
475.373641
475.415361
475.470688
475.502383
475.530007
475.545026
475.580192
475.600066
475.606389
475.615891
475.646706
475.682536
475.684519
475.689911
475.708644
475.740744
475.755220
475.774648
475.789583
475.817290
475.902968
475.958504
475.976081
475.994240
476.054157
476.062808
476.096106
476.125727
476.136442
476.138258
476.151188
476.206865
476.221445
476.402661
476.461527
476.491630
476.600976
476.632291
476.645917
476.662015
476.703137
476.719792
476.808668
476.934044
476.971195
477.005495
477.066904
477.086944
477.089127
477.101955
477.115347
477.119238
477.250220
477.264081
477.301657
477.315233
477.357268
477.482121
477.555080
477.568371
477.637056
477.650476
477.690282
477.756424
477.804846
477.813615
477.976413
477.982038
478.047197
478.068312
478.135179
478.165140
478.209175
478.266482
478.289360
478.294092
478.325396
478.325689
478.383224
478.401609
478.414057
478.466789
478.488866
478.494308
478.565652
478.614603
478.639709
478.666041
478.734882
478.783169
478.814450
478.858189
478.860834
478.919121
478.939402
478.952877
478.956015
478.985734
479.099404
479.104949
479.113021
479.129031
479.173798
479.222189
479.240128
479.240760
479.262671
479.281662
479.349883
479.382816
479.390431
479.453903
479.509871
479.570488
479.600970
479.614913
479.657081
479.692394
479.704835
479.739145
479.751589
479.766154
479.773275
479.833051
479.847182
479.884978
479.948769
479.984905
480.012057
480.015968
480.079334
480.081585
480.100843
480.184160
480.202159
480.253078
480.299439
480.304313
480.369066
480.452019
480.466147
480.541739
480.558316
480.597982
480.606654
480.625385
480.644214
480.666051
480.678719
480.695654
480.740044
480.758971
480.804715
480.847851
480.867434
480.869751
480.952539
480.985335
481.005358
481.067169
481.095735
481.180515
481.195819
481.200407
481.375142
481.378268
481.402659
481.417116
481.432293
481.437364
481.440194
481.488923
481.500987
481.504861
481.513954
481.531315
481.541347
481.577066
481.745598
481.905694
481.957762
481.969093
481.971457
482.050235
482.072094
482.075685
482.093922
482.106152
482.111535
482.114030
482.219172
482.287214
482.303561
482.306361
482.344502
482.403107
482.449977
482.499232
482.525250
482.630307
482.662443
482.677773
482.707483
482.744121
482.747362
482.785602
482.796170
482.829174
482.862553
482.884847
482.928597
482.939251
482.961492
482.969590
482.974556
482.987357
482.989208
482.998502
483.008954
483.012245
483.025764
483.032456
483.123744
483.137773
483.141221
483.141620
483.159486
483.219558
483.246076
483.249531
483.257370
483.264017
483.308939
483.356096
483.416439
483.429043
483.432431
483.472137
483.548872
483.587104
483.593181
483.615979
483.662737
483.681705
483.684788
483.690566
483.742907
483.762753
483.806429
483.884006
483.910787
484.047816
484.067354
484.070903
484.103130
484.137561
484.142736
484.174485
484.183117
484.193520
484.205484
484.210471
484.216208
484.232528
484.252868
484.389297
484.438696
484.455939
484.461344
484.547718
484.565855
484.590638
484.610307
484.726476
484.752132
484.825652
484.910329
484.929866
484.935547
484.944411
484.945574
484.962851
484.991218
484.998836
484.999935
485.028100
485.161708
485.186028
485.199766
485.200769
485.207224
485.231991
485.256479
485.310182
485.373080
485.414130
485.435483
485.455225
485.459358
485.471470
485.487760
485.517309
485.540579
485.645258
485.856392
485.902868
485.909158
485.953359
485.983694
486.058139
486.062597
486.153173
486.219415
486.287130
486.311645
486.334718
486.341626
486.353865
486.420594
486.446083
486.471697
486.595025
486.597666
486.697418
486.705955
486.728539
486.734810
486.776195
486.799086
486.813231
486.831482
486.901972
486.908120
486.922491
486.942394
486.955831
486.998403
487.039711
487.057431
487.114891
487.126925
487.142300
487.187756
487.273664
487.287711
487.305696
487.315881
487.333763
487.372153
487.382657
487.387155
487.475122
487.478621
487.492734
487.592187
487.611923
487.612168
487.636223
487.718104
487.787965
487.789881
487.796740
487.803939
488.062622
488.122087
488.127528
488.132004
488.141598
488.169580
488.203670
488.254445
488.272399
488.280080
488.313240
488.323994
488.330123
488.341021
488.345428
488.420456
488.422881
488.425390
488.425992
488.444780
488.458539
488.458894
488.464206
488.473089
488.522560
488.528140
488.534880
488.622298
488.627583
488.697802
488.763616
488.768720
488.809278
488.837795
488.841664
488.851272
488.857182
488.869269
488.906825
488.939078
488.956263
488.986266
488.986898
488.998732
489.019842
489.044615
489.081021
489.089551
489.153853
489.231539
489.258258
489.274683
489.281436
489.299519
489.341641
489.350078
489.355040
489.360322
489.363825
489.444546
489.446352
489.470176
489.521286
489.527297
489.544570
489.583291
489.680012
489.680089
489.767552
489.772925
489.922512
489.946634
489.989424
490.025633
490.025912
490.063986
490.115194
490.128557
490.179092
490.185966
490.259911
490.307345
490.422634
490.448902
490.492206
490.494136
490.530086
490.531832
490.606132
490.659034
490.711063
490.731801
490.746640
490.830276
490.831136
490.884315
490.892178
490.957948
491.024385
491.039599
491.102033
491.104347
491.166839
491.170414
491.176662
491.178751
491.201436
491.207152
491.226000
491.242379
491.289589
491.335358
491.337974
491.403063
491.509005
491.524008
491.549269
491.555588
491.624350
491.644696
491.749345
491.803781
491.833605
491.892274
491.925515
492.016079
492.062156
492.083154
492.092422
492.115921
492.124637
492.224069
492.224500
492.226693
492.295666
492.315060
492.322491
492.343096
492.344218
492.406235
492.473712
492.514044
492.583616
492.645621
492.689328
492.738557
492.781189
492.793077
492.898520
492.927608
492.983358
492.984157
492.999423
493.015018
493.057431
493.083083
493.174484
493.194284
493.209896
493.211622
493.286201
493.352715
493.372926
493.434610
493.436129
493.453503
493.490893
493.539846
493.553280
493.669844
493.720607
493.721348
493.827644
493.869093
493.922517
493.924864
493.928141
493.943025
493.956251
493.958596
493.969554
493.987113
494.076321
494.109802
494.155313
494.256542
494.272603
494.274773
494.281995
494.289449
494.366228
494.372746
494.382634
494.418618
494.432934
494.438324
494.442651
494.443284
494.503419
494.512236
494.528632
494.535346
494.542257
494.574047
494.589847
494.592496
494.603056
494.611133
494.653294
494.655167
494.723678
494.797442
494.807023
494.823034
494.828261
494.847398
494.949300
494.988776
495.026026
495.042935
495.074089
495.105154
495.255295
495.304568
495.323858
495.377349
495.380132
495.439560
495.454337
495.454365
495.463220
495.497381
495.506593
495.509910
495.566467
495.635820
495.687580
495.709485
495.754372
495.766144
495.798664
495.835856
495.839452
495.902563
495.903956
495.947889
495.976695
496.026215
496.038445
496.071711
496.074477
496.168490
496.269270
496.269808
496.291540
496.411860
496.416272
496.496502
496.566502
496.620942
496.688304
496.714296
496.731101
496.734785
496.734892
496.776145
496.789985
496.802875
496.825269
496.825636
496.850007
496.918661
496.921420
496.949712
496.967216
496.979050
497.050262
497.092757
497.094474
497.172302
497.269409
497.296982
497.309806
497.382911
497.421619
497.427878
497.463198
497.467257
497.582545
497.588766
497.622621
497.646933
497.685174
497.695076
497.711079
497.761058
497.789528
498.046174
498.051664
498.063331
498.086447
498.104787
498.115579
498.163955
498.177886
498.181718
498.223391
498.250324
498.250723
498.284903
498.308224
498.318708
498.323419
498.329707
498.332901
498.363499
498.510239
498.524024
498.552163
498.592338
498.608153
498.609455
498.619722
498.636695
498.781415
498.783528
498.838340
498.866561
498.892338
498.902426
498.972267
499.056513
499.091733
499.159297
499.197298
499.210100
499.239269
499.289323
499.324128
499.350659
499.359093
499.448343
499.509419
499.528941
499.537242
499.566964
499.600925
499.610002
499.656919
499.706707
499.728100
499.730846
499.748470
499.762941
499.804239
499.945897
499.964616
499.978015
499.982013
499.983175
499.997255
500.017810
500.056299
500.112843
500.152483
500.176929
500.197407
500.225918
500.241461
500.261927
500.297927
500.299158
500.319931
500.324286
500.331305
500.341835
500.359689
500.374337
500.380144
500.404353
500.423834
500.455873
500.466827
500.471993
500.483535
500.488760
500.500108
500.500291
500.507001
500.539516
500.548164
500.554498
500.571346
500.624390
500.626385
500.649891
500.695479
500.741558
500.808219
500.815343
500.815399
500.822673
500.837458
500.874683
500.891058
500.914302
500.936125
500.958279
501.002729
501.022048
501.149301
501.187835
501.224949
501.242028
501.369843
501.372900
501.439738
501.458668
501.461078
501.506704
501.511558
501.529407
501.561003
501.574651
501.584374
501.592645
501.600722
501.659503
501.973836
502.124239
502.153641
502.164233
502.200975
502.455710
502.501391
502.662601
502.710002
502.717274
502.808955
502.929802
502.945913
502.954123
502.998163
503.056779
503.061118
503.070635
503.070781
503.081382
503.084073
503.115401
503.120897
503.156895
503.170736
503.175807
503.281086
503.298984
503.300977
503.348328
503.358658
503.369107
503.406493
503.492946
503.528371
503.541688
503.557202
503.618740
503.628050
503.696777
503.730956
503.786624
503.801263
503.818163
503.863452
503.867385
503.955138
503.979267
503.979731
503.986725
504.077239
504.133843
504.203848
504.298660
504.328043
504.388261
504.388451
504.448416
504.557685
504.569199
504.664275
504.736053
504.751892
504.760127
504.766266
504.863046
504.899809
504.911798
504.920178
504.942931
504.965314
505.005736
505.046985
505.088999
505.109170
505.239948
505.284446
505.292888
505.392096
505.432725
505.460150
505.551816
505.595178
505.597680
505.682589
505.690114
505.700761
505.814567
505.830783
505.863808
505.987974
505.992363
506.002468
506.006807
506.057208
506.075870
506.083605
506.083710
506.115414
506.131618
506.132296
506.134297
506.292421
506.334312
506.354162
506.501950
506.545654
506.560564
506.565553
506.588135
506.599794
506.635706
506.688835
506.705560
506.757080
506.779234
506.880090
506.880278
506.965266
506.990433
507.082815
507.100256
507.138737
507.156970
507.234289
507.238915
507.317858
507.330239
507.340757
507.377054
507.382777
507.390928
507.414956
507.415690
507.417693
507.427640
507.436707
507.437193
507.450595
507.526765
507.536990
507.551835
507.622291
507.660447
507.689246
507.740316
507.769154
507.787676
507.827843
507.840847
507.938621
507.938622
507.949960
507.958585
508.000142
508.021481
508.097102
508.098837
508.099271
508.140073
508.147329
508.149011
508.191155
508.205921
508.325522
508.428963
508.444312
508.450920
508.462300
508.467655
508.483203
508.484613
508.495768
508.619423
508.621207
508.627030
508.666170
508.728875
508.739480
508.753506
508.757389
508.799702
508.816766
508.863398
508.895088
508.936024
508.946365
508.958666
508.967250
508.972024
508.992213
509.027916
509.028087
509.085111
509.097732
509.129542
509.130235
509.175532
509.183527
509.238860
509.264833
509.272749
509.304588
509.343748
509.378340
509.411814
509.419092
509.427395
509.430753
509.590056
509.621048
509.677997
509.687953
509.690176
509.709372
509.812441
509.893092
509.906908
509.918454
509.977854
510.006505
510.008291
510.073534
510.074658
510.090212
510.118884
510.121839
510.122984
510.159797
510.171012
510.173856
510.177824
510.194379
510.199606
510.216742
510.297022
510.311468
510.312049
510.361151
510.376457
510.393842
510.408863
510.506954
510.517053
510.524147
510.596560
510.627107
510.642571
510.649824
510.763324
510.786300
510.786415
510.841970
510.900523
510.917342
510.924754
510.932943
510.940565
510.973346
511.022645
511.028818
511.040972
511.046797
511.076702
511.081793
511.113026
511.219060
511.277939
511.332537
511.332813
511.345349
511.368044
511.399860
511.447091
511.596262
511.604080
511.605920
511.630137
511.723249
511.730690
511.797528
511.811251
511.828364
511.867171
511.904397
512.012882
512.040232
512.082544
512.133603
512.155766
512.190101
512.269733
512.320060
512.332798
512.371717
512.384692
512.441334
512.459109
512.540861
512.598182
512.604509
512.606180
512.610068
512.659171
512.669801
512.683547
512.709296
512.721973
512.734643
512.754231
512.809408
512.851621
512.888897
512.915913
512.936072
513.000172
513.006025
513.107519
513.118537
513.119985
513.170579
513.207878
513.231937
513.245476
513.384239
513.403156
513.444427
513.452487
513.510135
513.527620
513.568658
513.634612
513.683055
513.803561
513.830608
513.834391
513.852029
513.864875
513.911467
513.923990
513.949739
513.952558
513.966749
513.966944
514.033065
514.037933
514.050733
514.074157
514.107447
514.186942
514.200613
514.215002
514.220871
514.238104
514.276517
514.289193
514.319553
514.404644
514.443519
514.459232
514.591535
514.596448
514.683801
514.714913
514.803137
514.829457
514.864618
514.868398
514.878223
514.881465
514.890695
514.920509
514.923076
514.962018
514.987237
515.067258
515.079554
515.125412
515.173361
515.207634
515.216492
515.237409
515.277903
515.307177
515.414932
515.420785
515.472424
515.482581
515.504210
515.561607
515.598663
515.622308
515.622511
515.627936
515.668523
515.713967
515.801753
515.812916
515.825448
515.836915
515.842273
515.883558
515.947372
515.958397
515.990953
516.107097
516.226058
516.269573
516.281222
516.287181
516.292164
516.355356
516.391613
516.392297
516.397528
516.441761
516.467891
516.530132
516.552779
516.584371
516.597093
516.604083
516.637174
516.645284
516.660911
516.688574
516.733109
516.761496
516.802178
516.842057
516.842857
517.086333
517.088363
517.114408
517.120423
517.131611
517.144153
517.144396
517.170051
517.289284
517.335252
517.382825
517.438519
517.542609
517.645633
517.724640
517.736495
517.741185
517.782949
517.835863
517.879060
517.902029
517.976936
518.054841
518.132432
518.275227
518.286825
518.292202
518.294520
518.305976
518.333290
518.350920
518.352530
518.356340
518.368687
518.404054
518.459497
518.481585
518.483026
518.498227
518.540886
518.544552
518.563346
518.572444
518.578136
518.678087
518.681769
518.761041
518.784391
518.832320
518.849506
518.897892
518.946377
518.957854
519.005868
519.032102
519.097470
519.112980
519.117404
519.124024
519.176233
519.176689
519.203607
519.246521
519.358444
519.359975
519.440223
519.447190
519.526978
519.531579
519.577581
519.617057
519.617290
519.635857
519.640295
519.784345
519.813273
519.851034
519.894645
519.903294
519.904722
519.941410
520.012382
520.017254
520.028235
520.045729
520.091585
520.091677
520.110744
520.119042
520.130567
520.143544
520.159920
520.190685
520.241060
520.287097
520.291294
520.318288
520.335974
520.350576
520.377309
520.534036
520.572743
520.573968
520.693096
520.758339
520.845684
520.890798
520.894651
520.911163
520.943295
520.954959
520.960338
520.987515
521.053937
521.078572
521.080836
521.081869
521.096381
521.113970
521.131737
521.185158
521.187740
521.252509
521.269318
521.430982
521.448896
521.516751
521.528915
521.610344
521.632743
521.694678
521.711512
521.737392
521.777330
521.849061
521.914401
521.939366
521.966826
522.071513
522.075713
522.083771
522.127455
522.152255
522.229279
522.263120
522.269071
522.316444
522.323780
522.350307
522.378372
522.406200
522.504163
522.528540
522.559079
522.772802
522.788853
522.791594
522.811804
522.913356
522.934488
522.990287
522.999224
523.007506
523.022188
523.027196
523.038416
523.098600
523.112068
523.122245
523.218411
523.341613
523.418858
523.446257
523.507333
523.520758
523.597112
523.609866
523.637382
523.672897
523.687516
523.742914
523.803239
523.815687
523.818307
523.833376
523.876299
523.958837
524.009651
524.039600
524.073832
524.119251
524.170543
524.321583
524.342977
524.353653
524.373240
524.421136
524.425566
524.481489
524.525744
524.605276
524.663673
524.667272
524.671706
524.680174
524.693505
524.814312
524.853500
524.876465
524.876744
524.877624
524.903184
524.905303
524.983983
524.984215
525.042620
525.109266
525.180261
525.225904
525.284025
525.289547
525.306693
525.368239
525.373978
525.459647
525.473308
525.490785
525.518518
525.597619
525.626598
525.636755
525.639802
525.646310
525.764072
525.781610
525.794713
525.800201
525.809346
525.819319
525.891079
525.898680
525.934624
526.008433
526.111667
526.139701
526.144530
526.154137
526.169032
526.201017
526.227589
526.234422
526.326499
526.357435
526.358686
526.432157
526.447159
526.453070
526.461893
526.466691
526.469291
526.495355
526.502656
526.535677
526.579676
526.652778
526.659065
526.695366
526.726943
526.817976
526.837001
526.954718
527.003781
527.071088
527.072226
527.074175
527.134324
527.150887
527.245239
527.293368
527.301653
527.390489
527.417855
527.485380
527.555833
527.623420
527.650880
527.699625
527.704921
527.717361
527.731709
527.732802
527.745122
527.746400
527.769773
527.829718
527.854510
527.867984
527.882521
527.882669
527.919663
527.957278
527.961344
528.017419
528.035361
528.099738
528.142974
528.174909
528.189821
528.208942
528.284602
528.316851
528.358185
528.431578
528.500605
528.640906
528.644124
528.664602
528.744265
528.802929
528.816219
528.828580
528.859831
528.886802
528.887577
529.060862
529.081718
529.083123
529.115822
529.117944
529.176225
529.192481
529.197197
529.220810
529.232614
529.264838
529.272519
529.293674
529.321348
529.372654
529.421546
529.445835
529.457925
529.510308
529.662818
529.663058
529.714992
529.724489
529.811651
529.832214
529.872135
529.878336
529.922327
530.051337
530.052347
530.052474
530.089240
530.093019
530.095093
530.118776
530.120429
530.162696
530.191016
530.255608
530.330122
530.350384
530.384150
530.461586
530.490226
530.513937
530.528342
530.546092
530.581583
530.603879
530.738197
530.748894
530.763122
530.780473
530.785781
530.823055
530.847555
530.879995
530.888680
530.913170
530.918786
530.970995
531.062173
531.063117
531.086166
531.093404
531.171832
531.172022
531.256927
531.285097
531.346403
531.374666
531.404146
531.406655
531.422565
531.449379
531.505058
531.517688
531.559153
531.564562
531.581801
531.590723
531.608250
531.632860
531.692094
531.759026
531.765181
531.770758
531.781487
531.840611
531.938315
531.968279
531.996332
532.027447
532.104012
532.137037
532.154725
532.171411
532.197747
532.389791
532.449325
532.455231
532.458308
532.517976
532.528126
532.538482
532.544936
532.550934
532.603812
532.715967
532.767363
532.790464
532.799046
532.846041
532.872586
532.894277
532.928027
533.008512
533.009120
533.053443
533.054976
533.069324
533.130054
533.154276
533.156571
533.203345
533.277009
533.291896
533.308086
533.311803
533.319954
533.435444
533.524652
533.657584
533.678862
533.683731
533.735087
533.787771
533.872447
533.994250
534.028794
534.086706
534.100396
534.116843
534.125016
534.173896
534.239572
534.354708
534.364174
534.453180
534.474971
534.594905
534.619562
534.621814
534.658263
534.670781
534.729905
534.749873
534.757721
534.772602
534.925124
534.927427
534.981646
534.990019
535.008718
535.120450
535.202114
535.245982
535.299198
535.325193
535.381097
535.408393
535.461013
535.494048
535.582725
535.639048
535.644869
535.656354
535.672980
535.683086
535.778676
535.800644
535.824272
535.841665
535.896905
535.950844
535.969293
535.985085
535.991332
536.006425
536.054224
536.085248
536.087981
536.102018
536.123413
536.132963
536.171565
536.208370
536.224270
536.243193
536.318507
536.367278
536.439503
536.458792
536.476788
536.477483
536.495978
536.502114
536.538333
536.583437
536.619729
536.628507
536.636791
536.649049
536.676980
536.684434
536.773525
536.778992
536.783156
536.785032
536.808065
536.835113
536.860473
536.876046
536.896694
537.013531
537.090096
537.115475
537.128805
537.150222
537.180085
537.197945
537.207820
537.301350
537.315819
537.368296
537.383452
537.387683
537.401226
537.418121
537.421506
537.487980
537.505658
537.534610
537.568832
537.614202
537.619663
537.622323
537.682271
537.743284
537.770666
537.777420
537.794835
537.809193
537.854648
537.859577
538.004422
538.044007
538.062867
538.095994
538.149301
538.153436
538.192864
538.247374
538.268274
538.273318
538.333585
538.353011
538.377272
538.387483
538.410741
538.461966
538.566744
538.600405
538.604154
538.623779
538.628823
538.631297
538.663524
538.721785
538.807679
538.820284
538.823744
538.827392
538.925532
538.939358
539.038318
539.039129
539.091753
539.103375
539.125976
539.153043
539.162077
539.166956
539.250093
539.289352
539.292946
539.334942
539.346340
539.379605
539.381009
539.435942
539.550931
539.574274
539.577608
539.676844
539.714043
539.759221
539.778806
539.822811
539.831215
539.877961
539.949572
540.017896
540.138908
540.190038
540.218413
540.255971
540.376818
540.604275
540.662501
540.731358
540.842229
540.875570
540.935286
540.950032
540.973577
540.975277
540.983621
541.017384
541.024704
541.079758
541.083199
541.124283
541.195201
541.207533
541.215551
541.259911
541.272870
541.311429
541.349612
541.363206
541.392289
541.403341
541.411933
541.432683
541.437813
541.446328
541.464197
541.549384
541.559320
541.564201
541.592857
541.622776
541.629507
541.634330
541.654025
541.702749
541.709392
541.716965
541.765994
541.786586
541.794966
541.800612
541.803650
541.803801
541.835457
541.847227
541.870871
541.872757
541.874081
541.885337
541.908556
541.922839
541.940276
542.010457
542.095593
542.397160
542.410015
542.452207
542.483975
542.607728
542.672449
542.750685
542.762237
542.767347
542.775123
542.781857
542.783188
542.872012
543.038876
543.054365
543.107432
543.133836
543.160010
543.172929
543.185297
543.264991
543.309795
543.340048
543.351354
543.367789
543.369492
543.443160
543.454441
543.468682
543.471207
543.510546
543.511691
543.573589
543.633079
543.633405
543.706583
543.782322
543.898211
543.915470
543.940517
543.955078
543.968380
543.975603
544.043589
544.081194
544.102770
544.124826
544.186933
544.196358
544.340106
544.360267
544.395479
544.430312
544.506684
544.546085
544.617409
544.655929
544.826029
544.943889
545.025534
545.126209
545.156975
545.216212
545.329629
545.372204
545.393048
545.430051
545.457037
545.463381
545.490271
545.520277
545.521093
545.526076
545.576817
545.606599
545.733179
545.797992
545.808844
545.812428
545.818419
545.908445
545.917005
545.941467
545.998809
546.040062
546.046776
546.149776
546.177843
546.177907
546.180061
546.209284
546.235536
546.271541
546.274391
546.289852
546.305020
546.310286
546.317588
546.421483
546.451169
546.461533
546.479590
546.504965
546.512621
546.559424
546.582156
546.610400
546.622699
546.634416
546.640636
546.712132
546.734270
546.753151
546.769373
546.785248
546.838333
546.857064
546.870483
546.923057
547.008180
547.058673
547.101754
547.188184
547.253155
547.253766
547.288747
547.408388
547.507294
547.538693
547.662707
547.678507
547.728931
547.755257
547.758860
547.772986
547.784629
547.791815
547.822662
547.870713
547.907412
547.924286
547.962293
547.968610
548.103169
548.124408
548.165240
548.191718
548.209884
548.262591
548.319607
548.342145
548.434096
548.495218
548.497480
548.535235
548.590517
548.601264
548.627062
548.650018
548.692311
548.746119
548.765080
548.775677
548.808267
548.828982
548.831300
548.836184
548.839122
548.903133
548.906560
548.908080
548.939773
548.948690
549.058253
549.131981
549.251537
549.274952
549.313280
549.348076
549.380819
549.470919
549.513743
549.522169
549.533418
549.601779
549.645721
549.700063
549.748277
549.797121
549.797184
549.824383
549.872105
549.879098
549.942538
549.965472
549.974855
549.976174
549.988725
550.096622
550.184223
550.206403
550.240270
550.267040
550.334766
550.407892
550.414544
550.425071
550.474646
550.478032
550.521659
550.530597
550.623540
550.628140
550.713150
550.747478
550.762901
550.794152
550.795589
550.815771
550.821935
550.826969
550.835244
550.877585
550.970213
550.998852
551.042167
551.105313
551.162878
551.192318
551.257308
551.319206
551.433421
551.511898
551.608723
551.618631
551.621353
551.678686
551.716031
551.754628
551.850295
551.877824
552.065103
552.111259
552.121117
552.168052
552.190077
552.333262
552.357866
552.409273
552.416676
552.441841
552.470246
552.483237
552.590665
552.602947
552.633511
552.689896
552.710532
552.712743
552.717993
552.730150
552.740779
552.762995
552.825930
552.851751
552.855808
552.990699
553.013701
553.016008
553.025784
553.051690
553.087164
553.127016
553.130309
553.131929
553.165693
553.175228
553.183706
553.240630
553.251429
553.255276
553.273119
553.294054
553.381564
553.438488
553.486242
553.538105
553.604749
553.690262
553.690921
553.710278
553.745494
553.748794
553.749608
553.778639
553.815125
553.866394
553.880023
553.910777
553.926790
553.928358
553.947091
553.968983
553.986885
554.063864
554.089453
554.121925
554.143859
554.158041
554.165952
554.268388
554.381834
554.464312
554.524960
554.540218
554.652330
554.714770
554.717411
554.733397
554.763293
554.785263
554.828243
554.855225
554.901192
554.948099
554.977180
554.992540
555.007619
555.076703
555.130549
555.132574
555.184950
555.255862
555.263284
555.266129
555.303089
555.333506
555.335592
555.420990
555.524135
555.532253
555.572586
555.594267
555.631267
555.656982
555.662572
555.673588
555.727008
555.798939
555.810816
555.813660
555.834410
555.886483
555.955794
556.007591
556.036699
556.087283
556.148508
556.160442
556.175543
556.195870
556.369698
556.459850
556.469233
556.515448
556.561553
556.594535
556.627762
556.702236
556.747958
556.785741
556.867419
556.874711
556.893378
556.991262
557.027066
557.051701
557.099395
557.103200
557.148570
557.204346
557.263009
557.264406
557.402264
557.413212
557.442258
557.473053
557.502163
557.502330
557.503530
557.548971
557.631149
557.658548
557.712860
557.732398
557.741732
557.811256
557.819547
557.888612
557.984170
558.029555
558.078673
558.093647
558.160332
558.161058
558.183291
558.187230
558.189522
558.190947
558.195289
558.195415
558.197737
558.205931
558.229027
558.250011
558.263276
558.340616
558.342110
558.378533
558.378922
558.394019
558.397298
558.406020
558.441796
558.443231
558.445008
558.462091
558.494470
558.506992
558.525719
558.598776
558.664099
558.750264
558.827662
558.847779
558.870657
559.056221
559.064098
559.064339
559.068750
559.129366
559.179745
559.209690
559.238539
559.321841
559.398363
559.401975
559.434072
559.458972
559.492345
559.518892
559.526989
559.548508
559.593976
559.657154
559.666379
559.701355
559.701550
559.701744
559.704481
559.714335
559.758463
559.767421
559.818086
559.834483
559.843726
559.861506
559.867369
559.880000
559.905882
559.931134
559.967537
559.999868
560.004408
560.176945
560.250269
560.267632
560.294662
560.332158
560.371427
560.397045
560.417295
560.421508
560.438525
560.444675
560.457979
560.459872
560.497028
560.544601
560.563214
560.599019
560.639155
560.715534
560.731222
560.756840
560.762646
560.776160
560.784000
560.807612
560.831816
560.853047
560.884959
560.919449
560.957373
560.962932
560.999548
561.009769
561.013685
561.020442
561.078497
561.116007
561.126813
561.131189
561.166228
561.232011
561.266022
561.327891
561.371096
561.387485
561.399956
561.404303
561.404492
561.448358
561.527551
561.556615
561.587198
561.635544
561.646613
561.661660
561.707018
561.720165
561.729511
561.786426
561.827317
561.862765
561.955645
562.030863
562.037582
562.049585
562.130940
562.296912
562.302250
562.319877
562.346600
562.352175
562.358814
562.388749
562.408287
562.432380
562.435851
562.459156
562.464155
562.476400
562.624701
562.638365
562.786161
562.801777
562.911687
562.914197
563.020961
563.061167
563.065454
563.111306
563.167346
563.192193
563.201516
563.222326
563.230888
563.245980
563.298093
563.298454
563.341600
563.347995
563.393934
563.430127
563.472827
563.510594
563.568292
563.600825
563.619413
563.701895
563.775055
563.784378
563.795697
563.856626
563.866733
563.982240
564.026342
564.045396
564.088638
564.177747
564.190139
564.232927
564.251488
564.285946
564.318539
564.323793
564.379067
564.446381
564.487499
564.517544
564.576453
564.614298
564.625406
564.630629
564.631271
564.636313
564.726612
564.741793
564.810076
564.832225
564.868809
564.880880
564.921446
564.962517
564.964447
564.981480
564.988970
564.994682
565.002699
565.101600
565.119367
565.124695
565.163788
565.206747
565.298858
565.305699
565.306297
565.344316
565.387616
565.388698
565.427403
565.432785
565.442087
565.462857
565.531128
565.665611
565.672680
565.687974
565.726696
565.733229
565.750033
565.763278
565.818954
565.834804
565.894646
565.904710
565.954743
565.954757
565.962822
565.966360
566.001047
566.013286
566.043689
566.056851
566.067406
566.156546
566.212077
566.217686
566.243570
566.263258
566.320681
566.355917
566.357126
566.364323
566.373620
566.392672
566.432491
566.508062
566.552807
566.553110
566.609739
566.724886
566.757525
566.812602
566.815216
566.953035
567.185838
567.187402
567.202136
567.202469
567.220490
567.237707
567.255237
567.284630
567.327533
567.404490
567.412474
567.451174
567.530966
567.535173
567.536903
567.567132
567.593069
567.601734
567.628621
567.638884
567.657707
567.698370
567.779719
567.840647
567.841135
567.870681
567.881714
567.909867
567.931760
567.936057
568.002627
568.077645
568.123632
568.178610
568.188931
568.381171
568.401090
568.419052
568.427736
568.472697
568.490044
568.516962
568.598219
568.625782
568.687207
568.700107
568.703063
568.710696
568.711551
568.748546
568.751918
568.896969
568.902673
568.952914
568.982880
569.013437
569.245433
569.261331
569.263142
569.274325
569.345650
569.389739
569.408625
569.409001
569.440592
569.497917
569.500904
569.505010
569.532954
569.548925
569.577430
569.622109
569.631716
569.665105
569.696572
569.707720
569.723404
569.732113
569.780542
569.816678
569.856103
569.898461
570.012618
570.085260
570.136507
570.161860
570.163410
570.165237
570.173423
570.192574
570.217023
570.289490
570.303439
570.321141
570.342476
570.354307
570.402939
570.442540
570.499888
570.525657
570.578782
570.624583
570.628165
570.655497
570.708953
570.731595
570.774213
570.837397
570.897891
570.914571
570.933159
570.991413
571.011972
571.029787
571.128159
571.178227
571.299819
571.428229
571.430337
571.470657
571.561503
571.588323
571.625773
571.683134
571.739496
571.744532
571.754304
571.782353
571.824263
571.934243
571.939588
571.959982
571.971931
572.009212
572.011896
572.032289
572.051850
572.084248
572.088683
572.126347
572.154592
572.162207
572.273269
572.396536
572.406473
572.411746
572.414827
572.452925
572.520098
572.570772
572.585788
572.611828
572.641278
572.645591
572.688389
572.689412
572.732865
572.774957
572.796055
572.827738
572.867715
572.896523
572.950456
572.994979
573.091111
573.091508
573.118106
573.127736
573.201409
573.231017
573.307725
573.359997
573.370046
573.439933
573.450091
573.472288
573.479738
573.516161
573.527756
573.559977
573.577410
573.582556
573.593225
573.654646
573.656369
573.686336
573.727901
573.727987
573.737936
573.756529
573.874521
573.935542
573.954412
573.976937
574.013858
574.032986
574.045945
574.059661
574.074981
574.106702
574.178991
574.190626
574.228243
574.334482
574.342178
574.348081
574.353737
574.446933
574.468513
574.670174
574.698587
574.729731
574.736663
574.759197
574.819803
574.826286
574.867372
574.905369
574.973494
575.077038
575.094703
575.102707
575.139599
575.209507
575.237526
575.244378
575.470168
575.476409
575.515337
575.565735
575.574912
575.593415
575.742137
575.756847
575.766834
575.767694
575.785371
575.859016
575.900997
575.901454
575.971045
576.053286
576.094476
576.157847
576.163878
576.195287
576.214491
576.274332
576.284896
576.302276
576.309732
576.338179
576.352415
576.363503
576.397961
576.407069
576.454871
576.470897
576.523080
576.546807
576.619573
576.633265
576.707535
576.799991
576.820255
576.886848
576.925775
576.957609
576.997130
577.065750
577.074966
577.088249
577.139954
577.152147
577.167568
577.202624
577.211287
577.211410
577.246594
577.268516
577.332839
577.367150
577.440804
577.507940
577.558791
577.574161
577.619010
577.619587
577.639858
577.670527
577.680954
577.699281
577.709113
577.743566
577.831875
577.913770
577.937640
577.987831
578.015937
578.062387
578.102506
578.161217
578.174074
578.204693
578.222271
578.228413
578.232476
578.277793
578.314478
578.318426
578.333951
578.338281
578.355713
578.399823
578.402979
578.468474
578.522390
578.526864
578.529868
578.740034
578.856195
578.913973
578.944988
578.956023
579.025365
579.238601
579.256164
579.349857
579.363430
579.391238
579.391624
579.394134
579.497299
579.532220
579.545811
579.585763
579.659086
579.671989
579.685229
579.706561
579.725875
579.802440
579.861197
579.875994
579.913080
579.917379
579.925425
579.927265
579.950005
580.092734
580.094294
580.098555
580.140157
580.154265
580.159561
580.214052
580.241187
580.276032
580.335547
580.359739
580.392398
580.396495
580.430961
580.450823
580.461665
580.473646
580.571376
580.591497
580.629426
580.682130
580.697118
580.697474
580.708170
580.743417
580.811410
580.842224
580.852901
580.895384
580.925328
580.954328
581.039392
581.070589
581.144182
581.150177
581.219451
581.223749
581.240349
581.247625
581.303069
581.328157
581.426717
581.478454
581.486048
581.506091
581.612265
581.653740
581.672990
581.673550
581.700628
581.771435
581.780643
581.789714
581.919567
581.938055
581.947911
581.964462
581.971241
582.000943
582.092128
582.128719
582.132539
582.133037
582.153886
582.160153
582.219013
582.309034
582.353562
582.381671
582.412684
582.461412
582.475561
582.492195
582.504356
582.692959
582.757642
582.802552
582.830308
582.862540
582.943795
583.032669
583.229223
583.234742
583.348458
583.395868
583.445660
583.478470
583.523187
583.534378
583.544948
583.654920
583.780388
583.795133
583.815516
583.850323
583.881163
583.910355
583.933847
584.038116
584.060630
584.193548
584.207054
584.214390
584.217774
584.220717
584.270835
584.292682
584.301900
584.306150
584.346186
584.355078
584.369849
584.421138
584.424447
584.430900
584.468965
584.483936
584.502921
584.503279
584.545545
584.575997
584.584580
584.593783
584.596024
584.623776
584.660232
584.766023
584.767294
584.813737
584.843292
584.845404
584.856571
584.866668
584.927989
584.950339
585.051071
585.054696
585.061530
585.165508
585.385378
585.431456
585.482677
585.587905
585.649597
585.666538
585.748341
585.752071
585.759112
585.838822
585.845159
585.853405
586.026627
586.042515
586.061759
586.243798
586.265050
586.339312
586.351882
586.355098
586.366975
586.376387
586.385594
586.394641
586.399574
586.406927
586.438679
586.505262
586.514838
586.524918
586.562239
586.580446
586.605274
586.608437
586.645874
586.665886
586.732611
586.769901
586.798213
586.815007
586.831051
586.931659
586.935520
586.951897
586.954319
587.042647
587.115042
587.130988
587.139367
587.306069
587.334953
587.356526
587.363751
587.368062
587.386467
587.411710
587.423564
587.582468
587.605860
587.645894
587.647347
587.677357
587.726507
587.739911
587.768019
587.895193
587.923772
587.955261
587.998852
588.021306
588.048651
588.077270
588.168464
588.192177
588.220993
588.278941
588.329389
588.360658
588.380447
588.416121
588.438171
588.476651
588.514882
588.517444
588.526479
588.561181
588.563689
588.589737
588.648783
588.662538
588.701878
588.732171
588.757874
588.778289
588.781688
588.815380
588.817169
588.819520
588.852757
588.856552
588.893129
588.921813
588.932237
588.992346
589.113913
589.157615
589.168642
589.188237
589.226736
589.234784
589.248258
589.342547
589.353686
589.362670
589.363832
589.375619
589.405720
589.429281
589.431081
589.455621
589.509325
589.561957
589.566913
589.586862
589.647245
589.740101
589.892202
589.897235
589.898211
589.937485
589.949590
590.047852
590.121070
590.129591
590.204796
590.288544
590.290775
590.374528
590.379015
590.382321
590.383435
590.428001
590.480924
590.483386
590.506492
590.583614
590.601590
590.809832
590.821540
590.855074
590.865540
590.866334
590.904409
590.935128
590.942873
590.990934
591.036872
591.072735
591.084888
591.089077
591.106280
591.122379
591.146850
591.237093
591.243671
591.251355
591.297470
591.309740
591.341353
591.504716
591.611469
591.694695
591.736312
591.780523
591.819166
591.898805
591.940857
592.003595
592.012345
592.016867
592.040069
592.067634
592.069523
592.123376
592.305700
592.305912
592.319212
592.321011
592.398016
592.475126
592.496797
592.531022
592.598122
592.706190
592.763649
592.843325
592.873033
592.947773
592.994609
593.052117
593.052213
593.077853
593.090593
593.109606
593.127071
593.146628
593.152414
593.214444
593.240534
593.266111
593.397256
593.427915
593.446198
593.448547
593.461714
593.533743
593.568628
593.577418
593.630199
593.650869
593.777943
593.896233
593.898279
593.922647
593.930494
593.957075
593.969653
594.037830
594.078601
594.094214
594.231077
594.319036
594.390319
594.400954
594.435675
594.459029
594.489740
594.527232
594.563382
594.577562
594.603203
594.658589
594.677559
594.694959
594.767673
594.793795
594.819884
594.834727
594.861478
594.864237
594.875520
594.898828
594.911551
594.917565
594.963164
594.971186
594.971511
595.035339
595.115068
595.125639
595.159087
595.198950
595.235688
595.238259
595.287749
595.313167
595.315129
595.349412
595.356587
595.395887
595.495344
595.498527
595.501091
595.546850
595.549357
595.562566
595.583397
595.592940
595.616901
595.621726
595.633615
595.724293
595.729079
595.745641
595.749405
595.773326
595.777060
595.819973
595.880262
595.901248
595.905430
595.932528
595.951698
595.963738
595.983983
596.007251
596.042648
596.056222
596.108980
596.168911
596.243675
596.258355
596.268722
596.298486
596.299852
596.303631
596.323166
596.341301
596.373285
596.379864
596.500046
596.511187
596.513854
596.535394
596.590189
596.649018
596.757115
596.782249
596.802161
596.808353
596.875393
596.930712
596.936934
596.944977
597.008941
597.048333
597.061943
597.133303
597.297024
597.314977
597.374115
597.386804
597.409811
597.419053
597.438800
597.439345
597.505158
597.507926
597.526076
597.551293
597.713590
597.743307
597.781700
597.806872
597.824770
597.833934
597.851612
597.856686
597.885281
597.916382
597.967944
597.971706
598.045176
598.119032
598.161573
598.167345
598.192406
598.288055
598.305583
598.308049
598.308999
598.335380
598.401345
598.509771
598.519463
598.559363
598.650994
598.656059
598.693970
598.768065
598.784488
598.814503
598.834272
598.905103
598.932507
598.971666
598.981802
599.032189
599.066486
599.106366
599.308724
599.374859
599.404662
599.429874
599.499014
599.563320
599.644950
599.743763
599.814802
599.863178
599.889839
599.896671
599.922735
599.925669
599.947369
