0.000000
1.867371
2.889332
3.047308
5.550628
7.295481
8.835144
8.943089
9.537017
9.601701
10.277449
11.821718
14.688295
14.876886
14.908841
15.633560
16.485639
18.346521
19.653539
19.974237
23.485804
25.210485
27.512141
27.936941
30.783485
31.140338
33.281883
34.778905
35.397112
35.416711
35.771311
37.449872
44.945664
45.418553
46.151644
48.007858
48.641280
49.125641
51.016492
51.561146
51.852798
52.340925
55.193720
55.523904
56.986933
61.138495
62.066264
62.521795
63.538166
64.212749
65.266243
65.955262
66.175592
67.760471
70.131663
70.883980
71.047550
71.247979
73.801568
74.704669
75.661418
77.705234
78.118541
78.778187
79.452905
81.293937
83.043387
84.118908
84.288795
86.187586
87.242257
88.711267
89.786604
90.789750
93.367814
93.967406
95.068893
97.842395
98.257828
101.795542
101.927450
102.436269
102.819993
102.991289
103.329106
104.059621
105.049716
105.169799
107.566607
108.571922
111.556662
113.729440
114.101365
115.187306
116.000738
117.432056
119.163694
119.659618
120.525861
123.163229
128.791269
128.799547
129.174144
129.957160
131.257567
132.643424
133.818341
134.515613
137.182681
137.301061
137.541190
138.998492
139.693807
139.811919
140.224699
141.092059
142.482840
143.009102
144.443612
145.643128
145.983589
147.649858
150.186676
150.259371
152.760186
152.978210
157.224674
159.240457
159.275629
159.491546
163.812687
165.151971
169.538449
169.785560
170.196272
172.861197
173.093509
173.171317
178.258197
178.367833
178.628569
178.877190
182.299833
183.243066
183.995075
184.342725
186.610845
188.002663
196.913132
197.402389
197.419274
198.378073
198.861061
200.164355
201.633367
203.021922
203.353973
204.963918
207.120727
207.407360
211.677832
214.618975
217.183469
219.704015
220.281737
221.463986
221.524076
224.883712
225.034878
225.157124
225.964408
226.918417
227.976676
230.638651
231.635409
232.377198
237.582427
238.581899
240.098193
240.237716
241.518340
242.325704
245.026337
245.426052
246.012831
246.098288
246.869651
246.891066
247.769305
247.861551
248.069898
249.088734
250.175520
251.558101
252.076596
253.340238
254.236753
261.004693
262.025515
265.180049
265.260518
268.472837
269.319923
270.527893
271.111915
272.334348
272.556562
272.985698
276.025878
278.393151
278.547398
279.270457
279.570446
279.765509
279.928810
280.449337
281.298701
283.952422
288.251680
288.812079
290.226897
290.721073
293.974451
294.874145
296.836637
299.671294
301.717696
303.194744
304.781727
306.916309
307.534862
308.399711
310.205794
311.584807
311.621533
311.881384
312.378548
314.975914
314.990724
315.192137
316.808112
320.339119
320.836425
322.844897
324.172873
324.861457
325.042281
328.412259
329.877652
331.566278
334.711528
335.920256
340.441844
343.734860
344.578824
345.973954
346.664435
346.699074
346.847794
347.871663
348.214190
348.709717
350.265080
351.084903
354.158966
354.337643
357.834586
363.141766
365.937784
366.606807
367.099550
367.627704
368.802109
369.218174
369.246547
369.947833
371.963458
375.154763
376.404895
377.752424
379.582518
380.256293
380.997165
381.251584
381.403564
382.375737
388.990144
391.733830
391.968908
392.344467
397.367342
400.124336
401.040266
403.545812
406.203844
406.273288
407.946334
408.126401
411.841366
412.220574
413.516128
417.377152
417.672515
417.735155
418.175677
418.350572
418.381777
418.901631
419.109307
419.867666
420.766310
420.767173
422.340657
423.195174
423.755738
424.962008
425.104082
425.247419
425.558846
425.692198
427.640354
428.341354
429.194495
432.436093
434.821575
445.010155
447.564597
450.532169
454.032616
458.786159
459.192188
461.892942
463.063582
463.741545
464.764552
465.002997
466.916137
468.460626
471.402746
471.716643
471.988943
474.779700
476.309649
480.538815
480.862625
483.353289
483.642733
486.630004
488.750179
490.428290
492.255327
496.726864
497.251930
497.655777
498.319588
498.337303
501.131930
501.185230
501.519136
501.731622
502.550860
503.035404
503.713148
506.217650
508.953090
512.635642
514.229966
518.315239
519.249891
519.252922
521.189267
525.523347
525.544484
526.988876
527.852262
534.793378
536.015570
541.432996
541.433682
541.498624
544.205284
544.995576
547.109117
547.145438
547.623388
547.994628
549.513045
549.682897
549.897186
550.288144
553.067680
553.203755
560.326840
561.010519
563.603047
565.629815
565.658514
568.510966
569.193377
571.076970
574.322203
574.730146
577.743122
578.923509
580.095217
581.348630
581.362918
583.830856
587.239385
589.528146
591.149255
591.944107
592.211162
592.987963
593.310419
596.330281
596.903674
597.578521
599.813198
600.137611
603.673224
603.908707
604.664102
604.677016
606.084218
607.510876
608.159655
611.845640
612.277671
613.303029
614.929015
616.868402
616.912057
617.373574
617.786973
618.237870
618.415012
620.622209
624.283599
625.320898
625.613630
626.767038
628.129652
628.293565
628.797433
630.656760
630.834217
631.449011
632.217351
634.347836
635.269569
635.938185
637.468920
637.590542
637.851190
638.301741
639.096106
639.766960
640.176863
642.788420
645.233677
648.380885
648.602227
652.198139
652.873068
655.795965
656.784824
658.677698
660.262496
662.453263
662.899550
665.171397
665.418149
667.685712
669.803830
669.926220
671.893720
675.067713
675.497561
675.711885
676.148382
677.381460
681.390351
682.580791
685.166398
686.635839
687.810009
688.024221
688.551212
688.583592
691.527170
692.135254
694.279516
694.375813
694.535928
696.863107
697.102796
697.886290
698.889383
699.209648
699.395434
701.229306
701.595563
702.091554
702.199577
702.623260
706.222550
706.782836
707.390457
709.250724
713.155747
713.797706
715.986306
716.421887
717.326718
718.585151
720.015233
720.242516
720.412148
720.615099
721.781144
723.161126
723.487901
724.251679
727.723490
728.049919
728.522694
732.414009
732.714095
733.035050
735.325826
736.059082
739.405063
739.658460
740.108347
743.028840
743.351304
743.362494
749.242966
749.791680
749.887543
751.583479
754.142381
757.445075
759.365513
761.893805
762.216309
763.107449
764.247544
764.465823
765.513824
766.661191
766.743374
766.777511
768.979853
769.073528
769.527468
772.411735
772.868343
773.146098
773.351735
774.324977
774.618318
774.743049
775.166917
775.473101
775.480288
777.842398
778.076531
780.077584
780.346003
780.749019
781.603073
781.944567
783.895354
784.935766
785.555803
785.620974
787.403034
789.216581
789.522860
789.917463
791.136225
792.093641
794.274023
794.433599
794.740397
797.234648
797.711065
798.354358
798.951325
799.320779
801.556162
801.955652
802.502853
802.712303
802.749108
803.693937
804.461490
804.563721
806.530279
806.597106
807.510275
807.830621
809.153818
809.987432
810.325465
810.436219
813.445097
814.219633
818.437399
818.485743
818.870498
818.878740
820.049360
820.113686
823.927463
825.845616
826.680120
829.412992
829.762178
830.378382
833.658993
833.750248
837.461341
842.781309
843.546129
843.920986
845.318110
845.824233
846.785947
849.259483
853.870150
854.637905
854.791782
854.976341
855.149203
859.472698
859.634446
861.661809
861.889541
864.786063
866.777996
866.919279
869.184571
869.883216
873.205740
874.984403
875.323245
878.461848
880.133894
880.222957
881.955169
883.581376
886.173761
887.093477
888.847967
889.394800
890.600526
893.549449
896.004830
897.392807
898.474653
899.128799
901.060216
906.423827
907.005496
911.889638
913.023741
913.479530
914.312796
914.412437
915.149044
916.173605
917.680112
917.689180
918.416408
921.150686
921.624467
922.831401
922.960242
923.588068
923.835701
923.860010
923.988604
925.643624
928.893684
929.206288
929.331240
936.789117
937.107735
937.887307
939.457880
939.706922
940.369177
941.800196
942.570949
942.844820
943.401990
945.237639
947.425012
948.241333
948.814010
950.770105
952.928659
952.950040
953.513474
954.071553
955.141698
955.255502
955.387038
960.492168
962.298600
964.703816
965.950275
967.201202
967.835770
970.881181
972.005137
973.558216
982.924758
983.904409
983.984227
988.701723
988.787727
994.413106
1000.061797
1000.415465
1003.448239
1004.785339
1005.734849
1006.435784
1007.147358
1007.245898
1014.089536
1014.445825
1014.639213
1014.768593
1015.816100
1017.748122
1018.604273
1018.697770
1019.142015
1019.603757
1020.625828
1021.430830
1022.705844
1023.040626
1024.046303
1024.436883
1024.549553
1025.320843
1025.807284
1029.635428
1031.760675
1032.354094
1032.577187
1041.325934
1042.330945
1042.855646
1044.187368
1044.792268
1044.944745
1046.697206
1051.513006
1053.316217
1054.688973
1055.372489
1055.687486
1056.824394
1061.887651
1062.138130
1062.185016
1063.882646
1064.380507
1065.845516
1066.210090
1066.223524
1067.166085
1069.559151
1069.609510
1070.890064
1071.286278
1071.963738
1072.482011
1072.898466
1073.311912
1073.997551
1075.791158
1076.204122
1077.938172
1078.507930
1079.372881
1079.611900
1079.642325
1081.111779
1081.330838
1087.499220
1088.831921
1089.241621
1092.349838
1092.990957
1093.475637
1099.760576
1100.569692
1100.934283
1101.479189
1102.440796
1103.067724
1105.098257
1107.419149
1116.423802
1118.400868
1119.065087
1126.344068
1128.911664
1134.531726
1134.844851
1135.125625
1139.058196
1139.551374
1139.738992
1140.707547
1141.053652
1142.706494
1144.120017
1145.950258
1147.583675
1147.706226
1148.335584
1148.399855
1148.990811
1149.587515
1151.547965
1152.453596
1159.730938
1162.096183
1162.344068
1163.214037
1163.684432
1170.524966
1171.916571
1172.209546
1176.534268
1180.585157
1181.674559
1182.068034
1183.595250
1184.498183
1184.585915
1184.963829
1186.820113
1187.187741
1187.741289
1191.086058
1193.270183
1194.560364
1196.655583
1197.263816
1197.558369
1198.761875
1199.872094
1199.983364
1200.087007
1201.618096
1201.743290
1201.898661
1202.777191
1203.018572
1203.404891
1203.772627
1203.962624
1204.612430
1205.845337
1206.106730
1206.573336
1206.987862
1207.363711
1207.408564
1210.133375
1210.481052
1210.742298
1210.817866
1211.491337
1211.583498
1211.747415
1211.780743
1211.904138
1212.253180
1212.734015
1213.349392
1213.962993
1214.570257
1214.685755
1215.183021
1215.627168
1215.651989
1215.894420
1215.953140
1216.223795
1216.526239
1216.671271
1217.872066
1218.387938
1218.533381
1218.942350
1220.085408
1220.259969
1220.336196
1220.515064
1220.964674
1221.813203
1222.272735
1223.160939
1223.718505
1223.978226
1224.276460
1225.293870
1225.424892
1225.815953
1226.037933
1226.140454
1226.244312
1226.731833
1227.230580
1229.014051
1229.652383
1229.677897
1231.424396
1231.652089
1231.791068
1231.844194
1232.408745
1232.508067
1232.762917
1232.985062
1233.581123
1235.195728
1235.546184
1235.567116
1235.618286
1235.789865
1235.913056
1236.194882
1236.553341
1236.778220
1236.838943
1236.957791
1237.638579
1238.909922
1239.019180
1239.190374
1239.310054
1239.484597
1239.758620
1239.912679
1240.993993
1241.241571
1241.315461
1241.580204
1242.163702
1243.610289
1243.812517
1243.952958
1244.191483
1244.356017
1245.747333
1245.939094
1246.535961
1247.767912
1248.312349
1249.090036
1249.453915
1249.672791
1249.680582
1250.073945
1250.148361
1250.287559
1250.446985
1250.461522
1251.352821
1252.126763
1253.532465
1253.851577
1254.001245
1254.039528
1254.349279
1254.647999
1255.017414
1255.537069
1255.729924
1255.941264
1256.562720
1256.766582
1256.842613
1257.408808
1257.410994
1258.291464
1258.441383
1258.517775
1258.692273
1258.750073
1258.810442
1259.070754
1259.393467
1259.397356
1259.569889
1260.342467
1260.864445
1261.023299
1261.030281
1261.076615
1261.244705
1261.542296
1261.597994
1261.849351
1262.533192
1262.711066
1263.327741
1264.002386
1264.613415
1265.435495
1265.694461
1265.999301
1267.540848
1267.897545
1269.128239
1269.471390
1269.622487
1269.874191
1270.230309
1270.786918
1271.048974
1271.523898
1271.749968
1272.045128
1272.153547
1272.510091
1273.861091
1273.892333
1274.365929
1274.385448
1274.441519
1274.727237
1274.795850
1275.455846
1275.498404
1276.661437
1276.798145
1276.922790
1277.475265
1278.152713
1278.203888
1278.526496
1280.443267
1280.552454
1280.971760
1282.000413
1282.474016
1282.830222
1284.379489
1284.633620
1284.789304
1285.059271
1285.365724
1285.491779
1285.970346
1286.259341
1286.494540
1287.212305
1287.377335
1289.099066
1289.197153
1289.223843
1289.285719
1289.773261
1290.093879
1290.543878
1290.636521
1290.819646
1291.151110
1291.728618
1292.107710
1292.149728
1292.711496
1292.896527
1293.423196
1293.460904
1293.583390
1293.679847
1293.914920
1294.463937
1294.634376
1294.886769
1295.215866
1295.924369
1296.060346
1296.424243
1297.655059
1297.670135
1298.155442
1298.156834
1298.169181
1298.450768
1298.850768
1299.289038
1299.455739
1299.531990
1300.136741
1300.240695
1300.701001
1301.003165
1301.451027
1301.576181
1301.805299
1302.177318
1302.296317
1302.358695
1302.443763
1302.581308
1302.682882
1302.786629
1303.031468
1303.309035
1303.477859
1303.904683
1304.453555
1305.298944
1305.502099
1306.253539
1306.591315
1306.898712
1306.961683
1308.554578
1308.698835
1308.780588
1308.825162
1309.843479
1310.544841
1310.873638
1311.428659
1312.251460
1312.806915
1312.864047
1312.899833
1312.920162
1312.964518
1313.012936
1313.725204
1314.288933
1314.441031
1314.823125
1315.846155
1315.970925
1316.195809
1317.347251
1317.469321
1317.740522
1317.800184
1317.870584
1317.894639
1317.930525
1318.319984
1319.897834
1320.366864
1320.848273
1321.401591
1321.728944
1322.013640
1322.137393
1323.008773
1323.858942
1324.347679
1325.022417
1325.412526
1325.494915
1325.533825
1326.317768
1326.461653
1326.935019
1327.455681
1327.753907
1327.935496
1328.043941
1328.548830
1328.705992
1328.907942
1328.964729
1329.912282
1330.163272
1330.382667
1330.422880
1330.677791
1331.119030
1331.173949
1332.003448
1333.059005
1333.176033
1333.259713
1333.551648
1333.821923
1334.527537
1334.909099
1336.498848
1337.212568
1337.359551
1338.024063
1338.073484
1339.314883
1340.371081
1340.516207
1341.298830
1341.834681
1342.051367
1342.234685
1342.334085
1342.446697
1344.409185
1344.584353
1344.773606
1344.853408
1344.962048
1345.309379
1345.494272
1345.656079
1346.257285
1346.518503
1346.739743
1347.691074
1348.675749
1349.821461
1349.977778
1350.515529
1350.807522
1351.140765
1351.277418
1351.460220
1352.131334
1352.472204
1352.975105
1353.138074
1353.338120
1353.521829
1353.666405
1353.916339
1354.226641
1355.207112
1355.227232
1355.597791
1355.967134
1356.217089
1357.318785
1358.080375
1358.400964
1359.545255
1360.171749
1360.408313
1361.312913
1361.322477
1363.081184
1363.170580
1363.193244
1363.512773
1363.726105
1363.807162
1363.917586
1364.476872
1364.963487
1365.002121
1365.648445
1366.001959
1366.344119
1366.468854
1367.255338
1367.569422
1367.727381
1368.971859
1369.128959
1369.181174
1369.428765
1370.021266
1370.490628
1371.076099
1371.440872
1371.872967
1372.322155
1372.503559
1372.846359
1372.939107
1373.087907
1374.320441
1375.252326
1376.201472
1377.319073
1378.413894
1378.619017
1378.744105
1378.887550
1378.997696
1379.032756
1379.593769
1379.879406
1379.978942
1380.041628
1380.087628
1380.544734
1380.767901
1381.097877
1382.267396
1382.747811
1382.836359
1382.912885
1384.059856
1384.430217
1384.790576
1384.962251
1386.203170
1386.767095
1386.817853
1386.855576
1387.434018
1387.508556
1388.104646
1389.035109
1389.216776
1390.227225
1390.275981
1390.400987
1390.497579
1392.637207
1392.642504
1393.369556
1393.464290
1393.484756
1393.521496
1394.343350
1394.408869
1394.428117
1394.617629
1397.296215
1398.498104
1398.712144
1398.747857
1398.797196
1399.809678
1399.882217
1400.466942
1401.107877
1401.316641
1401.930852
1402.271944
1402.480015
1402.723493
1402.789153
1403.120955
1403.523964
1403.552753
1404.566126
1404.738268
1404.965020
1406.818049
1406.900837
1407.177982
1407.300678
1408.289919
1408.627941
1408.911233
1410.046508
1410.063692
1411.316255
1411.715582
1411.785221
1411.987656
1412.620629
1414.341489
1415.043480
1415.106830
1415.419417
1415.577543
1415.851221
1415.919182
1417.012739
1417.415463
1417.629438
1418.093324
1418.238914
1418.596923
1419.179160
1420.186473
1420.311539
1420.943707
1421.182313
1421.367799
1421.644753
1422.003057
1422.273815
1422.292169
1422.397302
1422.491652
1422.514964
1422.975539
1423.368406
1424.386595
1424.492928
1424.614814
1424.761962
1425.187660
1425.230978
1425.351527
1425.438283
1426.174791
1426.661653
1426.739309
1427.136951
1427.216109
1427.751080
1427.805646
1427.924003
1428.456359
1428.467600
1428.858736
1429.199268
1429.398873
1429.561576
1429.708147
1429.782766
1430.428122
1430.522323
1430.636757
1430.727970
1432.374344
1432.455572
1432.843514
1433.217875
1433.867777
1434.371257
1434.752412
1434.820149
1435.323159
1437.984523
1438.677066
1438.736151
1439.203393
1439.400717
1440.085599
1440.356033
1440.522792
1440.524518
1441.333176
1441.356302
1442.284446
1442.451880
1442.852310
1443.345998
1443.363820
1443.387853
1444.119159
1444.527597
1444.800556
1445.464764
1445.691444
1445.879978
1446.179029
1447.003278
1448.061091
1448.416678
1448.672797
1448.673732
1450.053215
1450.736641
1451.045739
1451.460141
1451.533892
1452.967806
1453.002024
1453.315877
1453.641246
1454.068273
1454.345515
1454.533389
1455.418508
1455.986847
1456.168201
1456.973264
1457.063165
1457.184457
1457.355919
1457.413419
1457.537510
1457.697586
1458.229397
1458.237689
1458.303448
1459.325313
1459.614685
1460.664084
1460.698888
1461.716927
1462.450578
1462.575460
1463.587850
1463.729703
1463.755307
1463.778371
1464.072531
1464.909173
1465.147601
1465.375646
1465.655371
1465.718091
1466.044665
1466.261388
1467.001519
1468.776380
1468.902570
1469.019698
1469.023178
1469.190548
1469.578658
1471.393682
1472.451932
1472.564624
1472.579791
1472.632834
1472.668525
1473.051862
1473.644223
1473.716423
1473.772889
1474.304444
1474.750728
1475.098166
1475.566392
1475.964748
1476.011403
1476.585110
1476.597525
1477.196520
1477.621851
1478.446371
1478.625028
1478.853544
1479.326104
1479.573995
1479.629864
1479.664290
1480.167147
1480.242638
1480.422330
1481.223225
1481.258335
1482.101680
1482.204301
1482.246254
1482.421449
1483.311202
1483.528893
1484.109836
1484.137892
1485.422717
1485.520008
1485.740017
1485.824847
1485.893765
1486.438440
1486.498823
1486.691547
1486.944433
1488.228969
1488.269202
1488.909539
1489.495675
1489.553679
1489.686272
1489.985340
1490.749642
1490.826320
1491.542400
1492.427093
1492.537628
1492.772290
1492.789274
1492.989130
1494.181256
1494.625845
1494.688047
1495.200326
1495.872766
1496.456145
1497.444675
1498.103074
1498.524318
1498.888808
1499.876284
1499.876863
1499.924446
1500.019040
1500.040836
1500.189310
1500.232486
1500.508225
1500.900876
1500.919881
1500.953070
1500.979495
1501.408679
1501.563401
1501.659130
1501.840435
1501.931527
1501.932943
1502.009896
1502.011332
1502.042925
1502.310394
1502.339432
1502.352656
1502.389684
1502.530093
1502.533437
1502.553648
1502.564252
1502.597070
1502.752249
1502.794753
1502.818077
1502.957950
1503.005021
1503.261787
1503.337946
1503.633611
1503.650478
1503.707047
1503.788344
1503.895937
1503.988688
1504.008338
1504.062973
1504.260820
1504.555404
1504.641377
1504.805448
1504.877823
1504.894722
1505.053447
1505.191342
1505.212685
1505.228310
1505.311498
1505.624356
1505.699428
1505.795863
1505.840499
1505.906307
1506.076836
1506.115054
1506.148930
1506.357996
1506.398527
1506.399939
1506.444318
1506.464827
1506.574558
1506.718109
1506.833869
1506.969240
1507.121281
1507.132048
1507.197304
1507.213172
1507.249146
1507.526706
1507.555674
1507.738054
1507.786493
1507.935978
1508.156298
1508.240435
1508.261385
1508.305218
1508.555183
1508.593816
1508.910124
1509.051368
1509.095164
1509.121046
1509.124422
1509.156456
1509.168051
1509.402321
1509.545214
1509.549962
1509.643945
1509.651632
1509.831055
1509.831943
1510.093353
1510.117040
1510.351758
1510.706207
1511.062580
1511.073852
1511.113200
1511.139335
1511.150024
1511.312449
1511.313141
1511.324246
1511.381451
1511.443819
1511.447867
1511.505909
1511.591566
1511.612547
1511.629258
1511.671235
1511.717345
1511.743121
1511.788375
1511.824709
1511.901555
1511.903031
1511.979696
1512.097449
1512.128692
1512.464123
1512.902261
1512.958039
1512.968309
1513.047651
1513.180411
1513.234499
1513.262150
1513.624734
1513.809429
1513.893309
1513.922342
1514.028674
1514.138392
1514.191303
1514.343253
1514.433878
1514.505376
1514.548500
1514.552232
1514.586079
1514.592331
1514.593881
1514.596679
1514.738283
1514.762027
1514.856588
1514.900863
1514.956224
1515.153635
1515.171272
1515.301190
1515.309687
1515.393812
1515.411109
1515.417734
1515.425705
1515.484583
1515.487714
1515.503840
1515.508136
1515.616920
1515.651751
1515.684763
1515.834363
1515.876951
1516.018271
1516.156766
1516.187074
1516.227477
1516.293875
1516.334443
1516.350960
1516.403699
1516.411928
1516.581888
1516.668154
1516.703966
1516.718539
1516.758690
1516.791650
1516.904699
1516.933706
1516.943799
1517.021536
1517.275332
1517.364963
1517.732665
1518.008903
1518.075646
1518.168980
1518.286378
1518.676226
1518.780005
1518.782784
1518.864699
1518.884414
1519.017040
1519.032396
1519.273767
1519.304219
1519.387010
1519.484212
1519.491809
1519.552936
1519.571632
1519.620575
1519.725589
1519.801932
1519.901311
1519.976173
1519.989367
1520.207052
1520.215177
1520.430155
1520.500985
1520.697743
1520.824591
1520.942186
1520.969002
1521.012965
1521.078840
1521.324586
1521.375998
1521.467938
1521.472787
1521.511160
1521.516901
1521.560678
1521.576422
1521.603659
1521.624861
1521.673518
1521.729510
1521.777664
1521.872989
1522.026455
1522.056841
1522.132508
1522.157121
1522.346869
1522.387598
1522.427636
1522.462109
1522.894738
1523.049071
1523.117708
1523.167679
1523.202143
1523.305448
1523.356943
1523.364856
1523.391996
1523.413285
1523.413556
1523.578865
1523.680427
1523.823004
1524.238147
1524.246152
1524.385514
1524.575630
1524.678357
1524.715610
1524.770903
1524.781280
1524.817699
1525.067886
1525.198609
1525.233829
1525.424728
1525.426528
1525.483849
1525.542268
1525.577099
1525.638816
1525.644714
1525.741235
1525.789911
1525.894089
1526.029025
1526.076352
1526.119275
1526.246656
1526.323073
1526.377485
1526.435963
1526.506903
1526.570633
1526.605953
1526.645920
1526.693515
1526.699652
1526.714258
1526.862693
1526.929676
1527.020248
1527.084618
1527.201703
1527.209956
1527.538838
1527.709206
1527.860020
1527.871805
1527.901219
1528.170886
1528.225657
1528.234524
1528.258741
1528.320944
1528.530242
1528.641738
1528.812351
1528.849602
1528.879181
1529.017002
1529.086994
1529.089611
1529.217344
1529.368038
1529.494570
1529.547816
1529.575282
1529.652851
1529.850482
1529.989976
1530.029836
1530.153669
1530.358162
1530.367612
1530.503637
1530.687826
1530.748011
1530.822464
1530.846502
1530.991796
1531.097909
1531.148078
1531.202115
1531.202173
1531.458077
1531.499086
1531.542939
1531.545490
1531.642989
1531.668131
1531.817529
1531.850281
1531.901361
1531.912723
1532.039149
1532.192717
1532.324095
1532.587816
1532.610754
1532.648693
1532.809299
1532.966933
1533.523091
1533.554922
1533.586752
1533.656146
1533.661426
1533.733905
1533.773350
1533.777018
1533.820111
1533.897794
1533.932570
1533.993749
1534.226570
1534.307264
1534.394310
1534.686087
1534.703501
1534.828354
1534.845215
1534.867611
1534.923307
1535.046752
1535.054535
1535.071158
1535.185585
1535.342494
1535.585484
1535.728019
1535.731973
1535.851760
1535.885272
1535.917428
1535.948530
1536.092181
1536.150621
1536.183451
1536.215560
1536.370746
1536.548408
1536.719620
1536.799530
1537.330656
1537.379352
1537.497030
1537.544684
1537.586175
1537.637025
1537.645280
1537.689025
1537.743256
1537.795120
1537.800745
1537.844523
1537.865831
1537.884800
1537.914056
1537.934767
1537.937130
1537.997546
1538.026404
1538.260405
1538.308961
1538.430314
1538.474758
1538.497655
1538.514905
1538.523520
1538.525357
1538.618168
1538.738872
1538.761087
1538.899379
1538.900113
1538.901167
1538.906200
1538.909487
1538.994297
1539.068324
1539.083358
1539.108368
1539.127941
1539.273575
1539.316843
1539.545180
1539.576206
1539.585180
1539.789260
1539.828883
1539.858648
1539.937426
1540.064711
1540.134011
1540.297529
1540.459045
1540.491968
1540.502423
1540.527739
1540.620853
1540.715314
1540.754886
1541.277652
1541.323259
1541.399742
1541.639054
1541.720153
1541.953686
1542.064564
1542.141818
1542.219049
1542.287388
1542.357302
1542.458396
1542.639674
1542.648274
1542.722569
1542.964373
1542.966829
1543.075989
1543.097596
1543.134928
1543.458628
1543.492577
1543.632952
1543.786473
1543.788350
1544.039886
1544.040158
1544.234222
1544.584387
1544.618474
1544.623799
1544.762822
1544.776759
1544.897170
1544.952632
1544.987269
1545.183268
1545.227116
1545.326857
1545.398038
1545.472447
1545.601432
1545.686939
1545.827847
1545.928776
1546.160232
1546.239793
1546.256401
1546.256787
1546.511762
1546.559444
1546.703414
1546.712625
1546.762747
1546.787827
1546.832111
1546.874770
1546.965148
1546.974682
1547.015458
1547.102291
1547.288898
1547.289860
1547.360053
1547.364830
1547.622448
1547.703888
1547.728821
1548.017988
1548.062071
1548.099312
1548.238289
1548.295291
1548.458994
1548.553507
1548.557302
1548.674779
1548.810318
1548.888844
1548.922670
1548.980061
1548.983499
1549.023059
1549.085118
1549.161594
1549.173800
1549.219307
1549.223252
1549.659483
1549.755047
1549.765537
1549.840183
1549.852894
1549.858556
1549.889036
1550.209998
1550.239412
1550.274957
1550.336148
1550.383697
1550.428814
1550.454065
1550.461770
1550.552551
1550.731532
1550.942736
1551.007213
1551.032068
1551.034461
1551.048095
1551.129773
1551.186006
1551.307441
1551.316979
1551.519891
1551.631178
1551.993095
1551.997203
1552.007117
1552.153529
1552.238368
1552.239479
1552.239997
1552.505672
1552.518557
1552.571068
1552.727556
1552.808677
1553.303437
1553.339185
1553.359920
1553.392646
1553.456303
1553.553158
1553.699348
1553.701769
1553.743327
1554.179059
1554.333062
1554.346522
1554.591522
1554.680861
1554.841348
1554.877871
1554.947850
1555.034380
1555.078578
1555.094402
1555.781012
1555.835741
1555.876172
1556.008020
1556.175059
1556.273643
1556.294740
1556.353939
1556.393657
1556.527279
1556.545592
1556.612246
1556.784406
1556.918519
1556.928032
1557.119543
1557.122625
1557.135670
1557.176621
1557.187194
1557.190730
1557.250867
1557.260379
1557.365938
1557.408858
1557.481358
1557.498715
1557.551928
1557.578473
1557.606902
1557.655865
1557.805753
1557.838151
1557.891126
1557.919098
1557.940722
1558.042614
1558.242124
1558.256130
1558.286813
1558.598038
1558.674267
1558.736377
1558.810550
1558.935794
1558.958877
1558.976783
1558.998174
1559.111074
1559.243205
1559.262899
1559.366840
1559.482917
1559.528677
1559.532009
1559.551052
1559.675468
1559.704904
1559.850246
1559.905929
1559.944697
1559.973381
1560.077385
1560.144946
1560.156552
1560.223714
1560.702051
1560.857315
1561.002364
1561.080923
1561.297753
1561.360126
1561.568579
1561.570176
1561.600438
1561.626117
1561.664798
1561.855116
1561.865545
1561.988740
1562.057431
1562.151135
1562.273525
1562.399557
1562.590311
1562.595806
1562.608503
1562.625997
1562.659750
1562.818184
1562.839316
1562.886836
1562.915607
1562.962529
1563.015982
1563.032913
1563.094950
1563.105990
1563.166460
1563.233360
1563.256008
1563.318294
1563.343428
1563.428354
1563.659009
1563.865226
1563.866839
1563.944346
1564.173429
1564.260365
1564.377129
1564.384697
1564.411768
1564.442855
1564.644726
1564.848266
1565.039862
1565.080365
1565.113922
1565.138223
1565.521735
1565.600103
1565.620800
1565.720808
1565.945127
1566.148266
1566.175329
1566.337830
1566.730988
1566.780603
1566.884747
1567.118877
1567.178698
1567.352290
1567.366113
1567.503358
1567.831568
1567.855113
1567.982299
1568.048464
1568.064146
1568.093744
1568.222528
1568.234096
1568.331738
1568.405208
1568.718868
1568.779494
1568.829330
1569.024360
1569.097776
1569.208597
1569.427556
1569.490879
1569.661550
1569.667727
1569.674534
1569.709672
1569.760249
1569.822864
1569.878113
1569.886692
1569.891412
1569.911117
1570.021315
1570.101502
1570.149185
1570.313372
1570.418961
1570.473763
1570.508743
1570.606362
1570.746456
1570.793922
1570.820126
1570.925100
1571.241436
1571.290884
1571.305146
1571.429514
1571.457531
1571.503287
1571.567309
1571.614934
1571.788654
1571.849462
1571.877488
1572.017758
1572.102860
1572.177284
1572.208894
1572.255851
1572.284366
1572.301659
1572.333335
1572.459016
1572.741342
1572.757977
1572.836768
1572.844096
1572.888420
1573.002573
1573.200499
1573.218662
1573.227507
1573.243945
1573.387774
1573.440322
1573.493455
1573.549559
1573.603905
1573.708457
1573.800917
1573.828209
1573.893607
1573.965805
1574.042877
1574.093476
1574.147716
1574.290227
1574.487040
1574.497053
1574.774499
1574.791677
1574.911602
1574.948867
1575.161584
1575.348393
1575.403449
1575.479833
1575.500806
1575.579785
1575.633741
1575.655203
1575.763655
1575.764332
1575.852109
1575.896725
1576.048167
1576.203113
1576.330149
1576.503850
1576.610335
1576.691695
1576.802490
1576.889673
1576.932810
1576.939534
1576.949688
1577.013620
1577.047748
1577.093582
1577.112677
1577.185835
1577.236276
1577.272027
1577.294112
1577.371162
1577.441705
1577.514526
1577.638734
1577.818395
1578.003898
1578.058757
1578.305393
1578.414484
1578.486279
1578.528807
1578.556564
1578.557070
1578.611976
1578.612626
1578.846016
1578.869427
1579.248879
1579.294101
1579.318169
1579.355205
1579.372540
1579.389509
1579.480262
1579.509652
1579.634393
1579.842348
1579.966951
1580.104514
1580.136277
1580.166058
1580.203163
1580.218139
1580.246952
1580.286789
1580.290143
1580.354006
1580.383663
1580.462446
1580.539909
1580.635817
1580.692985
1580.726723
1580.821523
1580.908560
1581.006365
1581.009064
1581.218401
1581.319262
1581.498602
1581.751869
1581.846337
1581.903898
1582.007517
1582.067850
1582.203744
1582.215493
1582.272680
1582.333647
1582.361046
1582.981508
1583.032003
1583.060824
1583.171321
1583.247075
1583.269139
1583.412278
1583.465561
1583.506470
1583.543124
1583.684413
1583.706140
1583.734062
1583.940502
1583.942950
1584.126148
1584.189352
1584.247174
1584.351484
1584.382848
1584.566242
1584.569063
1584.604191
1584.792941
1584.856140
1585.090470
1585.157571
1585.206404
1585.359962
1585.377285
1585.425203
1585.477868
1585.644496
1585.671275
1585.681693
1585.687941
1585.857976
1585.981291
1586.024743
1586.057343
1586.167834
1586.249624
1586.446974
1586.549083
1586.678794
1586.722378
1586.800201
1587.067039
1587.162919
1587.364136
1587.478670
1587.600512
1587.979011
1588.214394
1588.249154
1588.336641
1588.529833
1588.657012
1588.968217
1589.075198
1589.161802
1589.249090
1589.339181
1589.405630
1589.481828
1589.630920
1589.782802
1589.824108
1590.156659
1590.173371
1590.240839
1590.280044
1590.302655
1590.486993
1590.596085
1590.634265
1590.723711
1590.766441
1590.769847
1590.769918
1590.788291
1590.813267
1590.855156
1590.921138
1590.924497
1591.032374
1591.096260
1591.232257
1591.274920
1591.333889
1591.368342
1591.428032
1591.675756
1591.930306
1592.309619
1592.393777
1592.479300
1592.584416
1592.614551
1592.642756
1592.644847
1592.693526
1592.758118
1592.814190
1592.874568
1592.915250
1593.257672
1593.299858
1593.314979
1593.654242
1593.657371
1593.758598
1593.814291
1593.938626
1594.052602
1594.134215
1594.180273
1594.256329
1594.283951
1594.369004
1594.493947
1594.504527
1594.584729
1594.716605
1594.741122
1594.744618
1594.784713
1594.809290
1594.875224
1594.877887
1594.980548
1594.981735
1595.449180
1595.571572
1595.680811
1595.720238
1595.808817
1595.821852
1595.858333
1595.893606
1595.964833
1595.972950
1595.974259
1595.989955
1596.002809
1596.017632
1596.024057
1596.084614
1596.103096
1596.309893
1596.646921
1596.747548
1596.861367
1597.135451
1597.155978
1597.429467
1597.478323
1597.790554
1597.825650
1597.886613
1597.906013
1598.280510
1598.526117
1598.600366
1598.617403
1598.617764
1598.663107
1598.796451
1599.078413
1599.404193
1599.611037
1599.622826
1599.689057
1599.776505
1599.793941
1599.814334
1599.915245
1599.936962
1600.017647
1600.035378
1600.046889
1600.068584
1600.267470
1600.306554
1600.426027
1600.471143
1600.486756
1600.548892
1600.587829
1600.697801
1600.739088
1600.858293
1600.964593
1600.967730
1601.011706
1601.047096
1601.128382
1601.203617
1601.314343
1601.356047
1601.370191
1601.423870
1601.702169
1601.870881
1602.092575
1602.118345
1602.275099
1602.384331
1602.424813
1602.471640
1602.504208
1602.522520
1602.546549
1602.693939
1602.711997
1602.997874
1603.182961
1603.490033
1603.492094
1603.552554
1603.744769
1603.819611
1603.891668
1603.990525
1604.150687
1604.219569
1604.688302
1604.772622
1604.806043
1604.859940
1604.885694
1604.996790
1605.016919
1605.096670
1605.316928
1605.473275
1605.496648
1605.548297
1605.562755
1605.845940
1605.847225
1606.023351
1606.131180
1606.168445
1606.243170
1606.257700
1606.302518
1606.308563
1606.389175
1606.390876
1606.462922
1606.624173
1606.662166
1606.725404
1606.771659
1606.820934
1606.835130
1607.057981
1607.156330
1607.269695
1607.426736
1607.605680
1607.631131
1607.666926
1607.706651
1607.751453
1607.821953
1608.168800
1608.266039
1608.303808
1608.334476
1608.458464
1608.492030
1608.578947
1608.760720
1608.858320
1608.887418
1608.921639
1609.040300
1609.173911
1609.249412
1609.318253
1609.332159
1609.414035
1609.612462
1609.689899
1609.769339
1609.795293
1609.807647
1609.820555
1609.829606
1609.954870
1609.987293
1610.006137
1610.116535
1610.279015
1610.292623
1610.421529
1610.509302
1610.618777
1610.725326
1610.951414
1611.096097
1611.185259
1611.355018
1611.417053
1611.496112
1611.601122
1611.766194
1611.809931
1611.837360
1611.885681
1611.985597
1612.400387
1612.550348
1612.595349
1612.661123
1612.681782
1612.697528
1612.847171
1612.979578
1613.008526
1613.143030
1613.211468
1613.298665
1613.308257
1613.414989
1613.490756
1613.613662
1613.642397
1613.781270
1613.791968
1614.148047
1614.226626
1614.397996
1614.512982
1614.654001
1614.721625
1614.724794
1614.753323
1614.848320
1614.864337
1614.874200
1614.886695
1615.009705
1615.158727
1615.291600
1615.321399
1615.469733
1615.619263
1615.674901
1615.690294
1615.742752
1615.918986
1616.243907
1616.459432
1616.566568
1616.620917
1616.634387
1616.875548
1616.916917
1617.079211
1617.265113
1617.655706
1617.908549
1618.029077
1618.061131
1618.106327
1618.147800
1618.236578
1618.246168
1618.301064
1618.527432
1618.620326
1618.678187
1618.687162
1618.870801
1618.960049
1618.991371
1619.094478
1619.230136
1619.279053
1619.347611
1619.719848
1619.798888
1619.850565
1619.902943
1619.910971
1620.095081
1620.482107
1620.492386
1620.561889
1620.639643
1620.715610
1620.859981
1620.897991
1621.159840
1621.200105
1621.215745
1621.294559
1621.304312
1621.363126
1621.445486
1621.497561
1621.518310
1621.628623
1621.703652
1621.713904
1621.742798
1621.794941
1621.836107
1622.025564
1622.026347
1622.172254
1622.216121
1622.275239
1622.413851
1622.482153
1622.558759
1622.672261
1622.811119
1622.895099
1622.953597
1622.955429
1622.960818
1622.983592
1623.023446
1623.048901
1623.083854
1623.086748
1623.092165
1623.138008
1623.142166
1623.147284
1623.328283
1623.359668
1623.387947
1623.409304
1623.655802
1623.677340
1623.806721
1623.843713
1623.903640
1623.981800
1624.132927
1624.258038
1624.303310
1624.336136
1624.492317
1624.536423
1624.578079
1624.625184
1624.652267
1624.669092
1624.689461
1624.953266
1625.018865
1625.038468
1625.116553
1625.194535
1625.199208
1625.338832
1625.481070
1625.483876
1625.604387
1625.878863
1625.904600
1625.993054
1626.024952
1626.072941
1626.139654
1626.194247
1626.336255
1626.537720
1626.609969
1626.687046
1626.811391
1626.835624
1626.946438
1627.059499
1627.115591
1627.175765
1627.242237
1627.410932
1627.571929
1627.699471
1627.872401
1627.937717
1628.066539
1628.104709
1628.309523
1628.470212
1628.638352
1628.753360
1628.846802
1628.856755
1628.898911
1628.906935
1629.098902
1629.256419
1629.345513
1629.346111
1629.424168
1629.438854
1629.535133
1629.634107
1629.655959
1629.779262
1630.018643
1630.207427
1630.308361
1630.480730
1630.618075
1630.625127
1630.668308
1630.914100
1630.948414
1631.133499
1631.138426
1631.214080
1631.217206
1631.293565
1631.405492
1631.543181
1631.643595
1631.656317
1631.672865
1631.934354
1631.984917
1632.030466
1632.172883
1632.186284
1632.264186
1632.268169
1632.360095
1632.423847
1632.522105
1632.600437
1632.612093
1632.624761
1632.715976
1632.742186
1632.800079
1632.835714
1633.147976
1633.217816
1633.459327
1633.522929
1633.569969
1633.701891
1633.810599
1633.825840
1633.835630
1633.866241
1633.985873
1633.994810
1634.003711
1634.195480
1634.229629
1634.255237
1634.326335
1634.349551
1634.393760
1634.459392
1634.515311
1634.541007
1634.678989
1634.683655
1634.745180
1634.777817
1634.787085
1634.811255
1634.832563
1635.099934
1635.143004
1635.295681
1635.364696
1635.458865
1635.468513
1635.651424
1635.668991
1635.782515
1635.815164
1635.828852
1635.957952
1635.991633
1636.148803
1636.289216
1636.291047
1636.402608
1636.422454
1636.443654
1636.454491
1636.474017
1636.502229
1636.699029
1636.701760
1636.870404
1636.973109
1637.133367
1637.174071
1637.265424
1637.279977
1637.313027
1637.595089
1637.607079
1637.607786
1637.672876
1637.688408
1637.693809
1637.786568
1637.834771
1637.902698
1637.910595
1637.978748
1638.005820
1638.017634
1638.064603
1638.345927
1638.541028
1638.589764
1638.821285
1638.946930
1638.984862
1638.999608
1639.109058
1639.178812
1639.210823
1639.260417
1639.387242
1639.450075
1639.521656
1639.716361
1639.808930
1639.982282
1640.020183
1640.120168
1640.131452
1640.161822
1640.342354
1640.511465
1640.557232
1640.626035
1640.745279
1641.014283
1641.015767
1641.039482
1641.048909
1641.291892
1641.374736
1641.767939
1641.834463
1641.935971
1642.096582
1642.134457
1642.139937
1642.164052
1642.336492
1642.355243
1642.411703
1642.620993
1642.830145
1642.899001
1642.901557
1642.936928
1642.947896
1643.164189
1643.640476
1643.844465
1643.859037
1643.971965
1643.998391
1644.086465
1644.141690
1644.374033
1644.402458
1644.471552
1644.510845
1644.531063
1644.551901
1644.708217
1644.723856
1644.943052
1644.967162
1645.055892
1645.059332
1645.067925
1645.261605
1645.325856
1645.373120
1645.380664
1645.384005
1645.391173
1645.569665
1645.621245
1645.715613
1645.721471
1645.725493
1645.736699
1645.748812
1645.928746
1646.016425
1646.044333
1646.174041
1646.385461
1646.489261
1646.568857
1646.600807
1646.897730
1646.938712
1646.940305
1646.988056
1647.109912
1647.203112
1647.258251
1647.325366
1647.382390
1647.404502
1647.468838
1647.514097
1647.638387
1647.698796
1647.713020
1647.778231
1647.806459
1648.007484
1648.115226
1648.183099
1648.251768
1648.252520
1648.298821
1648.500159
1648.692520
1648.700814
1648.758609
1648.827011
1648.954167
1649.073808
1649.164737
1649.188561
1649.260773
1649.303891
1649.494366
1649.514835
1649.689506
1649.863363
1649.895530
1649.911491
1649.989842
1650.066965
1650.236425
1650.313733
1650.364842
1650.384657
1650.387604
1650.639015
1650.666639
1650.725763
1650.744049
1650.770107
1650.875005
1650.911511
1650.919813
1650.970622
1651.025007
1651.043835
1651.083021
1651.154860
1651.195169
1651.283824
1651.338649
1651.546750
1651.581723
1651.617390
1651.645939
1651.768983
1652.173208
1652.347693
1652.365650
1652.415778
1652.491695
1652.537998
1652.656645
1652.720934
1652.721805
1652.724636
1652.731103
1652.799507
1652.921799
1652.942022
1653.132129
1653.261675
1653.385572
1653.430556
1653.482152
1653.576848
1653.588556
1653.628953
1653.834332
1653.859343
1654.175318
1654.282235
1654.354091
1654.361651
1654.587746
1654.678330
1654.939362
1654.940249
1654.943550
1654.985634
1655.092931
1655.208587
1655.265702
1655.269477
1655.301160
1655.313622
1655.323871
1655.351875
1655.428337
1655.852050
1655.873130
1655.901071
1656.000589
1656.353245
1656.362671
1656.789858
1657.080399
1657.134887
1657.205675
1657.346238
1657.399462
1657.587956
1657.632187
1657.782466
1657.849133
1657.906270
1657.980528
1657.997251
1658.040922
1658.077869
1658.147615
1658.257299
1658.260761
1658.379243
1658.416179
1658.664067
1658.746700
1658.754149
1658.766670
1658.819685
1659.061693
1659.205969
1659.383876
1659.430030
1659.495292
1659.512053
1659.720570
1659.801047
1659.848045
1659.870313
1659.889062
1660.014817
1660.070106
1660.170346
1660.243823
1660.460558
1660.466725
1660.510674
1660.727098
1660.777440
1660.786236
1660.861727
1660.986685
1661.017740
1661.052109
1661.066026
1661.078324
1661.111621
1661.232382
1661.240286
1661.270013
1661.319239
1661.498245
1661.562121
1661.702519
1661.869163
1661.969785
1661.987281
1662.033672
1662.052102
1662.332079
1662.408572
1662.493975
1662.519951
1662.667422
1662.686116
1662.825738
1662.849311
1662.882655
1662.940104
1662.967359
1663.036570
1663.041783
1663.142382
1663.244308
1663.251385
1663.268489
1663.329007
1663.432368
1663.528887
1663.678263
1663.746891
1663.788465
1663.878637
1664.088813
1664.210432
1664.324264
1664.483740
1664.627532
1664.690673
1664.719159
1664.767059
1664.967573
1664.975173
1665.011146
1665.199200
1665.310373
1665.317694
1665.352603
1665.505387
1665.615150
1666.021498
1666.033767
1666.058359
1666.150717
1666.190130
1666.392730
1666.565227
1666.816760
1666.849491
1666.979533
1667.031406
1667.110590
1667.147020
1667.167738
1667.544980
1667.771142
1667.838778
1667.908585
1668.012327
1668.149047
1668.210730
1668.282335
1668.367070
1668.437248
1668.447409
1668.600610
1668.653054
1668.753299
1668.925113
1669.182207
1669.289765
1669.325668
1669.528175
1669.559519
1669.562905
1669.570564
1669.700847
1669.845814
1669.861513
1670.284568
1670.299728
1670.345643
1670.447804
1670.480405
1670.565922
1670.573046
1670.595478
1670.648699
1670.653160
1670.860148
1670.897735
1671.003356
1671.008935
1671.060164
1671.163738
1671.167858
1671.352614
1671.373240
1671.489127
1671.498538
1671.526301
1671.635066
1671.635736
1671.851512
1671.996535
1672.454288
1672.541724
1672.750654
1672.767480
1672.884820
1672.910103
1672.959986
1672.963907
1673.010003
1673.167107
1673.225613
1673.366528
1673.373162
1673.430926
1673.542924
1673.598004
1673.725117
1673.735415
1673.741836
1673.752856
1673.872542
1674.025125
1674.030782
1674.034558
1674.043032
1674.094559
1674.231451
1674.280634
1674.425022
1674.447424
1674.534506
1674.735710
1674.796157
1674.803856
1675.231025
1675.362418
1675.382245
1675.416610
1675.500283
1675.537464
1675.546501
1675.562898
1675.674632
1675.784504
1675.834355
1676.014943
1676.114951
1676.142604
1676.143518
1676.333355
1676.447064
1676.484790
1676.603476
1676.722694
1676.931814
1677.045343
1677.063863
1677.065560
1677.078811
1677.346355
1677.548881
1677.552027
1677.574438
1677.699407
1677.852908
1677.876559
1677.909369
1678.317886
1678.387035
1678.428423
1678.617061
1678.623162
1678.646778
1678.681555
1678.707932
1678.722063
1678.820880
1678.938969
1679.108683
1679.146387
1679.295805
1679.507296
1679.587238
1679.633145
1679.964413
1680.091141
1680.309965
1680.708142
1680.770623
1680.777610
1680.930526
1680.941810
1680.944906
1681.005482
1681.056164
1681.095309
1681.118198
1681.325359
1681.334469
1681.513755
1681.573027
1681.608132
1681.608484
1681.810780
1681.818843
1681.895918
1682.001308
1682.132813
1682.375461
1682.644312
1682.662536
1682.708555
1682.916801
1683.206480
1683.252439
1683.300685
1683.609286
1683.738854
1683.755091
1683.824537
1683.916374
1683.957766
1684.054638
1684.153821
1684.166288
1684.274887
1684.324909
1684.408335
1684.432657
1684.469770
1684.691207
1685.112359
1685.122060
1685.147941
1685.234872
1685.289489
1685.307875
1685.379527
1685.540403
1685.637505
1685.678761
1685.804383
1685.874437
1686.243310
1686.256176
1686.568080
1686.568802
1686.576602
1686.626366
1686.690196
1686.745339
1686.755710
1686.798313
1687.214184
1687.242602
1687.287114
1687.331449
1687.498957
1687.556341
1687.620395
1687.681765
1687.829987
1687.844772
1687.853854
1687.981503
1688.191603
1688.213122
1688.265962
1688.308118
1688.355153
1688.424187
1688.475526
1688.539256
1688.569741
1688.709061
1688.809587
1688.980592
1688.994571
1689.267296
1689.320708
1689.336436
1689.757585
1689.784658
1689.938968
1689.958928
1689.970821
1690.635673
1690.811857
1690.918249
1690.994630
1691.024727
1691.025366
1691.231801
1691.245954
1691.271307
1691.492889
1691.536337
1691.564532
1691.582848
1691.616423
1691.619909
1691.938165
1691.948971
1692.017050
1692.105800
1692.129814
1692.277887
1692.437053
1692.466874
1692.487432
1692.644598
1692.645960
1692.654000
1692.814900
1692.832668
1692.976370
1693.067888
1693.130934
1693.219976
1693.231001
1693.260796
1693.349008
1693.375276
1693.582351
1693.618066
1693.696963
1693.726195
1693.790323
1693.970668
1694.006623
1694.059921
1694.119999
1694.155094
1694.213078
1694.234621
1694.281069
1694.293241
1694.550172
1694.670785
1694.763159
1694.860133
1694.880504
1694.985940
1695.021298
1695.040479
1695.052368
1695.095506
1695.483185
1695.488317
1695.622420
1695.937360
1696.002249
1696.010906
1696.074717
1696.236708
1696.276120
1696.286314
1696.434776
1696.456974
1696.550213
1696.772793
1696.939634
1697.188956
1697.474525
1697.630957
1697.944899
1698.022201
1698.206786
1698.243844
1698.362076
1698.374456
1698.394935
1698.473630
1698.499357
1698.515541
1698.661919
1698.675858
1698.812766
1698.851086
1698.891399
1698.924291
1698.941470
1699.007651
1699.026219
1699.225744
1699.385834
1699.533555
1699.539303
1699.588133
1699.726174
1699.816639
1699.915040
1700.009332
1700.028642
1700.209819
1700.367991
1700.429959
1700.520037
1700.550229
1700.584470
1700.598608
1700.608488
1700.619610
1700.627602
1700.687360
1700.790030
1700.880176
1701.022180
1701.033490
1701.195310
1701.337764
1701.421834
1701.706433
1701.829901
1701.859019
1701.886932
1702.060067
1702.092055
1702.342949
1702.373234
1702.631893
1702.662707
1702.849996
1702.865666
1702.915327
1702.926097
1702.932118
1702.941262
1702.994189
1702.995171
1703.006537
1703.240733
1703.402011
1703.555493
1703.879189
1703.978911
1704.188616
1704.242167
1704.557502
1704.605329
1704.724855
1704.756652
1704.832807
1705.066705
1705.134591
1705.221532
1705.465569
1705.517813
1705.566865
1705.611250
1705.631329
1705.807566
1705.974286
1705.988884
1706.035041
1706.134745
1706.239281
1706.291882
1706.536707
1706.546990
1706.587779
1706.664245
1706.826589
1706.988576
1706.990805
1707.297003
1707.320017
1707.337275
1707.363155
1707.382192
1707.575823
1707.644342
1707.667511
1707.676656
1707.680052
1707.754791
1707.766845
1707.817244
1707.824239
1707.856934
1707.962985
1708.043479
1708.250202
1708.295023
1708.613405
1708.670414
1708.810679
1708.907887
1708.953859
1709.033468
1709.201124
1709.225147
1709.597859
1709.662344
1709.908349
1710.133259
1710.191985
1710.253713
1710.273562
1710.523599
1710.592856
1710.625473
1710.663916
1710.787151
1710.787999
1710.862485
1710.984983
1711.013419
1711.035291
1711.152074
1711.322968
1711.452978
1711.621417
1711.796739
1711.845062
1711.972481
1712.060828
1712.090158
1712.188331
1712.379047
1712.406999
1712.433672
1712.473985
1712.558194
1712.592821
1712.705386
1712.725108
1712.739498
1712.855963
1712.909433
1712.930527
1713.140528
1713.406371
1713.425580
1713.470044
1713.708270
1713.800502
1713.886193
1713.902068
1713.991367
1714.039725
1714.120251
1714.212809
1714.214678
1714.400676
1714.502778
1714.599391
1714.701586
1714.958417
1714.982546
1715.072398
1715.208236
1715.224431
1715.413763
1715.510829
1715.620429
1715.641973
1715.791845
1715.803024
1715.837383
1715.884360
1715.903994
1715.915947
1715.941005
1715.988870
1716.120381
1716.238730
1716.516035
1716.609055
1716.655744
1716.803074
1716.864355
1717.171356
1717.277807
1717.401900
1717.444433
1717.909541
1717.943342
1717.952826
1718.077779
1718.352163
1718.388530
1718.465136
1718.576058
1718.660409
1718.707507
1718.770718
1718.958379
1719.007686
1719.134878
1719.315565
1719.365804
1719.469745
1719.587793
1719.621007
1719.752096
1719.824538
1720.372538
1720.460195
1720.580105
1720.590051
1720.614603
1720.745935
1720.842353
1721.033415
1721.249209
1721.292636
1721.365695
1721.646379
1721.672957
1721.678336
1721.956839
1722.068945
1722.196595
1722.295328
1722.309221
1722.402600
1722.464286
1722.497056
1722.594780
1722.809851
1722.867264
1723.114444
1723.129759
1723.136633
1723.229202
1723.423305
1723.698127
1723.739621
1723.826975
1723.971376
1724.060174
1724.099530
1724.275625
1724.316558
1724.405635
1724.503688
1724.598589
1724.721707
1724.852233
1725.004687
1725.041052
1725.343432
1725.526753
1725.622124
1725.699841
1725.797862
1725.846664
1725.948097
1726.252220
1726.283745
1726.697012
1726.710799
1726.765558
1726.797948
1726.840750
1726.882036
1727.044698
1727.319414
1727.325085
1727.464423
1727.497032
1727.660027
1727.814453
1727.943365
1728.015425
1728.031775
1728.105778
1728.370951
1728.384295
1728.413799
1728.442869
1728.460236
1728.512347
1728.792456
1728.887127
1729.032659
1729.335960
1729.348638
1729.651113
1729.677625
1729.695204
1729.709367
1729.834490
1729.858652
1729.974001
1730.133368
1730.230796
1730.433237
1730.579151
1730.723408
1730.735675
1730.796068
1730.927519
1730.935324
1731.171427
1731.176905
1731.200926
1731.245986
1731.354793
1731.449591
1731.476066
1731.484250
1731.560760
1731.656008
1732.002509
1732.149664
1732.199769
1732.205864
1732.426837
1732.563502
1732.567159
1732.850393
1733.122356
1733.167294
1733.176805
1733.199474
1733.315554
1733.358747
1733.663487
1733.818409
1733.829190
1733.945324
1734.008605
1734.013774
1734.191177
1734.242609
1734.337931
1734.404530
1734.627685
1734.658568
1734.681067
1734.751991
1734.791011
1734.854434
1734.989738
1734.995538
1735.325541
1735.503963
1735.546528
1735.820887
1735.896723
1736.214528
1736.251919
1736.286545
1736.478172
1736.516164
1736.591179
1736.763369
1736.828958
1736.843395
1736.881954
1736.958065
1737.197197
1737.460964
1737.565913
1737.602726
1737.615005
1737.655996
1737.865203
1737.990508
1738.008318
1738.044351
1738.119250
1738.202850
1738.307444
1738.325847
1738.337068
1738.467300
1738.477496
1738.624540
1738.721200
1738.888234
1739.030149
1739.144694
1739.145387
1739.340034
1739.370734
1739.528627
1739.711541
1739.845258
1740.049413
1740.155434
1740.209600
1740.215443
1740.296760
1740.351753
1740.378169
1740.486092
1740.572207
1740.600856
1740.613204
1740.726675
1740.743909
1740.755136
1740.767620
1740.795355
1740.912018
1741.116307
1741.294033
1741.331996
1741.339745
1741.571334
1741.575736
1741.633007
1741.816325
1741.936089
1741.982478
1742.047363
1742.091744
1742.114693
1742.153418
1742.191181
1742.443816
1742.461544
1742.797606
1742.846010
1742.881722
1742.985137
1743.009054
1743.084541
1743.135353
1743.152764
1743.243765
1743.292087
1743.394305
1743.499183
1743.528080
1743.611896
1743.623854
1743.659274
1743.746584
1744.191500
1744.590720
1744.614033
1744.621010
1744.672338
1744.841994
1744.867379
1745.150605
1745.175236
1745.193031
1745.312175
1745.623452
1745.632339
1745.652688
1745.707084
1745.956234
1745.976915
1745.996451
1746.024735
1746.058686
1746.181809
1746.245359
1746.277290
1746.344421
1746.355780
1746.598361
1746.601223
1746.632056
1746.705055
1746.927321
1746.944508
1746.972897
1747.159104
1747.344445
1747.396503
1747.435951
1747.464435
1747.570451
1747.669196
1747.721076
1747.743366
1747.864337
1748.078348
1748.087061
1748.181469
1748.259744
1748.363061
1748.697124
1748.785861
1748.813788
1748.864848
1749.177724
1749.276161
1749.386445
1749.452719
1749.521295
1749.672061
1749.702224
1749.785367
1750.101421
1750.141459
1750.291015
1750.296118
1750.377201
1750.475494
1750.627653
1750.639567
1750.691377
1750.717556
1750.735904
1750.790046
1750.863009
1750.882333
1751.156397
1751.390522
1751.455784
1751.566369
1751.626394
1751.803450
1751.908436
1751.936808
1752.039504
1752.132834
1752.235911
1752.288621
1752.290585
1752.346595
1752.462102
1752.543215
1752.564335
1752.565452
1752.570333
1752.687628
1752.747442
1752.908142
1752.922621
1752.947842
1753.263208
1753.402975
1753.457226
1753.839483
1753.993006
1754.264921
1754.434258
1754.684035
1754.843803
1754.899295
1754.978042
1755.059810
1755.250737
1755.265134
1755.278403
1755.535648
1755.565605
1755.566776
1755.789422
1755.799139
1755.807932
1755.822703
1756.123837
1756.158614
1756.174582
1756.336809
1756.581540
1756.650069
1756.775579
1756.822967
1756.889022
1756.912691
1757.133647
1757.161318
1757.300864
1757.315997
1757.384015
1757.405599
1757.427473
1757.498147
1757.601468
1757.654875
1757.728324
1757.760330
1758.114003
1758.138039
1758.291468
1758.357130
1758.534222
1758.606532
1758.635216
1758.691870
1758.833456
1758.851418
1758.940870
1759.073163
1759.113863
1759.124879
1759.302476
1759.497494
1759.782689
1759.850428
1759.860547
1759.886296
1759.907465
1759.922037
1759.949628
1760.010375
1760.114612
1760.120929
1760.197871
1760.203860
1760.233431
1760.444312
1760.533703
1760.666333
1760.712748
1760.811460
1760.862990
1761.043134
1761.094263
1761.187079
1761.204060
1761.269540
1761.522352
1761.812318
1761.821420
1761.864262
1761.870656
1761.907393
1762.123392
1762.227078
1762.228105
1762.233802
1762.306593
1762.412955
1762.583889
1762.772130
1762.940123
1762.942251
1763.128804
1763.279723
1763.468327
1763.565284
1763.621900
1763.642791
1763.999156
1764.135527
1764.179187
1764.181403
1764.193246
1764.249729
1764.294588
1764.316674
1764.319175
1764.536340
1764.552514
1764.654930
1765.077535
1765.107011
1765.282007
1765.782615
1765.853445
1766.031343
1766.129440
1766.149275
1766.285642
1766.383767
1766.504166
1766.710207
1766.728680
1766.754901
1766.870184
1767.053627
1767.096148
1767.146010
1767.350046
1767.426288
1767.544711
1767.795331
1767.856974
1767.936239
1767.984036
1767.995900
1768.031394
1768.033844
1768.228254
1768.232579
1768.314140
1768.329535
1768.333991
1768.470705
1768.548702
1768.674858
1768.680998
1768.827948
1768.993531
1769.063681
1769.142725
1769.383056
1769.687730
1770.032032
1770.076302
1770.157270
1770.181745
1770.293352
1770.378815
1770.719179
1770.733235
1770.786069
1770.989902
1771.014479
1771.038081
1771.400531
1771.478624
1771.531020
1771.558800
1771.577484
1771.587173
1771.799972
1771.863956
1771.899638
1772.042936
1772.132356
1772.229089
1772.327015
1772.335247
1772.505659
1772.637082
1772.673311
1772.679991
1772.682600
1772.783030
1772.862820
1773.051249
1773.054251
1773.140133
1773.206528
1773.277049
1773.339516
1773.349554
1773.466254
1773.466454
1773.480351
1773.765771
1773.922231
1773.948340
1774.106116
1774.188919
1774.228781
1774.254468
1774.256628
1774.333519
1774.345629
1774.390965
1774.428843
1774.548287
1774.796914
1774.830784
1775.289493
1775.360442
1775.741754
1775.765263
1775.815432
1775.815999
1776.030918
1776.035238
1776.124829
1776.241304
1776.321984
1776.470978
1776.496315
1776.575704
1776.771107
1776.789789
1776.923402
1777.069513
1777.201566
1777.661879
1777.779598
1777.876251
1778.127703
1778.315748
1778.356308
1778.370643
1778.433009
1778.765127
1778.780512
1778.805596
1778.938563
1779.005659
1779.053842
1779.251099
1779.264498
1779.267305
1779.323410
1779.377803
1779.484048
1779.537176
1779.555169
1779.598413
1779.761858
1779.827921
1779.840514
1779.881926
1779.888596
1779.907655
1780.000208
1780.013880
1780.127221
1780.250595
1780.460890
1780.602236
1780.641654
1780.652895
1780.656952
1780.751982
1780.775048
1780.860012
1780.888759
1781.048334
1781.069084
1781.115367
1781.338275
1781.419773
1781.781295
1781.857933
1781.923093
1781.965173
1781.995983
1782.011039
1782.029241
1782.093719
1782.187661
1782.375659
1782.459619
1782.698818
1782.710196
1782.762738
1782.797016
1782.933897
1782.936219
1783.016366
1783.032419
1783.216197
1783.229007
1783.299418
1783.309111
1783.340717
1783.506044
1783.518515
1783.536398
1783.536932
1783.626668
1783.660051
1783.717579
1783.874853
1783.949864
1783.996053
1784.032382
1784.073521
1784.091080
1784.160953
1784.314849
1784.331529
1784.400207
1784.441132
1784.478848
1784.588334
1784.867345
1784.887750
1784.955051
1784.985894
1785.027397
1785.086388
1785.314705
1785.482006
1785.483187
1785.796133
1785.915071
1786.043475
1786.203890
1786.356531
1786.598000
1786.848384
1786.854683
1787.133980
1787.195303
1787.197789
1787.245419
1787.465545
1787.511236
1787.574613
1787.681627
1787.727699
1787.883890
1787.914015
1788.027874
1788.229256
1788.253887
1788.267100
1788.287415
1788.421532
1788.505400
1788.513578
1788.623758
1788.639425
1788.949281
1788.978786
1789.109953
1789.211126
1789.438573
1789.459358
1789.486932
1789.499935
1789.535116
1789.554983
1789.610421
1789.771515
1789.781214
1789.790649
1789.815825
1789.824251
1789.863648
1789.894537
1790.002416
1790.163353
1790.210634
1790.225734
1790.302071
1790.329722
1790.448390
1790.487302
1790.635795
1790.839049
1791.004391
1791.075396
1791.169956
1791.357573
1791.420025
1791.574453
1791.717588
1791.747396
1791.926757
1792.135776
1792.232007
1792.275265
1792.330134
1792.377343
1792.462181
1792.484559
1792.565242
1792.610030
1792.627483
1792.740942
1792.750881
1793.035438
1793.040952
1793.160091
1793.283622
1793.355773
1793.488190
1793.513535
1793.724283
1793.790617
1793.805622
1793.998449
1794.032335
1794.112830
1794.218983
1794.230410
1794.548757
1794.599706
1794.806213
1794.883173
1794.917458
1795.030822
1795.100576
1795.176752
1795.282715
1795.461223
1795.484203
1795.561515
1795.584233
1795.657022
1795.708960
1795.774830
1795.934009
1796.014524
1796.208171
1796.241206
1796.282617
1796.315153
1796.541579
1796.568988
1796.587966
1796.608837
1796.870743
1796.889534
1796.996804
1797.291286
1797.309825
1797.431639
1797.653622
1798.173260
1798.430437
1798.449066
1798.497536
1798.544693
1798.671331
1798.808966
1798.858768
1799.030864
1799.105662
1799.372225
1799.441864
1799.475393
1799.566172
1799.609073
1799.642187
1799.819831
1799.851306
1799.876245
1799.927070
1800.075733
1800.086896
1800.165067
1800.204075
1800.365806
1800.446259
1800.540359
1800.562248
1800.593629
1800.710244
1800.740478
1800.820337
1800.855382
1800.857238
1800.927511
1800.982779
1801.034418
1801.042129
1801.088510
1801.111857
1801.116177
1801.197328
1801.243930
1801.311634
1801.401240
1801.405725
1801.482230
1801.493377
1801.499614
1801.520262
1801.535181
1801.545113
1801.630242
1801.642577
1801.891259
1801.969967
1801.979711
1802.131877
1802.157459
1802.234265
1802.236442
1802.270922
1802.274855
1802.295435
1802.308904
1802.448433
1802.505682
1802.576459
1802.579740
1802.607469
1802.665669
1802.714089
1802.791905
1802.831104
1802.874140
1803.093079
1803.093758
1803.112408
1803.150359
1803.163774
1803.220883
1803.233786
1803.297453
1803.333511
1803.365387
1803.424963
1803.457933
1803.491181
1803.581767
1803.601331
1803.630927
1803.901948
1803.998497
1804.027882
1804.145175
1804.253032
1804.277062
1804.288974
1804.292342
1804.303533
1804.383435
1804.413858
1804.428533
1804.448721
1804.496971
1804.654845
1804.765120
1804.765818
1804.955880
1805.073619
1805.115316
1805.167528
1805.213586
1805.251372
1805.308581
1805.310700
1805.340908
1805.361356
1805.375198
1805.468246
1805.517006
1805.555856
1805.573494
1805.687143
1805.708947
1805.774428
1805.807500
1805.869239
1805.874853
1805.887975
1805.906232
1805.924466
1805.957259
1806.057555
1806.111425
1806.153127
1806.235943
1806.292081
1806.451843
1806.494494
1806.508019
1806.555281
1806.574892
1806.729627
1806.736039
1806.737183
1806.841689
1806.854710
1806.918891
1806.992398
1806.996617
1807.200799
1807.203089
1807.246782
1807.266747
1807.295253
1807.305217
1807.415429
1807.493658
1807.546133
1807.708182
1807.835158
1808.092910
1808.093533
1808.283393
1808.289461
1808.341200
1808.359990
1808.393341
1808.461357
1808.503006
1808.666573
1808.810050
1808.861587
1808.923207
1808.931045
1808.952947
1809.038913
1809.039953
1809.241141
1809.361012
1809.369421
1809.423038
1809.436857
1809.439910
1809.468591
1809.548379
1809.697066
1809.756230
1809.821944
1809.824885
1809.829381
1809.835378
1809.940728
1810.056659
1810.243743
1810.275740
1810.298729
1810.323467
1810.352197
1810.469546
1810.487628
1810.528501
1810.615196
1810.680451
1810.774926
1810.871969
1810.956569
1810.980147
1811.050370
1811.070804
1811.128178
1811.138873
1811.139249
1811.203334
1811.264818
1811.409470
1811.466092
1811.495692
1811.577056
1811.579899
1811.621032
1811.639569
1811.807922
1811.809875
1811.887432
1811.950330
1811.956735
1812.039487
1812.282770
1812.368101
1812.395801
1812.405713
1812.417422
1812.449108
1812.484681
1812.504331
1812.504467
1812.512562
1812.638963
1812.708172
1812.768093
1812.822991
1812.823136
1812.872187
1812.975367
1812.995475
1813.108041
1813.122562
1813.170972
1813.174995
1813.229413
1813.268288
1813.372872
1813.449945
1813.469030
1813.559588
1813.582992
1813.777965
1813.794753
1813.813328
1814.059310
1814.078941
1814.163662
1814.194250
1814.520055
1814.542051
1814.551540
1814.591582
1814.638214
1814.780728
1814.809629
1814.823341
1814.847190
1814.867919
1814.976653
1815.060173
1815.143474
1815.165888
1815.185083
1815.204294
1815.302636
1815.320248
1815.327627
1815.459500
1815.486894
1815.508613
1815.651376
1815.695855
1815.740170
1815.806032
1815.867378
1815.892500
1815.913139
1815.973470
1815.983758
1816.044305
1816.127021
1816.160750
1816.165881
1816.275450
1816.290019
1816.369271
1816.449165
1816.451199
1816.495581
1816.524641
1816.593650
1816.598068
1816.788475
1816.856154
1817.140442
1817.217884
1817.244120
1817.254310
1817.293144
1817.333280
1817.381249
1817.442788
1817.661842
1817.825933
1817.934946
1817.938060
1818.034763
1818.255704
1818.266893
1818.308072
1818.499300
1818.538789
1818.714079
1818.951793
1818.980932
1819.044558
1819.062629
1819.074557
1819.099750
1819.151187
1819.203646
1819.235643
1819.254248
1819.317770
1819.361823
1819.492381
1819.556632
1819.654599
1819.728904
1819.751221
1819.792382
1819.829059
1819.843106
1819.912406
1819.932103
1820.142902
1820.181844
1820.308494
1820.309497
1820.429268
1820.647978
1820.762559
1821.048393
1821.065493
1821.106017
1821.111353
1821.165998
1821.214087
1821.254890
1821.317139
1821.346246
1821.485495
1821.497155
1821.508498
1821.508536
1821.608630
1821.608677
1821.609156
1821.632696
1821.694483
1821.812211
1821.992939
1822.051715
1822.055772
1822.078041
1822.103244
1822.227754
1822.287187
1822.310609
1822.332077
1822.385655
1822.400412
1822.410452
1822.470331
1822.565475
1822.592069
1822.629401
1822.633979
1822.789927
1822.822194
1823.049722
1823.098357
1823.103741
1823.105707
1823.276612
1823.286327
1823.362139
1823.409080
1823.697521
1823.740720
1823.772089
1823.798728
1823.813754
1824.037747
1824.058023
1824.160319
1824.187714
1824.221078
1824.315171
1824.473949
1824.509880
1824.682129
1824.908279
1824.945231
1824.946513
1824.966104
1824.973371
1824.974745
1824.989481
1825.004497
1825.085151
1825.206829
1825.317069
1825.364126
1825.414617
1825.547214
1825.596103
1825.678734
1825.885851
1825.914052
1826.135857
1826.205791
1826.241954
1826.297799
1826.360677
1826.374435
1826.393875
1826.482840
1826.496644
1826.504936
1826.565950
1826.578908
1826.751709
1826.767467
1826.794166
1826.899551
1826.979590
1827.002609
1827.055437
1827.107525
1827.114877
1827.123837
1827.129307
1827.145184
1827.177435
1827.179154
1827.196646
1827.248870
1827.295444
1827.359084
1827.372810
1827.385364
1827.657509
1827.713095
1827.768161
1827.782019
1827.790198
1827.802419
1827.833543
1827.921443
1828.067092
1828.076903
1828.086776
1828.141098
1828.142711
1828.253114
1828.269252
1828.299976
1828.464845
1828.504596
1828.511018
1828.677930
1828.889401
1828.889620
1829.116165
1829.335247
1829.352375
1829.401196
1829.434698
1829.463884
1829.520913
1829.562342
1829.703159
1829.721844
1829.723274
1829.732884
1829.783546
1829.813484
1829.823384
1829.854781
1829.867387
1829.872460
1829.873546
1829.876394
1829.903299
1829.914231
1829.936108
1829.963090
1830.012063
1830.046142
1830.070623
1830.112457
1830.126930
1830.141539
1830.149300
1830.276346
1830.522322
1830.564344
1830.579351
1830.653828
1830.709741
1830.716491
1830.794126
1830.876953
1830.936395
1830.955799
1830.966120
1831.026770
1831.115420
1831.148701
1831.156252
1831.170320
1831.250775
1831.285737
1831.404151
1831.476675
1831.521351
1831.537655
1831.590756
1831.631598
1831.695729
1831.720504
1831.748512
1831.789765
1831.868995
1831.879942
1831.881664
1831.950992
1832.012318
1832.039948
1832.175698
1832.181349
1832.240989
1832.247765
1832.252088
1832.386203
1832.495472
1832.503980
1832.633104
1832.692441
1832.721123
1832.887001
1832.910500
1832.922253
1832.966392
1832.977739
1832.979886
1833.028535
1833.119716
1833.133145
1833.198279
1833.284943
1833.344094
1833.464393
1833.467445
1833.476304
1833.485810
1833.518875
1833.555223
1833.586127
1833.613341
1833.735710
1833.832211
1833.870346
1833.932722
1833.985438
1833.987564
1834.019072
1834.078519
1834.091369
1834.163843
1834.195966
1834.239866
1834.423940
1834.470992
1834.506550
1834.620021
1834.658215
1834.737640
1834.767366
1835.042605
1835.162015
1835.197683
1835.400694
1835.459756
1835.572556
1835.579033
1835.693115
1835.804808
1836.108698
1836.128372
1836.145555
1836.257334
1836.270972
1836.280188
1836.289430
1836.290850
1836.329582
1836.429609
1836.490599
1836.559726
1836.578930
1836.677338
1836.843055
1836.875730
1836.968152
1836.985741
1837.107578
1837.153652
1837.188245
1837.487794
1837.502326
1837.634792
1837.644719
1837.715025
1837.767320
1837.767576
1837.920862
1837.958340
1837.958719
1838.015594
1838.030218
1838.053901
1838.158904
1838.160128
1838.188965
1838.272967
1838.377161
1838.447905
1838.485174
1838.624883
1838.715860
1838.860788
1838.862321
1838.940029
1838.940674
1839.013459
1839.024405
1839.056691
1839.200958
1839.275196
1839.347095
1839.354968
1839.382930
1839.452516
1839.467440
1839.578637
1839.818354
1839.820568
1839.823753
1839.986349
1839.996443
1840.075508
1840.133308
1840.141095
1840.161630
1840.239718
1840.315424
1840.417562
1840.429638
1840.569828
1840.583807
1840.656225
1840.674078
1840.679152
1840.812505
1840.893520
1840.893973
1840.921888
1840.924366
1841.122473
1841.173629
1841.212265
1841.273609
1841.286641
1841.317552
1841.436748
1841.491954
1841.560324
1841.662017
1841.696682
1841.779676
1841.817426
1841.823351
1841.884147
1841.889487
1841.901039
1841.999985
1842.035120
1842.047541
1842.069519
1842.121923
1842.268638
1842.352631
1842.422466
1842.489848
1842.639438
1842.728401
1842.910270
1842.911465
1842.954324
1843.146692
1843.158550
1843.200453
1843.217174
1843.273581
1843.389786
1843.391496
1843.492604
1843.609054
1843.715903
1843.858433
1843.872953
1843.986125
1844.244159
1844.288744
1844.294503
1844.319596
1844.440468
1844.532686
1844.619347
1844.633553
1844.656575
1844.668778
1844.694999
1844.706022
1844.772271
1844.850076
1844.938548
1845.025081
1845.041828
1845.280356
1845.448349
1845.599877
1845.629112
1845.670117
1845.738017
1845.813431
1845.841032
1845.996222
1845.996288
1846.026703
1846.209437
1846.286518
1846.439670
1846.481080
1846.506820
1846.529470
1846.579536
1846.682385
1846.832867
1847.017537
1847.054147
1847.110584
1847.243776
1847.275762
1847.276205
1847.459790
1847.588894
1847.692963
1847.777956
1847.786223
1847.826214
1847.896695
1847.922145
1848.018658
1848.085086
1848.133990
1848.229079
1848.288801
1848.305683
1848.317816
1848.372666
1848.472854
1848.574103
1848.592472
1848.599648
1849.038315
1849.059472
1849.069070
1849.076303
1849.083082
1849.121788
1849.200389
1849.205062
1849.224185
1849.226294
1849.415110
1849.424254
1849.464571
1849.490001
1849.528687
1849.567360
1849.664144
1849.728268
1849.767659
1849.855453
1849.916517
1849.934009
1849.944277
1849.962739
1850.014242
1850.030867
1850.088260
1850.090452
1850.171790
1850.246309
1850.326367
1850.358376
1850.521308
1850.535153
1850.702307
1850.715555
1850.721015
1850.737065
1850.741775
1850.755813
1850.768845
1850.769985
1850.846805
1850.849775
1850.873893
1850.963100
1850.972096
1851.087451
1851.107239
1851.134726
1851.159406
1851.201346
1851.257882
1851.260791
1851.312181
1851.340716
1851.395103
1851.433939
1851.462263
1851.469479
1851.522826
1851.539535
1851.586717
1851.600944
1851.601203
1851.640878
1851.649998
1851.680732
1851.765072
1851.815930
1851.865059
1851.875626
1851.895777
1851.943640
1852.087586
1852.110995
1852.167748
1852.179178
1852.303031
1852.356442
1852.371270
1852.488643
1852.491922
1852.630769
1852.650157
1852.662305
1852.788091
1852.916415
1852.916971
1852.925259
1852.944619
1852.966797
1852.997359
1853.048533
1853.273912
1853.286425
1853.323458
1853.363854
1853.415819
1853.557885
1853.662471
1853.694131
1853.757317
1853.803868
1853.891022
1853.931129
1854.000453
1854.095902
1854.119091
1854.122853
1854.169396
1854.178325
1854.253271
1854.256371
1854.504538
1854.546882
1854.563448
1854.599468
1854.602897
1854.612427
1854.672114
1854.925661
1855.016293
1855.042990
1855.103387
1855.114454
1855.353496
1855.461775
1855.485202
1855.553599
1855.574496
1855.590016
1855.606512
1855.653493
1855.677464
1855.699016
1855.728137
1855.757287
1855.771356
1855.773141
1855.823881
1855.827868
1855.846352
1855.947492
1855.955917
1856.027369
1856.216311
1856.221553
1856.256377
1856.263977
1856.308045
1856.322413
1856.383662
1856.465039
1856.482927
1856.509103
1856.509168
1856.610851
1856.733050
1856.941082
1857.046830
1857.336020
1857.366997
1857.370248
1857.416581
1857.506930
1857.562957
1857.576812
1857.644554
1857.708478
1857.914071
1857.925663
1857.982329
1858.002170
1858.020147
1858.049792
1858.101889
1858.189759
1858.192877
1858.356367
1858.430759
1858.475177
1858.503871
1858.513545
1858.555755
1858.668678
1858.748778
1858.890072
1859.025103
1859.049867
1859.079359
1859.098317
1859.105264
1859.235241
1859.315745
1859.327013
1859.452542
1859.479027
1859.609021
1859.618228
1859.642789
1859.722467
1859.722539
1859.765875
1859.806659
1859.988894
1860.059348
1860.065203
1860.096193
1860.155873
1860.237927
1860.242432
1860.300546
1860.313972
1860.315350
1860.485937
1860.542638
1860.544245
1860.547552
1860.601059
1860.725161
1860.750164
1860.864640
1860.919201
1861.025900
1861.143999
1861.149021
1861.155284
1861.182067
1861.244440
1861.250357
1861.358833
1861.381242
1861.414438
1861.492825
1861.609204
1861.647831
1861.757932
1861.827976
1861.856294
1861.899874
1861.929430
1862.128765
1862.170489
1862.211352
1862.302067
1862.319086
1862.362245
1862.427747
1862.455089
1862.470651
1862.629928
1862.649850
1862.702259
1862.763386
1862.771835
1862.783532
1862.930128
1863.008102
1863.115482
1863.151394
1863.182858
1863.245079
1863.262571
1863.275825
1863.319016
1863.412338
1863.441602
1863.515179
1863.590940
1863.807955
1863.838347
1863.842438
1863.924989
1863.955650
1863.980844
1863.984118
1863.992502
1864.006117
1864.019720
1864.056859
1864.085526
1864.094004
1864.141452
1864.170939
1864.224520
1864.227333
1864.230083
1864.301650
1864.305413
1864.310754
1864.325424
1864.329551
1864.403141
1864.448578
1864.466968
1864.486702
1864.495912
1864.581663
1864.585444
1864.660555
1864.673851
1864.751153
1864.809976
1864.946104
1864.981203
1865.049289
1865.103746
1865.122693
1865.143717
1865.284828
1865.592568
1865.614402
1865.729073
1865.744196
1865.768880
1865.784277
1865.801321
1865.823859
1865.836932
1865.842756
1865.842809
1866.140962
1866.170437
1866.186960
1866.252047
1866.254298
1866.262128
1866.282012
1866.298177
1866.560296
1866.585074
1866.598753
1866.688985
1866.707775
1866.827746
1866.852277
1866.973153
1867.228994
1867.270017
1867.273024
1867.316102
1867.321486
1867.568407
1867.600012
1867.684858
1867.703235
1867.732864
1867.865138
1867.874213
1867.904373
1867.941892
1867.948709
1867.961359
1868.030501
1868.038459
1868.137485
1868.144209
1868.303234
1868.310667
1868.486684
1868.500138
1868.538967
1868.751795
1868.792407
1868.804119
1868.930574
1868.952434
1868.995575
1869.086091
1869.086482
1869.093887
1869.114824
1869.130659
1869.146085
1869.156748
1869.278880
1869.341066
1869.361867
1869.374319
1869.394518
1869.444157
1869.485992
1869.504647
1869.582374
1869.623055
1869.695646
1869.719012
1869.719939
1869.822618
1869.877708
1870.012435
1870.026844
1870.062310
1870.125706
1870.282741
1870.288552
1870.401648
1870.426157
1870.445408
1870.496682
1870.510117
1870.843393
1870.882341
1870.927169
1870.948405
1870.980292
1870.998231
1870.999294
1871.058819
1871.090348
1871.113611
1871.282707
1871.418388
1871.499959
1871.650597
1871.686932
1871.841969
1871.872133
1871.900847
1871.964509
1872.166015
1872.243251
1872.359867
1872.375715
1872.382301
1872.462750
1872.497165
1872.501702
1872.502926
1872.529627
1872.618479
1872.794561
1872.955713
1873.023018
1873.032355
1873.139646
1873.156232
1873.188865
1873.209839
1873.240838
1873.246671
1873.290035
1873.391011
1873.397132
1873.529076
1873.552123
1873.685203
1873.747356
1873.789210
1873.810512
1873.947504
1874.009394
1874.183718
1874.364706
1874.364783
1874.411526
1874.416130
1874.426963
1874.592588
1874.616719
1874.764222
1874.821010
1874.915898
1874.967310
1875.023531
1875.196289
1875.233028
1875.257895
1875.303313
1875.340519
1875.359991
1875.424949
1875.433581
1875.458577
1875.462531
1875.464703
1875.470923
1875.528127
1875.602883
1875.607871
1875.626783
1875.660476
1875.677524
1875.777592
1875.823415
1875.841122
1875.854288
1875.904821
1875.913032
1875.969186
1876.010328
1876.069331
1876.192043
1876.220133
1876.231621
1876.305079
1876.373348
1876.432467
1876.680460
1876.729494
1876.826463
1876.853455
1876.899764
1876.957124
1877.027352
1877.126001
1877.130547
1877.251433
1877.283290
1877.379249
1877.396054
1877.470605
1877.838778
1877.867393
1877.923190
1878.046511
1878.054532
1878.124023
1878.142126
1878.164034
1878.329843
1878.396652
1878.437874
1878.540874
1878.549319
1878.569052
1878.594066
1878.648265
1878.668193
1878.681257
1878.777835
1878.813068
1878.825066
1878.875868
1878.945805
1879.125272
1879.151845
1879.167869
1879.183116
1879.263860
1879.314458
1879.340961
1879.358245
1879.406725
1879.414903
1879.464664
1879.467238
1879.527896
1879.596202
1879.672469
1879.717275
1879.769019
1879.800840
1879.815012
1879.922265
1880.007396
1880.057540
1880.104011
1880.371125
1880.377864
1880.443112
1880.585110
1880.611058
1880.650998
1880.672491
1880.742800
1880.796074
1880.805482
1880.944714
1881.020810
1881.024102
1881.076750
1881.092945
1881.157318
1881.184559
1881.249248
1881.362201
1881.429230
1881.537915
1881.544138
1881.563333
1881.568277
1881.571307
1881.679131
1881.680501
1881.712621
1881.728418
1881.854843
1881.956739
1881.965529
1881.978444
1882.001163
1882.020245
1882.044833
1882.056140
1882.082538
1882.127772
1882.167358
1882.175677
1882.175791
1882.195047
1882.276484
1882.297740
1882.316060
1882.437987
1882.509752
1882.522874
1882.626524
1882.911617
1883.016727
1883.133198
1883.153853
1883.180586
1883.351584
1883.416186
1883.418097
1883.636709
1883.682294
1883.785182
1883.844218
1883.868905
1883.922236
1883.981048
1883.994657
1884.068965
1884.181989
1884.270142
1884.299886
1884.351687
1884.385048
1884.501888
1884.591665
1884.823291
1884.842328
1885.035228
1885.166166
1885.244095
1885.259786
1885.333833
1885.343935
1885.387382
1885.393299
1885.425570
1885.461504
1885.491963
1885.621998
1885.658244
1885.801757
1885.802157
1885.864045
1885.949662
1885.967754
1886.003083
1886.010081
1886.184211
1886.185307
1886.248829
1886.267573
1886.269258
1886.403874
1886.470173
1886.478278
1886.485088
1886.557459
1886.561928
1886.609706
1886.625522
1886.653342
1886.889086
1886.948464
1886.996874
1886.999082
1887.027143
1887.104992
1887.170978
1887.185739
1887.192107
1887.258140
1887.259061
1887.277014
1887.350939
1887.491035
1887.502838
1887.503976
1887.537621
1887.587801
1887.621314
1887.654670
1887.820885
1887.847556
1887.906907
1888.004999
1888.015896
1888.100506
1888.108433
1888.143212
1888.198654
1888.283324
1888.547992
1888.581887
1888.585073
1888.601770
1888.611348
1888.623636
1888.628610
1888.680709
1888.708406
1888.736200
1888.754454
1888.844044
1888.928148
1888.994163
1889.007107
1889.051784
1889.140105
1889.158187
1889.166882
1889.197921
1889.216492
1889.216740
1889.444902
1889.523276
1889.769705
1889.813127
1889.872116
1889.962010
1889.981320
1890.000675
1890.079705
1890.091297
1890.151689
1890.171707
1890.231456
1890.337750
1890.354381
1890.590668
1890.839948
1890.857020
1890.920269
1891.036985
1891.050559
1891.284374
1891.418427
1891.433491
1891.437251
1891.476921
1891.531829
1891.605814
1891.621742
1891.835808
1891.842268
1891.948968
1892.001537
1892.042635
1892.100509
1892.310504
1892.322360
1892.330309
1892.386287
1892.462253
1892.584646
1892.601250
1892.648457
1892.669934
1892.674788
1892.731552
1892.733358
1892.733577
1892.735728
1892.755914
1892.782956
1892.808890
1892.810537
1892.848149
1892.984274
1893.057829
1893.095889
1893.116494
1893.161716
1893.177559
1893.225676
1893.337277
1893.404375
1893.525752
1893.600877
1893.687668
1893.711589
1893.779205
1893.814805
1893.825651
1893.846570
1893.924560
1893.967795
1894.076439
1894.146974
1894.159254
1894.167812
1894.239670
1894.306465
1894.320774
1894.320932
1894.450745
1894.500071
1894.635449
1894.691687
1894.782887
1894.819119
1894.887569
1894.926114
1895.185782
1895.206894
1895.256546
1895.286947
1895.413160
1895.443491
1895.599047
1895.689420
1895.698391
1895.699601
1895.807280
1896.033307
1896.180535
1896.209675
1896.214969
1896.242726
1896.302724
1896.325092
1896.357973
1896.428155
1896.503976
1896.505520
1896.609095
1896.648332
1896.674303
1896.697603
1896.717058
1896.760918
1896.762202
1896.877264
1896.886824
1896.902817
1896.958872
1896.972649
1896.996815
1897.098082
1897.229165
1897.243657
1897.251216
1897.343861
1897.421110
1897.444679
1897.454984
1897.571026
1897.659501
1897.850075
1897.897270
1897.931435
1897.961465
1897.963989
1897.970338
1898.016987
1898.068164
1898.073871
1898.248137
1898.285671
1898.309605
1898.356699
1898.381632
1898.427779
1898.457569
1898.479916
1898.505702
1898.532747
1898.544994
1898.610040
1898.628980
1898.666623
1898.717635
1898.723315
1898.748725
1898.892235
1898.897284
1898.911289
1898.984226
1898.993869
1899.041880
1899.070109
1899.076558
1899.168127
1899.222224
1899.311058
1899.375868
1899.426150
1899.496956
1899.600333
1899.600963
1899.605879
1899.649491
1899.677612
1899.706273
1899.918437
1899.956602
1900.027148
1900.044906
1900.068571
1900.077895
1900.224581
1900.227042
1900.261068
1900.318734
1900.370937
1900.446966
1900.578136
1900.627499
1900.651882
1900.653584
1900.714596
1900.815683
1900.880557
1900.882045
1900.893419
1900.975308
1901.002842
1901.117215
1901.130779
1901.194977
1901.348136
1901.395891
1901.407864
1901.444334
1901.484849
1901.494961
1901.512548
1901.530267
1901.565012
1901.652157
1901.662659
1901.673436
1901.675925
1901.718346
1901.836664
1901.886477
1901.919434
1901.976764
1902.066945
1902.078906
1902.164604
1902.317547
1902.483661
1902.496168
1902.533825
1902.583614
1902.671610
1902.684518
1902.717185
1902.738638
1902.833159
1902.950730
1902.992167
1903.132397
1903.135469
1903.154539
1903.155751
1903.172555
1903.240061
1903.266118
1903.270735
1903.357934
1903.365192
1903.422981
1903.478245
1903.588838
1903.636155
1903.683798
1903.713034
1903.752502
1903.777379
1903.832004
1903.861086
1904.105505
1904.125333
1904.135012
1904.194583
1904.273175
1904.286367
1904.347376
1904.414826
1904.502463
1904.638275
1904.646219
1904.649537
1904.699997
1904.762491
1904.874967
1904.945043
1904.998768
1905.147090
1905.169089
1905.169872
1905.210763
1905.236485
1905.352052
1905.533290
1905.533802
1905.546615
1905.705408
1905.868639
1905.975683
1905.975731
1906.083699
1906.343512
1906.405895
1906.434987
1906.438822
1906.490583
1906.594500
1906.630885
1906.654072
1906.657543
1906.770850
1906.842859
1906.870581
1906.899090
1906.976573
1907.096148
1907.119012
1907.314272
1907.432453
1907.525216
1907.553164
1907.562003
1907.573325
1907.637491
1907.823631
1907.839297
1907.846617
1907.917419
1907.942892
1907.963858
1908.040503
1908.132316
1908.133875
1908.297581
1908.457610
1908.491882
1908.742596
1908.743760
1908.760742
1908.777836
1908.801325
1908.821727
1908.892307
1908.951495
1908.973805
1909.012224
1909.049829
1909.064650
1909.126943
1909.311574
1909.317691
1909.319366
1909.329085
1909.377243
1909.425822
1909.439428
1909.679885
1909.740977
1909.804136
1909.891332
1909.956127
1910.101397
1910.153650
1910.158137
1910.282820
1910.297097
1910.316335
1910.372723
1910.390179
1910.407210
1910.468739
1910.770570
1910.803649
1910.805045
1910.900035
1911.017180
1911.045242
1911.123403
1911.156219
1911.229056
1911.242985
1911.259855
1911.344880
1911.362017
1911.372783
1911.402411
1911.477571
1911.505328
1911.524183
1911.544664
1911.706113
1911.795480
1911.798605
1911.843248
1911.873869
1911.896228
1911.899072
1912.104829
1912.164829
1912.223290
1912.293347
1912.316192
1912.376323
1912.453155
1912.453569
1912.498603
1912.515724
1912.531787
1912.569169
1912.585495
1912.591956
1912.616520
1912.648176
1912.720244
1912.849865
1912.854651
1912.888974
1913.067610
1913.194489
1913.213301
1913.255527
1913.262888
1913.552242
1913.774139
1913.849025
1913.862482
1913.876333
1914.134137
1914.136781
1914.236307
1914.276299
1914.290296
1914.391388
1914.414432
1914.513362
1914.651245
1914.678905
1914.723686
1914.734413
1914.856690
1914.936162
1914.988651
1915.062238
1915.316354
1915.445113
1915.518997
1915.523681
1915.561817
1915.728651
1915.736988
1915.752100
1915.943135
1915.950601
1915.969340
1915.991335
1916.004009
1916.073884
1916.078483
1916.101953
1916.133281
1916.157513
1916.173541
1916.189633
1916.218764
1916.240420
1916.332149
1916.363327
1916.540886
1916.553368
1916.583902
1916.668732
1916.691788
1916.701209
1916.823802
1917.019215
1917.029087
1917.131656
1917.203834
1917.217411
1917.240264
1917.247902
1917.303946
1917.312415
1917.322312
1917.412843
1917.624517
1917.629038
1917.632258
1917.639677
1917.689212
1917.691625
1917.755113
1917.809834
1917.834630
1917.919734
1918.081453
1918.185468
1918.192704
1918.326880
1918.450706
1918.504957
1918.611287
1918.786623
1918.870376
1918.972242
1919.040160
1919.050380
1919.081544
1919.167559
1919.189900
1919.191166
1919.216935
1919.220435
1919.248831
1919.354591
1919.367097
1919.371750
1919.383882
1919.396383
1919.516118
1919.536773
1919.546481
1919.593760
1919.655925
1919.869711
1919.982595
1920.001337
1920.013767
1920.074800
1920.201616
1920.237048
1920.299921
1920.342084
1920.373595
1920.389560
1920.450897
1920.515145
1920.587414
1920.623694
1920.630068
1920.670856
1920.670992
1920.695823
1920.860813
1920.868569
1920.875101
1920.923884
1920.930966
1920.947284
1921.010014
1921.012968
1921.036937
1921.097712
1921.158904
1921.277227
1921.489800
1921.700892
1921.774325
1921.846770
1921.863215
1921.867702
1921.953272
1921.956104
1922.004459
1922.161990
1922.169461
1922.210010
1922.270530
1922.350199
1922.457081
1922.547119
1922.562976
1922.578855
1922.607459
1922.638364
1922.645205
1922.659527
1922.755526
1922.758285
1922.905261
1922.951917
1923.014103
1923.037110
1923.116217
1923.116752
1923.118141
1923.172192
1923.227262
1923.338591
1923.363022
1923.373226
1923.391887
1923.432066
1923.631479
1923.632905
1923.762326
1923.828955
1923.853124
1923.897409
1924.024331
1924.024569
1924.064149
1924.087037
1924.160232
1924.190001
1924.224724
1924.258265
1924.327421
1924.502283
1924.515056
1924.517376
1924.539801
1924.578943
1924.625053
1924.805008
1924.816582
1924.828701
1924.918601
1924.920554
1925.040804
1925.060825
1925.160839
1925.194846
1925.203748
1925.243463
1925.283207
1925.312894
1925.314656
1925.318984
1925.338020
1925.431680
1925.563985
1925.578758
1925.620934
1925.700406
1925.705670
1925.764860
1925.891061
1925.965290
1926.008654
1926.032045
1926.161397
1926.205928
1926.217065
1926.664505
1926.666923
1926.879731
1926.911928
1926.973908
1926.990837
1927.120688
1927.151833
1927.264361
1927.304707
1927.396428
1927.433341
1927.470746
1927.532467
1927.564551
1927.604226
1927.634029
1927.649447
1927.720951
1927.725800
1927.737124
1927.769839
1927.781553
1927.806177
1927.874609
1927.875579
1927.893843
1927.964891
1928.036559
1928.039143
1928.111519
1928.111856
1928.151020
1928.156154
1928.164837
1928.209789
1928.306821
1928.373134
1928.421525
1928.429405
1928.460291
1928.494977
1928.600812
1928.629619
1928.668720
1928.684806
1928.727597
1928.760894
1928.768810
1928.930555
1929.018969
1929.213620
1929.314876
1929.319048
1929.323830
1929.357090
1929.411423
1929.439135
1929.472105
1929.485369
1929.504153
1929.508304
1929.522891
1929.596727
1929.659315
1929.695898
1929.726334
1929.726814
1929.728044
1929.890759
1929.913063
1929.921094
1929.939303
1929.984558
1930.025307
1930.074992
1930.130024
1930.186279
1930.298042
1930.299237
1930.307561
1930.420802
1930.434821
1930.455491
1930.485932
1930.618472
1930.690791
1930.709341
1930.738502
1930.837134
1930.927408
1930.988477
1931.083306
1931.137164
1931.203307
1931.303815
1931.332650
1931.400597
1931.432649
1931.512756
1931.594964
1931.638450
1931.651737
1931.840214
1931.847245
1931.848517
1931.909515
1931.964977
1932.060517
1932.164313
1932.190324
1932.212006
1932.450217
1932.450824
1932.545261
1932.551377
1932.580690
1932.665135
1932.678212
1932.685119
1932.726763
1932.780015
1932.883893
1932.897677
1932.939057
1932.978992
1932.987471
1933.037884
1933.047243
1933.118691
1933.122128
1933.309588
1933.434085
1933.558873
1933.593564
1933.638275
1934.017930
1934.066653
1934.091145
1934.171386
1934.186708
1934.242593
1934.252245
1934.271957
1934.366748
1934.477500
1934.490614
1934.548444
1934.609378
1934.707938
1934.721606
1934.722175
1934.841265
1934.883541
1934.918947
1934.921006
1934.964944
1934.978731
1934.991010
1935.075079
1935.126804
1935.153184
1935.204793
1935.205000
1935.252765
1935.267891
1935.268090
1935.434645
1935.501026
1935.573334
1935.703413
1935.708408
1935.793904
1935.930111
1935.959959
1936.020580
1936.032961
1936.054224
1936.085200
1936.275964
1936.292078
1936.307292
1936.319494
1936.399506
1936.524727
1936.578764
1936.587839
1936.635603
1936.642145
1936.898091
1936.911168
1936.998966
1937.093545
1937.176805
1937.181357
1937.224064
1937.434470
1937.551722
1937.635607
1937.680085
1937.865968
1937.900400
1937.902078
1937.919835
1937.973785
1938.009475
1938.094860
1938.114053
1938.301737
1938.446125
1938.502532
1938.512417
1938.552265
1938.564466
1938.857427
1938.868335
1938.906725
1938.938162
1938.952902
1938.963549
1939.044539
1939.083909
1939.085694
1939.103506
1939.124855
1939.239245
1939.258924
1939.265262
1939.314580
1939.565375
1939.594007
1939.894206
1939.903809
1940.144706
1940.155387
1940.158738
1940.164957
1940.222242
1940.223621
1940.229201
1940.377924
1940.399474
1940.522085
1940.553797
1940.588666
1940.594882
1940.634441
1940.700260
1940.744605
1940.757613
1940.878678
1940.878708
1940.892850
1940.901197
1940.933657
1940.954198
1940.955506
1940.966429
1940.967388
1941.032049
1941.032700
1941.128838
1941.137089
1941.155751
1941.179198
1941.214416
1941.330876
1941.385192
1941.488272
1941.542617
1941.641986
1941.645322
1941.714520
1941.732344
1941.932029
1941.938991
1941.946513
1941.979911
1942.101654
1942.115775
1942.363299
1942.372223
1942.377941
1942.391876
1942.461939
1942.500492
1942.515206
1942.571736
1942.575881
1942.581992
1942.586648
1942.598490
1942.705471
1942.748945
1942.774366
1942.790120
1942.791231
1942.842550
1942.942913
1943.167106
1943.167174
1943.171181
1943.516200
1943.693570
1943.874997
1943.884060
1944.018200
1944.039833
1944.119321
1944.124140
1944.186168
1944.186828
1944.197096
1944.210732
1944.218796
1944.234587
1944.313934
1944.355159
1944.539424
1944.565505
1944.672314
1944.810274
1944.881897
1944.908116
1945.001208
1945.015665
1945.067902
1945.083842
1945.106853
1945.145825
1945.237401
1945.301668
1945.379959
1945.388198
1945.407452
1945.415694
1945.452750
1945.473843
1945.550150
1945.726712
1945.731733
1945.908795
1945.978851
1946.036125
1946.083514
1946.148027
1946.166965
1946.188356
1946.222030
1946.231661
1946.276322
1946.304457
1946.372331
1946.562938
1946.672255
1946.839754
1946.986889
1947.124368
1947.146274
1947.208710
1947.341173
1947.347379
1947.361044
1947.366771
1947.438980
1947.560539
1947.714519
1947.794048
1947.837267
1947.854092
1947.856738
1947.943651
1947.958087
1948.000137
1948.016843
1948.041705
1948.242289
1948.320766
1948.355460
1948.399277
1948.441741
1948.456736
1948.519086
1948.549825
1948.555992
1948.626626
1948.656761
1948.669827
1948.911077
1948.950128
1949.098849
1949.130952
1949.196874
1949.242885
1949.249199
1949.459290
1949.567434
1949.750660
1949.831684
1949.952451
1950.024455
1950.030565
1950.094773
1950.118196
1950.139893
1950.209281
1950.222926
1950.314878
1950.443475
1950.523541
1950.524821
1950.562871
1950.568265
1950.595924
1950.724480
1950.766808
1950.769745
1950.772486
1950.785117
1950.877052
1950.936016
1951.057029
1951.118194
1951.130295
1951.177073
1951.225825
1951.230280
1951.312397
1951.321323
1951.338998
1951.353188
1951.353696
1951.403593
1951.526672
1951.598982
1951.673294
1951.715485
1951.742318
1951.754343
1951.811343
1951.834995
1951.883018
1952.022211
1952.139239
1952.162594
1952.172246
1952.251175
1952.297491
1952.325776
1952.466858
1952.504638
1952.505016
1952.538091
1952.567458
1952.577558
1952.590680
1952.766200
1952.770967
1952.771755
1952.867858
1952.868763
1952.882777
1953.105412
1953.192707
1953.234905
1953.244245
1953.250014
1953.264841
1953.374619
1953.411000
1953.454970
1953.532548
1953.581260
1953.609169
1953.610404
1953.620943
1953.668764
1953.724810
1953.727148
1953.746433
1953.769976
1953.893998
1953.899784
1953.966733
1954.013229
1954.028191
1954.118957
1954.282831
1954.288188
1954.297926
1954.468081
1954.705928
1954.767936
1954.800030
1954.803261
1954.824796
1954.844161
1954.855013
1954.949091
1955.024370
1955.042286
1955.095663
1955.098409
1955.298517
1955.326246
1955.470842
1955.485192
1955.588007
1955.638619
1955.639813
1955.654539
1955.828788
1955.830964
1955.858204
1955.960143
1955.990722
1956.048659
1956.101399
1956.184309
1956.185225
1956.230595
1956.283837
1956.369321
1956.426054
1956.515962
1956.751428
1956.905703
1957.001933
1957.015284
1957.081361
1957.210506
1957.284208
1957.334702
1957.364643
1957.379122
1957.412127
1957.433582
1957.493291
1957.796662
1957.834655
1957.925264
1957.993723
1958.058339
1958.091320
1958.135645
1958.176931
1958.221509
1958.392934
1958.409739
1958.445548
1958.534963
1958.634705
1958.697341
1958.736457
1958.773736
1958.830532
1958.878241
1959.029163
1959.104922
1959.136810
1959.163621
1959.203221
1959.377192
1959.395503
1959.400478
1959.437323
1959.439375
1959.439941
1959.451228
1959.497062
1959.503164
1959.508301
1959.558444
1959.713151
1959.764182
1959.805417
1959.856559
1959.880902
1959.920181
1959.921607
1959.990947
1960.012302
1960.034490
1960.060950
1960.244276
1960.265809
1960.326108
1960.461748
1960.661667
1960.732847
1960.770384
1960.790967
1960.864448
1960.940207
1960.954779
1961.004430
1961.029064
1961.060913
1961.098522
1961.180892
1961.227846
1961.301894
1961.449793
1961.573141
1961.655955
1961.788451
1961.812740
1961.823697
1962.113069
1962.160400
1962.204598
1962.255867
1962.296435
1962.310030
1962.368035
1962.413986
1962.432936
1962.511668
1962.537725
1962.614357
1962.656395
1962.844944
1962.850820
1962.864296
1962.867157
1962.932720
1962.972092
1963.058018
1963.063983
1963.075010
1963.163371
1963.306507
1963.412838
1963.450427
1963.472746
1963.486522
1963.514888
1963.611361
1963.633625
1963.758095
1963.912427
1963.942276
1963.975211
1964.087578
1964.125956
1964.165226
1964.240002
1964.265115
1964.349058
1964.419864
1964.456509
1964.485586
1964.528950
1964.547187
1964.550690
1964.579364
1964.586485
1964.797679
1964.800508
1964.892640
1964.933099
1965.113389
1965.203148
1965.329248
1965.337768
1965.352450
1965.409434
1965.468503
1965.470667
1965.628217
1965.656522
1965.696659
1965.823991
1965.832293
1965.832851
1965.863248
1965.922452
1965.936169
1965.953258
1965.954808
1965.986503
1966.054899
1966.100762
1966.157749
1966.246010
1966.276933
1966.309540
1966.328763
1966.382980
1966.456676
1966.459583
1966.489129
1966.621183
1966.674901
1966.843498
1966.847626
1966.857307
1966.889610
1966.918259
1966.923763
1966.969696
1967.059462
1967.096701
1967.102357
1967.133411
1967.218675
1967.244230
1967.273508
1967.319326
1967.408416
1967.421005
1967.456244
1967.594544
1967.768932
1967.771913
1967.805180
1967.876422
1967.885005
1967.917941
1967.946027
1967.960638
1967.965788
1968.137015
1968.288831
1968.293743
1968.488734
1968.600219
1968.610610
1968.617446
1968.741961
1968.763411
1968.819105
1968.845125
1969.029459
1969.094302
1969.136535
1969.247817
1969.249477
1969.249732
1969.258734
1969.326120
1969.355960
1969.390671
1969.437033
1969.440893
1969.465657
1969.471228
1969.473280
1969.497447
1969.529452
1969.549381
1969.659778
1969.721199
1969.737088
1969.743965
1969.952909
1969.953347
1970.449602
1970.546454
1970.604543
1970.633788
1970.657544
1970.715372
1970.716338
1970.919813
1970.920180
1970.972404
1971.010881
1971.027105
1971.059890
1971.199987
1971.205841
1971.227401
1971.295900
1971.364890
1971.433928
1971.448046
1971.742360
1971.748757
1971.824471
1971.853858
1971.992438
1972.052583
1972.085097
1972.092045
1972.132528
1972.134110
1972.290031
1972.337753
1972.460048
1972.468835
1972.519774
1972.672806
1972.725648
1972.832237
1972.876843
1972.880624
1972.891728
1972.919985
1972.927216
1973.006500
1973.226498
1973.272919
1973.302714
1973.379587
1973.414177
1973.484951
1973.525741
1973.569993
1973.664894
1973.687253
1973.792577
1973.794329
1973.856894
1973.929433
1973.989911
1974.032310
1974.078152
1974.135856
1974.140703
1974.159586
1974.205748
1974.213950
1974.256476
1974.341362
1974.440394
1974.570134
1974.620426
1974.664791
1974.703527
1974.709577
1974.762531
1974.819852
1974.953965
1974.961463
1975.071419
1975.284818
1975.340481
1975.370082
1975.449764
1975.559620
1975.608896
1975.658689
1975.830422
1975.850116
1976.014017
1976.028532
1976.072514
1976.104698
1976.112324
1976.169690
1976.229857
1976.334050
1976.397084
1976.410675
1976.431822
1976.442342
1976.487077
1976.539604
1976.567500
1976.584184
1976.585511
1976.645224
1976.655598
1976.737863
1976.754301
1976.838909
1976.879992
1976.893704
1976.980880
1977.030099
1977.132597
1977.176854
1977.262622
1977.304629
1977.378304
1977.461037
1977.549904
1977.735769
1977.750781
1977.785311
1977.886031
1977.887146
1977.899757
1977.915718
1978.035374
1978.103503
1978.146139
1978.278789
1978.294490
1978.410700
1978.546242
1978.582026
1978.586461
1978.613031
1978.645401
1978.652822
1978.658784
1978.673307
1978.746356
1978.802855
1978.861041
1979.008773
1979.092681
1979.258716
1979.275311
1979.507774
1979.533780
1979.556673
1979.592053
1979.613048
1979.617749
1979.841165
1979.864747
1979.869566
1980.025915
1980.111746
1980.128782
1980.196492
1980.214271
1980.216846
1980.245313
1980.268535
1980.434532
1980.646242
1980.676626
1980.791436
1980.796346
1980.801652
1980.829256
1980.897340
1981.025613
1981.075836
1981.081838
1981.150677
1981.187797
1981.286227
1981.288987
1981.325428
1981.424094
1981.462765
1981.475065
1981.531830
1981.636863
1981.662044
1981.668975
1981.699067
1981.726916
1981.741315
1981.757650
1981.819857
1981.880667
1981.983984
1982.010898
1982.091056
1982.195333
1982.355367
1982.410241
1982.410611
1982.431480
1982.503716
1982.562600
1982.570782
1982.637572
1982.655520
1982.674543
1982.712054
1982.716441
1982.764603
1982.798431
1982.857556
1982.922143
1982.957932
1982.996808
1983.028531
1983.087940
1983.168282
1983.195638
1983.427778
1983.448929
1983.451580
1983.453849
1983.466702
1983.497369
1983.497998
1983.550835
1983.581825
1983.697185
1983.725676
1983.740575
1983.788987
1983.821111
1983.841211
1983.917637
1984.013342
1984.017065
1984.031204
1984.052794
1984.059100
1984.126986
1984.148285
1984.196828
1984.235269
1984.284236
1984.325985
1984.368452
1984.424209
1984.491302
1984.541748
1984.557151
1984.633551
1984.637223
1984.671258
1984.747790
1984.817682
1984.869204
1984.869718
1985.010258
1985.071177
1985.215240
1985.531911
1985.566360
1985.609375
1985.887628
1985.971741
1986.053773
1986.141572
1986.144005
1986.292856
1986.368572
1986.412827
1986.454060
1986.498590
1986.558743
1986.582122
1986.781236
1986.833521
1986.856326
1986.891767
1986.926656
1986.929998
1986.935640
1986.987655
1987.091103
1987.104641
1987.131461
1987.159387
1987.280724
1987.367443
1987.423272
1987.480858
1987.504137
1987.557983
1987.561502
1987.677430
1987.743139
1987.797088
1987.839128
1987.878867
1987.945501
1988.016634
1988.035685
1988.089945
1988.093089
1988.114107
1988.123803
1988.229026
1988.258764
1988.352612
1988.420399
1988.427551
1988.610466
1988.696353
1988.705778
1988.806123
1988.814356
1988.924261
1988.930507
1989.037903
1989.401386
1989.607093
1989.736030
1989.789027
1989.864571
1989.937695
1989.940509
1990.004213
1990.019135
1990.020500
1990.072382
1990.076910
1990.079779
1990.135965
1990.139925
1990.278253
1990.289437
1990.311353
1990.351079
1990.482027
1990.616089
1990.707277
1990.715794
1990.995431
1991.021238
1991.037596
1991.053624
1991.150637
1991.183130
1991.204953
1991.413711
1991.425760
1991.670131
1991.689003
1991.818622
1991.831102
1991.879257
1992.139822
1992.251093
1992.275071
1992.289982
1992.306696
1992.336604
1992.442727
1992.683345
1992.869620
1992.935165
1992.964361
1993.076403
1993.113693
1993.122831
1993.219034
1993.275880
1993.387309
1993.407670
1993.578941
1993.589442
1993.724504
1993.764512
1993.805809
1993.845681
1993.887995
1993.925033
1993.951851
1994.116705
1994.254397
1994.266736
1994.353262
1994.364230
1994.412496
1994.428064
1994.517323
1994.528163
1994.531505
1994.576803
1994.831718
1994.893075
1994.913651
1995.067634
1995.163296
1995.199952
1995.204815
1995.307921
1995.562046
1995.785453
1995.850662
1995.872200
1995.884869
1995.900926
1995.913591
1995.943836
1995.952972
1995.974327
1996.095879
1996.190341
1996.190432
1996.253390
1996.275573
1996.282303
1996.311392
1996.418943
1996.482168
1996.537173
1996.542867
1996.647810
1996.648897
1996.672380
1996.675951
1996.727923
1996.790568
1996.801070
1996.820795
1996.963281
1997.037281
1997.052252
1997.137505
1997.189231
1997.289118
1997.454393
1997.460604
1997.486821
1997.542957
1997.550646
1997.577344
1997.623707
1997.651000
1997.723442
1997.781271
1997.963707
1998.096129
1998.143159
1998.183575
1998.195171
1998.205417
1998.261280
1998.306501
1998.333529
1998.371149
1998.379302
1998.459748
1998.532975
1998.620710
1998.748332
1998.841480
1998.915326
1998.934004
1999.041705
1999.107270
1999.116606
1999.246310
1999.327215
1999.365214
1999.425421
1999.695580
1999.731967
1999.765519
1999.875599
1999.977431
2000.084497
2000.162049
2000.184103
2000.258181
2000.275088
2000.281814
2000.312193
2000.474014
2000.527988
2000.859623
2000.883089
2000.928637
2001.002978
2001.028143
2001.031989
2001.096396
2001.195037
2001.214385
2001.257525
2001.296859
2001.327435
2001.429300
2001.435503
2001.474228
2001.482865
2001.618066
2001.821426
2001.821457
2001.830223
2001.917477
2001.987317
2002.004394
2002.011837
2002.061618
2002.063795
2002.069873
2002.074951
2002.136304
2002.206180
2002.347139
2002.401041
2002.410371
2002.528011
2002.547473
2002.620784
2002.646519
2002.674103
2002.928574
2002.942229
2002.961200
2003.087337
2003.222096
2003.258758
2003.309172
2003.321927
2003.343047
2003.359104
2003.368185
2003.417954
2003.436778
2003.467452
2003.474889
2003.487610
2003.515132
2003.542632
2003.598982
2003.622029
2003.626550
2003.656390
2003.669534
2003.706522
2003.749420
2003.755011
2003.765845
2003.817800
2003.822291
2003.836892
2003.851547
2003.867994
2004.145292
2004.155748
2004.166760
2004.258343
2004.261792
2004.264483
2004.353892
2004.547703
2004.627135
2004.631060
2004.637833
2004.693308
2004.913846
2005.011441
2005.066884
2005.560330
2005.582749
2005.713965
2005.715653
2005.799110
2005.830699
2005.834321
2005.882208
2005.889715
2006.020957
2006.043424
2006.173576
2006.192835
2006.199189
2006.213138
2006.238146
2006.256314
2006.392770
2006.551152
2006.572904
2006.673306
2006.714443
2006.750304
2006.756368
2006.772784
2006.793290
2006.794686
2006.801342
2007.014295
2007.080154
2007.255647
2007.349559
2007.588016
2007.646501
2007.676728
2007.695521
2007.822484
2007.844055
2007.894435
2007.926372
2007.931359
2008.001615
2008.086407
2008.110749
2008.166575
2008.205502
2008.205584
2008.293563
2008.294221
2008.372879
2008.399668
2008.410258
2008.426127
2008.446664
2008.450521
2008.496047
2008.496209
2008.507282
2008.683025
2008.756138
2008.842637
2008.931324
2009.042363
2009.143093
2009.226284
2009.239060
2009.268619
2009.273880
2009.297980
2009.394660
2009.401077
2009.512207
2009.717906
2009.860251
2009.860461
2009.895889
2010.146322
2010.323295
2010.362711
2010.414683
2010.433139
2010.453281
2010.522826
2010.592115
2010.638846
2010.659230
2010.693682
2010.713493
2010.806269
2010.984755
2011.029683
2011.131069
2011.179792
2011.242734
2011.277323
2011.314339
2011.337927
2011.454781
2011.482720
2011.489924
2011.584968
2011.673732
2011.812297
2011.833567
2011.841134
2011.913334
2011.940167
2011.945238
2012.211118
2012.248183
2012.301197
2012.347459
2012.377720
2012.390103
2012.422557
2012.490220
2012.585586
2012.598271
2012.601139
2012.745397
2012.772613
2012.783905
2012.847494
2012.866937
2012.876985
2012.920277
2013.368608
2013.423009
2013.460377
2013.478650
2013.522191
2013.577366
2013.584405
2013.619384
2013.712443
2013.713420
2013.978358
2014.020282
2014.030090
2014.040441
2014.049927
2014.210218
2014.260775
2014.335667
2014.375039
2014.455769
2014.494648
2014.506927
2014.558987
2014.622899
2014.631558
2014.632028
2014.642275
2014.653344
2014.656146
2014.746862
2014.793564
2014.843298
2014.855145
2014.869235
2014.918364
2015.025049
2015.034318
2015.097659
2015.114991
2015.120659
2015.132146
2015.164338
2015.185090
2015.205846
2015.275381
2015.336425
2015.342036
2015.363378
2015.385105
2015.440693
2015.476066
2015.645052
2015.671507
2015.703160
2015.900858
2015.928803
2015.934093
2015.979909
2016.003319
2016.048878
2016.071948
2016.144739
2016.257517
2016.292874
2016.359931
2016.376855
2016.450657
2016.497333
2016.534010
2016.542376
2016.587500
2016.632593
2016.878193
2016.944816
2017.044776
2017.065457
2017.130685
2017.193384
2017.240773
2017.265239
2017.277064
2017.332788
2017.420863
2017.427620
2017.474457
2017.531645
2017.594617
2017.635803
2017.736390
2017.824434
2017.826152
2017.897944
2017.976679
2017.991726
2018.023171
2018.081986
2018.160743
2018.235330
2018.298636
2018.345266
2018.450637
2018.454227
2018.474624
2018.508009
2018.514106
2018.583905
2018.685978
2018.713871
2018.735774
2018.973864
2019.016048
2019.207511
2019.297754
2019.336811
2019.475357
2019.491153
2019.494214
2019.540372
2019.765424
2019.802355
2019.812437
2019.980094
2020.023193
2020.041346
2020.069485
2020.150095
2020.428190
2020.496781
2020.519379
2020.584600
2020.599329
2020.609193
2020.628626
2020.687952
2020.801003
2020.829049
2020.849032
2020.972286
2021.189919
2021.261552
2021.399778
2021.437391
2021.445498
2021.452214
2021.501602
2021.541383
2021.629357
2021.742894
2021.814766
2021.848801
2021.897892
2022.037943
2022.046792
2022.284889
2022.345925
2022.541252
2022.623242
2022.650433
2022.803857
2022.854744
2022.925027
2022.934187
2022.963567
2023.018818
2023.095098
2023.185086
2023.343807
2023.444094
2023.454908
2023.628630
2023.643276
2023.680451
2023.729753
2023.835116
2024.127729
2024.136974
2024.214405
2024.230792
2024.252522
2024.299623
2024.322890
2024.479275
2024.538656
2024.569132
2024.661965
2024.691708
2024.800078
2024.808537
2024.849067
2024.961177
2025.047397
2025.082501
2025.148493
2025.185918
2025.307913
2025.343666
2025.366856
2025.450450
2025.524719
2025.664816
2025.763893
2025.768014
2025.855153
2025.903824
2025.945028
2025.985288
2026.088683
2026.116769
2026.160975
2026.208739
2026.265741
2026.283503
2026.286043
2026.297603
2026.324444
2026.332173
2026.346898
2026.405662
2026.435165
2026.452380
2026.508516
2026.516960
2026.703519
2026.747286
2026.769781
2026.782163
2026.790819
2026.815456
2026.902411
2026.907543
2026.949157
2026.992654
2027.048680
2027.056930
2027.101268
2027.161419
2027.242745
2027.337770
2027.340707
2027.442226
2027.483567
2027.649954
2027.672533
2027.803130
2027.971417
2028.071425
2028.137159
2028.208880
2028.306454
2028.326795
2028.345559
2028.394906
2028.425479
2028.473220
2028.499611
2028.599750
2028.600030
2028.609834
2028.643699
2028.660626
2028.688646
2028.789540
2028.796406
2028.821186
2028.888572
2028.893557
2028.898093
2029.003098
2029.007770
2029.020660
2029.031883
2029.070128
2029.077669
2029.173098
2029.258351
2029.323012
2029.337436
2029.453533
2029.532979
2029.539271
2029.611753
2029.790782
2029.907742
2029.987473
2030.162260
2030.323961
2030.330304
2030.344321
2030.554944
2030.560020
2030.649599
2030.830692
2031.048339
2031.144797
2031.249445
2031.267920
2031.268963
2031.304415
2031.345623
2031.346916
2031.413519
2031.449734
2031.553337
2031.666164
2031.731025
2031.795195
2031.894976
2031.907787
2031.984821
2032.082153
2032.123544
2032.147209
2032.220470
2032.252313
2032.261503
2032.269012
2032.347806
2032.361214
2032.398709
2032.500373
2032.645804
2032.649542
2032.721393
2032.786035
2032.796005
2032.834464
2032.853394
2032.862081
2032.887899
2032.952342
2032.959756
2032.994627
2033.141457
2033.322667
2033.367729
2033.369890
2033.384390
2033.500535
2033.535239
2033.686576
2033.749585
2033.792643
2033.960524
2034.023802
2034.039628
2034.083937
2034.087428
2034.096303
2034.210848
2034.251056
2034.260922
2034.320663
2034.327740
2034.522725
2034.599452
2034.684235
2034.890806
2034.914879
2034.978936
2034.981567
2035.022517
2035.060137
2035.136445
2035.157023
2035.236279
2035.268878
2035.364843
2035.538628
2035.544122
2035.658784
2035.696849
2035.714199
2035.799738
2035.891026
2036.001734
2036.008637
2036.163399
2036.239665
2036.369535
2036.378512
2036.409912
2036.489252
2036.594118
2036.604027
2036.706067
2036.764415
2036.777583
2036.788464
2036.826221
2036.926226
2037.105205
2037.209800
2037.276155
2037.296004
2037.375944
2037.392287
2037.404921
2037.469093
2037.470687
2037.479193
2037.540984
2037.554487
2037.657343
2037.674666
2037.702078
2037.772886
2037.881342
2037.919211
2037.934025
2037.954756
2038.052795
2038.169671
2038.346200
2038.390096
2038.478058
2038.478534
2038.595956
2038.694039
2038.707715
2038.768549
2038.877452
2038.900279
2038.975855
2038.981690
2039.050676
2039.186940
2039.270337
2039.352772
2039.410194
2039.435532
2039.507094
2039.583773
2039.677576
2039.820305
2039.901441
2039.913239
2040.011823
2040.166953
2040.229026
2040.380100
2040.422751
2040.490628
2040.606727
2040.717640
2040.741233
2040.929575
2040.969395
2041.036757
2041.064855
2041.082329
2041.100081
2041.122917
2041.309291
2041.478231
2041.495060
2041.509419
2041.582429
2041.595021
2041.608934
2041.818413
2042.015265
2042.251097
2042.313390
2042.342070
2042.497308
2042.514348
2042.534948
2042.645946
2042.706260
2042.740541
2042.777919
2042.824775
2042.865738
2042.894973
2042.933857
2043.003715
2043.020185
2043.023122
2043.050144
2043.108595
2043.110490
2043.150861
2043.173150
2043.226234
2043.239892
2043.362493
2043.413971
2043.475844
2043.524728
2043.682504
2043.735497
2043.740065
2043.758627
2043.952722
2043.999175
2044.009003
2044.019561
2044.024055
2044.024469
2044.066613
2044.129742
2044.241583
2044.306316
2044.358052
2044.550238
2044.827567
2044.862127
2044.894518
2044.929467
2044.934623
2044.981763
2045.048263
2045.053460
2045.063708
2045.178371
2045.199414
2045.267583
2045.366757
2045.425380
2045.536181
2045.553333
2045.573156
2045.604108
2045.764427
2045.821792
2045.891871
2045.942370
2045.992201
2046.006598
2046.059974
2046.113567
2046.137141
2046.141071
2046.141814
2046.297962
2046.530676
2046.670403
2046.712475
2046.730241
2046.771891
2046.839899
2046.921269
2046.943267
2046.956137
2047.032330
2047.220932
2047.285527
2047.288062
2047.486585
2047.505417
2047.681302
2047.684728
2047.822277
2047.888690
2047.951427
2048.037704
2048.048271
2048.107805
2048.177601
2048.216969
2048.267810
2048.286052
2048.317426
2048.365556
2048.404126
2048.473116
2048.482950
2048.558517
2048.845653
2048.857156
2048.858873
2048.879041
2048.978980
2049.080730
2049.142148
2049.201204
2049.228969
2049.234669
2049.295995
2049.339573
2049.416205
2049.471717
2049.471718
2049.631583
2049.637704
2049.656911
2049.658695
2049.660725
2049.721065
2049.766820
2049.786274
2049.978963
2050.001211
2050.140247
2050.146106
2050.243531
2050.294848
2050.372770
2050.377647
2050.412689
2050.449829
2050.464633
2050.475196
2050.581205
2050.588716
2050.714771
2050.745940
2050.782117
2050.817199
2050.881282
2050.906322
2050.969726
2050.975983
2051.072803
2051.122712
2051.251743
2051.305329
2051.401129
2051.540464
2051.615242
2051.673995
2051.691332
2051.692799
2051.827131
2051.904854
2051.912434
2051.938857
2051.964747
2052.070676
2052.211014
2052.311513
2052.453792
2052.467007
2052.478858
2052.803689
2052.832321
2052.836116
2053.066859
2053.125666
2053.131883
2053.216733
2053.289096
2053.371650
2053.429743
2053.491873
2053.527446
2053.598371
2053.639738
2053.662143
2053.699387
2053.708617
2053.764331
2053.769216
2053.770280
2053.838891
2053.907593
2053.918058
2053.951220
2054.010499
2054.073422
2054.087395
2054.108342
2054.141064
2054.195491
2054.329301
2054.380280
2054.429793
2054.514337
2054.525245
2054.543657
2054.544974
2054.569726
2054.630664
2054.667111
2054.796713
2054.893604
2055.131547
2055.188646
2055.235592
2055.249318
2055.355025
2055.370378
2055.468245
2055.474940
2055.513588
2055.603829
2055.622972
2055.690817
2055.699173
2055.708050
2055.737400
2055.755876
2055.892961
2055.988522
2056.004230
2056.008642
2056.084291
2056.107778
2056.173533
2056.186252
2056.189222
2056.249999
2056.279070
2056.281680
2056.398322
2056.404822
2056.426431
2056.428829
2056.449769
2056.484771
2056.632582
2056.684279
2056.689521
2056.693781
2056.716212
2057.080286
2057.100779
2057.170738
2057.189566
2057.191219
2057.202550
2057.291383
2057.310799
2057.429361
2057.448157
2057.499900
2057.517882
2057.543091
2057.558643
2057.634358
2057.662294
2057.697156
2057.703647
2057.722618
2057.878326
2057.957429
2057.985330
2058.060491
2058.083128
2058.106629
2058.122864
2058.143056
2058.173651
2058.178798
2058.336135
2058.429209
2058.449870
2058.485502
2058.504458
2058.518098
2058.525288
2058.606204
2058.712067
2058.712617
2058.836923
2058.877084
2058.890883
2058.964010
2058.974978
2058.984725
2058.991091
2059.201717
2059.241049
2059.432804
2059.514280
2059.522154
2059.674070
2059.866058
2060.089643
2060.115621
2060.128200
2060.152533
2060.301172
2060.392434
2060.431152
2060.606015
2060.731758
2060.734553
2060.747693
2060.775763
2060.820541
2060.835620
2060.924122
2060.927231
2061.047110
2061.071154
2061.071520
2061.160097
2061.185538
2061.185855
2061.267687
2061.289037
2061.412903
2061.435802
2061.465341
2061.542827
2061.543640
2061.594989
2061.642880
2061.688602
2061.714663
2061.780290
2061.819232
2061.871863
2061.876574
2061.894130
2061.904579
2062.003386
2062.020952
2062.035122
2062.079546
2062.092951
2062.155571
2062.176926
2062.214578
2062.283980
2062.297100
2062.300831
2062.314342
2062.402708
2062.519094
2062.664991
2062.691687
2062.698174
2062.730266
2062.783418
2062.785566
2062.858315
2062.858382
2062.861558
2062.879662
2062.912164
2062.950453
2063.050755
2063.131485
2063.153764
2063.238542
2063.363208
2063.413258
2063.501675
2063.522584
2063.629176
2063.720143
2063.835983
2063.843389
2063.879515
2063.930554
2064.028556
2064.163185
2064.201450
2064.244012
2064.360423
2064.400260
2064.418439
2064.522943
2064.626606
2064.647522
2064.808893
2064.814472
2065.003316
2065.025016
2065.145377
2065.152943
2065.175579
2065.206478
2065.208696
2065.308580
2065.435612
2065.581084
2065.626173
2065.692706
2065.716898
2065.763184
2065.773217
2065.780862
2065.824300
2065.991283
2066.072904
2066.080680
2066.130036
2066.149417
2066.296307
2066.396784
2066.411947
2066.501474
2066.531702
2066.539789
2066.543143
2066.595400
2066.712100
2066.724583
2066.783300
2066.793743
2066.809653
2066.835625
2066.838524
2066.894750
2066.898320
2066.930644
2067.003986
2067.051222
2067.102595
2067.172815
2067.188782
2067.240145
2067.240502
2067.437587
2067.642765
2067.745598
2067.774827
2067.806475
2067.837022
2067.841699
2067.864358
2067.898577
2068.020364
2068.094851
2068.165638
2068.217119
2068.277176
2068.324000
2068.335850
2068.427796
2068.460019
2068.499352
2068.519735
2068.543640
2068.547613
2068.612492
2068.915538
2068.965222
2068.988784
2069.029698
2069.056633
2069.271038
2069.272741
2069.395661
2069.579075
2069.605805
2069.639908
2069.731867
2069.776846
2069.798966
2070.064351
2070.093032
2070.160719
2070.171190
2070.220040
2070.223965
2070.299999
2070.326486
2070.355478
2070.462218
2070.477670
2070.636797
2070.674286
2070.704308
2070.826310
2070.871774
2070.927714
2070.934161
2070.998492
2071.131585
2071.146161
2071.282838
2071.327421
2071.330420
2071.415939
2071.444590
2071.450826
2071.589559
2071.680254
2071.710246
2071.826695
2071.865832
2071.939209
2071.976933
2072.171163
2072.214446
2072.243600
2072.260861
2072.281549
2072.411813
2072.470215
2072.479306
2072.498250
2072.516265
2072.583496
2072.595227
2072.612081
2072.670611
2072.719476
2072.751075
2072.870493
2072.927310
2072.987735
2073.029527
2073.042462
2073.043356
2073.108693
2073.174276
2073.180828
2073.240184
2073.283049
2073.330282
2073.423319
2073.472869
2073.549499
2073.579248
2073.672777
2073.777669
2073.877386
2073.948422
2074.179313
2074.203515
2074.212706
2074.267497
2074.269828
2074.283553
2074.327012
2074.356884
2074.445879
2074.447047
2074.586884
2074.744487
2074.897607
2074.910496
2074.917660
2074.933534
2074.994926
2075.008653
2075.031739
2075.061401
2075.144745
2075.261930
2075.459598
2075.515466
2075.663171
2075.685009
2075.838127
2075.863079
2076.069830
2076.223259
2076.322209
2076.390672
2076.431779
2076.443380
2076.473244
2076.553652
2076.747149
2076.756791
2076.793835
2077.014331
2077.027324
2077.048368
2077.098889
2077.110287
2077.133010
2077.187742
2077.190828
2077.199314
2077.228226
2077.383375
2077.462779
2077.467281
2077.529491
2077.540548
2077.660659
2077.668214
2077.754168
2077.771117
2077.816234
2077.956434
2077.983444
2077.983673
2078.013906
2078.030834
2078.095473
2078.123667
2078.141427
2078.147001
2078.174172
2078.184243
2078.194701
2078.206605
2078.269021
2078.360605
2078.488003
2078.510248
2078.526891
2078.538889
2078.582275
2078.588178
2078.799418
2078.805999
2078.909336
2078.931031
2078.972591
2079.046284
2079.183971
2079.374788
2079.387225
2079.444157
2079.452499
2079.552745
2079.597698
2079.608553
2079.637720
2079.657849
2079.692747
2079.737949
2079.781583
2079.786906
2079.827979
2079.845820
2079.961622
2080.171405
2080.326968
2080.352586
2080.369326
2080.379077
2080.575658
2080.590529
2080.647883
2080.706809
2080.709750
2080.773666
2080.810361
2080.836168
2080.937731
2080.947473
2081.061779
2081.133351
2081.149072
2081.152145
2081.170076
2081.200342
2081.342599
2081.344446
2081.377455
2081.379662
2081.380640
2081.428949
2081.536592
2081.648249
2081.856802
2081.874241
2081.898829
2081.924394
2081.994948
2082.019107
2082.063047
2082.146083
2082.181702
2082.375475
2082.396312
2082.401417
2082.494264
2082.504331
2082.507035
2082.586896
2082.635583
2082.677796
2082.718626
2082.752921
2082.793502
2082.811172
2082.832415
2082.873548
2082.894084
2082.940650
2083.071085
2083.103653
2083.150347
2083.254619
2083.266675
2083.288209
2083.319149
2083.339235
2083.360557
2083.360911
2083.492886
2083.557305
2083.683331
2083.696653
2083.773136
2083.816357
2083.841334
2083.930247
2083.955168
2083.989280
2084.047153
2084.084733
2084.099479
2084.123824
2084.179106
2084.219967
2084.400830
2084.415458
2084.524801
2084.527864
2084.537720
2084.652612
2084.665214
2084.790486
2084.889198
2084.917908
2084.969094
2084.981587
2084.982173
2084.987515
2085.278076
2085.285052
2085.494398
2085.530191
2085.539362
2085.551373
2085.645137
2085.708836
2085.717959
2085.725813
2085.737308
2085.741367
2085.757244
2085.791702
2085.834730
2085.875650
2085.900918
2085.980224
2086.008724
2086.081515
2086.107768
2086.138291
2086.195237
2086.195278
2086.270896
2086.276355
2086.333550
2086.428232
2086.490397
2086.579623
2086.609896
2086.670335
2086.768655
2086.773161
2086.870516
2086.901513
2086.936112
2087.103025
2087.149780
2087.154574
2087.279334
2087.302289
2087.308558
2087.358865
2087.411179
2087.413305
2087.439976
2087.444269
2087.475364
2087.506109
2087.517182
2087.635861
2087.722034
2087.754297
2087.757011
2087.778990
2087.782419
2087.807547
2087.807780
2087.879680
2088.060656
2088.079212
2088.233376
2088.296130
2088.332726
2088.487401
2088.491445
2088.665131
2089.313470
2089.449680
2089.491700
2089.541442
2089.657390
2089.726772
2089.899488
2089.967945
2089.999734
2090.098111
2090.147624
2090.161960
2090.388127
2090.461783
2090.608867
2090.661940
2090.663745
2090.750218
2090.781655
2090.821191
2090.826968
2090.975983
2091.060242
2091.125720
2091.169620
2091.193221
2091.224537
2091.416611
2091.432781
2091.472896
2091.558327
2091.660964
2091.672300
2091.697197
2091.782206
2091.861948
2091.911623
2091.984655
2091.986158
2092.013350
2092.076740
2092.099274
2092.265743
2092.334553
2092.466941
2092.485473
2092.598919
2092.608160
2092.625159
2092.627889
2092.727949
2092.748816
2092.895299
2092.958855
2092.960305
2092.976452
2093.093684
2093.117827
2093.172779
2093.202010
2093.284829
2093.340984
2093.352322
2093.460787
2093.575433
2093.578466
2093.582542
2093.629945
2093.630137
2093.639212
2093.778313
2093.819566
2093.945222
2093.966074
2094.202470
2094.217114
2094.228699
2094.322148
2094.379318
2094.416009
2094.417370
2094.427196
2094.483351
2094.548778
2094.610455
2094.687459
2094.768779
2094.776414
2095.009428
2095.053471
2095.265453
2095.285343
2095.366181
2095.494069
2095.592073
2095.595566
2095.596278
2095.601454
2095.612361
2095.658076
2095.699035
2095.710721
2095.718634
2095.728188
2095.842961
2095.878097
2096.198776
2096.224365
2096.265031
2096.320946
2096.466696
2096.526322
2096.559232
2096.603969
2096.673425
2096.764228
2096.771631
2096.836918
2096.861520
2096.973547
2097.044390
2097.256289
2097.282253
2097.283315
2097.305899
2097.381968
2097.403085
2097.408774
2097.415525
2097.455497
2097.580946
2097.645176
2097.753104
2097.755220
2097.815819
2097.854451
2097.935914
2098.090378
2098.247892
2098.319809
2098.351806
2098.458917
2098.485243
2098.486596
2098.601298
2098.607818
2098.647555
2098.648032
2098.824114
2098.901134
2099.018321
2099.058106
2099.099084
2099.139299
2099.178523
2099.263347
2099.296062
2099.330353
2099.372057
2099.387411
2099.389179
2099.413527
2099.428993
2099.457431
2099.604520
2099.655540
2099.705944
2099.879719
2099.896902
2099.903031
2099.970238
2100.060092
2100.147768
2100.199943
2100.229449
2100.231701
2100.321429
2100.817637
2100.868680
2100.897994
2101.011566
2101.022159
2101.063131
2101.124465
2101.148491
2101.367738
2101.584032
2101.586510
2101.750408
2101.750839
2101.942989
2101.997129
2102.066311
2102.081408
2102.113324
2102.123063
2102.190237
2102.349786
2102.370414
2102.436409
2102.532237
2102.565683
2102.576677
2102.646522
2102.655843
2102.671439
2102.678789
2102.679675
2102.703863
2102.735652
2102.790070
2102.974120
2102.986210
2103.291963
2103.406732
2103.445220
2103.460248
2103.528810
2103.596763
2103.740620
2103.743995
2103.825427
2103.837196
2103.885301
2103.901334
2103.907278
2104.002006
2104.192545
2104.428470
2104.453958
2104.498178
2104.587689
2104.614903
2104.621630
2104.659383
2104.695753
2104.853979
2104.862844
2104.871989
2104.882788
2104.940609
2104.992176
2104.994020
2105.007761
2105.020606
2105.080958
2105.088935
2105.139525
2105.301833
2105.334246
2105.343754
2105.370644
2105.421397
2105.423070
2105.541888
2105.593722
2105.595308
2105.719902
2105.767955
2105.862460
2105.878797
2105.885044
2106.002538
2106.034349
2106.098882
2106.128181
2106.220637
2106.295780
2106.296521
2106.340668
2106.346021
2106.359396
2106.443965
2106.479088
2106.507463
2106.572478
2106.610035
2106.680455
2106.719818
2106.730870
2106.945796
2107.002767
2107.143394
2107.236221
2107.311513
2107.314884
2107.468203
2107.592288
2107.598671
2107.612848
2107.621349
2107.689414
2107.705593
2107.740334
2107.811930
2108.049541
2108.121580
2108.205579
2108.359531
2108.444394
2108.463435
2108.500062
2108.501806
2108.515618
2108.515953
2108.592094
2108.735555
2108.738219
2108.930677
2108.948961
2109.022137
2109.029865
2109.064423
2109.136558
2109.205221
2109.223872
2109.264371
2109.288486
2109.356506
2109.459304
2109.462909
2109.600493
2109.654611
2109.677222
2109.678113
2109.679559
2109.744021
2109.760272
2109.762877
2109.762929
2109.789648
2109.871737
2110.062618
2110.112892
2110.226627
2110.298545
2110.303635
2110.330266
2110.444858
2110.454993
2110.492921
2110.506308
2110.517267
2110.536390
2110.546771
2110.600931
2110.659422
2110.679678
2110.816378
2110.973343
2111.009473
2111.179066
2111.188902
2111.198649
2111.243467
2111.250065
2111.484095
2111.543659
2111.599829
2111.745688
2111.783640
2111.838956
2111.845799
2111.848314
2111.877414
2111.935632
2111.954189
2111.959840
2112.013921
2112.035965
2112.123895
2112.184907
2112.284953
2112.321421
2112.508907
2112.545256
2112.581269
2112.655179
2112.677665
2112.769964
2112.770928
2112.807669
2113.092612
2113.096926
2113.201991
2113.235695
2113.248876
2113.276832
2113.403373
2113.447368
2113.455254
2113.475739
2113.521967
2113.536885
2113.580000
2113.613924
2113.709964
2113.738628
2113.759532
2113.837128
2114.008976
2114.068265
2114.087696
2114.116485
2114.124120
2114.147302
2114.249220
2114.364018
2114.456470
2114.477530
2114.560680
2114.577303
2114.588043
2114.734142
2114.912882
2114.984399
2115.096194
2115.175845
2115.270445
2115.296522
2115.419702
2115.451152
2115.459480
2115.580041
2115.581424
2115.605982
2115.638988
2115.693904
2115.816631
2115.828984
2115.899632
2115.978988
2116.120073
2116.190444
2116.225874
2116.291345
2116.421202
2116.468153
2116.503827
2116.555449
2116.612723
2116.666850
2116.758370
2116.818524
2116.870214
2116.888367
2116.889843
2116.905961
2116.957879
2117.096791
2117.108968
2117.203255
2117.222984
2117.249319
2117.578518
2117.667224
2117.705479
2117.797764
2117.913736
2117.969660
2117.987090
2118.038333
2118.134870
2118.145272
2118.147837
2118.225958
2118.395285
2118.396494
2118.417561
2118.419299
2118.425024
2118.471235
2118.477101
2118.479160
2118.620460
2118.708600
2118.726535
2118.754302
2118.771285
2118.799757
2118.920981
2118.966718
2119.004008
2119.116448
2119.121867
2119.135270
2119.266074
2119.275992
2119.345154
2119.380540
2119.511112
2119.536994
2119.790609
2119.951317
2119.959542
2119.972573
2120.031143
2120.070436
2120.106044
2120.106532
2120.339934
2120.361779
2120.384278
2120.438180
2120.483793
2120.598861
2120.656322
2120.678518
2120.681537
2120.716307
2120.748873
2120.787186
2120.862966
2120.935979
2120.964271
2121.004440
2121.076359
2121.157022
2121.179788
2121.265629
2121.299167
2121.373808
2121.485586
2121.691942
2121.756512
2121.773434
2121.798918
2121.819188
2121.837390
2121.872291
2121.889461
2122.000648
2122.039735
2122.242977
2122.256829
2122.381263
2122.407218
2122.447357
2122.482745
2122.497387
2122.630794
2122.634300
2122.679452
2122.721978
2122.737185
2122.774575
2122.784855
2122.785068
2122.825837
2122.847291
2122.858821
2122.864114
2122.877174
2122.985501
2122.992031
2123.027485
2123.050170
2123.165002
2123.198833
2123.235274
2123.236889
2123.351710
2123.438604
2123.445992
2123.488072
2123.547383
2123.548569
2123.733010
2123.743097
2123.753303
2123.778516
2123.816380
2123.871270
2123.900914
2123.936943
2123.958950
2124.064907
2124.126458
2124.281472
2124.293478
2124.394616
2124.464460
2124.485550
2124.507931
2124.525313
2124.541406
2124.752503
2124.762086
2124.769294
2124.794758
2124.844771
2124.878649
2124.903006
2124.921223
2124.990694
2125.000833
2125.037013
2125.163767
2125.166983
2125.204927
2125.231825
2125.238170
2125.368209
2125.423290
2125.503241
2125.756763
2125.780190
2125.807551
2126.002195
2126.033792
2126.039030
2126.047864
2126.112996
2126.287441
2126.288732
2126.340705
2126.359699
2126.508820
2126.647498
2126.694346
2126.707460
2126.713772
2126.761358
2126.799650
2126.826142
2127.073653
2127.123890
2127.202276
2127.215415
2127.228948
2127.428131
2127.576803
2127.661825
2127.673897
2127.677481
2127.760619
2127.777459
2127.780444
2127.851691
2128.070696
2128.097778
2128.283586
2128.416125
2128.503059
2128.509845
2128.596692
2128.626775
2128.679158
2128.810898
2128.871631
2128.876513
2128.920222
2128.980248
2129.077734
2129.086982
2129.103878
2129.185492
2129.266649
2129.358505
2129.429873
2129.465329
2129.471235
2129.489673
2129.591987
2129.618816
2129.642462
2129.653807
2129.702329
2129.785055
2129.809410
2129.846969
2130.045418
2130.255140
2130.270964
2130.275626
2130.383555
2130.646551
2130.715122
2130.763926
2130.834533
2130.853234
2130.867054
2130.938561
2131.007072
2131.076942
2131.215530
2131.231461
2131.245180
2131.275299
2131.369525
2131.478797
2131.489096
2131.496837
2131.713223
2131.818474
2131.907185
2131.974723
2131.999581
2132.077594
2132.151085
2132.348360
2132.353486
2132.370590
2132.372926
2132.446200
2132.462117
2132.468468
2132.683344
2132.691479
2132.761910
2132.810356
2132.873855
2132.904415
2132.934294
2132.936921
2132.954388
2133.026919
2133.117899
2133.148331
2133.168955
2133.268955
2133.355924
2133.361967
2133.395874
2133.438077
2133.525396
2133.681960
2133.770178
2133.823481
2133.842133
2133.899361
2133.992577
2134.038410
2134.092387
2134.100917
2134.198324
2134.208355
2134.444915
2134.545450
2134.559816
2134.677709
2134.742807
2134.916428
2135.106937
2135.133180
2135.175876
2135.301205
2135.474888
2135.534000
2135.551096
2135.577456
2135.593857
2135.737497
2135.756181
2135.769744
2135.861445
2135.918872
2136.010523
2136.025489
2136.118616
2136.195394
2136.236767
2136.420113
2136.474241
2136.589749
2136.625999
2136.666657
2136.730339
2136.774383
2136.780669
2136.932183
2137.033046
2137.052039
2137.130996
2137.249283
2137.417648
2137.731851
2137.762057
2137.790319
2137.919958
2137.939770
2137.965219
2138.081355
2138.103973
2138.138869
2138.145736
2138.244495
2138.532888
2138.544904
2138.559158
2138.661966
2138.771831
2138.935819
2138.991173
2139.108349
2139.120706
2139.159514
2139.182646
2139.282206
2139.335249
2139.339983
2139.359580
2139.489095
2139.553670
2139.772007
2139.871463
2140.003587
2140.093072
2140.266437
2140.375931
2140.672316
2140.719601
2140.739318
2140.830490
2140.868079
2140.922792
2140.934939
2140.969152
2141.069616
2141.139639
2141.229080
2141.315241
2141.368216
2141.562967
2141.695503
2141.735481
2141.811690
2141.815752
2141.961100
2141.977721
2141.985724
2142.012610
2142.016332
2142.026992
2142.054011
2142.111419
2142.118890
2142.436071
2142.753395
2142.763234
2142.792780
2142.796994
2142.816684
2142.829566
2142.877222
2142.939535
2142.963706
2143.060822
2143.079377
2143.223863
2143.373843
2143.430841
2143.465842
2143.474310
2143.497722
2143.526336
2143.564721
2143.570757
2143.631193
2143.716764
2143.865546
2143.924954
2143.951293
2143.994386
2144.018963
2144.086029
2144.097031
2144.121041
2144.122475
2144.139223
2144.190404
2144.257302
2144.305737
2144.327020
2144.391222
2144.409300
2144.413778
2144.426436
2144.516646
2144.530907
2144.544515
2144.582552
2144.608518
2144.683280
2144.748869
2144.797090
2144.907745
2145.023705
2145.152570
2145.158859
2145.206360
2145.248617
2145.287174
2145.304071
2145.315967
2145.392741
2145.421901
2145.526059
2145.645726
2145.670636
2145.893439
2145.927492
2145.992281
2146.050798
2146.175628
2146.206574
2146.332065
2146.415090
2146.424321
2146.466010
2146.562093
2146.581858
2146.756352
2146.794237
2146.815287
2146.834814
2146.854093
2146.921648
2146.958724
2147.039870
2147.094794
2147.120078
2147.187894
2147.222373
2147.366443
2147.383385
2147.455291
2147.493511
2147.554243
2147.642012
2147.739651
2147.842455
2147.883962
2147.958607
2147.971326
2148.090629
2148.126236
2148.153089
2148.488230
2148.547729
2148.584105
2148.628715
2148.657955
2148.661470
2148.678814
2148.800706
2148.896535
2148.948082
2149.015967
2149.086953
2149.436475
2149.459903
2149.502933
2149.712800
2149.729814
2149.733606
2149.773858
2149.827653
2149.896145
2149.897347
2150.127305
2150.167653
2150.234748
2150.374726
2150.384490
2150.392446
2150.578262
2150.589846
2150.623720
2150.643995
2150.660031
2150.671381
2150.691211
2150.718008
2150.750087
2150.802872
2150.836047
2150.933943
2150.997059
2151.023606
2151.030348
2151.188774
2151.233644
2151.294488
2151.348836
2151.354350
2151.454276
2151.460541
2151.579721
2151.596175
2151.630377
2151.741615
2152.023224
2152.127146
2152.255057
2152.400486
2152.440474
2152.457419
2152.561347
2152.624094
2152.770240
2152.791011
2152.862946
2152.938953
2152.970698
2152.974842
2153.089929
2153.115321
2153.143484
2153.411868
2153.420022
2153.492528
2153.566938
2153.609991
2153.758427
2153.885444
2153.917913
2153.948885
2153.997103
2154.034959
2154.036769
2154.047173
2154.128193
2154.201740
2154.250120
2154.296954
2154.386403
2154.583122
2154.595675
2154.636154
2154.670278
2154.695998
2154.703298
2154.744594
2154.843259
2154.872855
2154.902444
2154.957701
2154.977598
2154.988208
2155.164498
2155.287584
2155.336602
2155.356764
2155.370982
2155.476364
2155.478054
2155.592950
2155.643629
2155.704026
2155.725607
2155.729039
2155.809161
2155.812272
2155.813678
2155.834508
2155.844235
2155.854305
2155.876843
2155.877572
2155.884586
2155.921034
2155.936510
2155.957565
2156.062397
2156.218609
2156.259234
2156.321877
2156.478140
2156.575264
2156.586033
2156.604109
2156.608300
2156.712892
2156.802936
2157.006767
2157.019159
2157.028462
2157.041662
2157.158895
2157.191935
2157.313764
2157.396635
2157.491500
2157.527294
2157.559644
2157.564428
2157.627035
2157.629586
2157.630279
2157.684314
2157.774780
2157.918765
2158.052606
2158.073862
2158.313052
2158.362127
2158.384063
2158.536516
2158.539125
2158.551497
2158.565638
2158.597600
2158.645788
2158.809913
2158.965752
2158.990475
2159.078266
2159.134271
2159.160378
2159.324202
2159.369704
2159.378876
2159.576546
2159.601140
2159.701889
2159.750259
2159.762072
2159.870264
2159.883829
2159.912074
2159.956840
2159.997088
2160.129029
2160.159225
2160.262084
2160.343857
2160.386242
2160.429277
2160.468509
2160.605555
2160.634746
2160.751994
2160.790849
2160.898575
2160.942133
2160.949831
2160.969925
2161.006574
2161.083410
2161.084249
2161.125115
2161.137893
2161.139381
2161.191625
2161.278793
2161.332109
2161.374161
2161.465524
2161.515271
2161.720005
2161.736790
2162.169744
2162.170399
2162.217979
2162.230147
2162.293300
2162.349845
2162.352325
2162.404270
2162.426743
2162.632499
2162.725681
2162.819859
2162.859514
2162.942648
2162.997662
2163.010358
2163.067335
2163.089799
2163.094770
2163.120750
2163.260138
2163.278623
2163.288581
2163.391710
2163.398439
2163.659214
2163.679168
2163.681768
2163.838782
2163.917875
2163.920329
2164.038856
2164.231803
2164.265335
2164.272913
2164.343051
2164.384615
2164.439966
2164.454330
2164.547339
2164.563902
2164.736908
2164.809256
2164.831296
2164.950583
2164.974025
2164.977955
2165.042086
2165.132768
2165.278099
2165.335456
2165.368521
2165.515491
2165.559286
2165.602438
2165.628674
2165.706386
2165.781347
2166.103430
2166.174587
2166.184982
2166.286739
2166.303136
2166.423535
2166.499446
2166.562918
2166.697225
2166.815414
2166.853609
2167.055666
2167.066926
2167.148133
2167.232054
2167.422151
2167.424617
2167.454914
2167.589796
2167.597498
2167.688771
2167.705466
2167.742164
2167.743390
2167.770137
2167.834849
2167.913533
2167.994705
2168.109971
2168.113597
2168.147070
2168.254183
2168.300035
2168.329520
2168.599668
2168.629586
2168.724379
2168.764860
2168.781532
2168.800867
2168.820293
2168.831220
2168.916429
2168.994376
2169.049318
2169.149393
2169.202476
2169.234972
2169.399478
2169.442563
2169.457548
2169.544695
2169.637888
2169.748174
2169.780279
2169.958493
2169.964306
2170.002926
2170.022731
2170.054589
2170.163244
2170.167213
2170.209043
2170.275861
2170.312619
2170.350654
2170.574243
2170.596656
2170.655578
2170.678073
2170.701788
2170.800597
2170.890892
2170.916435
2170.943463
2170.954287
2171.044655
2171.046991
2171.060895
2171.073736
2171.181231
2171.240604
2171.321715
2171.410647
2171.414224
2171.422626
2171.425516
2171.511674
2171.514766
2171.557021
2171.643417
2171.727235
2171.737904
2171.815508
2171.900813
2171.937652
2171.957595
2171.968637
2172.009456
2172.266827
2172.305351
2172.455620
2172.523346
2172.528757
2172.676884
2172.703261
2172.809731
2172.814897
2172.837673
2172.840186
2172.840890
2172.852561
2172.902287
2172.919122
2172.934831
2172.951139
2173.045029
2173.075823
2173.247205
2173.247502
2173.285696
2173.333058
2173.372970
2173.515511
2173.545140
2173.683700
2173.741944
2173.878931
2173.956406
2173.957073
2174.044302
2174.124832
2174.166654
2174.173075
2174.368776
2174.473498
2174.509971
2174.609676
2174.708302
2174.771941
2174.954410
2174.967800
2174.975370
2175.045223
2175.127690
2175.137669
2175.216185
2175.307804
2175.327322
2175.331799
2175.376462
2175.408403
2175.469501
2175.589821
2175.616341
2175.654118
2175.654844
2175.729304
2175.844725
2175.855839
2175.868916
2175.993902
2176.071492
2176.079704
2176.106009
2176.111844
2176.241689
2176.249270
2176.268570
2176.398123
2176.748141
2176.763768
2176.813547
2176.894639
2176.905852
2176.928529
2176.938382
2177.006579
2177.074300
2177.077618
2177.143281
2177.163259
2177.164984
2177.217151
2177.355858
2177.389614
2177.498636
2177.503519
2177.533444
2177.621465
2177.778925
2177.950256
2178.053307
2178.453156
2178.455448
2178.498738
2178.538403
2178.650891
2178.848996
2178.857418
2178.876329
2178.913459
2179.037100
2179.181293
2179.276141
2179.283249
2179.348683
2179.395894
2179.401204
2179.445950
2179.507522
2179.536080
2179.598745
2179.801880
2179.845117
2179.966166
2179.978075
2180.005251
2180.129482
2180.202917
2180.317492
2180.370215
2180.404318
2180.466438
2180.475274
2180.559915
2180.582078
2180.607746
2180.635530
2180.694832
2180.719084
2180.754019
2180.755264
2180.804727
2181.053625
2181.069799
2181.170439
2181.242182
2181.264028
2181.283660
2181.312368
2181.325538
2181.370479
2181.469623
2181.478244
2181.519357
2181.604380
2181.765035
2181.797690
2181.802858
2181.819158
2181.912638
2181.943380
2182.011391
2182.416687
2182.494594
2182.580749
2182.717786
2182.727145
2182.804965
2182.865138
2182.874490
2182.952167
2183.089833
2183.392483
2183.422085
2183.455258
2183.465237
2183.522066
2183.610880
2183.782869
2183.800248
2183.883573
2183.932941
2184.029568
2184.112361
2184.197124
2184.205559
2184.264495
2184.284166
2184.391481
2184.416689
2184.457576
2184.525281
2184.553634
2184.600679
2184.957827
2184.979203
2185.107156
2185.130080
2185.172235
2185.192956
2185.200601
2185.213373
2185.241579
2185.270574
2185.276570
2185.294466
2185.383081
2185.438319
2185.441299
2185.466864
2185.501584
2185.523411
2185.630316
2185.768202
2186.017957
2186.170662
2186.341488
2186.452812
2186.459320
2186.491329
2186.518903
2186.638741
2186.666807
2186.785111
2186.791479
2186.893228
2186.927259
2186.954957
2187.015440
2187.067902
2187.091512
2187.127647
2187.172781
2187.194825
2187.224663
2187.248185
2187.299938
2187.301614
2187.321149
2187.376867
2187.408213
2187.457024
2187.508210
2187.515758
2187.582916
2187.647839
2187.862369
2187.944591
2187.978962
2188.133216
2188.189473
2188.241488
2188.417084
2188.469732
2188.639122
2188.650323
2188.656277
2188.801136
2188.815870
2188.859593
2188.927070
2188.930579
2188.931273
2188.939130
2189.058034
2189.103335
2189.105577
2189.119937
2189.158986
2189.191211
2189.246874
2189.263172
2189.352217
2189.380610
2189.409178
2189.450053
2189.528046
2189.713332
2189.801424
2189.977115
2189.990151
2189.993561
2190.130137
2190.267187
2190.285053
2190.418642
2190.461291
2190.478801
2190.523539
2190.555171
2190.630594
2190.636060
2190.847592
2190.849245
2190.885497
2191.025068
2191.058726
2191.065338
2191.137017
2191.177967
2191.212885
2191.336740
2191.351482
2191.383273
2191.531630
2191.544758
2191.741302
2191.804572
2191.806174
2191.855422
2191.928707
2191.940191
2191.992076
2192.015799
2192.128838
2192.187095
2192.457126
2192.463543
2192.580816
2192.596282
2192.602015
2192.708152
2192.804539
2193.015040
2193.032491
2193.216884
2193.228709
2193.395446
2193.431558
2193.473535
2193.555620
2193.560664
2193.576401
2193.728934
2193.802332
2194.031119
2194.054207
2194.098446
2194.126991
2194.210675
2194.276847
2194.286074
2194.360170
2194.375571
2194.388137
2194.539598
2194.700600
2194.704156
2194.765302
2194.928708
2194.930619
2195.139605
2195.196798
2195.243742
2195.352877
2195.372912
2195.459525
2195.481697
2195.532585
2195.545837
2195.567294
2195.619218
2195.630612
2195.668702
2195.712689
2195.912574
2195.982155
2196.003401
2196.109926
2196.157760
2196.279165
2196.352235
2196.437762
2196.462018
2196.510511
2196.571754
2196.730607
2196.778018
2196.844183
2196.984653
2196.985719
2197.050304
2197.169555
2197.173268
2197.176883
2197.177581
2197.189155
2197.266443
2197.269965
2197.319440
2197.497416
2197.497930
2197.504002
2197.534419
2197.554661
2197.597696
2197.611018
2197.625133
2197.648898
2197.807414
2197.830797
2197.867620
2197.891509
2197.933882
2197.981195
2198.122070
2198.235026
2198.264508
2198.296596
2198.297665
2198.311188
2198.311318
2198.453897
2198.522828
2198.620179
2198.752332
2198.782989
2198.868550
2198.890087
2199.221909
2199.251665
2199.426555
2199.456021
2199.472312
2199.538298
2199.633097
2199.841089
2199.883857
2200.004198
2200.008384
2200.082995
2200.137839
2200.203486
2200.252338
2200.341263
2200.378333
2200.390478
2200.560278
2200.593077
2200.636877
2201.046391
2201.130711
2201.160148
2201.174411
2201.237259
2201.238714
2201.379774
2201.427331
2201.468549
2201.699536
2201.707514
2201.871555
2201.899204
2201.939191
2202.033030
2202.084747
2202.196755
2202.227659
2202.268418
2202.269352
2202.288802
2202.331263
2202.427022
2202.432484
2202.518513
2202.545750
2202.553981
2202.565752
2202.626107
2202.670782
2202.784130
2202.837268
2203.033912
2203.205925
2203.292608
2203.298836
2203.310183
2203.319244
2203.351222
2203.437899
2203.595729
2203.604707
2203.642545
2203.659575
2203.723779
2203.912390
2203.954035
2204.023191
2204.077954
2204.125917
2204.232647
2204.352587
2204.355723
2204.367978
2204.413351
2204.462612
2204.463999
2204.509597
2204.533079
2204.583455
2204.602094
2204.631517
2204.646332
2204.782543
2204.864560
2205.014681
2205.019536
2205.029947
2205.198646
2205.262395
2205.375499
2205.542818
2205.549401
2205.562338
2205.634523
2205.645786
2205.750303
2205.868450
2205.895342
2205.982286
2206.002654
2206.005466
2206.070186
2206.142469
2206.174329
2206.192111
2206.205231
2206.221473
2206.279335
2206.286572
2206.332413
2206.343947
2206.374638
2206.510200
2206.532197
2206.553096
2206.645731
2206.678459
2206.729339
2206.985259
2207.229573
2207.248043
2207.300861
2207.324654
2207.363788
2207.477880
2207.495112
2207.536966
2207.555778
2207.695006
2207.753592
2207.792440
2207.796038
2207.810264
2207.923504
2208.046031
2208.170803
2208.176821
2208.178891
2208.247483
2208.250512
2208.281063
2208.288885
2208.311226
2208.420738
2208.448618
2208.527175
2208.541937
2208.589068
2208.624977
2208.649992
2208.704418
2208.742516
2208.804117
2208.818994
2208.939798
2208.953796
2208.968101
2208.985648
2209.114471
2209.132026
2209.154272
2209.319179
2209.352989
2209.431747
2209.496632
2209.608000
2209.608599
2209.694926
2209.864501
2209.872681
2209.938713
2210.110840
2210.203881
2210.224894
2210.244060
2210.298934
2210.376991
2210.469369
2210.473366
2210.478295
2210.508393
2210.603033
2210.647600
2210.729735
2210.872829
2211.081010
2211.137482
2211.139890
2211.161879
2211.172277
2211.184060
2211.234168
2211.275915
2211.279735
2211.344282
2211.373380
2211.513872
2211.531092
2211.532008
2211.544067
2211.646980
2211.683623
2211.782502
2211.889314
2211.995061
2212.067821
2212.083323
2212.101652
2212.105102
2212.199910
2212.259665
2212.356902
2212.542453
2212.592313
2212.653516
2212.715171
2212.901953
2212.902132
2212.989700
2213.053296
2213.200418
2213.250428
2213.411182
2213.415890
2213.429417
2213.530000
2213.545778
2213.682076
2213.691923
2213.700188
2213.776846
2213.790820
2213.937318
2213.973823
2213.976765
2214.039103
2214.125186
2214.146977
2214.148279
2214.156483
2214.204728
2214.251371
2214.262291
2214.355712
2214.361270
2214.365508
2214.480757
2214.596329
2214.694086
2214.715488
2214.854547
2214.920635
2214.966469
2215.052038
2215.060728
2215.105691
2215.126662
2215.132603
2215.260862
2215.341504
2215.346204
2215.560596
2215.835045
2216.138930
2216.252417
2216.258283
2216.314046
2216.321937
2216.326333
2216.335064
2216.343076
2216.442518
2216.522196
2216.815466
2216.837947
2216.862773
2216.890713
2216.958692
2216.972613
2216.996179
2217.014748
2217.054048
2217.172449
2217.187039
2217.234789
2217.284547
2217.328409
2217.398317
2217.442339
2217.442427
2217.444432
2217.646298
2217.685174
2217.687315
2217.757092
2217.777922
2217.828056
2217.838429
2217.848148
2217.903007
2217.906838
2218.043956
2218.055119
2218.075304
2218.076579
2218.256283
2218.260085
2218.316143
2218.330539
2218.341448
2218.348715
2218.391732
2218.459066
2218.460624
2218.489223
2218.498029
2218.586312
2218.765751
2218.773098
2218.826574
2218.949733
2219.108323
2219.192096
2219.280906
2219.310579
2219.317285
2219.392671
2219.401769
2219.454967
2219.624073
2219.695528
2219.761591
2219.847623
2219.848849
2219.980790
2220.047716
2220.106929
2220.168431
2220.172983
2220.239285
2220.297536
2220.327544
2220.380039
2220.449126
2220.529531
2220.540536
2220.703910
2220.906080
2221.074710
2221.082797
2221.200608
2221.303094
2221.341805
2221.358614
2221.371718
2221.460329
2221.607744
2221.655587
2221.686423
2221.702225
2221.723939
2221.765477
2221.826699
2221.907220
2221.929475
2221.931570
2221.977908
2222.034679
2222.083483
2222.184594
2222.208233
2222.261907
2222.284015
2222.329595
2222.385474
2222.401287
2222.406776
2222.499934
2222.506304
2222.526793
2222.560795
2222.606872
2222.652866
2222.797901
2222.830888
2222.895667
2223.056936
2223.073954
2223.074600
2223.200792
2223.207857
2223.257464
2223.299222
2223.333348
2223.373472
2223.701601
2223.720287
2223.797751
2223.859039
2224.118934
2224.211029
2224.253184
2224.258374
2224.363275
2224.448609
2224.471842
2224.471981
2224.540653
2224.793538
2224.808097
2225.006425
2225.124841
2225.132184
2225.149625
2225.280649
2225.358899
2225.385538
2225.486235
2225.502088
2225.535509
2225.575065
2225.712460
2225.755617
2225.776247
2225.822784
2225.844349
2225.873773
2226.172903
2226.308477
2226.361500
2226.405558
2226.509545
2226.708317
2226.738012
2226.739442
2226.755835
2226.775815
2226.781726
2226.861210
2226.911036
2226.961351
2226.977759
2227.075156
2227.105425
2227.117013
2227.134149
2227.209030
2227.324435
2227.410565
2227.463476
2227.464272
2227.688255
2227.791595
2227.893901
2227.958331
2227.978142
2227.995796
2228.028519
2228.033304
2228.034684
2228.052144
2228.114334
2228.218320
2228.231846
2228.242398
2228.244436
2228.248815
2228.256689
2228.309068
2228.397654
2228.518381
2228.525813
2228.567217
2228.580745
2228.606818
2228.714225
2228.749292
2228.757706
2228.921768
2229.006054
2229.225694
2229.270270
2229.288638
2229.299512
2229.334244
2229.384010
2229.400260
2229.416797
2229.454159
2229.548996
2229.573333
2229.588463
2229.602015
2229.615457
2229.615918
2229.799830
2229.814067
2229.818237
2229.866914
2229.922102
2229.922348
2229.946394
2230.026901
2230.154791
2230.184693
2230.291715
2230.391382
2230.423272
2230.618749
2230.750188
2230.820750
2231.012370
2231.143842
2231.213518
2231.240687
2231.318252
2231.326782
2231.401588
2231.425145
2231.458326
2231.525167
2231.538715
2231.561632
2231.689152
2231.696679
2231.702442
2231.734534
2231.750204
2231.869675
2231.897875
2232.147063
2232.148630
2232.197316
2232.214251
2232.256006
2232.259592
2232.435107
2232.661476
2232.789779
2232.942435
2232.984078
2233.051704
2233.104533
2233.119491
2233.185663
2233.252760
2233.392414
2233.399868
2233.425611
2233.621150
2233.820450
2233.838332
2233.854252
2234.231317
2234.275637
2234.481996
2234.530370
2234.543153
2234.545889
2234.604801
2234.613744
2234.641741
2234.648572
2234.702482
2234.710885
2234.983122
2234.990297
2234.991007
2235.010469
2235.019378
2235.161367
2235.165605
2235.168577
2235.184321
2235.294988
2235.361582
2235.406469
2235.432039
2235.445699
2235.498235
2235.516236
2235.564076
2235.621611
2235.711187
2235.744882
2235.756006
2235.789377
2235.926510
2235.955347
2235.983871
2236.026826
2236.284504
2236.484744
2236.515868
2236.517992
2236.522203
2236.568759
2236.675996
2236.757510
2236.848881
2236.872349
2236.904676
2236.982224
2236.993922
2237.067605
2237.091973
2237.118198
2237.137788
2237.148078
2237.179733
2237.208370
2237.344266
2237.368614
2237.392529
2237.422630
2237.478940
2237.542955
2237.575200
2237.607894
2237.750712
2237.823854
2237.956731
2238.003106
2238.119982
2238.262670
2238.363320
2238.379771
2238.564178
2238.653180
2238.685183
2238.772874
2238.780964
2238.802653
2238.825047
2238.869650
2238.923504
2238.940219
2238.950498
2239.115079
2239.165522
2239.192104
2239.220570
2239.221110
2239.356092
2239.375777
2239.565501
2239.605037
2239.661052
2239.661294
2239.781845
2239.794294
2239.901419
2239.935090
2239.940911
2239.956223
2240.011588
2240.136862
2240.148272
2240.171741
2240.214391
2240.228469
2240.234596
2240.257312
2240.259152
2240.271904
2240.290553
2240.294267
2240.301275
2240.326846
2240.368068
2240.424041
2240.471878
2240.508312
2240.577467
2240.622296
2240.698490
2240.770955
2241.170982
2241.174989
2241.192431
2241.214429
2241.264899
2241.278762
2241.280103
2241.282384
2241.296912
2241.299823
2241.334128
2241.356875
2241.376716
2241.385361
2241.406227
2241.427333
2241.483021
2241.542081
2241.603402
2241.616052
2241.768492
2241.810237
2241.830322
2241.835343
2241.863032
2241.865877
2241.893209
2241.911322
2242.198430
2242.222318
2242.309010
2242.348137
2242.475006
2242.499278
2242.542120
2242.543027
2242.596773
2242.598899
2242.673827
2242.875610
2242.924008
2243.335034
2243.414487
2243.414643
2243.453828
2243.554787
2243.576695
2243.601566
2243.609670
2243.637851
2243.688109
2243.714032
2243.781689
2243.790931
2243.798902
2243.856015
2244.038408
2244.177019
2244.242858
2244.252086
2244.270002
2244.280699
2244.308680
2244.310313
2244.376253
2244.387267
2244.546616
2244.649231
2244.689992
2244.799449
2244.856105
2245.053257
2245.114428
2245.131624
2245.226390
2245.415851
2245.486478
2245.539217
2245.605017
2245.689654
2245.886197
2246.054666
2246.062254
2246.073592
2246.191275
2246.250770
2246.266976
2246.269791
2246.305426
2246.358075
2246.359489
2246.397152
2246.509197
2246.557971
2246.585651
2246.603232
2246.665845
2246.710995
2246.772225
2246.837426
2246.927091
2246.941840
2246.947505
2247.046158
2247.117429
2247.145543
2247.149935
2247.184271
2247.228109
2247.251373
2247.287986
2247.342177
2247.386098
2247.530790
2247.628652
2247.701712
2247.762639
2247.783313
2247.792057
2247.934830
2247.996479
2248.034107
2248.098257
2248.179858
2248.277464
2248.331718
2248.445452
2248.502386
2248.612951
2248.613850
2248.674535
2248.713295
2248.791127
2248.867200
2248.977627
2249.128028
2249.185399
2249.309550
2249.336535
2249.367446
2249.374748
2249.379869
2249.391322
2249.625351
2249.705056
2249.848408
2249.883335
2249.929832
2250.012971
2250.064969
2250.082804
2250.103034
2250.110154
2250.153971
2250.173801
2250.176126
2250.373437
2250.492305
2250.563488
2250.598783
2250.657096
2250.765384
2250.982685
2250.993717
2251.015385
2251.025284
2251.026467
2251.032517
2251.048530
2251.191388
2251.292258
2251.351358
2251.404579
2251.466500
2251.533615
2251.547188
2251.564172
2251.581859
2251.605583
2251.626152
2251.655008
2251.679503
2251.770128
2251.817512
2251.904880
2251.918280
2252.109130
2252.137169
2252.377359
2252.426070
2252.624544
2252.720794
2252.734885
2252.737036
2252.916605
2253.059692
2253.103020
2253.201346
2253.236833
2253.256492
2253.258524
2253.259850
2253.352311
2253.435139
2253.489406
2253.579173
2253.624924
2253.697635
2253.792058
2253.860606
2253.961191
2253.993937
2254.060437
2254.066135
2254.080266
2254.085431
2254.101926
2254.137911
2254.154632
2254.169910
2254.234195
2254.236909
2254.298704
2254.300339
2254.345285
2254.380592
2254.524814
2254.524839
2254.619229
2254.641358
2254.673912
2254.698951
2254.800303
2254.802132
2254.806901
2254.861540
2254.908400
2254.918489
2254.950774
2255.126180
2255.259465
2255.397870
2255.531502
2255.583007
2255.726729
2255.754593
2255.907884
2255.915648
2255.926612
2256.104635
2256.222404
2256.348693
2256.352225
2256.353897
2256.365875
2256.418508
2256.432554
2256.490825
2256.597013
2256.652241
2256.700175
2256.750802
2256.757386
2256.761659
2256.769389
2256.912282
2256.913499
2256.960665
2256.977486
2256.996244
2257.025717
2257.037445
2257.089778
2257.116629
2257.216245
2257.267148
2257.356720
2257.450752
2257.466202
2257.493557
2257.540636
2257.571873
2257.646811
2257.658826
2257.728066
2257.753541
2257.758668
2257.810790
2257.828908
2257.844858
2257.971408
2258.015970
2258.022037
2258.034808
2258.036296
2258.061760
2258.246000
2258.307391
2258.552913
2258.556319
2258.561012
2258.580645
2258.648847
2258.672911
2258.927189
2258.942883
2259.147373
2259.244232
2259.398523
2259.414389
2259.474437
2259.509321
2259.523589
2259.669674
2259.716969
2259.727629
2259.802036
2259.856282
2259.884703
2259.929979
2260.004674
2260.201853
2260.225897
2260.249432
2260.275418
2260.293994
2260.312747
2260.336017
2260.456499
2260.464986
2260.493479
2260.584781
2260.620889
2260.708871
2260.733102
2260.966437
2260.997060
2261.010904
2261.011308
2261.019136
2261.091363
2261.135216
2261.155330
2261.247012
2261.279807
2261.305830
2261.346776
2261.530684
2261.531026
2261.629441
2261.631937
2261.634289
2261.660866
2262.034453
2262.047604
2262.079927
2262.134858
2262.170171
2262.232801
2262.234326
2262.414598
2262.416578
2262.454956
2262.527021
2262.575044
2262.601767
2262.687958
2262.688964
2262.707736
2262.866054
2262.914409
2262.922003
2262.973509
2263.007670
2263.078897
2263.080156
2263.175610
2263.210411
2263.237867
2263.265968
2263.361231
2263.367306
2263.374698
2263.380017
2263.446253
2263.476287
2263.631380
2263.647324
2263.650360
2263.678373
2263.687714
2263.696854
2263.754497
2263.782262
2263.884439
2263.915726
2263.937379
2263.938515
2264.017309
2264.118695
2264.125216
2264.194322
2264.213904
2264.303582
2264.365680
2264.395500
2264.570013
2264.704883
2264.709260
2264.780304
2264.803228
2264.904932
2264.951724
2265.033701
2265.077775
2265.087241
2265.205246
2265.263179
2265.307852
2265.338651
2265.341002
2265.396241
2265.594357
2265.616854
2265.686207
2265.688051
2265.715336
2265.821715
2265.850962
2266.113195
2266.140551
2266.178184
2266.256640
2266.306709
2266.329558
2266.456188
2266.494410
2266.515045
2266.638645
2266.812684
2266.848518
2266.871174
2267.007502
2267.046347
2267.115411
2267.160138
2267.188605
2267.286940
2267.358829
2267.449153
2267.507251
2267.522369
2267.624618
2267.756311
2267.793227
2267.861749
2267.956603
2267.996860
2268.001039
2268.026942
2268.028106
2268.118603
2268.165679
2268.186637
2268.343339
2268.348147
2268.373414
2268.427424
2268.538665
2268.604017
2268.614584
2268.635004
2268.698434
2268.783399
2268.877486
2268.919287
2268.949227
2268.971617
2268.981320
2269.069376
2269.106333
2269.309313
2269.363239
2269.371897
2269.419531
2269.425000
2269.445622
2269.463546
2269.494018
2269.522356
2269.665430
2269.784498
2269.800806
2269.804219
2269.889125
2270.005962
2270.035758
2270.151810
2270.171147
2270.266485
2270.295514
2270.312338
2270.385247
2270.422365
2270.434714
2270.494993
2270.517955
2270.525941
2270.651534
2270.875816
2270.878420
2270.969839
2270.997238
2271.034622
2271.209452
2271.308681
2271.366698
2271.373673
2271.398788
2271.445307
2271.573619
2271.605158
2271.629961
2271.770870
2271.798106
2271.801097
2271.817019
2271.903962
2271.951204
2271.952255
2271.962815
2271.977405
2271.979216
2271.987579
2272.114900
2272.196604
2272.214944
2272.216744
2272.230690
2272.415002
2272.436261
2272.446566
2272.477120
2272.529008
2272.741940
2272.840895
2272.964654
2273.023763
2273.101382
2273.246185
2273.345958
2273.357520
2273.371999
2273.376606
2273.570340
2273.625672
2273.753805
2273.798979
2273.817049
2273.862454
2273.869672
2273.873369
2274.148357
2274.188802
2274.219451
2274.385147
2274.387075
2274.515152
2274.569492
2274.584264
2274.669783
2274.705928
2274.828613
2274.862847
2274.887648
2275.015580
2275.144962
2275.155794
2275.277433
2275.333952
2275.358925
2275.458196
2275.637144
2275.640087
2275.684336
2275.713225
2275.796887
2276.010372
2276.019061
2276.134522
2276.184103
2276.196257
2276.231820
2276.237454
2276.337131
2276.411499
2276.515665
2276.522029
2276.532386
2276.564255
2276.605496
2276.807723
2276.832003
2277.000551
2277.099988
2277.103970
2277.122606
2277.150484
2277.159419
2277.206760
2277.226207
2277.238962
2277.436147
2277.537615
2277.546377
2277.607403
2277.659584
2277.690265
2277.781824
2277.906505
2277.960292
2278.051790
2278.153492
2278.169751
2278.397208
2278.399847
2278.415993
2278.438962
2278.454763
2278.633541
2278.702264
2278.717933
2278.726991
2278.740815
2278.825642
2278.892069
2278.893172
2278.949194
2279.110092
2279.209492
2279.262146
2279.420985
2279.493974
2279.501010
2279.594099
2279.696026
2279.709877
2279.756349
2279.764375
2279.945842
2279.982994
2280.127022
2280.272603
2280.304989
2280.333315
2280.418846
2280.450275
2280.593859
2280.622923
2280.657407
2280.884559
2281.112425
2281.216921
2281.304901
2281.589035
2281.614019
2281.630785
2281.641299
2281.657175
2281.853411
2281.887607
2281.912579
2282.047501
2282.167876
2282.191138
2282.200452
2282.293267
2282.296691
2282.299803
2282.326359
2282.351309
2282.357686
2282.375500
2282.423128
2282.464111
2282.475441
2282.528479
2282.540169
2282.556447
2282.593215
2282.642459
2282.660076
2282.672229
2282.712619
2282.747480
2282.878676
2282.881519
2282.955835
2283.038390
2283.166579
2283.203209
2283.209892
2283.234254
2283.263461
2283.325355
2283.404264
2283.405152
2283.418107
2283.604542
2283.660415
2283.660591
2283.699741
2283.719591
2283.736262
2283.789901
2283.831861
2283.851814
2283.858388
2283.879238
2283.915927
2284.006484
2284.023478
2284.118475
2284.130372
2284.134079
2284.277009
2284.319332
2284.329473
2284.425686
2284.540922
2284.657707
2284.691520
2284.710880
2284.780334
2284.855496
2284.926942
2285.126133
2285.161729
2285.210666
2285.216826
2285.231170
2285.249670
2285.383071
2285.480690
2285.703228
2285.995068
2286.066239
2286.194610
2286.331799
2286.360808
2286.368931
2286.421836
2286.463277
2286.548978
2286.577530
2286.581252
2286.632340
2286.652754
2286.976093
2287.124129
2287.171574
2287.225821
2287.366479
2287.453034
2287.504782
2287.563816
2287.694311
2287.754975
2287.860069
2287.888339
2288.001324
2288.005116
2288.037666
2288.091393
2288.185231
2288.287820
2288.291951
2288.304892
2288.409283
2288.462158
2288.500499
2288.537926
2288.671700
2288.674201
2288.769094
2288.859653
2288.986524
2289.010139
2289.030482
2289.108241
2289.123716
2289.156244
2289.246053
2289.265056
2289.324836
2289.383872
2289.398611
2289.524251
2289.617076
2289.805557
2289.833592
2289.916906
2289.959853
2289.996005
2290.015075
2290.030400
2290.148005
2290.302504
2290.644942
2290.694784
2290.708420
2290.767329
2290.796293
2290.873674
2290.887055
2291.273657
2291.310274
2291.361497
2291.391603
2291.421005
2291.605612
2291.621249
2291.644515
2291.684507
2291.728296
2291.908187
2292.023991
2292.071482
2292.089649
2292.095380
2292.163873
2292.168480
2292.214029
2292.250224
2292.309935
2292.325096
2292.327916
2292.408058
2292.619129
2292.624046
2292.626553
2292.645035
2292.651089
2292.752418
2292.757568
2292.801277
2292.894119
2292.896395
2292.926120
2292.986674
2293.003369
2293.065627
2293.090430
2293.133131
2293.293114
2293.328790
2293.333216
2293.436533
2293.444510
2293.451145
2293.464180
2293.509580
2293.511183
2293.584238
2293.607070
2293.783168
2293.836471
2293.862050
2294.077530
2294.101858
2294.239360
2294.331162
2294.420547
2294.424028
2294.560768
2294.678266
2294.723837
2294.741201
2294.857421
2294.976420
2295.069028
2295.094554
2295.119318
2295.224090
2295.246809
2295.396097
2295.408367
2295.438176
2295.499743
2295.610695
2295.743184
2295.791056
2295.805960
2295.833560
2295.873529
2295.940878
2295.945381
2295.955500
2295.987084
2296.054476
2296.121992
2296.160663
2296.176937
2296.179423
2296.258401
2296.373728
2296.471442
2296.554299
2296.558667
2296.588596
2296.642624
2296.645096
2296.652525
2296.745101
2296.842184
2296.850675
2296.871953
2297.021895
2297.045393
2297.052201
2297.231751
2297.263205
2297.311110
2297.437286
2297.538039
2297.647886
2297.651034
2297.683031
2297.715327
2297.804764
2297.839816
2297.855775
2297.860382
2297.919915
2298.112100
2298.150264
2298.161253
2298.224593
2298.236234
2298.247013
2298.277005
2298.278589
2298.350462
2298.352770
2298.442187
2298.478247
2298.553045
2298.553520
2298.644909
2298.837301
2298.912524
2298.947014
2299.177811
2299.318416
2299.798222
2299.830801
2299.872564
2299.904443
2300.023570
2300.032385
2300.062628
2300.068464
2300.086152
2300.130790
2300.361524
2300.489475
2300.653556
2300.720885
2300.727725
2300.771243
2300.781885
2300.786767
2300.788737
2300.900003
2300.977998
2300.985726
2301.010312
2301.019840
2301.021705
2301.061294
2301.107725
2301.202928
2301.204192
2301.264041
2301.335801
2301.390825
2301.400344
2301.448589
2301.471597
2301.479733
2301.485435
2301.574141
2301.598605
2301.689103
2301.706713
2301.858941
2301.902709
2301.929177
2301.955371
2301.963601
2301.998364
2302.242912
2302.541272
2302.824992
2302.833945
2302.961011
2303.106115
2303.203387
2303.225736
2303.331983
2303.365756
2303.366592
2303.392084
2303.463209
2303.524712
2303.542304
2303.611620
2303.638184
2303.669541
2303.670219
2303.706743
2303.716572
2303.863720
2303.883671
2303.970437
2304.097362
2304.313524
2304.322514
2304.324768
2304.338919
2304.343026
2304.375533
2304.403217
2304.458933
2304.471896
2304.472763
2304.539109
2304.596523
2304.613534
2304.655163
2304.692461
2304.718952
2304.766476
2304.786966
2304.839806
2304.923191
2304.933430
2304.998083
2305.133790
2305.138697
2305.167313
2305.312968
2305.317535
2305.425970
2305.565719
2305.673967
2305.729951
2305.801945
2305.818981
2305.850348
2305.940739
2306.067454
2306.084411
2306.085513
2306.135893
2306.289384
2306.322994
2306.326784
2306.357639
2306.383839
2306.463928
2306.589207
2306.605629
2306.606017
2306.843387
2306.867216
2306.921984
2306.955972
2306.969775
2307.020851
2307.096228
2307.219916
2307.376991
2307.401739
2307.413191
2307.536089
2307.537627
2307.577197
2307.831723
2307.831735
2307.872720
2307.921801
2308.009967
2308.073546
2308.087118
2308.186266
2308.190669
2308.270109
2308.281992
2308.402805
2308.479535
2308.647760
2308.716738
2308.765689
2308.818063
2308.901682
2308.945927
2308.946388
2309.001714
2309.011403
2309.053694
2309.094430
2309.145392
2309.383469
2309.422060
2309.450157
2309.474754
2309.482281
2309.499515
2309.561942
2309.576803
2309.617642
2309.752590
2309.791807
2309.814195
2309.947224
2309.956081
2310.001331
2310.023547
2310.124138
2310.253353
2310.283788
2310.330414
2310.568407
2310.595822
2310.613693
2310.849516
2310.999759
2311.033888
2311.040689
2311.239271
2311.251232
2311.254842
2311.273055
2311.360676
2311.497764
2311.562601
2311.575984
2311.672434
2311.762872
2311.810295
2311.857290
2311.877287
2311.903072
2311.985201
2312.065530
2312.069990
2312.171592
2312.249489
2312.311664
2312.315882
2312.385040
2312.415270
2312.415543
2312.541135
2312.621206
2312.624814
2312.752105
2312.837250
2312.846548
2313.004157
2313.066671
2313.172167
2313.257853
2313.375106
2313.522273
2313.585388
2313.602350
2313.691627
2313.971424
2313.986796
2313.990610
2314.083022
2314.099374
2314.152829
2314.220643
2314.353403
2314.355569
2314.372770
2314.388622
2314.409947
2314.439272
2314.449237
2314.495754
2314.506116
2314.703291
2314.802708
2314.818066
2314.821418
2314.827898
2314.897053
2314.939828
2314.960050
2315.002319
2315.065042
2315.312048
2315.412599
2315.415168
2315.467377
2315.555560
2315.562951
2315.584535
2315.590323
2315.647051
2315.650818
2315.654479
2315.710862
2315.732407
2315.740162
2315.753076
2315.755521
2315.901266
2316.006890
2316.103509
2316.180212
2316.243663
2316.244844
2316.247108
2316.381174
2316.473960
2316.495282
2316.498836
2316.570212
2316.598893
2316.622166
2316.714312
2316.790967
2316.907793
2316.927898
2316.942552
2316.952587
2316.965294
2316.994345
2317.002598
2317.006620
2317.061717
2317.142110
2317.216829
2317.265134
2317.397155
2317.421357
2317.511537
2317.761841
2317.830800
2317.907719
2317.931802
2318.010038
2318.151684
2318.373546
2318.416757
2318.515270
2318.534968
2318.574636
2318.579575
2318.637179
2318.655131
2318.710025
2318.766187
2318.826533
2318.963589
2318.966772
2318.972007
2319.032673
2319.092495
2319.114710
2319.126747
2319.261667
2319.325975
2319.335590
2319.394334
2319.476058
2319.514353
2319.683769
2319.713517
2319.787472
2319.924786
2319.953019
2319.963178
2319.968275
2319.982000
2319.984919
2320.005259
2320.036077
2320.101005
2320.138166
2320.151703
2320.200332
2320.338730
2320.471442
2320.513234
2320.526118
2320.588143
2320.620187
2320.752245
2320.771144
2320.911755
2321.050828
2321.269023
2321.321474
2321.368945
2321.371095
2321.371832
2321.402599
2321.590871
2321.604842
2321.627419
2321.669327
2321.750473
2321.783358
2321.895420
2321.959492
2322.049280
2322.129722
2322.136095
2322.222474
2322.286633
2322.302249
2322.338982
2322.431761
2322.648990
2322.938262
2322.962626
2322.970426
2323.059815
2323.074560
2323.088265
2323.150500
2323.293542
2323.328034
2323.474368
2323.526324
2323.529382
2323.590368
2323.632021
2323.638440
2323.649134
2323.683801
2323.695834
2323.715785
2323.729665
2323.741911
2323.773985
2323.820463
2323.828015
2323.858419
2323.875079
2323.896364
2323.929846
2324.076374
2324.097367
2324.133566
2324.171659
2324.237055
2324.371678
2324.435979
2324.455739
2324.586584
2324.591091
2324.829205
2324.850430
2324.897714
2324.920661
2325.040885
2325.113871
2325.130842
2325.150094
2325.161474
2325.196171
2325.290148
2325.319095
2325.351899
2325.497274
2325.559581
2325.688563
2325.721266
2325.760294
2325.774907
2325.817246
2325.820417
2325.838896
2325.890547
2326.165843
2326.282034
2326.339320
2326.374942
2326.440126
2326.453703
2326.486297
2326.518223
2326.566228
2326.692460
2326.749138
2326.784732
2326.837925
2326.953970
2326.995661
2327.062081
2327.079133
2327.147592
2327.147974
2327.157871
2327.185305
2327.295697
2327.370551
2327.406148
2327.433108
2327.499915
2327.531271
2327.712482
2327.717481
2327.767594
2327.865670
2327.920197
2327.954584
2327.963643
2328.044484
2328.046245
2328.053292
2328.092978
2328.167437
2328.185412
2328.238257
2328.308390
2328.320250
2328.347912
2328.455314
2328.473751
2328.561686
2328.709802
2328.756298
2328.777955
2328.818361
2328.829327
2328.885291
2329.123744
2329.124016
2329.133841
2329.198866
2329.316940
2329.361044
2329.409581
2329.433648
2329.559674
2329.563779
2329.627983
2329.656903
2329.813330
2329.817485
2330.055991
2330.085789
2330.185248
2330.213719
2330.230954
2330.278316
2330.286767
2330.313481
2330.327146
2330.422751
2330.424421
2330.477946
2330.510954
2330.573344
2330.617727
2330.684028
2330.813123
2330.837478
2330.851840
2330.950790
2331.022567
2331.035789
2331.198073
2331.296204
2331.371627
2331.375856
2331.400704
2331.526299
2331.561910
2331.645331
2331.745585
2331.782328
2331.801049
2331.809917
2331.821650
2331.829446
2331.859740
2331.998162
2332.004977
2332.022495
2332.044380
2332.055433
2332.061130
2332.068650
2332.172058
2332.221012
2332.221061
2332.258937
2332.562414
2332.596155
2332.618670
2332.638962
2332.642975
2332.783527
2332.949855
2333.096754
2333.147626
2333.241681
2333.344485
2333.358271
2333.364594
2333.377139
2333.378537
2333.399628
2333.406382
2333.471776
2333.532560
2333.533365
2333.564924
2333.565517
2333.604862
2333.612962
2333.694290
2333.732299
2333.756757
2333.865954
2333.872058
2333.905457
2334.019381
2334.035953
2334.051733
2334.078558
2334.116919
2334.402268
2334.423339
2334.462194
2334.472683
2334.518911
2334.535806
2334.536473
2334.590219
2334.624696
2334.699378
2334.700490
2334.774698
2334.906061
2334.977697
2334.979061
2334.992219
2335.092394
2335.206777
2335.255158
2335.271401
2335.392383
2335.403490
2335.484520
2335.492024
2335.638617
2335.643110
2335.654509
2335.737430
2335.787901
2335.842995
2335.891888
2335.901008
2335.920979
2335.934323
2335.940842
2336.084327
2336.153939
2336.265516
2336.497139
2336.505448
2336.526178
2336.547168
2336.600886
2336.617873
2336.618871
2336.635502
2336.713812
2336.717586
2336.758355
2336.777493
2336.783799
2336.836836
2336.928558
2336.956497
2336.981621
2337.001841
2337.028418
2337.129699
2337.206440
2337.263768
2337.266285
2337.323851
2337.409745
2337.468754
2337.509272
2337.580131
2337.581325
2337.807431
2337.860362
2338.109682
2338.136343
2338.192020
2338.202629
2338.253061
2338.289263
2338.439270
2338.472992
2338.522297
2338.553780
2338.778265
2338.782855
2338.784120
2338.835841
2338.896416
2339.073649
2339.083788
2339.183393
2339.217958
2339.241497
2339.255224
2339.258880
2339.387888
2339.407415
2339.415355
2339.428727
2339.572115
2339.672078
2339.752819
2339.771374
2339.788097
2339.851454
2339.927002
2339.991080
2340.150662
2340.233097
2340.387865
2340.470378
2340.568474
2340.593109
2340.682935
2340.701588
2340.874263
2340.930467
2341.074119
2341.171597
2341.205468
2341.225102
2341.385162
2341.411284
2341.454916
2341.533133
2341.575677
2341.582793
2341.637528
2341.666879
2341.722571
2341.957914
2341.998273
2342.053602
2342.057462
2342.101863
2342.208407
2342.237087
2342.239609
2342.267832
2342.357965
2342.379834
2342.418602
2342.426651
2342.482175
2342.509545
2342.577734
2342.588362
2342.677761
2342.699682
2342.730098
2342.739191
2342.766907
2342.768458
2342.841973
2342.894924
2342.924565
2343.108816
2343.190639
2343.347214
2343.386658
2343.539322
2343.540768
2343.688293
2343.719345
2343.730072
2343.749343
2343.782673
2343.806981
2343.828607
2343.892347
2343.894790
2343.928471
2344.067252
2344.131053
2344.156373
2344.234587
2344.242835
2344.326180
2344.358952
2344.480077
2344.488757
2344.490514
2344.641655
2344.723301
2344.898997
2344.942167
2345.007880
2345.038278
2345.046915
2345.078789
2345.082347
2345.166202
2345.236918
2345.453853
2345.545574
2345.599611
2345.607827
2345.614928
2345.635407
2345.768622
2345.812329
2345.907487
2345.991661
2346.127556
2346.265941
2346.458855
2346.513037
2346.564788
2346.579102
2346.591461
2346.600020
2346.600820
2346.766965
2346.840052
2347.193423
2347.315656
2347.428314
2347.435057
2347.560013
2347.596084
2347.711746
2347.809874
2347.871953
2347.906947
2347.949041
2347.959997
2347.987069
2348.105323
2348.165097
2348.220475
2348.236536
2348.241540
2348.300873
2348.398956
2348.412465
2348.427262
2348.589986
2348.624049
2348.631604
2348.637975
2348.660932
2348.779392
2348.791358
2348.823594
2348.839056
2349.041800
2349.120015
2349.129305
2349.144412
2349.145672
2349.239953
2349.264475
2349.267582
2349.274832
2349.320319
2349.422612
2349.482849
2349.547383
2349.550015
2349.550825
2349.555303
2349.620912
2349.703305
2349.718872
2349.886250
2349.946775
2350.016663
2350.075512
2350.080634
2350.138970
2350.175570
2350.225369
2350.296205
2350.312971
2350.341832
2350.369161
2350.465767
2350.540214
2350.545894
2350.559379
2350.637824
2350.696945
2350.737752
2350.760041
2350.875016
2350.885636
2350.885790
2351.151699
2351.248732
2351.256759
2351.323709
2351.348790
2351.354740
2351.377283
2351.468307
2351.761855
2352.008435
2352.112274
2352.196488
2352.306546
2352.415618
2352.488612
2352.511019
2352.533223
2352.545621
2352.580497
2352.619720
2352.695703
2352.717014
2352.736970
2352.763725
2352.821477
2352.848731
2352.904495
2352.969472
2353.104048
2353.170895
2353.241091
2353.245683
2353.335675
2353.336172
2353.404519
2353.592569
2353.814200
2353.966829
2354.181231
2354.212354
2354.232382
2354.244870
2354.404585
2354.424881
2354.425081
2354.429723
2354.581571
2354.584608
2354.659283
2354.687339
2354.829189
2354.839643
2354.912819
2354.939665
2354.939858
2354.955964
2354.960616
2355.023188
2355.038098
2355.045770
2355.075879
2355.190635
2355.231901
2355.234494
2355.269318
2355.445852
2355.509018
2355.510621
2355.557174
2355.590714
2355.593653
2355.625006
2355.676109
2355.681290
2355.716181
2355.869051
2355.912697
2355.932913
2356.130871
2356.132799
2356.206144
2356.237487
2356.254228
2356.408283
2356.491353
2356.492287
2356.596741
2356.643049
2356.648855
2356.677195
2356.709987
2356.779316
2356.813450
2356.899124
2357.028437
2357.055705
2357.069921
2357.144264
2357.208080
2357.398856
2357.477681
2357.527291
2357.558550
2357.612050
2357.630760
2357.759424
2357.809009
2358.014593
2358.022551
2358.042450
2358.212798
2358.238359
2358.246426
2358.273268
2358.293765
2358.301129
2358.352422
2358.409298
2358.419240
2358.479471
2358.495554
2358.580755
2358.760187
2359.147054
2359.207309
2359.294551
2359.416276
2359.428747
2359.536219
2359.556425
2359.660657
2359.728522
2360.007634
2360.025217
2360.153732
2360.202163
2360.343585
2360.412151
2360.454025
2360.459208
2360.465221
2360.518114
2360.558842
2360.641718
2360.818382
2360.846884
2360.895116
2360.902261
2360.902693
2360.925534
2361.080181
2361.108269
2361.155082
2361.211185
2361.295014
2361.378179
2361.437105
2361.560138
2361.573938
2361.665969
2361.751769
2361.814815
2361.949916
2361.976154
2362.003810
2362.085591
2362.137299
2362.221934
2362.268573
2362.321672
2362.360147
2362.470979
2362.476893
2362.499999
2362.513795
2362.569699
2362.584160
2362.645918
2362.670971
2362.692975
2362.695792
2362.709617
2362.732765
2362.749667
2362.900632
2362.951595
2363.067646
2363.083495
2363.186452
2363.268876
2363.304665
2363.390462
2363.513574
2363.559458
2363.578696
2363.585775
2363.600481
2363.601010
2363.601932
2363.672954
2363.716377
2363.734064
2363.799690
2363.891362
2363.908442
2363.978716
2364.160754
2364.178841
2364.263297
2364.298369
2364.420304
2364.467706
2364.488311
2364.585670
2364.645687
2364.669575
2364.689720
2364.756774
2364.937220
2364.961162
2364.966816
2364.974527
2364.979502
2365.062324
2365.244907
2365.278020
2365.302067
2365.372678
2365.388832
2365.568804
2365.734799
2365.821898
2365.883702
2365.884162
2365.946582
2366.026225
2366.228097
2366.236358
2366.257356
2366.301727
2366.313088
2366.333494
2366.381731
2366.418811
2366.422301
2366.424720
2366.470365
2366.516618
2366.526458
2366.529958
2366.532856
2366.547471
2366.568187
2366.589621
2366.590989
2366.650980
2366.684401
2366.718099
2366.793365
2366.803228
2366.896742
2366.996099
2367.007561
2367.047551
2367.119168
2367.364444
2367.411653
2367.473241
2367.531836
2367.557408
2367.600841
2367.641990
2367.765959
2367.970912
2367.997500
2368.020367
2368.036262
2368.072396
2368.120939
2368.160356
2368.171384
2368.204270
2368.214541
2368.218214
2368.313808
2368.428200
2368.437577
2368.504747
2368.554386
2368.564065
2368.576724
2368.584332
2368.608640
2368.749565
2368.829392
2368.921223
2368.943123
2368.992959
2369.005672
2369.088185
2369.115551
2369.136203
2369.153307
2369.275562
2369.281708
2369.285782
2369.287895
2369.411899
2369.416032
2369.447311
2369.613941
2369.887091
2369.916789
2369.925578
2370.055077
2370.143355
2370.166604
2370.279671
2370.439175
2370.450239
2370.470069
2370.496375
2370.679675
2370.707895
2370.765983
2370.798383
2370.806287
2370.878878
2370.921459
2370.996834
2371.053088
2371.143110
2371.297047
2371.329194
2371.344145
2371.562152
2371.590546
2371.600355
2371.609820
2371.683721
2371.684202
2371.804627
2371.990851
2372.076694
2372.093269
2372.121586
2372.250166
2372.290570
2372.318747
2372.337844
2372.361192
2372.400651
2372.525741
2372.647115
2372.661651
2372.665554
2372.674666
2372.688122
2373.007305
2373.129522
2373.144714
2373.177529
2373.184919
2373.308884
2373.325295
2373.336347
2373.584739
2373.661590
2373.980642
2374.060510
2374.066620
2374.073396
2374.162612
2374.248528
2374.248776
2374.346205
2374.362096
2374.379548
2374.387376
2374.459001
2374.511388
2374.601583
2374.649291
2374.660127
2374.685234
2374.850970
2374.899002
2375.012578
2375.093940
2375.142671
2375.226951
2375.261515
2375.421108
2375.459840
2375.484406
2375.497780
2375.632863
2375.774393
2375.804233
2375.885342
2375.894064
2375.920932
2375.964552
2376.025363
2376.033427
2376.045959
2376.112838
2376.189906
2376.343310
2376.357633
2376.367621
2376.370528
2376.440100
2376.440114
2376.463900
2376.612478
2376.771746
2376.846794
2376.866810
2376.884783
2377.075293
2377.184280
2377.225852
2377.239756
2377.402399
2377.402904
2377.606208
2377.628387
2377.672218
2377.817836
2377.907617
2377.924718
2377.959113
2378.088253
2378.135312
2378.156663
2378.243639
2378.277587
2378.385882
2378.699846
2378.812034
2378.880279
2378.948229
2379.015181
2379.017349
2379.021721
2379.025802
2379.055092
2379.110666
2379.112562
2379.151410
2379.171411
2379.211493
2379.286231
2379.340546
2379.380713
2379.443005
2379.484334
2379.488626
2379.532318
2379.539109
2379.589088
2379.592972
2379.647587
2379.687493
2379.708445
2379.732205
2379.854546
2379.861277
2379.888939
2379.901246
2379.964095
2379.972014
2379.990222
2380.027038
2380.050586
2380.116345
2380.116687
2380.185599
2380.317242
2380.406667
2380.418661
2380.500522
2380.543932
2380.596208
2380.648079
2380.737910
2380.920373
2380.982596
2381.005852
2381.044139
2381.108613
2381.140272
2381.141669
2381.258928
2381.313487
2381.343922
2381.384078
2381.468977
2381.528374
2381.563213
2381.569531
2381.571224
2381.633471
2381.634070
2381.908496
2382.090969
2382.109930
2382.169841
2382.170473
2382.190968
2382.227337
2382.231684
2382.310745
2382.350363
2382.377146
2382.482335
2382.541334
2382.577302
2382.752899
2382.832193
2382.855043
2383.056292
2383.083831
2383.216698
2383.327742
2383.352420
2383.411423
2383.525371
2383.604641
2383.656094
2383.793507
2383.795601
2383.840916
2383.864202
2383.938934
2383.972091
2384.060877
2384.277343
2384.313102
2384.468470
2384.486022
2384.533109
2384.743789
2384.901344
2384.904623
2384.936653
2385.008564
2385.056293
2385.094439
2385.113860
2385.131187
2385.253815
2385.421508
2385.441146
2385.579777
2385.633752
2385.664839
2385.780439
2385.832078
2385.876044
2386.045407
2386.050101
2386.073390
2386.117563
2386.189194
2386.237248
2386.445280
2386.500610
2386.547506
2386.671842
2386.681742
2386.724217
2386.753420
2386.762307
2386.784153
2386.935949
2387.051142
2387.051450
2387.085294
2387.100925
2387.147938
2387.289671
2387.293528
2387.370185
2387.426972
2387.439364
2387.506516
2387.562029
2387.601154
2387.784954
2387.799455
2387.860512
2387.947908
2387.984226
2388.174394
2388.187755
2388.277674
2388.426596
2388.483206
2388.696765
2388.738381
2388.764775
2388.821996
2388.910133
2388.934278
2388.990010
2389.047722
2389.141763
2389.178039
2389.209650
2389.250920
2389.268881
2389.420594
2389.441436
2389.457230
2389.510658
2389.574880
2389.589044
2389.686858
2389.729778
2389.734426
2389.788480
2389.805783
2389.908779
2389.940336
2389.980370
2390.130280
2390.293477
2390.402857
2390.456705
2390.474498
2390.507872
2390.538942
2390.574782
2390.576622
2390.603020
2390.624017
2390.675598
2390.892103
2391.022432
2391.041280
2391.099200
2391.135635
2391.192851
2391.247104
2391.299164
2391.375688
2391.378222
2391.418672
2391.450936
2391.470394
2391.481923
2391.513628
2391.592305
2391.616975
2391.796107
2391.817742
2391.886277
2391.928447
2391.986213
2392.085655
2392.163749
2392.186746
2392.393844
2392.423526
2392.540784
2392.553550
2392.571984
2392.673360
2392.780185
2392.947583
2393.000074
2393.088593
2393.121036
2393.271083
2393.537634
2393.549955
2393.711507
2393.744932
2393.804107
2393.900605
2393.938652
2393.981620
2394.266401
2394.286811
2394.287179
2394.334188
2394.346390
2394.538190
2394.550932
2394.568611
2394.708912
2394.752670
2394.781266
2394.883481
2394.957760
2395.078913
2395.118377
2395.209649
2395.263765
2395.306907
2395.314136
2395.407398
2395.435198
2395.459790
2395.466127
2395.592488
2395.723556
2395.836662
2395.847187
2395.867037
2395.875083
2395.998648
2396.082715
2396.135982
2396.278129
2396.361383
2396.400949
2396.432105
2396.565941
2396.580854
2396.668419
2396.680105
2396.720850
2396.720923
2396.780430
2396.780925
2396.784468
2396.863530
2396.919236
2396.923322
2396.943702
2396.945484
2397.021499
2397.032629
2397.079225
2397.224542
2397.339889
2397.366346
2397.449413
2397.621369
2397.640088
2397.648321
2397.661615
2397.675030
2397.812239
2397.814233
2397.820946
2397.849039
2397.977579
2398.003303
2398.022578
2398.155514
2398.230089
2398.258925
2398.288979
2398.358619
2398.460051
2398.468762
2398.560912
2398.569865
2398.676612
2398.760604
2398.772409
2398.821903
2398.832758
2398.952827
2399.000166
2399.112848
2399.169395
2399.176779
2399.256404
2399.284676
2399.294929
2399.398348
2399.486871
2399.548853
2399.641703
2399.745526
2399.781431
