0.000000
0.024741
0.149157
0.165390
0.177871
0.235247
0.278871
0.342542
0.345767
0.359493
0.379306
0.388582
0.447977
0.502315
0.526916
0.531533
0.636826
0.646645
0.723362
0.729548
0.760222
0.769060
0.827680
0.860817
0.873117
0.881058
0.900140
0.933846
0.955605
0.978986
0.980659
0.988824
1.020116
1.022875
1.023281
1.106449
1.140442
1.194611
1.270724
1.273307
1.293769
1.354790
1.457707
1.470265
1.497439
1.571697
1.576440
1.609013
1.627173
1.641387
1.645788
1.716942
1.722704
1.763181
1.773027
1.801152
1.862213
1.867356
1.891156
1.931091
2.009207
2.009615
2.063510
2.064826
2.069585
2.073697
2.083795
2.278040
2.338397
2.348763
2.365293
2.491186
2.514645
2.556347
2.561524
2.563876
2.642489
2.652302
2.715290
2.768381
2.836562
2.875055
2.932009
3.156499
3.219219
3.317853
3.330287
3.429658
3.569733
3.598538
3.619165
3.640801
3.641236
3.682084
3.745470
3.773654
3.774242
3.807397
3.860607
3.891500
3.891661
3.896034
3.898478
3.963668
4.006188
4.010051
4.011001
4.135827
4.152033
4.166638
4.194457
4.220607
4.221816
4.239540
4.320434
4.360083
4.365534
4.393217
4.414369
4.558423
4.572513
4.573387
4.575242
4.592377
4.719914
4.721532
4.780432
4.820682
4.842427
4.943971
4.997537
5.031133
5.040351
5.057236
5.077456
5.090354
5.138327
5.147681
5.214066
5.223874
5.254066
5.292351
5.363928
5.365698
5.421075
5.427919
5.496126
5.543408
5.577665
5.640947
5.722601
5.921237
5.933148
5.979869
6.007519
6.069099
6.070162
6.119378
6.157052
6.187094
6.333144
6.379678
6.395391
6.524948
6.563737
6.616519
6.642713
6.679832
6.770071
6.840883
6.884410
6.931518
6.956325
7.020541
7.030844
7.064769
7.099556
7.187783
7.251593
7.269375
7.281157
7.309827
7.343349
7.392401
7.402082
7.407229
7.468568
7.477067
7.502721
7.518876
7.613657
7.648181
7.685800
7.697647
7.723071
7.740798
7.902694
7.914753
7.937964
7.998401
8.061693
8.069527
8.082379
8.091284
8.133244
8.190661
8.199460
8.315528
8.370052
8.425793
8.432593
8.453809
8.509696
8.522169
8.527088
8.529282
8.544636
8.616242
8.643725
8.679421
8.750367
8.764766
8.773971
8.868952
8.897711
8.967920
8.982073
9.001567
9.012637
9.055987
9.070111
9.121562
9.204475
9.220561
9.267327
9.268503
9.299113
9.402556
9.470413
9.477384
9.516516
9.598073
9.600021
9.608274
9.683420
9.726692
9.797074
9.815024
9.881330
9.964348
10.101110
10.102381
10.157908
10.183010
10.199636
10.320646
10.335664
10.360575
10.426444
10.489879
10.510990
10.527454
10.529274
10.554179
10.565712
10.608436
10.668022
10.737048
10.803763
10.826568
10.827310
10.959496
10.997477
11.046022
11.048340
11.054135
11.067578
11.207609
11.260024
11.275895
11.278268
11.332032
11.348957
11.458057
11.591676
11.611637
11.641769
11.704476
11.746206
11.748968
11.831407
11.877986
11.896801
11.904488
11.993528
12.020819
12.030423
12.055326
12.074457
12.103085
12.208584
12.238834
12.270534
12.273961
12.373805
12.379869
12.386630
12.449550
12.554108
12.591172
12.614184
12.639462
12.701256
12.712757
12.720743
12.728722
12.735000
12.757272
12.821110
12.837035
12.900889
12.965535
12.968972
12.972665
12.990113
13.030138
13.102638
13.181232
13.220046
13.273711
13.357052
13.373291
13.400255
13.434821
13.442238
13.476075
13.476774
13.481378
13.486122
13.529573
13.610285
13.654174
13.654318
13.745270
13.830410
13.892316
13.909228
13.910963
13.960222
13.973455
13.988221
14.041525
14.058520
14.083828
14.110105
14.110186
14.126654
14.161589
14.183147
14.225464
14.473601
14.540299
14.559838
14.584148
14.696323
14.806684
14.857909
14.907856
14.932491
14.940320
14.962248
15.017691
15.051384
15.082981
15.102040
15.139726
15.196416
15.215262
15.254661
15.275134
15.306047
15.356793
15.377234
15.382780
15.390631
15.514306
15.531858
15.547534
15.646076
15.707181
15.723446
15.723479
15.795993
15.974839
16.004250
16.231528
16.424816
16.478000
16.603941
16.634562
16.668401
16.731951
16.822569
16.861105
16.900593
16.921845
16.989004
16.995456
17.065465
17.068984
17.282738
17.363063
17.418212
17.437893
17.600161
17.700770
17.783422
17.812793
17.895311
17.896027
17.924541
17.978514
17.990226
18.028941
18.070706
18.124198
18.151994
18.168620
18.171171
18.197311
18.234601
18.254353
18.298539
18.305038
18.321534
18.353541
18.372309
18.374652
18.398002
18.402582
18.441886
18.471469
18.511057
18.561147
18.641627
18.643919
18.656514
18.810727
18.840294
18.851515
18.852280
18.879385
19.068285
19.139334
19.144922
19.159561
19.193977
19.218298
19.234694
19.338414
19.430567
19.582800
19.603480
19.641927
19.651433
19.778507
19.802038
19.840026
19.894244
19.902157
20.047648
20.127499
20.145167
20.204244
20.207724
20.251339
20.267542
20.324075
20.466811
20.483161
20.516128
20.534113
20.564010
20.589190
20.602909
20.635549
20.638149
20.650647
20.666647
20.668790
20.700992
20.782425
20.823404
20.884138
20.987427
20.987677
20.998263
21.030973
21.107846
21.141621
21.217749
21.217928
21.248983
21.289232
21.297414
21.332081
21.398275
21.477993
21.504366
21.539804
21.614401
21.681113
21.754759
21.757171
21.773514
21.814327
21.896856
21.957176
21.969403
22.011817
22.058982
22.148402
22.179242
22.211263
22.293010
22.301326
22.301798
22.311969
22.321470
22.349817
22.381377
22.431718
22.456732
22.475734
22.477557
22.513314
22.538406
22.617813
22.734066
22.768028
22.770202
22.779761
22.788242
22.821060
22.922691
22.939814
23.004346
23.012828
23.136780
23.158641
23.230707
23.314991
23.344377
23.358232
23.384322
23.468325
23.471596
23.534504
23.553526
23.589759
23.599000
23.599801
23.634524
23.653402
23.673810
23.713448
23.745485
23.825320
23.853977
23.956537
23.985809
24.050106
24.099465
24.233661
24.305131
24.335494
24.345604
24.409146
24.475349
24.522625
24.548261
24.643192
24.788256
24.801289
24.823599
24.837270
24.841318
24.863407
24.991730
25.034465
25.035632
25.050350
25.101489
25.185799
25.197625
25.208680
25.265987
25.353185
25.409597
25.532058
25.543670
25.586004
25.627057
25.728906
25.729426
25.734024
25.862194
25.886752
25.929541
25.989524
25.993987
25.997711
26.019978
26.037710
26.074247
26.137207
26.186229
26.191295
26.269094
26.297447
26.307917
26.377938
26.406433
26.430325
26.451360
26.489903
26.494606
26.502407
26.528002
26.565981
26.608661
26.610520
26.658859
26.684037
26.792493
26.831258
26.871311
26.886525
26.929569
26.929595
26.976436
27.022876
27.082486
27.115396
27.178756
27.278360
27.294961
27.305941
27.310405
27.361241
27.378912
27.399159
27.429727
27.525849
27.575704
27.616754
27.621028
27.629940
27.636620
27.703693
27.729677
27.885463
27.974086
27.988929
28.047066
28.059721
28.183983
28.211378
28.268072
28.269553
28.271307
28.316361
28.324433
28.325422
28.404881
28.416062
28.422637
28.448900
28.497093
28.612903
28.652614
28.676464
28.699667
28.711184
28.781773
28.819240
28.916861
28.930496
28.979983
29.048260
29.081533
29.170356
29.201278
29.202828
29.207562
29.232457
29.262470
29.340620
29.417156
29.429879
29.477081
29.508803
29.535751
29.559136
29.572409
29.715792
29.741026
29.764016
29.938767
30.012090
30.015471
30.015587
30.026350
30.037235
30.086732
30.130489
30.183603
30.248822
30.263880
30.313409
30.374268
30.388911
30.540864
30.599533
30.607517
30.666842
30.673339
30.680595
30.767573
30.770170
30.782919
30.830404
30.892820
30.912748
30.995242
31.097036
31.117211
31.126021
31.129607
31.145660
31.216886
31.218319
31.224381
31.246589
31.306766
31.326769
31.383795
31.426078
31.428433
31.494563
31.547333
31.548808
31.558511
31.561759
31.588721
31.600957
31.610908
31.638976
31.703550
31.708403
31.719789
31.753445
31.764189
31.771849
31.834957
31.919855
31.929614
31.948707
31.975387
31.977058
31.993334
32.014232
32.107159
32.110174
32.175494
32.188504
32.188994
32.268680
32.340801
32.341305
32.525885
32.527450
32.537233
32.604348
32.638782
32.693738
32.720753
32.724783
32.789161
32.828273
32.979616
33.067592
33.189582
33.218399
33.290705
33.293189
33.343272
33.363333
33.411485
33.438526
33.465971
33.473284
33.510055
33.644531
33.663948
33.669057
33.715856
33.728766
33.736164
33.778079
33.797826
33.878320
33.883639
33.902413
34.121107
34.133590
34.162705
34.262995
34.308980
34.375203
34.424275
34.426917
34.449532
34.470587
34.537598
34.554127
34.591350
34.600563
34.617583
34.627271
34.627933
34.787115
34.811286
34.841223
34.915321
34.934719
35.001636
35.006242
35.045786
35.050444
35.051511
35.058844
35.078761
35.088916
35.109108
35.145556
35.150939
35.204944
35.230062
35.253613
35.310967
35.331718
35.376752
35.456724
35.530401
35.534241
35.556211
35.572075
35.574879
35.653907
35.666482
35.687626
35.724945
35.732628
35.794402
35.822527
35.897374
35.920984
36.013461
36.255340
36.271094
36.309284
36.414219
36.451282
36.592038
36.611230
36.684359
36.776091
36.788880
36.816804
36.824127
36.957673
37.027911
37.044158
37.152694
37.194933
37.221191
37.237232
37.266521
37.457786
37.538509
37.549428
37.566507
37.581941
37.595305
37.789042
37.862343
37.870822
37.878497
37.881160
37.944591
37.947674
37.955619
37.966571
37.989250
38.010892
38.048829
38.078498
38.183746
38.250251
38.290714
38.368306
38.387678
38.674514
38.677155
38.681031
38.739520
38.772919
38.800500
38.816588
38.819481
38.856435
38.859726
38.904959
39.021293
39.055503
39.055755
39.171439
39.198489
39.242810
39.243706
39.265477
39.270331
39.353590
39.408097
39.426293
39.471420
39.520680
39.523466
39.526268
39.526870
39.624497
39.652970
39.730148
39.740991
39.763636
39.826483
39.844627
39.860544
39.874624
39.904213
39.931382
39.994816
40.003788
40.049997
40.080142
40.110531
40.111150
40.126897
40.282457
40.333829
40.358629
40.371632
40.394188
40.442446
40.451104
40.466826
40.502681
40.526584
40.604588
40.630756
40.768824
40.788924
40.821997
40.885378
40.906426
40.912170
41.004147
41.021053
41.181159
41.200969
41.204976
41.252663
41.253481
41.259129
41.276569
41.295512
41.312730
41.324428
41.433023
41.489120
41.505773
41.560097
41.693331
41.718478
41.777307
41.784185
41.991281
41.993542
42.025362
42.088414
42.132363
42.207525
42.286679
42.367401
42.381070
42.391702
42.391812
42.442477
42.473386
42.508042
42.521778
42.618292
42.632212
42.670337
42.708953
42.785075
42.820892
42.832707
42.930351
43.029512
43.046310
43.058659
43.078088
43.154102
43.166407
43.194919
43.284640
43.334706
43.392459
43.400980
43.440313
43.550904
43.569172
43.593004
43.621313
43.662295
43.674372
43.676140
43.683661
43.718884
43.758353
43.789964
43.800004
43.815521
43.841051
43.890484
43.960711
44.010110
44.055094
44.097585
44.098945
44.106634
44.117269
44.132525
44.181994
44.184187
44.219023
44.309848
44.327207
44.489156
44.521968
44.544273
44.585400
44.603073
44.604650
44.605924
44.606029
44.669500
44.771528
44.774501
44.775449
44.792663
44.857520
44.858554
44.914022
44.953192
44.971887
45.007409
45.037907
45.054599
45.065550
45.119711
45.201421
45.249591
45.317868
45.321157
45.339542
45.358868
45.474671
45.499213
45.631463
45.636239
45.640016
45.709411
45.818656
45.821437
45.921404
45.947218
45.963233
46.061254
46.063665
46.167893
46.172141
46.250480
46.352654
46.354702
46.376267
46.550772
46.564507
46.572444
46.581875
46.666332
46.737178
46.857813
46.931813
46.943644
47.069054
47.071453
47.166307
47.265028
47.292914
47.293364
47.315791
47.319436
47.338407
47.387020
47.403003
47.416732
47.530841
47.569642
47.629018
47.702241
47.720761
47.811533
47.897212
47.939838
47.986424
48.001196
48.121668
48.127175
48.156791
48.174015
48.300323
48.315487
48.366251
48.381046
48.391588
48.417461
48.444424
48.447420
48.490310
48.545048
48.578578
48.591334
48.602562
48.666578
48.682909
48.760705
48.786336
48.840588
48.890912
48.901746
48.911264
48.933788
49.044552
49.125413
49.128224
49.213147
49.240930
49.273085
49.413324
49.465348
49.465434
49.557430
49.578980
49.596065
49.651629
49.660185
49.672899
49.683875
49.917929
49.920987
49.967177
49.971627
49.977090
49.987807
50.016830
50.037501
50.138786
50.141568
50.376954
50.452498
50.508687
50.526071
50.538298
50.552567
50.562101
50.583866
50.595790
50.661170
50.689800
50.715528
50.723346
50.757468
50.822011
50.855287
50.888746
51.033081
51.102134
51.141536
51.149787
51.272234
51.320042
51.328467
51.339674
51.352014
51.370148
51.373303
51.526729
51.529076
51.562452
51.592339
51.636032
51.688762
51.709889
51.750765
51.833378
51.843343
51.850740
51.886835
51.899170
51.900627
51.934614
51.951188
51.958475
51.977991
51.999585
52.009478
52.034649
52.043116
52.080809
52.124923
52.130984
52.160910
52.214088
52.291869
52.302311
52.355484
52.392157
52.403980
52.405612
52.436168
52.444096
52.472928
52.585018
52.643789
52.720530
52.733706
52.743539
52.778291
52.784973
52.860281
52.943890
52.944421
52.979532
53.001624
53.212401
53.253490
53.262427
53.279136
53.362344
53.403026
53.416729
53.436255
53.443554
53.467253
53.501424
53.508816
53.520033
53.520644
53.552080
53.566219
53.619481
53.793454
53.867918
53.923554
53.966623
54.100039
54.113245
54.131503
54.172068
54.254215
54.274303
54.311232
54.329102
54.405133
54.462396
54.639066
54.751159
54.831860
54.838475
54.907389
54.983876
54.995185
55.045462
55.048050
55.092538
55.127312
55.136047
55.144661
55.211673
55.214849
55.250360
55.270297
55.296527
55.363763
55.419616
55.473652
55.475812
55.562468
55.567242
55.606071
55.614580
55.711447
55.772599
55.930906
55.937447
55.995913
56.013390
56.019770
56.085383
56.111571
56.152656
56.159843
56.194810
56.230073
56.233416
56.236535
56.317272
56.394701
56.515675
56.660122
56.849853
56.944800
56.966439
57.000270
57.010416
57.136612
57.185992
57.206188
57.238169
57.440806
57.489830
57.573120
57.620105
57.660856
57.688408
57.798596
57.817874
57.859089
57.872141
57.881147
57.886112
57.950436
57.996309
57.997033
58.018692
58.108979
58.114963
58.124208
58.195293
58.278270
58.354722
58.394615
58.413939
58.426575
58.440778
58.503109
58.560650
58.565151
58.565952
58.583496
58.586369
58.601337
58.605092
58.677725
58.729631
58.845381
58.868164
58.904215
58.970772
58.994469
59.080948
59.081508
59.096423
59.109355
59.110546
59.160381
59.174648
59.272761
59.316936
59.464977
59.479811
59.488015
59.578981
59.625334
59.773494
59.886584
59.944939
60.030494
60.048565
60.110863
60.128252
60.175492
60.181192
60.334064
60.424768
60.508568
60.584567
60.668038
60.757645
60.766261
60.782853
60.783597
60.810423
60.848347
60.894144
60.958798
60.972925
61.023138
61.066729
61.088097
61.117473
61.188382
61.198233
61.235357
61.268128
61.436710
61.440560
61.480204
61.525348
61.600910
61.770761
61.833098
61.910530
62.020203
62.161900
62.218685
62.250480
62.314545
62.372858
62.426790
62.435294
62.454822
62.526846
62.586578
62.612577
62.645654
62.696127
62.723354
62.815210
62.961012
62.973331
62.992988
63.032294
63.033847
63.087951
63.132906
63.175399
63.178133
63.211300
63.236035
63.238747
63.239822
63.249450
63.328197
63.378012
63.379853
63.405411
63.460399
63.539697
63.608148
63.681498
63.742677
63.795381
63.817475
63.871387
63.880377
63.907440
63.914226
63.940079
63.986803
64.094082
64.097066
64.112187
64.118042
64.165234
64.187946
64.235875
64.266488
64.315916
64.331163
64.333877
64.362453
64.442078
64.444110
64.474621
64.499544
64.685898
64.689936
64.776003
64.815308
64.949434
64.954227
64.981199
64.993801
65.029069
65.032838
65.038912
65.049266
65.075652
65.091026
65.177811
65.215717
65.343316
65.363883
65.434287
65.434595
65.535454
65.632158
65.656599
65.659367
65.677509
65.716141
65.778262
65.790060
65.875164
65.896665
65.947385
65.953760
65.961730
65.978738
66.031715
66.060307
66.097662
66.114608
66.140427
66.222841
66.261580
66.306557
66.353915
66.369973
66.406404
66.436274
66.439184
66.457827
66.502886
66.572084
66.572180
66.586515
66.630438
66.668736
66.726745
66.731927
66.821214
66.824135
66.842668
66.843204
66.848676
66.897163
66.987630
67.031945
67.050797
67.143261
67.150372
67.182622
67.248460
67.265372
67.277606
67.291454
67.336210
67.385254
67.414356
67.454991
67.490759
67.499785
67.508717
67.643354
67.676965
67.728118
67.807073
67.829117
67.887850
67.902915
67.923892
67.964761
67.970737
67.992834
67.995077
68.040202
68.067220
68.116254
68.121762
68.329652
68.333234
68.345151
68.348147
68.430148
68.486240
68.489031
68.547456
68.597659
68.747191
68.759226
68.947369
68.974411
68.974431
68.976231
69.001916
69.039214
69.064555
69.065011
69.076947
69.083391
69.094200
69.222913
69.230999
69.320817
69.329725
69.360751
69.424042
69.440973
69.441043
69.537015
69.550871
69.587026
69.595360
69.621494
69.629343
69.638113
69.666747
69.699751
69.715855
69.722544
69.755827
69.771792
69.795841
69.807858
69.817705
69.845478
69.881831
69.947570
69.961195
70.013581
70.053587
70.062459
70.091858
70.201404
70.208421
70.219555
70.305881
70.318195
70.355887
70.373836
70.395957
70.439051
70.459801
70.492099
70.521639
70.533707
70.568293
70.615117
70.660916
70.714867
70.735240
70.742782
70.753786
70.759817
70.836767
70.861212
70.861892
70.863779
70.998200
71.035680
71.054952
71.091570
71.110676
71.281714
71.283918
71.304441
71.367873
71.411900
71.488657
71.506964
71.552495
71.557914
71.603055
71.610383
71.615252
71.617360
71.629348
71.657484
71.659899
71.695888
71.717349
71.795662
71.855936
71.923674
72.031187
72.048126
72.086360
72.087748
72.131800
72.180976
72.194767
72.238530
72.297774
72.301626
72.428697
72.479930
72.554600
72.604701
72.618129
72.649272
72.683630
72.714077
72.716580
72.913374
72.932257
73.048916
73.050808
73.100701
73.237233
73.240347
73.309809
73.317090
73.357353
73.412233
73.420431
73.465060
73.468993
73.484913
73.493488
73.530893
73.608213
73.609707
73.620207
73.644769
73.756603
73.862296
73.904271
73.967601
74.031803
74.045375
74.067074
74.085975
74.126372
74.156734
74.183034
74.214827
74.268399
74.336623
74.398271
74.408238
74.420800
74.422605
74.487985
74.556976
74.853415
74.866041
74.869171
74.926739
74.937882
74.943564
74.977941
74.991043
74.993971
75.017353
75.030944
75.109140
75.110750
75.128151
75.156237
75.291469
75.296192
75.298676
75.363346
75.366535
75.414788
75.420470
75.423741
75.447547
75.485714
75.487773
75.513834
75.536227
75.559372
75.576403
75.593532
75.616918
75.667486
75.762652
75.791531
75.901406
75.926629
75.947910
75.966256
75.978721
76.082396
76.112330
76.119505
76.141271
76.231793
76.372220
76.378444
76.381804
76.391838
76.439610
76.479190
76.550007
76.559685
76.576603
76.592661
76.608738
76.675551
76.681068
76.689015
76.715794
76.717656
76.719340
76.731321
76.794351
76.885853
76.939785
76.950796
76.951460
77.016173
77.035527
77.127493
77.141532
77.167869
77.169717
77.187133
77.198957
77.221682
77.266087
77.300852
77.326396
77.435655
77.509481
77.519288
77.555676
77.561879
77.565440
77.566829
77.621798
77.720335
77.801147
77.827726
77.863099
77.891511
77.910734
77.952516
77.998843
78.048378
78.072304
78.115844
78.154140
78.161783
78.179937
78.198963
78.205462
78.227705
78.268874
78.270900
78.291657
78.303351
78.307770
78.361805
78.385480
78.473117
78.500684
78.509702
78.543178
78.722190
78.848609
78.946582
78.984538
78.989208
79.013764
79.064023
79.068795
79.098983
79.104139
79.135477
79.170346
79.201345
79.221814
79.253665
79.277056
79.301136
79.322256
79.358310
79.383898
79.436212
79.524239
79.534862
79.540615
79.545749
79.557284
79.589387
79.695236
79.771540
79.801954
79.841351
79.848333
79.853391
79.857614
79.871281
79.878284
79.884683
79.909459
79.920398
80.022625
80.031623
80.061547
80.067340
80.186005
80.328023
80.343586
80.378000
80.489366
80.510957
80.628154
80.644134
80.668751
80.737574
80.762489
80.841559
80.859618
80.863138
80.872180
80.919707
80.924817
80.966777
81.014708
81.015211
81.078859
81.081887
81.126817
81.127817
81.219438
81.239296
81.264193
81.403194
81.409778
81.421583
81.428684
81.455769
81.592976
81.609270
81.639632
81.675233
81.680959
81.688015
81.800427
81.886572
81.932796
81.958183
81.997823
82.113458
82.135081
82.159605
82.211923
82.229068
82.316281
82.319662
82.355648
82.372907
82.537497
82.592643
82.780360
82.783776
82.785153
82.865615
82.868808
82.873931
82.899365
83.063789
83.070213
83.122681
83.131985
83.171345
83.260164
83.321093
83.328479
83.465727
83.532920
83.551622
83.641344
83.663215
83.681852
83.999603
84.032707
84.123152
84.178215
84.265912
84.318692
84.321514
84.334010
84.354644
84.383847
84.500490
84.506715
84.512296
84.583067
84.664090
84.707433
84.719901
84.762586
84.804944
84.806878
84.844776
84.916080
84.945642
85.023101
85.136818
85.207273
85.213514
85.216657
85.256710
85.302603
85.321883
85.327617
85.396053
85.426250
85.432731
85.438543
85.481957
85.490060
85.567787
85.590328
85.718154
85.771874
85.893257
85.937051
85.946422
86.001417
86.022627
86.063177
86.107028
86.193546
86.264149
86.295800
86.462707
86.476500
86.517252
86.603337
86.612936
86.621544
86.652344
86.721209
86.754769
86.797192
86.885505
86.929128
86.953604
87.063544
87.116979
87.173077
87.265274
87.273738
87.326967
87.359757
87.364746
87.415458
87.513702
87.550018
87.568526
87.585353
87.586098
87.599334
87.671177
87.673367
87.686776
87.690523
87.694169
87.771161
87.841750
87.880278
87.963920
87.968266
87.993761
88.002227
88.060648
88.084235
88.102808
88.103471
88.104563
88.116549
88.139049
88.163706
88.173508
88.179466
88.220626
88.290329
88.292827
88.382054
88.397915
88.401903
88.417814
88.435561
88.448573
88.457443
88.490277
88.509072
88.509824
88.535588
88.541862
88.568334
88.582292
88.598621
88.700035
88.704296
88.717251
88.737747
88.738829
88.805399
88.891578
88.931911
88.963117
88.964502
88.974326
89.065800
89.198294
89.209562
89.224703
89.279743
89.360488
89.419645
89.458990
89.502167
89.644341
89.689659
89.706513
89.753681
89.822445
89.831853
89.884200
89.889984
89.930008
89.976673
89.985980
90.030896
90.031550
90.052968
90.053754
90.065356
90.233428
90.234224
90.246496
90.324344
90.407291
90.409735
90.420662
90.449042
90.562370
90.565512
90.592956
90.614113
90.817374
90.872739
90.875666
91.002383
91.045878
91.070469
91.078216
91.122521
91.126674
91.231559
91.274087
91.344728
91.360276
91.454239
91.473500
91.478752
91.509397
91.521481
91.525231
91.554943
91.602120
91.676575
91.688224
91.718294
91.767108
91.880896
91.891278
91.905398
91.974200
92.096808
92.155613
92.190224
92.233488
92.239207
92.280115
92.319717
92.370418
92.376950
92.449065
92.452104
92.475951
92.518244
92.555077
92.634492
92.725749
92.832151
92.928995
92.960194
92.973419
92.974884
92.978359
92.999282
93.114116
93.114871
93.198173
93.229505
93.271775
93.309184
93.332281
93.334741
93.341684
93.372146
93.388683
93.529715
93.536950
93.573944
93.696311
93.708982
93.718069
93.732319
93.789164
93.791823
93.834435
93.861447
93.883408
93.943547
93.958405
93.958434
93.983148
94.066152
94.098372
94.101487
94.134853
94.181915
94.210784
94.229155
94.231952
94.306187
94.308850
94.334868
94.342227
94.384354
94.414593
94.460511
94.498586
94.525466
94.537033
94.541606
94.549220
94.681869
94.696290
94.734209
94.752233
94.762162
94.791066
94.919422
94.934091
94.968638
95.016390
95.037465
95.093239
95.311065
95.391527
95.446263
95.478853
95.500598
95.503035
95.544565
95.572972
95.597686
95.671188
95.717067
95.735368
95.739449
95.769971
95.774874
95.776514
95.785475
95.796125
95.813393
95.922432
95.924341
95.984085
96.093377
96.166453
96.241829
96.248380
96.264311
96.276453
96.292689
96.391327
96.392229
96.467267
96.558166
96.687676
96.706375
96.716791
96.734152
96.752484
96.781290
96.832794
96.840535
96.841326
96.914943
96.937877
96.953806
96.994069
96.998269
97.063980
97.124755
97.237954
97.337233
97.357596
97.364955
97.370613
97.381160
97.400713
97.432293
97.457777
97.566378
97.575678
97.590844
97.600856
97.603069
97.687516
97.709127
97.734657
97.766439
97.822662
97.829865
97.868549
97.924111
97.954533
98.103494
98.108599
98.143260
98.153619
98.203099
98.242169
98.269561
98.284095
98.290871
98.332078
98.333772
98.417115
98.544152
98.576898
98.657009
98.688553
98.712819
98.765527
98.805691
98.835033
98.874098
98.926502
99.129200
99.166721
99.174965
99.236811
99.247421
99.338616
99.382508
99.533062
99.535725
99.569774
99.570420
99.715490
99.776667
99.835107
99.840566
99.903538
99.924802
100.007328
100.011291
100.043648
100.054659
100.206510
100.243950
100.246354
100.253123
100.303892
100.315656
100.323407
100.382075
100.411962
100.421335
100.458938
100.562420
100.620225
100.634390
100.658174
100.674022
100.688849
100.707418
100.726150
100.732588
100.771103
100.834777
100.839770
101.003294
101.007671
101.021483
101.047634
101.089850
101.107606
101.129362
101.155700
101.156593
101.207974
101.214585
101.232113
101.238963
101.240570
101.283703
101.374385
101.440714
101.495436
101.549935
101.890541
101.901320
101.905286
101.962600
102.102899
102.131713
102.186359
102.217336
102.221117
102.301528
102.310555
102.314333
102.372695
102.393626
102.454865
102.468137
102.471364
102.471471
102.472933
102.521205
102.627344
102.726796
102.731250
102.734908
102.772847
102.786183
102.789643
102.928949
102.971938
102.992663
103.034664
103.073915
103.090154
103.134968
103.244499
103.249191
103.342572
103.348572
103.536747
103.631756
103.646167
103.649853
103.667109
103.762697
103.776429
103.792657
103.815774
103.949598
103.980944
103.988335
103.992591
104.048691
104.048756
104.120475
104.134434
104.138760
104.144068
104.212014
104.236611
104.303561
104.306213
104.323459
104.343331
104.368124
104.441808
104.479132
104.572556
104.573161
104.624388
104.637871
104.677028
104.830491
104.924610
104.981520
104.993471
104.999114
105.014447
105.071899
105.176676
105.218173
105.259860
105.300440
105.345828
105.408215
105.450965
105.467546
105.502316
105.539233
105.589080
105.684517
105.753724
105.754177
105.791831
105.893883
105.946627
105.975087
105.999819
106.009028
106.081917
106.083709
106.084803
106.110028
106.147956
106.179646
106.242646
106.293599
106.299064
106.311276
106.312404
106.336231
106.362533
106.441988
106.593928
106.650718
106.673520
106.717198
106.719005
106.735336
106.757878
106.792726
106.809251
106.825191
106.848231
106.858295
106.868617
106.892858
106.993266
106.994289
107.011248
107.076322
107.100198
107.244990
107.269556
107.275362
107.292931
107.309686
107.397767
107.402067
107.428094
107.570113
107.592517
107.620858
107.665611
107.696310
107.716687
107.753053
107.966633
107.986496
107.999336
108.001763
108.014221
108.022344
108.041886
108.054727
108.222735
108.250939
108.339092
108.352304
108.432854
108.468847
108.470690
108.496286
108.549992
108.559310
108.594330
108.630471
108.705568
108.719523
108.771634
108.775350
108.796690
108.982517
108.985866
108.998778
109.081608
109.119482
109.165371
109.189714
109.191870
109.216510
109.233473
109.251314
109.268356
109.311387
109.349106
109.401139
109.424977
109.541932
109.577122
109.605014
109.610333
109.662078
109.809128
109.852893
109.871662
109.877864
109.938365
109.938872
109.951679
109.974866
110.019259
110.027529
110.059642
110.060934
110.088166
110.089762
110.111397
110.118475
110.241437
110.252133
110.303569
110.433231
110.446219
110.451142
110.572144
110.601393
110.759699
110.813988
110.907113
111.015708
111.211061
111.229427
111.353271
111.377957
111.424750
111.436289
111.549971
111.619059
111.686031
111.814921
111.858412
111.867095
111.902981
111.952224
111.957178
112.023018
112.024176
112.074891
112.167065
112.169651
112.211737
112.254326
112.294804
112.325114
112.377135
112.429237
112.462880
112.745287
112.747736
112.754447
112.829611
112.833658
112.926234
112.999504
113.082482
113.085877
113.108812
113.125972
113.189167
113.197247
113.234546
113.235036
113.241335
113.243934
113.308985
113.331052
113.420403
113.445730
113.454937
113.490897
113.652733
113.679121
113.695486
113.701301
113.733298
113.755788
113.784726
113.845705
114.011566
114.049337
114.064662
114.065341
114.066232
114.144018
114.164056
114.164548
114.326885
114.352276
114.429434
114.506463
114.521399
114.533828
114.578120
114.582905
114.601748
114.616583
114.622693
114.654538
114.679126
114.762327
114.766198
114.783857
114.794657
114.901596
114.917472
114.922528
114.947059
114.985782
114.992277
114.998396
115.097872
115.125818
115.149726
115.185188
115.248618
115.262833
115.275829
115.378951
115.424565
115.471620
115.530029
115.544691
115.587937
115.618382
115.619062
115.725792
115.737622
115.747640
115.791034
115.863499
115.877386
115.880340
115.932517
115.941120
115.977180
116.062703
116.132174
116.138393
116.146334
116.163489
116.269546
116.278537
116.298222
116.342528
116.462571
116.497883
116.514054
116.565046
116.573129
116.594827
116.609373
116.639890
116.664166
116.666705
116.679877
116.745778
116.868528
116.900192
116.982024
116.994023
117.053396
117.112771
117.194212
117.226233
117.384217
117.390456
117.396271
117.408166
117.503717
117.560750
117.561676
117.636854
117.705883
117.724139
117.730154
117.828562
117.846148
117.855860
117.968022
117.983122
117.996065
118.025248
118.098571
118.117080
118.255543
118.327816
118.404659
118.440204
118.528629
118.544817
118.647711
118.718185
118.757394
118.807593
118.814991
118.855736
118.929520
119.071039
119.177993
119.203307
119.203741
119.329968
119.424065
119.439502
119.440228
119.494228
119.569049
119.579775
119.581826
119.664850
119.723740
119.725326
119.743691
119.787641
119.793429
120.007627
120.106783
120.142854
120.158607
120.355175
120.380346
120.414124
120.447005
120.463152
120.511647
120.579382
120.645996
120.657212
120.684411
120.760234
120.868656
121.078992
121.195509
121.199987
121.351599
121.450057
121.477178
121.495964
121.518250
121.524503
121.623067
121.648548
121.683588
121.698064
121.725399
121.737561
121.809433
121.819177
121.896413
121.969908
121.986731
122.000798
122.059041
122.110277
122.148657
122.178835
122.214754
122.221324
122.250588
122.279785
122.323423
122.371757
122.379798
122.414473
122.419929
122.517221
122.559433
122.600615
122.600937
122.609475
122.663047
122.687344
122.786704
122.789659
122.801010
122.808778
122.822809
122.842711
122.894356
122.919284
123.012035
123.015596
123.040099
123.140813
123.146126
123.217156
123.222913
123.314065
123.394870
123.410549
123.531323
123.565091
123.580822
123.613847
123.632398
123.634723
123.647887
123.667093
123.708083
123.721768
123.725275
123.750428
123.820155
123.864773
123.873205
123.922589
124.035749
124.036197
124.074163
124.123990
124.255352
124.268658
124.294224
124.294578
124.374413
124.405468
124.406794
124.442250
124.451535
124.462622
124.524470
124.542870
124.587768
124.604324
124.656185
124.677197
124.788689
124.794454
124.811739
124.854997
124.923993
124.996946
124.998902
125.028675
125.103832
125.104287
125.109636
125.142026
125.181514
125.199254
125.228111
125.334865
125.428093
125.490873
125.492127
125.529143
125.542866
125.554372
125.577932
125.619543
125.623022
125.644950
125.661263
125.663605
125.866572
125.958793
125.984612
125.990409
126.013075
126.018698
126.107329
126.108753
126.147353
126.175666
126.230304
126.258680
126.302107
126.320223
126.322106
126.445931
126.453311
126.467687
126.473530
126.584702
126.602543
126.656410
126.676782
126.750915
126.773175
126.812194
126.922548
126.991394
127.083210
127.090988
127.097156
127.185770
127.187065
127.191518
127.197642
127.213981
127.245389
127.281973
127.328609
127.342800
127.371962
127.420811
127.436241
127.460982
127.515583
127.535100
127.548405
127.565190
127.578991
127.612189
127.613561
127.673973
127.727695
127.739788
127.780584
127.798514
127.820127
127.872009
127.960713
127.961327
127.979565
127.987907
128.067861
128.141149
128.333074
128.365437
128.442051
128.626212
128.739253
128.842734
128.927266
128.954547
129.001899
129.044528
129.089327
129.219548
129.237015
129.292985
129.310833
129.320146
129.415820
129.438450
129.450379
129.518531
129.584875
129.594075
129.677106
129.747056
129.755346
129.793277
129.870707
129.883689
129.911293
129.916808
129.933850
129.940155
129.945856
130.027823
130.031107
130.147476
130.162740
130.243747
130.266661
130.289904
130.291801
130.345820
130.497743
130.503349
130.536725
130.537898
130.564799
130.580809
130.748716
130.751201
130.755174
130.773229
130.856513
130.955225
131.175941
131.181661
131.205405
131.280473
131.304333
131.307765
131.320771
131.325342
131.339735
131.392574
131.423131
131.452709
131.746248
131.775392
131.833224
131.836733
131.855850
131.865104
131.905581
131.939085
131.940582
131.942967
131.971367
131.982371
131.993749
132.027668
132.054586
132.055843
132.068349
132.192891
132.213121
132.233024
132.233829
132.249270
132.451371
132.488496
132.524326
132.528616
132.530866
132.652777
132.758595
132.842155
132.871709
132.887615
132.984169
133.099720
133.129837
133.148089
133.176933
133.189795
133.205347
133.269414
133.280513
133.332071
133.384597
133.425747
133.454464
133.455123
133.456308
133.483052
133.500301
133.558948
133.562192
133.573056
133.671048
133.671640
133.682572
133.743050
133.747015
133.774254
133.802557
133.905756
133.928452
133.929066
133.971221
133.981281
133.987366
133.999814
134.047117
134.047765
134.063654
134.197201
134.239860
134.293721
134.340478
134.340487
134.390074
134.420477
134.429504
134.458102
134.490917
134.591317
134.708573
134.713076
134.746548
134.812632
134.877590
134.882273
134.929991
135.020728
135.066609
135.068106
135.082104
135.095481
135.187870
135.204291
135.211708
135.233637
135.463037
135.488804
135.501836
135.517784
135.586852
135.661900
135.668178
135.684936
135.710688
135.744740
135.747737
135.786717
135.972429
136.013065
136.042035
136.100421
136.207024
136.236057
136.259802
136.274744
136.398276
136.437628
136.514601
136.520945
136.600709
136.613942
136.623294
136.638276
136.655718
136.685633
136.686785
136.814844
136.816591
136.833955
136.918237
136.948348
137.033086
137.038234
137.083765
137.150207
137.263401
137.354330
137.375415
137.381395
137.436206
137.443384
137.480538
137.648233
137.792227
137.801977
137.822212
137.838251
137.846276
137.848786
137.895060
137.943910
137.946510
137.965866
138.110068
138.137318
138.143998
138.162704
138.188336
138.218826
138.281001
138.409068
138.429162
138.451035
138.560486
138.599670
138.618264
138.640981
138.644966
138.666755
138.686625
138.714643
138.788342
138.788683
138.796054
139.028502
139.043717
139.057321
139.137605
139.209813
139.223523
139.324031
139.429569
139.435029
139.447096
139.490059
139.532733
139.567748
139.571488
139.582965
139.671182
139.717326
139.744378
139.763187
139.793182
139.935552
140.097052
140.121522
140.203479
140.225823
140.314239
140.420133
140.431658
140.447813
140.452336
140.488506
140.504248
140.526178
140.551899
140.639992
140.717463
140.751106
140.814583
140.981912
141.041266
141.090855
141.092057
141.173102
141.237369
141.252303
141.303388
141.323406
141.357984
141.365396
141.477576
141.551233
141.614185
141.624094
141.628325
141.674845
141.697550
141.744459
141.884980
141.907564
141.930243
141.998732
142.019390
142.021543
142.131998
142.151590
142.171533
142.178480
142.273644
142.305401
142.374816
142.397866
142.456169
142.473430
142.479099
142.496502
142.661588
142.683758
142.695637
142.700982
142.703600
142.708688
142.732238
142.765627
142.776140
142.787796
142.976932
143.018441
143.034614
143.057504
143.176244
143.246347
143.253109
143.278779
143.284675
143.295717
143.371473
143.452645
143.459126
143.485688
143.628153
143.635135
143.729365
143.754268
143.764911
143.768251
143.855371
143.891023
143.920314
143.932047
143.981516
144.104301
144.132986
144.271105
144.300693
144.331202
144.353664
144.394532
144.410205
144.484555
144.485625
144.490787
144.493953
144.643753
144.655969
144.698638
144.710064
144.730926
144.742315
144.775008
144.914019
144.935086
144.936895
144.979285
145.001246
145.037309
145.067384
145.082778
145.176320
145.203669
145.214424
145.232843
145.273884
145.316494
145.413698
145.455261
145.458965
145.473243
145.504168
145.612374
145.628237
145.632909
145.661827
145.665289
145.676027
145.704912
145.822421
145.828140
145.836883
145.865850
145.900767
145.915361
145.931483
145.944898
145.957301
145.971461
145.981772
146.059259
146.083567
146.114072
146.197839
146.287288
146.353293
146.390402
146.412406
146.429448
146.475552
146.482834
146.526109
146.576093
146.598252
146.644543
146.677133
146.680406
146.701504
146.719471
146.729249
146.738555
146.738682
146.781527
146.828735
146.832635
146.869543
146.870559
146.871126
146.874895
146.915855
146.926081
146.935731
146.947813
147.097491
147.133444
147.133722
147.138542
147.171645
147.202625
147.221186
147.262916
147.271320
147.308998
147.358156
147.405498
147.407477
147.439843
147.514387
147.542640
147.605756
147.668874
147.689759
147.773481
147.786099
147.812306
147.821847
147.831739
147.911760
147.957839
147.977947
148.043589
148.080938
148.102905
148.108232
148.116668
148.118241
148.123843
148.177256
148.216696
148.332496
148.641433
148.660132
148.677173
148.682135
148.723660
148.723845
148.817746
148.842183
148.927952
148.928516
148.931976
148.940754
148.966999
148.981774
149.070022
149.293781
149.294578
149.312153
149.393933
149.405835
149.474519
149.477464
149.483289
149.604504
149.625295
149.633653
149.646342
149.676079
149.788724
149.812440
149.829065
149.876006
149.902021
149.924368
150.029933
150.047592
150.059913
150.080102
150.139393
150.161318
150.166041
150.286329
150.305694
150.334464
150.355359
150.434851
150.455841
150.483288
150.500805
150.505808
150.537961
150.589848
150.616635
150.660163
150.668321
150.691303
150.709857
150.720803
150.729148
150.745122
150.782194
150.833327
150.843592
150.849493
150.896168
150.907502
150.930110
150.953745
151.148335
151.182552
151.195766
151.208204
151.230339
151.265041
151.287904
151.316383
151.320588
151.332697
151.454827
151.485135
151.486218
151.500448
151.507381
151.516958
151.577462
151.581034
151.639741
151.649234
151.665600
151.670878
151.678530
151.709416
151.762596
151.789704
151.796887
151.805816
151.814605
151.843391
151.907993
151.912092
152.077057
152.107794
152.150277
152.155561
152.231307
152.234875
152.258348
152.354598
152.385294
152.481330
152.501105
152.537976
152.565388
152.585571
152.595289
152.624002
152.648030
152.672725
152.717944
152.718673
152.739449
152.806165
152.842686
152.935723
152.946998
153.137559
153.186213
153.190129
153.219763
153.304303
153.352991
153.422755
153.439001
153.447058
153.571940
153.599816
153.614733
153.646948
153.675853
153.711253
153.722922
153.735105
153.838767
153.841225
153.862771
153.911181
153.923730
154.084639
154.129243
154.183382
154.226378
154.230337
154.313904
154.321112
154.321905
154.323093
154.415058
154.419664
154.494776
154.526861
154.588621
154.605537
154.646579
154.745386
154.762508
154.811360
154.820639
154.912890
154.976426
155.034931
155.036795
155.059660
155.076858
155.153016
155.202451
155.246569
155.267134
155.316819
155.447203
155.507018
155.574663
155.610185
155.664535
155.700710
155.748557
155.857011
155.930058
155.986552
156.003661
156.285208
156.287520
156.328067
156.380457
156.383102
156.449282
156.544308
156.549516
156.551429
156.601085
156.620903
156.646247
156.808254
156.821597
156.836017
156.840454
156.932627
156.947534
157.109641
157.121301
157.207904
157.219274
157.249805
157.407110
157.576881
157.582241
157.608181
157.638638
157.694111
157.747277
157.750784
157.807813
157.853590
157.876782
157.935185
157.980291
157.989412
158.010350
158.211246
158.286970
158.292396
158.301097
158.308151
158.353979
158.379821
158.381097
158.393693
158.505389
158.550253
158.578726
158.634905
158.776141
158.777897
158.870804
158.872965
158.918542
158.925672
159.036337
159.093166
159.095887
159.150555
159.199963
159.238216
159.284220
159.296474
159.324662
159.374961
159.418119
159.452269
159.545056
159.586407
159.670063
159.673643
159.676922
159.755414
159.757519
159.778737
159.862681
159.956107
159.990825
160.002934
160.087754
160.123657
160.135247
160.287244
160.302992
160.325956
160.328941
160.353065
160.461613
160.551262
160.606594
160.623561
160.627782
160.731034
160.779304
160.785248
160.820879
160.904291
160.953826
160.996940
160.997601
161.005242
161.016502
161.066644
161.115956
161.194729
161.324508
161.375172
161.514902
161.537004
161.682512
161.689296
161.689961
161.694279
161.715398
161.726105
161.747337
161.750969
161.827756
161.923760
161.932402
162.009370
162.014248
162.056740
162.080191
162.080938
162.097333
162.102109
162.141749
162.244187
162.279435
162.359748
162.360109
162.365644
162.422945
162.427744
162.479811
162.485522
162.626172
162.722208
162.723112
162.768785
162.774167
162.868261
162.928751
162.948990
162.964551
163.023204
163.031818
163.070932
163.078949
163.281725
163.287703
163.354375
163.410717
163.421452
163.462818
163.520904
163.558358
163.561981
163.586083
163.643224
163.690955
163.710484
163.742142
163.746865
163.794379
163.884227
163.920255
163.971220
164.238505
164.261164
164.351684
164.384575
164.401335
164.458204
164.519931
164.547013
164.562085
164.637448
164.661657
164.710028
164.806177
164.829002
164.830466
164.862311
164.977222
165.079295
165.107095
165.113198
165.229629
165.314587
165.318253
165.329886
165.352191
165.376217
165.476589
165.499121
165.499935
165.545921
165.551543
165.641043
165.705947
165.831490
165.912646
166.016814
166.021291
166.021699
166.204744
166.224503
166.324611
166.395461
166.402828
166.426402
166.440266
166.445033
166.597855
166.610792
166.621615
166.632593
166.649965
166.653587
166.692890
166.721609
166.754276
166.803031
166.809709
166.913486
166.949338
166.989194
167.033769
167.076452
167.093478
167.132502
167.138758
167.142224
167.207245
167.314735
167.341956
167.347711
167.354188
167.436244
167.529967
167.548248
167.561846
167.652906
167.662389
167.676831
167.715378
167.716175
167.719309
167.738864
167.785381
167.792601
167.816120
167.834670
167.860636
167.939472
167.971491
168.020376
168.024938
168.054984
168.094340
168.106738
168.165569
168.175487
168.214810
168.220878
168.241306
168.377238
168.416099
168.567113
168.748284
168.805097
168.822674
168.832352
168.893858
168.894516
168.958589
168.960572
168.964600
168.979663
169.184609
169.273663
169.309605
169.309937
169.316450
169.374412
169.396198
169.405268
169.446056
169.457080
169.522235
169.652921
169.804915
169.817464
169.916996
169.922848
169.949010
170.057713
170.121880
170.201071
170.210427
170.256797
170.271094
170.296350
170.309828
170.310969
170.324456
170.337220
170.398348
170.402728
170.404983
170.412003
170.472741
170.476208
170.584752
170.722637
170.730595
170.743780
170.755874
170.789447
170.806139
170.839551
170.900753
170.901880
171.001882
171.109167
171.202994
171.371000
171.451718
171.451884
171.493375
171.494671
171.500931
171.557671
171.566492
171.573972
171.668102
171.675484
171.710334
171.711535
171.724369
171.801227
171.805799
171.923828
171.973942
172.012049
172.046529
172.063169
172.193534
172.226567
172.241277
172.269879
172.282478
172.333633
172.437466
172.463662
172.620038
172.629219
172.630184
172.690916
172.750465
172.883424
172.945440
173.118554
173.164937
173.197973
173.218065
173.225623
173.274307
173.306620
173.329786
173.392566
173.435434
173.438865
173.494074
173.565948
173.569895
173.599747
173.702349
173.728064
173.768126
173.772462
173.774941
173.776901
173.778199
173.783424
173.815286
173.836536
173.849667
173.882901
173.889324
173.908767
173.938702
173.949966
173.963743
173.973734
174.059383
174.072893
174.081362
174.114607
174.146456
174.160134
174.164550
174.287145
174.299061
174.405320
174.416512
174.431697
174.454845
174.525994
174.562737
174.589648
174.685513
174.789477
174.817466
174.873277
174.894037
174.961188
174.964333
175.012439
175.015487
175.024133
175.062273
175.068127
175.101098
175.106415
175.116630
175.129570
175.244916
175.249716
175.312090
175.364847
175.405390
175.436351
175.470748
175.555943
175.560096
175.561836
175.564108
175.573049
175.599378
175.609958
175.621556
175.664627
175.709491
175.822085
175.822347
175.840626
175.864025
175.937413
175.961946
175.998809
176.105593
176.139828
176.164873
176.200587
176.216485
176.300888
176.301322
176.303076
176.304427
176.338902
176.459847
176.464686
176.480525
176.498034
176.557971
176.572106
176.606543
176.690331
176.692008
176.716188
176.763172
176.865768
176.913953
176.918850
176.928225
176.944627
177.012365
177.015003
177.118189
177.136599
177.137409
177.205131
177.205786
177.254189
177.256770
177.372919
177.408559
177.418787
177.609985
177.645374
177.671673
177.750561
177.783052
177.788394
177.789919
177.836950
177.932952
177.942743
177.969040
177.977027
178.022871
178.045026
178.094490
178.141075
178.166014
178.168635
178.169435
178.190884
178.221536
178.240367
178.244874
178.266222
178.267963
178.308101
178.315404
178.330230
178.347223
178.356085
178.442135
178.446654
178.493550
178.505699
178.514005
178.589501
178.608766
178.630772
178.657232
178.676222
178.677488
178.703060
178.704453
178.714249
178.778793
178.986385
179.002612
179.088469
179.097890
179.110399
179.123037
179.128722
179.131714
179.138050
179.152499
179.160772
179.187903
179.292753
179.337072
179.343632
179.377385
179.399631
179.428474
179.487786
179.605665
179.647763
179.672893
179.718929
179.730407
179.766420
179.869978
179.882144
179.884550
179.958370
179.995963
180.006057
180.078273
180.083230
180.122967
180.143988
180.168143
180.286040
180.301404
180.333119
180.359052
180.374130
180.437758
180.485448
180.511971
180.684484
180.711601
180.814964
181.024266
181.131430
181.141988
181.216770
181.233302
181.239548
181.275920
181.287883
181.338356
181.391682
181.395118
181.469356
181.481565
181.576325
181.577245
181.599327
181.674174
181.733168
181.785114
181.794962
181.948879
181.962995
182.017506
182.070637
182.077158
182.123295
182.127694
182.242103
182.251100
182.324470
182.338908
182.343464
182.360544
182.438906
182.449475
182.474063
182.503289
182.512364
182.533161
182.542464
182.563632
182.715051
182.738079
182.764126
182.788518
182.832175
183.061321
183.063465
183.107093
183.109731
183.223902
183.226933
183.238089
183.338305
183.363059
183.421912
183.463429
183.478216
183.516166
183.528129
183.549478
183.593765
183.600425
183.607367
183.648831
183.675702
183.711814
183.780413
183.816186
183.836804
183.955740
184.025040
184.041270
184.065488
184.088453
184.127550
184.147285
184.155146
184.166951
184.185261
184.202042
184.261037
184.353354
184.396806
184.415215
184.429584
184.440684
184.486888
184.579406
184.600367
184.638605
184.641789
184.651611
184.655017
184.756917
184.776067
184.822775
184.836559
184.869821
184.872029
184.901679
184.937972
185.086103
185.152890
185.160790
185.204569
185.343292
185.395964
185.423085
185.462378
185.489093
185.633395
185.709634
185.722092
185.755887
185.760838
185.776403
185.800404
185.982740
185.994885
186.016963
186.025519
186.034269
186.084035
186.166400
186.259514
186.372522
186.378830
186.386349
186.400819
186.406676
186.441497
186.452708
186.469167
186.498894
186.561680
186.701060
186.711764
186.788303
186.799363
186.807563
186.885579
186.982023
186.997150
187.005698
187.030225
187.059054
187.140510
187.147900
187.159446
187.176135
187.215016
187.365447
187.411973
187.500186
187.526295
187.549598
187.612765
187.632623
187.695063
187.720839
187.729368
187.738272
187.795389
187.804383
187.821374
187.883708
187.923393
187.947445
188.035270
188.041945
188.070398
188.107420
188.109918
188.232315
188.246459
188.276659
188.350693
188.373483
188.413772
188.580414
188.636004
188.637081
188.688124
188.692519
188.742242
188.911153
188.918818
188.967163
188.985275
188.992908
189.055826
189.087719
189.118111
189.118500
189.127942
189.156997
189.159911
189.184830
189.191793
189.240795
189.266189
189.267443
189.268881
189.284814
189.350030
189.479793
189.516971
189.524081
189.570011
189.584466
189.587407
189.628564
189.636420
189.642784
189.693516
189.804822
189.843404
189.961042
190.002075
190.124336
190.132487
190.134570
190.219474
190.271070
190.291013
190.353164
190.425049
190.450791
190.470375
190.474460
190.544557
190.569281
190.575621
190.600753
190.643690
190.732773
190.787218
190.796272
190.895405
191.064081
191.087798
191.121759
191.136464
191.144409
191.147657
191.179146
191.212010
191.345950
191.387258
191.522387
191.542391
191.543775
191.549735
191.557972
191.569952
191.721976
191.722498
191.818532
191.828494
191.863470
191.892128
191.967497
191.978244
191.992306
192.094561
192.339512
192.350012
192.350455
192.387554
192.418563
192.479345
192.537672
192.633224
192.684043
192.743117
192.806656
192.829727
192.856071
192.916253
192.938261
192.940030
192.963370
192.992088
193.001335
193.080200
193.141647
193.145292
193.207905
193.218515
193.323367
193.339297
193.466390
193.472130
193.576285
193.607954
193.618537
193.621396
193.687394
193.912798
193.913259
193.922231
193.939555
193.965881
193.975359
193.976447
194.020815
194.065515
194.111644
194.197599
194.204773
194.205196
194.240639
194.296955
194.347890
194.422155
194.431245
194.444776
194.496774
194.538133
194.622526
194.642142
194.727535
194.836084
194.837385
194.848864
195.030143
195.063961
195.070968
195.107713
195.212602
195.260026
195.327106
195.352150
195.402799
195.408687
195.478741
195.525867
195.537678
195.582472
195.625615
195.651630
195.655825
195.682959
195.730301
195.756309
195.765361
195.794872
195.800148
195.809290
195.829349
195.885352
195.919680
195.953203
195.990251
196.080466
196.272523
196.274154
196.390992
196.408005
196.442652
196.493059
196.498538
196.585674
196.603667
196.628394
196.648638
196.708157
196.730053
196.794561
196.805419
196.893471
196.914124
196.923924
196.932463
196.958902
197.123810
197.140767
197.187410
197.208304
197.228327
197.251072
197.261416
197.268582
197.273177
197.292168
197.355041
197.409571
197.417135
197.417576
197.427043
197.431926
197.436127
197.442175
197.544492
197.701253
197.702685
197.726371
197.770590
197.806145
197.807673
197.824111
197.850878
197.885209
197.887911
197.915881
197.946229
197.954827
197.987151
198.009846
198.013785
198.027168
198.071424
198.096754
198.167630
198.184608
198.262609
198.327409
198.433547
198.459570
198.559935
198.693685
198.812726
198.814010
198.817949
198.908499
198.948284
199.016099
199.026492
199.074480
199.212161
199.342887
199.379249
199.410512
199.428876
199.439621
199.527009
199.585108
199.688233
199.695346
199.707075
199.745029
199.748961
199.774267
199.807475
199.874332
199.910558
199.952762
199.974621
199.982840
200.015432
200.041878
200.073096
200.086630
200.163553
200.168578
200.208415
200.287630
200.303869
200.307854
200.361539
200.388816
200.430938
200.568886
200.579508
200.695851
200.719686
200.745748
200.785147
200.877487
201.031684
201.170933
201.186370
201.243912
201.319435
201.360273
201.394659
201.419306
201.442948
201.512468
201.541534
201.578948
201.660921
201.687107
201.689792
201.932401
201.948521
201.973679
202.014855
202.103974
202.143463
202.162273
202.194666
202.219139
202.219890
202.251336
202.267059
202.277075
202.338630
202.354517
202.374018
202.418102
202.469621
202.480952
202.491332
202.550968
202.552689
202.564207
202.630822
202.719409
202.737356
202.754670
202.780951
202.803217
202.853765
202.918513
203.008902
203.013969
203.021618
203.184048
203.254670
203.281184
203.296467
203.358955
203.392564
203.408649
203.483920
203.571789
203.614920
203.662603
203.665561
203.668904
203.669073
203.749126
203.777367
203.861335
203.862239
203.872440
203.931499
203.935490
203.971507
204.080096
204.089688
204.092039
204.111808
204.123599
204.149183
204.154573
204.155085
204.262216
204.387000
204.458988
204.525613
204.571774
204.598680
204.624447
204.668103
204.706035
204.709023
204.757104
204.777543
204.778317
204.819480
204.857546
204.863900
204.893925
204.952002
204.970433
204.985536
205.063458
205.098264
205.100819
205.281175
205.295420
205.309397
205.405174
205.460960
205.471453
205.507321
205.519666
205.555310
205.642044
205.728871
205.782839
205.899479
205.910017
205.926567
205.965384
205.967945
206.059210
206.122586
206.158514
206.193329
206.201649
206.205939
206.217388
206.251482
206.283486
206.408410
206.441493
206.465228
206.481028
206.498092
206.529445
206.562410
206.584347
206.611828
206.673496
206.841224
206.850278
206.851715
206.877713
206.953571
207.039535
207.101437
207.108962
207.153836
207.154092
207.178960
207.256522
207.278375
207.362872
207.367677
207.378100
207.379597
207.404057
207.464768
207.634907
207.642568
207.735800
207.785272
207.830490
207.903419
207.959404
207.994810
208.006765
208.022088
208.032935
208.052032
208.094500
208.149004
208.174113
208.247098
208.317811
208.413451
208.473696
208.493253
208.528463
208.541665
208.646634
208.713589
208.783396
208.989217
209.045693
209.078795
209.106893
209.107040
209.180018
209.407263
209.433278
209.510939
209.517407
209.668955
209.693420
209.767748
209.784486
209.817842
209.950385
209.984372
210.124326
210.134697
210.237200
210.351303
210.361714
210.369648
210.383199
210.583705
210.628403
210.719037
210.734581
210.761109
210.851597
210.873074
210.994350
211.012561
211.127303
211.151252
211.164389
211.183025
211.191740
211.213058
211.214570
211.258764
211.277984
211.326697
211.340048
211.402563
211.415146
211.468294
211.494847
211.513461
211.559295
211.585646
211.647628
211.732286
211.735387
211.748609
211.893583
211.927618
211.960307
211.975751
211.995100
212.022380
212.125907
212.146961
212.302134
212.308713
212.415128
212.510136
212.539258
212.552375
212.619562
212.650900
212.664621
212.681302
212.948699
212.970267
212.980739
213.009201
213.052285
213.074001
213.194641
213.251593
213.269089
213.289905
213.361681
213.481867
213.502969
213.593983
213.668197
213.711950
213.784309
213.979546
214.054417
214.113788
214.197610
214.222853
214.225207
214.359516
214.425151
214.469464
214.501683
214.507687
214.545013
214.592966
214.725868
214.830963
214.952038
214.987714
215.005131
215.055953
215.106075
215.221640
215.277103
215.290246
215.300930
215.310919
215.371658
215.410293
215.443433
215.456976
215.509888
215.530791
215.539423
215.583427
215.587222
215.615146
215.645687
215.727533
215.733455
215.760710
215.795193
215.868632
215.947165
216.026733
216.069220
216.155668
216.280355
216.281476
216.284480
216.323047
216.335406
216.339557
216.360473
216.430163
216.705596
216.727935
216.752467
216.771170
216.782143
216.787674
216.889849
216.892741
216.907938
216.911596
216.943727
216.958366
217.024485
217.115322
217.130778
217.190974
217.191960
217.207350
217.252167
217.347945
217.358857
217.503691
217.523188
217.635711
217.675795
217.713888
217.717296
217.760813
217.815756
217.871669
217.936082
217.964537
217.976105
217.989316
218.014106
218.014284
218.082596
218.268197
218.342920
218.344958
218.395153
218.403246
218.440786
218.460524
218.463862
218.501891
218.615138
218.637961
218.638233
218.667218
218.754679
218.784002
218.800896
218.844506
218.858786
218.923587
218.925400
218.936681
218.997283
219.065954
219.094301
219.107810
219.174292
219.203337
219.227790
219.264382
219.377544
219.445543
219.476212
219.548636
219.554090
219.579305
219.579937
219.623123
219.625711
219.672595
219.727853
219.739994
219.858363
219.891961
219.892140
219.940749
219.972722
220.034198
220.035517
220.040123
220.069058
220.119920
220.140059
220.167079
220.188399
220.217492
220.224374
220.278443
220.372500
220.423176
220.430969
220.451954
220.513490
220.584704
220.597343
220.622635
220.669294
220.684734
220.716660
220.735357
220.762689
220.774417
220.842116
220.883549
220.889085
220.937122
220.957116
220.985927
220.990613
221.041306
221.060411
221.072985
221.087153
221.131705
221.145819
221.167326
221.214113
221.243221
221.297738
221.306496
221.385997
221.417823
221.519973
221.603107
221.627810
221.650084
221.692680
221.742716
221.852689
221.868635
221.901619
221.920967
221.929264
222.029055
222.349269
222.547165
222.648594
222.699220
222.704787
222.789692
222.866906
222.878902
222.970038
222.986806
223.041468
223.063759
223.087254
223.092799
223.112082
223.146904
223.147256
223.166658
223.204356
223.291954
223.303676
223.430619
223.435415
223.474484
223.524399
223.572397
223.572403
223.574438
223.622165
223.623770
223.670780
223.687268
223.705853
223.723491
223.745708
223.780723
223.798500
223.827517
223.836856
223.844485
223.844613
223.873782
223.902979
223.931704
223.956169
223.975295
223.991265
224.011357
224.053044
224.061480
224.072770
224.102952
224.113566
224.173632
224.194170
224.220275
224.262589
224.305832
224.382316
224.384256
224.422867
224.455574
224.460813
224.471874
224.518597
224.543533
224.597115
224.598284
224.649330
224.695822
224.722963
224.802983
224.869324
224.895379
224.981990
225.042845
225.096914
225.192897
225.204502
225.239476
225.278737
225.314935
225.316740
225.362139
225.430902
225.550832
225.634337
225.646406
225.669615
225.694316
225.725326
225.762597
225.818370
225.835029
225.857699
225.912651
225.956433
225.979636
225.981416
226.020290
226.026131
226.027675
226.180902
226.198677
226.203038
226.458941
226.476489
226.496368
226.511442
226.559575
226.623152
226.647903
226.656510
226.711593
226.849542
226.876071
226.956315
226.989373
226.990613
227.049859
227.085979
227.119284
227.148362
227.180445
227.248239
227.319920
227.341790
227.361745
227.361867
227.379209
227.408689
227.470355
227.597508
227.620050
227.658447
227.671700
227.703352
227.712053
227.733758
227.751514
227.769798
227.790295
227.886970
227.888787
228.086635
228.146171
228.170812
228.276718
228.310195
228.344290
228.375039
228.386195
228.433006
228.469364
228.531512
228.574058
228.630161
228.642513
228.655235
228.689972
228.742966
228.790279
228.833139
228.872521
228.951680
228.971493
229.040116
229.207734
229.222037
229.231020
229.313472
229.316310
229.328810
229.394125
229.474438
229.481819
229.507270
229.599916
229.660574
229.722395
229.740753
229.749682
229.843669
229.971819
229.990146
230.028356
230.093726
230.117191
230.223503
230.245769
230.255842
230.317558
230.330770
230.349399
230.373171
230.393838
230.429904
230.490376
230.508648
230.549573
230.557998
230.620225
230.632916
230.657811
230.690425
230.836201
230.879754
230.911771
230.942839
230.943219
231.014137
231.028118
231.052896
231.123616
231.159308
231.246612
231.393433
231.448136
231.450111
231.574349
231.574367
231.595792
231.608636
231.627416
231.632665
231.675855
231.796355
231.807071
231.849136
231.858277
231.915952
231.978094
232.018897
232.064284
232.091495
232.138671
232.155330
232.350953
232.441877
232.464132
232.464879
232.467216
232.591024
232.604348
232.604790
232.672571
232.728902
232.755395
232.787700
232.797203
232.831769
232.938215
232.961326
232.967362
233.034677
233.043775
233.074933
233.081824
233.118791
233.179725
233.188605
233.200693
233.234788
233.247097
233.277746
233.309329
233.358919
233.474951
233.485569
233.490066
233.503663
233.596066
233.599512
233.607104
233.609996
233.643748
233.655244
233.666380
233.806366
233.831355
233.863050
233.898695
233.954644
233.963878
234.007411
234.072261
234.143311
234.204669
234.251908
234.260422
234.278652
234.291590
234.305306
234.318871
234.352855
234.357172
234.374301
234.520574
234.529414
234.538542
234.639387
234.657011
234.722834
234.821068
234.855166
234.870681
234.889228
234.918598
234.938128
234.957072
234.959618
234.962826
235.019406
235.053950
235.131337
235.240172
235.244830
235.247436
235.326957
235.346974
235.356817
235.407127
235.465249
235.588082
235.603698
235.626143
235.641570
235.654668
235.720637
235.727480
235.751681
235.762882
235.829860
236.126528
236.213808
236.227671
236.264284
236.286412
236.294965
236.304051
236.330004
236.336849
236.337450
236.382421
236.388863
236.476908
236.580426
236.592795
236.601999
236.609212
236.669365
236.696004
236.727636
236.751966
236.755264
236.863300
236.894147
236.894177
236.900390
236.906853
236.960171
236.981623
236.986410
237.030976
237.102160
237.115263
237.168327
237.205110
237.254000
237.308324
237.340020
237.380230
237.462962
237.513978
237.541857
237.550508
237.559644
237.719839
237.948283
238.033412
238.046004
238.047094
238.083079
238.120799
238.144525
238.219022
238.268415
238.269926
238.270276
238.300160
238.311923
238.369307
238.386655
238.481769
238.499548
238.569968
238.580447
238.620787
238.643201
238.647433
238.856020
238.963365
238.982379
239.014438
239.031359
239.032363
239.041534
239.074209
239.203988
239.227266
239.251908
239.266282
239.296464
239.368561
239.381172
239.388562
239.449285
239.472428
239.499209
239.552383
239.573789
239.626796
239.668356
239.679914
239.705715
239.724709
239.804946
239.954567
240.008375
240.043252
240.066300
240.086738
240.168102
240.190066
240.240026
240.299402
240.353731
240.378889
240.389485
240.439394
240.477344
240.546333
240.602120
240.624978
240.649729
240.684618
240.743709
240.756685
240.762963
240.816791
240.926577
240.948734
240.957518
241.065699
241.088378
241.090952
241.097846
241.101364
241.115553
241.168986
241.252595
241.330757
241.357796
241.450837
241.619259
241.685814
241.710274
241.798286
241.862223
241.867951
241.906499
242.005785
242.043315
242.067114
242.072573
242.096979
242.124326
242.140117
242.223349
242.250658
242.269874
242.282597
242.346340
242.356748
242.444027
242.469853
242.479575
242.578376
242.724941
242.725060
242.858835
242.864091
242.918829
242.975439
242.996554
243.057498
243.075293
243.090258
243.130672
243.152713
243.184059
243.302953
243.307579
243.371596
243.399697
243.441753
243.444412
243.449900
243.504886
243.533997
243.643965
243.660984
243.678171
243.692231
243.697981
243.726531
243.839540
243.865457
243.961765
244.122632
244.162915
244.166405
244.225523
244.233431
244.274247
244.304272
244.348441
244.406089
244.413167
244.578573
244.597227
244.640294
244.715619
244.762361
244.775177
244.838819
244.892164
244.895344
244.972828
245.066525
245.079988
245.080637
245.129665
245.223035
245.307210
245.320563
245.329887
245.354109
245.462242
245.495179
245.540349
245.588270
245.623459
245.633994
245.658880
245.706543
245.897782
245.917505
246.105566
246.195436
246.200895
246.234485
246.258545
246.316430
246.402619
246.475376
246.511165
246.523147
246.672169
246.728175
246.752280
246.761875
246.762053
246.774210
246.824883
246.857192
246.868638
246.910901
246.917898
247.014264
247.043437
247.264714
247.286975
247.337477
247.345066
247.439771
247.441211
247.454741
247.464085
247.477915
247.576393
247.594481
247.645121
247.671987
247.711282
247.774134
247.787454
247.896513
247.921220
247.924084
247.956330
247.958714
248.047998
248.048225
248.051875
248.097092
248.180335
248.230476
248.269732
248.305735
248.406039
248.453647
248.502130
248.508276
248.513361
248.538519
248.562741
248.657142
248.675869
248.677297
248.738583
248.756078
248.829504
248.903122
248.957716
249.020667
249.035794
249.086864
249.087389
249.122875
249.126077
249.133405
249.140764
249.143386
249.163829
249.256588
249.268154
249.296930
249.349809
249.420234
249.455921
249.458336
249.477235
249.505076
249.531314
249.543718
249.584870
249.686779
249.702848
249.767597
249.790865
249.825414
249.845685
250.033579
250.059609
250.141914
250.160952
250.198268
250.302618
250.312162
250.358151
250.466900
250.547407
250.664510
250.723439
250.750027
250.779471
250.820774
250.941958
250.980883
251.001858
251.058476
251.184138
251.196012
251.202016
251.210736
251.279677
251.284618
251.286219
251.342815
251.345283
251.370496
251.398027
251.473770
251.476321
251.502556
251.566149
251.733374
251.827926
251.968463
252.058188
252.078481
252.225228
252.253525
252.279601
252.300447
252.312184
252.334280
252.339758
252.396937
252.429672
252.493056
252.518580
252.575280
252.591059
252.608604
252.643071
252.662105
252.663299
252.740402
252.836864
252.860150
252.868435
252.947372
252.992917
253.013810
253.015097
253.109700
253.170638
253.180434
253.317696
253.335034
253.353089
253.399550
253.400287
253.475904
253.501203
253.531490
253.540507
253.594392
253.605111
253.650589
253.668027
253.685326
253.727206
253.772972
253.797161
253.804344
253.814759
253.837020
253.862974
253.881145
253.989622
254.041548
254.105189
254.160988
254.205823
254.208075
254.209289
254.216786
254.283345
254.296978
254.364044
254.373521
254.420347
254.465912
254.472324
254.513446
254.571682
254.649798
254.668343
254.687755
254.762048
254.811747
254.814263
254.828552
254.876180
255.070989
255.074428
255.077164
255.118503
255.203652
255.247802
255.267086
255.303026
255.341879
255.391463
255.413851
255.492651
255.618514
255.624007
255.650057
255.699829
255.705029
255.710211
255.728730
255.811924
255.903495
255.967714
255.977112
256.011605
256.044532
256.051527
256.116511
256.208324
256.247770
256.323396
256.342271
256.446115
256.461967
256.542446
256.555264
256.585623
256.588803
256.639687
256.679685
256.750774
256.751059
256.776026
256.822120
256.844227
256.914037
256.924325
256.927798
256.953671
256.972262
256.987801
257.025029
257.050084
257.054048
257.087125
257.105274
257.121478
257.131133
257.266942
257.299840
257.370558
257.427073
257.516917
257.601085
257.613265
257.670814
257.673312
257.737570
257.751510
257.849216
257.854169
257.855967
258.079757
258.105819
258.122607
258.145397
258.160318
258.186534
258.209183
258.209921
258.239364
258.299677
258.317114
258.431238
258.486983
258.512993
258.624967
258.629271
258.633301
258.673947
258.685305
258.709606
258.752192
258.792742
258.835949
258.881677
258.976611
259.038233
259.050586
259.068282
259.093715
259.096584
259.207893
259.331361
259.350473
259.376537
259.387619
259.485057
259.519111
259.536481
259.552279
259.563886
259.607429
259.639747
259.662465
259.672894
259.763924
259.771188
259.858795
259.906381
259.942622
259.946966
260.051125
260.053481
260.114118
260.190271
260.217293
260.299903
260.399370
260.431013
260.479575
260.521964
260.573970
260.606368
260.643382
260.755065
260.794263
260.897619
260.914320
260.931472
260.981820
261.005891
261.013312
261.018068
261.030888
261.099823
261.134046
261.155481
261.163340
261.255455
261.298689
261.345895
261.466294
261.583684
261.586825
261.606851
261.662173
261.681287
261.730824
261.757975
261.808980
261.818053
261.965298
262.094559
262.117634
262.118062
262.132675
262.166415
262.200546
262.211381
262.215336
262.290945
262.346654
262.374400
262.450517
262.518114
262.551190
262.553998
262.556771
262.577885
262.584723
262.607470
262.613162
262.682028
262.703043
262.718783
262.793254
262.811875
262.852329
262.889810
262.938880
262.950359
262.958779
263.000201
263.054956
263.093104
263.135455
263.219313
263.221380
263.250217
263.277084
263.305677
263.326092
263.328783
263.332157
263.417144
263.421360
263.487029
263.548151
263.596552
263.619777
263.660145
263.664484
263.698716
263.730020
263.785631
263.818787
263.843971
263.852590
263.905522
263.920178
263.957542
264.010400
264.011971
264.018837
264.027787
264.108010
264.130562
264.149377
264.155218
264.239470
264.326777
264.342364
264.343725
264.348827
264.463856
264.482691
264.530488
264.571267
264.632821
264.643869
264.680633
264.776904
264.829728
264.931544
265.018304
265.102174
265.221855
265.227497
265.233490
265.242113
265.313517
265.409590
265.411790
265.456645
265.546397
265.549501
265.639216
265.653159
265.656808
265.663554
265.757466
265.764325
265.879587
265.893337
265.935874
265.985876
266.078441
266.099754
266.114771
266.134027
266.134246
266.152726
266.222886
266.232395
266.233411
266.242283
266.243634
266.247898
266.294631
266.323022
266.404121
266.453978
266.458718
266.503951
266.510397
266.519994
266.522137
266.542925
266.578199
266.607606
266.615667
266.618783
266.622604
266.626286
266.687654
266.739869
266.746702
267.044023
267.165982
267.197979
267.208435
267.339313
267.433591
267.434364
267.479264
267.486992
267.500572
267.531447
267.535776
267.551307
267.562400
267.586375
267.605122
267.764211
267.836731
267.888703
267.903392
267.915238
267.951464
267.996597
268.054959
268.067337
268.291846
268.332088
268.358586
268.393112
268.516367
268.585216
268.601945
268.636415
268.648365
268.727657
268.820736
268.858693
268.937893
268.956665
268.974024
268.987852
269.058177
269.096786
269.261232
269.316577
269.326279
269.410016
269.448249
269.468926
269.504153
269.576897
269.623001
269.698082
269.716985
269.803088
269.883114
270.012649
270.018641
270.066466
270.100697
270.196862
270.227567
270.241476
270.297688
270.379402
270.453746
270.483519
270.514381
270.535082
270.602489
270.619064
270.651604
270.744878
270.841700
270.879151
271.111784
271.139682
271.168567
271.189445
271.209724
271.233594
271.302299
271.313189
271.323711
271.356843
271.369680
271.377777
271.378272
271.458037
271.561229
271.589923
271.599433
271.619659
271.695481
271.820528
271.825544
271.827803
271.915908
271.923000
271.954627
271.957439
272.020511
272.023116
272.044407
272.048474
272.100838
272.106610
272.159655
272.162914
272.237163
272.340075
272.380325
272.494837
272.564190
272.566389
272.599819
272.628335
272.636154
272.642424
272.711615
272.761578
272.779418
272.798600
272.848994
272.876812
272.990483
273.029943
273.040572
273.044942
273.153594
273.267875
273.300440
273.345342
273.355130
273.365687
273.502980
273.506536
273.548498
273.643770
273.728680
273.745317
273.878802
273.891688
273.900750
273.963805
273.995479
274.036543
274.038337
274.048654
274.070417
274.074097
274.088532
274.098886
274.110690
274.157461
274.189972
274.199912
274.228352
274.229690
274.252284
274.343090
274.345379
274.356306
274.403380
274.407388
274.413327
274.465658
274.511156
274.514606
274.521918
274.587890
274.627328
274.701284
274.729651
274.741562
274.771857
274.772806
274.774193
274.806604
274.819609
274.828392
274.849094
274.853831
274.864882
274.883890
274.901386
274.902172
274.948439
274.950752
274.972302
275.059434
275.101334
275.112584
275.205800
275.220158
275.221968
275.278794
275.283630
275.376291
275.511549
275.529865
275.549268
275.594810
275.627562
275.651740
275.722299
275.729187
275.732719
275.773073
275.818413
275.914344
276.032014
276.116058
276.129248
276.142327
276.165708
276.181629
276.193236
276.200085
276.222485
276.258029
276.262470
276.298902
276.411273
276.430110
276.463355
276.489476
276.514451
276.680697
276.683666
276.684904
276.703207
276.778783
276.825150
276.843508
276.879801
276.881708
276.892190
276.923800
276.935495
277.023337
277.035349
277.127331
277.173406
277.179567
277.220399
277.242079
277.251087
277.274216
277.274340
277.312412
277.367666
277.380777
277.415798
277.655104
277.839026
277.853176
277.905854
277.979354
277.984031
277.985489
278.047331
278.128591
278.170581
278.180704
278.235243
278.240482
278.256829
278.268169
278.271042
278.279049
278.300349
278.307841
278.336858
278.354986
278.386040
278.423588
278.454609
278.493961
278.563258
278.567423
278.573051
278.597915
278.598688
278.599281
278.613002
278.646207
278.683603
278.700387
278.716641
278.775783
278.781156
278.783862
278.817913
278.818087
278.818200
278.849774
278.951890
278.987588
279.016561
279.037849
279.093850
279.094407
279.128529
279.143196
279.241113
279.261577
279.292381
279.300376
279.312129
279.365373
279.379110
279.486848
279.509890
279.516510
279.525963
279.612619
279.621332
279.649610
279.750128
279.780974
279.825669
279.843507
279.849671
279.894700
279.899266
279.958567
279.996523
280.018080
280.131241
280.158024
280.162109
280.189029
280.259799
280.290939
280.312908
280.341639
280.480226
280.505601
280.581434
280.609550
280.639561
280.685093
280.713834
280.745658
280.835679
280.837525
280.900258
280.925364
280.987625
281.158713
281.195052
281.218110
281.219725
281.233973
281.323045
281.330895
281.381771
281.607528
281.721464
281.803559
281.921914
281.970224
281.978686
282.011475
282.055733
282.123423
282.139115
282.187842
282.370326
282.402612
282.436160
282.529387
282.577860
282.680183
282.729503
282.759968
282.767509
282.837748
282.851221
282.853365
282.865357
282.889631
282.916224
282.953559
283.037324
283.136202
283.136618
283.140372
283.157506
283.168081
283.172950
283.214045
283.231814
283.260975
283.305019
283.305600
283.319458
283.414687
283.441412
283.484649
283.560700
283.580019
283.620583
283.657272
283.687256
283.709709
283.714139
283.806570
283.910114
283.955661
283.992526
284.016105
284.021945
284.045970
284.057438
284.080723
284.088496
284.095164
284.124924
284.126669
284.132106
284.190155
284.192024
284.199729
284.318563
284.467125
284.525682
284.552868
284.610804
284.613122
284.694897
284.746968
284.875741
284.882813
284.894334
285.033091
285.034811
285.143665
285.158693
285.271204
285.295894
285.416971
285.480241
285.495884
285.506368
285.509632
285.632605
285.822486
285.842610
285.847372
285.857057
285.857844
285.879855
285.922574
285.924614
285.931353
285.943153
285.961952
285.963388
285.986480
286.028308
286.050110
286.080488
286.151604
286.305455
286.332647
286.352140
286.358583
286.359819
286.428817
286.617168
286.669416
286.680111
286.718129
286.726878
286.801018
286.844126
286.913237
286.944372
286.976377
287.025855
287.117806
287.249414
287.260072
287.301856
287.318345
287.332430
287.365159
287.369475
287.382856
287.416979
287.481799
287.518604
287.522550
287.554765
287.583349
287.634225
287.688511
287.761966
287.800250
287.804277
287.884909
287.960473
287.980466
288.091275
288.126269
288.129974
288.137896
288.140707
288.262993
288.347085
288.358447
288.401522
288.441511
288.475973
288.551734
288.570268
288.604436
288.662543
288.827603
288.865262
288.909793
288.932074
289.057512
289.060183
289.066184
289.087658
289.102766
289.114627
289.132511
289.138486
289.152141
289.181366
289.204015
289.270509
289.274553
289.281737
289.289106
289.376281
289.379074
289.406575
289.419564
289.430533
289.467622
289.522426
289.535822
289.565357
289.565953
289.654045
289.672374
289.797767
289.868608
289.952630
289.952761
290.015657
290.039141
290.080782
290.106282
290.152216
290.206965
290.241214
290.372726
290.381986
290.400397
290.418114
290.441735
290.447114
290.537751
290.558099
290.568368
290.576818
290.643455
290.682892
290.712927
290.720007
290.725420
290.847527
290.861775
290.891554
290.932431
290.948183
290.950162
290.990362
291.042077
291.110205
291.129609
291.141513
291.171497
291.213177
291.312143
291.379887
291.384494
291.464035
291.490617
291.504228
291.532490
291.552127
291.624035
291.665658
291.732605
291.743520
291.764084
291.859329
291.909393
291.944269
291.972509
291.981314
291.997122
292.027007
292.170049
292.205204
292.267854
292.316932
292.332805
292.402481
292.416650
292.460223
292.464872
292.599358
292.627883
292.649906
292.656764
292.713880
292.734870
292.761164
292.846864
292.849981
292.853744
292.882243
292.908274
292.930767
292.943239
293.030860
293.063925
293.205198
293.218327
293.308424
293.331395
293.437530
293.486068
293.502978
293.580095
293.753910
293.779545
293.781049
293.804566
293.826657
293.951240
293.974442
294.062043
294.067177
294.167641
294.256481
294.332955
294.381122
294.409363
294.433352
294.455419
294.546783
294.629438
294.816046
294.953556
294.976514
295.019584
295.019982
295.042330
295.132624
295.149078
295.216559
295.276889
295.309331
295.329313
295.370523
295.380415
295.441460
295.475433
295.508850
295.538429
295.544864
295.545947
295.616546
295.632193
295.647081
295.744895
295.790727
295.819662
295.878183
296.032228
296.089870
296.129521
296.131076
296.137882
296.205597
296.263725
296.274813
296.337569
296.428197
296.467515
296.532056
296.625754
296.646730
296.677545
296.721849
296.741777
296.841223
296.851599
296.890975
296.909985
296.931145
296.954015
296.973131
296.980887
297.003403
297.131475
297.173522
297.186352
297.195949
297.222467
297.261230
297.263941
297.264374
297.371119
297.385172
297.477050
297.487900
297.536848
297.561970
297.564676
297.573199
297.615556
297.694384
297.696340
297.704064
297.720757
297.760938
297.762182
297.775615
297.791886
297.827557
297.921960
298.012412
298.034273
298.047728
298.070032
298.183165
298.187285
298.211773
298.215306
298.231993
298.349336
298.359105
298.399740
298.468517
298.532179
298.537105
298.554911
298.610301
298.614909
298.645409
298.673359
298.719241
298.737101
298.785167
298.801956
298.808235
298.808934
298.829503
298.904654
298.908733
298.936948
298.959308
299.046429
299.075955
299.123350
299.167193
299.206979
299.416296
299.441146
299.512892
299.519627
299.550748
299.595583
299.622058
299.695505
299.724353
299.742903
299.751335
299.975750
299.998807
300.128855
300.129082
300.138457
300.154597
300.182233
300.399370
300.403404
300.404069
300.481878
300.516815
300.524024
300.529745
300.575401
300.578130
300.586342
300.637282
300.642871
300.687756
300.694855
300.726819
300.895149
301.017761
301.023234
301.052127
301.082168
301.118371
301.219386
301.232506
301.311410
301.320965
301.402239
301.413259
301.423533
301.445656
301.585925
301.612995
301.618149
301.655904
301.735835
301.903770
301.943411
301.949401
302.048018
302.114841
302.194797
302.203806
302.268020
302.295909
302.328242
302.375497
302.393328
302.417107
302.422057
302.439234
302.551275
302.563149
302.632716
302.640251
302.647571
302.664244
302.686222
302.694607
302.825037
302.836028
302.873038
302.926479
302.950940
302.956002
302.976964
303.043155
303.065934
303.085201
303.088731
303.170952
303.171789
303.196559
303.293164
303.332347
303.439956
303.441364
303.489616
303.497519
303.502273
303.581174
303.581914
303.669335
303.896494
303.924755
303.979525
304.146580
304.206319
304.255079
304.346776
304.476648
304.544624
304.581784
304.601976
304.631248
304.673298
304.714968
304.787871
304.799143
304.823072
304.828982
304.878651
304.926613
305.052580
305.075299
305.093326
305.140684
305.183518
305.290787
305.316082
305.317880
305.376486
305.397041
305.400541
305.412679
305.459347
305.462958
305.577621
305.664884
305.715216
305.723092
305.752321
305.790738
305.792641
305.852258
305.875541
305.893554
305.913938
305.961390
305.968927
305.995458
306.027897
306.127984
306.161357
306.172613
306.307182
306.325957
306.333470
306.374559
306.612679
306.613769
306.715059
306.718605
306.772129
306.780839
306.785417
306.827460
306.841317
306.875707
306.877734
307.033145
307.040787
307.044414
307.152569
307.201481
307.209629
307.368280
307.384910
307.450490
307.472820
307.508945
307.528123
307.646965
307.779738
307.801967
307.821171
307.832921
307.844075
307.897442
308.013866
308.097096
308.150973
308.179930
308.196404
308.218526
308.266256
308.279664
308.385268
308.410042
308.417057
308.434835
308.476203
308.507784
308.537307
308.564124
308.588869
308.591920
308.618936
308.619230
308.698882
308.714463
308.792252
308.814010
308.822187
308.849911
308.854919
308.949569
308.971061
308.998025
309.012884
309.038083
309.084402
309.120111
309.148067
309.155159
309.240499
309.361575
309.375784
309.399776
309.400271
309.418645
309.475961
309.528440
309.659528
309.673465
309.710535
309.729656
309.790993
309.824194
309.896119
310.000621
310.069690
310.113378
310.129073
310.134738
310.245450
310.289853
310.317005
310.339095
310.343141
310.426050
310.455423
310.511330
310.512387
310.597746
310.608584
310.642604
310.668880
310.687512
310.733918
310.757930
310.762824
310.797735
310.825346
310.964596
311.017749
311.059114
311.097153
311.174613
311.261856
311.390734
311.400578
311.409183
311.411911
311.418421
311.500672
311.507224
311.532229
311.553097
311.668765
311.699895
311.703784
311.744003
311.822895
311.899142
311.908816
311.930217
311.948141
311.972773
312.134415
312.134671
312.143559
312.144613
312.174163
312.184021
312.186663
312.193880
312.211318
312.269023
312.316101
312.323648
312.375997
312.396343
312.396892
312.397889
312.413915
312.533634
312.611877
312.617295
312.702572
312.718426
312.792704
312.837140
313.010375
313.064680
313.066213
313.169538
313.210404
313.254043
313.270473
313.311882
313.383242
313.390520
313.425324
313.517473
313.531228
313.538317
313.635328
313.705709
313.750871
313.774136
313.790558
313.805226
313.832108
313.865811
313.877609
313.900947
313.921048
313.955459
314.000154
314.007269
314.038739
314.122876
314.133224
314.147889
314.162771
314.230710
314.240692
314.246129
314.260392
314.413445
314.415407
314.421120
314.424991
314.439509
314.475379
314.617079
314.646391
314.679575
314.687964
314.701721
314.788352
314.811290
314.863006
314.901912
314.927659
314.968334
314.996557
315.003561
315.092392
315.159505
315.199542
315.227656
315.274393
315.310207
315.324117
315.379894
315.396955
315.424177
315.436023
315.438724
315.461645
315.703892
315.719200
315.719585
315.777977
315.792098
315.833109
315.891689
315.922361
315.931990
315.975046
315.980510
316.014267
316.017617
316.116728
316.122142
316.162220
316.230198
316.247639
316.293377
316.313301
316.327176
316.338892
316.346463
316.366654
316.402233
316.408069
316.448356
316.482547
316.491987
316.497716
316.803116
316.873353
316.896905
316.927628
316.976353
316.977009
317.001604
317.029899
317.088244
317.153598
317.163007
317.171157
317.210718
317.243376
317.271533
317.317404
317.352846
317.417831
317.421371
317.459402
317.493351
317.494143
317.627675
317.630711
317.660837
317.664193
317.669661
317.675722
317.679902
317.723801
317.744908
317.797496
317.860864
317.875524
317.942951
317.972759
318.032068
318.169717
318.392272
318.395554
318.413177
318.454861
318.507304
318.546802
318.546839
318.569792
318.610085
318.619519
318.642521
318.653472
318.709086
318.776681
318.918214
318.958466
318.980948
318.987205
318.993934
319.040523
319.127401
319.182493
319.216163
319.281251
319.316264
319.374497
319.493891
319.499953
319.544780
319.592993
319.598740
319.692850
319.792866
319.798101
319.801658
319.882482
320.026555
320.073326
320.096966
320.105691
320.122288
320.279428
320.289802
320.305431
320.311434
320.331760
320.485472
320.518448
320.626948
320.629455
320.633135
320.706313
320.763295
320.790878
320.825212
320.842108
320.848910
320.986611
321.027621
321.038966
321.052945
321.140588
321.185764
321.241610
321.251583
321.277292
321.365917
321.389861
321.407387
321.456749
321.537479
321.639136
321.639931
321.645208
321.655020
321.842946
321.919028
321.950640
321.982916
322.065508
322.070529
322.072899
322.082114
322.088854
322.121218
322.124680
322.157017
322.238509
322.254474
322.261459
322.353452
322.357911
322.439949
322.479236
322.487142
322.562875
322.647867
322.658263
322.694650
322.788828
322.824060
323.017624
323.117477
323.136801
323.180653
323.218340
323.238430
323.242332
323.263052
323.403860
323.458014
323.508429
323.553001
323.554673
323.586607
323.598531
323.614419
323.617898
323.669971
323.681033
323.683082
323.730272
323.763169
323.816879
323.841875
323.881214
323.956881
323.989244
324.053884
324.069220
324.071280
324.106042
324.148547
324.180976
324.200659
324.254504
324.271014
324.274973
324.284923
324.287987
324.338727
324.341198
324.387584
324.397354
324.559907
324.591383
324.668937
324.742660
324.755958
324.786609
324.794158
324.883874
324.890966
324.927416
325.008311
325.034368
325.035015
325.039649
325.073038
325.082884
325.085052
325.087099
325.138203
325.156212
325.210266
325.277407
325.279010
325.288819
325.298044
325.357132
325.377837
325.516101
325.516513
325.539822
325.542248
325.545955
325.570624
325.699922
325.706823
325.708763
325.715670
325.720010
325.752487
325.775692
325.784399
325.792052
325.894345
325.898439
325.914310
325.934414
325.974442
325.987548
326.032079
326.133849
326.141140
326.210846
326.215086
326.298495
326.356855
326.379561
326.381838
326.459880
326.526688
326.534647
326.550190
326.758066
326.783162
326.793954
326.816935
326.861208
326.886634
326.895934
327.068831
327.088027
327.130857
327.137563
327.157624
327.181598
327.202533
327.202708
327.271001
327.302193
327.320112
327.324787
327.338986
327.355555
327.450879
327.496810
327.539339
327.569411
327.607754
327.689203
327.706190
327.746141
327.824493
327.841742
327.845965
327.848931
327.949343
328.045305
328.051056
328.078575
328.122175
328.175394
328.392420
328.399742
328.422664
328.449888
328.463909
328.518517
328.584339
328.598505
328.600190
328.653711
328.705877
328.722198
328.734842
328.743544
328.844493
328.851892
328.871040
328.955250
329.024581
329.026076
329.032596
329.094148
329.100040
329.164277
329.172069
329.174733
329.198820
329.260906
329.280030
329.292500
329.429429
329.556135
329.565121
329.592831
329.623477
329.667796
329.667890
329.682591
329.921397
329.994998
330.007613
330.063893
330.110376
330.134037
330.199208
330.225959
330.233726
330.243230
330.247694
330.253896
330.417088
330.454496
330.507523
330.518673
330.528178
330.569395
330.592075
330.640436
330.676038
330.772703
330.798890
330.801897
330.816037
330.819502
330.894364
330.928149
330.939974
330.953418
330.958184
330.975323
330.993177
331.022299
331.032778
331.140056
331.140490
331.190082
331.195542
331.386270
331.394442
331.435192
331.468125
331.507846
331.589503
331.589651
331.629748
331.668984
331.691658
331.775036
331.819892
331.875329
331.897096
331.899361
331.928929
331.938526
331.951043
332.031707
332.065092
332.182693
332.207633
332.241121
332.286640
332.310771
332.321730
332.339086
332.358182
332.404826
332.419683
332.542897
332.565127
332.613860
332.642840
332.658657
332.673125
332.702192
332.725768
332.737056
332.745154
332.824253
332.829209
332.846817
332.935678
332.971017
333.006586
333.057255
333.058550
333.073109
333.175573
333.221789
333.256122
333.380476
333.385699
333.402399
333.410597
333.450461
333.453629
333.480629
333.482496
333.510792
333.537532
333.609644
333.637354
333.724524
333.740779
333.746178
333.843980
333.875584
333.884436
333.885084
333.941345
334.069539
334.148246
334.185720
334.197904
334.204709
334.217500
334.279487
334.322710
334.390737
334.397038
334.499226
334.515642
334.532405
334.571264
334.597094
334.632106
334.632506
334.685178
334.702040
334.725886
334.735998
334.791040
334.797736
334.816863
334.830917
334.871446
335.019286
335.134194
335.168812
335.195543
335.199329
335.225778
335.231115
335.262409
335.407241
335.410619
335.439947
335.464153
335.476202
335.529511
335.708661
335.765899
335.779572
335.795911
335.816467
335.896354
335.898193
335.920418
336.013697
336.134385
336.142262
336.163995
336.167335
336.187416
336.193067
336.195289
336.269944
336.304191
336.366329
336.387803
336.388427
336.408046
336.439320
336.442181
336.507454
336.512959
336.540059
336.543020
336.588113
336.599246
336.602167
336.604162
336.708469
336.838320
336.843012
336.875705
336.921730
336.928751
336.941497
336.979583
337.022088
337.055780
337.068646
337.082122
337.170207
337.204187
337.233408
337.278196
337.322347
337.364754
337.398686
337.610290
337.622108
337.626904
337.646550
337.686199
337.727540
337.772581
337.852944
337.866186
337.868381
337.877385
337.877594
337.896263
337.897706
337.955858
338.005031
338.020190
338.086696
338.104345
338.160800
338.232032
338.249197
338.277043
338.277884
338.277946
338.289897
338.331302
338.382534
338.385575
338.399245
338.458777
338.470649
338.495138
338.513659
338.544666
338.561281
338.572071
338.591674
338.726652
338.814983
338.898317
338.906312
338.925614
338.969735
339.013128
339.028834
339.037051
339.067931
339.094012
339.156732
339.161591
339.187435
339.240732
339.319825
339.414948
339.449801
339.486942
339.543727
339.551975
339.574412
339.619384
339.620561
339.627999
339.661864
339.672433
339.676657
339.777996
339.797022
339.817103
339.822326
339.827479
339.849350
339.879976
339.968955
339.990684
340.079167
340.219095
340.352239
340.381968
340.486697
340.543557
340.573059
340.593554
340.631082
340.665586
340.677008
340.680417
340.710386
340.735193
340.744794
340.753062
340.794700
340.844095
340.861246
341.061611
341.107828
341.167582
341.317958
341.322923
341.349050
341.365681
341.473993
341.519404
341.530331
341.543491
341.582779
341.612734
341.621348
341.626317
341.733452
341.804078
341.890540
341.974346
341.989041
341.995092
342.006030
342.102787
342.149282
342.230210
342.259960
342.282165
342.335330
342.348115
342.363943
342.369331
342.429969
342.532821
342.579673
342.581167
342.669522
342.701065
342.836133
342.853658
342.865156
342.866741
342.947290
342.947436
342.954408
342.995529
343.017756
343.056562
343.093813
343.134554
343.144039
343.155219
343.167734
343.206913
343.371029
343.415096
343.415673
343.441255
343.445604
343.464113
343.467534
343.539856
343.560054
343.560919
343.573655
343.585826
343.716483
343.729775
343.752217
343.786678
343.787653
343.811436
343.844630
343.845898
343.862862
343.898104
343.977152
344.151256
344.169887
344.210427
344.251013
344.495037
344.501950
344.555038
344.620303
344.638390
344.654848
344.683998
344.716057
344.738674
344.771366
344.776305
344.811867
344.843559
344.846080
344.850456
344.858073
344.878513
344.936190
345.009115
345.044939
345.058922
345.077451
345.083731
345.123084
345.185139
345.311307
345.381427
345.384146
345.413160
345.417407
345.478490
345.482122
345.490161
345.514926
345.554772
345.606531
345.666033
345.717794
345.725014
345.751716
345.781056
345.836328
345.899948
345.940185
345.954470
345.984794
345.989393
346.027720
346.056844
346.064965
346.087283
346.101054
346.113640
346.155536
346.286166
346.319079
346.389152
346.416852
346.440403
346.495376
346.542888
346.591584
346.621195
346.638789
346.641616
346.667422
346.707342
346.718644
346.736240
346.751264
346.754933
346.828837
346.836387
346.837969
346.875120
346.886829
346.893017
346.990664
347.009282
347.015326
347.018558
347.071948
347.173470
347.209752
347.217321
347.251893
347.272723
347.296221
347.327360
347.332243
347.353745
347.419794
347.479084
347.517447
347.544734
347.548237
347.607970
347.663603
347.686008
347.750847
347.853331
347.869342
347.956203
347.961494
347.973891
348.072632
348.100988
348.101819
348.151083
348.223250
348.238374
348.239336
348.252702
348.278942
348.290928
348.325349
348.356422
348.391983
348.398688
348.411874
348.419617
348.449718
348.519310
348.553256
348.692421
348.749185
348.825636
348.869021
348.877713
348.918417
348.927867
348.970596
348.988746
349.063705
349.119629
349.193926
349.239090
349.287450
349.300705
349.302290
349.317415
349.319689
349.437256
349.512770
349.539663
349.544699
349.548674
349.603327
349.603532
349.661751
349.663422
349.692829
349.756688
349.759897
349.768780
349.784898
349.828346
349.848783
349.927533
349.932499
349.943314
350.013377
350.034682
350.140734
350.211728
350.264373
350.283395
350.304829
350.377882
350.385549
350.529925
350.582823
350.591756
350.660387
350.692251
350.719283
350.788906
350.797851
350.838295
350.926955
350.952987
351.002613
351.087114
351.142902
351.321234
351.364067
351.412013
351.522257
351.549438
351.605989
351.617056
351.773188
351.854647
351.909278
351.920813
351.932598
351.985313
351.992120
352.032489
352.056504
352.134634
352.156071
352.202590
352.316952
352.318887
352.352394
352.375956
352.392737
352.408292
352.426789
352.430236
352.452203
352.479711
352.516027
352.563734
352.564518
352.572425
352.607246
352.657559
352.758351
352.809311
352.920269
352.929422
352.941249
352.947522
353.019490
353.069587
353.093161
353.113855
353.115929
353.287171
353.300615
353.347455
353.373282
353.491130
353.501831
353.620118
353.629227
353.697502
353.702993
353.738876
353.754376
353.754582
353.808093
353.849314
353.887453
353.898508
353.969633
353.982263
354.018769
354.119209
354.174936
354.194359
354.225161
354.250547
354.292840
354.332734
354.481445
354.489582
354.521371
354.522294
354.577785
354.680665
354.695516
354.703816
354.707093
354.711647
354.720313
354.774094
354.840476
354.876741
354.891645
354.977318
354.997285
355.206472
355.257836
355.270683
355.277414
355.300300
355.321983
355.359292
355.361018
355.393970
355.402518
355.501711
355.534080
355.658887
355.680923
355.766829
355.795729
355.810113
355.842013
355.940416
355.946279
356.008583
356.016643
356.071241
356.121000
356.206897
356.213011
356.339939
356.482883
356.489513
356.498797
356.506177
356.538460
356.586669
356.626868
356.659468
356.662896
356.710723
356.761790
356.788174
356.790625
356.886482
356.887505
356.936164
356.942981
356.945485
356.963668
357.022997
357.027187
357.066448
357.073491
357.074838
357.159399
357.178899
357.204481
357.241118
357.382793
357.385533
357.433967
357.462388
357.473786
357.531421
357.531532
357.554015
357.564550
357.568264
357.666073
357.707654
357.752100
357.774192
357.796990
357.806347
357.813406
357.857109
357.901858
357.906814
357.978386
357.984183
357.985524
357.996231
357.999001
358.118020
358.124716
358.150023
358.168520
358.243231
358.247312
358.273087
358.291995
358.303082
358.445897
358.477244
358.581949
358.659624
358.685512
358.687785
358.704428
358.741121
358.800925
359.106046
359.141045
359.170483
359.234845
359.268471
359.319881
359.332620
359.338537
359.345993
359.346139
359.400144
359.447786
359.459284
359.531173
359.564291
359.620085
359.680525
359.683713
359.691252
359.710005
359.773581
359.828939
359.854317
359.875448
359.979150
359.997312
360.011222
360.016954
360.059356
360.125034
360.163072
360.184705
360.252345
360.265009
360.334447
360.405716
360.454488
360.477717
360.510948
360.690891
360.719134
360.738750
360.750903
360.767473
360.779603
360.786811
360.787546
360.862442
360.899207
361.057828
361.089338
361.114097
361.120166
361.132722
361.222103
361.230841
361.297866
361.394914
361.403944
361.404202
361.462159
361.474286
361.503927
361.531313
361.618453
361.630042
361.656749
361.665161
361.702220
361.865348
361.885469
361.890669
361.960038
362.003482
362.066296
362.078284
362.099032
362.317130
362.359069
362.368404
362.392239
362.407067
362.505059
362.574856
362.637647
362.661253
362.676008
362.788599
362.815042
362.818786
362.936362
362.951217
363.039285
363.057640
363.097992
363.127079
363.210744
363.268756
363.272313
363.329058
363.349211
363.355431
363.403710
363.420959
363.472554
363.485963
363.571992
363.634320
363.680449
363.695319
363.762800
363.784391
363.798962
363.838091
363.840981
363.860406
363.882223
363.925307
363.929019
364.060527
364.065504
364.132190
364.149367
364.212927
364.218832
364.226029
364.331480
364.349011
364.389634
364.457535
364.529673
364.532656
364.628922
364.653492
364.678210
364.689699
364.758552
364.773709
364.800908
364.805566
364.809922
364.811577
364.886831
364.940430
364.973903
364.975098
365.006963
365.022404
365.121626
365.165484
365.181136
365.253045
365.284177
365.354199
365.457887
365.499917
365.550543
365.575458
365.619671
365.659643
365.749142
365.767481
365.770822
365.840047
365.962629
366.030404
366.035532
366.054779
366.083284
366.083525
366.084673
366.102713
366.112822
366.153622
366.173408
366.175386
366.186161
366.261802
366.263628
366.274026
366.369865
366.371892
366.372865
366.453002
366.453730
366.516532
366.542613
366.599592
366.614208
366.630710
366.644626
366.706680
366.728809
366.729361
366.770729
366.771614
366.921758
366.925496
366.955450
366.963542
367.025876
367.064705
367.176929
367.278879
367.357240
367.400328
367.426150
367.436832
367.460746
367.495594
367.552684
367.555326
367.596866
367.618996
367.783586
367.792052
367.794182
367.817875
367.888373
367.911826
368.032830
368.106093
368.181259
368.190239
368.201646
368.204449
368.245440
368.305445
368.343944
368.407937
368.410309
368.414027
368.429522
368.434376
368.444619
368.506629
368.700199
368.703544
368.712491
368.750358
368.763439
368.823232
368.860811
368.866643
368.879383
368.913081
368.942156
369.000385
369.041485
369.047088
369.063602
369.149451
369.201797
369.202192
369.206896
369.259159
369.274679
369.305218
369.342260
369.347786
369.404220
369.458623
369.586955
369.622625
369.634228
369.722656
369.730866
369.792463
369.805801
369.843213
369.892417
369.975806
369.978840
370.013271
370.097634
370.101237
370.346536
370.364200
370.376953
370.432864
370.508542
370.513782
370.538815
370.541987
370.543717
370.544709
370.619915
370.659056
370.667277
370.693829
370.790746
370.812171
370.891029
370.926266
370.938940
370.942187
370.968438
371.030680
371.099397
371.128656
371.152721
371.165457
371.201337
371.229221
371.251179
371.277575
371.312451
371.316279
371.332321
371.394382
371.493117
371.503498
371.541977
371.554865
371.568536
371.735525
371.776910
371.780190
371.797056
371.838861
371.844203
371.869869
371.875534
371.882607
371.945020
371.990218
372.002743
372.187880
372.199005
372.279507
372.304710
372.343519
372.359763
372.412252
372.491169
372.548816
372.558267
372.574026
372.618898
372.621921
372.780825
372.833433
372.888097
372.904310
372.910758
372.958352
372.962203
372.992777
373.010167
373.039104
373.127760
373.145306
373.213067
373.223288
373.257450
373.264254
373.271724
373.296597
373.312282
373.378196
373.396464
373.460955
373.569068
373.599357
373.671528
373.757707
373.775984
373.792825
373.805435
373.819280
373.910159
373.911074
373.973922
374.216354
374.249698
374.266939
374.289830
374.470494
374.486697
374.517605
374.560232
374.665024
374.781264
374.819343
374.834397
374.897491
374.912770
374.965699
374.982021
375.063426
375.080805
375.146486
375.175619
375.366351
375.403945
375.405663
375.462052
375.502699
375.660753
375.695058
375.742749
375.772588
375.780877
375.793826
375.825909
375.901186
375.909790
375.929433
375.966530
376.034772
376.046520
376.061025
376.083767
376.099285
376.112231
376.122454
376.223582
376.244291
376.309775
376.346210
376.355534
376.391612
376.432288
376.433884
376.479370
376.517113
376.569616
376.608914
376.675517
376.676264
376.809909
376.826264
376.846077
376.877904
376.896950
376.957937
376.981321
376.995939
377.022788
377.085349
377.095281
377.134591
377.197192
377.248284
377.273862
377.362937
377.425812
377.435112
377.500430
377.511266
377.552896
377.598416
377.598815
377.608359
377.704661
377.724744
377.769039
377.799470
377.812937
377.881707
377.931583
378.048291
378.050545
378.080087
378.155838
378.293930
378.305902
378.339975
378.348132
378.368377
378.644794
378.700293
378.736463
378.740904
378.768598
378.795603
378.798662
378.872182
378.915454
378.941871
379.003211
379.149836
379.160870
379.167136
379.168253
379.187451
379.227582
379.249580
379.289996
379.339997
379.356486
379.375282
379.379794
379.488155
379.498230
379.545073
379.602187
379.632032
379.668938
379.678678
379.731354
379.745433
379.762949
379.832040
379.838237
379.900070
379.972765
380.028960
380.055683
380.126346
380.131327
380.147793
380.312514
380.336021
380.385124
380.460445
380.512992
380.616814
380.642252
380.646812
380.649437
380.728755
380.767125
380.837010
380.866009
380.899129
380.926251
380.989107
380.990551
380.991634
381.037732
381.101807
381.141108
381.144943
381.177249
381.198172
381.223943
381.306510
381.365053
381.391337
381.395542
381.472346
381.538667
381.781284
381.855372
381.866580
381.876706
381.915441
381.966593
381.996363
382.053057
382.087540
382.105708
382.296645
382.412489
382.437574
382.448663
382.452347
382.517127
382.519601
382.570419
382.587864
382.628132
382.645995
382.651809
382.659135
382.677810
382.682288
382.725665
382.829009
382.869872
382.895637
382.905503
382.911218
382.933818
382.991318
383.147317
383.150110
383.154047
383.177554
383.181503
383.197679
383.245086
383.252871
383.275302
383.278260
383.321224
383.352567
383.358512
383.413812
383.428366
383.502643
383.556773
383.560261
383.572675
383.600769
383.614778
383.620494
383.647853
383.664006
383.668583
383.733380
383.739050
383.745206
383.751229
383.765558
383.854032
383.863143
383.886927
383.938960
383.961186
383.965243
384.003838
384.073281
384.083231
384.101774
384.169043
384.195850
384.211596
384.212211
384.262728
384.351375
384.357940
384.364623
384.388172
384.438177
384.457320
384.608534
384.652265
384.673444
384.737232
384.784140
384.810743
384.851287
384.915006
385.034897
385.047811
385.055712
385.138671
385.151800
385.158328
385.364923
385.372717
385.392923
385.423458
385.448898
385.455079
385.461488
385.464963
385.471035
385.471548
385.471973
385.483154
385.615071
385.641242
385.648708
385.673046
385.747376
385.859653
385.938113
385.938494
385.988806
385.992235
386.012555
386.017343
386.020272
386.137439
386.239056
386.239918
386.286653
386.331733
386.353668
386.375968
386.414705
386.470766
386.482392
386.483821
386.492644
386.590224
386.611940
386.731420
386.751132
386.753308
386.781045
386.791821
386.796927
386.807741
386.847784
386.883867
386.951173
387.008492
387.203333
387.246954
387.249619
387.256050
387.275685
387.283691
387.317392
387.419323
387.493270
387.563934
387.604753
387.700641
387.759387
387.808856
387.831488
387.848787
387.849872
387.856601
387.868172
387.869583
387.880853
387.889410
387.911559
387.951766
388.005720
388.030393
388.036592
388.072121
388.123298
388.136449
388.139675
388.162514
388.171089
388.174955
388.180414
388.202958
388.212503
388.213988
388.262274
388.264533
388.270618
388.335639
388.431799
388.500827
388.513478
388.584008
388.590912
388.606094
388.744091
388.746756
388.806948
388.813223
388.828048
388.923126
388.993768
389.011053
389.041163
389.059735
389.157994
389.273381
389.349369
389.383538
389.392660
389.394596
389.454066
389.522406
389.561565
389.653293
389.661875
389.738964
389.769306
389.790699
389.793577
389.867409
389.929764
390.075670
390.089562
390.133783
390.145141
390.153904
390.174338
390.194844
390.251620
390.270023
390.272841
390.317679
390.428710
390.539236
390.548035
390.602553
390.658532
390.795217
390.819597
390.911650
391.014022
391.062424
391.110038
391.129652
391.159141
391.205741
391.273054
391.380013
391.392656
391.408369
391.431530
391.445588
391.450687
391.515842
391.556630
391.600867
391.602769
391.695206
391.763035
391.788473
391.789914
391.795182
391.893744
391.970405
392.021206
392.022910
392.037061
392.063549
392.156297
392.183027
392.272284
392.274299
392.326135
392.413510
392.438200
392.460487
392.534858
392.687744
392.731875
392.813849
392.868873
392.899788
392.903991
392.907583
392.913744
392.971477
393.026642
393.045730
393.054978
393.068415
393.079591
393.087977
393.144223
393.216884
393.217368
393.280661
393.307922
393.355138
393.365725
393.430488
393.575680
393.582235
393.611923
393.656370
393.669956
393.700133
393.737054
393.811036
393.847023
393.897751
393.899539
393.919091
393.954482
394.074549
394.119881
394.171399
394.187697
394.306656
394.322831
394.337666
394.342457
394.360421
394.459493
394.463692
394.574946
394.596822
394.661089
394.664713
394.728378
394.733613
394.768652
394.771440
394.779673
394.827435
394.899370
394.920053
394.924978
394.931765
394.959227
395.008480
395.009280
395.023997
395.061065
395.104606
395.163032
395.226268
395.272665
395.315041
395.318614
395.343126
395.388750
395.408659
395.430253
395.431079
395.439415
395.541208
395.584312
395.622152
395.630731
395.649445
395.765849
395.806180
395.863143
395.877443
395.880241
395.936520
395.962474
395.980131
396.084142
396.145412
396.173733
396.188481
396.278700
396.357214
396.375813
396.400671
396.468319
396.497604
396.504338
396.591537
396.626023
396.667707
396.782286
396.838002
396.872790
396.972900
396.982816
396.988646
396.999365
397.112215
397.145787
397.167440
397.168521
397.259896
397.293800
397.326109
397.390722
397.448979
397.466878
397.497981
397.540235
397.559647
397.642499
397.675579
397.718602
397.718821
397.722869
397.774243
397.843360
397.867977
397.870950
397.908851
398.023776
398.054512
398.135473
398.153697
398.157556
398.198681
398.208362
398.237210
398.272598
398.380324
398.437540
398.546353
398.692474
398.703729
398.750850
398.783252
398.805450
398.810485
398.811519
398.824995
398.840149
398.844750
398.860577
398.879989
398.950451
399.043661
399.084228
399.095070
399.100673
399.121262
399.121434
399.123754
399.126879
399.166673
399.188684
399.208320
399.208514
399.214064
399.273290
399.282734
399.321684
399.379061
399.424787
399.443988
399.450738
399.463689
399.535701
399.555418
399.680541
399.719856
399.765663
399.773057
399.781460
399.814210
399.859292
399.888266
400.024283
400.024293
400.042228
400.086386
400.111654
400.181058
400.189176
400.268464
400.276161
400.399681
400.456439
400.483629
400.513409
400.559699
400.572675
400.572873
400.604329
400.688889
400.761701
400.773552
400.792633
400.817242
400.843368
400.888629
400.892007
400.904668
400.943542
401.087526
401.087650
401.094475
401.170936
401.241018
401.319018
401.362619
401.413968
401.452818
401.497934
401.507682
401.528801
401.549004
401.573083
401.583692
401.722119
401.734734
401.747612
401.791971
401.811436
401.864787
401.896218
401.902757
401.938328
402.048129
402.117959
402.250730
402.299554
402.300205
402.306883
402.309647
402.310260
402.346527
402.376417
402.399174
402.441496
402.617695
402.705280
402.791267
402.798073
402.892850
403.017389
403.082894
403.110755
403.113119
403.176324
403.195390
403.211116
403.215303
403.218738
403.254727
403.307136
403.387756
403.399902
403.580430
403.595458
403.613888
403.652919
403.684716
403.696397
403.704540
403.752301
403.768433
403.797346
403.813607
403.877611
403.884425
403.904976
403.913091
403.914912
403.951699
404.029323
404.097748
404.116437
404.134762
404.181061
404.310313
404.326496
404.329524
404.373745
404.415533
404.467519
404.493536
404.544284
404.547275
404.595438
404.614096
404.636277
404.641911
404.672524
404.680350
404.700590
404.727084
404.736896
404.778471
404.848708
404.881062
404.976012
404.979989
405.012655
405.022642
405.100457
405.111969
405.163469
405.189664
405.231580
405.239843
405.439454
405.568048
405.591762
405.593711
405.625799
405.632653
405.665620
405.817687
405.836676
405.853269
405.860975
405.893135
405.961723
405.965565
405.993123
406.064522
406.089028
406.089848
406.137416
406.184693
406.234801
406.241332
406.263904
406.269146
406.332717
406.365932
406.427155
406.653410
406.692583
406.784780
406.831809
406.888634
406.901779
407.001402
407.018775
407.156100
407.233300
407.245971
407.260387
407.286645
407.327692
407.389297
407.408791
407.430496
407.463634
407.496068
407.621055
407.621062
407.650600
407.747267
407.763912
407.780709
407.785356
407.819124
407.840249
407.936627
407.940996
407.982468
407.997471
408.018894
408.038568
408.149839
408.157772
408.227069
408.253920
408.363707
408.363854
408.379226
408.435818
408.440875
408.473008
408.515811
408.644898
408.711300
408.716099
408.760557
408.770444
408.835039
408.837596
408.853879
408.881244
408.925097
408.950381
408.970252
409.101691
409.114149
409.258436
409.284462
409.374753
409.382119
409.436981
409.438064
409.452389
409.536355
409.567146
409.592932
409.708485
409.728155
409.772886
409.774156
409.795626
409.829604
409.834569
409.946090
410.011791
410.013128
410.026000
410.031262
410.098729
410.129532
410.134384
410.186277
410.232888
410.239277
410.347445
410.362466
410.365564
410.397828
410.458106
410.487913
410.505764
410.506781
410.529329
410.543098
410.558262
410.559214
410.696544
410.762885
410.775598
410.852646
410.866740
410.972992
410.998393
411.055448
411.071344
411.073301
411.073990
411.250149
411.271691
411.285359
411.437911
411.484061
411.673235
411.772140
411.773937
411.825552
411.840429
411.855049
411.889242
411.927097
411.957561
411.980544
412.028603
412.053634
412.074030
412.078013
412.138768
412.172414
412.233427
412.403318
412.466323
412.493236
412.522562
412.632489
412.685888
412.720088
412.735971
412.740235
412.773081
412.809639
412.854182
412.902423
412.958398
412.972515
413.067183
413.076186
413.147679
413.176998
413.389767
413.473836
413.621643
413.663098
413.682244
413.696378
413.743718
413.774876
413.781914
413.868734
413.884280
413.943409
413.965853
413.991295
414.026476
414.032511
414.081608
414.139843
414.169709
414.179913
414.215336
414.272561
414.290091
414.376395
414.441337
414.480345
414.530783
414.560959
414.576493
414.686232
414.726981
414.773579
414.780646
414.829970
414.865010
414.915956
414.983231
414.989122
415.018252
415.088676
415.161315
415.165353
415.257653
415.293668
415.299899
415.342660
415.365931
415.401923
415.402392
415.422417
415.428068
415.554919
415.673192
415.681107
415.684121
415.721507
415.737816
415.746122
415.748400
415.752625
415.752995
415.864934
415.916895
415.951510
415.996038
415.996989
416.100533
416.141306
416.328171
416.423547
416.453523
416.497542
416.507927
416.537318
416.575694
416.617465
416.657016
416.682647
416.698928
416.721422
416.725745
416.730118
416.731807
416.737369
416.858630
416.908605
416.923485
417.034401
417.146685
417.206991
417.207556
417.222852
417.287312
417.337130
417.350132
417.437536
417.452621
417.622133
417.631775
417.658505
417.854998
417.899562
417.968844
417.980952
418.020155
418.087085
418.088405
418.113893
418.114421
418.147302
418.212130
418.233658
418.244803
418.255655
418.256206
418.276427
418.304374
418.334980
418.389471
418.455762
418.528448
418.654568
418.921397
418.923428
418.939599
419.032044
419.047887
419.048050
419.059345
419.087000
419.093516
419.095511
419.095887
419.121148
419.150800
419.167168
419.167372
419.225732
419.231270
419.368565
419.400269
419.432456
419.515150
419.536363
419.541083
419.627507
419.630553
419.670933
419.703910
419.711650
419.714291
419.823452
419.848394
419.851432
419.855125
419.957776
419.969494
420.001940
420.008964
420.021466
420.208013
420.213516
420.254702
420.279029
420.387885
420.492130
420.521367
420.531970
420.537799
420.598409
420.606123
420.611065
420.654241
420.680632
420.733058
420.839381
420.993909
421.009320
421.120050
421.146265
421.181523
421.306950
421.324203
421.335433
421.421020
421.453302
421.482614
421.533088
421.551432
421.574226
421.582470
421.720780
421.779292
421.888951
421.948587
421.956222
421.958430
422.091351
422.103944
422.154076
422.211318
422.235558
422.240023
422.293612
422.307025
422.315772
422.439793
422.490364
422.508746
422.519754
422.571902
422.593965
422.596217
422.609131
422.710244
422.730116
422.886006
422.894295
422.990014
423.017471
423.045290
423.134337
423.134374
423.135234
423.173167
423.178222
423.334330
423.356508
423.358015
423.358212
423.376754
423.408350
423.513351
423.568457
423.570784
423.589006
423.611658
423.724039
423.739946
423.742689
423.771135
423.785439
423.801624
423.806098
423.838311
423.851097
423.942902
423.971363
423.973998
423.975321
424.005343
424.167547
424.217133
424.234387
424.259638
424.321709
424.368352
424.417379
424.498860
424.555450
424.565232
424.585749
424.589441
424.596266
424.610098
424.617300
424.653223
424.654580
424.661057
424.690969
424.757374
424.775752
424.793571
424.941428
424.946402
424.955594
425.017479
425.026544
425.067603
425.081773
425.088481
425.102144
425.114101
425.141282
425.207363
425.295165
425.299804
425.348218
425.471903
425.490597
425.611625
425.664536
425.782110
425.797232
425.916503
425.928857
425.937779
425.946982
425.965512
425.979045
425.985385
426.001243
426.088798
426.100347
426.299014
426.308371
426.339582
426.396758
426.456747
426.458620
426.484690
426.488768
426.489389
426.544123
426.547584
426.590985
426.605107
426.667198
426.817617
426.848113
426.896128
427.073102
427.084573
427.088241
427.204428
427.250907
427.298446
427.307528
427.362612
427.407650
427.416919
427.496917
427.507369
427.576635
427.590685
427.594326
427.645585
427.734651
427.739578
427.804484
427.837132
427.991744
428.100679
428.125757
428.173166
428.203757
428.228957
428.247151
428.254496
428.284888
428.286437
428.325774
428.383459
428.394883
428.413072
428.458575
428.462823
428.499817
428.546513
428.577363
428.622561
428.677507
428.690010
428.756566
428.777016
428.806327
428.822806
428.952968
429.130811
429.168153
429.304516
429.375542
429.380916
429.395747
429.399399
429.411824
429.538678
429.561919
429.572393
429.632936
429.645106
429.690795
429.693024
429.704752
429.790040
429.804814
429.869735
429.937640
429.987386
430.058554
430.067634
430.225386
430.248232
430.289588
430.321744
430.410984
430.583297
430.607903
430.630477
430.672162
430.699461
430.701222
430.718863
430.855896
430.944579
431.001408
431.014364
431.015007
431.018384
431.061780
431.152434
431.512481
431.537688
431.546995
431.550271
431.587221
431.587484
431.601663
431.606526
431.608415
431.652461
431.665978
431.666898
431.704087
431.711057
431.760357
431.780795
431.864350
431.922648
432.008462
432.071099
432.114473
432.213290
432.240824
432.242245
432.296821
432.363186
432.374003
432.443949
432.455980
432.522896
432.613756
432.724735
432.732551
432.784323
432.791663
432.895234
432.958788
433.022746
433.115354
433.125531
433.146618
433.286435
433.288101
433.339775
433.400564
433.537807
433.603210
433.658760
433.665670
433.717009
433.788379
433.843138
433.844386
433.845126
433.847043
433.892889
433.903535
433.934575
434.028119
434.030401
434.091825
434.134702
434.235439
434.257067
434.293534
434.369221
434.529853
434.545021
434.554069
434.555244
434.590508
434.592375
434.694533
434.795406
434.935486
434.943270
434.951665
435.036907
435.048579
435.085126
435.213602
435.237614
435.277909
435.353789
435.435729
435.440743
435.483344
435.560405
435.592673
435.610677
435.666161
435.683110
435.685173
435.741743
435.802745
435.849969
435.862659
435.918192
435.923509
435.962062
435.968640
435.974154
436.380749
436.454579
436.507434
436.520705
436.656082
436.679874
436.679957
436.709458
436.743801
436.746755
436.825275
436.846188
436.881049
436.894341
436.947365
436.964151
436.974866
437.006290
437.017532
437.110523
437.121879
437.184457
437.199123
437.294949
437.327616
437.352621
437.377290
437.473634
437.517617
437.554502
437.558697
437.574813
437.577861
437.593058
437.645776
437.748268
437.798702
437.799400
437.810128
437.857960
437.913169
437.986353
437.994355
438.020370
438.114079
438.127340
438.128045
438.169514
438.200746
438.218158
438.239336
438.253163
438.262998
438.269886
438.280738
438.287888
438.292877
438.305278
438.436787
438.453536
438.458725
438.508325
438.560759
438.595229
438.751017
438.800536
438.895206
438.901708
438.942533
438.962700
439.003796
439.010121
439.133924
439.167144
439.226147
439.263434
439.491691
439.493710
439.508067
439.609399
439.645473
439.663909
439.710723
439.725026
439.742284
439.772994
439.786801
439.797614
439.831540
439.856496
439.865339
439.936882
439.983820
440.054756
440.081288
440.131663
440.268312
440.375799
440.424674
440.442562
440.550282
440.637517
440.643875
440.678998
440.702996
440.746707
440.754144
440.782447
440.804238
440.842582
440.951569
440.969178
440.990206
441.021033
441.058296
441.077450
441.081169
441.087956
441.097205
441.131287
441.131439
441.156406
441.276933
441.299650
441.300356
441.339179
441.352833
441.413183
441.488941
441.593946
441.629289
441.640492
441.667271
441.706305
441.747663
441.768015
441.805832
441.879249
441.879297
441.948932
441.975123
442.044285
442.084754
442.138641
442.172156
442.201008
442.237073
442.458650
442.491144
442.493400
442.497693
442.539534
442.659956
442.701864
442.709762
442.779107
442.793228
442.812725
442.816951
442.818093
442.855751
442.864332
442.897651
442.916265
442.936804
442.941495
442.991489
443.034446
443.058839
443.096318
443.119015
443.141216
443.192248
443.194983
443.199877
443.227202
443.235764
443.253480
443.260015
443.281178
443.299817
443.337277
443.338489
443.364173
443.379886
443.388114
443.392300
443.511722
443.511915
443.516932
443.549336
443.669493
443.677046
443.715964
443.721768
443.745776
443.774635
443.805475
443.849230
443.849376
443.893657
443.909052
443.922324
443.926170
443.934870
443.945651
443.947871
443.959760
443.978197
444.030426
444.055791
444.066392
444.155265
444.249570
444.256876
444.303031
444.387828
444.419835
444.420020
444.432595
444.649894
444.654137
444.767287
444.810887
444.853289
444.972356
444.983503
445.057303
445.057534
445.155718
445.159162
445.227212
445.302725
445.312798
445.482312
445.589067
445.706952
445.809833
445.833313
445.906189
446.007916
446.008281
446.020222
446.068136
446.162227
446.169656
446.204031
446.229493
446.253594
446.316535
446.343934
446.345532
446.348573
446.381644
446.442651
446.463995
446.526639
446.541003
446.562300
446.572776
446.636333
446.661157
446.760064
446.794528
446.856442
446.902106
446.957176
446.980818
446.997255
447.001741
447.084852
447.111152
447.167200
447.202034
447.211537
447.387374
447.471424
447.488818
447.506581
447.544265
447.605621
447.616320
447.662600
447.697655
447.724469
447.758989
447.772915
447.786530
447.819871
447.855316
447.895103
447.935336
447.985288
448.035576
448.136197
448.156771
448.210045
448.312099
448.391351
448.450410
448.479880
448.541824
448.563342
448.679738
448.726592
448.731613
448.733474
448.741729
448.748836
448.822603
448.835862
448.840928
448.945487
448.977060
449.039338
449.090687
449.139339
449.153477
449.410166
449.418917
449.443813
449.533615
449.545496
449.557355
449.563854
449.623491
449.689904
449.691923
449.696137
449.757414
449.842912
449.854140
449.953955
449.962175
449.978335
450.037581
450.052638
450.053071
450.096817
450.153334
450.295195
450.324348
450.383511
450.395429
450.492626
450.498481
450.520186
450.552435
450.646046
450.647575
450.658223
450.668466
450.780378
450.783100
450.856479
450.888366
450.994485
451.018655
451.038211
451.043158
451.242510
451.281928
451.285317
451.316226
451.343690
451.355794
451.395889
451.428963
451.460004
451.492067
451.540584
451.629760
451.675571
451.692029
451.693944
451.727537
451.743872
451.765137
451.788984
451.794533
451.832765
451.890948
451.929115
451.994103
452.046717
452.142375
452.204026
452.213349
452.329725
452.332043
452.419170
452.420311
452.473128
452.500450
452.505335
452.517204
452.621727
452.666974
452.675017
452.688936
452.715458
452.803073
452.833252
452.857281
452.923358
452.960393
452.965172
452.982375
453.019564
453.032632
453.103756
453.106634
453.135820
453.146771
453.147088
453.152128
453.163140
453.193588
453.266531
453.344024
453.375452
453.444807
453.617974
453.637521
453.644463
453.653821
453.686900
453.784048
453.784503
453.891475
453.930910
454.160325
454.202991
454.291077
454.291739
454.310474
454.333569
454.442317
454.471221
454.491284
454.553259
454.559737
454.582064
454.597381
454.604771
454.645428
454.683711
454.739214
454.754238
454.803499
454.870202
454.906603
454.920971
454.921892
454.950090
454.978244
455.018295
455.074868
455.104661
455.154040
455.335905
455.356323
455.365620
455.447664
455.460214
455.498651
455.506189
455.547814
455.564055
455.613160
455.642392
455.643102
455.768677
455.784436
455.787800
455.797062
455.831882
456.070537
456.089639
456.100548
456.120256
456.128271
456.146265
456.198662
456.230468
456.258718
456.278954
456.312188
456.343392
456.601167
456.768526
456.781240
456.877523
456.901781
456.916711
456.958556
456.989323
457.005355
457.073821
457.081332
457.083082
457.108650
457.111749
457.158558
457.245904
457.249772
457.277007
457.304973
457.442297
457.460380
457.472281
457.656274
457.725513
457.727883
457.750177
457.767433
457.770892
457.906064
457.986692
457.993543
458.023640
458.037297
458.071920
458.327346
458.334753
458.348213
458.365847
458.644249
458.675436
458.702362
458.844864
458.954407
458.964885
459.017118
459.039731
459.077800
459.148009
459.193519
459.201012
459.202857
459.284206
459.290421
459.337103
459.365901
459.431685
459.478966
459.528946
459.652352
459.669312
459.754087
459.761701
459.788908
459.825974
459.911473
459.927078
459.927604
459.988725
460.009210
460.022781
460.027843
460.083071
460.092533
460.147763
460.149420
460.166579
460.341792
460.395316
460.468649
460.488181
460.521220
460.579714
460.643069
460.691794
460.790909
460.800796
460.813581
460.854335
460.886783
460.940246
460.978650
461.082682
461.116816
461.153936
461.154608
461.157185
461.383389
461.432029
461.442328
461.447745
461.458151
461.503264
461.508143
461.537477
461.555347
461.566164
461.619548
461.628482
461.695859
461.728031
461.750189
461.776270
461.925898
461.945387
461.947063
461.958559
461.982344
461.985202
462.193643
462.207091
462.352643
462.369837
462.413785
462.526368
462.541593
462.608844
462.624123
462.628189
462.643211
462.668537
462.816528
463.040761
463.042421
463.092852
463.128042
463.161110
463.170448
463.401169
463.420692
463.633015
463.727359
463.728941
463.832110
463.911749
463.977468
463.982458
463.990760
463.996257
464.048166
464.117695
464.156279
464.161462
464.168552
464.246172
464.330154
464.510549
464.511445
464.519633
464.523810
464.530002
464.570763
464.578109
464.594613
464.594820
464.611247
464.645065
464.720524
464.724037
464.759718
464.786964
464.891635
464.940263
465.074506
465.109854
465.161533
465.168443
465.190373
465.191134
465.236697
465.238587
465.300911
465.329903
465.355748
465.370385
465.427094
465.443342
465.473389
465.499418
465.503130
465.600125
465.651658
465.683109
465.720800
465.782482
465.832665
465.840977
465.846974
465.870659
465.889412
465.892593
465.920845
465.947931
466.042459
466.056963
466.082312
466.112053
466.147044
466.169038
466.170772
466.254666
466.266118
466.288938
466.295313
466.299976
466.302002
466.374157
466.393441
466.492098
466.567980
466.617062
466.670686
466.675534
466.681424
466.731089
466.762227
466.871015
466.918121
466.935268
466.949293
466.957799
467.059092
467.066948
467.082930
467.165690
467.285765
467.307490
467.331483
467.332557
467.381170
467.493907
467.545972
467.578607
467.597376
467.632117
467.638599
467.659614
467.667603
467.692206
467.766132
467.777640
467.798493
467.811981
467.816606
467.844921
467.917254
467.946134
467.968602
467.991243
467.991565
468.010372
468.272185
468.358168
468.384969
468.473873
468.484445
468.516565
468.532049
468.580709
468.590044
468.665889
468.750317
468.790821
468.810886
468.912990
468.913278
468.934916
468.942295
468.985125
469.019486
469.052585
469.068447
469.070073
469.102861
469.106018
469.117973
469.184212
469.220224
469.242036
469.310205
469.343339
469.389429
469.444367
469.456199
469.489575
469.513811
469.615655
469.619921
469.719398
469.760776
469.761346
469.815755
469.854101
469.882097
469.893424
469.904934
469.930619
469.966632
469.978336
469.980447
470.071338
470.105404
470.152618
470.194978
470.222689
470.263091
470.331468
470.385283
470.431469
470.487539
470.550320
470.682014
470.687995
470.753525
470.872369
470.893202
470.936222
470.957863
470.996322
471.075631
471.095104
471.095343
471.106283
471.123979
471.146378
471.151363
471.231806
471.321398
471.364881
471.397093
471.415483
471.452107
471.470170
471.544917
471.597531
471.616537
471.639724
471.667372
471.672612
471.706601
471.747144
471.761741
471.799965
471.842886
471.928658
471.974472
472.008327
472.013741
472.046638
472.068335
472.086968
472.114789
472.120424
472.240765
472.252965
472.264638
472.329530
472.406810
472.438488
472.494293
472.589857
472.592374
472.606460
472.639942
472.670220
472.682555
472.818852
473.043969
473.048960
473.050205
473.203534
473.247399
473.263279
473.276632
473.289730
473.308348
473.341352
473.345112
473.368391
473.416611
473.459787
473.478785
473.672603
473.675448
473.791578
473.796901
473.841790
473.954281
474.013655
474.063549
474.189888
474.222729
474.259905
474.267761
474.292348
474.338308
474.388059
474.393638
474.413817
474.452093
474.463551
474.627196
474.670357
474.738367
474.745888
474.792409
474.823012
474.900809
474.903379
474.941920
474.957618
475.115816
475.136552
475.139591
475.159600
475.211323
475.240794
475.293632
475.403223
475.412273
475.428010
475.435939
475.440463
475.461272
475.475411
475.531168
475.563368
475.582139
475.599914
475.687328
475.723945
475.827836
475.853859
475.952052
475.991105
476.026871
476.261684
476.285420
476.321200
476.341500
476.508466
476.614124
476.637765
476.731851
476.746779
476.771154
476.781872
476.855760
476.920101
476.956324
477.020267
477.026025
477.032129
477.070495
477.073701
477.084149
477.142115
477.146711
477.228311
477.340078
477.389302
477.393278
477.466677
477.606945
477.612806
477.623226
477.640130
477.647320
477.697876
477.709226
477.758150
477.789365
477.792071
477.873498
477.935181
478.184925
478.192375
478.253264
478.418192
478.442539
478.502943
478.504572
478.608283
478.690408
478.840810
478.866199
478.890920
478.953539
479.010225
479.081948
479.097141
479.251872
479.263460
479.311588
479.348091
479.426204
479.429653
479.488048
479.501944
479.516112
479.675254
479.689483
479.762943
479.842900
479.845523
479.898738
479.987807
479.993535
480.008933
480.055084
480.057090
480.077061
480.077394
480.078317
480.150226
480.175863
480.177909
480.220238
480.221228
480.222080
480.259114
480.318538
480.464696
480.478632
480.526489
480.567944
480.598321
480.727622
480.781052
480.788513
480.815476
480.830522
480.831410
480.893140
480.958638
481.141890
481.209195
481.228003
481.483713
481.495767
481.507065
481.525756
481.640261
481.651547
481.680205
481.698414
481.712491
481.834836
481.843876
481.911552
481.935051
481.997433
482.036552
482.050278
482.062158
482.066131
482.070724
482.129211
482.195169
482.238094
482.292527
482.320252
482.353590
482.406234
482.406500
482.461050
482.504447
482.589006
482.637395
482.664675
482.677786
482.683233
482.709282
482.757342
482.885710
482.928447
483.011694
483.031125
483.130551
483.195308
483.252065
483.345325
483.504652
483.562854
483.605599
483.611067
483.625988
483.657455
483.825910
483.866645
483.944299
483.969147
484.046653
484.067370
484.133835
484.148118
484.151993
484.164497
484.208278
484.228193
484.234285
484.280481
484.297665
484.431689
484.481162
484.541605
484.560885
484.574941
484.615009
484.727882
484.758338
484.760092
484.782580
484.790806
484.880099
484.932121
485.013220
485.072096
485.107976
485.108842
485.114883
485.246433
485.250526
485.262074
485.336654
485.373689
485.378163
485.398305
485.417859
485.455863
485.469287
485.474653
485.514217
485.539816
485.618768
485.699374
485.725342
485.726511
485.735933
485.748473
485.768948
485.772318
485.786936
485.795840
485.866486
485.871915
485.962827
485.975229
485.998341
486.041261
486.087953
486.129875
486.166747
486.182378
486.217259
486.229085
486.262894
486.287395
486.291541
486.441881
486.564617
486.627110
486.661671
486.690247
486.704667
486.786367
486.865043
486.865781
486.867676
486.964799
486.985302
487.007867
487.029639
487.033181
487.194516
487.251669
487.253064
487.329949
487.340835
487.346200
487.368607
487.371133
487.383437
487.423543
487.423692
487.430379
487.444940
487.519064
487.523232
487.524479
487.577184
487.694849
487.727479
487.770281
487.781664
487.788172
487.971745
488.004970
488.024295
488.033933
488.063397
488.147553
488.150279
488.255830
488.279303
488.308473
488.325434
488.408855
488.429712
488.514540
488.549207
488.592803
488.612410
488.631177
488.647085
488.722853
488.738793
488.772982
488.803829
488.817414
488.835839
488.837272
488.856564
489.033317
489.064834
489.082326
489.088288
489.188908
489.204290
489.209925
489.261580
489.281341
489.358469
489.414545
489.426310
489.468223
489.514228
489.563010
489.583438
489.630852
489.637066
489.645409
489.647256
489.879735
489.905903
489.926074
489.961641
490.004148
490.009307
490.020838
490.098098
490.109289
490.153131
490.170579
490.220419
490.263511
490.306527
490.343754
490.438953
490.549121
490.721636
490.724544
490.740404
490.759233
490.812142
490.816152
490.878339
490.915790
490.954923
490.955706
491.014625
491.057380
491.213306
491.240135
491.281886
491.333561
491.386362
491.388844
491.411107
491.421399
491.499758
491.537034
491.542398
491.563089
491.713375
491.717978
491.754760
491.758248
491.806306
491.880063
491.903626
491.950811
491.957106
492.011206
492.018668
492.058904
492.094318
492.112704
492.129274
492.193917
492.224599
492.254548
492.257524
492.314820
492.401969
492.418720
492.419854
492.449861
492.508469
492.582045
492.591729
492.721951
492.768135
492.785336
492.841362
492.889642
492.899775
492.925731
492.957110
492.974279
492.985962
493.030647
493.090973
493.105952
493.154601
493.163820
493.171509
493.179771
493.215767
493.228907
493.270978
493.321840
493.322853
493.326156
493.372798
493.405024
493.410409
493.491221
493.504999
493.510457
493.529030
493.539747
493.543732
493.568367
493.574211
493.679553
493.695537
493.696357
493.803394
493.851822
493.899164
493.907895
493.908690
493.930795
494.052071
494.066289
494.082251
494.270888
494.272144
494.282660
494.341978
494.395229
494.400830
494.408684
494.414074
494.486973
494.642515
494.677722
494.699428
494.780960
494.815685
494.825238
494.879384
494.895339
494.896841
494.897514
494.970640
495.004188
495.024015
495.045382
495.052460
495.060631
495.156404
495.180125
495.229217
495.294904
495.301830
495.306093
495.320048
495.438970
495.503120
495.534751
495.622369
495.628607
495.629752
495.642529
495.649427
495.681211
495.721000
495.753381
495.903831
495.916898
495.936235
495.958438
496.008525
496.011578
496.066155
496.100945
496.148473
496.189426
496.206839
496.216137
496.237746
496.245020
496.264950
496.280339
496.286014
496.299913
496.316046
496.406039
496.440471
496.486753
496.518119
496.550414
496.554842
496.583612
496.599458
496.656650
496.710535
496.851714
496.853851
496.864173
496.917811
496.932767
496.992617
497.009499
497.084011
497.084246
497.088385
497.130575
497.143197
497.196594
497.243605
497.281453
497.350981
497.393654
497.452509
497.492838
497.525125
497.558295
497.566286
497.581541
497.598371
497.647347
497.660924
497.715320
497.852948
497.941965
498.031050
498.062197
498.072524
498.139344
498.246400
498.267338
498.282842
498.364012
498.427494
498.449362
498.458953
498.512738
498.523325
498.534513
498.544863
498.599894
498.644791
498.656614
498.720508
498.753388
498.768794
498.814090
498.825490
498.836512
498.971559
499.079825
499.173048
499.206944
499.225425
499.228053
499.252452
499.314877
499.317222
499.367589
499.504691
499.517686
499.549550
499.597706
499.639794
499.705681
499.755933
499.779034
499.782970
499.783135
499.800212
499.945653
499.982699
500.032049
500.034807
500.084654
500.128233
500.156785
500.194649
500.217211
500.239928
500.263576
500.266757
500.285845
500.297361
500.297522
500.317585
500.323142
500.343310
500.395337
500.434287
500.434571
500.450940
500.452893
500.530248
500.548669
500.549083
500.565932
500.591614
500.605546
500.642529
500.694083
500.702496
500.702547
500.713607
500.735656
500.827555
500.840448
500.997390
500.999345
501.008002
501.053216
501.069068
501.076816
501.141984
501.175630
501.219678
501.232364
501.239428
501.269103
501.333298
501.337036
501.400017
501.421105
501.479615
501.482454
501.486888
501.498633
501.505157
501.584173
501.589543
501.600989
501.789483
501.884102
501.941048
502.081481
502.110163
502.165244
502.209498
502.351764
502.372378
502.382242
502.401001
502.463414
502.506152
502.509741
502.759718
502.784874
502.824457
502.909692
502.921663
502.932209
502.999657
503.036868
503.053668
503.110862
503.119248
503.124473
503.128094
503.175108
503.256836
503.291873
503.295778
503.430887
503.482210
503.541140
503.599544
503.683398
503.792212
503.806064
503.817028
503.872409
503.881426
503.907783
503.929652
503.957893
503.988587
504.062701
504.121462
504.208427
504.275607
504.425853
504.451469
504.461838
504.467965
504.478651
504.703307
504.746395
504.750605
504.764056
504.813152
504.873174
504.887548
505.009027
505.060611
505.094077
505.094248
505.161965
505.174072
505.215698
505.221833
505.252005
505.305581
505.308191
505.324584
505.332930
505.356437
505.368799
505.379808
505.447998
505.692320
505.773578
505.791988
505.820971
505.854389
505.901602
505.954673
505.982557
506.047528
506.072184
506.103637
506.162800
506.196186
506.215971
506.333752
506.438779
506.464579
506.481527
506.494277
506.625995
506.660604
506.668491
506.675820
506.681260
506.695206
506.742946
506.817706
506.820801
506.851215
506.859669
506.935552
507.114514
507.233212
507.235481
507.240395
507.246482
507.328055
507.332328
507.389734
507.391440
507.393443
507.408653
507.440904
507.474532
507.588396
507.621247
507.698983
507.715069
507.722020
507.782605
507.784768
507.838660
507.840897
507.852925
507.891280
507.959708
507.975294
507.981849
508.020775
508.034167
508.165828
508.295713
508.301261
508.328749
508.398621
508.434041
508.454659
508.458953
508.524653
508.563891
508.619754
508.648470
508.652200
508.684605
508.730223
508.799901
508.923721
508.934416
508.995724
509.060861
509.069925
509.073482
509.078263
509.129383
509.143119
509.151282
509.154157
509.167212
509.193211
509.226618
509.248499
509.285463
509.319498
509.406503
509.417530
509.442347
509.449441
509.565806
509.620645
509.642252
509.657234
509.658847
509.694318
509.732057
509.797663
509.868842
509.871661
509.930902
509.931964
509.961762
510.021996
510.299472
510.394861
510.598505
510.601055
510.626828
510.642218
510.647537
510.797365
510.845138
510.868684
510.890792
510.941345
510.978824
511.052452
511.053078
511.070846
511.100204
511.277617
511.279020
511.290328
511.373674
511.407709
511.444440
511.482344
511.510394
511.531735
511.565222
511.576804
511.592616
511.631882
511.677670
511.704817
511.707049
511.814867
511.858693
511.875657
511.883507
511.904752
511.933819
511.988758
512.040966
512.045562
512.053027
512.092542
512.095959
512.126126
512.197417
512.284377
512.405483
512.422224
512.498738
512.556180
512.659040
512.700333
512.870814
512.909836
513.090419
513.145330
513.156820
513.257596
513.266397
513.346447
513.446315
513.503370
513.530124
513.549260
513.549868
513.574254
513.620689
513.667427
513.679843
513.767975
513.778901
513.835883
513.859948
513.862836
513.949948
513.990383
514.062617
514.100009
514.104480
514.106927
514.121764
514.385999
514.396800
514.444577
514.458086
514.562170
514.747550
514.797140
514.806968
514.806996
514.830888
514.895143
514.910342
514.928052
514.953842
515.043008
515.151390
515.168271
515.213159
515.342999
515.389368
515.423224
515.440611
515.462416
515.537544
515.574413
515.644273
515.652125
515.777503
515.850335
515.852484
515.884827
515.896697
515.955029
515.955560
515.980769
516.042152
516.052300
516.071052
516.087311
516.088818
516.172739
516.306409
516.373278
516.386493
516.417511
516.419852
516.505394
516.525861
516.576362
516.584551
516.621034
516.623041
516.745278
516.750651
516.913819
516.924507
516.933128
516.943852
516.949627
517.064113
517.069308
517.091963
517.125561
517.141569
517.156748
517.222718
517.244843
517.246016
517.472661
517.479614
517.522558
517.559025
517.564071
517.570973
517.681948
517.767555
517.806722
517.839096
517.873388
517.880487
517.929219
517.954713
517.991730
518.087519
518.108182
518.119495
518.162692
518.241408
518.345549
518.468730
518.486059
518.516636
518.520302
518.537644
518.540962
518.541608
518.550439
518.639977
518.656323
518.657519
518.703360
518.711209
518.718993
518.761298
518.804823
518.873642
518.880379
518.883139
518.896596
518.908251
518.917605
518.931482
519.057302
519.097267
519.159912
519.274044
519.276885
519.309729
519.321088
519.335725
519.356720
519.380509
519.407097
519.415253
519.511429
519.543312
519.651110
519.656302
519.663386
519.709639
519.808886
519.910536
519.974064
519.981504
519.983688
520.028893
520.057906
520.103502
520.132305
520.261279
520.271493
520.481624
520.484471
520.632278
520.684512
520.835274
520.836044
520.870401
520.871597
520.912733
520.944099
520.956476
521.021367
521.089720
521.233689
521.262256
521.277464
521.324142
521.324847
521.372573
521.401393
521.461470
521.482711
521.557774
521.566297
521.675316
521.699316
521.704706
521.719436
521.753080
521.756651
521.822365
521.831358
521.856179
521.859960
521.890151
521.892264
521.896362
522.009042
522.051463
522.081239
522.112781
522.115055
522.117660
522.196448
522.229987
522.279316
522.280660
522.439491
522.490938
522.556547
522.594553
522.604137
522.614057
522.622750
522.672547
522.753120
522.801318
522.861442
523.036275
523.074350
523.375605
523.387687
523.406732
523.422007
523.430735
523.467745
523.496250
523.512598
523.585616
523.599597
523.624708
523.703776
523.785403
523.848989
523.994268
524.040478
524.130461
524.132098
524.156006
524.223121
524.226578
524.238525
524.251673
524.275603
524.354811
524.364150
524.365442
524.401316
524.427409
524.473004
524.524367
524.654066
524.655186
524.657443
524.669825
524.674285
524.717335
524.763153
524.774683
524.784927
524.799879
524.871837
524.872395
524.965598
525.034141
525.057286
525.080682
525.093999
525.099782
525.201654
525.207107
525.242328
525.247679
525.274410
525.400335
525.403828
525.485380
525.507378
525.573353
525.635448
525.646712
525.740918
525.753151
525.781972
525.821254
525.822005
525.947347
525.967115
525.976313
526.009061
526.035533
526.106439
526.119753
526.240934
526.247601
526.256305
526.333185
526.345664
526.437643
526.440892
526.443773
526.453320
526.460948
526.544925
526.555426
526.580060
526.715888
526.718406
526.788095
526.860374
526.869723
526.911683
527.047976
527.049925
527.163757
527.301480
527.309969
527.312207
527.353990
527.355795
527.390764
527.426721
527.439077
527.458054
527.541308
527.552485
527.565610
527.603646
527.607232
527.745025
527.820578
527.852633
527.855658
527.866605
527.901938
527.905267
527.925079
527.936772
527.952474
527.978588
527.987990
528.105285
528.165571
528.185574
528.238464
528.238861
528.255679
528.273618
528.279376
528.280739
528.320532
528.331809
528.332280
528.340130
528.342679
528.343767
528.362653
528.397617
528.403154
528.466725
528.476743
528.496409
528.540611
528.555907
528.556556
528.577168
528.592846
528.619875
528.624858
528.665772
528.707559
528.709943
528.789557
528.823714
528.834192
528.840979
528.870804
529.022742
529.048888
529.076532
529.081175
529.135465
529.172947
529.271173
529.326179
529.404353
529.431855
529.433675
529.455913
529.458248
529.508223
529.539678
529.569751
529.573856
529.584642
529.603704
529.624298
529.637445
529.692856
529.699036
529.753205
529.772066
529.796338
529.891934
529.985686
530.000864
530.030488
530.148445
530.188793
530.257390
530.285660
530.301258
530.310781
530.367870
530.385646
530.488777
530.546531
530.570546
530.610250
530.612738
530.636055
530.711565
530.860280
530.904713
530.905853
530.907279
530.912324
530.912427
530.965219
530.972053
531.032716
531.086977
531.160024
531.275681
531.320040
531.326209
531.385247
531.434482
531.470054
531.481211
531.493438
531.495412
531.538366
531.568688
531.580889
531.612693
531.677555
531.696921
531.907027
531.961092
531.968223
532.008695
532.018793
532.028588
532.055954
532.070761
532.119854
532.125820
532.150050
532.189022
532.222373
532.251963
532.281365
532.293666
532.312108
532.348038
532.406600
532.468492
532.476901
532.507821
532.511139
532.560035
532.667833
532.772716
532.786479
532.828321
532.831821
532.885577
533.084522
533.212510
533.239307
533.246890
533.287553
533.309617
533.361792
533.399048
533.470011
533.503712
533.510912
533.540477
533.545771
533.661975
533.776441
533.816847
533.881525
533.931777
533.958378
533.986344
534.078502
534.100766
534.169563
534.190774
534.385859
534.420162
534.441150
534.458062
534.529803
534.539379
534.571803
534.644658
534.793181
534.811367
534.817518
534.834524
534.839367
534.864233
534.865719
534.881304
534.970759
535.045631
535.108957
535.206277
535.285257
535.493381
535.540211
535.563682
535.576714
535.603609
535.628318
535.652192
535.674007
535.728937
535.750962
535.753568
535.785957
535.852723
535.859546
535.881180
535.905883
535.926064
535.958729
536.054838
536.060998
536.077315
536.112231
536.118681
536.146500
536.193107
536.200020
536.256534
536.343282
536.351015
536.416623
536.453662
536.462860
536.516602
536.553917
536.636928
536.652730
536.691268
536.728670
536.733521
536.754742
536.770045
536.806329
536.814395
536.827215
536.936545
536.956521
537.010800
537.042053
537.055730
537.104555
537.127182
537.143917
537.160743
537.267045
537.282405
537.307260
537.322339
537.450269
537.475919
537.484089
537.529547
537.554672
537.565579
537.572021
537.636007
537.645199
537.650791
537.671138
537.740121
537.757011
537.786463
537.793534
537.960872
537.987150
538.084404
538.095293
538.168614
538.223124
538.230933
538.240895
538.244024
538.251173
538.308493
538.311153
538.330307
538.365264
538.437716
538.441693
538.488351
538.597872
538.643393
538.752119
538.752254
538.760580
538.767728
538.800449
538.803142
538.807946
538.853631
538.866416
538.890929
538.896735
538.956215
538.991035
539.061252
539.067503
539.098174
539.185971
539.239865
539.310215
539.376463
539.407486
539.667695
539.734474
539.771713
539.783739
539.854303
539.906887
539.914600
539.922943
540.046594
540.067877
540.109965
540.182867
540.194163
540.201141
540.209167
540.282648
540.501876
540.502469
540.530701
540.552800
540.564501
540.569615
540.600326
540.636372
540.637909
540.638251
540.643259
540.647808
540.653026
540.707560
540.761709
540.846097
540.862720
540.901290
540.951027
540.963128
540.977598
541.102420
541.149400
541.170951
541.205755
541.236505
541.241678
541.250089
541.289470
541.306906
541.311355
541.314770
541.376168
541.389307
541.408433
541.426958
541.456656
541.485970
541.560882
541.573808
541.588432
541.629775
541.776857
541.786733
541.824569
541.837453
541.846621
541.931646
542.044594
542.187181
542.229493
542.243557
542.641119
542.644818
542.712711
542.734991
542.737987
542.743274
542.773382
542.832311
542.862794
542.890660
542.922351
542.942952
542.984223
542.990193
543.021779
543.086667
543.128464
543.244766
543.361932
543.371565
543.416057
543.418910
543.514604
543.561845
543.597356
543.598683
543.665027
543.667563
543.718070
543.756073
543.826761
543.840600
543.856150
543.870201
543.887357
543.940080
543.967853
543.974975
544.045459
544.059883
544.078520
544.090776
544.106568
544.110722
544.113186
544.151741
544.165292
544.172108
544.211493
544.237005
544.293817
544.315344
544.344397
544.373808
544.492477
544.522420
544.557092
544.781604
544.788498
544.880890
544.908484
544.976882
544.992255
545.053006
545.067091
545.101125
545.101959
545.156064
545.177139
545.184848
545.187576
545.214571
545.217924
545.239405
545.314468
545.346658
545.368798
545.466195
545.487123
545.496843
545.527474
545.619426
545.646255
545.659913
545.688515
545.760826
545.849573
545.880032
545.945034
545.960782
546.014849
546.033047
546.076065
546.135678
546.153657
546.286036
546.290961
546.324750
546.332940
546.354845
546.397233
546.413761
546.450436
546.459426
546.524727
546.544080
546.590352
546.598449
546.631974
546.681639
546.739357
546.748087
546.756795
546.758454
546.770303
546.789494
546.828755
546.846246
546.851248
546.860085
546.949252
546.961492
546.965322
547.119198
547.151016
547.219941
547.306205
547.374260
547.538877
547.559952
547.656593
547.788993
547.812725
547.850657
547.884768
547.917006
548.012423
548.060288
548.089251
548.185634
548.202499
548.289449
548.428706
548.454975
548.457247
548.560101
548.566267
548.672546
548.716527
548.720204
548.781185
548.812093
548.852106
548.869626
548.901604
548.951290
548.955457
549.034003
549.063712
549.067387
549.101804
549.263675
549.266881
549.278150
549.282433
549.376715
549.435835
549.523498
549.646812
549.697864
549.718443
549.718839
549.772934
549.799794
549.898597
549.975313
550.062092
550.118256
550.130422
550.226435
550.305891
550.333184
550.366552
550.400821
550.408191
550.420158
550.465030
550.535707
550.537758
550.601423
550.706156
550.728085
550.739228
550.757499
550.771542
550.802719
550.826592
550.844788
550.859298
550.866780
550.991029
551.072886
551.118790
551.153706
551.193420
551.215089
551.224974
551.236952
551.254279
551.259435
551.335516
551.345078
551.356201
551.405218
551.428303
551.480959
551.612612
551.650037
551.714417
551.806844
551.865585
551.874139
551.945195
551.952581
552.040949
552.069009
552.094945
552.136494
552.173377
552.199190
552.247465
552.256898
552.263907
552.323060
552.332529
552.507204
552.565547
552.604561
552.623928
552.656579
552.680422
552.686282
552.692058
552.705900
552.793356
552.796645
552.815185
552.917500
553.014714
553.084727
553.102766
553.103183
553.130915
553.159456
553.253676
553.289413
553.334515
553.383479
553.414238
553.534265
553.554396
553.791035
553.828730
553.837688
553.873716
553.891954
553.935895
553.958861
554.039738
554.097673
554.131383
554.193832
554.193841
554.199153
554.356864
554.361863
554.379806
554.468035
554.468324
554.477992
554.513304
554.576138
554.711018
554.748635
554.761356
554.762014
554.796832
554.830701
554.847717
554.870562
554.914649
554.923849
554.957038
554.983369
555.003797
555.011796
555.042737
555.045359
555.049089
555.049632
555.128435
555.139718
555.163494
555.241879
555.278839
555.293230
555.313125
555.337310
555.342318
555.435786
555.553587
555.573397
555.627889
555.653325
555.671862
555.714732
555.772678
555.789436
555.811309
555.867168
555.925951
555.943867
555.947967
556.018801
556.055978
556.096878
556.136192
556.233612
556.315058
556.375801
556.388921
556.434254
556.444983
556.445707
556.446902
556.468412
556.551585
556.598853
556.691050
556.759339
556.794309
556.833286
556.837451
556.865505
556.919262
556.957079
556.988330
556.993654
557.038509
557.044223
557.134517
557.277629
557.281066
557.400580
557.634298
557.708148
557.795297
557.862431
557.888933
557.899210
557.940638
557.954020
557.955399
557.961806
557.997390
558.020060
558.026362
558.037439
558.049439
558.050460
558.149882
558.181681
558.234174
558.246603
558.254632
558.265839
558.345801
558.403689
558.428305
558.441034
558.475609
558.492700
558.562297
558.632026
558.675354
558.789717
558.829511
558.838276
558.893717
558.911061
559.004538
559.106270
559.131208
559.137247
559.141464
559.204571
559.250747
559.328500
559.340474
559.383416
559.425848
559.426777
559.465888
559.479334
559.492177
559.544716
559.597366
559.630223
559.632904
559.656123
559.677105
559.705565
559.805875
559.806558
559.819476
559.823650
559.836078
559.845348
559.859217
559.889403
559.910573
559.916692
559.919862
560.043587
560.052384
560.099677
560.128232
560.192415
560.304440
560.377845
560.379769
560.551293
560.585400
560.595674
560.620384
560.646000
560.706126
560.709559
560.746650
560.751678
560.759750
560.797223
560.858076
560.889979
560.937171
560.943143
561.150427
561.208793
561.223112
561.329350
561.339052
561.346846
561.389985
561.442940
561.532365
561.562948
561.573385
561.585084
561.650944
561.682159
561.716684
561.743847
561.812587
561.861766
561.885212
561.941291
561.969415
562.000531
562.022104
562.066435
562.130254
562.206472
562.322350
562.380898
562.382202
562.464225
562.497509
562.554264
562.627786
562.735251
562.737448
562.741307
562.753351
562.972059
563.048379
563.064424
563.091979
563.193116
563.231035
563.257690
563.285084
563.287319
563.321968
563.349996
563.380484
563.388496
563.405877
563.454177
563.631500
563.634213
563.638934
563.651643
563.656366
563.666467
563.734110
563.754679
563.755424
563.863932
563.894101
563.946203
564.011770
564.088937
564.094635
564.097339
564.148646
564.246137
564.313759
564.319433
564.379553
564.401882
564.580741
564.585723
564.602436
564.632323
564.701301
564.705183
564.714197
564.726560
564.735441
564.744012
564.775574
564.785136
564.846961
564.894117
564.916445
564.966391
564.994293
565.098149
565.163019
565.176087
565.193688
565.202172
565.214255
565.277772
565.334615
565.335586
565.352734
565.354121
565.365458
565.408535
565.422653
565.438607
565.438952
565.465675
565.506878
565.533787
565.549801
565.556265
565.571232
565.573014
565.673295
565.702447
565.706185
565.723060
565.840143
565.844274
565.911983
565.926201
566.045381
566.103512
566.108713
566.170169
566.190936
566.219320
566.226705
566.249804
566.323375
566.349370
566.360385
566.376682
566.494478
566.498865
566.602875
566.626596
566.673885
566.690778
566.736542
566.743543
566.765602
566.788352
566.829500
566.873059
566.882065
566.899707
566.916925
566.920831
566.960434
567.009163
567.013343
567.095806
567.112287
567.203364
567.208480
567.210380
567.220484
567.222403
567.227273
567.238558
567.281549
567.367621
567.422679
567.525993
567.639866
567.677044
567.681699
567.708696
567.719558
567.741380
567.761774
567.763962
567.840517
567.842122
567.864671
567.881331
567.891787
567.924233
568.105941
568.161305
568.188656
568.218784
568.227054
568.233392
568.245973
568.253626
568.327599
568.345301
568.360946
568.376840
568.469706
568.666583
568.686446
568.708030
568.753184
568.852299
568.894700
569.036721
569.044741
569.097957
569.109086
569.129170
569.144373
569.298796
569.327740
569.329181
569.360677
569.490708
569.498530
569.508704
569.527958
569.535938
569.595530
569.602758
569.604446
569.649005
569.652128
569.741950
569.755421
569.814448
569.898251
569.988176
569.995277
570.005074
570.030400
570.031936
570.248654
570.306589
570.307822
570.358100
570.361925
570.529632
570.543382
570.601395
570.684703
570.745296
570.873641
570.928335
570.941553
570.961379
570.969106
570.970948
570.999925
571.019592
571.039012
571.080664
571.138132
571.173493
571.186736
571.318838
571.359107
571.437571
571.450212
571.499040
571.522155
571.532269
571.581167
571.601523
571.612393
571.658884
571.714054
571.800310
571.880000
571.947681
571.955682
572.059998
572.064433
572.133684
572.164076
572.165745
572.194335
572.224923
572.254365
572.300125
572.323861
572.382223
572.391442
572.441677
572.453928
572.455979
572.472226
572.519005
572.526008
572.589991
572.649386
572.693912
572.738841
572.759628
572.831680
572.911331
572.912745
572.942191
573.089866
573.113638
573.148729
573.338539
573.376180
573.405673
573.435919
573.482229
573.555063
573.618894
573.726721
573.727955
573.732279
573.756982
573.765613
573.835277
573.860442
573.890979
573.922216
573.925432
573.934432
574.179961
574.257942
574.259420
574.317410
574.342428
574.351567
574.352187
574.354764
574.372892
574.443180
574.444263
574.445302
574.494450
574.496888
574.559169
574.567317
574.615511
574.785531
574.786219
574.837209
574.860053
575.033483
575.040338
575.145525
575.185257
575.235244
575.265377
575.288293
575.353525
575.445918
575.454887
575.493332
575.554495
575.586181
575.607727
575.620717
575.656347
575.674819
575.714926
575.722812
575.822641
575.852926
575.853182
575.887446
575.911554
575.917880
575.940090
575.949178
576.000227
576.006348
576.049707
576.164540
576.167570
576.171037
576.242264
576.333310
576.349843
576.359140
576.430621
576.439505
576.698091
576.737646
576.801807
576.885034
576.960484
577.035084
577.072627
577.096570
577.143318
577.169523
577.179198
577.205074
577.205770
577.242519
577.259558
577.298816
577.310946
577.314211
577.379065
577.389579
577.406000
577.432132
577.440940
577.557680
577.656404
577.684863
577.731336
577.746156
577.765220
577.781330
577.842808
577.900139
577.909790
577.922955
577.924253
577.963581
577.977366
577.997618
578.078377
578.136967
578.180443
578.377286
578.388721
578.434534
578.639920
578.648157
578.696175
578.703728
578.716115
578.740628
578.760573
578.761029
578.762787
578.799837
578.818979
578.834914
578.982727
578.997282
579.059560
579.088650
579.175570
579.182652
579.284334
579.298713
579.301722
579.325607
579.337005
579.344138
579.384756
579.440365
579.444660
579.465462
579.473049
579.502091
579.556666
579.611987
579.635998
579.642512
579.676867
579.764003
579.898415
579.901175
579.903015
579.955972
579.996552
580.028980
580.029759
580.065763
580.068484
580.074305
580.140638
580.152999
580.156295
580.177743
580.238754
580.251639
580.251719
580.280698
580.311297
580.318862
580.335489
580.359251
580.361891
580.370630
580.395934
580.404701
580.491470
580.507098
580.551563
580.604898
580.636821
580.680191
580.689277
580.718669
580.722245
580.746070
580.762442
580.789652
580.795609
580.866176
580.926616
580.949356
581.029708
581.035929
581.071109
581.112205
581.135581
581.205297
581.298630
581.337451
581.362311
581.461799
581.506354
581.541899
581.680750
581.756393
581.767671
581.798052
581.820954
581.873467
581.901052
581.921357
581.939824
581.947297
582.119104
582.150285
582.240213
582.276152
582.279395
582.287802
582.300936
582.310062
582.311542
582.312615
582.481670
582.516926
582.530136
582.561485
582.690046
582.690229
582.745111
582.750811
582.755800
582.777977
582.805082
582.848805
582.882763
582.919545
582.943288
582.946481
582.954310
583.123891
583.130431
583.151190
583.230121
583.246650
583.250280
583.273592
583.332742
583.341452
583.353794
583.369854
583.371618
583.437787
583.498284
583.526845
583.532938
583.585370
583.605457
583.653534
583.703953
583.733946
583.766419
583.772596
583.786225
583.964484
583.980302
584.109777
584.245210
584.359635
584.377281
584.407864
584.456149
584.479029
584.569430
584.598029
584.667373
584.692277
584.721829
584.738794
584.750444
584.845584
584.875757
584.941604
585.007006
585.037280
585.044641
585.188021
585.204947
585.208472
585.266175
585.289638
585.304544
585.403397
585.456552
585.458427
585.464034
585.491170
585.554078
585.586402
585.652904
585.662011
585.704126
585.705267
585.723176
585.734862
585.820328
585.941770
585.944471
585.966522
585.992946
586.014526
586.015895
586.022987
586.038694
586.050345
586.147472
586.156678
586.237461
586.287888
586.289937
586.296586
586.329045
586.342725
586.346029
586.385039
586.419921
586.473527
586.492293
586.500668
586.597168
586.609446
586.703716
586.720165
586.745651
586.773963
586.834363
586.865229
586.892556
586.930047
586.930069
586.939366
586.990296
587.089519
587.105222
587.144490
587.162421
587.165004
587.174484
587.224775
587.294042
587.351894
587.391446
587.459880
587.472705
587.480797
587.543036
587.609258
587.676042
587.702257
587.715661
587.743770
587.784701
587.858309
587.902855
587.940639
587.993468
588.026534
588.046932
588.133413
588.150502
588.194239
588.196679
588.255143
588.286224
588.302049
588.370997
588.435731
588.536931
588.575522
588.677628
588.694750
588.703388
588.810429
588.820587
588.853687
588.876128
588.911049
589.010602
589.048631
589.077765
589.235592
589.243391
589.260300
589.283746
589.290940
589.331056
589.431371
589.442428
589.466776
589.537707
589.577615
589.597306
589.648507
589.752638
589.762850
589.803016
589.828057
589.886345
590.015590
590.016595
590.017965
590.124211
590.163927
590.168306
590.177630
590.220453
590.306735
590.406670
590.424578
590.473208
590.529051
590.535544
590.609183
590.653008
590.711059
590.778146
590.797899
590.841290
590.844835
590.919921
591.012622
591.058588
591.069602
591.085671
591.190601
591.203651
591.211626
591.246945
591.298109
591.341231
591.388076
591.389103
591.407849
591.411156
591.447787
591.488464
591.558738
591.576181
591.608564
591.677474
591.795658
592.163389
592.187803
592.190046
592.199820
592.357491
592.371221
592.375804
592.376551
592.408935
592.472177
592.521415
592.534245
592.557660
592.573872
592.593702
592.660214
592.723888
592.743777
592.777839
593.053134
593.064031
593.094661
593.132468
593.188935
593.254510
593.256856
593.322625
593.330688
593.341741
593.391813
593.654815
593.715029
593.747988
593.802877
593.905963
593.913370
593.952293
593.965444
594.024684
594.032511
594.077016
594.323056
594.402151
594.539132
594.604151
594.650478
594.659519
594.681359
594.722086
594.722672
594.735904
594.810947
594.841352
594.883020
594.930622
594.976863
594.984220
595.033203
595.090818
595.323753
595.329114
595.554713
595.597476
595.622474
595.628005
595.679867
595.737984
595.761326
595.801282
595.824188
595.847154
595.869723
595.874386
595.990685
595.996333
596.006253
596.017214
596.031326
596.041931
596.047857
596.056235
596.061566
596.063911
596.097124
596.224191
596.274236
596.403325
596.436678
596.439162
596.501183
596.516595
596.543149
596.585352
596.631964
596.670965
596.766667
596.807083
596.828931
596.830696
596.950859
596.953906
596.981156
597.020197
597.051338
597.087921
597.205107
597.261675
597.335318
597.360453
597.362554
597.414550
597.423099
597.453434
597.471553
597.521297
597.542636
597.572546
597.623468
597.708257
597.813733
597.827104
597.865914
597.975267
597.976576
598.042381
598.047908
598.061882
598.135838
598.136004
598.164904
598.202002
598.227059
598.273985
598.283774
598.309283
598.439168
598.507629
598.630561
598.641453
598.642539
598.679591
598.710688
598.715595
598.760240
598.760320
598.790253
598.809424
598.868982
598.877968
598.896632
598.947416
598.963521
599.059283
599.134858
599.159982
599.177733
599.230414
599.288259
599.311756
599.322559
599.325285
599.347112
599.381667
599.390719
599.452059
599.457478
599.474764
599.494108
599.512834
599.597994
599.649177
599.703724
599.717862
599.872421
599.917854
599.937899
599.957815
599.962373
