0.000000
0.018588
0.101649
0.118247
0.242724
0.437837
0.455507
0.586944
0.615445
0.646370
0.650474
0.826234
0.878556
0.931602
0.979617
1.068269
1.232287
1.302230
1.374748
1.395013
1.637336
1.685205
1.773601
1.827110
1.950159
1.975388
2.020508
2.072116
2.119644
2.130663
2.136590
2.181938
2.221977
2.269069
2.300782
2.324622
2.386509
2.420267
2.458451
2.472387
2.509181
2.516987
2.520868
2.641041
2.646454
2.687940
2.698551
2.804131
2.843346
2.871528
2.934706
2.941608
3.017360
3.050484
3.069740
3.074884
3.106803
3.116150
3.118096
3.123498
3.234888
3.276859
3.297226
3.361646
3.373496
3.470301
3.543540
3.586984
3.604516
3.613316
3.623463
3.667093
3.735863
3.840539
3.967660
4.131075
4.134650
4.317971
4.338900
4.344945
4.441411
4.470976
4.508328
4.577026
4.758813
4.791088
4.797483
4.877861
4.959132
5.061556
5.132715
5.247229
5.295792
5.356356
5.384380
5.405615
5.480993
5.550551
5.605695
5.620687
5.640548
5.641412
5.691184
5.713398
5.728964
5.787852
5.805375
5.835098
5.906516
5.961018
6.005320
6.057121
6.101520
6.122374
6.145798
6.182287
6.184879
6.204944
6.367486
6.404213
6.406661
6.422058
6.458119
6.470472
6.482754
6.504996
6.557405
6.699635
6.710793
6.715750
6.720618
6.812572
6.861723
6.862721
6.887902
6.904194
6.910180
6.942243
6.954143
6.962031
7.221639
7.274220
7.382241
7.483904
7.489646
7.527546
7.618567
7.650618
7.671821
7.702418
7.702626
7.758464
7.779846
7.885333
7.898785
7.978408
7.995656
8.069585
8.103864
8.116535
8.167134
8.283252
8.321007
8.326060
8.375118
8.444186
8.450122
8.472201
8.515494
8.604011
8.640480
8.648892
8.834452
8.883696
8.888485
8.890361
8.903891
8.948693
9.005133
9.060099
9.116477
9.126147
9.126900
9.182323
9.207885
9.240941
9.382948
9.510762
9.518347
9.540549
9.597895
9.631778
9.631876
9.685644
9.757235
9.849343
9.885497
9.893557
10.144472
10.296545
10.419674
10.461689
10.568812
10.577244
10.612104
10.718976
10.782703
10.816907
10.892761
10.921858
10.926353
11.072076
11.291851
11.453825
11.493309
11.729070
11.755157
11.810950
11.811298
11.863558
11.969042
12.092451
12.179906
12.181186
12.205470
12.206771
12.210491
12.374887
12.419197
12.427713
12.582461
12.584710
12.699873
12.706112
12.769575
12.867112
12.887357
12.908594
12.958429
12.971246
12.977291
13.078449
13.127864
13.147293
13.212840
13.231387
13.425846
13.446353
13.450751
13.485239
13.488291
13.540961
13.586878
13.691059
13.728575
13.801098
13.908790
13.926476
13.927670
13.968885
14.035894
14.199376
14.260094
14.290622
14.392237
14.420273
14.670479
14.674803
14.689754
14.741702
14.843385
14.924476
14.996424
15.050591
15.051972
15.069409
15.125563
15.137030
15.152874
15.153406
15.171945
15.428072
15.480845
15.481994
15.528553
15.543778
15.678330
15.728710
15.768877
15.829875
15.840043
15.849510
15.913869
15.950325
16.026177
16.094332
16.138676
16.279271
16.369212
16.502453
16.673869
16.714409
16.848188
16.925382
16.987103
17.001039
17.006788
17.050936
17.156030
17.163885
17.192253
17.306305
17.316727
17.419728
17.493038
17.615219
17.702139
17.765358
17.788769
17.795596
17.859159
17.868312
17.885010
17.903239
17.938142
17.940882
17.981301
17.990565
18.005119
18.053335
18.075526
18.134019
18.177413
18.505774
18.542909
18.544052
18.559867
18.562402
18.598320
18.854327
18.967017
19.013808
19.024736
19.029307
19.064556
19.089389
19.099739
19.111030
19.142416
19.213806
19.295924
19.340102
19.360370
19.428665
19.429747
19.474425
19.484069
19.490522
19.509877
19.529747
19.772433
19.797140
19.877041
19.883411
19.929488
20.069428
20.087610
20.110173
20.222727
20.247213
20.269500
20.286237
20.288802
20.413055
20.838448
20.880689
20.885100
20.907073
20.967156
21.016953
21.067808
21.093317
21.154955
21.162440
21.430429
21.453960
21.508264
21.565298
21.568831
21.592618
21.602137
21.664811
21.823797
21.831890
21.937411
21.940225
22.021967
22.023986
22.064120
22.072785
22.165983
22.249324
22.293113
22.308312
22.318956
22.318967
22.341584
22.382302
22.433031
22.448130
22.452994
22.459950
22.477965
22.663719
22.694120
22.726490
22.792874
22.826531
22.844207
22.880535
22.899777
22.940279
23.002770
23.061803
23.099387
23.312078
23.312298
23.318730
23.345425
23.407073
23.429895
23.437652
23.556646
23.569814
23.576770
23.641774
23.642501
23.671948
23.680423
23.853119
23.908316
23.952429
23.954546
23.959541
24.051536
24.228194
24.375863
24.404051
24.443108
24.456167
24.503883
24.626757
24.671442
24.841048
24.899598
24.970563
25.003213
25.055451
25.297222
25.315488
25.412574
25.478456
25.566937
25.593686
25.707338
25.715396
25.803795
25.910653
25.919347
25.935234
25.946921
25.984408
26.001311
26.094561
26.099746
26.100315
26.201952
26.244346
26.314572
26.318929
26.332418
26.348634
26.356824
26.381666
26.410641
26.440858
26.468330
26.506175
26.532183
26.544698
26.554504
26.564615
26.571637
26.589610
26.598280
26.766439
26.922690
26.944021
27.038798
27.063118
27.074168
27.095580
27.127453
27.134439
27.165857
27.168881
27.200734
27.282211
27.372747
27.409132
27.464607
27.663882
27.686679
27.789278
27.821937
27.824477
27.859424
27.914330
27.996773
28.055328
28.065998
28.111483
28.147009
28.190462
28.211562
28.217854
28.265625
28.306311
28.307139
28.326763
28.346199
28.416585
28.419919
28.440820
28.499237
28.596093
28.630327
28.638529
28.751955
28.755681
28.809568
28.858247
28.937285
28.984760
29.105851
29.131295
29.146262
29.154072
29.169730
29.235123
29.436155
29.516498
29.594208
29.599968
29.600796
29.622355
29.653198
29.701834
29.710439
29.715028
29.721420
29.721698
29.794658
29.845866
29.884873
29.966264
30.028193
30.032702
30.059099
30.137422
30.138313
30.196988
30.208554
30.245940
30.247783
30.283794
30.327869
30.332652
30.334955
30.347401
30.362462
30.390849
30.395064
30.431388
30.435553
30.481985
30.495848
30.509024
30.544164
30.562587
30.634669
30.758833
30.770071
30.794234
30.808846
30.822112
30.824972
30.867659
30.875291
30.981645
31.071904
31.084778
31.090582
31.146465
31.259525
31.311418
31.319377
31.321703
31.402370
31.616799
31.663080
31.676259
31.688498
31.690093
31.718880
31.747463
31.826490
31.908361
31.975523
31.983813
31.989368
32.012406
32.120494
32.173926
32.185623
32.321011
32.334818
32.336996
32.373215
32.377596
32.474688
32.525741
32.611861
32.645510
32.777685
32.784570
32.801901
32.845252
32.876471
32.898451
32.932111
32.971321
32.975831
33.033362
33.037920
33.140217
33.192093
33.200833
33.241820
33.275551
33.370100
33.464863
33.490810
33.512024
33.606786
33.619654
33.686755
33.768960
33.794265
33.900603
33.945074
33.963912
34.000694
34.008459
34.010563
34.088506
34.103833
34.170054
34.297594
34.366952
34.484006
34.526618
34.768255
34.839829
34.859498
34.934766
34.958185
34.961562
35.124489
35.144389
35.145164
35.164515
35.185176
35.294375
35.326989
35.335428
35.345195
35.356787
35.364159
35.400108
35.557322
35.595100
35.625980
35.633665
35.680737
35.791913
35.808460
35.872971
35.930287
35.956355
35.990931
36.039595
36.044795
36.299849
36.307463
36.470245
36.520305
36.590669
36.604858
36.622242
36.630200
36.687219
36.692384
36.726529
36.728930
36.751216
36.793326
36.847444
36.856998
36.988676
36.989601
37.004423
37.030342
37.087235
37.089369
37.100130
37.108057
37.155921
37.178093
37.191737
37.194501
37.269858
37.290829
37.310042
37.321101
37.421262
37.505989
37.520447
37.566109
37.609607
37.738727
37.743579
37.763311
37.819641
37.954990
37.991732
38.122823
38.134030
38.143838
38.186963
38.239445
38.321277
38.481557
38.631966
38.752831
38.779527
38.789330
38.805249
38.806107
38.856177
38.858293
38.880961
38.938279
39.022811
39.066723
39.220941
39.354602
39.403364
39.408042
39.429698
39.480004
39.515718
39.569957
39.624453
39.710227
39.776795
39.952478
40.152976
40.175644
40.176068
40.177047
40.179349
40.268338
40.281729
40.330071
40.386635
40.386801
40.408567
40.512739
40.547482
40.639179
40.740684
40.773747
40.875938
40.910233
41.032116
41.036279
41.038933
41.058396
41.084446
41.189102
41.217553
41.231067
41.277184
41.336351
41.337279
41.365572
41.366834
41.431783
41.532142
41.579105
41.660007
41.697104
41.763977
41.764406
41.842381
42.073921
42.166308
42.227605
42.264322
42.301232
42.307362
42.352489
42.361432
42.410856
42.432723
42.510772
42.533692
42.539119
42.554997
42.577418
42.637637
42.660917
42.675512
42.710679
42.810640
42.818560
42.966606
43.009433
43.075608
43.135482
43.233200
43.269048
43.310988
43.325265
43.352183
43.474805
43.499562
43.501989
43.505079
43.562881
43.587545
43.657178
43.667013
43.802903
43.921935
43.948019
44.088091
44.098053
44.107621
44.229270
44.233629
44.348477
44.468165
44.513948
44.521055
44.602868
44.606031
44.618639
44.640830
44.710316
44.742980
44.750753
44.804332
44.823672
44.879197
44.980736
45.005014
45.010268
45.218984
45.257355
45.284775
45.393278
45.416378
45.439306
45.450952
45.486298
45.499751
45.518291
45.522107
45.539976
45.668330
45.707756
45.771497
45.784731
45.896472
45.934535
45.967930
45.994393
46.029448
46.044906
46.092080
46.243623
46.262764
46.284923
46.310386
46.359740
46.375609
46.410404
46.447734
46.471921
46.668757
46.777968
46.787545
46.788474
46.823294
46.883527
46.928894
47.054027
47.058238
47.219564
47.250930
47.350762
47.412914
47.443177
47.457090
47.476207
47.620978
47.623097
47.655600
47.662043
47.663140
47.815771
47.816272
47.831586
47.937920
47.980132
48.014247
48.107448
48.281019
48.436067
48.516107
48.519898
48.534059
48.775506
48.809150
48.841455
48.869147
48.903436
48.927741
48.948566
49.005293
49.011011
49.012881
49.017303
49.269261
49.325122
49.400815
49.470362
49.733475
49.739680
49.798337
49.945159
49.948204
49.962874
50.072003
50.090157
50.094245
50.102364
50.102847
50.139848
50.142401
50.162814
50.183761
50.302482
50.314535
50.324526
50.332251
50.420283
50.421277
50.467974
50.538321
50.567878
50.587917
50.662965
50.669201
50.693662
50.726526
50.767408
50.782722
50.835675
50.836867
50.870076
50.906632
51.153247
51.169805
51.177940
51.178355
51.195850
51.216419
51.224969
51.264450
51.334826
51.367097
51.405445
51.480844
51.512724
51.515333
51.541462
51.564664
51.626141
51.748057
51.750006
51.755855
51.959390
51.973305
52.112570
52.148681
52.258949
52.268371
52.389998
52.478408
52.531570
52.632946
52.673453
52.695047
52.775218
52.892771
52.957070
52.988695
53.086389
53.134518
53.191485
53.208370
53.229374
53.268809
53.296149
53.309048
53.463969
53.483307
53.493547
53.511751
53.590936
53.597301
53.610959
53.614650
53.630355
53.655344
53.672498
53.691224
53.756126
54.115610
54.179091
54.218530
54.255744
54.277583
54.290274
54.357155
54.408667
54.430289
54.437795
54.455129
54.559169
54.622619
54.630215
54.697108
54.735585
54.738041
54.747545
54.753466
54.838963
54.957618
54.957639
54.996896
55.060856
55.158331
55.171200
55.189867
55.308404
55.464288
55.465098
55.553370
55.661959
55.744452
55.770690
55.776723
55.873394
55.980204
56.000534
56.108008
56.124808
56.138194
56.173448
56.214679
56.217273
56.302529
56.350726
56.441745
56.516936
56.608038
56.646960
56.688011
56.725652
56.725795
56.735984
56.799033
56.805076
56.827398
56.939527
57.101885
57.176137
57.176620
57.191142
57.213260
57.397348
57.499791
57.537699
57.539776
57.553682
57.577035
57.585484
57.624434
57.686139
57.698050
57.762468
57.814954
57.931577
57.936512
58.053516
58.188184
58.237647
58.296035
58.332948
58.337085
58.419396
58.543930
58.544257
58.560767
58.683070
58.702654
58.705091
58.807261
58.855787
58.897406
58.939834
58.962218
59.050669
59.088770
59.127443
59.157098
59.227211
59.302064
59.393416
59.396857
59.408217
59.417843
59.430638
59.441803
59.469717
59.504503
59.624082
59.644546
59.671876
59.677376
59.705929
59.766572
59.806180
59.831115
59.855131
59.868768
59.893342
60.022981
60.147460
60.181682
60.307918
60.357428
60.380251
60.507606
60.539564
60.552640
60.695196
60.699214
60.808012
60.834588
60.915760
60.994726
61.058754
61.130651
61.175105
61.196491
61.258058
61.272465
61.274756
61.277420
61.304083
61.317842
61.574642
61.589426
61.657871
61.660909
61.675554
61.686763
61.722194
61.723116
61.784707
61.834062
62.039800
62.149990
62.151417
62.183331
62.271958
62.276833
62.281749
62.339501
62.346980
62.348508
62.477896
62.477983
62.501048
62.569047
62.599030
62.674542
62.760584
62.808690
62.857159
62.862060
62.875021
62.901972
63.118846
63.213401
63.335597
63.345252
63.473489
63.565386
63.607657
63.637512
63.658705
63.666819
63.684322
63.694799
63.712208
63.723872
63.744408
63.842307
63.877064
63.927793
63.928601
64.003352
64.019490
64.035165
64.049291
64.054093
64.120614
64.124271
64.143862
64.146323
64.198610
64.210386
64.230863
64.272694
64.302007
64.367065
64.380797
64.383870
64.435351
64.452892
64.530403
64.538558
64.545429
64.566705
64.579827
64.597160
64.664919
64.869529
64.909194
64.962488
64.982239
64.987999
65.098483
65.132854
65.155300
65.203003
65.226542
65.241361
65.319955
65.337907
65.366258
65.413231
65.418630
65.436751
65.448400
65.463510
65.484106
65.543487
65.566126
65.588083
65.625568
65.629631
65.691874
65.889736
65.892268
65.908873
65.927676
66.025319
66.091619
66.140637
66.190591
66.253284
66.259228
66.330908
66.426459
66.446795
66.458241
66.494741
66.544211
66.597555
66.608268
66.621049
66.712813
66.794282
66.840069
66.890331
66.945658
66.995311
67.009054
67.075777
67.127545
67.185305
67.218453
67.243959
67.284450
67.295515
67.310980
67.312295
67.326403
67.346801
67.443421
67.533487
67.672413
67.730018
67.744745
67.772654
67.842374
67.877035
67.882085
67.943434
67.949436
68.013543
68.067241
68.086227
68.095319
68.120334
68.155205
68.195307
68.230516
68.263767
68.266388
68.325983
68.396593
68.419135
68.484759
68.569962
68.584068
68.609880
68.612421
68.641040
68.706113
68.770345
68.838715
68.841876
69.012087
69.094134
69.162343
69.170856
69.204092
69.308779
69.466393
69.481843
69.577466
69.587251
69.684645
69.694839
69.708656
69.723992
69.809902
69.883717
69.889315
69.945739
70.075416
70.078270
70.095153
70.102424
70.118999
70.134170
70.151316
70.245538
70.369387
70.383126
70.417303
70.496245
70.516168
70.520362
70.642578
70.751239
70.766210
70.782372
70.876461
70.884651
70.947283
70.953805
71.122760
71.278799
71.379344
71.386389
71.402363
71.434039
71.586124
71.593246
71.621842
71.628264
71.687455
71.688299
71.707304
71.744869
71.820334
71.863744
71.922733
71.923764
71.970335
72.037186
72.069957
72.106284
72.174729
72.276017
72.287794
72.357843
72.393509
72.406595
72.418780
72.634567
72.663632
72.883939
73.027617
73.037894
73.131192
73.210499
73.274806
73.356268
73.380198
73.391742
73.441797
73.443843
73.492404
73.554268
73.615927
73.664614
73.723930
73.740926
73.757573
73.764484
73.796279
73.831110
73.837673
73.847077
73.887849
73.913877
73.960098
73.992510
74.003499
74.016380
74.043816
74.095038
74.157626
74.225940
74.236380
74.262009
74.310105
74.329500
74.430765
74.448092
74.474398
74.537720
74.726195
74.769302
74.776926
75.125505
75.150246
75.261733
75.531119
75.577580
75.595798
75.644117
75.750761
75.769258
75.798199
75.816518
75.823871
75.878293
75.943064
75.952229
75.971326
76.109481
76.183412
76.322331
76.453055
76.603207
76.769552
76.771368
76.817172
76.913933
76.938646
77.000187
77.014322
77.075799
77.095808
77.214458
77.217733
77.264071
77.307276
77.309789
77.318262
77.319656
77.328647
77.382330
77.456829
77.475619
77.585957
77.613020
77.685167
77.776557
77.793764
77.795767
77.822464
77.844651
77.911663
77.976312
78.064019
78.124810
78.149074
78.155298
78.198858
78.276279
78.288993
78.408467
78.412590
78.427574
78.446686
78.475218
78.492515
78.556225
78.665133
78.678711
78.838602
78.905909
78.908966
78.960994
78.981087
79.075093
79.122198
79.301438
79.673898
79.689939
79.717812
79.736681
79.737217
79.746510
79.751999
79.782096
79.900673
79.923850
79.968156
79.974562
79.997474
80.083941
80.086921
80.125272
80.126243
80.139993
80.268499
80.367027
80.459745
80.480409
80.481803
80.502759
80.745252
80.793288
80.836270
80.846285
80.913860
80.929254
81.036767
81.436754
81.444705
81.532092
81.548666
81.763499
81.776256
81.782407
81.901674
81.940302
81.948320
82.084929
82.211207
82.238167
82.251571
82.262101
82.267090
82.367742
82.382639
82.439451
82.458409
82.461055
82.530616
82.634231
82.715014
82.719231
82.753377
82.785837
82.819200
82.835174
82.875243
82.900127
82.918836
82.927823
82.962844
83.141191
83.167481
83.171251
83.194969
83.311622
83.323335
83.369763
83.393308
83.394414
83.532322
83.633163
83.729778
83.755005
83.780357
83.834886
83.858846
83.880589
83.884990
83.916179
83.972947
83.975385
83.980132
84.136337
84.180061
84.200452
84.217620
84.234979
84.242103
84.312559
84.470756
84.522698
84.562888
84.567353
84.583641
84.616842
84.659587
84.767299
84.794828
84.817480
84.837524
84.945788
84.953321
84.957141
84.963027
85.038835
85.104727
85.204198
85.278947
85.281603
85.301870
85.408128
85.499309
85.515740
85.588332
85.599888
85.611725
85.650789
85.669209
85.700895
85.711112
85.779526
85.850871
85.859461
85.871659
85.875431
85.879394
85.951725
85.995835
86.045112
86.062908
86.137506
86.145888
86.201124
86.205550
86.218121
86.243948
86.266209
86.291805
86.298582
86.383150
86.494495
86.571395
86.609554
86.659258
86.700752
86.747857
86.823596
86.889583
86.916006
86.995363
87.021164
87.143804
87.232394
87.235232
87.324518
87.339909
87.351758
87.372912
87.376651
87.379554
87.432764
87.449876
87.484906
87.514136
87.557834
87.590351
87.641495
87.769517
87.774788
87.880973
87.884290
87.922502
87.995382
88.002510
88.083373
88.207300
88.295495
88.306545
88.312447
88.337078
88.376005
88.596895
88.601000
88.601305
88.604061
88.608575
88.673958
88.693117
88.781465
88.795488
88.815412
88.847158
88.869359
88.952044
89.022689
89.139925
89.210327
89.409397
89.437676
89.455772
89.486143
89.535857
89.634901
89.875252
89.984515
89.989993
90.025972
90.031578
90.035817
90.052560
90.068044
90.101727
90.106286
90.131451
90.139517
90.467896
90.536312
90.690000
90.712345
90.749124
90.754967
90.755485
90.778051
90.812739
90.815216
90.929471
90.958780
90.962807
91.059202
91.183837
91.189220
91.191712
91.294143
91.417865
91.451912
91.480656
91.523195
91.560518
91.633721
91.659183
91.785182
91.854732
91.990349
91.990848
92.029350
92.110917
92.206513
92.219569
92.346676
92.380717
92.401608
92.456567
92.483363
92.594082
92.628598
92.631072
92.667620
92.705421
92.810048
92.990590
93.074145
93.101153
93.128615
93.159372
93.228794
93.234410
93.252820
93.328095
93.375416
93.396222
93.470440
93.471219
93.577450
93.637485
93.694528
93.702182
93.776419
93.847074
93.866898
93.888431
93.948846
93.963422
94.108557
94.242024
94.255828
94.406798
94.416811
94.443666
94.465395
94.524275
94.541388
94.725532
94.737229
94.744153
94.825473
94.830456
94.862955
94.872872
94.893690
94.980117
94.984544
95.016452
95.069240
95.085023
95.096607
95.119524
95.138936
95.277340
95.284702
95.296708
95.419229
95.449921
95.465262
95.480547
95.499533
95.552550
95.557780
95.615893
95.827600
95.858681
95.920521
95.925476
95.938713
95.971602
96.028269
96.083839
96.103721
96.108115
96.126426
96.205653
96.350773
96.358744
96.363229
96.457310
96.481519
96.719392
96.747811
96.764818
96.774273
96.879067
96.931187
96.941822
96.985969
96.988601
97.017612
97.020725
97.073483
97.089492
97.089639
97.107244
97.131013
97.148322
97.159269
97.196089
97.383422
97.436859
97.448916
97.631064
97.651305
97.738255
97.828249
97.831793
97.858093
97.860923
97.876698
97.921365
97.965684
98.016946
98.024056
98.036595
98.037132
98.038190
98.072079
98.157661
98.191470
98.228560
98.248490
98.354743
98.558982
98.569198
98.610719
98.726319
98.751646
98.764657
98.793718
98.799718
98.837406
98.899041
98.909250
98.991028
99.086460
99.087026
99.109481
99.234685
99.310506
99.316737
99.320761
99.346113
99.442861
99.557422
99.651732
99.672820
99.748151
99.756847
99.773026
99.779884
99.789213
99.805543
99.909518
99.911701
99.935048
100.078693
100.157137
100.198165
100.232693
100.236932
100.260272
100.321888
100.334784
100.390592
100.403824
100.421769
100.528248
100.572709
100.587035
100.591981
100.612821
100.622727
100.631361
100.647355
100.662778
100.665559
100.687037
100.688457
100.695994
100.866197
101.147843
101.273676
101.295053
101.315459
101.496220
101.546333
101.584243
101.631243
101.666366
101.775915
101.805662
101.854965
101.880263
102.038002
102.061075
102.196846
102.293020
102.297056
102.392122
102.397496
102.439679
102.465702
102.608491
102.620376
102.625051
102.641431
102.693199
102.702263
102.814378
102.818620
102.901869
102.966665
102.982977
102.987861
103.008249
103.009620
103.023060
103.097707
103.115756
103.169299
103.172266
103.310784
103.346844
103.397321
103.507226
103.517499
103.549671
103.571818
103.665965
103.727604
103.759127
103.798834
103.821526
103.871810
103.973015
103.990451
103.995079
104.005452
104.027601
104.095679
104.098243
104.259971
104.281232
104.286322
104.368801
104.377513
104.498207
104.512022
104.522138
104.528064
104.533139
104.554472
104.598562
104.681246
104.684062
104.695617
104.738462
104.768026
104.807900
104.809174
104.863875
104.865773
104.894941
105.029409
105.033763
105.048246
105.255332
105.267762
105.365960
105.422131
105.478480
105.496613
105.503005
105.504890
105.540505
105.632274
105.682307
105.885957
105.938262
105.942317
105.960513
106.001358
106.002940
106.013586
106.021106
106.056981
106.162744
106.170326
106.187278
106.252359
106.369653
106.511970
106.576883
106.582790
106.631115
106.667857
106.668845
106.676957
106.701908
106.776352
106.779657
106.780252
106.785575
107.021154
107.073550
107.090479
107.222395
107.241616
107.276772
107.307271
107.448801
107.495318
107.501992
107.543501
107.686613
107.727410
107.754605
107.761199
107.853647
107.857040
107.889884
107.987553
108.004026
108.044038
108.045046
108.143871
108.243914
108.292798
108.304958
108.347360
108.363325
108.377286
108.490773
108.506034
108.509811
108.589034
108.605697
108.685122
108.708637
108.730913
108.771214
108.834146
108.956477
109.042859
109.057061
109.295166
109.339309
109.360020
109.450535
109.474493
109.502591
109.513720
109.584517
109.640425
109.693173
109.730446
109.843941
109.952645
109.983530
110.062208
110.085473
110.122451
110.122809
110.168927
110.215407
110.238235
110.283443
110.343214
110.379923
110.467396
110.471403
110.476908
110.504046
110.634391
110.659458
110.673114
110.788443
110.798358
110.818510
110.864065
110.970209
111.282762
111.300855
111.384023
111.463156
111.507139
111.515238
111.584925
111.759911
111.771342
111.793804
111.811193
111.817767
111.833167
111.842374
111.842442
111.916983
111.917097
112.030417
112.173147
112.178847
112.198464
112.214387
112.229806
112.303906
112.341140
112.414852
112.441528
112.512763
112.543308
112.569853
112.741180
112.758465
112.808752
112.884192
112.959505
112.997281
113.042797
113.094948
113.104296
113.125890
113.130615
113.152395
113.204723
113.205764
113.272677
113.352752
113.409710
113.464104
113.475112
113.478325
113.485805
113.568394
113.572802
113.593780
113.610712
113.658343
113.901501
113.978982
113.984655
114.031023
114.242113
114.399774
114.633287
114.680118
114.685576
114.687467
114.700678
114.728864
114.820695
114.829836
114.857178
114.908826
114.944286
114.944707
114.979591
114.986992
115.102796
115.104559
115.113532
115.140182
115.205714
115.336636
115.356354
115.465379
115.469830
115.546440
115.574580
115.598779
115.712775
115.769571
115.812669
115.819438
115.882935
115.914152
115.932937
115.967681
115.986999
115.997015
116.096782
116.102060
116.162238
116.219155
116.242341
116.360019
116.372128
116.444025
116.482408
116.554171
116.640374
116.651539
116.664270
116.669231
116.776428
116.806591
116.806688
116.828829
116.892591
116.922563
116.976608
116.985996
117.144548
117.162134
117.198194
117.331631
117.388489
117.463098
117.484608
117.506278
117.528849
117.538570
117.567489
117.641575
117.683976
117.733846
117.906816
117.921704
117.926423
117.955776
117.993382
118.006203
118.029848
118.086944
118.126915
118.158206
118.237594
118.267704
118.284949
118.432959
118.574542
118.644597
118.700722
118.708982
118.733523
118.810914
118.915445
119.056691
119.142410
119.169614
119.179535
119.320896
119.354742
119.450306
119.461432
119.475625
119.504030
119.509333
119.546115
119.558087
119.562559
119.591647
119.606686
119.623132
119.627955
119.643016
119.753088
119.850917
119.977598
120.098744
120.299792
120.318627
120.333201
120.346311
120.386704
120.409227
120.552626
120.556311
120.610585
120.708738
120.732477
120.790665
120.836821
120.895459
121.034080
121.055375
121.184852
121.442287
121.458026
121.572237
121.615043
121.629807
121.690174
121.699775
121.711516
121.762071
121.768585
121.793769
121.795904
121.816902
121.827841
121.975060
122.010580
122.089648
122.205446
122.249327
122.339243
122.412538
122.431925
122.457689
122.512243
122.605171
122.647524
122.665889
122.698681
122.757429
122.865574
122.894591
122.901462
122.945772
122.950299
122.973992
123.004796
123.059942
123.069144
123.218335
123.237300
123.237439
123.255365
123.305659
123.330176
123.363082
123.449940
123.485028
123.485774
123.504626
123.523198
123.537806
123.545645
123.587076
123.656674
123.660264
123.688215
123.723770
123.878209
123.888317
123.938695
124.098072
124.195563
124.205422
124.267044
124.269866
124.306174
124.356242
124.363205
124.484458
124.525250
124.592611
124.673749
124.707266
124.714960
124.748876
124.774920
124.809438
124.921095
124.954757
124.976272
125.035493
125.047406
125.092346
125.170939
125.190115
125.373705
125.379651
125.386384
125.459821
125.466786
125.600251
125.606111
125.616118
125.660661
125.689624
125.719926
125.721898
125.878067
125.973895
126.043313
126.129107
126.134987
126.199481
126.248300
126.289897
126.304607
126.447279
126.551529
126.557016
126.578019
126.810446
126.817389
126.822980
126.830686
126.941395
126.950794
126.961416
127.000330
127.029928
127.044623
127.046851
127.101718
127.144355
127.197949
127.252036
127.315702
127.341007
127.341290
127.518238
127.520738
127.522434
127.589970
127.614674
127.628927
127.703911
127.741432
127.816465
127.822037
127.823033
127.845837
127.975623
127.993105
128.016073
128.179911
128.238783
128.245234
128.266022
128.272560
128.292868
128.311374
128.392956
128.407678
128.428974
128.452050
128.496882
128.616865
128.646742
128.672123
128.739616
128.757158
128.807785
128.838087
128.876408
128.955508
129.006792
129.056525
129.167510
129.190964
129.272807
129.340220
129.347733
129.394417
129.595030
129.766429
129.766711
129.770696
129.782388
129.840101
129.901533
129.975308
130.132040
130.350198
130.420973
130.473703
130.631387
130.641167
130.689856
130.729533
130.816523
130.946337
131.164377
131.197319
131.343828
131.376920
131.402996
131.489503
131.519639
131.526323
131.564353
131.627066
131.705719
131.723412
131.838061
131.892064
131.951762
131.987758
132.023408
132.049626
132.052571
132.140951
132.223856
132.231635
132.267416
132.291927
132.609938
132.688121
132.693996
132.758772
132.911991
132.928910
132.984284
133.038054
133.054303
133.120573
133.147791
133.212692
133.288800
133.330769
133.386218
133.482620
133.514095
133.554603
133.676495
133.700833
133.843574
133.863985
133.965486
133.993768
134.150625
134.170132
134.291039
134.419160
134.492575
134.512411
134.708829
134.751258
134.821948
134.961534
134.962353
134.976697
134.990827
135.192813
135.367849
135.510557
135.665610
135.767739
135.817337
135.820883
135.828322
135.842164
135.868729
136.055942
136.065628
136.166707
136.194198
136.219267
136.256442
136.264101
136.287976
136.328799
136.370977
136.371911
136.501875
136.547314
136.618536
136.633055
136.674992
136.693075
136.807130
136.809698
136.893112
136.998053
137.129237
137.131140
137.150847
137.151705
137.234735
137.278078
137.371332
137.387334
137.510597
137.515596
137.552901
137.605404
137.680237
137.703306
137.786075
137.794478
137.838925
137.868532
137.936399
137.951903
138.050963
138.053857
138.270233
138.288042
138.318046
138.336844
138.350051
138.377947
138.384012
138.402597
138.473839
138.518208
138.633492
138.773860
138.810828
138.834460
138.846003
138.855372
138.886284
138.941248
139.090147
139.197506
139.225318
139.237695
139.297471
139.390432
139.421474
139.459450
139.460072
139.475733
139.541995
139.571108
139.625663
139.717897
139.740035
139.815744
139.872777
139.880611
139.895078
139.928000
140.010104
140.045402
140.127128
140.137382
140.167625
140.168054
140.222025
140.279393
140.319285
140.398549
140.475176
140.615194
140.616020
140.626577
140.806483
140.824880
140.853438
140.903495
141.165331
141.172013
141.177474
141.251224
141.304012
141.306512
141.399511
141.412057
141.652352
141.699247
141.760655
141.965460
141.985560
142.000055
142.134511
142.183194
142.201046
142.272594
142.317535
142.419623
142.465731
142.488451
142.547054
142.551131
142.554780
142.556324
142.665960
142.799983
142.842442
142.846372
142.874590
142.934966
142.999488
143.122528
143.158204
143.160887
143.186903
143.207804
143.208545
143.293452
143.297432
143.343532
143.428151
143.604392
143.620958
143.688413
143.783870
143.790443
143.802070
143.805009
143.892709
144.035244
144.152235
144.166076
144.247956
144.262290
144.293107
144.296431
144.315798
144.386420
144.430134
144.546772
144.588487
144.614810
144.693913
144.744223
144.771194
144.777270
144.780463
144.781390
144.864752
144.874548
144.972542
145.031419
145.076146
145.105258
145.105926
145.124585
145.296230
145.339736
145.355489
145.359542
145.409167
145.504551
145.562610
145.702405
145.711641
145.714277
145.724540
145.738359
145.753258
145.755022
145.862228
146.103285
146.113002
146.201098
146.256565
146.280667
146.298988
146.348381
146.389245
146.395450
146.430017
147.092485
147.109601
147.131015
147.161286
147.274813
147.460112
147.485158
147.513632
147.628971
147.756824
147.807013
147.827021
147.865510
147.893541
147.900111
147.953634
147.956302
147.961771
147.989133
147.995536
148.040371
148.053180
148.098937
148.147816
148.157962
148.161313
148.162851
148.224152
148.363396
148.373328
148.406945
148.466721
148.481438
148.598943
148.612284
148.633232
148.659671
148.673466
148.736066
148.737401
148.798768
148.802703
148.844371
148.936552
148.998193
148.998385
149.054886
149.064963
149.159240
149.332313
149.337378
149.388157
149.390716
149.398411
149.504867
149.541692
149.558210
149.620723
149.629174
149.663256
149.710130
149.770041
149.826618
149.844371
149.874335
149.947685
149.957279
150.127260
150.243452
150.246452
150.344228
150.353193
150.371379
150.391849
150.429547
150.476839
150.604001
150.657413
150.718441
150.945785
150.994717
151.058127
151.130969
151.163247
151.198474
151.231017
151.298832
151.299391
151.344196
151.481428
151.565704
151.618130
151.716193
151.731702
151.805732
151.911236
152.077970
152.088608
152.092702
152.100853
152.122279
152.146516
152.151487
152.173251
152.182268
152.188409
152.292988
152.293168
152.324534
152.325504
152.351795
152.361504
152.422571
152.426436
152.554048
152.580679
152.581023
152.642166
152.660161
152.703153
152.744100
152.902379
152.940763
152.956978
152.984691
152.995887
153.007402
153.099153
153.133409
153.154023
153.170941
153.273518
153.282983
153.329772
153.397869
153.444915
153.602313
153.648704
153.706194
153.821762
153.850314
153.964066
154.011734
154.020359
154.153262
154.174895
154.223861
154.239354
154.303987
154.367221
154.375867
154.382468
154.397401
154.527419
154.623428
154.687656
154.710729
154.727066
154.816691
154.846233
154.904588
154.919880
154.953945
154.960137
155.036150
155.089479
155.133530
155.222917
155.260881
155.294723
155.320020
155.372222
155.492731
155.666610
155.712954
155.748646
155.772342
155.791531
155.825304
155.844449
155.871885
155.874155
155.894826
155.912626
156.029132
156.071709
156.089187
156.137314
156.166531
156.167958
156.205365
156.293523
156.297177
156.417645
156.446836
156.456691
156.502349
156.628761
156.629675
156.637127
156.646848
156.707523
156.865523
156.874390
156.934029
156.968164
157.035764
157.047854
157.156238
157.162346
157.167209
157.205954
157.254760
157.304912
157.326509
157.392166
157.426925
157.452845
157.576073
157.683018
157.683180
157.712000
157.745311
157.779402
157.799960
157.896180
157.898044
157.949937
158.029724
158.080707
158.107088
158.126642
158.128645
158.152890
158.155960
158.197700
158.264358
158.281309
158.379215
158.413980
158.708721
158.733943
158.995170
159.005667
159.022979
159.075821
159.220517
159.226924
159.368257
159.403565
159.405625
159.456162
159.502273
159.593988
159.666868
159.744014
159.757351
159.782003
159.811059
159.814060
159.820923
159.908204
160.000161
160.015124
160.092924
160.201135
160.239325
160.292665
160.400751
160.432857
160.454469
160.455400
160.509526
160.646132
160.650666
160.654165
161.167912
161.253660
161.335388
161.335817
161.395765
161.461005
161.500519
161.505486
161.599857
161.699852
161.847903
161.876735
161.972328
161.990651
162.000845
162.061062
162.074857
162.092319
162.134827
162.142454
162.149420
162.279212
162.310083
162.328355
162.441012
162.496204
162.517468
162.675358
162.733387
162.757666
162.774590
162.815329
162.863069
162.873244
162.899615
163.111418
163.122032
163.191216
163.199336
163.237108
163.334304
163.388835
163.447463
163.565665
163.567305
163.576311
163.608515
163.637209
163.649127
163.694601
163.701294
163.773946
163.862089
163.884124
163.971112
163.989445
164.013123
164.024973
164.040011
164.059605
164.064409
164.136725
164.167915
164.251233
164.303541
164.367620
164.378746
164.412590
164.444818
164.478423
164.535782
164.596938
164.600516
164.630093
164.652306
164.683192
164.701184
164.710993
164.950075
165.034698
165.083592
165.182451
165.209142
165.471590
165.494036
165.611376
165.639375
165.712041
165.727389
165.809006
165.817900
165.923374
166.007016
166.055525
166.092538
166.201295
166.346766
166.366553
166.368676
166.499081
166.509448
166.629432
166.633565
166.653567
166.704002
166.797956
166.803822
166.943031
167.025146
167.078290
167.106113
167.129642
167.145265
167.180538
167.221836
167.412811
167.425951
167.427311
167.477118
167.601882
167.616302
167.621838
167.634087
167.671275
167.775743
167.874781
167.999587
168.026214
168.102500
168.125095
168.129392
168.274958
168.302675
168.309957
168.338256
168.348572
168.359489
168.373928
168.586878
168.598890
168.604694
168.757428
168.777405
168.784489
168.856341
168.856899
168.892357
168.957918
168.997715
169.106815
169.170121
169.195574
169.240515
169.252197
169.311013
169.367281
169.386178
169.495428
169.545311
169.620067
169.640526
169.755516
169.776632
169.842616
169.927609
169.941687
169.978363
170.090072
170.098235
170.138891
170.219552
170.274083
170.284285
170.410190
170.596108
170.681134
170.683330
170.696843
170.767175
170.784282
170.831670
170.853655
170.869610
170.901315
171.043673
171.061431
171.252868
171.278202
171.339352
171.365656
171.454629
171.603181
171.649902
171.661517
171.697523
171.741494
171.797062
171.815294
171.821655
171.828277
171.867398
171.892090
171.939966
171.945593
171.963474
171.986895
171.996076
172.002025
172.071611
172.143967
172.159104
172.175247
172.182193
172.193665
172.313501
172.330634
172.351369
172.454333
172.539871
172.549142
172.574311
172.592646
172.613349
172.639539
172.678143
172.685464
172.687606
172.687608
172.742369
172.746633
172.893784
172.988178
173.020677
173.070110
173.098317
173.131234
173.240208
173.251832
173.281610
173.332868
173.361695
173.394922
173.427418
173.449629
173.491896
173.520424
173.598366
173.602341
173.640408
173.689238
173.756821
173.813264
173.868288
173.876599
173.879625
173.900787
173.968576
173.988977
173.995866
174.012937
174.025920
174.045112
174.068486
174.227420
174.248017
174.451257
174.572886
174.607615
174.611413
174.648480
174.801701
174.842321
174.907671
174.932937
174.954576
174.964119
174.966035
175.185860
175.240318
175.250594
175.281716
175.327470
175.344387
175.347518
175.406202
175.434746
175.586112
175.886005
175.904079
175.949503
175.988377
176.013363
176.227425
176.271132
176.323543
176.328999
176.351868
176.355264
176.447572
176.484704
176.508966
176.560294
176.560935
176.607725
176.667373
176.680874
176.699316
176.753237
176.806655
176.819423
176.929653
176.936239
177.000560
177.006130
177.064882
177.099037
177.118269
177.153228
177.177677
177.179386
177.191914
177.306678
177.344027
177.454869
177.555491
177.574381
177.577904
177.875265
177.886176
178.135085
178.162710
178.170217
178.192876
178.201788
178.446001
178.446951
178.485325
178.507595
178.933758
178.934353
178.941043
179.038200
179.049353
179.116790
179.141044
179.173858
179.210138
179.373397
179.414847
179.417819
179.533082
179.542125
179.578410
179.599416
179.663434
179.822601
179.834471
179.871937
179.971718
180.060192
180.060396
180.068770
180.251053
180.259430
180.260807
180.349618
180.446396
180.498975
180.509624
180.519754
180.529246
180.582188
180.607818
180.628185
180.657763
180.726557
180.737182
180.816116
180.879159
180.903809
180.904593
180.918818
180.954585
181.069745
181.082269
181.111000
181.145351
181.182028
181.264303
181.330614
181.358727
181.360707
181.368459
181.400646
181.413021
181.498854
181.598860
181.751767
181.786581
181.848649
181.848867
181.872757
181.922819
181.941693
181.948598
181.987293
182.006528
182.017807
182.116310
182.116419
182.162120
182.208844
182.228407
182.310789
182.496843
182.552459
182.575965
182.586199
182.667863
182.753478
182.815967
182.838602
182.864869
182.909444
182.991356
183.041253
183.049614
183.071321
183.079347
183.111518
183.373605
183.411721
183.474942
183.481058
183.488825
183.553784
183.586082
183.599641
183.624610
183.640229
183.788001
183.825811
183.882598
183.896233
184.038619
184.080240
184.139517
184.185635
184.217143
184.306622
184.386022
184.419554
184.467331
184.551082
184.573101
184.589968
184.607230
184.616054
184.624018
184.626612
184.669214
184.693308
184.832610
184.912220
184.922185
184.933233
184.961065
184.962346
185.001020
185.016124
185.016617
185.024337
185.049316
185.287285
185.316839
185.340878
185.532880
185.562475
185.665374
185.666008
185.737900
185.754878
185.771305
185.835769
185.847014
185.861941
185.879335
185.887864
185.893243
185.990486
185.991561
186.039487
186.112924
186.179142
186.182312
186.225692
186.367936
186.468509
186.523398
186.532828
186.657915
186.669667
186.689393
186.724219
186.790145
186.799814
186.822323
186.919758
186.953227
186.962442
187.098411
187.140337
187.163286
187.181604
187.203376
187.252798
187.288558
187.394997
187.430514
187.437139
187.441486
187.548809
187.630938
187.633525
187.722243
187.761131
187.851302
187.956971
188.062616
188.113164
188.161012
188.161915
188.209975
188.262509
188.441532
188.449683
188.455260
188.465009
188.473321
188.590534
188.630275
188.653053
188.658618
188.660380
188.716760
188.738721
188.749258
188.752775
188.803516
188.812240
188.980363
188.982427
189.029024
189.174475
189.194143
189.208281
189.341326
189.345763
189.389472
189.410563
189.490396
189.502549
189.537025
189.647888
189.666348
189.717518
189.728854
189.750634
189.864109
189.894280
190.007777
190.045025
190.053726
190.089960
190.228245
190.504060
190.539453
190.594456
190.606869
190.681038
190.768465
190.771597
190.833872
190.891584
190.896207
190.937939
191.022188
191.068997
191.074191
191.133274
191.133311
191.349479
191.378837
191.441710
191.530256
191.555807
191.574304
191.740536
191.764473
191.777108
191.848910
191.867773
191.921503
191.943697
191.950269
192.036465
192.063939
192.082023
192.100985
192.199569
192.249227
192.366182
192.382361
192.395671
192.459248
192.508780
192.534228
192.578581
192.583810
192.647536
192.658251
192.687776
192.736439
192.769943
192.785165
192.963748
192.988389
193.024659
193.031995
193.074822
193.152042
193.175343
193.240151
193.289791
193.303140
193.307501
193.365019
193.376288
193.415386
193.503643
193.510943
193.549360
193.591829
193.709158
193.788516
193.865397
193.880154
193.897173
193.971823
193.991278
194.001346
194.055580
194.067114
194.114555
194.141143
194.157491
194.230412
194.250553
194.268189
194.279992
194.364514
194.527002
194.530907
194.597981
194.605274
194.683144
194.729429
194.764229
194.808343
194.941948
194.944958
194.945312
195.087231
195.184130
195.374595
195.405861
195.551725
195.605776
195.609320
195.640957
195.655575
195.657878
195.673160
195.680105
195.769574
195.878724
195.918140
195.932100
195.972204
196.031377
196.032003
196.046860
196.065842
196.113288
196.161534
196.169610
196.175686
196.208241
196.217668
196.226539
196.261801
196.274677
196.284540
196.384620
196.522183
196.567285
196.606375
196.678270
196.693648
196.746509
196.962642
197.092998
197.142174
197.244314
197.285117
197.331921
197.354054
197.373600
197.457979
197.515207
197.571249
197.649804
197.651209
197.738000
197.797635
197.847586
197.989640
198.015791
198.046417
198.051168
198.089373
198.096230
198.108856
198.121989
198.139178
198.156406
198.168225
198.180539
198.323979
198.348232
198.397987
198.401123
198.410460
198.419237
198.439956
198.467339
198.534419
198.616402
198.624942
198.662531
198.697505
198.702931
198.705914
198.751080
198.807900
198.822646
198.878832
198.901640
198.919673
198.925374
199.036368
199.052762
199.181611
199.231006
199.273274
199.364438
199.390553
199.449111
199.475914
199.482909
199.582757
199.666986
199.738162
199.753858
199.767384
199.805372
199.857321
199.900659
199.914346
200.037212
200.051767
200.102809
200.120812
200.160456
200.203453
200.211931
200.304345
200.308866
200.332909
200.338180
200.407614
200.438221
200.443469
200.491848
200.524750
200.537916
200.554354
200.555199
200.683002
200.755756
200.786366
200.821902
200.907555
200.908052
201.056722
201.091350
201.128492
201.140329
201.293009
201.482768
201.509904
201.605846
201.655465
201.834947
201.838847
201.866011
201.875428
201.898589
201.966083
202.029109
202.191657
202.198167
202.218707
202.225219
202.254562
202.296056
202.299080
202.307414
202.338403
202.388672
202.434897
202.454063
202.464643
202.499380
202.501547
202.501638
202.538068
202.564233
202.660088
202.691730
202.729595
202.771559
202.893380
202.971111
202.975936
203.022777
203.031125
203.087984
203.199731
203.260734
203.377311
203.391539
203.422192
203.494050
203.496193
203.498488
203.547498
203.585496
203.640542
203.652060
203.654672
203.729168
203.856407
203.888777
203.896707
203.991160
204.031381
204.057709
204.074441
204.148750
204.183231
204.189257
204.211975
204.279853
204.298193
204.320056
204.325651
204.430419
204.471794
204.561927
204.621384
204.644788
204.651897
204.679593
204.719752
204.837874
204.883459
204.896463
204.993991
204.997313
205.002072
205.063434
205.085746
205.094624
205.126571
205.304719
205.329368
205.333670
205.360261
205.399838
205.496756
205.606523
205.742969
205.792747
205.818648
205.821893
205.827136
205.911246
205.965818
206.008170
206.052300
206.074911
206.199649
206.230557
206.247765
206.265361
206.278604
206.311115
206.332951
206.393210
206.473389
206.508155
206.641735
206.679031
206.700592
206.789800
206.791581
206.812539
206.814454
206.883534
206.894528
206.925067
207.049564
207.071888
207.138122
207.187481
207.202298
207.315548
207.415687
207.569498
207.581910
207.592677
207.602356
207.774440
207.975444
207.984401
208.004794
208.032511
208.119380
208.194824
208.259506
208.415577
208.435070
208.443665
208.486825
208.539731
208.545513
208.545592
208.585106
208.589152
208.690821
208.715248
208.738507
208.930720
209.160167
209.244756
209.272612
209.288017
209.312309
209.322739
209.331468
209.405752
209.412152
209.447250
209.476298
209.516174
209.556608
209.566647
209.615988
209.737164
209.742758
209.748116
209.758918
209.880063
209.895036
209.907938
209.936624
210.044413
210.046976
210.061307
210.061343
210.127171
210.135822
210.190579
210.214809
210.235879
210.402872
210.416169
210.505864
210.516449
210.526035
210.573707
210.605355
210.731912
210.764835
210.774456
210.782662
210.791755
210.816974
210.836766
210.912858
211.035692
211.188849
211.207040
211.336910
211.420336
211.439434
211.451110
211.516421
211.650155
211.674313
211.678268
211.689527
211.749371
211.752215
211.768282
211.814120
211.848452
211.856043
211.972580
211.975357
212.077948
212.103690
212.146525
212.327348
212.335086
212.511786
212.537043
212.558097
212.778500
212.826410
212.847361
212.849777
212.866370
213.045673
213.070761
213.086980
213.093896
213.098236
213.146334
213.174488
213.198531
213.199519
213.214061
213.218893
213.336415
213.412705
213.638084
213.686655
213.756015
213.984011
214.020758
214.049622
214.099995
214.106253
214.107037
214.135474
214.176723
214.209610
214.320918
214.458889
214.616763
214.669822
214.733630
214.746540
214.779746
214.808309
214.891481
214.910231
214.918294
214.959930
215.010890
215.089353
215.103559
215.109769
215.143304
215.189460
215.209607
215.351500
215.389671
215.419070
215.559238
215.643543
215.647125
215.770395
215.795185
215.886311
215.903285
216.028038
216.054419
216.130433
216.170469
216.186441
216.212610
216.245386
216.265005
216.324622
216.363741
216.419663
216.476890
216.548419
216.652026
216.718114
216.730760
216.763095
216.786889
216.853191
216.901031
216.941151
217.032287
217.051747
217.164091
217.324845
217.385329
217.398370
217.447197
217.480171
217.521112
217.538453
217.577666
217.610963
217.641646
217.648380
217.648513
217.675412
217.802645
217.851327
217.933772
217.936810
218.011245
218.391236
218.392703
218.455429
218.479259
218.524728
218.541344
218.577786
218.581771
218.610950
218.643449
218.666052
218.729113
218.939821
218.946833
218.964338
218.987713
219.022047
219.046640
219.083181
219.096866
219.477754
219.508096
219.570177
219.592822
219.648790
219.909803
220.006208
220.020122
220.068596
220.073317
220.079927
220.164661
220.321618
220.328296
220.353371
220.509932
220.545978
220.587343
220.615369
220.641407
220.662885
220.664336
220.730897
220.769368
220.818947
220.887639
220.899631
220.964332
220.985399
221.017084
221.070887
221.085478
221.088005
221.234380
221.290032
221.316119
221.361845
221.399324
221.473952
221.537361
221.611626
221.670112
221.811742
221.820070
222.050191
222.180681
222.296314
222.330678
222.334547
222.362482
222.436180
222.488201
222.631747
222.665054
222.722619
222.750576
222.772706
222.790289
222.901162
222.964414
223.025208
223.029167
223.145770
223.151013
223.178516
223.211263
223.215510
223.364118
223.392811
223.568495
223.603425
223.622459
223.673542
223.692944
223.789740
223.906611
224.057752
224.179035
224.345602
224.354127
224.460686
224.488676
224.489005
224.558832
224.619952
224.638071
224.665407
224.667079
224.667726
224.692229
224.709936
224.775774
224.779785
224.817977
224.818949
224.924369
224.928537
225.042053
225.145412
225.205957
225.283644
225.289579
225.301913
225.301991
225.351017
225.483218
225.588089
225.620160
225.626492
225.720632
225.893068
225.909428
225.970698
225.990360
226.003346
226.092133
226.093124
226.107107
226.139798
226.141132
226.159475
226.193362
226.229313
226.411033
226.658399
226.701106
226.729191
226.810757
226.843043
226.942513
227.035742
227.062265
227.068380
227.076255
227.244791
227.261954
227.287079
227.555296
227.575776
227.614280
227.620606
227.622325
227.687026
227.760648
227.869997
227.916176
227.925552
228.095862
228.135361
228.149966
228.157748
228.206747
228.216903
228.250895
228.260555
228.263069
228.330872
228.362596
228.433062
228.442560
228.627040
228.640445
228.664827
228.691317
228.757115
228.824655
228.871014
228.952038
228.993255
229.191164
229.198776
229.229911
229.291951
229.357948
229.363260
229.386222
229.392811
229.455454
229.517058
229.635117
229.741087
229.795831
229.800758
229.854644
229.902728
229.914064
229.964350
229.977767
229.984782
229.985621
230.123205
230.149642
230.249791
230.268908
230.288684
230.313968
230.446766
230.483119
230.508760
230.592690
230.598769
230.918360
230.963421
230.990133
231.122535
231.234414
231.267805
231.279450
231.292139
231.307093
231.406964
231.434495
231.532445
231.586132
231.590362
231.633468
231.804570
231.855653
231.919583
231.928788
231.952032
231.962101
231.971090
231.990932
232.103708
232.124080
232.134892
232.199630
232.216735
232.256352
232.420974
232.473255
232.623510
232.630228
232.753506
232.827143
232.828318
232.916366
232.930956
232.976716
233.012697
233.068236
233.119636
233.146248
233.187975
233.203358
233.262534
233.480387
233.574742
233.632504
233.748198
233.799570
233.816194
233.831363
233.920571
233.947191
233.972113
234.004566
234.010863
234.017162
234.060216
234.185703
234.216189
234.257556
234.292980
234.428798
234.435229
234.583560
234.593495
234.618678
234.653358
234.700176
234.702872
234.846445
234.860518
234.889060
234.926193
234.961686
234.962354
235.090372
235.142912
235.204055
235.208310
235.249545
235.422333
235.449629
235.483105
235.518756
235.579359
235.609331
235.702964
235.721123
235.759838
235.780614
235.802782
235.805921
235.824208
235.830828
236.057156
236.109092
236.304860
236.351112
236.351618
236.373847
236.452049
236.632288
236.644431
236.790976
236.799892
236.801074
236.847552
236.863519
236.883160
236.931411
236.936086
237.138817
237.141574
237.151869
237.301452
237.312833
237.336016
237.354940
237.400490
237.407143
237.701213
237.729849
237.736337
237.741393
237.819437
237.841507
237.866152
238.031552
238.043724
238.186443
238.252328
238.450211
238.667677
238.673946
238.752006
238.757930
238.765469
238.824048
238.881442
238.904434
238.937332
239.066228
239.082008
239.092759
239.228185
239.331728
239.350109
239.369005
239.416749
239.545870
239.584559
239.624426
239.651715
239.794623
239.876725
239.969517
239.996447
240.013014
240.037747
240.061394
240.118345
240.146403
240.203046
240.211957
240.247116
240.358762
240.427461
240.455728
240.467237
240.500645
240.522700
240.554062
240.562325
240.581027
240.608158
240.671304
240.693793
240.704526
240.792367
240.812564
240.825768
240.827925
240.838742
240.942117
240.994677
241.096034
241.240646
241.297411
241.330774
241.409967
241.426159
241.430842
241.451179
241.542551
241.568022
241.780460
241.785177
241.793477
241.797875
241.851343
242.072284
242.074385
242.121913
242.123215
242.126227
242.172014
242.218198
242.230936
242.272459
242.285368
242.328893
242.532715
242.564178
242.632803
242.825100
242.851394
242.866286
242.990224
243.044302
243.084547
243.107201
243.144597
243.220850
243.311222
243.431902
243.525519
243.587722
243.599521
243.767152
243.869495
243.941776
243.952078
244.009185
244.169381
244.237448
244.313271
244.366806
244.366888
244.368459
244.461128
244.467226
244.492515
244.560627
244.572869
244.611700
244.621974
244.630713
244.678170
244.791339
244.833930
244.836624
244.860490
244.867990
244.879458
244.920117
244.964846
244.979867
244.984796
245.067150
245.112215
245.231475
245.239008
245.244807
245.288753
245.350726
245.356460
245.390642
245.405872
245.452234
245.547907
245.582822
245.590996
245.592450
245.611253
245.627570
245.656494
245.691479
245.733139
245.822390
245.838608
245.970379
245.985775
246.015676
246.096198
246.111893
246.142063
246.161262
246.270088
246.278811
246.359494
246.406269
246.406877
246.449282
246.449604
246.457034
246.468889
246.522034
246.541055
246.553318
246.639627
246.649741
246.667311
246.681106
246.683305
246.708049
246.818062
246.856994
246.862875
246.888091
246.969271
247.035762
247.143282
247.161192
247.214686
247.301619
247.371715
247.376731
247.454771
247.463875
247.484753
247.498348
247.563846
247.667686
247.757370
247.767220
247.789247
247.862453
247.900017
247.968554
248.027114
248.058151
248.074449
248.074985
248.156206
248.168441
248.203328
248.207800
248.215761
248.297889
248.312679
248.438909
248.544313
248.684519
248.710460
248.750384
248.767847
248.795056
248.906858
248.944207
248.998157
249.007040
249.087034
249.198173
249.251923
249.275277
249.302960
249.356976
249.596481
249.618132
249.701997
249.724596
249.791112
249.833333
249.886768
249.917686
249.986830
250.010771
250.060850
250.134838
250.145187
250.162717
250.185776
250.294553
250.345578
250.400576
250.474532
250.603153
250.606233
250.620103
250.651317
250.651385
250.677211
250.756582
250.864080
250.878858
250.905153
251.018594
251.094877
251.099200
251.300485
251.330034
251.350163
251.373441
251.393720
251.409020
251.450141
251.482293
251.547504
251.565932
251.640240
251.657608
251.658249
251.677961
251.704926
251.783360
251.903530
252.028044
252.039788
252.124847
252.212977
252.217064
252.251821
252.264084
252.275317
252.280946
252.315420
252.344910
252.381384
252.389284
252.432747
252.487859
252.526461
252.536598
252.650873
252.674398
252.680570
252.696621
252.830167
252.866141
252.876743
252.919121
252.960853
252.991607
253.112854
253.150083
253.160708
253.230802
253.251892
253.362265
253.512953
253.593283
253.599195
253.683369
253.797096
253.834249
253.855752
253.875923
253.976346
253.990229
254.064711
254.132306
254.134707
254.188109
254.288149
254.305097
254.390863
254.511481
254.513030
254.520679
254.548045
254.594849
254.599549
254.607984
254.616010
254.660305
254.793959
254.838747
254.906135
254.980132
254.987202
255.040078
255.112374
255.147859
255.201944
255.302112
255.371654
255.432574
255.434663
255.606781
255.609324
255.660975
255.672731
255.831793
255.953200
256.013303
256.075416
256.127240
256.146501
256.153911
256.165752
256.284979
256.356032
256.401774
256.412057
256.471606
256.526550
256.562427
256.589335
256.657460
256.689326
256.799289
256.999967
257.005010
257.021084
257.181330
257.217998
257.277298
257.381099
257.406921
257.518243
257.801143
257.806818
257.847514
257.928423
257.948383
258.042233
258.098080
258.101257
258.123322
258.133560
258.154981
258.211496
258.229310
258.373028
258.374573
258.403336
258.429278
258.487211
258.577107
258.666265
258.685211
258.802913
258.817733
258.912752
258.918559
258.978014
259.005478
259.103736
259.189116
259.200944
259.240842
259.269190
259.303227
259.327143
259.327821
259.350732
259.379149
259.447468
259.534580
259.549635
259.567218
259.577008
259.653278
259.782225
259.785320
259.787258
259.792618
260.013957
260.082143
260.263237
260.289012
260.396366
260.421028
260.451155
260.618178
260.763599
260.775880
260.781260
260.956204
261.012969
261.081738
261.378896
261.419476
261.442022
261.444624
261.500772
261.525709
261.525898
261.548047
261.614487
261.677640
261.683206
261.768877
261.862133
261.872093
261.876528
261.894180
262.034279
262.058599
262.118930
262.250650
262.348967
262.402775
262.423874
262.429739
262.493041
262.757804
262.804977
262.859251
262.891954
262.980660
262.981630
262.994121
263.082924
263.218648
263.227924
263.359041
263.590674
263.722035
263.781626
264.004948
264.031388
264.052395
264.101161
264.107662
264.210989
264.261330
264.336858
264.338663
264.395019
264.439756
264.511833
264.515911
264.524684
264.585640
264.668944
264.718739
264.824481
264.882469
264.888576
265.037820
265.108316
265.149081
265.239728
265.247870
265.260516
265.317522
265.348628
265.408630
265.531426
265.537311
265.572062
265.760394
266.187940
266.219780
266.226725
266.264929
266.390522
266.491329
266.501304
266.546220
266.595068
266.636612
266.664041
266.719617
266.733182
266.805141
266.822776
266.831531
266.846043
266.882679
266.911421
267.027450
267.065273
267.105590
267.127865
267.160815
267.170159
267.183388
267.209547
267.239951
267.253755
267.376288
267.379891
267.473927
267.620351
267.690453
267.859981
267.900158
268.061453
268.078285
268.147707
268.170471
268.179877
268.334125
268.443064
268.451513
268.479118
268.502166
268.516670
268.543459
268.555939
268.563885
268.603899
268.686478
268.775934
268.866371
268.866630
268.901330
268.928026
268.992788
269.033050
269.033447
269.075161
269.127718
269.136676
269.136690
269.138968
269.149489
269.206826
269.217341
269.244253
269.292957
269.515864
269.525312
269.579558
269.589065
269.605045
269.637497
269.660587
269.727558
269.735188
269.736469
269.829578
269.841820
269.983001
270.040090
270.134003
270.168210
270.174909
270.194884
270.212960
270.241675
270.308914
270.323666
270.362347
270.439237
270.445198
270.540780
270.578667
270.678267
270.727834
270.730338
270.849883
270.872190
270.892234
270.975661
270.978917
271.031326
271.115607
271.177055
271.209061
271.264416
271.290531
271.349581
271.379351
271.379384
271.396523
271.418836
271.422636
271.565816
271.583822
271.671889
271.730112
271.751834
271.829806
271.867020
271.868021
271.920568
272.041028
272.100775
272.242941
272.268127
272.283770
272.288248
272.375100
272.457841
272.527008
272.642552
272.732922
272.738562
272.765166
272.799611
272.826799
272.844420
272.954525
273.079806
273.123153
273.207078
273.210959
273.226545
273.230612
273.232776
273.351051
273.368878
273.372042
273.414367
273.465943
273.494941
273.527871
273.562478
273.604340
273.688836
273.752122
273.819881
273.830469
273.865524
273.869434
273.878010
273.924792
273.953708
274.051434
274.090365
274.113482
274.150562
274.202987
274.306078
274.334213
274.335059
274.481728
274.486724
274.593497
274.597814
274.685473
274.723861
274.724171
274.730347
274.807800
274.823535
274.865117
274.902095
274.903757
274.959523
274.978156
275.081507
275.198515
275.283703
275.286153
275.294328
275.331215
275.400917
275.431030
275.450102
275.529135
275.682162
275.706934
275.765393
275.770801
275.781066
275.805759
275.821269
275.829102
275.839070
275.872122
275.880398
275.927729
276.155232
276.157384
276.245777
276.379694
276.393668
276.449457
276.467712
276.561115
276.695493
276.715670
276.778712
276.792211
276.959930
276.981391
277.101153
277.191643
277.215534
277.217742
277.225378
277.275057
277.307528
277.310353
277.714021
277.720035
277.720892
277.777006
277.859244
277.909474
278.035593
278.074547
278.130577
278.192827
278.335968
278.384594
278.451637
278.569998
278.683540
278.686084
278.792917
278.828006
278.831536
278.958284
279.203448
279.386907
279.419524
279.505358
279.559672
279.584554
279.648173
279.743967
279.781767
279.813368
279.817665
279.818260
279.846439
279.860863
279.961880
280.029316
280.076591
280.126544
280.173512
280.200481
280.211477
280.240170
280.255720
280.320333
280.426714
280.457501
280.507571
280.531035
280.578991
280.601632
280.624472
280.635186
280.705274
280.761998
280.785213
280.821031
280.856908
280.933649
280.986468
281.008808
281.052018
281.089024
281.107157
281.133243
281.312324
281.330703
281.380021
281.446207
281.471945
281.538233
281.575958
281.584744
281.618211
281.715637
281.791448
281.837110
281.860474
282.117269
282.140348
282.352462
282.352465
282.400444
282.605922
282.710200
282.864978
282.978496
283.036553
283.037159
283.049420
283.050014
283.078968
283.096347
283.102396
283.176330
283.265281
283.314558
283.345953
283.425411
283.428219
283.509060
283.556065
283.568036
283.676543
283.729128
283.839414
283.858403
283.897042
283.933476
283.950536
283.993364
284.187428
284.238790
284.271419
284.274559
284.394205
284.466839
284.470964
284.684981
284.707202
284.715509
284.770530
284.773585
284.775164
284.788125
284.828695
284.949104
284.970622
285.016290
285.053057
285.162547
285.186717
285.228108
285.228761
285.302093
285.326927
285.377590
285.383478
285.414205
285.444917
285.530737
285.534771
285.590165
285.604111
285.680974
285.752811
285.754838
285.777041
285.826248
285.832197
285.879349
285.879856
285.884299
285.899384
285.938197
285.941041
285.967848
285.992088
286.047211
286.213267
286.218604
286.240960
286.279872
286.295979
286.312707
286.350981
286.476492
286.502384
286.558801
286.608523
286.657532
286.897699
286.956364
286.965931
286.996963
287.058967
287.097941
287.184022
287.192670
287.222985
287.237691
287.281184
287.315922
287.338216
287.354217
287.408695
287.435222
287.453586
287.700442
287.716872
287.762621
287.769710
287.846418
287.850382
287.901509
287.929493
288.011791
288.029030
288.191443
288.285945
288.291127
288.472117
288.501677
288.504138
288.519220
288.531946
288.581229
288.831945
288.890127
288.897585
288.981834
289.118403
289.206861
289.235819
289.299296
289.347896
289.407607
289.422106
289.460523
289.481784
289.512709
289.575688
289.592019
289.617175
289.635482
289.910943
289.941941
290.001665
290.124712
290.150603
290.151192
290.329988
290.346209
290.349681
290.353506
290.356621
290.382560
290.565946
290.595552
290.595780
290.676074
290.687522
290.748519
290.786648
290.809426
290.870926
290.884441
290.916842
290.980028
291.071375
291.096341
291.319918
291.331076
291.359887
291.404142
291.460397
291.484699
291.526032
291.576078
291.630657
291.642494
291.665221
291.666318
291.762403
291.928904
292.018926
292.100058
292.127374
292.170041
292.217576
292.218774
292.243920
292.318289
292.467346
292.739665
292.844926
292.906069
292.939541
292.984669
293.128898
293.129281
293.198474
293.287068
293.296694
293.379833
293.407031
293.487022
293.534283
293.586816
293.613480
293.624154
293.672636
293.743688
293.767284
293.842888
293.851710
293.948846
293.992581
294.087839
294.115700
294.314791
294.364321
294.369844
294.426763
294.479162
294.492510
294.536680
294.557104
294.612859
294.623761
294.770220
294.781311
294.794788
294.812837
294.817370
294.873474
294.895102
295.141416
295.167750
295.263443
295.282738
295.421738
295.438893
295.549138
295.551908
295.559603
295.653889
295.663037
295.703210
295.704161
295.728160
295.750465
295.751674
295.766995
295.780809
295.982196
295.996610
296.182039
296.186753
296.317034
296.389705
296.433612
296.462825
296.482585
296.489709
296.561695
296.625511
296.626980
296.662075
296.664610
296.768629
296.773858
296.823226
296.903087
296.922041
296.963123
297.014976
297.029177
297.127848
297.167801
297.261555
297.279686
297.322172
297.357742
297.466388
297.500404
297.502534
297.513227
297.525034
297.617326
297.619804
297.681337
297.732835
297.746742
297.766927
297.785981
297.823721
297.847877
297.874504
297.905671
297.945450
297.974260
297.984732
298.029124
298.099293
298.105992
298.123983
298.136478
298.141883
298.152758
298.177519
298.201047
298.203947
298.260736
298.326046
298.493683
298.520304
298.732607
298.820476
298.980672
299.105270
299.132981
299.139444
299.218422
299.225531
299.226253
299.321257
299.321665
299.380464
299.512794
299.532207
299.581216
299.600105
299.632461
299.643243
299.678460
299.689262
299.907502
299.917964
299.935151
300.027610
300.052351
300.176766
300.193000
300.205481
300.262857
300.306481
300.370152
300.373377
300.387103
300.406916
300.416192
300.475587
300.529924
300.559143
300.664436
300.674255
300.750971
300.787832
300.796670
300.855290
300.888427
300.900727
300.908667
300.927750
300.961456
300.983215
301.006596
301.016433
301.047726
301.050485
301.168052
301.222221
301.298334
301.300917
301.321379
301.382400
301.485317
301.497875
301.525049
301.599307
301.604050
301.654783
301.668997
301.673398
301.744552
301.750314
301.790791
301.800637
301.828762
301.894966
301.918766
301.958701
302.036817
302.037224
302.092436
302.097195
302.101307
302.111405
302.305650
302.518796
302.542255
302.583957
302.589134
302.591485
302.679912
302.742900
302.902665
303.184109
303.246829
303.345463
303.357897
303.457268
303.597343
303.626147
303.646775
303.668411
303.668846
303.709694
303.773080
303.801264
303.801852
303.835007
303.919110
303.919271
303.923644
303.926088
303.991278
304.033798
304.038611
304.163437
304.179643
304.194248
304.222067
304.248217
304.249426
304.267150
304.348044
304.387693
304.393144
304.441979
304.586033
304.600123
304.600996
304.602851
304.619987
304.747524
304.749142
304.808042
304.848292
304.870037
305.058742
305.067961
305.084845
305.105066
305.117964
305.165937
305.241676
305.319961
305.391538
305.393308
305.448685
305.455529
305.523735
305.571018
305.605275
305.668557
305.858943
305.960758
306.007479
306.035129
306.096709
306.097772
306.146988
306.184662
306.214704
306.360754
306.407288
306.423001
306.552558
306.591347
306.644129
306.670323
306.707441
306.797681
306.868493
306.912020
306.951164
306.959128
306.983935
307.058453
307.092379
307.127166
307.279203
307.308767
307.337437
307.370959
307.420011
307.429692
307.434839
307.496178
307.504677
307.546486
307.641267
307.675791
307.713410
307.725257
307.750681
307.768407
307.930304
307.942362
307.965573
308.026011
308.089302
308.097137
308.109989
308.118894
308.160854
308.218270
308.227070
308.343138
308.397662
308.460203
308.481419
308.549779
308.556892
308.572246
308.643852
308.671335
308.707031
308.777977
308.792376
308.925321
308.995530
309.009683
309.029176
309.040247
309.083597
309.097721
309.149172
309.232084
309.248171
309.294936
309.296113
309.326723
309.430166
309.498023
309.544126
309.625682
309.627631
309.635883
309.824684
309.842634
309.908940
309.991958
310.128720
310.129991
310.180288
310.185518
310.210620
310.227246
310.363273
310.454054
310.492722
310.517489
310.538600
310.555064
310.556884
310.581789
310.593322
310.636046
310.764658
310.831373
310.854178
310.854920
310.987106
311.025086
311.073632
311.081745
311.095188
311.109771
311.235219
311.287634
311.359642
311.485667
311.619286
311.639247
311.669379
311.732085
311.773816
311.859017
311.895601
311.905596
311.924411
312.021138
312.048429
312.058033
312.082936
312.102067
312.130695
312.236193
312.298143
312.301571
312.401415
312.407479
312.414240
312.581718
312.618782
312.641794
312.667071
312.728866
312.740366
312.748353
312.756332
312.762610
312.764171
312.784882
312.864645
312.928499
312.977803
312.993145
312.996582
313.000275
313.017723
313.052982
313.057748
313.130247
313.208842
313.247656
313.384661
313.400901
313.462431
313.503685
313.504384
313.508988
313.513731
313.557183
313.637895
313.681784
313.681928
313.772880
313.858020
313.919926
313.936838
313.938573
313.987832
314.001065
314.015831
314.056566
314.069135
314.086130
314.137715
314.154264
314.189199
314.253074
314.501211
314.587448
314.611758
314.723933
314.885519
314.935466
314.960101
314.967930
314.989858
315.045301
315.078994
315.110590
315.167336
315.224026
315.282271
315.302744
315.333657
315.384403
315.404844
315.418241
315.541916
315.559468
315.575144
315.673686
315.751089
315.823603
316.002449
316.259138
316.452426
316.505610
316.539360
316.631551
316.662171
316.696011
316.759561
316.850179
316.888715
316.928203
316.949455
317.016614
317.023066
317.093075
317.390673
317.465502
317.627771
317.728380
317.811032
317.840403
317.922921
317.923636
318.006124
318.017836
318.056551
318.179604
318.196230
318.224921
318.262211
318.281963
318.326149
318.332648
318.349144
318.381151
318.399919
318.402262
318.425612
318.430192
318.469496
318.538667
318.547555
318.669237
318.671529
318.684124
318.838337
318.879125
318.879889
319.095895
319.172532
319.187171
319.221587
319.245907
319.262304
319.366024
319.458177
319.610410
319.631090
319.669537
319.679043
319.806117
319.829648
319.867636
319.921853
319.929767
320.075258
320.155108
320.172777
320.198959
320.235333
320.278948
320.295152
320.351685
320.494421
320.510771
320.532647
320.543738
320.591620
320.616799
320.630519
320.663159
320.694257
320.696400
320.728602
320.810035
320.851014
320.911748
320.947298
321.015037
321.015287
321.058583
321.135455
321.169231
321.245358
321.276593
321.316841
321.325023
321.359691
321.505603
321.531976
321.642011
321.708723
321.782368
321.784781
321.801124
321.841937
321.924466
321.984785
321.997013
322.039427
322.086592
322.176012
322.206852
322.238873
322.320619
322.339579
322.349080
322.377427
322.459327
322.484342
322.505167
322.540924
322.566016
322.761676
322.795638
322.797812
322.807371
322.815852
322.848670
322.950301
322.967423
323.031956
323.040438
323.258316
323.342601
323.371987
323.385842
323.411932
323.499205
323.562114
323.581136
323.617369
323.626610
323.627411
323.662134
323.681012
323.701420
323.741058
323.773095
323.852930
323.881586
323.984146
324.077716
324.127075
324.261271
324.332740
324.436756
324.502959
324.575871
324.670802
324.815866
324.828899
324.864880
324.868928
324.891017
325.019339
325.062075
325.063242
325.077960
325.129099
325.225235
325.236290
325.293597
325.437207
325.559668
325.571280
325.613614
325.654667
325.756516
325.757035
325.761634
325.889804
325.914362
326.017134
326.047588
326.065320
326.101857
326.164817
326.218905
326.296704
326.325057
326.405548
326.457935
326.517513
326.522216
326.555612
326.636271
326.638130
326.686469
326.820103
326.858868
326.898921
326.957179
326.957204
327.050486
327.110096
327.143005
327.206366
327.305970
327.322571
327.333551
327.338014
327.388851
327.406522
327.553459
327.644364
327.648638
327.657549
327.664230
327.731303
327.757287
327.913073
328.001696
328.074676
328.087331
328.211593
328.238988
328.297163
328.298917
328.343971
328.352042
328.353032
328.432491
328.450247
328.476440
328.476510
328.524703
328.640513
328.680224
328.704073
328.727277
328.809383
328.846850
328.958106
329.109142
329.197966
329.228888
329.230438
329.235172
329.260067
329.290079
329.368230
329.444766
329.457489
329.504691
329.536413
329.563361
329.600019
329.768636
329.791626
329.966377
330.039700
330.043080
330.043197
330.053960
330.064844
330.114342
330.158099
330.211213
330.276432
330.291490
330.341019
330.401878
330.416521
330.568474
330.627143
330.635127
330.694452
330.700949
330.708205
330.795183
330.810529
330.858014
330.920430
330.940358
331.022852
331.124646
331.144821
331.153631
331.173270
331.244496
331.251991
331.274199
331.334375
331.411405
331.453688
331.456043
331.522173
331.574943
331.576418
331.586121
331.616331
331.628567
331.638518
331.666585
331.731160
331.736012
331.747399
331.781055
331.791798
331.799459
331.905568
331.947465
331.957224
331.976317
332.002997
332.004668
332.020944
332.041842
332.137784
332.203104
332.216114
332.216604
332.296290
332.368915
332.553495
332.555060
332.564843
332.631958
332.666391
332.748363
332.752393
332.782765
332.816770
332.855882
333.007226
333.095202
333.217192
333.246009
333.318315
333.390943
333.439095
333.493581
333.500894
333.537665
333.672141
333.743465
333.756376
333.763774
333.805689
333.905930
333.911249
333.930023
334.148717
334.161200
334.290605
334.402813
334.451885
334.454527
334.498197
334.565208
334.581736
334.618960
334.628173
334.645193
334.654881
334.655543
334.703845
334.814725
334.868833
334.942931
334.962329
335.029246
335.033851
335.073395
335.078054
335.079120
335.086454
335.106371
335.116526
335.136718
335.178549
335.232553
335.257672
335.281223
335.338577
335.359328
335.369649
335.404362
335.558011
335.561851
335.583821
335.599685
335.602489
335.694092
335.752555
335.760238
335.850137
335.924984
335.948594
336.041071
336.282949
336.298704
336.441829
336.478892
336.619648
336.638839
336.711969
336.816490
336.844413
336.851737
336.985283
337.071768
337.180304
337.222543
337.248801
337.264842
337.294131
337.443569
337.471124
337.485395
337.566119
337.577038
337.594116
337.609551
337.622915
337.816652
337.889953
337.898431
337.908769
337.972201
337.975284
337.983229
338.038502
338.076439
338.106108
338.211356
338.277861
338.415288
338.702124
338.704765
338.767130
338.800529
338.828110
338.844198
338.847091
338.884045
338.887336
339.048902
339.083113
339.083365
339.199049
339.270420
339.271316
339.293087
339.297941
339.381199
339.435707
339.453903
339.499029
339.548289
339.551076
339.553878
339.554480
339.652107
339.757758
339.768601
339.791246
339.854093
339.872237
339.888153
339.902234
339.931823
339.958992
340.022426
340.031398
340.077607
340.107752
340.138140
340.138759
340.154507
340.230519
340.361439
340.386239
340.399242
340.421798
340.470056
340.478714
340.494436
340.632198
340.658366
340.796434
340.849607
340.912988
340.934036
340.939780
341.031757
341.048662
341.208769
341.228579
341.232586
341.280273
341.286739
341.304179
341.340340
341.352038
341.450175
341.460633
341.516730
341.533383
341.587707
341.720940
341.746088
341.804916
341.811795
342.018891
342.021152
342.052972
342.116024
342.159973
342.235134
342.314289
342.395011
342.408680
342.419312
342.419422
342.470086
342.500996
342.535651
342.549388
342.645902
342.659822
342.697947
342.736563
342.812684
342.848502
342.860317
343.057122
343.073920
343.086269
343.105698
343.181711
343.194017
343.362316
343.420068
343.428590
343.467923
343.596782
343.620614
343.648922
343.689905
343.701982
343.703749
343.711271
343.746494
343.785963
343.827614
343.843131
343.988321
344.125194
344.134244
344.160135
344.209604
344.211797
344.246633
344.337457
344.354817
344.571883
344.613010
344.630683
344.632260
344.633534
344.697109
344.799137
344.803059
344.820272
344.885130
344.980802
344.999497
345.035019
345.065517
345.082208
345.093160
345.339498
345.502281
345.526823
345.659073
345.663849
345.667626
345.737021
345.846265
345.849047
345.949014
345.974828
345.990842
346.088864
346.091275
346.195503
346.199751
346.278090
346.382312
346.403877
346.578382
346.592117
346.600054
346.693942
346.764788
346.885423
346.959423
346.971254
347.096664
347.099062
347.193917
347.292638
347.320524
347.320974
347.343401
347.347046
347.366017
347.414630
347.430612
347.444342
347.558450
347.597252
347.619391
347.656628
347.729851
347.748371
347.839143
347.920988
347.924822
347.967448
348.014034
348.028806
348.148075
348.149277
348.201624
348.327933
348.343097
348.408656
348.445071
348.472034
348.475029
348.517920
348.572657
348.618943
348.630172
348.694188
348.710518
348.788315
348.813946
348.868197
348.918522
348.961398
349.072162
349.153023
349.155834
349.231386
349.268540
349.300695
349.440934
349.492958
349.493044
349.585040
349.606590
349.623675
349.679239
349.700508
349.711485
349.945539
349.948597
349.994787
350.015417
350.044440
350.065111
350.166396
350.404564
350.480108
350.536297
350.553681
350.565908
350.580177
350.589711
350.611476
350.688780
350.717409
350.743138
350.750956
350.785078
350.849621
350.882897
350.916356
351.060691
351.129744
351.169146
351.177397
351.299844
351.347651
351.367283
351.397758
351.400912
351.554339
351.556686
351.590062
351.619949
351.663642
351.716372
351.737499
351.860988
351.870953
351.914445
351.926780
351.928236
351.962224
351.978798
351.986085
352.005601
352.037088
352.062259
352.070726
352.108419
352.152533
352.158594
352.188520
352.241697
352.329921
352.383094
352.419767
352.431590
352.433222
352.463778
352.471706
352.500538
352.612628
352.671399
352.748140
352.761316
352.771149
352.805901
352.812583
352.971499
352.972031
353.007142
353.029234
353.240010
353.281100
353.290037
353.389954
353.430636
353.444338
353.463865
353.471163
353.494863
353.536426
353.547643
353.548254
353.579690
353.593829
353.647091
353.821064
353.895528
353.951164
353.994233
354.127649
354.140855
354.281825
354.301913
354.338842
354.356712
354.432743
354.614554
354.666676
354.778769
354.859470
354.866084
354.934999
355.022795
355.073072
355.075660
355.154922
355.163657
355.172271
355.239283
355.242458
355.277970
355.297907
355.324137
355.391373
355.447226
355.503422
355.590078
355.594852
355.633681
355.642190
355.739057
355.800209
355.934515
355.958516
355.965057
356.023523
356.041000
356.139181
356.180266
356.222419
356.257683
356.261026
356.264145
356.344882
356.422311
356.543285
356.687732
356.877463
356.972410
356.994049
357.027879
357.213602
357.455237
357.468416
357.512038
357.517440
357.600730
357.647714
357.669459
357.688466
357.716018
357.845484
357.886699
357.899750
357.908757
357.913722
358.023919
358.024643
358.046302
358.136589
358.142573
358.151818
358.222903
358.305880
358.382332
358.396160
358.422225
358.441549
358.468387
358.530719
358.588260
358.592761
358.593562
358.611106
358.613978
358.628947
358.632701
358.757240
358.931825
358.998382
359.022079
359.108558
359.109118
359.124033
359.136964
359.138156
359.202258
359.300370
359.344546
359.492587
359.507421
359.515624
359.606591
359.652944
359.801104
359.914194
359.972549
360.076175
360.138473
360.155862
360.203102
360.208802
360.452378
360.536178
360.612176
360.695647
360.785255
360.793870
360.810463
360.811206
360.838033
360.875957
360.921753
361.000535
361.050748
361.115707
361.145083
361.215992
361.225843
361.262967
361.295737
361.464320
361.468170
361.507814
361.523606
361.628519
361.798371
361.860708
361.938140
362.047813
362.246295
362.278089
362.342155
362.462903
362.482432
362.614188
362.640187
362.673264
362.723737
362.750964
362.988622
363.000940
363.020598
363.059904
363.061457
363.115561
363.160516
363.168159
363.203009
363.205743
363.238910
363.263645
363.266357
363.267432
363.277059
363.355807
363.405622
363.407463
363.433021
363.567307
363.635758
363.709107
363.770286
363.822991
363.845085
363.898997
363.935050
363.941835
364.121692
364.124676
364.139797
364.192844
364.215555
364.294098
364.343526
364.361487
364.390063
364.469687
364.471720
364.502230
364.610352
364.713508
364.717545
364.803612
364.842918
364.977044
364.981836
365.008809
365.021411
365.056679
365.060448
365.066521
365.076876
365.103262
365.118636
365.219779
365.391493
365.461897
365.462205
365.563063
365.659768
365.684209
365.686976
365.743751
365.805872
365.902774
365.924275
365.974994
365.981370
365.989340
366.006348
366.059325
366.087917
366.125271
366.142218
366.250451
366.289190
366.334166
366.381525
366.434014
366.463884
366.466794
366.485437
366.530496
366.599693
366.599790
366.658048
366.696346
366.754355
366.851745
366.870278
367.015239
367.059555
367.078407
367.170871
367.177982
367.210232
367.292981
367.305216
367.319064
367.363819
367.412864
367.441966
367.482601
367.518369
367.536327
367.670964
367.704574
367.755728
367.834683
367.856726
367.915460
367.930525
367.951502
367.992371
368.020444
368.022687
368.067812
368.094830
368.143863
368.357261
368.360844
368.375757
368.457758
368.513850
368.516640
368.575066
368.625269
368.774801
368.786836
368.974979
369.002021
369.002041
369.003841
369.029525
369.066824
369.092165
369.111000
369.121810
369.250523
369.258609
369.348427
369.357335
369.388361
369.468582
369.468653
369.564625
369.578481
369.614636
369.622970
369.649103
369.665723
369.694357
369.727361
369.743465
369.750154
369.799402
369.823451
369.835467
369.845315
369.873088
369.909441
369.975180
369.988805
370.041191
370.081197
370.090068
370.119467
370.229014
370.236031
370.247164
370.333491
370.345805
370.383497
370.401446
370.423567
370.466661
370.487411
370.519709
370.549249
370.561317
370.642727
370.688526
370.762850
370.770392
370.781396
370.787427
370.864377
370.888822
370.889502
370.891389
371.025809
371.063290
371.119180
371.138286
371.309324
371.311528
371.395483
371.534574
371.580105
371.630665
371.637993
371.644970
371.656957
371.687509
371.723498
371.744959
371.823272
371.883546
371.951284
372.058797
372.075736
372.115358
372.159410
372.208586
372.222377
372.266140
372.325384
372.329236
372.456307
372.582210
372.632311
372.645739
372.711240
372.741687
372.744190
372.959867
373.076526
373.128311
373.267957
373.337418
373.344700
373.384962
373.439843
373.492670
373.496603
373.512523
373.521097
373.558503
373.635823
373.637316
373.647817
373.672379
373.784213
373.889906
373.931881
373.995211
374.059413
374.072985
374.094684
374.113585
374.153982
374.184343
374.210644
374.242437
374.296009
374.364233
374.425881
374.435848
374.448409
374.450215
374.515595
374.893651
374.954349
374.965492
374.971174
375.018653
375.021581
375.044963
375.058554
375.138360
375.155761
375.183846
375.319079
375.323802
375.390956
375.394144
375.448080
375.513324
375.515382
375.541444
375.563837
375.604013
375.621142
375.644528
375.790262
375.929016
375.954239
375.975520
376.006331
376.110006
376.139940
376.147115
376.168880
376.406054
376.409414
376.419448
376.467220
376.506800
376.577616
376.587295
376.604213
376.620271
376.703161
376.708678
376.716625
376.743404
376.746950
376.758931
376.821961
376.913463
376.978406
376.979069
377.043783
377.063137
377.155103
377.169142
377.197327
377.214743
377.226567
377.249291
377.293697
377.328462
377.354006
377.463264
377.546898
377.583286
377.589489
377.593049
377.594438
377.649408
377.747945
377.828757
377.855336
377.890709
377.919121
377.938344
377.972558
377.980126
378.026453
378.065326
378.075988
378.099914
378.143454
378.181750
378.189393
378.207547
378.226573
378.233072
378.255315
378.296484
378.298510
378.335380
378.389414
378.413090
378.500727
378.528294
378.537312
378.570788
378.746215
378.876219
378.974192
379.012148
379.016818
379.041374
379.091633
379.096405
379.119948
379.126593
379.131748
379.163087
379.197956
379.228955
379.249423
379.281275
379.304666
379.328746
379.349866
379.411508
379.463822
379.551849
379.562472
379.568225
379.573358
379.584894
379.799150
379.829564
379.875943
379.881001
379.885223
379.898891
379.905894
379.912293
379.917485
379.937069
379.948008
380.050235
380.059233
380.089157
380.094949
380.355633
380.371196
380.405610
380.516976
380.538567
380.671744
380.696361
380.765184
380.790099
380.887227
380.890747
380.899789
380.947317
380.952426
380.994387
381.042318
381.154427
381.155427
381.247047
381.266906
381.291803
381.430804
381.437388
381.449193
381.456294
381.483379
381.620586
381.636880
381.702843
381.708569
381.715625
381.828037
381.914182
381.960405
381.985793
382.157455
382.162691
382.187215
382.239533
382.256678
382.343891
382.347272
382.383258
382.400517
382.565107
382.620253
382.807970
382.811386
382.812763
382.893225
382.896418
382.901541
382.926974
383.091399
383.097823
383.150291
383.159595
383.287774
383.356089
383.560530
383.579232
383.668954
383.690825
383.709462
384.060316
384.205825
384.293521
384.346301
384.349123
384.361620
384.382254
384.411457
384.528100
384.534325
384.539906
384.691700
384.735043
384.747511
384.790196
384.832554
384.834488
384.872386
384.943690
384.973252
385.050711
385.164428
385.234883
385.241124
385.244267
385.284320
385.330213
385.349493
385.355227
385.423663
385.453860
385.460340
385.466153
385.509567
385.517670
385.617937
385.745764
385.799484
385.964661
385.974032
386.029027
386.050237
386.090787
386.134637
386.221155
386.291759
386.323409
386.490317
386.504110
386.544862
386.630947
386.640546
386.649154
386.679954
386.748819
386.824802
386.889958
386.913115
386.956738
387.091154
387.200687
387.292884
387.301348
387.354577
387.387366
387.392356
387.443068
387.541311
387.577627
387.612963
387.613708
387.626944
387.698787
387.714386
387.718133
387.721779
387.798771
387.869360
387.907888
387.995876
388.021371
388.029836
388.088258
388.111845
388.130418
388.131081
388.132173
388.144159
388.166659
388.201118
388.207076
388.317939
388.320437
388.409664
388.425525
388.429513
388.445424
388.463171
388.476183
388.517887
388.536682
388.537434
388.563198
388.569472
388.595944
388.609902
388.731906
388.744861
388.765357
388.766439
388.919188
388.959521
388.990727
389.001936
389.093410
389.225904
389.237172
389.252313
389.307353
389.307488
389.388097
389.447255
389.486600
389.529777
389.717268
389.734123
389.834871
389.856665
389.859463
389.917594
389.957618
390.004283
390.013590
390.059160
390.080578
390.092966
390.261038
390.261834
390.274106
390.434901
390.437345
390.476652
390.589980
390.593122
390.620565
390.641723
390.844984
390.900349
391.029993
391.073488
391.098078
391.105826
391.154284
391.259169
391.301697
391.374182
391.387886
391.501110
391.506362
391.537007
391.549091
391.582553
391.629730
391.704185
391.715834
391.745904
391.794718
391.908506
392.001810
392.261098
392.266817
392.307725
392.347327
392.398028
392.404560
392.476675
392.503561
392.545854
392.582686
392.753359
392.859761
392.956605
392.987804
393.001028
393.002494
393.005969
393.026891
393.040758
393.141726
393.142481
393.225783
393.257115
393.299385
393.336794
393.359891
393.362351
393.399756
393.404192
393.416293
393.557324
393.564560
393.714841
393.723921
393.736592
393.745679
393.759929
393.816774
393.819433
393.862045
393.971157
393.986015
393.986043
394.010757
394.093762
394.125982
394.129096
394.162463
394.209525
394.238394
394.256765
394.259562
394.333797
394.336460
394.362478
394.369837
394.411964
394.442202
394.488121
394.553076
394.564643
394.569216
394.576830
394.709479
394.723899
394.761819
394.779843
394.789772
394.818676
394.961701
394.996247
395.065075
395.120848
395.304620
395.338675
395.419137
395.473873
395.506463
395.528208
395.530644
395.572175
395.600582
395.625296
395.698798
395.744677
395.762978
395.767059
395.797581
395.804124
395.813085
395.823734
395.841003
395.950042
395.951951
396.011695
396.120987
396.194063
396.275990
396.291921
396.304063
396.320299
396.419839
396.494877
396.715285
396.744401
396.780094
396.808900
396.868145
396.868936
396.942553
396.965487
396.981416
397.021679
397.025879
397.091589
397.152365
397.265564
397.392565
397.398223
397.459903
397.485387
397.618454
397.628466
397.630679
397.715126
397.736737
397.762267
397.794049
397.850272
397.896158
397.951721
397.982143
398.131104
398.136209
398.170870
398.181229
398.230709
398.297170
398.359687
398.361382
398.571762
398.604508
398.716163
398.740429
398.793136
398.862642
398.901708
398.939462
398.954112
399.156809
399.194331
399.264421
399.275031
399.366226
399.410118
399.560672
399.563335
399.597383
399.615777
399.743100
399.804276
399.862717
399.868176
399.901675
399.931148
399.952412
400.038901
400.043552
400.071257
400.234120
400.273964
400.280733
400.331502
400.343266
400.351017
400.409685
400.448945
400.486548
400.590030
400.647834
400.662000
400.685784
400.701632
400.716459
400.735028
400.753760
400.760198
400.798506
400.862387
400.867380
401.030904
401.035281
401.049092
401.117460
401.135216
401.156972
401.183310
401.184203
401.235584
401.259723
401.268180
401.311313
401.401995
401.468324
401.523046
401.577545
401.918151
401.928930
401.932896
401.990210
402.130509
402.159322
402.213969
402.244946
402.329138
402.338165
402.341943
402.400305
402.421236
402.495747
402.498973
402.499081
402.500543
402.548815
402.654954
402.754406
402.758860
402.762518
402.800457
402.813793
402.817253
402.999548
403.020273
403.062274
403.101525
403.117764
403.162578
403.272109
403.276801
403.370182
403.376182
403.659366
403.673777
403.677463
403.694719
403.790307
403.804039
403.820267
403.843383
403.977208
404.008554
404.015945
404.020201
404.076301
404.076366
404.148085
404.162044
404.166370
404.171677
404.239624
404.264221
404.331171
404.333823
404.370941
404.395734
404.469418
404.506742
404.600166
404.600770
404.651998
404.704638
404.858101
404.952219
405.009130
405.021080
405.042057
405.099509
405.204286
405.245783
405.287470
405.328049
405.373438
405.435825
405.495156
405.529926
405.566842
405.616690
405.712126
405.781334
405.781787
405.819441
405.921493
405.974237
406.036638
406.109526
406.111319
406.112413
406.175566
406.207255
406.270256
406.321209
406.326674
406.338886
406.363841
406.469598
406.575436
406.621538
406.678328
406.701129
406.746615
406.762946
406.820336
406.836861
406.852801
406.875841
406.885905
406.920468
407.020876
407.021899
407.038858
407.103932
407.127808
407.320541
407.337296
407.425377
407.455704
407.584464
407.620127
407.648468
407.693220
407.723920
407.744296
407.780663
407.994242
408.014106
408.026946
408.029373
408.041831
408.049954
408.069496
408.250345
408.278549
408.366702
408.379914
408.460464
408.496457
408.498300
408.523896
408.621940
408.658081
408.733178
408.747133
408.799244
408.802960
408.824300
409.010127
409.013476
409.026387
409.109218
409.147092
409.192981
409.219480
409.244120
409.261083
409.278923
409.295966
409.338997
409.376716
409.428749
409.452587
409.569542
409.604732
409.637942
409.836738
409.880503
409.899272
409.905473
409.965975
409.966481
409.979289
410.046869
410.055139
410.087252
410.088544
410.115775
410.117372
410.139006
410.146085
410.152049
410.279743
410.331179
410.409701
410.460841
410.478752
410.599754
410.629003
410.841597
410.934723
411.043318
411.238671
411.380881
411.405567
411.420838
411.452360
411.463899
411.577581
411.646669
411.713640
411.842531
411.886022
411.979834
412.050628
412.051786
412.102501
412.194675
412.239347
412.281936
412.322414
412.352724
412.404745
412.456847
412.490490
412.772897
412.775346
412.782057
412.857221
412.910801
413.027113
413.110091
413.113487
413.128663
413.136422
413.153582
413.216777
413.224857
413.262155
413.262645
413.268945
413.271543
413.336594
413.358661
413.448013
413.473340
413.706731
413.728911
413.760907
413.783398
413.873315
414.039176
414.092272
414.092950
414.093842
414.171627
414.192158
414.354495
414.379886
414.457044
414.534073
414.549008
414.561437
414.605730
414.610515
414.629358
414.644193
414.650303
414.682148
414.706736
414.789937
414.793808
414.822267
414.929206
414.945082
414.950138
414.974669
415.013392
415.019887
415.026005
415.153428
415.177336
415.212798
415.276228
415.290443
415.303439
415.406561
415.557639
415.572301
415.615547
415.645992
415.646672
415.722648
415.753402
415.765232
415.891109
415.904995
415.907950
415.951853
415.960127
415.965790
415.968730
416.090312
416.159784
416.166003
416.173943
416.191098
416.306147
416.325832
416.370138
416.490181
416.525493
416.541664
416.592656
416.600739
416.622437
416.636982
416.667500
416.691775
416.707486
416.773387
416.896138
416.927802
417.009633
417.021633
417.140381
417.221822
417.253843
417.411827
417.418066
417.423881
417.435776
417.531327
417.588360
417.589286
417.662925
417.664464
417.733493
417.751749
417.856172
417.873757
417.883470
418.010731
418.023675
418.052858
418.126180
418.144690
418.283153
418.355426
418.432269
418.556239
418.572427
418.675321
418.745795
418.835203
418.842600
418.883346
418.957130
419.098649
419.205602
419.230917
419.231351
419.357578
419.451674
419.467112
419.521838
419.596659
419.607385
419.609436
419.692460
419.726759
419.751350
419.752936
419.821039
420.035237
420.134393
420.186217
420.382785
420.407955
420.441734
420.474615
420.539257
420.673605
420.684822
420.712020
420.787844
421.106602
421.379209
421.477667
421.504788
421.523574
421.545860
421.552112
421.650677
421.711198
421.725673
421.753009
421.765171
421.837043
421.846787
421.924022
421.997518
422.014341
422.028408
422.086650
422.137886
422.176266
422.206445
422.242364
422.248933
422.278198
422.307395
422.351032
422.399367
422.407408
422.442083
422.447539
422.450056
422.501312
422.544830
422.587043
422.628547
422.690657
422.714953
422.814314
422.817268
422.828620
422.850419
422.870321
422.921966
422.946894
423.043205
423.067709
423.168423
423.173736
423.244766
423.250523
423.341675
423.422480
423.438159
423.558933
423.608432
423.662333
423.675497
423.735693
423.749378
423.752885
423.778038
423.847765
423.892383
423.900815
423.950199
424.063359
424.063807
424.101773
424.151600
424.282961
424.296268
424.321834
424.322188
424.402023
424.434404
424.469860
424.479145
424.490232
424.615378
424.683795
424.704807
424.816298
424.822063
424.839348
424.882607
424.951602
425.024555
425.026512
425.056285
425.131441
425.137246
425.157330
425.169636
425.209124
425.226864
425.255721
425.455703
425.518483
425.519737
425.556753
425.570476
425.581981
425.647153
425.672559
425.688873
425.691214
425.894182
425.986403
426.012222
426.018019
426.040685
426.046308
426.136363
426.174963
426.203276
426.329717
426.347833
426.473541
426.480921
426.495297
426.501140
426.612312
426.630153
426.684020
426.778524
426.839804
426.950158
426.999997
427.019004
427.110820
427.118598
427.124766
427.214675
427.219128
427.225252
427.241591
427.272999
427.309583
427.312663
427.356218
427.370410
427.399571
427.448421
427.463850
427.543193
427.576015
427.592799
427.606600
427.639799
427.641171
427.701583
427.767398
427.808194
427.826124
427.847736
427.899619
427.988936
428.095471
428.393047
428.469661
428.653822
428.870344
428.954876
428.982157
429.029509
429.072138
429.116937
429.264625
429.320595
429.338442
429.347755
429.443430
429.466060
429.546141
429.612485
429.621685
429.704716
429.774666
429.782956
429.898317
429.911298
429.938903
429.944418
429.967765
429.973466
430.055433
430.058717
430.175086
430.190349
430.271357
430.316922
430.319411
430.373429
430.525353
430.530959
430.564335
430.565507
430.776326
430.782783
430.800839
430.884122
431.203550
431.233015
431.308083
431.335375
431.348381
431.352952
431.420184
431.773857
431.803002
431.860834
431.864343
431.892714
431.933191
431.998977
432.009981
432.021358
432.055278
432.082196
432.083453
432.095958
432.220500
432.260634
432.261439
432.276880
432.478981
432.516106
432.551936
432.556226
432.558476
432.786205
432.869764
432.899319
433.011779
433.127329
433.175699
433.204543
433.217404
433.297024
433.308123
433.359681
433.482074
433.482732
433.483918
433.510662
433.527911
433.586558
433.589801
433.698658
433.699250
433.710182
433.774625
433.801864
433.830167
433.933366
433.956062
433.956676
433.998831
434.008890
434.014976
434.027424
434.075375
434.224811
434.267470
434.321331
434.368097
434.417684
434.448087
434.485712
434.518527
434.582033
434.618927
434.736183
434.740686
434.774158
434.803279
434.840242
434.905200
434.909882
434.957601
435.094219
435.095715
435.109714
435.231901
435.239318
435.261247
435.490647
435.545394
435.614462
435.689510
435.738298
435.772349
435.775347
435.814327
436.000039
436.040675
436.069645
436.128031
436.287412
436.302354
436.425886
436.465238
436.542211
436.548555
436.628319
436.641552
436.650904
436.683328
436.844201
436.861565
436.975958
437.060696
437.065843
437.111375
437.177817
437.291011
437.403024
437.409005
437.463815
437.470994
437.508148
437.675843
437.819837
437.829587
437.849822
437.865861
437.873886
437.876396
437.922670
437.971520
437.974120
437.993476
438.137678
438.164928
438.190314
438.215946
438.246436
438.308611
438.456771
438.588096
438.627279
438.645874
438.668591
438.694365
438.714235
438.742253
438.790103
438.823663
439.071327
439.084931
439.165215
439.251133
439.351641
439.457178
439.462639
439.474706
439.517669
439.560343
439.610575
439.698792
439.744936
439.790796
439.820791
439.963162
440.124662
440.149132
440.231089
440.253433
440.341849
440.447743
440.459268
440.479945
440.516116
440.531858
440.553788
440.579509
440.667602
440.745073
440.778716
440.842192
441.068876
441.118465
441.119667
441.279913
441.330998
441.351016
441.385594
441.393006
441.505186
441.578843
441.641794
441.651704
441.655935
441.725160
441.772069
441.912590
441.935174
442.026342
442.047000
442.049153
442.159608
442.179200
442.199143
442.206089
442.301254
442.333010
442.402426
442.483779
442.501040
442.506709
442.524112
442.689198
442.711368
442.723247
442.728592
442.731210
442.736298
442.759848
442.793237
442.803750
442.815406
443.004541
443.046051
443.085114
443.203854
443.273956
443.280719
443.306389
443.312285
443.323327
443.480255
443.486736
443.513298
443.655763
443.662745
443.781878
443.795861
443.882981
443.918633
443.947924
443.959657
444.009126
444.131911
444.160596
444.298715
444.328303
444.358811
444.381274
444.512165
444.518397
444.521563
444.671363
444.683579
444.726248
444.737674
444.758536
444.769925
444.802618
444.941629
444.962696
444.964505
445.006895
445.028856
445.064919
445.094994
445.110388
445.203929
445.231279
445.242034
445.344104
445.441308
445.482871
445.486575
445.500853
445.531778
445.639984
445.655847
445.660519
445.689437
445.692899
445.703637
445.732521
445.850031
445.855750
445.864493
445.928377
445.942971
445.959093
445.972508
445.999071
446.009382
446.086869
446.141681
446.380903
446.418012
446.440016
446.457058
446.503162
446.553719
446.603702
446.625862
446.672153
446.704743
446.708016
446.729114
446.747081
446.756859
446.766165
446.766292
446.809137
446.856345
446.860245
446.897153
446.898169
446.902504
446.943465
446.953691
446.963341
447.125101
447.161054
447.161332
447.166151
447.199255
447.230235
447.248796
447.290525
447.298930
447.336608
447.426088
447.433108
447.467453
447.541997
447.633366
447.696484
447.717369
447.801091
447.813709
447.839916
447.859349
447.939370
447.985448
448.005556
448.071199
448.108548
448.130515
448.135842
448.144278
448.145851
448.151453
448.204866
448.360106
448.669042
448.687742
448.751270
448.751455
448.845356
448.869793
448.955561
448.956125
448.994609
449.009384
449.097632
449.321391
449.339763
449.421542
449.502129
449.505073
449.510898
449.632113
449.652905
449.661263
449.673952
449.703689
449.816334
449.840050
449.856674
449.903616
449.929631
449.951978
450.057543
450.075202
450.087523
450.107712
450.167003
450.188928
450.193651
450.222745
450.313939
450.333304
450.362074
450.382969
450.483451
450.510898
450.528415
450.533418
450.565571
450.644245
450.687772
450.695930
450.737467
450.748413
450.756758
450.772732
450.809804
450.860937
450.871202
450.877103
450.923778
450.935112
450.957720
450.981355
451.175945
451.235814
451.292651
451.315514
451.343993
451.348198
451.360307
451.512745
451.513828
451.528058
451.534991
451.544567
451.605072
451.608644
451.667351
451.676844
451.693210
451.698488
451.737026
451.790206
451.824497
451.833425
451.842215
451.871000
451.935603
451.939702
452.104667
452.135404
452.183170
452.262484
452.382208
452.412904
452.508940
452.528715
452.565586
452.613181
452.622899
452.675640
452.700334
452.745553
452.767059
452.833775
452.963333
452.974607
453.165169
453.213822
453.217738
453.247373
453.331913
453.380601
453.466611
453.474668
453.599550
453.627426
453.642343
453.703462
453.738863
453.750532
453.762715
453.868835
453.890381
453.938791
453.951340
454.156853
454.210992
454.253987
454.257947
454.341514
454.349515
454.350702
454.447273
454.522385
454.554471
454.633147
454.669524
454.674189
454.772996
454.790118
454.838970
454.848249
454.940499
455.004036
455.062541
455.087270
455.104468
455.180626
455.230060
455.274179
455.294744
455.344429
455.474813
455.534628
455.602273
455.637795
455.692145
455.776167
455.884620
455.957668
456.031271
456.315130
456.355677
456.408067
456.410712
456.523369
456.571918
456.577126
456.579039
456.622183
456.628695
456.648512
456.673857
456.835864
456.849207
456.863626
456.960237
456.975143
457.137251
457.235514
457.246884
457.277415
457.434720
457.604491
457.609851
457.635791
457.666248
457.721721
457.774887
457.778393
457.835423
457.904392
457.962795
458.017022
458.037960
458.238856
458.314579
458.320006
458.328707
458.381589
458.407430
458.408707
458.421303
458.485559
458.532999
458.577863
458.606336
458.662515
458.803751
458.898414
458.900575
458.946152
458.953282
459.063947
459.120776
459.123496
459.178165
459.227572
459.265826
459.311829
459.324084
459.352272
459.402571
459.445729
459.479878
459.550157
459.572666
459.614017
459.697672
459.701253
459.704532
459.783024
459.785129
460.018435
460.030544
460.115364
460.151267
460.162856
460.314854
460.330601
460.353566
460.356551
460.380675
460.489223
460.496582
460.578871
460.634204
460.651171
460.655392
460.758644
460.812858
460.848489
460.931901
460.981436
461.024550
461.025211
461.094254
461.143566
461.222339
461.542512
461.564614
461.710122
461.716906
461.717571
461.721889
461.753715
461.778579
461.855365
461.951370
461.960012
462.032222
462.036980
462.084350
462.107801
462.108548
462.124943
462.169359
462.190037
462.271797
462.307045
462.387719
462.393253
462.455353
462.507421
462.653782
462.749818
462.750722
462.796395
462.801777
462.895871
462.956361
462.976600
462.992161
463.050814
463.059428
463.098541
463.315313
463.381985
463.438327
463.490428
463.493023
463.589591
463.613693
463.670834
463.718565
463.738094
463.769752
463.774474
463.821989
463.998830
464.288774
464.379294
464.412185
464.428945
464.485814
464.492575
464.493239
464.547541
464.574623
464.589695
464.689267
464.737638
464.856612
464.858076
464.889921
465.004832
465.106905
465.134705
465.140807
465.257239
465.342197
465.345863
465.357495
465.379801
465.403827
465.504199
465.526731
465.527545
465.573531
465.579153
465.668653
465.733557
466.048901
466.049309
466.232354
466.252113
466.352221
466.423071
466.430438
466.467876
466.472643
466.638402
466.660203
466.677575
466.681197
466.720500
466.749219
466.781886
466.830641
466.837319
466.941096
466.976948
467.016804
467.061379
467.104062
467.121088
467.160112
467.166368
467.169834
467.234855
467.342345
467.369566
467.375321
467.381798
467.463854
467.537732
467.557577
467.575858
467.589456
467.689999
467.704441
467.743784
467.746918
467.766474
467.812991
467.820211
467.843730
467.862280
467.888246
467.999101
468.047986
468.052548
468.121950
468.134348
468.193179
468.242420
468.248487
468.404848
468.443709
468.594723
468.775894
468.832707
468.850284
468.859962
468.921468
468.922126
468.988182
468.992210
469.007273
469.212219
469.301273
469.337215
469.337547
469.344060
469.402021
469.423808
469.473665
469.484690
469.549845
469.680531
469.797245
469.832525
469.845074
469.944606
469.950458
469.976620
470.085323
470.149490
470.238037
470.298704
470.323960
470.337438
470.352066
470.425958
470.430338
470.432593
470.439613
470.500350
470.503818
470.612362
470.687861
470.750247
470.758205
470.771390
470.817057
470.833749
470.867161
470.928363
470.929490
471.029492
471.230604
471.398609
471.479328
471.479494
471.520985
471.522281
471.528540
471.601582
471.695712
471.703094
471.737944
471.739145
471.751979
471.765791
471.828837
471.951437
472.001552
472.039659
472.090779
472.221144
472.254177
472.297488
472.310088
472.361243
472.465076
472.656829
472.657794
472.778075
472.911034
472.957370
472.973050
473.036075
473.146164
473.192547
473.225583
473.245675
473.253233
473.301917
473.334230
473.357396
473.420175
473.466474
473.521684
473.593558
473.597505
473.627357
473.729959
473.755674
473.795736
473.800072
473.802551
473.804511
473.805808
473.811034
473.864146
473.877277
473.910511
473.916934
473.936377
473.966312
473.991353
474.086993
474.100503
474.108972
474.142217
474.187744
474.192159
474.314755
474.326671
474.432930
474.444121
474.459307
474.482455
474.553604
474.590346
474.617258
474.845076
474.900887
474.921647
474.988798
475.040049
475.043097
475.051742
475.089883
475.128708
475.134025
475.144239
475.157180
475.272526
475.277326
475.392457
475.433000
475.463961
475.498358
475.583553
475.587705
475.589446
475.591718
475.600659
475.626988
475.637567
475.649166
475.692237
475.737101
475.849694
475.849957
475.868236
475.891634
475.928900
475.965023
475.989556
476.026419
476.167437
476.228197
476.244095
476.328498
476.328932
476.330686
476.332037
476.487456
476.492296
476.525644
476.585581
476.599716
476.717940
476.719618
476.893377
476.941563
476.946460
476.972237
477.039975
477.042613
477.145799
477.164209
477.232741
477.233396
477.281799
477.284380
477.400529
477.446397
477.637594
477.672984
477.699283
477.778171
477.810662
477.816004
477.817528
477.864560
477.960562
477.970352
477.996650
478.004637
478.050481
478.054375
478.072636
478.122100
478.168685
478.193624
478.197045
478.218494
478.249146
478.267977
478.272484
478.293832
478.295573
478.357840
478.474264
478.521160
478.533308
478.541615
478.617111
478.636376
478.658382
478.684842
478.703832
478.730669
478.732063
478.806403
479.013995
479.030222
479.116079
479.125500
479.138008
479.150647
479.156332
479.159324
479.165660
479.180109
479.188381
479.215513
479.364682
479.371242
479.404995
479.427241
479.456084
479.515396
479.633275
479.700503
479.746539
479.758017
479.897587
479.909754
479.912159
479.985980
480.023573
480.033667
480.105883
480.110839
480.150577
480.171597
480.195752
480.313650
480.360729
480.386662
480.401740
480.513058
480.539581
480.712094
480.739211
480.842574
481.051876
481.159040
481.169598
481.244380
481.260912
481.267158
481.303530
481.315493
481.419292
481.422727
481.496966
481.603935
481.604854
481.626937
481.701784
481.760778
481.812724
481.822572
481.976488
481.990605
482.045116
482.104768
482.155304
482.269713
482.278710
482.352080
482.366518
482.371074
482.388154
482.466516
482.477085
482.501673
482.530899
482.539974
482.560771
482.570074
482.591242
482.742660
482.765689
482.791736
482.816128
483.088931
483.091075
483.134703
483.137341
483.251512
483.254543
483.265699
483.365915
483.390669
483.449522
483.491039
483.505826
483.543776
483.577088
483.621374
483.628035
483.634977
483.676441
483.703312
483.739423
483.808023
483.864414
483.983350
484.052649
484.068880
484.093098
484.116063
484.155160
484.212871
484.229651
484.288647
484.380964
484.424416
484.457194
484.468294
484.607016
484.627977
484.669399
484.682627
484.784527
484.803677
484.850385
484.864169
484.897431
484.899639
484.929289
484.965582
485.113713
485.180500
485.188400
485.232179
485.370902
485.450695
485.489988
485.516703
485.661005
485.737244
485.749702
485.788448
485.804013
485.828014
486.010350
486.053128
486.061879
486.099671
486.194010
486.287123
486.400132
486.406440
486.413959
486.428429
486.434286
486.469107
486.480318
486.496777
486.526504
486.589290
486.728670
486.739374
486.815913
486.835173
486.913189
487.009633
487.024760
487.033308
487.057835
487.095496
487.168120
487.175509
487.187056
487.203745
487.242626
487.320080
487.393057
487.527796
487.553905
487.577208
487.640375
487.660233
487.722673
487.748449
487.756978
487.765882
487.831993
487.848984
487.911318
487.951003
487.975054
488.069555
488.098008
488.135030
488.137528
488.304269
488.378303
488.401093
488.441382
488.608023
488.663613
488.664690
488.715733
488.720129
488.769852
488.946428
488.994773
489.012885
489.020518
489.083436
489.115329
489.145721
489.146110
489.155552
489.160640
489.184606
489.187521
489.212440
489.219403
489.268405
489.293799
489.295053
489.296490
489.312424
489.377640
489.507403
489.544581
489.597620
489.612076
489.615017
489.656173
489.664029
489.670394
489.721126
489.832432
489.871013
489.988652
490.029685
490.151946
490.160097
490.162179
490.247084
490.298680
490.318622
490.380774
490.452659
490.478401
490.497985
490.502070
490.572167
490.596891
490.603231
490.671300
490.760383
490.814827
490.823882
490.923015
491.091691
491.115407
491.149369
491.164074
491.172019
491.206756
491.239620
491.373560
491.549997
491.570001
491.585582
491.597562
491.749586
491.750108
491.846141
491.856104
491.891080
491.919738
491.995107
492.005853
492.019916
492.122171
492.367122
492.377622
492.378065
492.415164
492.446173
492.506955
492.565282
492.660834
492.711653
492.770727
492.834265
492.883681
492.943863
492.965871
492.967640
492.990980
493.019698
493.028945
493.107810
493.169257
493.172902
493.246125
493.350977
493.366906
493.449911
493.494000
493.499740
493.603895
493.615305
493.635564
493.646147
493.715003
493.940869
493.949841
493.967165
493.993490
494.004057
494.093125
494.137477
494.139254
494.225209
494.232806
494.268249
494.324565
494.448901
494.458855
494.472386
494.524383
494.565743
494.650136
494.669751
494.755144
494.863694
494.864995
494.876474
495.057753
495.091571
495.098578
495.135323
495.240212
495.287636
495.354716
495.430408
495.436296
495.506350
495.553477
495.565288
495.610082
495.653225
495.683435
495.710568
495.757911
495.783918
495.792971
495.822482
495.827758
495.836900
495.856958
495.912962
495.980813
496.108075
496.300133
496.301764
496.418602
496.435615
496.470261
496.571239
496.613284
496.631277
496.656003
496.676248
496.735767
496.822171
496.833029
496.941734
496.951534
496.960073
496.986512
497.151420
497.168377
497.215020
497.235914
497.255937
497.278682
497.289026
497.296192
497.300787
497.319778
497.437180
497.444745
497.445186
497.454653
497.459536
497.463737
497.469785
497.572102
497.728863
497.730295
497.753981
497.798200
497.833755
497.835283
497.878488
497.912819
497.915521
497.943490
497.973839
497.982436
498.014761
498.041395
498.054778
498.099034
498.124364
498.195240
498.212218
498.355019
498.487180
498.587545
498.840336
498.841620
498.845559
498.936109
498.975893
499.043709
499.054102
499.102090
499.239771
499.406859
499.438122
499.456486
499.554619
499.612718
499.715843
499.722956
499.734685
499.772639
499.776571
499.801876
499.835084
499.901942
499.938168
499.968167
499.980372
500.002231
500.010449
500.069488
500.100706
500.114240
500.315240
500.335463
500.389149
500.458548
500.596496
500.607118
500.723461
500.747296
500.773358
500.812757
500.905097
501.059293
501.213980
501.271521
501.347045
501.382512
501.387883
501.422269
501.446916
501.470558
501.540077
501.688531
501.714717
501.717402
501.960011
501.976131
502.001289
502.042465
502.055552
502.131584
502.171072
502.189883
502.222276
502.246749
502.247500
502.294669
502.366240
502.382127
502.401628
502.445712
502.508561
502.518942
502.578578
502.591817
502.605731
502.658432
502.747018
502.782280
502.808561
502.830827
502.946123
503.036512
503.041578
503.049228
503.139763
503.211657
503.282280
503.308794
503.319408
503.324077
503.386565
503.420173
503.448027
503.511530
503.599399
503.642530
503.693171
503.696513
503.696683
503.778927
503.804977
503.888945
503.900050
503.959109
503.963100
503.999116
504.119649
504.151209
504.182183
504.182695
504.289826
504.414610
504.486598
504.553223
504.599384
504.626290
504.695713
504.733645
504.736633
504.784714
504.805153
504.847090
504.885156
504.921534
504.979612
504.998042
505.091068
505.125874
505.128429
505.308785
505.323030
505.337007
505.432784
505.488570
505.534931
505.547276
505.582920
505.669654
505.756480
505.810449
505.927089
505.937627
505.954177
505.992993
505.995555
506.086820
506.125598
506.150196
506.186124
506.220939
506.229259
506.233549
506.244998
506.279092
506.311096
506.436020
506.469103
506.508637
506.525701
506.557055
506.611957
506.639438
506.701105
506.868834
506.877888
506.879325
506.981181
507.067145
507.129047
507.136572
507.181446
507.181701
507.206570
507.284132
507.390482
507.395287
507.405710
507.431667
507.492378
507.662517
507.670178
507.763410
507.812882
507.858100
507.931029
507.987014
508.022420
508.034375
508.049698
508.060545
508.079642
508.122110
508.176613
508.201723
508.217027
508.274708
508.345420
508.441060
508.501306
508.520863
508.556072
508.569275
508.607928
508.674243
508.741198
509.134503
509.134650
509.193841
509.207628
509.460888
509.538549
509.545017
509.696565
509.721029
509.795358
509.812096
509.845451
509.977995
510.151936
510.162307
510.264810
510.378913
510.389324
510.397258
510.410809
510.611315
510.656012
510.746647
510.754354
510.762191
510.788719
510.879207
510.900684
511.154913
511.178862
511.191998
511.210635
511.219349
511.240668
511.242180
511.286374
511.305594
511.339079
511.354307
511.367658
511.430173
511.495904
511.522457
511.541071
511.586904
511.675238
511.759896
511.762997
511.776219
511.921193
511.987917
512.003361
512.022710
512.153517
512.174571
512.329744
512.336323
512.442738
512.537746
512.566868
512.579984
512.586470
512.647172
512.678510
512.708911
512.976309
512.997877
513.008349
513.079895
513.101611
513.222251
513.279203
513.296699
513.317515
513.389291
513.509477
513.530579
513.589602
513.621593
513.695302
513.695807
513.739560
513.811919
514.007156
514.082027
514.141398
514.225220
514.250463
514.252817
514.387126
514.452761
514.497073
514.529293
514.535297
514.572623
514.620575
514.753478
514.858573
514.979648
515.015324
515.032741
515.083563
515.133685
515.249250
515.304713
515.317855
515.328539
515.338529
515.399268
515.437902
515.471043
515.484585
515.537498
515.558401
515.567033
515.611037
515.614832
515.642756
515.673297
515.755143
515.761065
515.788320
515.822803
515.896242
515.974775
516.054343
516.183278
516.307964
516.309086
516.312090
516.350657
516.363016
516.367167
516.388083
516.457773
516.733206
516.755545
516.798780
516.815284
516.917459
516.920351
516.939206
516.971337
516.985976
517.052094
517.142932
517.234960
517.386467
517.531301
517.550798
517.663321
517.703405
517.741498
517.744906
517.788423
517.843366
517.899279
517.963692
517.992147
518.003715
518.016926
518.041893
518.048074
518.110206
518.295807
518.370530
518.372568
518.422763
518.430856
518.468396
518.488134
518.491472
518.529501
518.642748
518.665571
518.665842
518.694828
518.782289
518.811612
518.828506
518.872116
518.886396
518.951197
518.953010
518.964291
519.024892
519.093564
519.121911
519.135420
519.201902
519.291992
519.405153
519.473153
519.576246
519.606915
519.650733
519.653321
519.700205
519.755463
519.767603
519.885973
519.919571
519.919750
519.968358
520.000332
520.063127
520.067732
520.096668
520.147530
520.154786
520.167669
520.194689
520.216009
520.245101
520.251984
520.306052
520.400110
520.458579
520.541100
520.612314
520.624953
520.650245
520.696904
520.712344
520.744270
520.762967
520.802027
520.869725
520.911159
520.916695
520.984726
521.013536
521.018223
521.068916
521.088021
521.100594
521.114763
521.159314
521.173429
521.194936
521.241723
521.270831
521.325348
521.334106
521.413607
521.445432
521.547583
521.630717
521.655419
521.677693
521.720290
521.770326
521.896245
521.929228
521.948577
521.956873
522.376879
522.574775
522.648147
522.676204
522.726830
522.732397
522.817302
522.997648
523.014416
523.069078
523.091369
523.114863
523.120409
523.139692
523.174513
523.174866
523.194268
523.231966
523.319564
523.458229
523.463025
523.502094
523.552009
523.600007
523.600013
523.602048
523.649774
523.651380
523.698390
523.714878
523.733463
523.751101
523.773317
523.808333
523.855127
523.864465
523.872095
523.872223
523.901392
523.930589
523.959314
523.983778
524.002905
524.018875
524.038967
524.080654
524.089090
524.100380
524.130562
524.141176
524.201242
524.221779
524.247884
524.409926
524.411866
524.450477
524.483184
524.488423
524.546207
524.571143
524.624725
524.625894
524.676940
524.750572
524.830593
524.896934
524.922989
525.009600
525.070455
525.124524
525.220507
525.232112
525.267086
525.306347
525.342545
525.344349
525.389749
525.578441
525.661947
525.674016
525.697225
525.752936
525.790207
525.845980
525.862639
525.885309
525.940261
525.984043
526.007246
526.009026
526.047900
526.226286
526.230648
526.486550
526.504098
526.523978
526.650762
526.675513
526.739203
526.877152
526.903681
527.016983
527.018223
527.077469
527.113589
527.146894
527.175972
527.208055
527.275849
527.347530
527.369400
527.406819
527.436299
527.497965
527.625118
527.647660
527.686057
527.730962
527.739663
527.761368
527.779124
527.797408
527.817905
527.914580
528.173780
528.198422
528.304328
528.337805
528.402649
528.559122
528.657771
528.717582
528.770576
528.817889
528.853833
528.860749
528.900131
528.979290
528.999103
529.067726
529.235343
529.258630
529.343920
529.421735
529.534880
529.627526
529.688183
529.750005
529.768362
529.777292
529.871279
529.999429
530.055966
530.144801
530.251113
530.273379
530.358380
530.377009
530.400781
530.421448
530.457513
530.517986
530.536257
530.577183
530.647835
530.660525
530.685421
530.718035
530.863810
530.907364
530.939381
530.970449
530.970829
531.041747
531.186918
531.274222
531.421043
531.477721
531.601959
531.601977
531.623402
531.655026
531.660275
531.703465
531.823965
531.876746
531.943562
532.005703
532.046507
532.091894
532.115517
532.166281
532.378563
532.469487
532.491742
532.492489
532.494826
532.618634
532.631958
532.632400
532.700181
532.756512
532.783005
532.815309
532.824813
532.965824
532.994972
533.102543
533.109434
533.146400
533.207335
533.216215
533.228303
533.262398
533.274707
533.305356
533.336939
533.386529
533.502561
533.517676
533.623676
533.627122
533.637606
533.671358
533.682854
533.693990
533.833976
533.858965
533.890659
533.926305
533.982254
533.991488
534.099871
534.170921
534.288032
534.306262
534.332916
534.346481
534.384781
534.401911
534.548184
534.557023
534.666997
534.684621
534.750444
534.848678
534.878993
534.882776
534.898290
534.916838
534.946208
534.965738
534.984682
535.047016
535.081560
535.125615
535.272440
535.275046
535.354567
535.374584
535.384427
535.492859
535.615692
535.631308
535.653753
535.669180
535.748247
535.755090
535.779291
535.790492
535.857470
536.154138
536.255281
536.291894
536.314022
536.357614
536.364459
536.365060
536.416473
536.608036
536.620405
536.629609
536.636822
536.696975
536.755246
536.779575
536.782874
536.890909
536.921757
536.921787
536.928000
536.934463
536.987781
537.009233
537.014020
537.058586
537.129770
537.195937
537.232720
537.281610
537.335934
537.367630
537.407840
537.490572
537.517574
537.578118
537.587253
537.747449
537.975893
538.061022
538.073614
538.074704
538.110689
538.148409
538.172135
538.246632
538.275717
538.296024
538.297536
538.297886
538.327769
538.339533
538.396917
538.414265
538.509379
538.527158
538.608057
538.648396
538.670810
538.675043
538.883630
538.990975
539.009989
539.042047
539.058969
539.059973
539.101819
539.231598
539.254876
539.293892
539.324074
539.396171
539.408782
539.416171
539.476895
539.500038
539.526819
539.579993
539.601399
539.654406
539.695966
539.707524
539.733325
539.752319
539.832556
539.982177
540.070862
540.093910
540.114348
540.195712
540.217676
540.267636
540.327012
540.381341
540.406499
540.417095
540.467004
540.504954
540.573943
540.629730
540.652588
540.677339
540.712228
540.771319
540.790573
540.844401
540.954186
540.976343
540.985128
541.093309
541.115988
541.118562
541.125456
541.128974
541.196596
541.280205
541.358367
541.385406
541.478447
541.646868
541.737884
541.825896
541.889833
541.895561
541.934109
542.033395
542.070925
542.100183
542.124589
542.151936
542.250959
542.278268
542.297484
542.310207
542.373949
542.384358
542.471637
542.497463
542.507185
542.605986
542.752551
542.752670
542.886445
542.891701
543.102902
543.158282
543.180323
543.330563
543.335189
543.399206
543.427307
543.469362
543.472022
543.477510
543.561607
543.671574
543.688594
543.705781
543.719841
543.725591
543.754141
543.867150
543.893067
543.989375
544.150242
544.194015
544.261041
544.301857
544.433699
544.440777
544.606183
544.624837
544.667904
544.743229
544.802787
544.866429
544.919774
544.922954
545.000438
545.094135
545.107598
545.108247
545.157275
545.250645
545.334820
545.381719
545.489852
545.522789
545.567959
545.593185
545.615880
545.686490
545.734153
545.925391
545.939038
545.945115
546.133176
546.223046
546.228505
546.262094
546.430228
546.502986
546.538775
546.550757
546.699779
546.755784
546.789663
546.801819
546.852493
546.896248
546.912311
546.938511
546.945507
547.041874
547.071046
547.314584
547.365086
547.372676
547.467381
547.468821
547.482351
547.491695
547.505525
547.604003
547.622091
547.672731
547.699597
547.738892
547.801744
547.815064
547.924123
547.948830
547.951694
547.983940
547.986324
548.075608
548.075835
548.258085
548.297342
548.333345
548.481257
548.535886
548.566129
548.656885
548.684752
548.703479
548.704906
548.766193
548.783688
548.871797
548.985326
549.048277
549.114474
549.114999
549.122911
549.150485
549.153687
549.168373
549.170996
549.191438
549.295763
549.324540
549.377419
549.441009
549.447844
549.483531
549.485946
549.504845
549.558923
549.571328
549.612480
549.714389
549.795207
549.853024
549.873295
550.087219
550.169524
550.188562
550.225878
550.330227
550.339772
550.494510
550.575017
550.692120
550.751049
550.777637
550.807081
550.848384
550.969568
551.008493
551.029468
551.086086
551.211748
551.223622
551.229626
551.238346
551.307286
551.312228
551.313829
551.370425
551.372893
551.425637
551.501380
551.503931
551.530166
551.593758
551.760983
551.855536
551.996072
552.085798
552.106091
552.252838
552.281135
552.307211
552.328057
552.339794
552.361890
552.367368
552.424547
552.457282
552.546189
552.618668
552.636214
552.670681
552.690908
552.864474
552.896045
552.974982
553.020527
553.041420
553.042706
553.137310
553.208044
553.345306
553.362644
553.380699
553.427159
553.427896
553.503514
553.528813
553.559100
553.568117
553.622001
553.678199
553.695637
553.712936
553.754816
553.800582
553.824771
553.831954
553.842369
553.890584
553.908755
554.069158
554.132799
554.235684
554.236899
554.244396
554.324587
554.391654
554.401131
554.447957
554.493522
554.499934
554.541056
554.599292
554.677408
554.695953
554.715365
554.789658
554.839357
554.903790
555.098599
555.102037
555.231262
555.256317
555.275412
555.294696
555.330635
555.369489
555.419073
555.441461
555.520261
555.646124
555.651616
555.677667
555.727439
555.732639
555.756340
555.839534
555.995324
556.004722
556.079136
556.144121
556.235933
556.275380
556.369881
556.428970
556.473724
556.489577
556.582874
556.604011
556.613233
556.616413
556.667297
556.707295
556.778384
556.778669
556.803636
556.849730
556.871837
556.941647
556.951934
556.981281
557.015410
557.052638
557.077694
557.081658
557.114735
557.132884
557.149088
557.158743
557.327450
557.398168
557.454683
557.544527
557.628694
557.640875
557.700922
557.765180
557.779120
557.876826
557.881778
557.883577
558.107367
558.133429
558.150217
558.173007
558.187928
558.214144
558.236793
558.237531
558.266974
558.327287
558.344724
558.458848
558.540603
558.652577
558.656880
558.660911
558.701557
558.712915
558.737216
558.779802
558.820352
558.863559
558.909287
559.004221
559.065843
559.078196
559.113263
559.121325
559.124194
559.235503
559.358970
559.378083
559.404147
559.415229
559.512667
559.546721
559.564091
559.579889
559.591496
559.635039
559.667357
559.690075
559.700504
559.791534
559.798798
559.886405
559.933991
559.970232
559.974576
560.078735
560.081091
560.141728
560.217881
560.244903
560.327513
560.458623
560.507185
560.549574
560.601580
560.633978
560.670992
560.782675
560.821873
560.925229
560.959082
561.009429
561.033500
561.040921
561.058498
561.127433
561.161656
561.183091
561.190950
561.283065
561.326299
561.373505
561.611294
561.614435
561.634460
561.689783
561.708897
561.758434
561.785585
561.836590
561.845663
561.959671
562.122169
562.145244
562.145672
562.160285
562.194025
562.228156
562.238991
562.242945
562.318555
562.374264
562.402010
562.545723
562.578800
562.581608
562.584380
562.605495
562.612332
562.635080
562.640771
562.730653
562.839485
562.879939
562.917420
562.977969
562.986388
563.027811
563.082566
563.116544
563.120713
563.163065
563.246923
563.248990
563.277827
563.304694
563.333287
563.353702
563.356393
563.448970
563.514639
563.575761
563.647387
563.687755
563.692094
563.726326
563.757630
563.813241
563.871581
563.880200
563.933132
563.947788
563.985152
564.038010
564.039580
564.046447
564.055397
564.158172
564.267080
564.369974
564.371335
564.491466
564.510301
564.558098
564.598877
564.660431
564.671479
564.708242
564.804514
564.857338
564.959154
565.045914
565.249465
565.255107
565.261100
565.269723
565.341126
565.437200
565.439400
565.484255
565.574007
565.577111
565.666826
565.680769
565.684418
565.691164
565.785075
565.791934
565.907197
565.920947
565.963483
566.013486
566.127364
566.161856
566.180335
566.260004
566.261021
566.269892
566.271244
566.275508
566.322240
566.350632
566.431731
566.486328
566.531561
566.538007
566.547604
566.549747
566.605809
566.643277
566.646393
566.650214
566.653896
566.710689
566.715264
566.767479
566.774312
567.071633
567.236045
567.366923
567.461201
567.461974
567.506874
567.514602
567.559057
567.563386
567.578917
567.590010
567.613985
567.632732
567.791821
567.864341
567.931002
567.979074
568.082569
568.094947
568.319456
568.386196
568.612826
568.629555
568.664025
568.675975
568.755267
568.848346
568.965503
569.001634
569.085787
569.124396
569.288842
569.353889
569.359276
569.437626
569.475859
569.531762
569.604507
569.650611
569.725692
569.744595
569.830698
569.910724
570.046251
570.128307
570.224472
570.269086
570.481356
570.541991
570.562692
570.630098
570.646674
570.772487
570.906761
571.139394
571.167292
571.196177
571.217055
571.237334
571.261203
571.329909
571.340799
571.351321
571.360469
571.384453
571.397290
571.405387
571.405881
571.485647
571.617533
571.627043
571.647269
571.723091
571.848138
571.855413
571.943518
571.982237
571.985049
572.048120
572.050726
572.072017
572.076083
572.134220
572.190524
572.264773
572.367685
572.522447
572.531645
572.591800
572.593999
572.627429
572.655944
572.663764
572.670034
572.739225
572.789188
572.807027
572.826210
572.876604
573.018093
573.057553
573.072552
573.181204
573.295485
573.372952
573.382740
573.530590
573.534146
573.576108
573.671380
573.756290
573.772927
573.906412
573.919298
573.928360
573.991415
574.023089
574.064152
574.065947
574.076263
574.098027
574.101707
574.116142
574.185071
574.217582
574.227522
574.255962
574.257300
574.279894
574.370700
574.372989
574.383916
574.430990
574.434998
574.440937
574.538766
574.542216
574.549528
574.728894
574.757261
574.769172
574.799467
574.800416
574.801803
574.834214
574.847219
574.856002
574.876704
574.881441
574.892492
574.911500
574.976049
574.978362
574.999912
575.087044
575.091335
575.128944
575.140194
575.233409
575.247768
575.311240
575.313697
575.403901
575.539159
575.557475
575.576878
575.622419
575.655172
575.679349
575.749909
575.756797
575.760329
575.800682
575.846023
575.941953
576.143668
576.156858
576.169937
576.209239
576.220846
576.227695
576.250095
576.285639
576.290080
576.326512
576.438883
576.457720
576.490965
576.517085
576.708307
576.711275
576.712514
576.730817
576.806393
576.852760
576.871118
576.919800
576.951410
576.953440
576.963105
577.050947
577.062959
577.154941
577.207177
577.248009
577.301826
577.301949
577.340022
577.395276
577.682714
577.866636
578.006964
578.013099
578.074940
578.156201
578.198191
578.262853
578.268092
578.284438
578.295779
578.298652
578.306659
578.327959
578.335450
578.364468
578.413650
578.451198
578.482219
578.521571
578.595032
578.600661
578.625525
578.626298
578.626890
578.640612
578.711213
578.727997
578.744251
578.803392
578.808766
578.811472
578.845523
578.845697
578.845810
578.877384
578.979500
579.015197
579.044171
579.065459
579.121460
579.122017
579.156139
579.170806
579.268723
579.319991
579.327986
579.339739
579.392983
579.406720
579.514458
579.537500
579.544119
579.640228
579.648942
579.677220
579.808584
579.871117
579.877281
579.922310
579.926876
579.986177
580.045690
580.158851
580.185633
580.189719
580.216639
580.287409
580.318548
580.340518
580.369248
580.533211
580.609044
580.637160
580.667171
580.712703
580.741444
580.773268
580.863288
580.865135
580.952974
581.015235
581.186323
581.222662
581.245720
581.247335
581.261583
581.350655
581.358505
581.409381
581.635138
581.749073
581.831168
581.949523
581.997834
582.006296
582.039085
582.083343
582.151033
582.166725
582.215452
582.430222
582.463770
582.556997
582.605470
582.757113
582.878831
582.880974
582.892966
582.943834
582.981169
583.064934
583.163812
583.164228
583.167982
583.185116
583.195690
583.241654
583.259423
583.288585
583.332629
583.347067
583.436779
583.469021
583.512258
583.588310
583.607629
583.648193
583.714865
583.741749
583.834180
584.011056
584.020135
584.049555
584.073580
584.085048
584.108333
584.116106
584.122774
584.159716
584.217765
584.219634
584.227338
584.321580
584.346172
584.494735
584.580478
584.638414
584.722507
584.903351
584.921943
585.060701
585.062421
585.171275
585.186303
585.298814
585.323503
585.444580
585.507851
585.523494
585.533978
585.537242
585.660215
585.850096
585.870220
585.874982
585.884667
585.885454
585.907465
585.950184
585.952224
585.958963
585.970763
585.989562
585.990998
586.014090
586.055918
586.077720
586.108098
586.179214
586.333065
586.360257
586.379750
586.387429
586.456427
586.644778
586.697026
586.707721
586.745739
586.754488
586.871736
586.940846
587.053465
587.272152
587.277024
587.287682
587.329466
587.345954
587.360039
587.392769
587.397085
587.546214
587.550160
587.582374
587.610959
587.661835
587.789576
587.827860
587.831886
587.912519
587.988083
588.118885
588.153879
588.157584
588.168317
588.290603
588.374695
588.386056
588.387148
588.429132
588.469120
588.503583
588.579343
588.597878
588.632046
588.892872
588.937403
588.959684
589.085122
589.087793
589.115268
589.130376
589.142237
589.160121
589.166096
589.179751
589.208976
589.231625
589.298119
589.302163
589.316715
589.403891
589.406684
589.434185
589.447174
589.458142
589.495232
589.550036
589.593563
589.681655
589.699984
589.825377
589.896218
589.980240
589.980371
590.043267
590.066751
590.108392
590.179826
590.234575
590.259282
590.268824
590.400336
590.445724
590.469345
590.474723
590.565360
590.585709
590.595978
590.604428
590.671065
590.710502
590.740537
590.753030
590.875137
590.889385
590.960041
591.069686
591.137815
591.199107
591.240787
591.407496
591.491645
591.518227
591.651645
591.760215
591.771130
591.791694
591.886939
591.937003
591.971879
592.008924
592.024732
592.054617
592.197659
592.232814
592.295464
592.344542
592.444260
592.487833
592.492482
592.626967
592.655493
592.677516
592.684374
592.741490
592.762480
592.788774
592.874474
592.881354
592.909853
592.935884
592.958377
592.970849
593.058470
593.232808
593.245937
593.336034
593.359004
593.465140
593.513678
593.530588
593.607704
593.807155
593.808659
593.832176
593.854267
593.978849
594.002052
594.089653
594.094787
594.195251
594.284090
594.360565
594.408731
594.436972
594.460962
594.483029
594.574393
594.657048
594.843656
594.981166
595.004123
595.047194
595.047592
595.069940
595.160234
595.176688
595.304499
595.336940
595.398133
595.408024
595.442738
595.469070
595.503042
595.644156
595.659803
595.674691
595.678839
595.772505
595.818336
595.847272
595.905793
596.059837
596.091790
596.117480
596.158685
596.165492
596.233207
596.291335
596.302422
596.455807
596.495125
596.559666
596.653363
596.674340
596.705154
596.749459
596.769387
596.868832
596.879209
596.937595
596.958755
596.981625
597.000741
597.031013
597.223559
597.250077
597.288840
597.291551
597.291984
597.398729
597.412781
597.515510
597.592286
597.600809
597.643166
597.721994
597.723950
597.731674
597.748367
597.788548
597.803225
597.819496
597.855167
597.949570
598.040022
598.061883
598.075338
598.097642
598.214895
598.239383
598.259603
598.386715
598.427350
598.559789
598.582521
598.637911
598.673018
598.812776
598.829566
598.932264
598.964557
598.986918
599.074039
599.103565
599.150960
599.194803
599.234589
599.443905
599.468756
599.540502
599.547236
599.578358
599.649667
599.723115
599.751963
599.770513
599.778945
