1.518475153865606053e+00
1.656635137080719744e+00
2.085639159357211003e+00
2.759115484988894362e+00
4.636984958660228529e+00
4.976348678356846023e+00
6.175348288740734048e+00
7.294789929436151787e+00
7.605223024637252749e+00
7.625738023228556983e+00
9.150074981714828581e+00
9.428755706020275795e+00
1.031655633456551868e+01
1.078268213902262573e+01
1.106608420635983947e+01
1.120445662476432602e+01
1.223254246642917487e+01
1.356818667316142069e+01
1.393512381599931693e+01
1.544362537499680599e+01
1.550451635058230870e+01
1.742508365045983965e+01
1.906750508580709180e+01
1.951547789558385659e+01
2.221339552022710961e+01
2.236519310393124726e+01
2.309397294863789796e+01
2.353691440267978763e+01
2.524198949851464846e+01
2.560423949813039712e+01
2.654775061557585047e+01
2.708693101632249167e+01
2.793083034176976298e+01
2.810243034842774179e+01
2.819458195226069819e+01
2.915294813123055917e+01
2.930163420191516011e+01
3.044146285980963285e+01
3.236742809799133624e+01
3.301557735830302676e+01
3.404205637217672376e+01
3.476071785753891419e+01
3.587827378149051327e+01
3.595961020010484077e+01
3.661147045343364681e+01
3.811815379556543348e+01
4.125628324379797363e+01
4.184815819561254813e+01
4.202520457095720730e+01
4.227726749242879123e+01
4.346846162736692776e+01
4.679835610086079356e+01
4.680559213273095764e+01
4.824241542524959669e+01
4.836638617620132408e+01
4.848861422838412949e+01
5.084782400582774642e+01
5.115723710618745912e+01
5.230992870149743368e+01
5.313320382211468029e+01
5.454749016213018820e+01
5.502135295603014242e+01
5.545633665765811315e+01
5.595555311995627079e+01
5.597101766581074855e+01
5.857289633941334728e+01
5.879485872574355909e+01
5.961470446025172265e+01
5.990213464750792127e+01
6.370173320348284562e+01
6.474630824905295867e+01
6.663234314121908142e+01
6.728079283816794032e+01
6.794873255938138357e+01
6.838054876258250658e+01
6.863944964748674238e+01
7.117472624904002032e+01
7.129126319771989984e+01
7.186856720009173216e+01
7.255568727013550756e+01
7.261658145345012372e+01
7.319689301372507373e+01
7.478766874466248282e+01
7.553468874760925189e+01
7.738248831454667709e+01
7.763399448000507164e+01
7.956071030451764159e+01
8.124967537862227118e+01
8.140470953216876637e+01
8.359393927098342658e+01
8.423170873225673461e+01
8.428035290621423314e+01
8.545214831324028637e+01
8.596237563848532659e+01
8.692543587413041450e+01
8.736874205941256832e+01
8.764339456056544009e+01
8.807755327934800960e+01
8.833466762087570601e+01
9.026349294503090448e+01
9.127267288786131871e+01
9.138413075201120250e+01
9.329469651469865710e+01
9.351332282682328412e+01
9.430679432289799990e+01
9.507660154688329612e+01
9.540104249155916705e+01
9.623401949152075474e+01
9.688694188237379024e+01
9.696087960622656965e+01
9.755499660802411199e+01
9.759909922897929846e+01
9.761990944778031576e+01
9.926940745579474878e+01
1.012845514210883806e+02
1.013985470554607389e+02
1.017089373146102105e+02
1.023199053150775484e+02
1.047628723837982676e+02
1.070259980080767832e+02
1.075397185632817809e+02
1.078473453659265431e+02
1.080571924233788650e+02
1.090888807137881997e+02
1.099085529881075161e+02
1.103147409178300506e+02
1.103349398157759680e+02
1.110476100766333190e+02
1.126748857919832005e+02
1.155293185805775806e+02
1.160206038901612260e+02
1.166031869068445985e+02
1.179293174000281255e+02
1.226858833242809652e+02
1.231148769106889205e+02
1.252233009446336922e+02
1.281323365878768925e+02
1.282623055075648892e+02
1.284552444951943073e+02
1.295835055926347366e+02
1.316914262116908390e+02
1.320457481218803935e+02
1.368209952651107812e+02
1.396794054397380478e+02
1.416644775485847845e+02
1.468358280832688934e+02
1.477553081456591713e+02
1.481386789093172354e+02
1.485530730333810538e+02
1.491745517677156272e+02
1.504548884061598812e+02
1.507911279315576394e+02
1.508037069686584459e+02
1.525712073494108267e+02
1.532241907732697257e+02
1.534027196582813417e+02
1.536279174897842950e+02
1.542703315240834741e+02
1.548901044903585955e+02
1.554988957091210295e+02
1.556371865230098308e+02
1.560204063533432475e+02
1.566729780164413057e+02
1.568198488145982310e+02
1.574269294896713518e+02
1.588951735068019389e+02
1.594063894704443953e+02
1.607324052224275306e+02
1.618026725746952081e+02
1.621905364830319627e+02
1.627933904122729984e+02
1.628088249474745339e+02
1.640130838029838856e+02
1.646201368099758326e+02
1.665602434798387037e+02
1.670403787375050513e+02
1.683831592708488643e+02
1.704925810006414792e+02
1.710183510268094835e+02
1.730711653879077403e+02
1.734840422988521880e+02
1.772499781707032298e+02
1.772678829564725334e+02
1.777243706586127416e+02
1.793699936433255289e+02
1.795975452591109729e+02
1.803345035229626490e+02
1.819287178978769930e+02
1.822634555704315176e+02
1.828693001939690532e+02
1.835558684167138495e+02
1.845021680097509318e+02
1.868671427457000789e+02
1.869894380482673739e+02
1.893415877991788534e+02
1.896917491780738487e+02
1.899304371819803805e+02
1.900211269531270375e+02
1.900589132282684091e+02
1.909231233791341253e+02
1.912289704494619684e+02
1.912672414065639259e+02
1.926094938462863411e+02
1.935518371228349679e+02
1.936416887721503315e+02
1.948898697141644050e+02
1.949891792333295371e+02
1.955883778507801480e+02
1.972838676901030226e+02
1.979952138102537162e+02
1.987566853061945835e+02
1.990505307324167461e+02
2.016406642217635579e+02
2.032693085526847199e+02
2.052699079536470776e+02
2.072813214307397800e+02
2.075685593078079876e+02
2.087922618281093889e+02
2.088089390024919112e+02
2.091047222985803842e+02
2.105900631773110092e+02
2.107452251961327931e+02
2.109056876685533553e+02
2.120572031542851335e+02
2.124217733388136367e+02
2.136537664042607503e+02
2.139734361668984945e+02
2.167356345784515952e+02
2.177867036610718117e+02
2.178274001167984579e+02
2.184649045835578818e+02
2.187021504122961915e+02
2.188818535014192150e+02
2.195981825434215295e+02
2.222305853262613198e+02
2.239474215354072442e+02
2.266653415629145911e+02
2.282355145850692395e+02
2.284858845986152858e+02
2.309980659295832481e+02
2.312901539863682956e+02
2.313811040057837261e+02
2.316734307889972229e+02
2.325398470083343625e+02
2.339626637572871459e+02
2.355527884179040825e+02
2.384433910624945270e+02
2.385558584306110959e+02
2.387378008308303095e+02
2.394885536900325462e+02
2.406590942262118915e+02
2.411016230697343303e+02
2.422320465492187509e+02
2.424361138693250837e+02
2.425192044349383309e+02
2.428083466435540743e+02
2.430340184037542315e+02
2.446384285364502489e+02
2.451666600603647623e+02
2.454044297767479463e+02
2.467801681978974671e+02
2.486212527455788006e+02
2.497327922401265141e+02
2.505907486767713976e+02
2.507940361536617502e+02
2.547670231482533723e+02
2.553410014550570679e+02
2.559028366402080223e+02
2.582191749769030480e+02
2.589310277626780703e+02
2.598528437324805509e+02
2.601216955740310937e+02
2.614381770563153395e+02
2.632018060142942772e+02
2.632119215783866366e+02
2.661259272795351762e+02
2.661638227728979587e+02
2.670016025452698614e+02
2.676139665531339915e+02
2.677676995469933559e+02
2.684482051282946600e+02
2.688273899770479716e+02
2.691330779857731272e+02
2.691647273859980487e+02
2.695662565581237686e+02
2.701254171489991336e+02
2.722699421778278861e+02
2.724797657899961223e+02
2.727961206236346356e+02
2.739721657669413730e+02
2.744593170661345312e+02
2.765622705069350218e+02
2.774080854835688115e+02
2.784955687763176115e+02
2.789092957027719422e+02
2.808464322482342936e+02
2.810189966210203352e+02
2.818496824692567202e+02
2.821375753058742930e+02
2.828729111737557673e+02
2.846656611759999578e+02
2.861785731007761910e+02
2.887341884826333853e+02
2.887945244033775225e+02
2.890859931267758611e+02
2.896896099223678220e+02
2.899964457131008544e+02
2.908753883293675813e+02
2.909729556485983153e+02
2.915346248162882148e+02
2.919031664257336729e+02
2.927556238387603571e+02
2.956951362331802216e+02
2.960660809801551636e+02
2.970161550312789700e+02
3.032512954440895214e+02
3.034060934302257238e+02
3.036463424069448820e+02
3.043180465889267339e+02
3.054665476954648966e+02
3.069815807207477860e+02
3.079533931624865204e+02
3.122186406956910218e+02
3.129479735851728606e+02
3.135912029316133385e+02
3.136339141024373589e+02
3.138007926065258175e+02
3.168909827045512202e+02
3.172676280049932984e+02
3.208083902625496648e+02
3.211706242201289569e+02
3.213565945380686912e+02
3.218289019092580361e+02
3.221389694206196737e+02
3.233203910894954447e+02
3.244046341925699153e+02
3.250502150096006062e+02
3.252320418344992277e+02
3.254513142255575531e+02
3.273618309146071397e+02
3.273860030358400763e+02
3.283328882267784934e+02
3.293502481953004235e+02
3.302334004132279688e+02
3.303368028368370801e+02
3.309371606507797878e+02
3.333592446918453902e+02
3.348217921520748632e+02
3.351201049282817621e+02
3.352578740331314862e+02
3.354494482864968745e+02
3.356453748804215707e+02
3.428975046158507780e+02
3.487850818034673921e+02
3.488803281244288996e+02
3.519605609730045330e+02
3.532318631339168178e+02
3.564363479171283871e+02
3.587373404367889407e+02
3.670787515558357654e+02
3.743192968503472571e+02
3.750728694493785724e+02
3.832143548943398059e+02
3.839801690837828687e+02
3.842889568776690794e+02
3.845564324320199603e+02
3.846103717713919536e+02
3.857136258845582120e+02
3.879632315094193586e+02
3.928582848858983425e+02
3.956926890881284180e+02
3.957940912771244939e+02
3.960148803091835248e+02
3.985993636109748195e+02
4.022410620759053472e+02
4.052745037656235922e+02
4.060056684078158469e+02
4.067918035953784965e+02
4.111926441200672571e+02
4.116054257378349348e+02
4.122812387268360794e+02
4.123837843879413754e+02
4.124611738571112483e+02
4.128778756592747641e+02
4.158307913402322811e+02
4.164509778619565736e+02
4.167605036202489259e+02
4.195514203192120135e+02
4.237853030734279400e+02
4.258800187283369496e+02
4.272666027740929167e+02
4.286982082125055058e+02
4.301554947713918864e+02
4.324591504120131162e+02
4.345336565934959481e+02
4.363623194303319792e+02
4.366970258357138732e+02
4.374758671474550056e+02
4.391095214819946477e+02
4.405981925982379153e+02
4.420415312341697245e+02
4.422521487261975608e+02
4.474847625350496969e+02
4.477875312872577069e+02
4.483260914107744384e+02
4.509408775740263309e+02
4.515757117343571281e+02
4.569293532510446312e+02
4.583103327258899640e+02
4.608289099032360809e+02
4.636850367947804443e+02
4.647679994118361719e+02
4.648586646971206733e+02
4.661562853203962504e+02
4.663062157534202470e+02
4.675212749207415186e+02
4.720313664369858202e+02
4.726422533627636540e+02
4.750106295291478773e+02
4.750968335552615827e+02
4.752942935769300448e+02
4.757326743820390220e+02
4.835162238703056801e+02
4.847550294156649215e+02
4.854654189948782914e+02
4.860397793404609956e+02
4.877579747142709152e+02
4.882674240252190430e+02
4.886828540339652136e+02
4.888195914405787335e+02
4.895511636509397704e+02
4.905280952602931279e+02
4.927257834618947072e+02
4.929864655327059495e+02
4.947630906348190365e+02
4.976080894856835357e+02
4.980592130153194148e+02
5.017555368231115267e+02
5.049020320249070437e+02
5.054193517661637998e+02
5.087246066953851482e+02
5.090211496092451853e+02
5.094485142059235159e+02
5.102907394377359651e+02
5.110973578140070686e+02
5.118726681469488540e+02
5.143787768100187350e+02
5.205213131411657059e+02
5.213690750087305332e+02
5.238134637796269999e+02
5.251844254922575601e+02
5.252613203374492059e+02
5.257123588313040727e+02
5.260134555776825209e+02
5.263628622254046832e+02
5.273538331393107228e+02
5.284531895152416610e+02
5.329238882225990892e+02
5.331440747782310154e+02
5.368854428383662025e+02
5.374737131177545280e+02
5.410442791154546285e+02
5.420504217801792493e+02
5.438398701772507593e+02
5.441385059120846108e+02
5.443405447766807583e+02
5.465580177871069054e+02
5.479372398323224616e+02
5.534625932908363666e+02
5.566381752033021257e+02
5.569469523564966948e+02
5.575238255529035314e+02
5.605797384568380721e+02
5.632416040581158541e+02
5.663112548274898472e+02
5.670791351672748988e+02
5.673429341094213214e+02
5.686569685488601635e+02
5.703474031472967454e+02
5.707658720038700721e+02
5.716051925868191574e+02
5.716145929257791067e+02
5.719063155284208051e+02
5.792271976810693559e+02
5.820690724274872991e+02
5.824394426329574799e+02
5.841745732151575794e+02
5.850185901152415227e+02
5.851234452229675753e+02
5.851821440812668698e+02
5.864595841989582823e+02
5.883571691471743179e+02
5.886517645423625709e+02
5.889667618321834652e+02
5.907907606857297651e+02
5.909636480122917419e+02
5.923184422998499485e+02
5.958003191468612840e+02
5.958632233438809180e+02
5.959918735503526932e+02
5.971515426002019922e+02
5.978894388357900880e+02
6.043633997003645391e+02
6.060213593333179460e+02
6.079100923491755566e+02
6.086348028940017230e+02
6.110049608671794203e+02
6.117936419523297218e+02
6.122605848799436217e+02
6.135656010318567724e+02
6.169126489952781185e+02
6.183233879564591007e+02
6.227589984325991281e+02
6.245277095846615794e+02
6.260760864262271070e+02
6.266107601271166914e+02
6.321516034019327890e+02
6.340672776598887594e+02
6.359286395457753542e+02
6.361907613301802940e+02
6.384137516873316827e+02
6.386639165731947969e+02
6.387478245454484522e+02
6.402045685351922657e+02
6.409114426760309016e+02
6.416481517948230930e+02
6.441220442787114280e+02
6.451250673310584034e+02
6.455708080536883244e+02
6.506805189216493090e+02
6.516959613604889228e+02
6.531031452830241051e+02
6.545640253197434504e+02
6.553563058069131557e+02
6.576867056426012823e+02
6.619001155217378027e+02
6.628047970010130712e+02
6.634344020989633464e+02
6.638892484526732005e+02
6.685928416510388388e+02
6.720436856334579261e+02
6.727411510904189527e+02
6.742044305229593419e+02
6.757310833032062192e+02
6.774733164896874769e+02
6.807729692848142804e+02
6.820221215792118983e+02
6.830632944441611016e+02
6.835771017095876232e+02
6.966237496749535012e+02
6.982492056533743607e+02
6.986254830862524159e+02
7.037001849971589991e+02
7.044766401069900894e+02
7.051762676419790523e+02
7.074488154098521591e+02
7.092809583144226053e+02
7.106740918709317612e+02
7.111416308374145956e+02
7.129390100634149121e+02
7.131852489313868091e+02
7.142672569893064747e+02
7.176732135299197353e+02
7.189628346963810372e+02
7.210448598637191253e+02
7.244458507012996051e+02
7.254729108871856624e+02
7.312424766071187605e+02
7.342237100470364339e+02
7.351632405930280356e+02
7.377407268714783868e+02
7.382336304098176925e+02
7.387604148399443602e+02
7.406079479384910655e+02
7.421884920788617137e+02
7.453568955573064159e+02
7.476348879238614700e+02
7.477854281978609379e+02
7.495326596787172093e+02
7.510251812564570173e+02
7.535032326346997706e+02
7.541968467479432547e+02
7.560490503335979611e+02
7.560923102711379897e+02
7.596340455795947264e+02
7.597851799365068928e+02
7.655720516323456195e+02
7.666295116807882550e+02
7.682813914606158505e+02
7.769753060563898543e+02
7.780777360662145838e+02
7.782392146056405409e+02
7.818523903352639763e+02
7.840245587807369247e+02
7.854384721373687626e+02
7.854764314590887579e+02
7.860928654060394365e+02
7.866260100683620067e+02
7.883701168472723566e+02
7.900202562950177025e+02
7.922624234409643122e+02
8.002673215563081612e+02
8.014719586778398934e+02
8.015102053217569846e+02
8.037306957433468142e+02
8.071184485888095423e+02
8.112239304297670515e+02
8.140048757653657958e+02
8.177158525165079936e+02
8.242412814401269543e+02
8.244779071150975369e+02
8.265411767020857496e+02
8.306962245541531047e+02
8.316955175206917374e+02
8.350959038223429616e+02
8.367513715822015001e+02
8.398231196727127781e+02
8.418603839379184137e+02
8.431659992345498722e+02
8.438703027390232592e+02
8.514986114133413366e+02
8.526356769407126421e+02
8.548942172032234339e+02
8.556544500955619696e+02
8.587091126240235326e+02
8.594167128765159305e+02
8.598191668501224285e+02
8.620735872320331055e+02
8.629960807975035095e+02
8.671581842219684404e+02
8.685620513061597876e+02
8.690365229718036062e+02
8.712476083481244586e+02
8.762617201595439838e+02
8.779762875484483402e+02
8.798185450062039763e+02
8.834297189647284085e+02
8.848561870972926044e+02
8.849399739875772184e+02
8.862153081776166346e+02
8.909743193443810014e+02
8.940097725856430770e+02
8.961828387944833594e+02
8.989910511221715979e+02
8.999153019858391644e+02
9.155470610467281176e+02
9.190124911418303100e+02
9.199488802100332805e+02
9.240701236984926936e+02
9.305347417861211170e+02
9.336116706504157037e+02
9.344510474217610181e+02
9.372891670456633619e+02
9.382740908386691672e+02
9.403244030816922532e+02
9.458577417552995712e+02
9.463088145822606521e+02
9.482044119778666982e+02
9.512662762170197084e+02
9.520120785884264478e+02
9.543699198496980216e+02
9.559701072153917494e+02
9.561131245672570458e+02
9.711680375207984071e+02
9.727229197245241039e+02
9.737873185153524673e+02
9.763921964291291715e+02
9.773708481134819976e+02
9.839937280980852847e+02
9.851327717396172829e+02
9.855285506081540916e+02
9.865891659720766711e+02
9.967061534924168882e+02
9.971037709212730533e+02
1.000981283458176222e+03
1.004660479962898535e+03
1.006829017769353868e+03
1.008924688919590494e+03
1.019356679713722542e+03
1.023119048096898496e+03
1.023552274244180580e+03
1.027630931584925065e+03
1.029497863868903778e+03
1.041472856565047550e+03
1.044342030556445252e+03
1.052283113605336439e+03
1.057353416871076433e+03
1.059776829765475668e+03
1.067028867904178924e+03
1.071233491400673529e+03
1.071483806840969919e+03
1.072341933953973694e+03
1.074371466426783627e+03
1.078691622182353285e+03
1.081732445807066142e+03
1.083186012732489871e+03
1.093775172399480425e+03
1.100592965977329186e+03
1.104450816667178742e+03
1.119260242561093264e+03
1.122336194787017803e+03
1.123631842255299034e+03
1.128068357966905978e+03
1.130847879957580972e+03
1.142962333756390535e+03
1.145121621284783942e+03
1.149185822336318779e+03
1.152548633027481628e+03
1.159652137768194052e+03
1.169029627387927576e+03
1.178812796738275665e+03
1.178858743274347717e+03
1.181502137046311418e+03
1.189508073199953742e+03
1.190841129982610710e+03
1.194713585072581964e+03
1.195954574637893984e+03
1.196988069716983546e+03
1.210059730420733786e+03
1.235069412212509178e+03
1.241781621799016193e+03
1.245502463919825459e+03
1.249096782859711311e+03
1.249279739379297780e+03
1.260488196014323421e+03
1.269663808544045196e+03
1.274546741944339828e+03
1.290413362249242709e+03
1.293516620338664552e+03
1.300471684397125955e+03
1.302624524614772326e+03
1.307649145237050789e+03
1.313083328827472315e+03
1.315167366411963485e+03
1.317733532226790658e+03
1.331740472571065538e+03
1.338803935700881993e+03
1.350816117027743758e+03
1.356919627430735773e+03
1.360038327592896394e+03
1.363065858334196491e+03
1.370966905461395072e+03
1.386021826778553987e+03
1.387271398774197678e+03
1.388312415921425327e+03
1.399559166208860006e+03
1.423183887771803029e+03
1.424282814052875437e+03
1.428737605722207263e+03
1.436579163367359342e+03
1.438207556781088897e+03
1.444372416069414612e+03
1.444979831841473242e+03
1.463029691028524894e+03
1.463160162243932518e+03
1.468167774915287282e+03
1.469872371982370623e+03
1.471941633289364063e+03
1.481949637084042479e+03
1.505433055146252173e+03
1.533971413752226681e+03
1.537398804360979966e+03
1.538246598699594642e+03
1.544975228204632231e+03
1.545761712874278373e+03
1.546005420934824087e+03
1.554479315040427764e+03
1.568775418569792464e+03
1.575539717672085771e+03
1.603708798051175791e+03
1.619186187168110109e+03
1.620255425029092066e+03
1.627239201390715834e+03
1.635251811421239609e+03
1.638601741093239752e+03
1.651766603665339744e+03
1.655651417137821682e+03
1.662817333004278908e+03
1.669539955076762681e+03
1.672886508050043858e+03
1.675017538429836122e+03
1.675868949605039234e+03
1.677382630723478769e+03
1.682014513914856707e+03
1.683436270630394347e+03
1.692344289865589190e+03
1.708184533340129974e+03
1.708995247163067688e+03
1.712171590294019552e+03
1.716010960963822299e+03
1.716675770517919773e+03
1.720933270687416780e+03
1.739188609733866087e+03
1.751669425933780303e+03
1.753935687520355486e+03
1.760968908618638579e+03
1.761637172683245353e+03
1.772535168400088423e+03
1.776252564785211689e+03
1.776749814353188640e+03
1.777670553872032997e+03
1.779635484745083659e+03
1.780310104430704541e+03
1.784185001883544601e+03
1.795452359688700426e+03
1.801389606901380830e+03
1.803928336976500077e+03
1.810964900354428437e+03
1.819712591828505765e+03
1.820122943216528256e+03
1.825604900423593108e+03
1.842257106113939926e+03
1.844598818325933962e+03
1.852916095951866964e+03
1.853410790060925365e+03
1.857206316199100002e+03
1.861541892144602116e+03
1.862971677928675717e+03
1.867381446881994634e+03
1.900049751507343217e+03
1.900559172493770348e+03
1.903903798309788272e+03
1.904085960568868359e+03
1.908718169734989942e+03
1.919450608077283050e+03
1.924387237118107123e+03
1.925677634851364473e+03
1.935665382266942061e+03
1.935731854839807966e+03
1.935986650424408253e+03
1.941620083532999843e+03
1.949510331821843920e+03
1.950658503099372865e+03
1.957317080798273992e+03
1.961218680881376940e+03
1.969452339978784948e+03
1.974176505083413076e+03
1.978615505196013146e+03
1.989679286375859192e+03
1.999061211605013114e+03
2.021250374432924446e+03
2.024988141119753436e+03
2.032658285008503299e+03
2.040856034579403513e+03
2.069416286832214155e+03
2.074453770320430067e+03
2.075956684923828107e+03
2.088321095240836712e+03
2.099062275553784275e+03
2.103900577053220786e+03
2.105913161326309364e+03
2.107615906698103572e+03
2.107959661162145949e+03
2.108128797751045113e+03
2.125652559256340282e+03
2.129832417827803511e+03
2.131232574595372171e+03
2.146572073779213952e+03
2.146845779209857028e+03
2.153563398616300219e+03
2.154578439148581310e+03
2.161495288624746081e+03
2.162365876543808099e+03
2.166591648579884804e+03
2.169322438976421381e+03
2.171454834314018171e+03
2.172951657299836370e+03
2.181223401943066165e+03
2.187944319078304034e+03
2.211992794883925853e+03
2.219155058885536619e+03
2.222620251329428811e+03
2.267892099392465298e+03
2.293199862971704533e+03
2.295823832355562445e+03
2.297677182573045229e+03
2.300425540971193641e+03
2.301567823079618393e+03
2.314791668654219393e+03
2.316680079556697819e+03
2.339974825611956931e+03
2.349065959370097517e+03
2.356708940431885821e+03
2.358535686304055162e+03
2.368900745556336005e+03
2.383834638640089906e+03
2.403298748597544090e+03
2.405517202964239914e+03
2.406740792496035283e+03
2.409354940518385320e+03
2.410183793575739855e+03
2.411102290414647996e+03
2.411828043410551800e+03
2.414089790032516703e+03
2.415427744045275176e+03
2.419606902239682768e+03
2.422541334520742566e+03
2.423085960488762794e+03
2.424839600377537863e+03
2.427474621997990198e+03
2.431979475940131579e+03
2.435325324867042127e+03
2.436170065733183492e+03
2.441045589275688599e+03
2.441065689020642367e+03
2.441806822221847142e+03
2.442033952729935663e+03
2.449885010626823714e+03
2.451503785754491219e+03
2.452611383587034652e+03
2.454172603538199837e+03
2.455539878651585695e+03
2.461926381528181082e+03
2.464482113577227210e+03
2.466362832545880792e+03
2.469002651186310686e+03
2.473604732904396315e+03
2.473920609971732119e+03
2.474900402657755876e+03
2.477366305629960607e+03
2.477827030029387970e+03
2.478679213289947711e+03
2.480419092246862874e+03
2.480603207815483984e+03
2.481643541168989032e+03
2.481692197955810570e+03
2.482216566206161588e+03
2.486608121031209976e+03
2.488339727862575273e+03
2.489136514686952523e+03
2.489204702211765380e+03
2.494587101349183285e+03
2.495625750879621137e+03
2.495730141972976526e+03
2.500273167245088189e+03
2.501962489130419726e+03
2.502545205509362859e+03
2.506701814939484848e+03
2.508292169082008058e+03
2.513907722450180245e+03
2.514941558474849444e+03
2.516788684212593125e+03
2.522823495657371950e+03
2.525631157467621961e+03
2.526427365177749380e+03
2.527564051340770220e+03
2.530448201581124067e+03
2.530837958740595241e+03
2.533801731887386723e+03
2.542264264997239025e+03
2.542815120659729928e+03
2.546229359474853936e+03
2.546827489092941960e+03
2.548647394861859539e+03
2.548909874160370691e+03
2.555675311584851443e+03
2.557707054690805762e+03
2.561847387712601176e+03
2.562490264398260024e+03
2.562570284213507421e+03
2.565614154255594258e+03
2.566253400754737868e+03
2.569921392089069286e+03
2.570383569165788685e+03
2.572954942654276238e+03
2.577069200060725962e+03
2.577088482754442339e+03
2.578523379210076655e+03
2.578880963544615952e+03
2.579052854675066556e+03
2.579223930651092360e+03
2.580155058130096222e+03
2.580945632839916470e+03
2.587244672354740032e+03
2.590043465947844197e+03
2.595426116505559094e+03
2.597635010013215378e+03
2.599101349608794408e+03
2.599511002363876742e+03
2.606520718928321003e+03
2.607682969355355908e+03
2.608408941256328035e+03
2.608886632763441867e+03
2.609226080174052186e+03
2.611672551754706546e+03
2.615713771555273524e+03
2.617430031458628491e+03
2.618456626861081077e+03
2.619667465922868359e+03
2.619771629163074977e+03
2.621410084927911157e+03
2.629081738247928115e+03
2.631273661123746479e+03
2.637216949451689288e+03
2.639824763690693544e+03
2.639956576784194567e+03
2.641968344358434933e+03
2.645233068521532459e+03
2.645730695302259846e+03
2.648674642245203358e+03
2.648922541112160616e+03
2.650479071039789687e+03
2.653364819560521028e+03
2.654758695469595750e+03
2.658612795296794047e+03
2.660540392769373739e+03
2.661883750762922318e+03
2.662167023268754747e+03
2.667801513323092422e+03
2.668365668068227478e+03
2.670005592554431587e+03
2.674289641968149681e+03
2.674323583777487784e+03
2.674646489276412467e+03
2.675194072638672878e+03
2.677318858612959048e+03
2.677574495224699604e+03
2.681048921797427283e+03
2.683217801905983833e+03
2.683279946734030091e+03
2.684535992088647163e+03
2.685071206146240911e+03
2.691317473549610440e+03
2.695320654211065630e+03
2.696300402398994265e+03
2.701481994280322851e+03
2.701727598149436290e+03
2.701915761515050235e+03
2.702268862493442612e+03
2.702931254225755310e+03
2.703486161972430182e+03
2.705362180420024288e+03
2.705469774802908432e+03
2.706380823255115956e+03
2.706637065458698999e+03
2.707091575813900818e+03
2.707320234466961210e+03
2.707376074937640624e+03
2.707692619741930685e+03
2.707743572084846164e+03
2.708774184910367694e+03
2.708992076961803377e+03
2.709116117909050899e+03
2.709195750661741840e+03
2.709340224865353321e+03
2.709475843447692569e+03
2.709757853847375372e+03
2.709960932637409769e+03
2.710848114157428427e+03
2.711001428080062851e+03
2.711803062200553086e+03
2.711885647604507085e+03
2.712032757423744897e+03
2.712471857715117494e+03
2.712627956890908536e+03
2.713023759856445849e+03
2.713722610143753627e+03
2.714463611658166883e+03
2.715591385095441638e+03
2.717126056826794411e+03
2.717352802969018740e+03
2.718042702780235686e+03
2.718080217086868288e+03
2.718105625197169047e+03
2.718404888133200529e+03
2.719262681122540016e+03
2.720205180440631466e+03
2.720283769077664601e+03
2.720351117731551767e+03
2.720451692815648130e+03
2.720827152823827873e+03
2.721659522693752933e+03
2.721734066338367484e+03
2.721958777130533235e+03
2.722049024199003725e+03
2.722839257847090266e+03
2.723573549146506139e+03
2.723825810696695953e+03
2.724034453915402537e+03
2.724275784915375880e+03
2.724313864772294437e+03
2.724488994609177098e+03
2.724714313684752597e+03
2.725697474878929370e+03
2.726096027973423134e+03
2.726292824029151689e+03
2.726359949743450215e+03
2.726737329634805064e+03
2.726823300693677993e+03
2.727446051219326364e+03
2.728170214736825528e+03
2.728660594150400357e+03
2.728714366656048696e+03
2.729002934894016107e+03
2.730426248534764909e+03
2.730752918397203757e+03
2.731232894815249892e+03
2.731370352100319906e+03
2.731479053525452400e+03
2.731699405278523045e+03
2.731977909092397113e+03
2.732063076928423015e+03
2.732094191648087417e+03
2.733142233939418475e+03
2.733575885819318501e+03
2.734909919365642963e+03
2.735192456688718266e+03
2.736062716611182623e+03
2.736565828001084355e+03
2.736632974203007961e+03
2.737555737660765317e+03
2.738314045090570289e+03
2.738518286836237621e+03
2.738660960242033525e+03
2.738854476384841291e+03
2.739025872039189380e+03
2.739262098215504921e+03
2.739373463304716097e+03
2.739470305538177854e+03
2.739757401822554584e+03
2.739814726212918231e+03
2.740549886746446646e+03
2.740931925767019948e+03
2.741895376426894018e+03
2.742748662870454154e+03
2.743912197648674919e+03
2.744502960288626582e+03
2.745317367534270034e+03
2.745607455938594285e+03
2.745724803999125015e+03
2.746168771901956461e+03
2.747581531587922200e+03
2.747863404033956613e+03
2.748227968814492669e+03
2.749057161775506756e+03
2.749087146357500842e+03
2.750110183827622677e+03
2.750112572370284852e+03
2.750244774677721125e+03
2.750285764886495144e+03
2.750404262323459079e+03
2.750927371526262050e+03
2.752057354495952495e+03
2.752168574765846188e+03
2.752451588178123984e+03
2.752590882707298078e+03
2.752958409601652420e+03
2.753144936834215969e+03
2.753904932661072507e+03
2.754293085812847039e+03
2.754344804860404111e+03
2.754431504308688091e+03
2.754635374706609582e+03
2.755657654710936185e+03
2.755931478643276478e+03
2.757560197415622952e+03
2.758733395705063685e+03
2.759862735278743457e+03
2.760045073273442995e+03
2.760157418010101082e+03
2.760280106597716895e+03
2.760556035636884644e+03
2.761752363011030411e+03
2.762553154307200657e+03
2.763198656701700202e+03
2.763613451972467828e+03
2.763931411207524889e+03
2.764702545719315367e+03
2.764811454752879854e+03
2.765021940027232631e+03
2.765476166359519084e+03
2.765764196207413079e+03
2.766054960584943274e+03
2.766145862721052708e+03
2.766230883836627982e+03
2.767145284446786718e+03
2.767332171550998282e+03
2.767996920668096209e+03
2.768180888178945224e+03
2.768423931584679849e+03
2.768536422399389721e+03
2.768986381767325838e+03
2.769200943515327708e+03
2.769501510415032953e+03
2.769584128834792409e+03
2.769887842426090174e+03
2.770082325314972877e+03
2.770113624573129982e+03
2.770392624556636292e+03
2.770815139003939294e+03
2.771061167692344497e+03
2.771262997477163481e+03
2.771263239262298157e+03
2.771633143730490701e+03
2.772613504758758154e+03
2.773044688972889617e+03
2.774130970203043944e+03
2.774169322320953142e+03
2.774614281776288863e+03
2.776968835110409145e+03
2.777032970316152387e+03
2.777304866553364263e+03
2.777440029810338274e+03
2.777926135128097940e+03
2.777941074319247946e+03
2.778933770973252649e+03
2.779680012776611875e+03
2.780108481050826413e+03
2.780698021330529173e+03
2.780924883455096733e+03
2.781787200220060186e+03
2.781977858099462992e+03
2.782087999884499823e+03
2.782248199967941673e+03
2.782264560704601081e+03
2.782441810664440709e+03
2.783048339170515646e+03
2.785461870588576858e+03
2.786111439952474029e+03
2.786171697496224624e+03
2.787498773612790956e+03
2.788892436136797187e+03
2.790289070084044852e+03
2.790938506783598768e+03
2.791403741729412104e+03
2.791657293197406943e+03
2.792186989477886073e+03
2.792378982477357113e+03
2.793108587677072137e+03
2.793392309746800947e+03
2.793544839925577890e+03
2.794846831493025093e+03
2.797011468634656012e+03
2.797083065744862324e+03
2.797300125934612879e+03
2.797375748970081077e+03
2.797557019267408577e+03
2.797938392473197382e+03
2.798109948468971652e+03
2.799900573917459496e+03
2.800535656277742419e+03
2.801068737531331863e+03
2.801100952929386040e+03
2.801835057762841643e+03
2.802374348287846715e+03
2.802561649811606003e+03
2.803764917085887191e+03
2.803780497764088977e+03
2.803829917961335468e+03
2.804271457271694544e+03
2.804342762370657965e+03
2.805037577750018954e+03
2.805188079362754252e+03
2.805213544635513244e+03
2.805486806171890294e+03
2.806026413790815241e+03
2.806386647292232738e+03
2.806498891749581162e+03
2.807770010819929666e+03
2.808040922241455519e+03
2.809938460461419254e+03
2.810260326687459383e+03
2.810557903117128262e+03
2.811311628895380636e+03
2.811806555103694336e+03
2.811975537488801820e+03
2.813935734053769011e+03
2.814058685635757229e+03
2.814186988042974008e+03
2.815297994147904319e+03
2.816567430381103804e+03
2.817271798771654176e+03
2.817324460995528170e+03
2.817748066922005364e+03
2.818159321696247389e+03
2.818851807482776621e+03
2.818872605670797839e+03
2.819076982860478893e+03
2.819094455122285126e+03
2.819278319388838099e+03
2.819598908331694020e+03
2.819646834269070041e+03
2.819794774742792470e+03
2.820579274082772827e+03
2.820894053629548580e+03
2.821242096495309852e+03
2.821295630431287464e+03
2.822072388216861327e+03
2.822535963921209714e+03
2.822800201894513066e+03
2.823308540942011405e+03
2.824064730457605492e+03
2.825274232735478563e+03
2.825330034650200105e+03
2.825918195077836572e+03
2.826407100683120916e+03
2.826516278062036690e+03
2.827121476094628633e+03
2.827648000334422704e+03
2.827854390670791872e+03
2.828331940120758645e+03
2.828459884477684227e+03
2.829091768469838826e+03
2.829266257098541701e+03
2.829700440312780756e+03
2.829749363499039646e+03
2.830674994443879768e+03
2.831584625756877358e+03
2.831853506589873177e+03
2.833125065791371526e+03
2.833591576500799420e+03
2.833770811913024318e+03
2.834160762151450854e+03
2.834608086786759031e+03
2.835111280877455556e+03
2.835416107298902716e+03
2.835530303621168969e+03
2.835659708485030478e+03
2.835695485355489836e+03
2.836136862415091855e+03
2.836421956690157913e+03
2.836566044724540461e+03
2.838786887021794882e+03
2.839048213140171811e+03
2.839561683685115440e+03
2.840220453374960925e+03
2.841962972007467215e+03
2.842389262724944274e+03
2.843754563288919144e+03
2.843962686091172600e+03
2.843981650415137210e+03
2.844152084177348570e+03
2.844175973197994608e+03
2.844456705453765153e+03
2.845063694015977489e+03
2.845761527755897532e+03
2.846000682427410993e+03
2.846118575645680721e+03
2.846592957121399650e+03
2.846653974077075873e+03
2.847478364022430924e+03
2.847683356934410313e+03
2.848543958104192370e+03
2.848762720523631288e+03
2.849030057657750604e+03
2.849089044871749138e+03
2.849152429202528310e+03
2.849458714935941771e+03
2.849666446035406807e+03
2.850769822939032565e+03
2.851842558852073125e+03
2.852170442606517554e+03
2.852240320128250914e+03
2.853806553304952558e+03
2.854445206178907029e+03
2.854678808573775314e+03
2.854703828308949142e+03
2.855313493015413314e+03
2.855717937272481322e+03
2.855724535540865418e+03
2.855932184566805518e+03
2.856287393181612515e+03
2.857549015100118140e+03
2.857920798280833878e+03
2.858681140208163470e+03
2.859350858400309789e+03
2.859887335965400780e+03
2.860080764018063746e+03
2.860748305341924606e+03
2.861092326868023974e+03
2.861748383002576247e+03
2.861987139084167666e+03
2.861995613914756632e+03
2.862003574381353246e+03
2.862379973602833161e+03
2.862388900590321100e+03
2.863346729388254971e+03
2.864009223814221059e+03
2.864277712846120721e+03
2.864858860768505110e+03
2.865067962646878641e+03
2.865257211182741685e+03
2.866140672213713060e+03
2.866609065281289531e+03
2.867335025211007633e+03
2.867894605046074048e+03
2.868689044763372749e+03
2.869719589198737140e+03
2.870104878296000152e+03
2.870193665888671148e+03
2.870262254478467639e+03
2.871182923991648750e+03
2.873516075101922524e+03
2.873602622571717802e+03
2.874025862351343221e+03
2.874051710768199882e+03
2.874591420574319727e+03
2.874651138052881834e+03
2.875606309319025513e+03
2.875982538952642244e+03
2.877705098578008801e+03
2.877722335397855204e+03
2.877881980452511016e+03
2.877885255430478082e+03
2.878342900555851884e+03
2.880006164435791106e+03
2.880178300008185033e+03
2.880483546043899423e+03
2.881034578014413455e+03
2.881875881325293449e+03
2.882128210826634131e+03
2.882321038463657715e+03
2.882371527838033217e+03
2.883100134993275333e+03
2.883294296655297330e+03
2.884023416763212481e+03
2.884758956454691543e+03
2.884995094356221216e+03
2.885078075512722535e+03
2.885143495981209071e+03
2.885354172060364363e+03
2.885446720295435625e+03
2.885583413464555179e+03
2.885847103802884249e+03
2.885876386469348745e+03
2.886274655330243149e+03
2.886889975069044795e+03
2.887075706400828039e+03
2.887157797402971937e+03
2.887866096489424763e+03
2.888251638965511120e+03
2.889468066027756322e+03
2.889544058105000659e+03
2.889786567940184341e+03
2.889945412678206594e+03
2.890201710929883575e+03
2.890929074863091046e+03
2.891557784299225659e+03
2.891735981344650099e+03
2.892247894407061722e+03
2.892291623203599556e+03
2.892591450132979844e+03
2.893073308558957251e+03
2.894242414246381031e+03
2.894893994697710696e+03
2.895060327719445922e+03
2.895097705904081067e+03
2.895263210714158049e+03
2.895369893112447699e+03
2.895500047612765684e+03
2.896353364284340387e+03
2.896572594191706685e+03
2.897020999362387556e+03
2.897353591380910984e+03
2.897535550397527459e+03
2.897612332650262942e+03
2.897665641069796948e+03
2.898551756954813754e+03
2.899141358286541617e+03
2.899473517346165409e+03
2.900059277263831063e+03
2.900264969787441260e+03
2.900278015669075558e+03
2.900463839566504703e+03
2.900846086559457035e+03
2.901780635467537650e+03
2.902029729997474988e+03
2.902954015733173947e+03
2.903404845767719053e+03
2.903894184807921192e+03
2.904042231528090269e+03
2.904068472729387395e+03
2.904149790622414002e+03
2.904335356189494632e+03
2.904974408486893935e+03
2.904977629097878889e+03
2.904988612981951519e+03
2.905669586168691239e+03
2.906365716690243971e+03
2.906839490741179816e+03
2.906858025309468303e+03
2.907001467246199809e+03
2.907730845397310986e+03
2.907787785667849221e+03
2.908104667734446593e+03
2.908485326670738687e+03
2.908494565837962909e+03
2.908543366214278194e+03
2.908640162006958690e+03
2.908806185416137851e+03
2.909241438500785080e+03
2.910739491163231378e+03
2.911404228820993922e+03
2.911942717946070388e+03
2.912033165065633511e+03
2.912451626593584479e+03
2.912508893014510249e+03
2.912623409322893167e+03
2.912713878516729892e+03
2.912718155835274956e+03
2.914226079639728141e+03
2.914747489404626776e+03
2.914845202266958040e+03
2.915279329697452795e+03
2.915436922867948397e+03
2.915760533481678976e+03
2.917026034106575480e+03
2.917301645138622462e+03
2.917577298124540903e+03
2.918150720929892486e+03
2.919195153071773802e+03
2.919476856526599477e+03
2.919933906724584176e+03
2.920920604519692006e+03
2.921062123483254709e+03
2.921274690476667274e+03
2.921534762775398121e+03
2.922811956359994383e+03
2.923052476887482499e+03
2.924895549522877445e+03
2.925814991867292520e+03
2.926581126149042575e+03
2.926848998668573586e+03
2.927471542711227357e+03
2.927478958778706783e+03
2.928307197282899779e+03
2.928308370750608447e+03
2.928685540432984908e+03
2.929442940270898816e+03
2.929464978462638555e+03
2.930156486679337831e+03
2.930482024159355660e+03
2.931122225342337970e+03
2.931276553393215636e+03
2.932041937705980217e+03
2.932979055837522537e+03
2.933875342070025908e+03
2.933953618545343033e+03
2.933955296668004848e+03
2.934157654573158652e+03
2.934608426301115742e+03
2.934715645217482233e+03
2.935903504324665846e+03
2.936909552142743905e+03
2.937009130892118264e+03
2.938442864624978938e+03
2.938634988236918616e+03
2.938961187292853083e+03
2.939227806482078449e+03
2.939267730191156261e+03
2.939344094657590176e+03
2.939634970732099646e+03
2.940106952346708567e+03
2.940176009732724651e+03
2.940518424920937377e+03
2.940907769349798855e+03
2.941701045885015901e+03
2.941777620035286418e+03
2.941797764932547580e+03
2.942353782582377789e+03
2.942854822417463311e+03
2.943895721614827835e+03
2.944447534123953574e+03
2.944749937497185329e+03
2.945189330988748225e+03
2.945234912547357453e+03
2.945350264852506371e+03
2.945390107235718460e+03
2.945756657828037078e+03
2.946744169090308333e+03
2.946784295554103664e+03
2.947404289777544818e+03
2.947745025169429027e+03
2.947820289075758410e+03
2.948665009764783008e+03
2.949640253387322446e+03
2.951103998509101530e+03
2.951434586894432869e+03
2.951958390860016152e+03
2.952609988312926362e+03
2.953251134690759045e+03
2.953434968435066367e+03
2.955174518728272687e+03
2.955362074214630411e+03
2.955427487323528567e+03
2.956315528010873550e+03
2.958036719156761137e+03
2.958604344681786642e+03
2.958638285179635204e+03
2.958839123262968315e+03
2.959000094871547390e+03
2.959307474951890981e+03
2.960109448836734373e+03
2.960188260287940466e+03
2.960375488356006827e+03
2.960417007032235233e+03
2.960442676313251468e+03
2.960481384153977615e+03
2.960481751622513912e+03
2.960586950386683384e+03
2.960671495343615334e+03
2.961029662170279153e+03
2.961224970381753337e+03
2.961226035101177786e+03
2.961290737123825693e+03
2.961461041845712771e+03
2.961535069977660442e+03
2.961553058323569530e+03
2.962026971424498242e+03
2.962103134255901750e+03
2.962410501805259628e+03
2.963238258789114298e+03
2.963392296133521086e+03
2.963554668390404458e+03
2.963588995906547552e+03
2.963735492268649523e+03
2.964023726268437713e+03
2.964261227759678604e+03
2.965135765489027563e+03
2.965261939004522446e+03
2.966624423960693093e+03
2.968229761103740202e+03
2.968257262399235515e+03
2.968444996818158415e+03
2.969409164684996085e+03
2.970006937019403267e+03
2.970210559203377670e+03
2.972709756199692492e+03
2.973709003685007247e+03
2.975817591964325402e+03
2.976254354344705916e+03
2.976827157154018096e+03
2.978100290377288729e+03
2.978110363438891909e+03
2.978153345843835723e+03
2.978325684958564125e+03
2.979178564393174838e+03
2.979284608652093084e+03
2.979608431653005027e+03
2.980162505258371311e+03
2.980330808041654109e+03
2.980863673873107018e+03
2.980981707688488314e+03
2.981087346909318967e+03
2.981168546170935315e+03
2.981720309553868901e+03
2.982819532240537683e+03
2.983084776050279743e+03
2.983384265842206787e+03
2.983419606687422856e+03
2.984988355185067576e+03
2.985259068675123217e+03
2.985421002661997136e+03
2.985543535626971789e+03
2.986657108786480421e+03
2.986695449468926199e+03
2.987287585351613870e+03
2.988878062571273858e+03
2.988897601157698318e+03
2.988934533476752222e+03
2.989535608930813851e+03
2.989746648345966150e+03
2.990458028374416699e+03
2.990663356585707334e+03
2.990730789042243487e+03
2.990823696700586424e+03
2.990946313523563276e+03
2.990973613832180945e+03
2.991418528212491765e+03
2.992046690753219082e+03
2.992437948644034805e+03
2.992683060257974375e+03
2.992759576745739196e+03
2.993152255266395059e+03
2.994355853408227176e+03
2.995193294387948299e+03
2.995225040759788499e+03
2.995989036887654038e+03
2.995998777980144041e+03
2.996294869120817566e+03
2.996316716920809540e+03
2.996335656064466093e+03
2.997350587841092874e+03
2.997376798110656637e+03
2.997647404446993733e+03
2.997745050647512471e+03
2.998241808366350142e+03
2.998472346793930683e+03
2.998900174817022616e+03
2.999137350047313248e+03
2.999380233160001353e+03
2.999824117731200204e+03
3.000040407901345588e+03
3.000406087714640307e+03
3.000469531557441769e+03
3.000965479081283775e+03
3.001145976797574804e+03
3.001308980895092645e+03
3.001568884062873622e+03
3.001651739748126147e+03
3.002299209794767648e+03
3.002658985534040767e+03
3.002799485948127767e+03
3.002977146338350849e+03
3.003039355208322831e+03
3.003309379328594332e+03
3.003511983219271315e+03
3.003632542570466285e+03
3.003636232393168029e+03
3.003721210883194544e+03
3.003782255992727642e+03
3.004294583300118120e+03
3.004408016596486050e+03
3.005084299466874199e+03
3.005265709009988768e+03
3.005401966680136411e+03
3.005734828328929325e+03
3.005757683046917009e+03
3.005798289275280240e+03
3.006283488309273707e+03
3.006547019032646858e+03
3.007005628898455598e+03
3.007078489393658856e+03
3.007257529167406574e+03
3.007634327971725270e+03
3.007859012559619259e+03
3.008150226367667983e+03
3.008261015960839813e+03
3.009286737275803262e+03
3.009956806368727939e+03
3.010084080054984952e+03
3.010401080017944878e+03
3.010593406482071714e+03
3.011016408750246228e+03
3.011527904688697618e+03
3.011698803772473639e+03
3.011837859867269799e+03
3.012501870180715287e+03
3.012585367029490953e+03
3.012607402551421728e+03
3.012952120739103520e+03
3.013121721692684332e+03
3.013694623650715130e+03
3.014055572558280801e+03
3.014442850793505841e+03
3.014455803717989056e+03
3.015067803439192176e+03
3.015340614432629991e+03
3.015586973266280438e+03
3.015677363785807302e+03
3.015706506056241778e+03
3.016299610446871156e+03
3.017116416345376365e+03
3.017294274659707298e+03
3.017334168298909844e+03
3.017353334834147972e+03
3.017427585624104722e+03
3.017449138651642897e+03
3.017565278773193768e+03
3.017857410104331393e+03
3.018660967849411009e+03
3.018681931764565888e+03
3.018687539439019019e+03
3.018737278085721300e+03
3.018795961036606514e+03
3.018806886486559961e+03
3.019092272785992918e+03
3.019456078344890557e+03
3.019561377378147426e+03
3.019609847269315651e+03
3.019708457686309885e+03
3.019802953242072363e+03
3.019933153306732493e+03
3.019995612168207117e+03
3.020300508570000602e+03
3.020687404906926531e+03
3.020892344448721815e+03
3.021279664840132227e+03
3.021302299359976587e+03
3.021377018329577368e+03
3.021513566654295118e+03
3.021532741867953973e+03
3.021625300799601973e+03
3.021694942577381426e+03
3.021870550610371083e+03
3.022681512185025440e+03
3.023058622582849239e+03
3.023117483740299576e+03
3.023294800401481552e+03
3.023690748657248605e+03
3.023821975392908826e+03
3.024054004224571145e+03
3.024180454127137182e+03
3.024517603724033506e+03
3.024651500242928250e+03
3.025039225496815106e+03
3.025437604813741018e+03
3.026127830038731645e+03
3.026580128903884997e+03
3.026581414190903615e+03
3.026786857357672034e+03
3.027897191946939529e+03
3.028157185447006668e+03
3.028960341058632366e+03
3.029424774235273162e+03
3.029518694914019306e+03
3.029753429876164773e+03
3.030191243557059806e+03
3.030313743303193860e+03
3.030567716419804128e+03
3.031267440842504129e+03
3.031609476675257156e+03
3.031642109986988999e+03
3.032407726239207477e+03
3.032779263092886595e+03
3.032920859603250847e+03
3.033216177997894647e+03
3.033296840764044191e+03
3.033299429637394496e+03
3.033453663696383046e+03
3.033774117123581163e+03
3.034151518042980570e+03
3.034228735466379931e+03
3.034346291419771660e+03
3.034430661560765202e+03
3.034479899117869991e+03
3.034841688060157594e+03
3.035500857277016166e+03
3.036062168736172680e+03
3.036167524921107088e+03
3.036307500145557697e+03
3.036415481826728865e+03
3.036415925447821792e+03
3.036450412890275402e+03
3.036876203539616199e+03
3.036900988537123794e+03
3.037310519700153236e+03
3.037446244190054585e+03
3.037665064428796086e+03
3.037879422469350629e+03
3.038428723909859855e+03
3.039195703147038785e+03
3.039213113022060043e+03
3.039446735969394467e+03
3.039518632036368672e+03
3.040043991724783154e+03
3.040148508899907938e+03
3.040330538822436665e+03
3.040606224683305754e+03
3.040980271095351782e+03
3.041132911718699688e+03
3.041759010403708544e+03
3.041773611335278474e+03
3.042007229265995193e+03
3.042165890273508012e+03
3.042213458414627439e+03
3.042240884667802675e+03
3.042591596928298259e+03
3.042641137138037266e+03
3.042674810606158644e+03
3.042778243224572634e+03
3.042855086190251768e+03
3.042862788401823309e+03
3.044088812876462725e+03
3.044190913283691316e+03
3.044235758011885082e+03
3.044638790821534712e+03
3.044666415099733513e+03
3.045014599408195409e+03
3.045050700245112694e+03
3.045374048620480153e+03
3.045631284966681960e+03
3.046243512953546087e+03
3.046337924166997254e+03
3.047386446850604443e+03
3.047672450300805849e+03
3.048007480938957997e+03
3.048021490486371931e+03
3.048670021734743841e+03
3.049411906029688907e+03
3.049444444718831164e+03
3.049732362048982850e+03
3.049786468588735715e+03
3.050058060509625648e+03
3.050085926624159583e+03
3.052128477940723315e+03
3.052232800600225346e+03
3.052464431152787711e+03
3.053228630840912047e+03
3.055267451771407650e+03
3.055342875940091744e+03
3.055558670360240285e+03
3.055599053858614297e+03
3.055830425353883129e+03
3.056223583229274482e+03
3.056407420384624857e+03
3.058386753546229556e+03
3.058387151011461356e+03
3.058749925240280845e+03
3.058829313821518099e+03
3.059241146957981073e+03
3.059429289827921821e+03
3.059764582468215849e+03
3.060142354658520617e+03
3.060393632346730101e+03
3.060409134640792217e+03
3.060604700520746974e+03
3.060744168049571272e+03
3.060966927325825964e+03
3.061129937738306580e+03
3.061210690388669718e+03
3.061464382245213983e+03
3.061706178658666431e+03
3.062097773531528219e+03
3.062664817201549340e+03
3.063211489160160909e+03
3.063598216409597626e+03
3.063793312911328940e+03
3.064053409893201660e+03
3.064560561605171188e+03
3.064722203752936366e+03
3.065367766276497150e+03
3.065720642730557302e+03
3.066183585813363607e+03
3.067384683553155810e+03
3.067595078985370492e+03
3.067614380402029838e+03
3.067808699344800061e+03
3.068153867107054339e+03
3.068324920830963038e+03
3.068470609048109509e+03
3.069715296916814168e+03
3.071230040512441974e+03
3.071638863414461866e+03
3.071754031264777495e+03
3.071853050972861638e+03
3.071962233826783631e+03
3.072207813549751336e+03
3.072360437279862253e+03
3.072568148477651903e+03
3.072579504094658660e+03
3.073981090493407464e+03
3.074003659356486878e+03
3.074047160760570478e+03
3.074093639721600084e+03
3.074863859954851705e+03
3.075289998402089623e+03
3.075672306052008480e+03
3.076317474252553893e+03
3.076401186613815298e+03
3.076959018733274206e+03
3.077282166100116683e+03
3.077586250466411457e+03
3.077789027659732255e+03
3.077800469195128244e+03
3.077943962623510288e+03
3.077971493772849954e+03
3.078047337288615381e+03
3.078086057269801131e+03
3.078511705120771694e+03
3.079513928497501183e+03
3.079674849887581786e+03
3.080277803018391296e+03
3.080946216038464172e+03
3.081074307639235030e+03
3.081117985915357622e+03
3.081422814134014516e+03
3.081584917838589263e+03
3.081921242991843883e+03
3.082419457655855695e+03
3.082614352276625596e+03
3.082730270475406996e+03
3.082850867346269752e+03
3.083044292337391653e+03
3.083071346213342622e+03
3.083627961724365832e+03
3.083782826536323228e+03
3.084011198865146980e+03
3.084204964654792093e+03
3.084301349672613924e+03
3.084456359524479012e+03
3.084656122407960083e+03
3.085282227878255071e+03
3.085735066657760854e+03
3.085772036771747935e+03
3.086141387425372614e+03
3.086222878939674047e+03
3.086521631345623518e+03
3.086773431591796452e+03
3.087151351701425938e+03
3.087665469138569279e+03
3.087846611010289507e+03
3.087992583234169615e+03
3.088046646962436625e+03
3.088385818903857853e+03
3.088512212296247071e+03
3.088587148214382978e+03
3.088590443271549702e+03
3.088633433243226136e+03
3.088960674386296432e+03
3.089171342312585239e+03
3.089264535395646362e+03
3.089415662591833097e+03
3.089617672076632061e+03
3.089818676511504236e+03
3.089869703386162200e+03
3.089940158269570929e+03
3.089975733452095483e+03
3.090379578227999900e+03
3.090699974805448164e+03
3.090874718649957686e+03
3.090982544270278595e+03
3.091183920372217017e+03
3.091425328615840044e+03
3.091593203009019362e+03
3.091681264647064381e+03
3.091876086235983621e+03
3.091894049633463965e+03
3.092811815358834792e+03
3.093365248519018223e+03
3.093559157375064842e+03
3.094004375275542770e+03
3.094190015213205697e+03
3.094305033955124600e+03
3.094622068724404016e+03
3.094688203129005160e+03
3.094881044918792213e+03
3.095028503120257938e+03
3.095083976337335571e+03
3.095276038578334919e+03
3.095660045496341809e+03
3.096448710374364509e+03
3.097402778067018062e+03
3.097531204629509830e+03
3.098079484901423712e+03
3.098457826082793417e+03
3.099064519461449436e+03
3.099404102130915362e+03
3.100271495608818441e+03
3.100353386622579819e+03
3.100562414211261967e+03
3.101203664030727850e+03
3.101480251798349400e+03
3.101658194801625541e+03
3.102116131276351553e+03
3.102181249974387356e+03
3.102734393650413949e+03
3.102950205951797670e+03
3.103557662548263124e+03
3.103566942840507636e+03
3.103763238221357369e+03
3.104183111709152399e+03
3.104202997877652706e+03
3.104382423474649841e+03
3.104428677950486417e+03
3.104646160190843602e+03
3.104851911626045421e+03
3.104910968923754808e+03
3.105712483982896174e+03
3.105975422550619442e+03
3.106431387550795080e+03
3.106615370605721637e+03
3.106647903132407009e+03
3.107339479597632362e+03
3.107344225234064652e+03
3.107614657625103973e+03
3.108015139770293445e+03
3.108070175640128582e+03
3.108555927961541784e+03
3.108575997251359695e+03
3.108670632495686732e+03
3.109378118459262168e+03
3.109704224478411561e+03
3.110327805263186747e+03
3.110335796326845866e+03
3.110382225390625536e+03
3.110492859152054734e+03
3.110612151259438633e+03
3.110715906528274900e+03
3.110943976796153038e+03
3.111351727031288192e+03
3.111521788471899072e+03
3.111650107151253906e+03
3.112365866106036265e+03
3.112598972375880749e+03
3.112766485543730596e+03
3.113195416188958006e+03
3.113728214601580930e+03
3.114120164691122682e+03
3.114126002252268790e+03
3.114581891895868921e+03
3.115149885579913189e+03
3.115151664913493732e+03
3.115262013895739983e+03
3.115353398293443661e+03
3.115653571421076776e+03
3.115962152046908159e+03
3.116294641636693996e+03
3.116396027984060765e+03
3.116449711838098665e+03
3.116844568470726244e+03
3.117457709453348798e+03
3.118342883571010589e+03
3.118372822679294131e+03
3.118539272283450828e+03
3.118541322979295728e+03
3.118791141798736589e+03
3.119104512371157398e+03
3.119401587886351081e+03
3.120448294758386510e+03
3.120533640196297256e+03
3.120861984789791222e+03
3.121286924176460616e+03
3.121530808358269951e+03
3.122131946737688395e+03
3.122262909309729366e+03
3.122275262572145039e+03
3.122888668468569449e+03
3.122971466908886669e+03
3.123306322579663629e+03
3.123328680780211926e+03
3.123529662475352779e+03
3.123786552254587150e+03
3.124092802475590361e+03
3.124238925758678306e+03
3.124846199453928421e+03
3.124951329571163569e+03
3.125328293782529727e+03
3.125637995722248434e+03
3.125684337056242839e+03
3.126374415988221699e+03
3.126548453561649239e+03
3.126610278038291654e+03
3.126764528493583384e+03
3.127825015167111360e+03
3.128246906376184597e+03
3.128897043821680654e+03
3.128979323217044566e+03
3.129128223096297006e+03
3.129158801538662374e+03
3.129295566153989057e+03
3.129623064883258849e+03
3.129818740805911602e+03
3.130145225872958690e+03
3.130205809852162474e+03
3.130378788257613451e+03
3.131055210784553765e+03
3.131280937216617531e+03
3.131744944990124623e+03
3.131821496908335575e+03
3.132059699386647026e+03
3.132097025510504864e+03
3.132132405093727357e+03
3.133014004313756232e+03
3.133213124760660776e+03
3.133925854920474649e+03
3.134116663141927802e+03
3.134495716610826548e+03
3.134583189286362540e+03
3.134804922611892835e+03
3.134921952735161994e+03
3.134935394646396617e+03
3.135105293671623713e+03
3.135371803254296537e+03
3.136200486358834496e+03
3.136313200367988429e+03
3.136870952686662804e+03
3.137309881547788336e+03
3.137398727701071493e+03
3.137456066021367860e+03
3.137490192458596994e+03
3.137556902664567133e+03
3.137771963279087231e+03
3.137779559151964349e+03
3.137834030521796194e+03
3.138107481360577822e+03
3.138161849182241895e+03
3.138443239387420363e+03
3.138467242325937150e+03
3.138688668300182144e+03
3.138802681519618091e+03
3.139179413043699697e+03
3.139179746006500864e+03
3.139228547836051348e+03
3.140630389639351961e+03
3.140996480447381145e+03
3.141350369679844334e+03
3.141386150219449519e+03
3.141684541248894675e+03
3.141748006501954023e+03
3.142142948519383935e+03
3.142663811246047771e+03
3.142805438810629767e+03
3.142931095903137248e+03
3.143053040495345158e+03
3.144291866965837016e+03
3.144403245490597328e+03
3.144612317433624867e+03
3.144890661625606754e+03
3.145022230791943912e+03
3.145223120913060484e+03
3.145408886139014157e+03
3.145676909897819314e+03
3.145800148139280736e+03
3.146271358102015256e+03
3.146288342900163116e+03
3.146300120586379307e+03
3.146356213177908558e+03
3.146472341106533349e+03
3.146669349537735343e+03
3.147697644000354558e+03
3.147859375334233846e+03
3.148063974102035445e+03
3.148144212137078739e+03
3.148263734175090121e+03
3.148938345706590098e+03
3.149008626845383787e+03
3.149343752410286925e+03
3.149476704679036175e+03
3.150120343713060265e+03
3.150187280421125251e+03
3.150925185233950742e+03
3.151562032072991315e+03
3.151636535373134848e+03
3.151755807885548620e+03
3.151879817848560833e+03
3.152223581615342482e+03
3.152508164074884007e+03
3.152826638444937089e+03
3.153129746701269596e+03
3.153338741771168770e+03
3.153382638660225439e+03
3.153666576243802410e+03
3.153709133263737385e+03
3.153750794631099325e+03
3.153796425943515715e+03
3.153800317786925007e+03
3.154758570813698498e+03
3.154971788533793642e+03
3.155180716932482937e+03
3.155233905526512444e+03
3.155388158313773602e+03
3.155423629871644607e+03
3.155522406583561406e+03
3.155709684038864452e+03
3.155815757851181388e+03
3.156050967693225175e+03
3.156388814296241890e+03
3.156433706713076845e+03
3.156772979801023666e+03
3.156998889358422275e+03
3.157017273412309805e+03
3.158112439173495659e+03
3.158219886636803039e+03
3.159090639974747319e+03
3.159281303523628139e+03
3.159726204682565367e+03
3.159908660173841781e+03
3.160015988629608728e+03
3.160190241764329130e+03
3.160593039435777428e+03
3.161610539385814263e+03
3.162209542993472951e+03
3.162238126495663437e+03
3.162422282204275689e+03
3.162511443723001321e+03
3.162671161647554527e+03
3.162907375187298840e+03
3.163061465202793897e+03
3.163344699840078647e+03
3.163508075669081336e+03
3.163629560822071653e+03
3.163994466056336478e+03
3.164387846692107814e+03
3.165750290222366857e+03
3.166113445607403264e+03
3.166267954239604933e+03
3.166525484790685823e+03
3.167312647875013226e+03
3.167592718935127778e+03
3.167926705091514577e+03
3.168050455038552627e+03
3.168132189294131877e+03
3.168198028324851293e+03
3.168366836484757641e+03
3.168445376387857323e+03
3.169506597857704946e+03
3.169599076371483079e+03
3.170813208354684775e+03
3.171531705614496786e+03
3.171561681368155860e+03
3.171614593010790486e+03
3.172058685436672022e+03
3.173159966020365118e+03
3.173183708769939585e+03
3.173278009764347189e+03
3.173489519826108335e+03
3.173995136228439151e+03
3.174140280298108792e+03
3.174659623978234322e+03
3.174726797462174090e+03
3.174842050525046943e+03
3.175759436536055546e+03
3.176330808258659545e+03
3.176460680084517207e+03
3.176619456639396049e+03
3.177104307137632077e+03
3.177509148691897735e+03
3.177913300256035200e+03
3.177966471032215395e+03
3.178098237362561576e+03
3.178539502471704509e+03
3.179467588219121808e+03
3.179507245289327784e+03
3.179693552453163193e+03
3.180195319964506780e+03
3.180322250040069775e+03
3.180564476890896458e+03
3.180577029304539337e+03
3.180882862943838518e+03
3.181046299978936531e+03
3.181047928813013641e+03
3.181138635884816267e+03
3.181733774835807253e+03
3.182126873615626209e+03
3.182325636675816895e+03
3.182371564227210911e+03
3.182558181808939935e+03
3.183067544843292580e+03
3.183234021322730314e+03
3.183772040503445623e+03
3.183881874748357859e+03
3.184081234271237463e+03
3.184180075428018426e+03
3.184503890411659995e+03
3.184565831469303248e+03
3.184589407520940767e+03
3.184795635078053692e+03
3.185119954835340195e+03
3.185876801237952350e+03
3.186198143947375229e+03
3.186278570243529430e+03
3.186724092469798961e+03
3.187021787447832139e+03
3.187168750887491569e+03
3.187399070656279036e+03
3.187435158836820847e+03
3.187870296426319328e+03
3.187977753327963001e+03
3.188867309067521091e+03
3.189392265927596782e+03
3.189813563624580183e+03
3.190231209412899261e+03
3.190242641488720892e+03
3.190374725265091001e+03
3.190401381976182620e+03
3.190786412149118405e+03
3.190828813922862537e+03
3.190853209412469823e+03
3.190887406193774495e+03
3.190920411055022214e+03
3.191000904650162283e+03
3.191070695236423035e+03
3.191160443042484076e+03
3.192142812652753037e+03
3.192697657771568174e+03
3.192769559860557365e+03
3.192864573017612202e+03
3.193171276062339075e+03
3.193244766442774562e+03
3.193449781206694297e+03
3.193743243796561728e+03
3.193746715885945378e+03
3.193937622491378988e+03
3.194345233797158471e+03
3.195292040145286137e+03
3.195344275464502061e+03
3.195491928143183031e+03
3.195667277863641630e+03
3.195687494577581674e+03
3.195948837159384766e+03
3.196252380442222147e+03
3.196287765697488794e+03
3.196848551304321518e+03
3.196943582199450702e+03
3.197034031417288134e+03
3.197086546880141668e+03
3.197206044651038610e+03
3.197562154701016425e+03
3.197806176661734753e+03
3.198090815910401489e+03
3.198411183321124554e+03
3.199136905852676591e+03
3.199495471042798727e+03
3.199915624073461913e+03
3.200341404967921790e+03
3.200375999641088129e+03
3.200571794016874264e+03
3.200706701198732389e+03
3.200760078881423397e+03
3.201219693571750213e+03
3.201889986718329510e+03
3.202239088660819107e+03
3.202853268622630367e+03
3.202940381167908527e+03
3.203046389657218697e+03
3.203136191920502824e+03
3.203262680237685800e+03
3.203343960093013266e+03
3.203600987001769681e+03
3.204068333762505972e+03
3.204785166367020793e+03
3.205898159005829257e+03
3.205976974047781823e+03
3.206105779950972646e+03
3.206316612729168355e+03
3.206440411825962656e+03
3.206482270734070880e+03
3.206521505547641027e+03
3.206665590615027213e+03
3.207648402508239542e+03
3.207747848000767590e+03
3.207759729461132338e+03
3.208245172052949329e+03
3.208510568657566182e+03
3.208685443949042110e+03
3.208769735450640837e+03
3.210677629809499194e+03
3.210762150460442172e+03
3.210790131925654805e+03
3.211105793238238675e+03
3.211157127490299445e+03
3.211675758793147452e+03
3.212092946236714852e+03
3.212125943180009472e+03
3.212304280422274587e+03
3.212316405080258392e+03
3.212350529168930734e+03
3.213072839586993268e+03
3.213604206099234034e+03
3.213913815190295736e+03
3.213962064984785229e+03
3.214185789751976699e+03
3.214209793340056876e+03
3.214897016418804469e+03
3.215806086710747422e+03
3.216621281460821137e+03
3.216642970636771679e+03
3.216812087309468552e+03
3.216844290962545074e+03
3.217191916639828378e+03
3.217793972995588774e+03
3.217938514533901525e+03
3.218001297621096910e+03
3.218381792092129672e+03
3.218547203148484186e+03
3.218752046264834462e+03
3.218852468595719074e+03
3.219246289494219127e+03
3.219448947102108832e+03
3.219840463429874944e+03
3.219921388808902520e+03
3.220084314168420406e+03
3.220698934271757025e+03
3.221207123216339824e+03
3.221230130616445877e+03
3.221252507837702069e+03
3.221360855568459101e+03
3.221579237439699227e+03
3.221971236230079285e+03
3.222142839586055743e+03
3.222271216845621439e+03
3.222957959619480789e+03
3.223078174852968004e+03
3.223720134819369832e+03
3.224233321979007997e+03
3.224421953828859841e+03
3.224593570237860149e+03
3.224647901088992057e+03
3.225353414342525411e+03
3.225412525808713781e+03
3.226028376677090819e+03
3.226188571079035228e+03
3.226512578623883655e+03
3.226864084185052889e+03
3.227025451706590502e+03
3.227819478725389217e+03
3.228086946936640288e+03
3.228297228008428192e+03
3.228311337075234860e+03
3.228336461112947291e+03
3.228539457413309265e+03
3.228570543781460856e+03
3.229311798666520644e+03
3.229358338396415093e+03
3.229653869697332993e+03
3.229819432960590802e+03
3.229834779838675786e+03
3.230270288555375373e+03
3.230676834632292412e+03
3.230766944351440088e+03
3.230791468092401828e+03
3.231047463527128912e+03
3.231603742892997161e+03
3.231876444562834422e+03
3.231942562175601324e+03
3.232163896719046988e+03
3.232197413445828715e+03
3.232390134191336529e+03
3.232396059354354747e+03
3.232603845120940605e+03
3.232683555277598316e+03
3.232934233949917598e+03
3.233013167086554404e+03
3.234112837071294052e+03
3.234396556724191669e+03
3.234547159003480829e+03
3.234959523989587979e+03
3.235137535345619199e+03
3.235469093133440310e+03
3.235504963151116954e+03
3.235556862944522436e+03
3.235695485424069375e+03
3.235883459815209790e+03
3.236071015876588717e+03
3.236534202975989501e+03
3.236584489401721839e+03
3.236679741532801927e+03
3.236695547976238231e+03
3.237152938282465584e+03
3.237856325710151850e+03
3.237978405131476393e+03
3.238259199383125178e+03
3.238263198764821482e+03
3.238354663347224687e+03
3.238373483610057065e+03
3.239374247884768010e+03
3.239514102155505952e+03
3.239614257496372375e+03
3.240021290609747666e+03
3.240461133564896954e+03
3.240775703873943712e+03
3.240792992938713269e+03
3.241044822989065324e+03
3.241081060632460321e+03
3.241187552265756040e+03
3.241331162303851670e+03
3.241472033052431470e+03
3.241496699904230809e+03
3.241921085169851722e+03
3.242146661209464582e+03
3.242470563002766539e+03
3.243337130980041366e+03
3.243530936427041070e+03
3.244191080851805509e+03
3.244784081690585026e+03
3.245335598957083675e+03
3.245719054158496874e+03
3.246359484765067918e+03
3.246491069313141452e+03
3.246630948180067662e+03
3.246653966044927074e+03
3.246726712100483383e+03
3.246760438315258853e+03
3.247137115266388264e+03
3.247514823054018507e+03
3.247793463812424307e+03
3.248012207922446123e+03
3.248255676631890765e+03
3.248261368670062438e+03
3.248474775731165664e+03
3.248540789834735278e+03
3.248786039795026682e+03
3.248818399457653868e+03
3.249412054315712794e+03
3.249509113102732044e+03
3.250094988581275629e+03
3.250243379100202674e+03
3.250644067722658292e+03
3.251112337572882097e+03
3.251801547706800648e+03
3.251940685690685314e+03
3.252210908403360008e+03
3.252261473827776626e+03
3.252434265925428008e+03
3.252580070037542555e+03
3.252599565867018555e+03
3.252813570648166660e+03
3.253307124821884827e+03
3.253681308896972041e+03
3.253776431903319462e+03
3.253954301607083380e+03
3.254090656262118046e+03
3.254118248095169747e+03
3.254992611444198701e+03
3.255104400335968421e+03
3.255184817352341270e+03
3.255679162317354439e+03
3.256188590086626391e+03
3.256708828151261969e+03
3.256721177671735859e+03
3.257153777099626041e+03
3.257268701298385167e+03
3.257453115947148945e+03
3.257502503039736439e+03
3.258041908004830475e+03
3.258410998909030695e+03
3.259064256754363669e+03
3.259369082856801015e+03
3.259673143687365609e+03
3.260990747894305514e+03
3.261173527513802128e+03
3.261361344678915430e+03
3.261819075145380339e+03
3.261826151869838213e+03
3.261996874758242484e+03
3.262109578039903681e+03
3.262266757405552653e+03
3.262995228548460091e+03
3.263127174305456720e+03
3.263349023445612147e+03
3.263693670084679979e+03
3.263874556485458925e+03
3.264047021376445628e+03
3.264094428644677919e+03
3.264578327491393338e+03
3.264724910522201753e+03
3.265039428895818219e+03
3.265858734139522312e+03
3.265981264572139935e+03
3.266077470062780776e+03
3.266521101692604134e+03
3.266597724079619638e+03
3.267029110555142324e+03
3.267042341218804268e+03
3.267064500790852435e+03
3.267077415905340786e+03
3.267561643443220419e+03
3.267625406682070206e+03
3.267690749441895605e+03
3.267756986986453740e+03
3.267927061558624700e+03
3.268196913002361271e+03
3.268535322211961102e+03
3.269568181402451955e+03
3.269950003706181633e+03
3.270024954904944025e+03
3.270528597640627140e+03
3.270735992185752366e+03
3.270868498557596013e+03
3.271833300639749268e+03
3.271842976429729788e+03
3.271876374156311158e+03
3.271931236003323193e+03
3.272158509211748878e+03
3.272283300766966477e+03
3.272766061758467913e+03
3.272836383281172402e+03
3.272888045830977717e+03
3.272982943156317560e+03
3.273231048493174512e+03
3.273986084272871267e+03
3.274527020522113162e+03
3.274990570752362146e+03
3.275245752939596969e+03
3.275422965659745387e+03
3.275677960091866225e+03
3.277914782019026006e+03
3.278425092097814741e+03
3.278768416089556013e+03
3.279526115829844912e+03
3.279933999403067446e+03
3.281046738609927615e+03
3.281216419949135798e+03
3.281491445534544710e+03
3.282203773534602078e+03
3.282517713485677632e+03
3.282817295728233603e+03
3.282922751323412285e+03
3.283212628147619398e+03
3.283709444100084511e+03
3.284306407789341392e+03
3.285159315775861160e+03
3.285231812319401342e+03
3.286518153445496864e+03
3.286534562187510346e+03
3.286600405951178345e+03
3.286775648686595559e+03
3.286814143083579893e+03
3.286950419489844080e+03
3.286984386325037576e+03
3.287039944645285686e+03
3.287234405711428735e+03
3.287336940296461307e+03
3.287422044035813997e+03
3.287872993296310142e+03
3.288340645622277862e+03
3.288830505075961810e+03
3.288843107122207584e+03
3.289018330264065298e+03
3.289049772266276705e+03
3.289205222135310578e+03
3.289208654149654194e+03
3.289223524947032274e+03
3.289342996170243623e+03
3.289814251538603003e+03
3.289925215759922139e+03
3.290137984577751013e+03
3.290358010453508996e+03
3.290546633278315312e+03
3.291459807270315196e+03
3.291601598889461002e+03
3.292258333144907283e+03
3.292762126473015996e+03
3.292804146983763985e+03
3.293040098553197822e+03
3.293694334552442797e+03
3.293731481404546230e+03
3.293991098807655362e+03
3.294221803075028674e+03
3.294296213448805702e+03
3.294389127149173873e+03
3.295056441814566824e+03
3.295103677579023952e+03
3.295203948963139283e+03
3.295233095710949328e+03
3.295400921857352387e+03
3.295496896842262686e+03
3.296410789846677744e+03
3.297398370469266411e+03
3.297542985404808860e+03
3.297845051699720898e+03
3.298154516669909299e+03
3.298459895150930151e+03
3.298631254857392832e+03
3.298900301288173978e+03
3.299009056155893177e+03
3.299346256704593543e+03
3.299504253417884684e+03
3.300003490426609915e+03
3.300196017228389792e+03
3.300442146625893201e+03
3.300597640565721122e+03
3.301594042700503906e+03
3.302495982668157467e+03
3.302509104563057008e+03
3.302711540723787493e+03
3.302716248474111126e+03
3.302993632997534860e+03
3.303085348780707591e+03
3.303425395036222199e+03
3.303630935032832440e+03
3.303647031443215837e+03
3.304123666203403445e+03
3.304314433821625698e+03
3.304533205264342541e+03
3.304618467507392324e+03
3.305437212313719101e+03
3.305738689931185945e+03
3.305743460399050946e+03
3.305746645665376036e+03
3.306573998632502480e+03
3.306727766748616432e+03
3.307491498635115022e+03
3.307558024187768751e+03
3.308750929093579543e+03
3.309007801598817878e+03
3.309031161663395778e+03
3.309139105892687894e+03
3.309344727838017207e+03
3.309523129611896366e+03
3.310102921162339044e+03
3.310473465796867004e+03
3.310805645487428137e+03
3.311271327119672151e+03
3.311678988997700344e+03
3.311681405006299883e+03
3.311693796198338987e+03
3.312017735715208346e+03
3.312105248057910103e+03
3.312726689462067498e+03
3.313169982792901465e+03
3.313473389698684969e+03
3.314884312001651324e+03
3.314993708597903606e+03
3.315072902946894828e+03
3.315500616497388364e+03
3.315550739735918796e+03
3.315596805593312183e+03
3.316004399096669204e+03
3.316390326000291680e+03
3.316852823204231754e+03
3.316975696844014692e+03
3.317093618099210289e+03
3.317319647767535116e+03
3.318718220579483386e+03
3.318757888722853750e+03
3.318769452665835615e+03
3.319201903982586373e+03
3.319849556650332033e+03
3.319938997732881489e+03
3.319969418374266752e+03
3.320092083607581571e+03
3.320104961325363092e+03
3.320176774190210381e+03
3.320250764005146721e+03
3.320505960092987607e+03
3.320537615800073581e+03
3.320614103317188437e+03
3.320702277783844693e+03
3.320713771894379988e+03
3.321147583692943499e+03
3.321310466713200640e+03
3.321347485552029866e+03
3.321924468608104689e+03
3.322231626772460004e+03
3.322675084156220237e+03
3.322709918192936129e+03
3.322871765392069392e+03
3.323091500814262417e+03
3.323093840119489869e+03
3.323536744895136962e+03
3.323681820883966793e+03
3.324344753560871595e+03
3.324681697283118410e+03
3.324821050685457067e+03
3.325066301253206802e+03
3.325369613429171295e+03
3.325531045835935402e+03
3.326105165490836498e+03
3.326515484095355532e+03
3.327417445899533050e+03
3.327620095824742748e+03
3.327787644915410056e+03
3.328132957877105127e+03
3.328475381046500843e+03
3.328619783193963030e+03
3.330293432045328245e+03
3.330411869265947644e+03
3.330541104884860943e+03
3.330567930261880974e+03
3.330754789219942268e+03
3.330770388775076754e+03
3.331603645344399865e+03
3.331617965432341407e+03
3.331771741321127138e+03
3.333129559023330785e+03
3.333477899987174169e+03
3.333991051418239294e+03
3.334618392653675073e+03
3.335161171704070057e+03
3.335265390045065942e+03
3.335550787079445399e+03
3.337645889039745271e+03
3.337800608359198122e+03
3.338360040366725116e+03
3.338903693467270386e+03
3.339024200948684211e+03
3.339514508573728108e+03
3.341144546445822925e+03
3.342097355458054608e+03
3.342367063011944992e+03
3.342852589444299610e+03
3.342900336799717934e+03
3.343223635803959951e+03
3.344076577075131354e+03
3.344182669065627124e+03
3.345478522440029792e+03
3.345614570227347485e+03
3.346107312853261192e+03
3.346347661201477877e+03
3.346448583779315868e+03
3.346477593343032822e+03
3.346861970605986699e+03
3.346943014801080153e+03
3.347181962453914821e+03
3.347847678762407668e+03
3.348109621835923008e+03
3.348138784281367862e+03
3.348203875413553760e+03
3.348408840316615169e+03
3.348501430871088360e+03
3.348809923142569914e+03
3.348910601079477146e+03
3.349585347042887406e+03
3.349724453089566396e+03
3.349724933946046804e+03
3.350196391200317976e+03
3.350207109671034232e+03
3.350247326728232110e+03
3.350918528573076856e+03
3.350964301815220551e+03
3.351212508993743995e+03
3.351508172311635008e+03
3.352048815106506481e+03
3.352536942039106179e+03
3.352566531631748148e+03
3.352647488214407076e+03
3.353775976721784446e+03
3.353776683572336879e+03
3.353806803086772106e+03
3.353809404603663097e+03
3.354484190326980752e+03
3.354851333960645206e+03
3.355032658921030361e+03
3.355581106614997225e+03
3.355694011470372971e+03
3.355719921601555598e+03
3.355840769326004192e+03
3.356316721707675697e+03
3.356376114244596920e+03
3.356562181724775201e+03
3.357032294935118443e+03
3.357277975521492863e+03
3.357477883720447608e+03
3.358158920381067674e+03
3.358492559970086859e+03
3.358549955165595293e+03
3.358572180886947535e+03
3.358925764761605024e+03
3.358996075485887559e+03
3.359077711336028642e+03
3.359697641687831037e+03
3.359781100940040233e+03
3.360084605360287696e+03
3.360676254157360290e+03
3.360789790240602997e+03
3.361041822749278708e+03
3.361294915019690961e+03
3.361334511739281879e+03
3.361404032717185146e+03
3.361599881612040008e+03
3.361875634150845599e+03
3.362122742763256610e+03
3.362262280861711133e+03
3.362755639622378567e+03
3.363152081899602763e+03
3.363237930465008503e+03
3.363369549441879371e+03
3.363490769570958491e+03
3.364321944897949379e+03
3.364473791110918683e+03
3.365300219874161030e+03
3.365462260365651673e+03
3.365612940097074897e+03
3.365614683899378178e+03
3.365866176968940636e+03
3.366033397771425825e+03
3.366151279030694241e+03
3.366255834888902882e+03
3.366622761207996064e+03
3.366708391424451293e+03
3.367288044985513352e+03
3.367837599374901401e+03
3.368603033881082411e+03
3.368662638745049662e+03
3.368809733111301739e+03
3.368879448226190561e+03
3.368948017739285660e+03
3.369124998635204975e+03
3.369605454092643413e+03
3.369751797662349418e+03
3.370261011277900252e+03
3.370327680003454589e+03
3.370492021498786016e+03
3.371079997471994375e+03
3.371243567025677294e+03
3.371443996099708784e+03
3.372119673868051905e+03
3.372448945577060385e+03
3.372450188397850070e+03
3.372461052510504487e+03
3.372567988233866799e+03
3.372593139095113656e+03
3.372606623994263373e+03
3.373019004965559361e+03
3.373605694249863518e+03
3.374202094745724935e+03
3.374267931083965777e+03
3.374512878110940164e+03
3.374515082622962382e+03
3.374702620832727007e+03
3.374900685822069136e+03
3.374987083919286306e+03
3.375140369637749700e+03
3.375267913707330536e+03
3.375300414978690242e+03
3.375930461753882810e+03
3.375981715056814664e+03
3.376938918305029802e+03
3.377613492646632494e+03
3.377862534952826991e+03
3.377872934782514676e+03
3.378070979395568884e+03
3.378314557870454337e+03
3.378974203955403482e+03
3.379218595408115561e+03
3.379282878947591598e+03
3.379390508077607137e+03
3.379597841266639989e+03
3.379648922228721858e+03
3.380220608357262336e+03
3.380560126820282221e+03
3.380568650236092708e+03
3.380656054314657922e+03
3.380853558687681925e+03
3.381241898411091825e+03
3.381282809494909543e+03
3.381328876129219680e+03
3.381583811825534667e+03
3.382092125358231442e+03
3.382221476802657435e+03
3.382411144514367606e+03
3.382586464035558038e+03
3.382895732539755954e+03
3.383103757297793436e+03
3.383239403917486015e+03
3.383355832826913684e+03
3.383510544498797117e+03
3.383592918934511090e+03
3.384314925050066904e+03
3.384484812631689692e+03
3.384741727911000908e+03
3.384743623193107851e+03
3.384748819791855567e+03
3.385712270298266958e+03
3.385727497377811687e+03
3.385955864678137004e+03
3.386238499469175167e+03
3.386289818713103614e+03
3.386665481672749593e+03
3.386756233888785118e+03
3.387013659588731116e+03
3.387438274048138283e+03
3.387714933123657829e+03
3.388967973661779070e+03
3.389187237092200121e+03
3.389815012111604574e+03
3.390313823350294115e+03
3.390725853383561116e+03
3.390879271692128896e+03
3.391182753676508128e+03
3.391259615890884106e+03
3.391939040412846225e+03
3.392032979856642214e+03
3.392338749504223870e+03
3.392936357762729585e+03
3.392942062596740470e+03
3.393563830729117399e+03
3.393833396763106066e+03
3.393872218264094499e+03
3.394148042467324558e+03
3.394162649016740943e+03
3.395264910077276454e+03
3.396348645790786122e+03
3.396500996897864752e+03
3.396908203726228294e+03
3.397353540052602511e+03
3.397587185508524271e+03
3.397588540206909329e+03
3.397876175412343855e+03
3.397991774827773497e+03
3.398022762609012261e+03
3.398469931703501970e+03
3.399469409720158183e+03
3.399657309934681507e+03
3.399736847144613421e+03
3.400088518751059837e+03
3.400214989700630667e+03
3.400583715023488821e+03
3.400683136280953022e+03
3.401161972669725401e+03
3.401991559137974491e+03
3.402123466834277679e+03
3.402571583431647014e+03
3.402793543956756366e+03
3.403016010653293051e+03
3.403525123653970240e+03
3.403602585673466365e+03
3.403957250385815314e+03
3.405156160285848728e+03
3.405365816204634484e+03
3.405887551035707020e+03
3.405915117480090885e+03
3.406136747620930691e+03
3.406281398165164774e+03
3.406327484637916314e+03
3.406477398263103169e+03
3.406595924542166358e+03
3.407065792551333288e+03
3.407108803191003517e+03
3.407136347790150921e+03
3.407573538457461837e+03
3.408128048142446005e+03
3.408421133720155922e+03
3.410217218609121119e+03
3.410504164138305441e+03
3.410534675974973652e+03
3.410784231064662436e+03
3.410872259828031929e+03
3.411282302447329585e+03
3.411333881529038536e+03
3.411440178787313016e+03
3.411517219920703155e+03
3.411651976574069067e+03
3.411759982127865442e+03
3.411936785526715084e+03
3.412176314103844106e+03
3.412364473013874431e+03
3.412640678539949931e+03
3.413925456875795135e+03
3.414155312960968331e+03
3.414839629330916523e+03
3.415306511557240356e+03
3.415679277753999941e+03
3.416196755392594241e+03
3.416347826975079442e+03
3.416769141507536460e+03
3.416821481693662463e+03
3.417309860738219413e+03
3.417557811956407932e+03
3.417628073071372000e+03
3.417737455868843881e+03
3.417819222981424900e+03
3.417958560308376491e+03
3.418966104596988771e+03
3.419283713565861035e+03
3.419350987650646857e+03
3.419359710905227985e+03
3.419710595292730432e+03
3.420566159967218937e+03
3.421080300708477353e+03
3.421358215672160895e+03
3.422041440285517183e+03
3.422445507260009435e+03
3.422823621545105652e+03
3.422901316012797906e+03
3.423357455398375805e+03
3.423587428510230438e+03
3.424732531056996777e+03
3.424969748544687718e+03
3.425500159230683948e+03
3.425582182475498939e+03
3.425781498349806498e+03
3.425834398187193983e+03
3.426788759104082601e+03
3.426818591068179558e+03
3.427000543245959307e+03
3.427455252860426299e+03
3.427568455631308098e+03
3.428280400111001200e+03
3.428610606295930211e+03
3.428683300029043494e+03
3.428995564236317932e+03
3.429605678278351661e+03
3.429703867921004075e+03
3.429830063879778663e+03
3.429844800662840953e+03
3.430041669826690395e+03
3.430074837789784397e+03
3.430206291812627569e+03
3.430320995701983065e+03
3.430984256930629726e+03
3.431098765699686282e+03
3.431298398444460872e+03
3.431453583974503545e+03
3.431763180374915009e+03
3.431922145952372375e+03
3.432688141635340799e+03
3.432763654444423537e+03
3.432839440963121433e+03
3.433175836351913404e+03
3.433662491622567359e+03
3.434711630379037615e+03
3.435076273842867067e+03
3.435388233908776328e+03
3.436196973359909862e+03
3.436303626920296665e+03
3.436429302765798184e+03
3.436551597520096948e+03
3.437497078376272839e+03
3.437529427239431243e+03
3.437682154979046118e+03
3.437875217164086735e+03
3.437899461120798151e+03
3.438514843143935650e+03
3.439271555921767686e+03
3.439502855257928331e+03
3.439889823881945631e+03
3.439892926842051111e+03
3.440420716270286903e+03
3.440732163314273748e+03
3.442176366034830608e+03
3.442276506293086186e+03
3.442900719990329435e+03
3.443070031940390891e+03
3.444267043980902599e+03
3.444911909267666942e+03
3.444954258994100655e+03
3.445196810453924172e+03
3.445361398524003107e+03
3.445528397993862200e+03
3.445839145564477349e+03
3.446179606230015452e+03
3.446350295563203872e+03
3.446548689797971747e+03
3.446817761221976525e+03
3.446887338615073531e+03
3.447328718814949752e+03
3.447770721225989291e+03
3.448877625864708534e+03
3.449261955643830788e+03
3.449668699360782739e+03
3.450033825622987933e+03
3.450107833864668009e+03
3.450181071346412409e+03
3.450382693387718973e+03
3.450789372789039135e+03
3.450939741765461804e+03
3.451438679491358471e+03
3.451652628116959022e+03
3.451690246026587829e+03
3.451787372320479335e+03
3.452076131388550493e+03
3.452117894021615484e+03
3.452341519187633821e+03
3.452667166677316800e+03
3.452956202865137129e+03
3.453174227237867854e+03
3.454156339262030087e+03
3.454480004973977884e+03
3.454501697912916825e+03
3.455009515567880499e+03
3.455402419921387263e+03
3.455610298314178635e+03
3.455767371234061557e+03
3.456434707250064093e+03
3.456437891616441448e+03
3.456753054325676658e+03
3.457420691298429574e+03
3.458303239866508648e+03
3.458897917183685877e+03
3.459751219924794441e+03
3.460666144463901674e+03
3.460696979804273724e+03
3.460780523655635534e+03
3.461406811609170745e+03
3.461499582976714009e+03
3.461728365820802537e+03
3.462271501151424218e+03
3.462528289280268837e+03
3.463276189834109118e+03
3.463349087731159671e+03
3.463929094823354262e+03
3.463973142609688693e+03
3.464525748898068741e+03
3.464657599523206954e+03
3.465347988574911597e+03
3.465798680333024549e+03
3.465812122715563419e+03
3.466011356924931533e+03
3.467035473278456266e+03
3.467063532951628986e+03
3.467201150871902428e+03
3.467717785483980606e+03
3.468203488481684872e+03
3.468621838320771531e+03
3.469018605213791943e+03
3.469022509345156323e+03
3.469222208650055109e+03
3.469525593735826988e+03
3.469734466452298875e+03
3.469854207367521212e+03
3.470318195379316421e+03
3.470861933870130997e+03
3.471263225051842710e+03
3.471378140981129036e+03
3.471523794943124813e+03
3.471782169864606658e+03
3.472286272527063375e+03
3.473010719657326717e+03
3.473136775811496136e+03
3.473642026353581969e+03
3.473794339998581563e+03
3.474026650400836388e+03
3.474209725366285511e+03
3.474285113966453991e+03
3.474486687896758212e+03
3.474877817041278831e+03
3.474957241283129406e+03
3.475114076319409378e+03
3.475131834154233729e+03
3.475334672927227984e+03
3.476080951967672263e+03
3.476275761332820366e+03
3.476836196845409177e+03
3.477191350198391319e+03
3.477339090977554861e+03
3.477852054152433084e+03
3.477947465711840323e+03
3.478068280613635579e+03
3.478590979778246947e+03
3.479055563066327977e+03
3.479073207163996813e+03
3.479146591797090423e+03
3.479300484810810758e+03
3.479713376145114580e+03
3.479790634841831434e+03
3.480466163789947132e+03
3.481091160167812632e+03
3.481691366797023420e+03
3.482019517415230894e+03
3.482054086662041755e+03
3.482325804928695561e+03
3.482495850002331281e+03
3.482909227545784688e+03
3.483002225123845619e+03
3.483164026504627145e+03
3.483439083367698458e+03
3.483987505466213861e+03
3.484538742162359995e+03
3.484890145777717407e+03
3.485035082355762370e+03
3.485857860010890818e+03
3.486142135515591235e+03
3.486387734714883209e+03
3.486702979385173876e+03
3.486789160079597423e+03
3.486806862284939143e+03
3.487094633487079591e+03
3.487122925459202634e+03
3.487199545658694660e+03
3.487384214434359365e+03
3.487462229882099564e+03
3.488198680527203578e+03
3.488527936984376083e+03
3.489074165836847442e+03
3.489425676365513027e+03
3.489684646091292052e+03
3.489717397298516062e+03
3.490309106661506121e+03
3.490782098048013268e+03
3.490912284460012415e+03
3.491306474068780517e+03
3.492184555064666256e+03
3.492520319189567545e+03
3.493423574573045698e+03
3.494495402235628717e+03
3.494551446035606205e+03
3.494591687030644607e+03
3.494796697373064490e+03
3.494852678912234296e+03
3.496239821108361866e+03
3.496302601647816118e+03
3.496395206059786233e+03
3.496552114357301434e+03
3.496989322112362970e+03
3.497018845416482236e+03
3.497026819042367151e+03
3.497713623039669528e+03
3.497853230592230830e+03
3.498304276274196127e+03
3.498500177888756753e+03
3.498505286519956826e+03
3.498590683438160340e+03
3.498730203510320280e+03
3.498914157541026725e+03
3.499265815496690266e+03
3.499938914258050772e+03
3.499980143713985854e+03
3.500054217391697421e+03
3.500163701158254298e+03
3.500328177480945669e+03
3.500360372010244191e+03
3.501347242013906452e+03
3.501443744600162063e+03
3.501738149407508445e+03
3.501810898262669525e+03
3.501829384323740214e+03
3.501861500579424046e+03
3.502093625242472172e+03
3.502198262443719159e+03
3.502205975717637557e+03
3.502435890650222973e+03
3.502807886415764187e+03
3.503082234899051400e+03
3.503217938966661677e+03
3.503259484165105277e+03
3.503549990487791547e+03
3.503886099820532309e+03
3.504033565634091701e+03
3.505540292962345120e+03
3.505633164966570348e+03
3.506589488792362772e+03
3.507265192965247024e+03
3.507622094107310659e+03
3.507707676738317332e+03
3.508085417242138647e+03
3.508184877153047182e+03
3.508378628175985796e+03
3.508392287668118115e+03
3.508846843541377439e+03
3.508928942110832395e+03
3.509140741767542750e+03
3.509162814572890966e+03
3.509684648546215612e+03
3.509891870886636752e+03
3.510341878325242305e+03
3.510350958477077711e+03
3.510643828854548701e+03
3.511109933888715204e+03
3.511366328408233585e+03
3.511461303013014458e+03
3.511541743671169115e+03
3.511638249085046027e+03
3.511873848766578703e+03
3.511988960963612953e+03
3.512219100009878275e+03
3.512629696568746112e+03
3.512796248541782916e+03
3.513516841723814650e+03
3.513786399929553681e+03
3.514215817013438027e+03
3.514297990720499456e+03
3.514327249221372767e+03
3.514530048385110149e+03
3.514814991972643384e+03
3.514919133587429769e+03
3.515499352611601353e+03
3.515536184196765134e+03
3.515621885356059011e+03
3.516821325671641262e+03
3.517033098706473538e+03
3.517034345355000369e+03
3.517379486054288463e+03
3.517501822889735649e+03
3.518117028484617094e+03
3.518658432680983879e+03
3.518694318496744927e+03
3.518803438226399066e+03
3.519720314717513702e+03
3.519809715177083945e+03
3.519820042435849700e+03
3.520333179622677562e+03
3.520960568500437603e+03
3.521227825731203211e+03
3.521365495450381786e+03
3.521375218006207433e+03
3.521616945217969715e+03
3.521720092781811672e+03
3.522492435550812843e+03
3.522568898087614343e+03
3.522675956159725956e+03
3.522864448100381651e+03
3.524455173614654086e+03
3.524506756099721770e+03
3.524515304902869502e+03
3.524993339535621089e+03
3.525079729181652510e+03
3.525230894763316883e+03
3.525281939508995492e+03
3.525524097718752273e+03
3.526274477904624291e+03
3.526279492004106942e+03
3.527019050120570228e+03
3.527193062140331676e+03
3.527614596349176281e+03
3.527632876127197505e+03
3.527701584756579450e+03
3.527787752075541903e+03
3.528172692736584850e+03
3.528255399279234553e+03
3.528302377048617473e+03
3.528690787350287792e+03
3.528734087602460477e+03
3.529306015930927970e+03
3.529332218422651295e+03
3.529664025154758292e+03
3.529954514859775372e+03
3.530834668224614234e+03
3.531336844755565835e+03
3.531488073293582147e+03
3.531831425899523765e+03
3.531842871987101262e+03
3.532573215550484747e+03
3.533114785695526734e+03
3.533407572943395735e+03
3.533730775918736072e+03
3.534109650902064459e+03
3.534189515227667016e+03
3.534587993147387806e+03
3.535121475322570859e+03
3.535127952745232051e+03
3.535861695678317574e+03
3.536216108025699668e+03
3.536264725757633641e+03
3.536787854495905776e+03
3.537467460777410906e+03
3.537778443962740312e+03
3.537778534886514990e+03
3.537827434071843982e+03
3.537942862199021874e+03
3.538777916143050788e+03
3.538872435162410511e+03
3.539004419157411576e+03
3.539319679004463978e+03
3.539487959162755942e+03
3.540001044529104547e+03
3.540433732866886203e+03
3.540792093705878870e+03
3.540843280447350025e+03
3.540900621587350997e+03
3.541061297838780774e+03
3.541141467145042498e+03
3.541144363558034001e+03
3.541324217903242243e+03
3.541348392729546504e+03
3.541527095548698981e+03
3.541999515908044941e+03
3.542008055908421738e+03
3.542089647265197982e+03
3.542121271160011020e+03
3.542707092087503042e+03
3.543263574302375673e+03
3.544237705677348458e+03
3.544481918562161809e+03
3.545033839951690879e+03
3.545092172181551177e+03
3.545138442604675674e+03
3.546416508870208418e+03
3.546549283975607977e+03
3.546714363355606110e+03
3.546895141512530245e+03
3.547422971204102396e+03
3.547624699237184359e+03
3.547713285468199956e+03
3.548057568291826101e+03
3.548251895961966511e+03
3.548265915682214199e+03
3.548566679371824193e+03
3.549849113036481413e+03
3.550371537076688128e+03
3.550747778373154688e+03
3.550835310962174844e+03
3.551135888349195739e+03
3.551210123931045018e+03
3.551372512455541255e+03
3.551446492496592782e+03
3.551469126324540412e+03
3.551547550152907661e+03
3.551699198315403009e+03
3.551754118494089653e+03
3.551940481999327858e+03
3.552032423531759832e+03
3.552997850336364991e+03
3.553094899215547230e+03
3.553461404326568754e+03
3.553536255448810607e+03
3.554216379171411972e+03
3.554412626880445259e+03
3.554432770504688961e+03
3.554527613727157586e+03
3.555764226373791189e+03
3.556135476511400157e+03
3.556492205868442397e+03
3.556509060485980626e+03
3.556961167124377880e+03
3.557406981302168788e+03
3.557629283804841634e+03
3.557645031350446516e+03
3.557938402443493942e+03
3.558507271136203599e+03
3.558660892097456781e+03
3.558792141344753873e+03
3.558899049407661551e+03
3.559329974060509358e+03
3.559397676557442082e+03
3.559588727672673485e+03
3.559828690083507354e+03
3.560031106351800190e+03
3.561158089880815169e+03
3.561200710237655130e+03
3.561424210257256163e+03
3.562221531991555366e+03
3.562764925055117146e+03
3.562895829942693581e+03
3.563205135939851516e+03
3.563241013996344464e+03
3.563755731780374390e+03
3.564291901691897237e+03
3.564507183553052528e+03
3.564767963031704312e+03
3.564874444955616582e+03
3.564898147448931923e+03
3.565456535308801449e+03
3.565828030593962467e+03
3.566435456680210791e+03
3.566738377182003205e+03
3.566855793313128743e+03
3.567122855165798683e+03
3.567256660494943844e+03
3.567767468245942382e+03
3.568228290759975152e+03
3.568603826745950755e+03
3.568702433285633560e+03
3.569209759737279455e+03
3.569375756087299578e+03
3.570288268707140560e+03
3.570532208563868608e+03
3.570582059024744922e+03
3.571826118144378142e+03
3.572351554165060406e+03
3.572369638133885928e+03
3.572468546610096837e+03
3.572530365563812666e+03
3.573181715164326306e+03
3.574136533161977695e+03
3.574364599154567713e+03
3.575471726002630930e+03
3.575527929643622429e+03
3.575859307396814984e+03
3.576221895102790768e+03
3.576229982539007324e+03
3.576298356328972659e+03
3.576392253663892461e+03
3.577858220529534719e+03
3.578133188657528081e+03
3.578137134559334754e+03
3.578454629434185335e+03
3.578741856004638976e+03
3.578743415163506143e+03
3.579813152439828627e+03
3.579877458770901740e+03
3.579961526327791944e+03
3.580645354058248813e+03
3.580884186440678150e+03
3.581389569430168194e+03
3.581720543835087483e+03
3.582235356150932603e+03
3.582336243760102207e+03
3.582507595997409226e+03
3.583110477846066260e+03
3.583334574808291109e+03
3.583420877634923727e+03
3.583936953945121786e+03
3.584020118677018672e+03
3.584127200132555572e+03
3.584148438870074187e+03
3.585137751172588651e+03
3.585278578350764292e+03
3.585426966253669889e+03
3.585428943108549902e+03
3.585433447698927466e+03
3.585447213053036194e+03
3.585666535709278378e+03
3.585844505100752031e+03
3.587274304525144998e+03
3.587380236317031176e+03
3.587958840814036648e+03
3.588040681321634111e+03
3.588188092653959757e+03
3.588276044078647374e+03
3.588447697372233506e+03
3.589008096133811250e+03
3.589504610836341726e+03
3.590053649939785828e+03
3.590110582576843626e+03
3.590328439580868690e+03
3.590419743615227617e+03
3.590561199509967537e+03
3.590977957603557115e+03
3.591077132917816925e+03
3.591202963622923107e+03
3.591923039373689335e+03
3.591923448891699991e+03
3.592014785749446219e+03
3.592602940043720992e+03
3.593102086331683040e+03
3.593192372397450981e+03
3.593557640516742140e+03
3.594110622282655640e+03
3.594335372360380916e+03
3.594343119537546499e+03
3.594353351028688394e+03
3.594357758749234563e+03
3.595457520828742872e+03
3.596835339289516924e+03
3.597032653826059686e+03
3.597203747119729996e+03
3.597976504626889437e+03
3.598445788189785162e+03
3.598689332849664879e+03
3.598847302049633527e+03
3.599154706170885220e+03
3.599171369971080821e+03
3.599288489220647079e+03
3.599667783609987055e+03
3.599867310975131659e+03
3.600333628258856152e+03
3.601913713021977401e+03
3.602063388665894763e+03
3.603243325090558756e+03
3.603390760976706588e+03
3.604104724428204463e+03
3.604860119201840007e+03
3.604873032962836078e+03
3.604977744189779514e+03
3.607112326093355477e+03
3.607730879629305491e+03
3.608355672246322229e+03
3.608595728273296572e+03
3.609733033814155988e+03
3.609797718235348839e+03
3.610401811267819994e+03
3.611780824272495920e+03
3.611817550107845818e+03
3.612041657725610094e+03
3.612077400902769568e+03
3.612574565014877408e+03
3.613499046370627184e+03
3.615104858090805919e+03
3.615125032080662550e+03
3.615171931147268879e+03
3.615186741680722207e+03
3.615388154694364857e+03
3.615829577357880680e+03
3.616681656504138118e+03
3.617004129649750666e+03
3.617982990258392419e+03
3.618542538206766949e+03
3.620170254027168539e+03
3.620535135769805038e+03
3.620818225771255129e+03
3.621032441892376937e+03
3.623040914494326444e+03
3.624368890442001884e+03
3.624479616001451632e+03
3.625057474404005461e+03
3.625238298677814782e+03
3.625406502562591868e+03
3.626963055520848229e+03
3.627708158433413701e+03
3.628608276381900851e+03
3.630073669116863130e+03
3.630852777647242874e+03
3.630979502662514733e+03
3.631336355430045387e+03
3.631762295463938699e+03
3.634907545549348924e+03
3.634974922366709052e+03
3.635593129722474259e+03
3.635612728652733495e+03
3.635967328041813744e+03
3.636116273636726874e+03
3.637786558913807312e+03
3.639292122898252273e+03
3.640372880131232250e+03
3.640637861038407209e+03
3.642984437610792156e+03
3.643930876980844914e+03
3.644774840922442309e+03
3.645141681301799053e+03
3.646169971408131914e+03
3.646860452379179605e+03
3.646895091212658372e+03
3.647043811595041916e+03
3.648067680292951991e+03
3.648365643592536799e+03
3.648410207516515129e+03
3.648837296761868856e+03
3.648905734144465896e+03
3.649321658723663404e+03
3.650461096729955443e+03
3.651280920726254408e+03
3.651757163083908836e+03
3.652394155768899054e+03
3.654354983715024900e+03
3.654533660165208403e+03
3.655389737204210633e+03
3.657182949922334956e+03
3.658030602886944962e+03
3.660458513401893924e+03
3.662717812112053707e+03
3.663095566885738208e+03
3.663337782767411227e+03
3.663734183158641827e+03
3.664408766239006582e+03
3.665367413888023293e+03
3.665614166671961812e+03
3.666133801273625522e+03
3.666371608933819061e+03
3.666802823736925347e+03
3.667295567656057756e+03
3.667823721303168895e+03
3.667881729000956057e+03
3.667956487810831732e+03
3.668998126188972037e+03
3.669414190913054426e+03
3.669442564129589300e+03
3.669999846794798032e+03
3.670143849927919291e+03
3.672159475554044548e+03
3.673997584741621722e+03
3.675350780264520381e+03
3.675857435475033526e+03
3.675907902276076129e+03
3.676600912128973050e+03
3.677577477340435053e+03
3.677901251685124407e+03
3.677948441382089641e+03
3.679778535189635477e+03
3.680452310323474194e+03
3.681193182594529844e+03
3.681447600762813181e+03
3.681489954382310771e+03
3.681586367819459610e+03
3.681599581603306888e+03
3.682571754311102268e+03
3.682776808314164100e+03
3.686383602802797668e+03
3.686831856485846401e+03
3.688006026432302860e+03
3.688220238653033448e+03
3.688747229248960593e+03
3.688779608830984671e+03
3.688907284053986587e+03
3.689186161284397713e+03
3.689982620933106773e+03
3.690985767254785060e+03
3.691929846811011430e+03
3.692164925106381361e+03
3.692540484446845312e+03
3.694163422954508405e+03
3.697059123745647412e+03
3.697298813205455190e+03
3.697563358882863213e+03
3.698038411757333051e+03
3.698453844839283647e+03
3.699085400250625298e+03
3.699591451420753856e+03
3.700320353696624807e+03
3.701236283689268475e+03
3.702287571430667413e+03
3.702395593785015535e+03
3.702632286259078228e+03
3.702819277628372220e+03
3.703187305967305747e+03
3.703741829523127308e+03
3.704255638594126594e+03
3.705245732800504811e+03
3.706399861495524874e+03
3.706469305045966394e+03
3.707762624094807052e+03
3.708142351542466258e+03
3.708322417902311372e+03
3.708767938967728242e+03
3.712037383539811344e+03
3.712416591152212732e+03
3.713712145614910696e+03
3.714297382100519826e+03
3.715383322793630668e+03
3.717573168883172912e+03
3.717868532667953787e+03
3.717931172267820330e+03
3.718371694595677127e+03
3.718546589241691436e+03
3.718577794629347409e+03
3.719097648662242136e+03
3.719305324329916402e+03
3.719855635376080500e+03
3.720063682754901492e+03
3.720721877789793325e+03
3.720962326839975503e+03
3.720963189955146845e+03
3.721977161207841618e+03
3.722324431500819628e+03
3.722536674422544820e+03
3.723357142760847182e+03
3.723359246664763759e+03
3.723391191619869460e+03
3.723951755162315749e+03
3.725158025569372967e+03
3.725300098745098239e+03
3.725443436448839748e+03
3.725754862770636464e+03
3.725888214842042998e+03
3.727836371385669281e+03
3.727919507040486678e+03
3.728245936227080165e+03
3.728537371154638549e+03
3.728718710790799832e+03
3.728987285933946623e+03
3.729370160937467517e+03
3.729390511902304297e+03
3.730153176856573282e+03
3.732632110403916158e+03
3.734014358177556005e+03
3.735017591827867363e+03
3.737378698330208408e+03
3.737737206986004367e+03
3.739194509450066107e+03
3.739601080181845646e+03
3.740007936265322314e+03
3.740304363745462979e+03
3.741288075730420132e+03
3.742678857546602558e+03
3.743205119436720452e+03
3.743558510975856734e+03
3.744639629675952619e+03
3.745206171752821319e+03
3.747760614214286761e+03
3.747845875359847469e+03
3.750083560562327875e+03
3.750455388105049678e+03
3.750728186149912744e+03
3.754228632765377824e+03
3.757641092206768008e+03
3.758982176079070086e+03
3.759388205505279529e+03
3.759436474256791371e+03
3.759471645806019296e+03
3.759687562785436512e+03
3.762088959537092251e+03
3.763259598751110843e+03
3.763937562518437517e+03
3.764008704621639026e+03
3.764443560818406695e+03
3.764960568832861554e+03
3.765199013832255332e+03
3.766857207789003496e+03
3.766973528550645824e+03
3.767112153982510335e+03
3.768656643319357499e+03
3.769175870026687335e+03
3.769269545005360669e+03
3.769981577671638661e+03
3.770392289194824116e+03
3.771598763485078052e+03
3.771912660185704681e+03
3.772184959820703170e+03
3.772607751938729507e+03
3.773057214339809889e+03
3.773064360393362676e+03
3.773289526303326966e+03
3.773342115075325637e+03
3.773367333808226704e+03
3.774975717693766910e+03
3.776505666294945968e+03
3.778038414811417169e+03
3.778272548192579052e+03
3.778454213850573069e+03
3.778563850238062514e+03
3.778824586571491636e+03
3.780273601697726008e+03
3.780734832589976577e+03
3.780945036036884176e+03
3.781058641950336096e+03
3.781799090181307747e+03
3.783549306030966363e+03
3.783838750660953338e+03
3.784191091897570004e+03
3.785816990809950767e+03
3.786826020971952403e+03
3.787599050986336351e+03
3.788946196330412477e+03
3.789412597814475248e+03
3.790113479929658752e+03
3.790624307058572867e+03
3.792451344376875568e+03
3.796922881050197248e+03
3.797109149470232296e+03
3.797447947289272179e+03
3.797598406481929942e+03
3.797615291618106767e+03
3.797826888624599178e+03
3.797851794495398281e+03
3.798515604793186867e+03
3.798533319741491596e+03
3.798550375534199247e+03
3.798574089791103688e+03
3.799057078174035723e+03
3.799147342455817579e+03
3.799516796701989279e+03
3.801327947125792889e+03
3.801381247568739582e+03
3.801715152987510919e+03
3.801927639273365003e+03
3.802151669481001591e+03
3.802746877531222253e+03
3.802908320361817459e+03
3.802945124856181337e+03
3.803231421368488554e+03
3.803889954718542867e+03
3.803909165050003594e+03
3.804759737861316353e+03
3.805159935550602768e+03
3.806413667122238621e+03
3.806726296124468718e+03
3.807316743821778346e+03
3.807603376783996282e+03
3.807706291846324348e+03
3.809149107641394039e+03
3.809349835651551075e+03
3.812831659390192272e+03
3.814415650050610566e+03
3.814425982933183604e+03
3.818511256301893809e+03
3.818633416335194397e+03
3.819445907910934693e+03
3.819448939212941696e+03
3.819900032166786787e+03
3.820245377712493791e+03
3.820477754218468363e+03
3.821385284219277764e+03
3.821660003139909804e+03
3.824123480138708601e+03
3.825353141086212872e+03
3.825719364691136434e+03
3.825740501275948191e+03
3.826160424812973815e+03
3.827114434409587830e+03
3.827184893482650295e+03
3.828048278937047598e+03
3.829609009157412402e+03
3.830574399273960807e+03
3.833855010427218986e+03
3.834989394886814353e+03
3.836211587444781799e+03
3.837657358440502776e+03
3.838145431172411918e+03
3.840294210121009655e+03
3.841629012913793758e+03
3.841629698789995928e+03
3.841694641609002701e+03
3.841714357700465371e+03
3.842521721668107148e+03
3.844401301412996872e+03
3.845191593663971162e+03
3.845222354191832892e+03
3.845514127433860722e+03
3.845622068845215381e+03
3.846208848230033709e+03
3.846294305189742317e+03
3.846981963804008956e+03
3.847065667983545609e+03
3.847087083224691924e+03
3.847305134174805062e+03
3.847341455281364688e+03
3.847819405364485647e+03
3.847965322257439311e+03
3.848190644921173771e+03
3.849284751316520669e+03
3.849709061898298387e+03
3.849878914672268365e+03
3.850093203142551829e+03
3.850484161708321153e+03
3.852272613120871938e+03
3.853263697585843147e+03
3.853399772727067102e+03
3.854066167328685879e+03
3.854833921867720619e+03
3.855172358404534862e+03
3.859668714951661059e+03
3.859830463613350275e+03
3.860522857184080294e+03
3.861206536637231693e+03
3.863799064703542172e+03
3.865376066468884346e+03
3.865825832644055026e+03
3.865854531638803564e+03
3.866974012908858640e+03
3.867115296256579768e+03
3.868668854439551524e+03
3.868706983279984797e+03
3.869389394054336663e+03
3.869515939975210586e+03
3.870079233360620947e+03
3.870723909985831142e+03
3.871272987422269580e+03
3.871307932498157243e+03
3.872752579216075901e+03
3.874518219755166683e+03
3.874926163359619750e+03
3.875180419973304197e+03
3.877939139386855459e+03
3.878657864953669559e+03
3.879119526050797504e+03
3.879466474292844396e+03
3.879766463525793370e+03
3.880124826900440894e+03
3.880291234250247271e+03
3.880329911626032299e+03
3.881494718595394716e+03
3.881544647464246282e+03
3.881558935041939094e+03
3.883777393209626098e+03
3.884026873407672156e+03
3.887435402675830119e+03
3.889590817089119810e+03
3.889724162945924036e+03
3.890422914435220264e+03
3.890917089839393157e+03
3.891345272210485746e+03
3.892140124007145005e+03
3.892407178814565668e+03
3.893183979769934012e+03
3.893506436117057092e+03
3.893745466530184785e+03
3.894170468118217286e+03
3.895070161954098694e+03
3.896526298189044155e+03
3.897099691138094386e+03
3.897588824171592933e+03
3.897774538646328892e+03
3.900009215653614774e+03
3.901256233088387489e+03
3.901939307336913316e+03
3.903214589308607628e+03
3.903869240936857750e+03
3.904158640773858224e+03
3.906041354684787166e+03
3.906280235348020142e+03
3.906619844604687387e+03
3.906769353511604095e+03
3.907183879581144993e+03
3.907201513453466760e+03
3.907559728446321060e+03
3.907706893460822357e+03
3.912085655633399710e+03
3.912473687953978242e+03
3.913219758471114346e+03
3.913675547384600577e+03
3.914159010509213658e+03
3.914508813314634153e+03
3.914608454519978750e+03
3.914766274362228614e+03
3.915345061686119152e+03
3.916090437456249219e+03
3.916369622484809497e+03
3.917064419333294154e+03
3.917108074201085856e+03
3.917569591585360286e+03
3.917876129205943016e+03
3.917885197603397501e+03
3.918433887039236197e+03
3.918611029088634496e+03
3.918612425086966141e+03
3.918729398183334069e+03
3.921346703663372864e+03
3.921820484333600689e+03
3.922009220237880982e+03
3.923027418566621236e+03
3.923156259067940482e+03
3.923784085389357642e+03
3.924031717982880764e+03
3.924056027043634003e+03
3.924184621550880365e+03
3.924472477683409579e+03
3.925516915646772304e+03
3.925809647109882917e+03
3.925839641719104293e+03
3.926336471117448127e+03
3.927426597545141249e+03
3.928489582568513015e+03
3.928993450286325697e+03
3.929089701289627556e+03
3.929402305434222399e+03
3.929527256730410500e+03
3.931030234458145060e+03
3.931620413218938666e+03
3.931645028238310715e+03
3.932413367812921933e+03
3.932704084692278684e+03
3.933777139958758198e+03
3.934543853518560354e+03
3.935465586687326777e+03
3.935985882519290953e+03
3.936134201998969729e+03
3.936985133789683914e+03
3.937303752429261294e+03
3.937664936969543305e+03
3.938047206765125793e+03
3.938083324126491789e+03
3.938497758656629230e+03
3.939215197076927325e+03
3.939506071030862131e+03
3.939653897326161314e+03
3.939902939672198499e+03
3.939954637700257081e+03
3.939962977240988494e+03
3.940565194113856251e+03
3.941190009814671157e+03
3.941437587942074060e+03
3.941511478416166938e+03
3.941776221235411413e+03
3.941996213016529055e+03
3.942766966509934718e+03
3.943040837105405899e+03
3.943598007726151081e+03
3.944008534204554508e+03
3.945429694310988907e+03
3.945433656580607021e+03
3.946135111653964941e+03
3.947621029012292638e+03
3.948437350219272048e+03
3.948576901989664293e+03
3.948798244531645651e+03
3.949010027519525920e+03
3.950483576552313934e+03
3.950657539011118388e+03
3.950966121965717321e+03
3.951548838107297343e+03
3.952322780133449669e+03
3.953069085247195289e+03
3.953124676619187085e+03
3.953146056966787455e+03
3.953709491232475102e+03
3.954235545168713998e+03
3.954267570413669546e+03
3.954844016561767603e+03
3.955337715317964921e+03
3.955451519384107542e+03
3.955583055100062211e+03
3.955991981939304878e+03
3.956758737717106669e+03
3.956980840937268113e+03
3.958713792029894648e+03
3.958873715011849526e+03
3.958888290693319959e+03
3.959589484158560936e+03
3.959593373069221798e+03
3.960688184747461037e+03
3.962045367940018878e+03
3.962494617002555515e+03
3.962649280648377044e+03
3.962907083229060390e+03
3.963032157873705728e+03
3.964198403609494108e+03
3.964899833289247908e+03
3.966146291824424679e+03
3.966195317886524663e+03
3.967397219292529826e+03
3.968031787595893547e+03
3.969324255862348764e+03
3.969667407270403146e+03
3.970122237611023138e+03
3.971077198169016810e+03
3.971719915222508916e+03
3.972089737035109920e+03
3.972201154427145866e+03
3.973754232748020058e+03
3.974057108278720079e+03
3.974561946278227879e+03
3.974637536621753043e+03
3.974991867260649087e+03
3.975263729967210111e+03
3.975693578120906295e+03
3.975694420840545718e+03
3.976344399485477879e+03
3.976857454331806366e+03
3.978348729753257885e+03
3.978399905365615268e+03
3.980639284509059507e+03
3.980748471297488777e+03
3.981167776946397225e+03
3.983120774914019876e+03
3.984100425765423552e+03
3.984180243971374694e+03
3.984985321047773141e+03
3.985362415703079932e+03
3.985687796568673093e+03
3.986166362761545315e+03
3.986455357787858702e+03
3.988897740569940197e+03
3.988983744647127878e+03
3.989481736270236979e+03
3.990739895238441022e+03
3.991015663088739984e+03
3.991723187234187208e+03
3.991924634805311143e+03
3.992331271587944684e+03
3.993619213395606039e+03
3.993656920970738611e+03
3.993779407472490220e+03
3.993875864408646976e+03
3.994475533376668864e+03
3.994571830394835160e+03
3.994609122979835320e+03
3.994731945374848692e+03
3.995082786530184421e+03
3.998082307301002402e+03
3.998646785354582789e+03
3.999405665620894979e+03
3.999485054732350363e+03
4.000257814251932814e+03
4.000611481865238602e+03
4.001425322809878253e+03
4.001772198352151008e+03
4.001791580192870242e+03
4.003227485354832424e+03
4.003644256117033819e+03
4.004981356071214122e+03
4.005930866681516818e+03
4.006418567019063630e+03
4.006449556662948908e+03
4.006631801209218338e+03
4.006978852795861712e+03
4.007157700197913528e+03
4.007343374800677793e+03
4.007441914958743382e+03
4.007586474586077202e+03
4.008894852121161421e+03
4.009446741062339697e+03
4.010740858142761226e+03
4.011069655705372952e+03
4.013002932128838893e+03
4.013351764118156098e+03
4.013993723689618491e+03
4.014285553507042550e+03
4.014641842449770593e+03
4.014835230120912001e+03
4.014964609784175536e+03
4.015019142317477872e+03
4.016012117113193199e+03
4.016182323427452502e+03
4.016617904362964055e+03
4.017522735168683539e+03
4.017936539462123619e+03
4.017944138848204602e+03
4.018066600831894448e+03
4.018781167858785011e+03
4.018800289915684516e+03
4.018893787649466049e+03
4.019338032278729315e+03
4.019799774059766605e+03
4.020093850851898424e+03
4.020211250050339913e+03
4.020438533726713104e+03
4.020608165066472338e+03
4.020811116298368233e+03
4.020821845424049116e+03
4.021597608194086206e+03
4.021626847541746429e+03
4.022209657263849749e+03
4.022333410321848987e+03
4.022901860787755595e+03
4.023204789903084929e+03
4.023236642999883315e+03
4.023683918349499436e+03
4.024242320464699787e+03
4.024447696656405697e+03
4.024543696197823920e+03
4.024632900177626652e+03
4.024745570405523267e+03
4.025516860013500263e+03
4.025729841875125658e+03
4.026003301288698822e+03
4.026657670164203410e+03
4.027949924172558440e+03
4.028239958450006725e+03
4.028902009006544176e+03
4.029831445302545490e+03
4.031956691914150269e+03
4.032199465027288170e+03
4.032550111440586534e+03
4.032610026279337035e+03
4.032773203779844607e+03
4.032910111901285745e+03
4.033231067071985763e+03
4.035521842794433269e+03
4.036255098821011870e+03
4.037555568656104697e+03
4.038269501461974414e+03
4.039854477338267316e+03
4.041494847225178546e+03
4.041521951255531803e+03
4.042526961860030497e+03
4.042642714569819873e+03
4.043051663319937234e+03
4.043224856844105943e+03
4.043547321032156560e+03
4.044383385365771119e+03
4.044988285489897407e+03
4.045140761958194162e+03
4.045852096231465111e+03
4.046453302593244189e+03
4.046893222809609597e+03
4.048871766570244290e+03
4.049438983064412696e+03
4.049987697589436721e+03
4.050017477757326105e+03
4.050173795229249208e+03
4.051336782500806748e+03
4.051656237517046975e+03
4.051709023134412291e+03
4.051779496295867375e+03
4.052327351456570796e+03
4.053171122618551180e+03
4.053334091546850232e+03
4.053512234134410392e+03
4.054112356564591209e+03
4.054338398321968270e+03
4.054884989759302243e+03
4.055423249412103360e+03
4.055568506599719967e+03
4.055883502740902259e+03
4.056163151191457473e+03
4.056413106442122171e+03
4.057020411276602317e+03
4.059561529951504781e+03
4.062083667956226236e+03
4.062089822028449817e+03
4.062334147463653608e+03
4.062381033282503267e+03
4.062412326272231439e+03
4.063277201104575397e+03
4.063303466290296456e+03
4.064078662795643140e+03
4.064576524516406607e+03
4.064661840462779764e+03
4.064672889492021568e+03
4.065159504178867792e+03
4.065709841345170389e+03
4.066041532862955137e+03
4.066406107436509956e+03
4.066419540984706146e+03
4.066540136025956599e+03
4.066939391204646654e+03
4.067362102698021772e+03
4.069167876316620550e+03
4.069377191680039232e+03
4.069723485183986668e+03
4.069755168093974135e+03
4.069805527466346120e+03
4.070217283246821808e+03
4.071086081619417200e+03
4.071482294844883199e+03
4.071636889116661678e+03
4.072159754903128942e+03
4.072518172037644490e+03
4.072678028592024475e+03
4.073094483725304599e+03
4.073135124716372047e+03
4.073507928934961910e+03
4.073547752468798990e+03
4.074193567772890219e+03
4.074520994226355924e+03
4.074814334803404563e+03
4.074939065729874983e+03
4.075362933977837656e+03
4.075448343391737126e+03
4.075669118637990323e+03
4.075676305161783603e+03
4.075987175485098760e+03
4.076397488839149901e+03
4.076400139028888589e+03
4.078134189583035550e+03
4.078568919815820664e+03
4.078609911047061814e+03
4.078703947248458917e+03
4.079083567023951673e+03
4.079568897965327778e+03
4.079789786101916434e+03
4.079807917512649510e+03
4.079838341897615010e+03
4.080542020183634122e+03
4.081293894672096030e+03
4.081307795914431154e+03
4.081526855562161472e+03
4.082140584265072903e+03
4.083032376610870415e+03
4.084091370896815079e+03
4.084626233946250522e+03
4.085131783328597066e+03
4.085751820609751121e+03
4.087695236828182715e+03
4.087704573678405723e+03
4.089027938058498876e+03
4.089412793293012783e+03
4.089437637774906307e+03
4.089718876939652546e+03
4.091332242553677588e+03
4.092289658429627252e+03
4.092545855040430524e+03
4.093186973834283890e+03
4.093565572753399010e+03
4.093671654428228521e+03
4.093680773117523586e+03
4.093717513005316050e+03
4.094470040642353979e+03
4.094629615847815785e+03
4.094813646070986579e+03
4.094936414029290063e+03
4.097430665416947704e+03
4.097907081879142424e+03
4.098694121619216276e+03
4.098908161116944029e+03
4.098943874692562531e+03
4.099956593007910669e+03
4.100662959312205203e+03
4.100765708977460235e+03
4.101130300139075189e+03
4.101303894159873380e+03
4.101512657773218052e+03
4.101675206188258016e+03
4.101752178802094932e+03
4.102467960916246739e+03
4.102636813600927780e+03
4.102698870662122317e+03
4.103263741555132583e+03
4.103316972360395994e+03
4.103719981348691363e+03
4.103748770495868484e+03
4.104657506776529772e+03
4.104762143630146966e+03
4.105294274677603426e+03
4.106793123630806804e+03
4.107096854070218797e+03
4.107496695559962063e+03
4.107615165911923214e+03
4.108026638416892638e+03
4.108485935802914355e+03
4.109107249801289981e+03
4.110183448918335671e+03
4.110521482163177097e+03
4.110632236234137963e+03
4.111512271906078240e+03
4.112816646547315941e+03
4.113641113764181682e+03
4.115239497183573803e+03
4.116047238279282283e+03
4.116115199575933730e+03
4.116619819261135490e+03
4.117611480070457219e+03
4.118596885270981147e+03
4.118681760031547128e+03
4.118792940143162014e+03
4.119066515327174784e+03
4.119074756858871297e+03
4.119261103732847914e+03
4.120309702947665755e+03
4.120382490213160054e+03
4.120507555856946965e+03
4.122593318854195786e+03
4.122681417675686134e+03
4.123564422807250594e+03
4.124957979386480474e+03
4.125383677312130203e+03
4.125547543787004543e+03
4.126041633197878582e+03
4.126540085233558784e+03
4.126876137426730565e+03
4.127412126303364857e+03
4.128001663488629674e+03
4.129107680805096606e+03
4.129395285115461775e+03
4.129757593165422804e+03
4.129958194866488157e+03
4.132651589015699756e+03
4.133946265203020630e+03
4.134063794560690440e+03
4.134567273899067004e+03
4.134727743663836009e+03
4.135016165998751603e+03
4.135040868014780244e+03
4.135321641963839284e+03
4.135519176313929165e+03
4.138873082836916183e+03
4.139254213588946186e+03
4.139596734106990880e+03
4.139747391331434301e+03
4.139935009333735252e+03
4.140718809166090068e+03
4.140903564457896209e+03
4.141249669495165108e+03
4.142647897047505467e+03
4.142902510879766851e+03
4.142977326090869610e+03
4.143048326987910514e+03
4.143559837203113602e+03
4.143583870391365053e+03
4.143742146313251396e+03
4.144117003116668457e+03
4.144316033780628459e+03
4.146020250616695193e+03
4.146075995683467227e+03
4.146146275344082824e+03
4.147779692565004552e+03
4.147902243285056102e+03
4.148531601281697476e+03
4.148595871835486832e+03
4.148612695145401631e+03
4.148868814704915167e+03
4.149186828129537389e+03
4.149783531997839418e+03
4.150932657740961076e+03
4.151656158571220658e+03
4.151743982421226065e+03
4.152649612995114694e+03
4.153837263159069153e+03
4.154729405987603059e+03
4.154987799150962019e+03
4.155345220627794333e+03
4.157169281210937697e+03
4.157551936365466645e+03
4.157609436373371864e+03
4.157733527294074520e+03
4.158425413828655110e+03
4.158499465409729964e+03
4.159926955061910121e+03
4.161573918384151511e+03
4.161857826469698921e+03
4.161912944104560665e+03
4.162085558621164637e+03
4.162292200241124192e+03
4.162540085586345413e+03
4.162646595118769255e+03
4.163410053853336649e+03
4.163783866847102217e+03
4.163880449013528960e+03
4.163925720688303045e+03
4.163974388018104037e+03
4.164982080427867004e+03
4.165851388216798114e+03
4.165914108588042836e+03
4.167197536638552265e+03
4.168972397540703241e+03
4.169098586809323024e+03
4.169215715239114616e+03
4.169380588033121057e+03
4.170720982833202470e+03
4.172112588124506146e+03
4.172405563626498406e+03
4.172775808331097323e+03
4.173401757023589198e+03
4.173912440066957060e+03
4.175519262624467046e+03
4.176730285096837179e+03
4.179522120994952274e+03
4.179825881718094024e+03
4.180363164214654716e+03
4.180418974646489914e+03
4.180781174474567706e+03
4.181870576707549844e+03
4.182151185863820501e+03
4.182264050867761398e+03
4.182442271251819875e+03
4.182617465846578853e+03
4.183507219374170745e+03
4.183724910667779113e+03
4.183791266953679951e+03
4.184694200114100568e+03
4.184781931873684698e+03
4.185159846286323045e+03
4.185716025719617392e+03
4.186369778657643110e+03
4.186887564454008498e+03
4.187016130166804942e+03
4.187289493881776252e+03
4.187383757977841015e+03
4.187937306121454640e+03
4.188424985892615041e+03
4.189043984242298393e+03
4.189691692580039671e+03
4.190796543685253710e+03
4.191282074881385597e+03
4.192733645564680046e+03
4.192968306996871434e+03
4.193466200557967568e+03
4.194756381676811543e+03
4.194821862273115585e+03
4.196200847573863939e+03
4.196851600015296754e+03
4.197459832748216286e+03
4.197754386048591186e+03
4.198670670147206692e+03
4.198957892639586134e+03
4.199084825223500957e+03
4.199324816703060606e+03
4.200068111465476250e+03
4.200179381650438700e+03
4.200283024580289748e+03
4.201814112955193195e+03
4.201855146792268897e+03
4.202094678564104470e+03
4.202205913366327877e+03
4.202726110485365098e+03
4.202948265770935905e+03
4.202973208647345928e+03
4.203153967362495678e+03
4.203600908181804698e+03
4.203968643871588029e+03
4.204258990341517347e+03
4.204808446936536711e+03
4.205249464196216650e+03
4.206302747095908671e+03
4.206554013595860852e+03
4.207393321390896745e+03
4.207604581279181730e+03
4.207982509823305008e+03
4.208131995700869993e+03
4.209106141659901368e+03
4.210313057505517463e+03
4.210329392571994504e+03
4.210677069241943173e+03
4.210938315247685750e+03
4.211013883044919567e+03
4.211520263197903660e+03
4.211687353904539123e+03
4.211779515494597945e+03
4.211808563945918650e+03
4.211939138200696107e+03
4.211943431833726208e+03
4.211976759769125238e+03
4.211984391985828552e+03
4.212100155641535821e+03
4.212449197652971634e+03
4.212930032684496837e+03
4.213545409323687636e+03
4.214629895643942291e+03
4.214701393491382078e+03
4.214788347829325176e+03
4.214792696132947640e+03
4.214881772504844776e+03
4.215052605095992476e+03
4.215349651933643145e+03
4.215379037752799377e+03
4.215497207134392738e+03
4.215823185648665458e+03
4.215848005909416315e+03
4.216149157472537809e+03
4.216383090964041003e+03
4.216419812077495408e+03
4.216489892051946299e+03
4.216530460547649454e+03
4.216722256076232952e+03
4.216867288455291600e+03
4.217100716265580559e+03
4.217217553106482228e+03
4.217537396171062937e+03
4.218068083470088823e+03
4.218271662970554644e+03
4.218583955573696585e+03
4.219138366876079090e+03
4.219228413310852375e+03
4.219583027269939521e+03
4.219816592346647667e+03
4.220281424841715307e+03
4.220411194227501255e+03
4.220455985929638700e+03
4.220532212772787716e+03
4.220626171926745883e+03
4.220711081073412061e+03
4.221160691277887054e+03
4.221799676274346893e+03
4.222468752600595508e+03
4.222583614995502103e+03
4.223090754902405024e+03
4.223356955882631155e+03
4.223914521956185126e+03
4.224174243685954025e+03
4.224434163867347706e+03
4.224771647410582773e+03
4.224966919862421491e+03
4.225489886966839549e+03
4.225620909048816429e+03
4.226011970278692388e+03
4.226090106076780103e+03
4.226233950539965917e+03
4.226440329293007380e+03
4.226573501890993612e+03
4.226927850168047371e+03
4.227397720300066794e+03
4.227405972817066868e+03
4.227734855111119941e+03
4.229008367936270588e+03
4.229210068137366761e+03
4.229848400661889173e+03
4.229873914062008225e+03
4.230563629241866693e+03
4.231293926205564276e+03
4.231848106064239801e+03
4.231864148276536980e+03
4.231987085680979362e+03
4.232013545730706028e+03
4.232040211200708654e+03
4.232604761812407560e+03
4.232958934122234496e+03
4.233181079661948388e+03
4.233719108152803528e+03
4.233750939157989706e+03
4.234189766135772516e+03
4.235391745088418247e+03
4.235742201598814063e+03
4.235763132852172021e+03
4.235814303401459256e+03
4.236109072862996072e+03
4.236390899401660135e+03
4.236749358589796429e+03
4.236974237439765602e+03
4.237034959743106810e+03
4.237153808011745241e+03
4.237575369328862507e+03
4.237693047723693780e+03
4.237833042503587421e+03
4.237834596712623352e+03
4.238504977984408470e+03
4.238721374079264024e+03
4.238957104025364060e+03
4.239105939012979434e+03
4.239386391601447031e+03
4.239680614529544073e+03
4.239985277424651940e+03
4.240024900656962018e+03
4.240108696319830415e+03
4.240133443498189990e+03
4.240330028210864839e+03
4.240698440148113150e+03
4.241835070861548047e+03
4.242359719061155374e+03
4.242844291341860298e+03
4.243654644836207808e+03
4.243806305789088583e+03
4.244148975328483175e+03
4.244387500232821367e+03
4.244552034493104657e+03
4.245522873885915942e+03
4.245943350025187101e+03
4.246356248997155490e+03
4.246731978174050710e+03
4.246908642493462139e+03
4.247963929009932144e+03
4.248434305809876605e+03
4.248508365982195755e+03
4.249006334922946735e+03
4.249286052981722605e+03
4.249649932399096542e+03
4.249855499882924960e+03
4.249868808615497983e+03
4.249876599104910383e+03
4.250269961791352216e+03
4.250344378693808721e+03
4.250406015657803437e+03
4.250643001735369580e+03
4.250748568152725966e+03
4.251138753474492660e+03
4.253728481798454595e+03
4.253749175487045250e+03
4.254047594319786185e+03
4.254197262393390702e+03
4.254529079328358421e+03
4.254545295851201445e+03
4.255213431615064110e+03
4.255274595471802058e+03
4.255290419085029498e+03
4.255733086409612042e+03
4.255925941456192049e+03
4.255977029061949906e+03
4.256137281123150387e+03
4.256469659930713533e+03
4.256962598728776356e+03
4.257038629895611848e+03
4.257604825422011345e+03
4.257607010740903206e+03
4.257677375540427420e+03
4.257747945190748396e+03
4.257802918946010323e+03
4.258487481449588813e+03
4.258637400110519593e+03
4.258946090086863478e+03
4.259006459193847149e+03
4.259266771703543782e+03
4.259728025980777602e+03
4.259765905751122773e+03
4.260538484475737278e+03
4.261060462166068646e+03
4.261198381082816013e+03
4.261219316563980101e+03
4.261226298346728072e+03
4.261272631910528617e+03
4.261440722716863093e+03
4.261738313096826460e+03
4.261764596453496779e+03
4.261794010763088409e+03
4.262729209376884683e+03
4.263290967185985210e+03
4.263523758615725455e+03
4.264062856347102752e+03
4.264809432117921460e+03
4.265235879665170614e+03
4.265276381979493635e+03
4.265631512523264064e+03
4.265890478578370676e+03
4.267314893939938884e+03
4.267548307264779396e+03
4.267736865645189027e+03
4.268093561841455994e+03
4.268178316067898777e+03
4.268244481108062246e+03
4.268499375710583081e+03
4.269818504674665746e+03
4.269857567062827911e+03
4.270070208320583333e+03
4.270426326517491361e+03
4.270982934812252097e+03
4.271244991550815030e+03
4.271486901165927520e+03
4.271625531325807060e+03
4.271945985661976920e+03
4.272241144821951821e+03
4.272349564292328978e+03
4.272480382930729320e+03
4.272497676245755429e+03
4.272706108541028698e+03
4.272953994079267432e+03
4.273198590705741481e+03
4.273396516381413676e+03
4.274088350097567854e+03
4.274289492921431702e+03
4.274581465383991599e+03
4.274923253768806717e+03
4.275651863248658628e+03
4.276994162155829144e+03
4.277118807656762328e+03
4.277243764947740601e+03
4.277289599629059012e+03
4.277432292952024000e+03
4.277637722509357445e+03
4.277671282437941954e+03
4.278014412075730434e+03
4.278254773788627062e+03
4.278722512946790630e+03
4.279065443849033727e+03
4.280038364830149476e+03
4.280442968883576214e+03
4.282042354612493909e+03
4.282196429840991186e+03
4.282263866737243916e+03
4.282399760936371422e+03
4.282529664467737348e+03
4.282670032892753625e+03
4.283026239585392432e+03
4.283608294778558047e+03
4.283702487104338616e+03
4.283739141232281327e+03
4.284547500988641332e+03
4.284575506679175305e+03
4.284765080255591783e+03
4.284829637118029495e+03
4.285255288713518894e+03
4.285561740804124383e+03
4.286253359815127624e+03
4.286690557476317736e+03
4.286918395121464528e+03
4.287263056269474873e+03
4.287408321851323308e+03
4.287573352049342247e+03
4.287796529300222574e+03
4.288175028151480547e+03
4.289295083270483701e+03
4.289357819517063035e+03
4.289393170648752857e+03
4.289419860351001262e+03
4.289969277898360815e+03
4.289978819241920064e+03
4.290289895889486615e+03
4.290832538481589836e+03
4.290965935153275495e+03
4.291228390791385209e+03
4.291347127306208677e+03
4.291470937315519222e+03
4.292303726843384538e+03
4.292345745007835831e+03
4.292840864726580548e+03
4.292907513331556402e+03
4.293070585123411547e+03
4.293092544631364035e+03
4.293495874996394377e+03
4.293850259257265861e+03
4.294110937427147292e+03
4.294659954198940795e+03
4.294689964610145580e+03
4.294700544349219854e+03
4.294830393464090776e+03
4.294937139262325218e+03
4.295071241316187297e+03
4.295411883508356368e+03
4.296120385842064024e+03
4.296220074693471361e+03
4.296256362824952703e+03
4.296299113692269202e+03
4.296620260558718655e+03
4.296842938034355029e+03
4.297851076238475798e+03
4.297866152094279641e+03
4.298021667170590263e+03
4.298351459655010331e+03
4.298352851365745664e+03
4.298365198205478009e+03
4.298813780790622332e+03
4.299046785094681582e+03
4.299651756618519357e+03
4.299728007652309316e+03
4.299818842953113744e+03
4.300132979120939126e+03
4.300332758135431504e+03
4.300436712567203358e+03
4.300463487041095505e+03
4.300744909392460613e+03
4.300897018281099918e+03
4.301199182653729622e+03
4.301647044726842068e+03
4.302001315817967225e+03
4.302288592092896579e+03
4.302373334927316137e+03
4.302492333807180330e+03
4.302554712575177291e+03
4.302620830397266218e+03
4.302639780033568059e+03
4.302718536988757478e+03
4.302777324843339557e+03
4.302878898827758348e+03
4.302908013777007000e+03
4.302982646719334298e+03
4.303505051977369476e+03
4.303673875761243835e+03
4.304087685113276166e+03
4.304100700623659577e+03
4.304346704229913485e+03
4.304415586643196548e+03
4.304649572237589382e+03
4.304884319642316768e+03
4.305494961702571345e+03
4.305698116275762004e+03
4.305744314083005520e+03
4.306041957618215747e+03
4.306439186896916908e+03
4.306585192271077176e+03
4.306787332041191803e+03
4.307094728840599601e+03
4.307902668366919897e+03
4.308017970579217945e+03
4.308688047000061488e+03
4.308750595359453655e+03
4.308976605502743041e+03
4.309021179599828429e+03
4.310003663910894829e+03
4.310039496193880950e+03
4.310475032218540036e+03
4.311292113777651139e+03
4.311613070343662002e+03
4.311624676488869227e+03
4.312447477304999666e+03
4.313060064104156481e+03
4.313095850186052303e+03
4.313116179300509430e+03
4.313160534737291528e+03
4.313208953038994878e+03
4.313921221446494201e+03
4.314484949732740461e+03
4.314637048337992383e+03
4.315354744111879882e+03
4.315517416715688341e+03
4.315815280695550427e+03
4.315886311543663396e+03
4.316042172615563686e+03
4.316166942363061935e+03
4.316391826319365464e+03
4.316762585587031936e+03
4.317275228052349121e+03
4.317543268385151350e+03
4.317665338030062230e+03
4.317996201115556687e+03
4.318090656083232716e+03
4.318126542469622109e+03
4.318343817251657129e+03
4.318516001357038476e+03
4.319994905488070799e+03
4.320562881371021831e+03
4.321044290708099652e+03
4.321490576212856467e+03
4.321693577834171265e+03
4.321924960972205554e+03
4.322754776237546139e+03
4.323219463047303179e+03
4.323334025098454731e+03
4.323343300943995928e+03
4.324054959086987765e+03
4.325149283692710924e+03
4.325218434698744204e+03
4.325608542998304983e+03
4.325800404125786372e+03
4.326220968770585387e+03
4.326390264490009031e+03
4.326513785257774543e+03
4.327131035979276930e+03
4.327651697781552684e+03
4.328068418346991166e+03
4.328131513608102978e+03
4.328505540170654058e+03
4.328744847587496224e+03
4.329103959711660536e+03
4.329160746273911172e+03
4.329542128532332754e+03
4.329851976317151639e+03
4.330108299396113580e+03
4.330359288991348876e+03
4.330504378302067380e+03
4.330578683896966140e+03
4.330618897019925498e+03
4.330873807907147238e+03
4.331315047480062276e+03
4.331369966142873636e+03
4.331413222771615438e+03
4.331739198241455597e+03
4.331868882531869531e+03
4.333031730850812892e+03
4.333255022063510296e+03
4.333372050320828748e+03
4.333413833057500597e+03
4.333455729848262308e+03
4.333655344347947903e+03
4.333747664948105012e+03
4.333897907995968126e+03
4.334017940610791811e+03
4.334711328110988688e+03
4.334723554240462363e+03
4.334983102280657477e+03
4.335105115734238098e+03
4.335847441585297929e+03
4.336694864831963059e+03
4.337066421521180018e+03
4.337370088538121308e+03
4.337408584975160920e+03
4.337509043827892128e+03
4.337791106463922006e+03
4.337803096678187103e+03
4.338098715192829331e+03
4.338106611940447692e+03
4.338220080072502242e+03
4.339195625232114253e+03
4.339510900266272984e+03
4.340178298802250538e+03
4.340316184791345222e+03
4.340567098377340699e+03
4.340707481915364951e+03
4.340712224255446017e+03
4.340822052596777212e+03
4.341487909558578394e+03
4.342030697812506332e+03
4.342247383763723519e+03
4.342292599460529345e+03
4.342330474244152356e+03
4.342430701813095766e+03
4.342530102207516393e+03
4.342532509479550754e+03
4.343095017785296477e+03
4.343360206473940707e+03
4.344167982250880414e+03
4.344605201933080025e+03
4.344780370698455954e+03
4.344969622762630934e+03
4.345049425532040914e+03
4.345158065659293243e+03
4.345251909649022309e+03
4.345505396257211942e+03
4.345569136729606726e+03
4.345690289524001855e+03
4.346714520134784834e+03
4.346935760396472688e+03
4.347305928800673428e+03
4.347600518829624889e+03
4.347887091496758330e+03
4.349499908488271103e+03
4.350583621539552951e+03
4.350711545991628554e+03
4.351003539181846463e+03
4.351239852575531586e+03
4.351350877216450499e+03
4.351391186393230782e+03
4.351473435375041845e+03
4.351777740043918129e+03
4.352668221020963756e+03
4.352687712126614315e+03
4.353138039403932453e+03
4.353328146441719582e+03
4.353534136970843974e+03
4.353717846219631610e+03
4.353784573230959722e+03
4.353862422691579923e+03
4.354422658127034083e+03
4.354550108515976717e+03
4.355403129412829003e+03
4.355624354134412897e+03
4.355793807792691041e+03
4.357514802073615101e+03
4.357595479335216623e+03
4.357828203975462202e+03
4.358276391981649795e+03
4.358456778526906419e+03
4.358596981196782508e+03
4.358612195965215506e+03
4.359741272365169607e+03
4.359997064357881754e+03
4.360367765746892474e+03
4.360604330418496829e+03
4.360662741929339063e+03
4.361262043092104250e+03
4.361466030560543004e+03
4.361508930630307077e+03
4.361518493786087674e+03
4.363136121117524453e+03
4.363366597396402540e+03
4.363389261332140450e+03
4.363440325582829246e+03
4.363628385063513633e+03
4.363708790643907378e+03
4.363922122263639721e+03
4.363942908307612925e+03
4.364003179469193128e+03
4.364113603684672853e+03
4.364915176548993259e+03
4.365171190362409106e+03
4.365198137770968970e+03
4.365844462715504960e+03
4.366197976650939381e+03
4.366664870965685623e+03
4.367306607355635606e+03
4.367451355167132533e+03
4.367765439530537151e+03
4.367923398400102087e+03
4.369324976333924496e+03
4.369624781925761454e+03
4.370480584880630886e+03
4.370686644984555642e+03
4.370761938938828280e+03
4.370791495323660456e+03
4.371256180883628076e+03
4.371272116125643151e+03
4.371359755188874260e+03
4.371831083006083645e+03
4.372068984008013103e+03
4.372699575899226147e+03
4.372946670941959383e+03
4.372963496985342317e+03
4.373042375891476695e+03
4.373206020365900258e+03
4.373283924191139704e+03
4.373562545461059017e+03
4.373794020836538039e+03
4.373948872814317838e+03
4.374226799716697315e+03
4.374516458242042972e+03
4.374621039337266666e+03
4.374730523066488786e+03
4.374931727183969087e+03
4.374992174455261193e+03
4.376339534811505473e+03
4.377515090667719960e+03
4.378815034728285355e+03
4.378842794864968710e+03
4.378903949249032848e+03
4.378940122624063406e+03
4.379193713499213118e+03
4.379228772772025877e+03
4.379304700657037756e+03
4.379342404020454524e+03
4.380075423029875310e+03
4.380174959096140810e+03
4.380237644801885835e+03
4.380283645361315394e+03
4.380740751137180268e+03
4.380963918629850923e+03
4.380973626805209278e+03
4.381769044553844651e+03
4.382197325037919654e+03
4.382463413029933690e+03
4.382904572482732874e+03
4.382943828464434773e+03
4.383108902345446950e+03
4.383112817934507802e+03
4.383402496874317876e+03
4.384255873295703168e+03
4.384520926204409079e+03
4.384986593449582870e+03
4.385158268135090111e+03
4.386070454688336213e+03
4.386399187246712245e+03
4.386963111920402298e+03
4.387013869787971998e+03
4.387051593374200820e+03
4.387630035049977778e+03
4.387694973882435988e+03
4.387816412694240171e+03
4.388300663147642808e+03
4.389231126051786305e+03
4.389516725497975131e+03
4.390423242331208712e+03
4.390471997745949011e+03
4.390597004012496654e+03
4.390693596585783780e+03
4.391688906591984960e+03
4.391732354098411633e+03
4.392325831074647795e+03
4.392833224043978589e+03
4.392838521151892564e+03
4.393172387120329404e+03
4.393660306923156895e+03
4.393892980097214604e+03
4.393922212568426403e+03
4.394202640311927098e+03
4.394489258189640168e+03
4.394539367070071421e+03
4.394604886007209643e+03
4.394866802027088852e+03
4.395056149933696361e+03
4.396652991553833999e+03
4.397492231851818360e+03
4.398402803683417005e+03
4.398669647498877566e+03
4.398695374061874645e+03
4.398993212851200951e+03
4.399421761473254264e+03
4.400005695567753719e+03
4.400078234237604192e+03
4.401229507632911009e+03
4.402126868935227321e+03
4.402569251268610969e+03
4.402676032070231486e+03
4.402858723906962041e+03
4.402919510673002151e+03
4.402985170065751845e+03
4.403061682748272688e+03
4.404384633159730583e+03
4.404753519034859892e+03
4.404934285716914019e+03
4.405161037472709722e+03
4.406170303038205020e+03
4.406330761909720422e+03
4.407014066522834582e+03
4.407373999135797021e+03
4.407493020591995446e+03
4.407516034240406952e+03
4.407872673307429977e+03
4.407876068767436664e+03
4.408013261555655845e+03
4.408491039936442576e+03
4.408823958470111393e+03
4.409006696361959257e+03
4.409149876287105144e+03
4.410242525400522027e+03
4.410259709173164083e+03
4.410329276209280579e+03
4.410449730439549967e+03
4.410469579680882816e+03
4.411209435777496765e+03
4.411911599042999114e+03
4.411981238698264860e+03
4.412183673571699728e+03
4.412286175722160806e+03
4.412901403051357192e+03
4.413105450213699442e+03
4.414537505945066187e+03
4.414596693158740891e+03
4.414795408062516799e+03
4.415178562759727356e+03
4.415302847338050015e+03
4.415404253438100568e+03
4.415615433978660803e+03
4.415773560172749967e+03
4.416137022438826534e+03
4.417208756631875985e+03
4.417597917220763520e+03
4.417825455445155058e+03
4.418105558104240117e+03
4.418289341309906376e+03
4.418434931200849860e+03
4.419375176804212970e+03
4.419948113441039823e+03
4.420568555430479137e+03
4.420776121912184863e+03
4.420941952385721379e+03
4.421139724186991771e+03
4.421378330699640173e+03
4.421563816019089245e+03
4.421840769971618101e+03
4.421874353166523179e+03
4.422199074319987631e+03
4.422469832540048628e+03
4.422488186235566900e+03
4.422505238697546702e+03
4.422687669446084328e+03
4.422710981126934712e+03
4.423171556190645788e+03
4.424582612574549785e+03
4.424688945258119929e+03
4.424810830993486888e+03
4.425426995259390424e+03
4.425539449076080018e+03
4.425634299809092226e+03
4.426370808361721174e+03
4.426857670232034252e+03
4.426935326396673190e+03
4.426993964805719770e+03
4.427332968112546951e+03
4.427947097528516679e+03
4.428010470540952156e+03
4.428120020186244801e+03
4.428566968313245525e+03
4.428652376154493140e+03
4.428663617494253231e+03
4.429054753100464040e+03
4.429594889857616181e+03
4.429873641828113250e+03
4.429904163931395487e+03
4.429978783413615020e+03
4.430329385314301362e+03
4.430624139408753763e+03
4.430718339947917229e+03
4.430832773826467019e+03
4.430923986857125783e+03
4.431645608284751688e+03
4.432345680935937708e+03
4.432570361669716476e+03
4.432763176340908103e+03
4.433039531162588901e+03
4.433318373020338186e+03
4.433413891944959687e+03
4.434014426112013098e+03
4.434533947778618312e+03
4.434948429277109426e+03
4.435050450776372600e+03
4.438180540035555168e+03
4.438204335079788507e+03
4.438503461078541477e+03
4.438932168457043190e+03
4.439341404402322041e+03
4.439399410565767539e+03
4.440041274825623077e+03
4.440281616462429156e+03
4.440552050535841772e+03
4.440720535335397471e+03
4.441529193612340350e+03
4.441552319208112749e+03
4.442387198432706100e+03
4.442480463364883690e+03
4.442993623105041479e+03
4.443205071101278008e+03
4.443488104333456249e+03
4.443542015505266136e+03
4.444315176200724636e+03
4.444723614187836574e+03
4.444996572960487356e+03
4.445660781156141638e+03
4.445848705615815561e+03
4.445887460864293644e+03
4.446152251269632870e+03
4.446375046367911636e+03
4.446377826111853210e+03
4.446551796825870952e+03
4.447199295563993473e+03
4.447917093480166841e+03
4.447939382847654997e+03
4.448257108186145160e+03
4.448455760797035509e+03
4.448869749428510659e+03
4.450249232462532746e+03
4.450297438724819585e+03
4.450492135704888824e+03
4.450913573223119784e+03
4.451241755885632301e+03
4.451651801029581293e+03
4.451729909639883772e+03
4.452104453276552704e+03
4.452486602262832093e+03
4.453118637813076930e+03
4.453143859097492168e+03
4.453163823369278361e+03
4.453198041582607402e+03
4.453459225623152633e+03
4.453511894668992682e+03
4.454264289916421149e+03
4.454541532321879458e+03
4.455614524741407877e+03
4.455995155999975395e+03
4.456182864642555614e+03
4.456364217960654059e+03
4.457259182325577058e+03
4.457357335055246949e+03
4.457380474199198943e+03
4.457496881663657405e+03
4.457580032094749185e+03
4.457893603605782118e+03
4.458433705806397484e+03
4.458887886993905340e+03
4.459029473336815499e+03
4.459309879936791731e+03
4.459521329812618205e+03
4.459810702513726937e+03
4.460118054713684614e+03
4.460310629375771896e+03
4.460393888019270889e+03
4.460399877568526790e+03
4.460860101544493773e+03
4.460894905443651624e+03
4.460908765455490538e+03
4.462771477499968569e+03
4.463136140298686769e+03
4.463138268569550746e+03
4.463324821458787483e+03
4.463951324382440362e+03
4.464268548163425294e+03
4.465105190306397162e+03
4.465303028391385851e+03
4.465343618279027396e+03
4.465571663612269731e+03
4.466227360611108452e+03
4.466240682063864369e+03
4.466457404898391360e+03
4.466700183244399341e+03
4.467249644486890247e+03
4.467342027538053117e+03
4.467991348136436500e+03
4.468180053200997463e+03
4.468666722262165422e+03
4.469219195496475550e+03
4.469386564855505640e+03
4.469774675486760316e+03
4.471589699703155020e+03
4.472647949315058213e+03
4.472760640861945831e+03
4.472828851105762624e+03
4.472864541903641111e+03
4.472878617333283728e+03
4.472979047447915946e+03
4.473247879405894309e+03
4.473336150417587305e+03
4.473545570861833767e+03
4.473840240122358409e+03
4.473968905883781190e+03
4.474500461324258140e+03
4.474529536347008616e+03
4.474946745334654224e+03
4.475294183371330291e+03
4.475762409316117555e+03
4.476160765530766184e+03
4.476207420233586163e+03
4.476781127128187109e+03
4.476793541881072088e+03
4.477392537338590955e+03
4.477817867945479520e+03
4.478072268643759344e+03
4.478323719922622331e+03
4.478566659868241004e+03
4.478642388206365467e+03
4.478821045154746571e+03
4.479049560858765290e+03
4.479201676668719301e+03
4.479770012611787934e+03
4.479860307037989514e+03
4.480438655247835413e+03
4.480618346900339930e+03
4.481419241870439691e+03
4.481454351757416589e+03
4.481977311865712181e+03
4.482297696772330710e+03
4.482400317836070826e+03
4.482894835221341054e+03
4.483412214501744529e+03
4.484305853119283711e+03
4.484333909390768895e+03
4.484510865836675293e+03
4.485618733991700537e+03
4.485936034318241582e+03
4.485992150274712003e+03
4.486020863814628683e+03
4.486089782348906738e+03
4.486399907063721002e+03
4.486634457431419833e+03
4.486694840179947278e+03
4.487140449761938726e+03
4.487441435941348573e+03
4.487661561957123013e+03
4.488223890831406607e+03
4.488465219641269869e+03
4.488617549682405297e+03
4.489105556606114988e+03
4.489749695915499615e+03
4.489882289324455996e+03
4.489967531814163522e+03
4.489986666268831868e+03
4.490011842005537801e+03
4.490020268260532248e+03
4.490090554385494215e+03
4.490181357111089710e+03
4.490945659390135006e+03
4.491022337000012158e+03
4.491553590397645166e+03
4.491738417008370561e+03
4.491770470694920732e+03
4.492331793191542602e+03
4.492471281843070756e+03
4.492623110305423324e+03
4.492680575746995601e+03
4.492936958830622643e+03
4.492985291194502679e+03
4.493185146953078402e+03
4.493236968955152406e+03
4.493709552237500247e+03
4.494377273217382935e+03
4.494744774180374407e+03
4.494884063866410543e+03
4.495002230524268271e+03
4.495113474962745386e+03
4.495396343277251617e+03
4.496068783616488872e+03
4.496210541693660161e+03
4.496437222786390521e+03
4.496652162391098500e+03
4.497085551175482578e+03
4.497640691843575041e+03
4.498299090805714513e+03
4.498626453877636777e+03
4.498720335615396834e+03
4.499301678979397366e+03
4.499637880744696304e+03
4.500428502923752603e+03
4.501149087150096420e+03
4.501175512485327999e+03
4.501759418366148566e+03
4.502127543832310948e+03
4.502207348887623994e+03
4.502238942125165522e+03
4.502548673582163246e+03
4.502585700777533930e+03
4.502729454384232668e+03
4.502990770420355148e+03
4.503014094316449700e+03
4.503984361037573763e+03
4.504204355257817042e+03
4.504837393911664549e+03
4.505001465179890147e+03
4.505073839976482304e+03
4.505090738794639947e+03
4.505408702687674122e+03
4.505424327661705320e+03
4.505895444824054721e+03
4.505991879773408073e+03
4.506311070738140188e+03
4.506344947004824462e+03
4.506594544442887127e+03
4.507445163433544622e+03
4.507751691666003353e+03
4.508352315378775529e+03
4.508436451883377231e+03
4.508789832931025558e+03
4.509741231507524390e+03
4.509745979007049755e+03
4.510027071730651187e+03
4.510547775081357941e+03
4.510902224494872826e+03
4.511258597259540693e+03
4.511269868863194461e+03
4.511701926228845878e+03
4.511825275536109075e+03
4.512324709486666507e+03
4.513376427820243407e+03
4.513458167288315053e+03
4.514334409404421422e+03
4.514744517103553335e+03
4.514958043919748889e+03
4.515096879880398774e+03
4.515367288921293948e+03
4.515607126508833971e+03
4.515683730980627843e+03
4.515699857190198600e+03
4.515812936956031990e+03
4.515847768172580800e+03
4.515880780670645436e+03
4.516352783224116138e+03
4.516607945081523212e+03
4.516777905038467907e+03
4.516864171637963409e+03
4.516987667213267741e+03
4.517471349246082355e+03
4.517928682253515035e+03
4.518872242805407041e+03
4.518976022669603481e+03
4.519080430913339114e+03
4.519469783861522956e+03
4.519687826453345224e+03
4.519997948946991528e+03
4.520185383876454580e+03
4.521020608716356946e+03
4.521165019112968366e+03
4.521208982455309524e+03
4.521663955600556619e+03
4.521756695086344735e+03
4.521820878533158975e+03
4.521869535561496377e+03
4.521925527307845186e+03
4.522222472163134626e+03
4.522623652797836257e+03
4.522658125807765828e+03
4.523245087966644860e+03
4.523363696727386923e+03
4.523552960536082537e+03
4.523588013296927784e+03
4.524019020758689294e+03
4.524442169313882914e+03
4.524581531711443859e+03
4.524977297415189241e+03
4.525263903353129535e+03
4.525429846327900123e+03
4.525620745287262253e+03
4.525834833151911880e+03
4.525840731464711098e+03
4.525937252136045572e+03
4.525985928256408442e+03
4.526225042361324995e+03
4.526442673017237212e+03
4.526519090144027359e+03
4.526631980086869589e+03
4.526801970687560242e+03
4.526841936843115946e+03
4.526895669370704127e+03
4.526910275704453852e+03
4.527125693337497978e+03
4.527216264824349309e+03
4.527905222778802454e+03
4.528067822073700881e+03
4.528454757975946450e+03
4.529213018732400997e+03
4.529283011432697094e+03
4.529564055423882564e+03
4.529743833683287448e+03
4.529771299475904016e+03
4.530046499252030117e+03
4.530349685883930761e+03
4.530554179542715246e+03
4.530699653860218859e+03
4.531042519093974988e+03
4.531398132103944590e+03
4.531738956081840115e+03
4.531741507456954423e+03
4.532046297889197376e+03
4.532108740263311120e+03
4.532235165788672020e+03
4.532520111814987104e+03
4.532844709820697972e+03
4.533852163355065386e+03
4.533969366977737991e+03
4.533973035491945666e+03
4.534093811609015575e+03
4.534422587501457201e+03
4.534899518139978682e+03
4.535024370830638873e+03
4.535119323894558875e+03
4.535250552063712348e+03
4.536113444851660461e+03
4.536144546731540686e+03
4.536411577364586265e+03
4.536995547322587299e+03
4.537841297404846046e+03
4.537991137655511920e+03
4.538040539738028201e+03
4.538061848418928093e+03
4.538133147260106853e+03
4.538670775522049553e+03
4.538719537448719166e+03
4.538814185090010142e+03
4.539095396427387641e+03
4.539096129951701187e+03
4.539190314467207827e+03
4.539512860561906564e+03
4.539741196902577940e+03
4.540493545821492262e+03
4.540687984802194478e+03
4.540723755929970139e+03
4.540816870329493213e+03
4.541519275790436950e+03
4.542415066264901725e+03
4.542654412916205729e+03
4.542835691000365841e+03
4.542918585817020357e+03
4.543160389902998759e+03
4.543162846616934075e+03
4.543272006335430888e+03
4.543293613106244266e+03
4.543330945246523697e+03
4.543688594011627174e+03
4.543828969662396048e+03
4.543982490108001002e+03
4.543984367147952980e+03
4.544814490867929635e+03
4.544972775974141769e+03
4.545379285338803129e+03
4.545423133180825971e+03
4.545594054742215121e+03
4.546023864716726166e+03
4.546435810453833255e+03
4.546452418394236702e+03
4.546707779326779928e+03
4.546755460965433485e+03
4.546983844467795279e+03
4.547028128595491580e+03
4.547070787243836094e+03
4.547161165067086586e+03
4.547899904810145017e+03
4.547924838070182886e+03
4.548258088045529803e+03
4.548295329506212511e+03
4.548753319589236526e+03
4.549084861241482940e+03
4.549118687363751633e+03
4.549219076479600517e+03
4.549281134836778620e+03
4.549369817528800922e+03
4.549419268824318351e+03
4.549951064114854489e+03
4.549961554049181359e+03
4.550036200555102369e+03
4.550054573461673499e+03
4.550435429279317759e+03
4.550470973732547463e+03
4.550624831519468898e+03
4.550657786810110338e+03
4.551244111891863213e+03
4.551325790057148879e+03
4.551503458512965153e+03
4.551715908631549610e+03
4.552189111771001990e+03
4.552193219856540964e+03
4.552349545919386401e+03
4.552434385462480350e+03
4.552435496365009385e+03
4.552767085025599044e+03
4.553499453728464687e+03
4.553555936781779565e+03
4.555143866844544391e+03
4.556072188935035228e+03
4.556204037398036235e+03
4.556490757475132341e+03
4.556549955838668211e+03
4.556980423098306346e+03
4.557114535889110812e+03
4.557318641803907667e+03
4.557372638722836200e+03
4.557694731835304992e+03
4.558001770083616066e+03
4.558452147496609541e+03
4.558482830691047639e+03
4.558794055410528927e+03
4.559154894590419644e+03
4.559307090934345979e+03
4.559458915926500595e+03
4.559747069279120296e+03
4.559900921412194293e+03
4.560273401905657011e+03
4.560352569686663628e+03
4.561053332499565840e+03
4.561276940380918859e+03
4.561493769847773365e+03
4.561796455256541776e+03
4.562253448615463640e+03
4.562791822750262327e+03
4.562804519815229469e+03
4.563035332782063961e+03
4.563228929828971559e+03
4.563429377399673285e+03
4.563452024784530295e+03
4.563514311644391455e+03
4.563539444964450922e+03
4.563624371243213318e+03
4.564638872182718842e+03
4.565309939657169707e+03
4.565334240530270108e+03
4.566141144299810549e+03
4.566533847580063593e+03
4.567080764497100972e+03
4.567699374915616318e+03
4.569220377062116313e+03
4.569623573359849615e+03
4.569686896228935439e+03
4.569863743845544377e+03
4.569870551594844073e+03
4.569905689319049998e+03
4.569956266326485093e+03
4.570107134647609200e+03
4.570297519695158371e+03
4.570509389643575560e+03
4.570614978569507002e+03
4.570704760372765122e+03
4.570942473671608241e+03
4.571016142756149748e+03
4.571437452976199893e+03
4.571501163188399005e+03
4.571653548121082167e+03
4.571699304063465206e+03
4.571810950902613513e+03
4.572045478806604478e+03
4.572073505539291546e+03
4.572937359126800402e+03
4.573032785029623483e+03
4.573040113220027706e+03
4.573084437594658084e+03
4.573636338761679326e+03
4.573745576106772205e+03
4.573904474172690243e+03
4.573996934053433506e+03
4.574238894369944319e+03
4.574343732872071996e+03
4.574486243889254183e+03
4.574693069748409471e+03
4.575107618871256818e+03
4.575357601381339919e+03
4.575599466493221371e+03
4.575696823279123237e+03
4.575851220207086953e+03
4.575959672103843332e+03
4.575960349010993014e+03
4.576399129766988153e+03
4.576699866999544611e+03
4.577145705332728539e+03
4.577468043977994967e+03
4.577490128738277235e+03
4.577567179092074184e+03
4.578682296544495330e+03
4.578808643100580412e+03
4.579514186222784701e+03
4.579551222355006757e+03
4.579568556750802600e+03
4.579705669459878663e+03
4.579830410561192366e+03
4.580300531158289232e+03
4.580399180065312976e+03
4.580414156213591014e+03
4.580486160128331903e+03
4.580579679874379508e+03
4.580658463493701674e+03
4.580831833891096721e+03
4.580889002630155119e+03
4.580922739762129822e+03
4.581205081290519047e+03
4.581515279669453776e+03
4.581694619154324755e+03
4.582099915476437673e+03
4.583256841470717518e+03
4.583367337796326865e+03
4.583930079266112443e+03
4.584136519428016982e+03
4.584385369065909799e+03
4.584443190735275493e+03
4.585402421653939200e+03
4.585555978803014114e+03
4.585621220539026581e+03
4.585840512737494464e+03
4.585883958633582552e+03
4.586053993694159544e+03
4.586177308463120426e+03
4.586220760153644733e+03
4.586745100336245741e+03
4.587358936498987532e+03
4.587674687021816680e+03
4.588410410965658230e+03
4.588445171504030441e+03
4.588853029667699957e+03
4.589164234153528923e+03
4.589677845029499622e+03
4.589826937440931943e+03
4.590020124871632106e+03
4.590352676099207201e+03
4.590476060962065276e+03
4.590498672489344244e+03
4.590830282285227440e+03
4.590919728352530910e+03
4.591120513867529553e+03
4.591292277546259356e+03
4.591529906045858297e+03
4.592126323008074905e+03
4.592505636502859488e+03
4.592675316853129516e+03
4.592810568624004190e+03
4.592838772933854671e+03
4.593111266732435979e+03
4.593453689704196222e+03
4.594248619151091589e+03
4.594376290024219998e+03
4.595645196861901240e+03
4.595767589335856428e+03
4.595916254801956711e+03
4.596004833926217543e+03
4.596089622749022965e+03
4.596170275804949597e+03
4.596185971965068347e+03
4.596943565183824830e+03
4.597057384121111681e+03
4.598476526783200825e+03
4.598722133838218724e+03
4.598859124132199213e+03
4.599274429734058685e+03
4.599600210635303483e+03
4.599989957961157415e+03
4.600213664525987951e+03
4.600231395625968617e+03
4.600622044048904172e+03
4.601163747121885535e+03
4.601207723507183800e+03
4.601243113713891944e+03
4.601399634308547320e+03
4.601510359777565100e+03
4.601552063827642087e+03
4.601619886732329178e+03
4.602471116109470131e+03
4.602667657433671593e+03
4.603378978718091275e+03
4.603688111110847785e+03
4.604015628370772902e+03
4.604186542291708975e+03
4.605002060541954052e+03
4.605055957299588044e+03
4.605212936397625526e+03
4.605512945387642503e+03
4.605669292521223724e+03
4.605758772390155173e+03
4.606219368706528257e+03
4.606364462648582048e+03
4.606658939145601835e+03
4.606820189735743043e+03
4.606858183038413699e+03
4.606967676353066963e+03
4.607031147104775300e+03
4.607622753162866502e+03
4.607827148049244897e+03
4.608364817692743600e+03
4.608462056328887229e+03
4.608499824958513273e+03
4.608530493576769913e+03
4.609369928255959167e+03
4.609610052465195622e+03
4.609808479723954406e+03
4.609885915861957074e+03
4.609965356213768246e+03
4.610016572578139858e+03
4.610202154583183983e+03
4.610617546641254194e+03
4.611147431117854467e+03
4.611381276151618295e+03
4.611551035369925557e+03
4.611692129571913938e+03
4.611797138968244326e+03
4.612005948309549240e+03
4.612596403731904502e+03
4.612746365702382718e+03
4.612791366578741872e+03
4.612857140630886533e+03
4.612877798799126140e+03
4.613204543169093085e+03
4.613494682149577784e+03
4.613611006674347664e+03
4.613686772943752658e+03
4.614708999318488168e+03
4.614850018430530326e+03
4.615082712106547660e+03
4.615205722189487460e+03
4.615665750447500614e+03
4.615938769298380976e+03
4.616816933900062395e+03
4.616830404023301526e+03
4.617071564875198419e+03
4.618257148379972023e+03
4.618816343230640086e+03
4.620098960523227106e+03
4.620106988051948974e+03
4.620291098006505308e+03
4.620678124105063034e+03
4.620757906647042546e+03
4.621055997732063588e+03
4.621559142772598534e+03
4.621641502899125953e+03
4.621714327254284399e+03
4.621899669289130543e+03
4.621909921583238429e+03
4.621938815385621638e+03
4.622032124571601344e+03
4.622222364406405177e+03
4.622368271034057216e+03
4.622609868681280204e+03
4.623091116561799026e+03
4.623149614109213871e+03
4.623179609171479569e+03
4.623244918670227889e+03
4.623282765705032944e+03
4.623338183477813800e+03
4.623605321685497074e+03
4.624099657074962124e+03
4.624532153056479729e+03
4.624688334608746118e+03
4.624848283921847724e+03
4.625214882540141843e+03
4.625312570091892667e+03
4.625390552404166556e+03
4.625395225652074259e+03
4.625677087437875343e+03
4.625679893395184081e+03
4.626074880542262690e+03
4.626805985897227401e+03
4.626883063122467320e+03
4.627311607816090145e+03
4.627438254399423386e+03
4.628262556607913211e+03
4.628300725747250908e+03
4.628949377253900821e+03
4.629042819629047699e+03
4.629102952106722114e+03
4.629620185519985171e+03
4.629634871040579128e+03
4.630821144065794215e+03
4.631329516496438373e+03
4.631334443189885860e+03
4.632180934217752110e+03
4.632556112427319022e+03
4.632619863935422472e+03
4.632796454478129817e+03
4.632808110590231081e+03
4.632938203596874700e+03
4.633765985957942576e+03
4.634062258560131340e+03
4.634190826875779749e+03
4.634391496914657182e+03
4.634425646184922698e+03
4.634875005876078831e+03
4.634941197211328472e+03
4.635339020939352849e+03
4.635664530030515380e+03
4.635865008124653286e+03
4.636024869187280274e+03
4.636187649914358190e+03
4.636487063918320928e+03
4.636618471574382056e+03
4.636639671601908958e+03
4.636670034597033009e+03
4.637329383811240405e+03
4.637461441575665049e+03
4.637803803051846444e+03
4.637868893251656118e+03
4.637884425519878278e+03
4.637889826306937721e+03
4.637982585388188454e+03
4.638201837496498229e+03
4.638213651404482334e+03
4.639142947402312529e+03
4.639180879036467559e+03
4.639583259382777214e+03
4.639717673300248862e+03
4.639912378351364168e+03
4.640004946749259034e+03
4.640941296434604737e+03
4.641210299847318311e+03
4.641570753169356976e+03
4.642335953953356693e+03
4.642360068786731972e+03
4.643132945308178023e+03
4.644055054578566342e+03
4.644747918158298489e+03
4.645163179369277714e+03
4.645263941804292699e+03
4.645521872742808227e+03
4.645580022702786664e+03
4.645587190218514479e+03
4.645765681856883930e+03
4.645944829719726840e+03
4.646212442376373474e+03
4.646370058583790524e+03
4.646685277931535893e+03
4.647093746822948560e+03
4.647399129573639584e+03
4.647578407211738522e+03
4.647710114610375058e+03
4.647894813137426354e+03
4.647909037547640764e+03
4.648311243313727573e+03
4.648379115829127841e+03
4.648447785480163475e+03
4.648954626669181380e+03
4.649023028401795273e+03
4.649456789752193799e+03
4.649690383266238314e+03
4.650185859700179208e+03
4.650262981766879420e+03
4.650509749801927683e+03
4.650560859307351166e+03
4.650835032554004101e+03
4.650862656019675342e+03
4.650966124457590013e+03
4.651115830376987105e+03
4.651534666723201553e+03
4.651813407723550881e+03
4.651841955808393323e+03
4.652543710592407479e+03
4.652611795264880129e+03
4.652852661967260246e+03
4.652917822586454349e+03
4.653581589204578449e+03
4.653626573009599269e+03
4.653678169162878476e+03
4.654055360022531204e+03
4.654557667841464536e+03
4.655139567603191608e+03
4.655181650926293514e+03
4.655404604672556161e+03
4.655461719654756052e+03
4.655509639000596508e+03
4.656549262591556726e+03
4.656985874790075286e+03
4.657276416161321322e+03
4.657401692005686527e+03
4.657783973070438151e+03
4.658102287374460502e+03
4.658273886727604804e+03
4.658453316426905076e+03
4.658860084506737621e+03
4.659015701763713878e+03
4.659916587028413232e+03
4.660044062623434911e+03
4.660439839884357752e+03
4.660706691136809241e+03
4.661057743950785152e+03
4.661182702100411007e+03
4.661274341415454728e+03
4.661428399236333462e+03
4.661436303011943892e+03
4.661758138238194078e+03
4.661898536670945759e+03
4.662065180033585420e+03
4.662165802616676956e+03
4.662248119191462138e+03
4.662604589543917427e+03
4.662882133346798582e+03
4.663045328574904488e+03
4.663232587181840245e+03
4.663237800588930440e+03
4.663447402702029649e+03
4.663525023857967426e+03
4.663724903933830319e+03
4.663874280039255609e+03
4.664074654137937614e+03
4.664823549618289690e+03
4.664963076346863090e+03
4.665506390341938641e+03
4.665513711605990466e+03
4.665811167013662271e+03
4.666229784118748285e+03
4.666386147363343298e+03
4.666588747598454574e+03
4.666761244259687373e+03
4.667175549995523397e+03
4.667363755073365610e+03
4.667740996938890930e+03
4.668034794902804606e+03
4.668478352313658434e+03
4.668563086872453823e+03
4.668633264786968539e+03
4.668643426148275466e+03
4.668796626870822365e+03
4.668949316536186416e+03
4.669121130433620237e+03
4.669378224387096452e+03
4.669485782295741956e+03
4.669755536223201489e+03
4.670057529988228453e+03
4.670643820930162292e+03
4.670676421753414616e+03
4.670769063627434662e+03
4.670849177555573078e+03
4.671056164739941778e+03
4.671363875325455410e+03
4.671685144362600113e+03
4.671694555689023218e+03
4.671831752921132647e+03
4.672737741336693034e+03
4.673080837003451961e+03
4.673156002866992822e+03
4.673569179683806396e+03
4.673626942907999364e+03
4.673931432528744153e+03
4.673937853149886905e+03
4.674230575084326119e+03
4.674476651354926616e+03
4.674643440844422912e+03
4.675696300628639619e+03
4.675742518264572936e+03
4.675870649634228357e+03
4.675980521221367781e+03
4.676210960572672775e+03
4.676529372136035818e+03
4.677241360055374571e+03
4.677259880218534818e+03
4.677748043752921149e+03
4.678048924746555713e+03
4.678072576324289003e+03
4.678105385972619843e+03
4.678583052331216095e+03
4.678624440486032654e+03
4.678813078643293920e+03
4.678819179330178486e+03
4.678877572569810582e+03
4.678918079907738502e+03
4.680160430461924079e+03
4.681137827185835704e+03
4.681291325946443976e+03
4.682014860591000797e+03
4.682091934882279929e+03
4.683934871720772207e+03
4.684349838076557717e+03
4.684628674509877783e+03
4.684887224506243001e+03
4.685430889668508826e+03
4.685485506304115916e+03
4.685874777848125632e+03
4.686764097138684519e+03
4.686772619349834713e+03
4.686886213255014809e+03
4.686941356124347294e+03
4.687527465805958855e+03
4.687752358494713008e+03
4.688026004562699200e+03
4.688040789019452859e+03
4.688049871324519700e+03
4.688409139370861340e+03
4.688461979127912855e+03
4.688551170025069950e+03
4.688620204517997990e+03
4.688905078577760833e+03
4.689005604185647826e+03
4.689190588494923759e+03
4.689463313602847848e+03
4.689953602468731333e+03
4.690134985424186198e+03
4.690831690393085410e+03
4.691190646961406856e+03
4.691220744362766709e+03
4.691467324512183040e+03
4.691760548816988376e+03
4.691812440162832900e+03
4.692134182197975861e+03
4.692841977325851985e+03
4.693028684855199572e+03
4.693263904796885072e+03
4.693545024990271486e+03
4.693571293365999736e+03
4.693778367906911626e+03
4.694255938671049080e+03
4.694316016326183671e+03
4.694409095416564014e+03
4.694477086223346305e+03
4.695076521328098352e+03
4.695217315300140399e+03
4.695291523565563693e+03
4.695684333845533729e+03
4.695818437133167208e+03
4.696630793532198368e+03
4.696746230198217745e+03
4.696968810719895373e+03
4.697384973361377888e+03
4.697670541972456704e+03
4.698439861597095842e+03
4.698558093664501939e+03
4.698857936290399266e+03
4.699047103538612646e+03
4.699203668420280337e+03
4.699729572079610080e+03
4.699784149824139604e+03
4.699922191408475555e+03
4.700746246660455654e+03
4.700780487525250464e+03
4.700794624909050071e+03
4.701218197632780175e+03
4.701617850798520521e+03
4.702025918673430169e+03
4.702082949599008316e+03
4.702288072110007306e+03
4.703046013089014195e+03
4.703111344464603462e+03
4.703137279044769457e+03
4.703751509861397608e+03
4.704075206499112028e+03
4.704801345738827877e+03
4.704952668971945059e+03
4.705028824547181102e+03
4.705262722556545668e+03
4.705330608320792635e+03
4.705417549164301818e+03
4.705713830647404393e+03
4.705827346183045847e+03
4.706003583517238440e+03
4.707533291742594884e+03
4.707578208979977717e+03
4.707863528308995228e+03
4.708020256028713447e+03
4.708239496192871229e+03
4.709103904180278732e+03
4.709229485171157648e+03
4.709858361120771406e+03
4.710104366659970765e+03
4.710719616324179697e+03
4.710983168319735341e+03
4.710984016212674760e+03
4.712041078863151597e+03
4.712168498500626811e+03
4.712575063730347210e+03
4.712670001875474554e+03
4.712788838142230816e+03
4.712921125440306241e+03
4.713126544503723380e+03
4.713666061553147301e+03
4.713904287558521901e+03
4.714082209879041329e+03
4.714098084933646533e+03
4.714187384359431235e+03
4.714408826701986982e+03
4.715154434114027026e+03
4.715268414794561068e+03
4.715420448360257978e+03
4.715609779791839173e+03
4.715816446672446546e+03
4.715999040788234197e+03
4.716033400054483536e+03
4.716316398269361343e+03
4.716434747132871962e+03
4.716805072342345738e+03
4.716851761170063583e+03
4.716999091198188580e+03
4.717060371999326890e+03
4.717367372747645277e+03
4.717640450535049240e+03
4.718148842922041695e+03
4.718548180154231886e+03
4.719561821185950066e+03
4.719665761893666968e+03
4.719783809772119639e+03
4.720810620127819675e+03
4.721038370613058760e+03
4.721229432428136533e+03
4.721868974433380572e+03
4.722152856365495609e+03
4.722264962016595746e+03
4.722392612505228499e+03
4.722598617337851465e+03
4.722790796904507260e+03
4.723005868671003554e+03
4.723332650351266238e+03
4.723425219488976836e+03
4.723619321742461580e+03
4.723935638657134405e+03
4.724256191023951033e+03
4.724699705221487420e+03
4.725048249886380290e+03
4.726042681633944085e+03
4.726448237508699094e+03
4.726479761935514944e+03
4.726893029094087979e+03
4.726906816423090277e+03
4.727036766870719475e+03
4.727078053538104541e+03
4.727660440325385025e+03
4.727693049556209189e+03
4.727856044615083192e+03
4.728301794884866467e+03
4.728580312722929193e+03
4.728638886135096982e+03
4.728656253358224603e+03
4.728708364112151685e+03
4.729228675973663485e+03
4.729544654958379397e+03
4.729905384167216653e+03
4.730054669345331604e+03
4.730919425489064452e+03
4.731442003457881583e+03
4.731550810569033274e+03
4.731680267051251576e+03
4.731852025027950731e+03
4.732395785937905202e+03
4.732759519560836452e+03
4.733046410172084506e+03
4.733372822024561174e+03
4.733395491471281275e+03
4.734141341514046871e+03
4.734204622406358794e+03
4.734209791251488241e+03
4.734438626626412770e+03
4.734823702275415599e+03
4.734854585395997674e+03
4.734877084277271933e+03
4.734948008708371162e+03
4.736016904420062019e+03
4.736410544872506762e+03
4.736674188889760444e+03
4.737024974991431009e+03
4.737039412117832399e+03
4.737154082260094583e+03
4.737393214293800156e+03
4.737761930286401366e+03
4.737852013582058134e+03
4.738186525414676908e+03
4.738240368519681397e+03
4.738533084758017139e+03
4.738673512877276153e+03
4.738917216785912387e+03
4.739226166182499583e+03
4.739536051515357030e+03
4.739566751439179825e+03
4.739724643731586184e+03
4.740245429957924898e+03
4.740547769962654456e+03
4.740682109144243441e+03
4.740809221600806268e+03
4.740951153489819262e+03
4.740963636973227949e+03
4.741108035563191152e+03
4.741490050164505192e+03
4.741535762626399446e+03
4.742132106095853487e+03
4.742178494797874919e+03
4.742287760868892292e+03
4.742310710713217304e+03
4.742349435547987014e+03
4.742639833350344816e+03
4.742657561710069785e+03
4.743280557801783289e+03
4.743439781745504661e+03
4.743855291461027264e+03
4.743942601344517243e+03
4.744387516807774773e+03
4.744786736824561558e+03
4.744817027134296950e+03
4.745346622069857403e+03
4.745389048304746211e+03
4.745508192418565159e+03
4.745903100834138058e+03
4.746254702778938736e+03
4.746441375832857375e+03
4.746797240544127817e+03
4.746901072334080709e+03
4.747123338573689580e+03
4.747168914487398979e+03
4.747355120939978406e+03
4.747631968724588660e+03
4.747660452456124403e+03
4.748060354152008586e+03
4.748274365244210458e+03
4.748283078404745538e+03
4.748981877963732586e+03
4.749060865303728860e+03
4.749582462506416050e+03
4.749717312510572810e+03
4.750337475856828860e+03
4.750573218047659793e+03
4.750823670238583873e+03
4.750887393930737744e+03
4.750931921212836642e+03
4.751059026667977378e+03
4.752328851184830455e+03
4.752484637927344920e+03
4.752658119261934189e+03
4.752761468819590846e+03
4.752883644736859424e+03
4.752943459508923297e+03
4.753104158899493086e+03
4.753598992706618446e+03
4.753653243252168068e+03
4.754035500560923538e+03
4.754460938565868673e+03
4.755039820405510909e+03
4.755255827196628161e+03
4.755461151569377762e+03
4.755474420005170941e+03
4.755762793462649825e+03
4.755985439570160452e+03
4.756319853997703831e+03
4.756354630773224926e+03
4.756846086598397960e+03
4.756971596605000741e+03
4.757085038960816746e+03
4.757108708499173190e+03
4.757623490558874437e+03
4.757694164136665677e+03
4.758553146988449043e+03
4.759136886889500602e+03
4.759320896158319556e+03
4.759498492862332569e+03
4.759978706578651327e+03
4.760046445706546365e+03
4.760103482073180203e+03
4.760316945841527740e+03
4.760429447960118523e+03
4.760862350657765091e+03
4.761007477656049559e+03
4.761718369006444846e+03
4.762008335352431459e+03
4.762060279273564447e+03
4.762103410368225013e+03
4.762319409512499078e+03
4.762423094896969815e+03
4.762429818766197968e+03
4.762779906655861851e+03
4.763817917042159024e+03
4.764375204504566682e+03
4.764377420328903099e+03
4.764389263684227444e+03
4.764490604752622858e+03
4.764512690891575403e+03
4.764732357404274808e+03
4.765978632450719488e+03
4.766481658953452097e+03
4.766579784131145971e+03
4.766950918226492831e+03
4.767292165407211542e+03
4.767740728185603075e+03
4.768052991417995145e+03
4.768191917238751557e+03
4.768424271249390586e+03
4.768744719468058065e+03
4.768877014941474044e+03
4.769259697956625132e+03
4.769579073170691117e+03
4.770489368845907848e+03
4.770982086671674551e+03
4.771727037190934425e+03
4.771773501370394115e+03
4.771995989085599831e+03
4.772059973201950925e+03
4.772095655531473312e+03
4.772328373095053394e+03
4.772869328214090274e+03
4.773058837243408561e+03
4.773402544864922675e+03
4.773535533714531084e+03
4.773662271374754710e+03
4.773662471034457667e+03
4.774450484999063519e+03
4.774452644955495998e+03
4.774541646121469057e+03
4.774586982113782142e+03
4.774624860440010707e+03
4.774744304457222825e+03
4.775026800935624124e+03
4.775937771533830528e+03
4.776011449232715677e+03
4.776012015763771160e+03
4.776226935316420168e+03
4.776231254890823038e+03
4.776985806304181096e+03
4.777119418763032627e+03
4.777397582874674299e+03
4.777857895924387776e+03
4.777975614965514069e+03
4.778511765594237659e+03
4.778629026361647448e+03
4.778976528943699122e+03
4.779680065176291464e+03
4.779957875114705530e+03
4.780023938107036884e+03
4.780036531574955916e+03
4.780209897339192139e+03
4.780656906827656712e+03
4.780848912465298781e+03
4.780852969249951457e+03
4.780947999393068130e+03
4.780971065421252206e+03
4.781244351719731640e+03
4.781534292123122214e+03
4.782207056316969101e+03
4.782225257770338430e+03
4.782383678672039423e+03
4.782571676178125927e+03
4.783129914663604723e+03
4.783132236103444484e+03
4.783505128274548042e+03
4.783714532532307203e+03
4.783856068197378590e+03
4.784145880801906060e+03
4.784269537897213013e+03
4.784356970176098002e+03
4.784637149307575783e+03
4.784784351526795035e+03
4.785083767083422572e+03
4.785151068476740875e+03
4.785223413963801249e+03
4.785510721917161391e+03
4.785678023508697152e+03
4.785679204360011681e+03
4.786552548143439708e+03
4.787391319944736097e+03
4.787923716438590418e+03
4.788110032386639432e+03
4.788463116864332733e+03
4.788701417244362347e+03
4.789305970210795749e+03
4.789634590380186637e+03
4.789655375470430045e+03
4.789682949414264840e+03
4.789751000642275358e+03
4.789806437739062858e+03
4.789977231066995046e+03
4.790198433406040749e+03
4.790359369785406670e+03
4.790498088029776227e+03
4.790525739150122718e+03
4.790644407173341278e+03
4.790683319152287368e+03
4.791035065925530034e+03
4.792428024400858703e+03
4.792526150912304729e+03
4.792946898344365763e+03
4.793231455261203337e+03
4.793684206756398453e+03
4.793986634207483803e+03
4.794001638959045522e+03
4.794228352316655219e+03
4.794415000272383622e+03
4.794426427476607387e+03
4.795226839189954262e+03
4.795372768912833635e+03
4.795680220185839971e+03
4.795780250587475166e+03
4.795853039185108173e+03
4.795970847233797940e+03
4.796404188619626439e+03
4.796511170016471624e+03
4.796737595732620321e+03
4.796783983531915510e+03
4.797192821151653334e+03
4.797487302888368504e+03
4.797849639504592233e+03
4.798369277005357617e+03
4.798693553002304725e+03
4.798867347913391313e+03
4.799054785284432000e+03
4.799568241975688579e+03
4.799762189683032375e+03
4.799805090141660003e+03
4.799838204317901727e+03
4.800072301405540202e+03
4.800120463207602370e+03
4.800215057611973862e+03
4.800236853327965946e+03
4.800385327658040296e+03
4.801096893403394461e+03
4.801604696608266750e+03
4.802128959748466514e+03
4.802506411251642021e+03
4.802535448818738587e+03
4.802749665055144760e+03
4.802760269287613482e+03
4.802793087228706099e+03
4.803533962885992878e+03
4.803829627955368778e+03
4.803846494853181866e+03
4.803903064027761502e+03
4.804091953750764333e+03
4.805507515199767113e+03
4.805820373685464801e+03
4.806036516555922390e+03
4.806102324564652918e+03
4.806272853700570522e+03
4.806770574960713020e+03
4.806914126521982325e+03
4.807029886610216636e+03
4.807165257395742628e+03
4.807317297933029295e+03
4.807409189305833024e+03
4.807722722924165282e+03
4.808457402134166841e+03
4.809247385609811317e+03
4.809317062810546304e+03
4.809320439073337184e+03
4.809364068101624071e+03
4.809598338043297190e+03
4.810027959927966549e+03
4.810289370390993099e+03
4.811309217126800831e+03
4.811335351978704239e+03
4.811346040965610882e+03
4.811508466436392155e+03
4.811509158406710412e+03
4.811639836418666164e+03
4.811643884343540776e+03
4.811787583545207781e+03
4.811867251968784331e+03
4.812020725904480059e+03
4.812175713640408503e+03
4.812660140574389516e+03
4.813098278613902949e+03
4.813154055748988867e+03
4.813164326510623141e+03
4.813243668626236285e+03
4.813430516606546007e+03
4.813820750902640611e+03
4.814005445969782158e+03
4.814089326722300029e+03
4.814118359363083982e+03
4.814539269742746910e+03
4.814748248746514037e+03
4.814934300456912752e+03
4.815152241249684266e+03
4.815589829439353707e+03
4.815621721866380540e+03
4.815704153529393807e+03
4.816030380717304979e+03
4.816072967882222656e+03
4.816214288204918375e+03
4.816546977180535578e+03
4.816599716149004053e+03
4.816899983339772007e+03
4.816914556155969876e+03
4.816954707239026902e+03
4.817129723533553260e+03
4.818204920685204343e+03
4.818364997443071843e+03
4.818482395587740939e+03
4.819680229483508811e+03
4.819748953008946046e+03
4.819921606038149548e+03
4.820097328318754080e+03
4.820172190215611408e+03
4.820403069585726371e+03
4.821138203300087298e+03
4.821520603124227819e+03
4.821572015194933556e+03
4.821668804481743791e+03
4.821707177322397911e+03
4.821712917958237085e+03
4.821772439413412940e+03
4.821973681232217132e+03
4.822069006264729978e+03
4.822252858678293705e+03
4.822328525531554988e+03
4.822542885953275800e+03
4.823313725517517923e+03
4.823398159922822742e+03
4.823501465328601626e+03
4.823560872837839270e+03
4.823609302558619675e+03
4.823609573012252440e+03
4.823774881838978217e+03
4.824874374418343905e+03
4.825013716130627472e+03
4.825394626075388260e+03
4.825622544842479329e+03
4.825738285469847142e+03
4.825773116460845813e+03
4.826272368895871296e+03
4.826315292515989313e+03
4.826702920468802404e+03
4.826766650417171149e+03
4.827280634973912129e+03
4.828056037079372800e+03
4.828097235782242024e+03
4.828366903432316576e+03
4.828421674433803673e+03
4.828516961049769634e+03
4.828837755519645725e+03
4.829045619296165569e+03
4.829413361433282262e+03
4.829848867854191667e+03
4.830185993166776825e+03
4.830883843410086229e+03
4.831018480989012460e+03
4.831187812773717269e+03
4.831398190172369141e+03
4.831839005792705393e+03
4.832097378352386841e+03
4.832806770932843392e+03
4.833005316338262674e+03
4.833162949892574034e+03
4.833782768804766420e+03
4.833857443413829060e+03
4.834016128665772158e+03
4.834590327101715047e+03
4.834882104087863809e+03
4.835267174736281049e+03
4.835538511528344316e+03
4.835781501611922977e+03
4.835924036550159144e+03
4.835927989929658906e+03
4.836047777620686247e+03
4.836288198671547434e+03
4.836346638378295211e+03
4.836744425055088868e+03
4.836915637077097927e+03
4.837526672950921238e+03
4.837885041775371064e+03
4.837939273621071152e+03
4.838130784131221844e+03
4.838222421508628941e+03
4.838456421843138742e+03
4.838626331210416538e+03
4.838710922666827173e+03
4.838934889716783800e+03
4.839105503914437577e+03
4.839264341566073199e+03
4.839304385595140047e+03
4.839323958511410638e+03
4.839469591991806737e+03
4.839772223245344321e+03
4.840260727897904871e+03
4.840655062068226471e+03
4.840911331508837065e+03
4.840950903625074716e+03
4.841473669690217321e+03
4.841916170093686560e+03
4.842149702938655537e+03
4.842337835489796817e+03
4.844235902779853859e+03
4.844236175227840249e+03
4.844430239588138647e+03
4.844819816536131839e+03
4.845148649421776099e+03
4.845183285920556045e+03
4.845668464175059853e+03
4.846452804486068089e+03
4.846958764024722768e+03
4.847170699528270234e+03
4.847211475004973181e+03
4.847484915209812243e+03
4.847485876817729149e+03
4.847556070208222991e+03
4.847818465431420918e+03
4.848214004757295697e+03
4.848655011722363270e+03
4.848749524642332290e+03
4.848870796343217989e+03
4.849179516285960744e+03
4.849357611717843611e+03
4.849415324082894585e+03
4.850048911485078861e+03
4.850085053710340617e+03
4.850532165339574931e+03
4.850579714530211277e+03
4.851230478001000847e+03
4.851382023199871583e+03
4.851827195484325784e+03
4.852436014513546979e+03
4.852714573751048192e+03
4.852923573128366115e+03
4.853004694252891568e+03
4.853652320552339916e+03
4.853895365386602862e+03
4.854542539700084490e+03
4.854787539075929999e+03
4.854876877788625279e+03
4.855073888206543415e+03
4.856031758469338456e+03
4.856371076639525199e+03
4.856589673927222066e+03
4.856723296133504846e+03
4.856741608898021695e+03
4.857124048807472718e+03
4.857331686807343431e+03
4.857383211311219384e+03
4.857446884472436068e+03
4.857456396615044468e+03
4.857561955321350069e+03
4.857604875290384371e+03
4.857851882682673931e+03
4.858034168403581134e+03
4.858087142938637953e+03
4.858115115232889366e+03
4.858136739007006327e+03
4.858238631133791387e+03
4.858870284506356256e+03
4.858932394566835683e+03
4.859006567469364199e+03
4.859131811647095674e+03
4.859172799850104639e+03
4.859439222547072859e+03
4.859678933938511364e+03
4.859871484768781556e+03
4.860046263374810223e+03
4.860140714329907496e+03
4.860169397876420589e+03
4.860419730838166288e+03
4.861556142871441807e+03
4.861766193229979763e+03
4.861860814770533580e+03
4.862061562626686282e+03
4.862347152437650948e+03
4.862469542582464783e+03
4.862595573947529374e+03
4.862822014184979707e+03
4.863014201187620529e+03
4.863082853370558041e+03
4.863111624458951155e+03
4.863158546532184118e+03
4.863211999522472070e+03
4.863362477576385572e+03
4.863855025811507403e+03
4.864061243365185874e+03
4.864369446027854792e+03
4.864573146150286448e+03
4.864580713735750578e+03
4.864607784856382750e+03
4.865044282778732850e+03
4.865717751917964961e+03
4.865796120363414957e+03
4.865816816758873756e+03
4.866344283033207830e+03
4.866927005533606462e+03
4.866976620320808252e+03
4.867374714796170338e+03
4.867562130064860867e+03
4.868027585220154833e+03
4.868260163080938582e+03
4.868430113370715844e+03
4.868601225415381123e+03
4.868914885104969471e+03
4.868975511258489860e+03
4.869293793158419248e+03
4.869404613960045026e+03
4.870074130266707471e+03
4.870087429094570325e+03
4.870217332505249942e+03
4.870669780378349969e+03
4.870989939441002207e+03
4.871121117352253350e+03
4.871763326410266018e+03
4.871984671117089420e+03
4.872213775699052349e+03
4.872373300811408626e+03
4.872404911151250417e+03
4.872529352243904214e+03
4.873414679107110715e+03
4.873423523891077821e+03
4.873583791492310411e+03
4.873799922092038287e+03
4.874089623740118441e+03
4.874161822121663135e+03
4.874683057439061486e+03
4.874970516491066519e+03
4.875144884024928615e+03
4.875775802005417063e+03
4.875829757985348806e+03
4.876048125977156815e+03
4.876244184038344429e+03
4.876806351918454311e+03
4.876887712610765448e+03
4.876998506968774564e+03
4.877085689852540781e+03
4.877128826818533526e+03
4.877308694456753983e+03
4.877834751320422583e+03
4.878501409991252331e+03
4.878610501352062784e+03
4.878724824508864003e+03
4.878753087144949859e+03
4.878807992964001642e+03
4.879042033708154122e+03
4.879444896533495921e+03
4.879490118466633248e+03
4.879585526725815726e+03
4.879676279492207868e+03
4.880162968645821820e+03
4.880332294381235442e+03
4.880362074845232200e+03
4.880550022859248202e+03
4.880735925791403133e+03
4.881104577148675162e+03
4.882411509842143460e+03
4.882557063532042775e+03
4.883177524904755956e+03
4.883228020440294131e+03
4.883443092134672952e+03
4.883465156120646498e+03
4.883880429793539406e+03
4.883902156963932612e+03
4.884322165633533587e+03
4.884762259098733011e+03
4.884800208162348099e+03
4.885052157081281621e+03
4.885286486728638010e+03
4.885353587922732913e+03
4.885573302692029756e+03
4.885673884871591326e+03
4.885867292171998088e+03
4.885877710614954594e+03
4.887560153110919600e+03
4.888725850386098500e+03
4.889271214932244220e+03
4.889445106882966684e+03
4.890369388438172791e+03
4.890436855923200710e+03
4.890683010148934954e+03
4.890792102191044251e+03
4.890962458127902210e+03
4.890965864015577608e+03
4.890984307819633614e+03
4.891009284664251027e+03
4.891051172744385440e+03
4.891428273839197573e+03
4.891871773568520439e+03
4.892889543000853337e+03
4.892954135025984215e+03
4.893010207203735263e+03
4.893510996447843354e+03
4.893853388401700613e+03
4.893954615211090641e+03
4.894330231743421791e+03
4.894565021213185901e+03
4.894780746715690839e+03
4.894912622216304953e+03
4.894940635218449643e+03
4.894980730448223767e+03
4.895073904145563574e+03
4.895177752307060473e+03
4.895876827877999858e+03
4.896017869255074402e+03
4.896054350228531803e+03
4.896160850041948834e+03
4.896168967308277388e+03
4.896198826420929436e+03
4.896213649495288337e+03
4.896505910610392675e+03
4.897331468590519762e+03
4.897351994750683843e+03
4.897625484204781969e+03
4.897674339755703841e+03
4.897986571724402893e+03
4.898082630076408350e+03
4.898102030548830953e+03
4.898796383244751269e+03
4.899807053907800764e+03
4.900111262272688691e+03
4.900242906715158824e+03
4.900264601178034354e+03
4.900682773272270424e+03
4.900783846013679977e+03
4.900935105545253464e+03
4.901054310434145918e+03
4.901566208231115525e+03
4.901898186144432657e+03
4.902066898335377118e+03
4.902314361849186753e+03
4.902580348072418019e+03
4.902700224738297038e+03
4.902889955910023673e+03
4.903193890894911419e+03
4.903686050670236909e+03
4.903748571092878592e+03
4.905192807437144438e+03
4.905292687177827247e+03
4.905692665262753508e+03
4.906327197596216138e+03
4.906453717029197833e+03
4.906498534744182507e+03
4.906586892965795414e+03
4.906921420754899373e+03
4.907016950792672105e+03
4.907253998528170996e+03
4.907352347592460319e+03
4.907465712372922098e+03
4.907947470190970307e+03
4.908654480838245036e+03
4.908774963778402707e+03
4.909083434757018949e+03
4.909236317052451341e+03
4.909514270007780397e+03
4.909991310028936823e+03
4.910025622927782024e+03
4.910150887708507071e+03
4.910183310384212746e+03
4.910312552438263083e+03
4.910488640296713129e+03
4.910705319723351749e+03
4.910814794274775522e+03
4.911962210731538107e+03
4.912033377343630491e+03
4.913043188332263526e+03
4.913407484830320755e+03
4.913504274504794012e+03
4.913809679461255655e+03
4.913977287288604202e+03
4.914344064610420901e+03
4.914917641926301258e+03
4.914920810917951712e+03
4.914949340567737636e+03
4.915044336772512906e+03
4.915060353730193128e+03
4.915070217302187302e+03
4.915870918589726898e+03
4.916115003580465782e+03
4.917112933814086318e+03
4.917461129880488443e+03
4.917851722944420544e+03
4.918104565797183568e+03
4.918225094553009512e+03
4.918302343905199450e+03
4.918442184863476541e+03
4.918883178747510101e+03
4.919156065895138454e+03
4.919187387883771407e+03
4.919475070459024209e+03
4.919543628632764012e+03
4.919915865292327908e+03
4.920046581859619437e+03
4.920835660213948358e+03
4.920911627372139264e+03
4.921094008348043644e+03
4.921355857337470297e+03
4.921396122494565134e+03
4.921411762298751455e+03
4.921500329576264448e+03
4.921990958065491213e+03
4.922412138480844987e+03
4.922678170727001998e+03
4.922868278178752917e+03
4.923007136022522900e+03
4.923156835305428103e+03
4.923279871488827666e+03
4.923555684943348751e+03
4.923583964583679517e+03
4.924002737961357525e+03
4.924039730013048029e+03
4.924328943740110844e+03
4.924499327511226511e+03
4.924732440296895220e+03
4.924774096289253066e+03
4.924821201122605999e+03
4.924885478563306606e+03
4.925234485168938591e+03
4.926268958627767461e+03
4.926335671330224613e+03
4.926532272580837343e+03
4.927007408205236061e+03
4.927142455552072533e+03
4.927255516723792425e+03
4.927371782155786605e+03
4.927606948880995333e+03
4.927767946511004993e+03
4.927895488197210398e+03
4.928133733925800698e+03
4.928666229405062950e+03
4.928834369123610486e+03
4.929052772533294046e+03
4.929094928412717309e+03
4.929294918854177922e+03
4.929452435954292923e+03
4.929731150014950799e+03
4.929830124512458497e+03
4.929975279692708682e+03
4.930214660543454556e+03
4.930403444494941141e+03
4.930814092235573298e+03
4.931144431513510426e+03
4.931410097009294077e+03
4.931489582409949435e+03
4.931839612307532661e+03
4.931852334134265220e+03
4.932130371196813940e+03
4.932460203113669195e+03
4.932718122224458057e+03
4.932820778311937829e+03
4.932911992990548242e+03
4.933343993393336859e+03
4.933718946270861125e+03
4.934006616523399316e+03
4.934021857593417735e+03
4.934031647651881940e+03
4.934181890447136539e+03
4.934522352304779815e+03
4.934589777485320155e+03
4.934655409695600611e+03
4.934879671802321354e+03
4.935007271858340573e+03
4.935491698655650907e+03
4.936153969142073038e+03
4.936485233052600051e+03
4.936650508565766359e+03
4.936698246465927696e+03
4.936895046165288477e+03
4.937169125885863650e+03
4.937475994429514685e+03
4.938030787967306424e+03
4.938174765208399549e+03
4.938260620580895193e+03
4.938541944468605834e+03
4.939017302641394053e+03
4.939305074964642699e+03
4.939406840533549257e+03
4.939456434243980766e+03
4.939646091731910019e+03
4.940216200634377856e+03
4.940753248827831158e+03
4.941211784194781103e+03
4.941235499103811890e+03
4.941244925809769484e+03
4.942030480078214168e+03
4.942131987754326474e+03
4.942551259806788039e+03
4.942817010645318078e+03
4.943097574613452707e+03
4.943143912796715085e+03
4.943836493444930056e+03
4.944040481891512172e+03
4.944570050132992947e+03
4.944598475319859972e+03
4.944667569101197842e+03
4.944706862574826118e+03
4.944727080478418429e+03
4.944904233853185360e+03
4.944919873557991195e+03
4.945139068974838665e+03
4.945255349496778763e+03
4.945457621914831179e+03
4.945576681244172505e+03
4.945921510660853528e+03
4.945932716142562640e+03
4.946124763297073514e+03
4.946240350639192002e+03
4.946581477763395014e+03
4.946764874606426929e+03
4.946796824242536786e+03
4.947134729020785016e+03
4.947136322555935294e+03
4.947184072769459817e+03
4.947521382905696555e+03
4.947834403759487031e+03
4.947974247907795871e+03
4.948002476415714227e+03
4.948203501179791601e+03
4.948696176264974383e+03
4.948888537650192120e+03
4.948896831385313817e+03
4.949150184215305671e+03
4.949269825016617688e+03
4.949384577774679201e+03
4.950059380656835856e+03
4.950091546906354779e+03
4.950107508115316705e+03
4.950432442109373369e+03
4.950580674234258368e+03
4.950921780081483121e+03
4.950940066424495853e+03
4.951071022321066266e+03
4.951107528371233457e+03
4.951166639037382083e+03
4.951221023924526889e+03
4.951279038237909845e+03
4.951479841226820099e+03
4.951742766777699217e+03
4.952369224801013843e+03
4.952734015556256963e+03
4.952995523794049404e+03
4.953457692242847770e+03
4.953772864777263749e+03
4.953824969938178583e+03
4.954030349137746271e+03
4.954371334880340328e+03
4.954783763557627026e+03
4.955135379257076238e+03
4.955288948519390033e+03
4.955465494690778542e+03
4.955497176911947463e+03
4.955519887989919880e+03
4.955547892482672069e+03
4.956069146730927059e+03
4.956097087857415318e+03
4.956558688599653578e+03
4.957978482776937199e+03
4.958045149815124205e+03
4.958176544985202781e+03
4.958193268692717538e+03
4.958236939116519352e+03
4.958343632488686126e+03
4.958575260431232891e+03
4.958962687655462105e+03
4.959401985970982423e+03
4.959579893265837200e+03
4.959626047181403010e+03
4.959708070458394104e+03
4.960066330066073533e+03
4.960085079392762964e+03
4.960210833961396929e+03
4.960366363426811404e+03
4.960656574825788994e+03
4.960923114924009496e+03
4.960973457008585683e+03
4.960982252779132068e+03
4.961213757133156832e+03
4.961307638577291073e+03
4.962183298297418332e+03
4.962229689390163003e+03
4.962528095982304876e+03
4.962689992686323421e+03
4.962715968057131249e+03
4.962863439708241458e+03
4.963021755659478913e+03
4.963078672473387996e+03
4.963163376348335078e+03
4.963338399644751007e+03
4.963464505808818103e+03
4.963984481899101411e+03
4.964284830196123949e+03
4.964679757349801548e+03
4.964886690331810314e+03
4.965163590185999055e+03
4.965207163408438646e+03
4.965701404036651184e+03
4.966217515038063539e+03
4.966254376634639812e+03
4.967012776965856574e+03
4.967045508083492678e+03
4.967227423401042870e+03
4.967967159553735655e+03
4.968104602305096705e+03
4.968208344412703809e+03
4.968345063730552283e+03
4.968406747256801282e+03
4.969724191965343380e+03
4.969758922067885578e+03
4.969766581530528128e+03
4.969896864049959731e+03
4.970041831503140202e+03
4.970495745323377378e+03
4.970844716440977209e+03
4.971093752347951522e+03
4.971569256737686374e+03
4.971722317790329726e+03
4.972047529167292851e+03
4.972192552509523011e+03
4.973106120507167361e+03
4.973363124432272343e+03
4.973421630603723315e+03
4.973738941210514895e+03
4.973921134481931404e+03
4.974068559659742277e+03
4.974239048956043007e+03
4.974290575989477475e+03
4.974427468460726232e+03
4.975612626837287280e+03
4.975733481279314219e+03
4.976030372353377061e+03
4.976643081046867337e+03
4.977274827848167661e+03
4.977542372298998089e+03
4.977744898170479246e+03
4.977770454829447772e+03
4.977895424326648026e+03
4.979134986004651182e+03
4.979703313264069948e+03
4.979783255347078011e+03
4.979829162608286424e+03
4.980287158499249017e+03
4.980505982586139908e+03
4.980966640697389266e+03
4.981126543151283840e+03
4.981140923653126265e+03
4.981201499321849951e+03
4.981252181451777687e+03
4.981521376031322689e+03
4.981709772137962318e+03
4.981804149580824742e+03
4.982006796959365602e+03
4.982328830623026988e+03
4.982840329009986817e+03
4.983496702693803854e+03
4.983805303402382378e+03
4.983951108222935545e+03
4.984020553956651383e+03
4.984153783502317310e+03
4.984250655095667753e+03
4.984362305466394901e+03
4.984470904370080461e+03
4.984604352188572193e+03
4.984665786957953969e+03
4.985343958376785849e+03
4.985575544721634287e+03
4.985736420014009127e+03
4.986000400043222726e+03
4.986439326797035392e+03
4.986452193341425300e+03
4.986764818863934124e+03
4.986951727359655706e+03
4.986994330127717149e+03
4.987410200821982471e+03
4.987438619615617426e+03
4.987877782398728414e+03
4.988177520190793075e+03
4.988387620602872630e+03
4.988765757902487167e+03
4.989176609192562864e+03
4.989980675201246413e+03
4.990154945620597573e+03
4.990166838549732347e+03
4.991221383678354869e+03
4.991441970754880458e+03
4.991778864954409073e+03
4.991815926436229347e+03
4.992144987942663647e+03
4.992473904373018740e+03
4.992633070507656157e+03
4.992683449052134165e+03
4.992840615048624386e+03
4.993010917520928160e+03
4.993415993214544869e+03
4.993427017977028299e+03
4.993814083228979143e+03
4.994166685019356919e+03
4.994430638178321715e+03
4.994746189449261692e+03
4.994959176510772522e+03
4.995181956975630783e+03
4.995236496254070516e+03
4.995248385146798682e+03
4.995679201783131248e+03
4.996133376886847145e+03
4.996198266426074042e+03
4.996270733983595164e+03
4.996472136944357771e+03
4.997826974054974926e+03
4.998140916409329293e+03
4.998570472941578373e+03
4.998590951835190026e+03
4.998711557973825620e+03
4.999087416230189774e+03
4.999120308208181086e+03
4.999137487182433688e+03
4.999581850871073584e+03
4.999735320440660871e+03
5.000012656618937399e+03
5.000111057137606622e+03
5.000205348915118520e+03
5.000224659160149713e+03
5.000405835753767860e+03
5.000564008534195636e+03
5.000625976334944426e+03
5.000716054595084643e+03
5.000815627100961137e+03
5.000883376961255635e+03
5.000986047257765676e+03
5.001076192813307898e+03
5.001391327069283761e+03
5.001533781076459491e+03
5.001902449886602881e+03
5.002256084648884098e+03
5.002538965753326011e+03
5.002827910249373417e+03
5.003128135435093100e+03
5.003190205900697947e+03
5.003436750460993608e+03
5.003598028148068806e+03
5.005807267180767667e+03
5.006231058282260165e+03
5.006435297761905531e+03
5.006743007094100903e+03
5.006783796367751165e+03
5.006860262671624696e+03
5.007022606256638937e+03
5.007184593715990559e+03
5.007186822624402339e+03
5.007559172448252866e+03
5.007771840023274308e+03
5.007840359588972206e+03
5.008159002698518634e+03
5.009397141449338051e+03
5.009421163921020707e+03
5.009793876346590878e+03
5.010388002626515117e+03
5.010788872931374499e+03
5.010859933215030651e+03
5.011181000110354944e+03
5.011348090923505879e+03
5.011648995580387236e+03
5.011817434391408824e+03
5.011992756524679862e+03
5.012384348010356916e+03
5.012629689703696386e+03
5.012935515067191773e+03
5.013336545104585639e+03
5.013996518850382017e+03
5.014235742277474856e+03
5.014316268611187297e+03
5.014410694914677151e+03
5.014897603042808441e+03
5.015706846130080521e+03
5.015837990300991805e+03
5.015987861810844151e+03
5.016100010749797548e+03
5.016111963819660559e+03
5.016184887199114200e+03
5.016712052289839448e+03
5.017473823987332253e+03
5.018139359064578457e+03
5.018273796640482942e+03
5.018584547037832635e+03
5.018772074729270571e+03
5.018856426592931712e+03
5.018966735311078992e+03
5.019203703458517339e+03
5.020656211738074489e+03
5.020786068154553504e+03
5.021445226452507086e+03
5.021488653143492229e+03
5.021561711842772638e+03
5.021842396165234277e+03
5.022491345585286581e+03
5.023325776143998155e+03
5.023894143770722621e+03
5.024167393526576234e+03
5.024295547369493761e+03
5.024471641854270274e+03
5.024512574828454490e+03
5.024601652575297521e+03
5.024794606542730435e+03
5.024917724035062747e+03
5.025200704284496169e+03
5.025237069353936022e+03
5.025722769963602332e+03
5.025818141347792334e+03
5.025993879563777227e+03
5.026144113893510621e+03
5.027515431476975209e+03
5.028139381882820089e+03
5.028609816311714894e+03
5.028988473599184545e+03
5.029531977489938981e+03
5.029847130474833648e+03
5.029891221335669798e+03
5.030030506901500303e+03
5.030170018247767075e+03
5.030426813525599755e+03
5.030629254216348272e+03
5.030931692215675866e+03
5.030992085461980423e+03
5.031131340837700918e+03
5.031367444587121099e+03
5.031372922209953686e+03
5.032198526188202777e+03
5.032401881154539296e+03
5.033363311661063562e+03
5.033554764018498645e+03
5.033859504547180222e+03
5.034025207120489540e+03
5.034387194221707432e+03
5.035191555151676766e+03
5.036092739814360357e+03
5.036712181260613761e+03
5.036787196403131020e+03
5.037077971182508008e+03
5.037798743025485237e+03
5.038398867719366535e+03
5.038663317577994349e+03
5.039907558600837547e+03
5.040492776949409745e+03
5.040574185850838148e+03
5.040796873245665665e+03
5.040939926680874123e+03
5.040991372055410466e+03
5.041312324241310307e+03
5.041528013039857797e+03
5.041767350759056171e+03
5.041771752760032541e+03
5.042012342323518169e+03
5.042243380695572341e+03
5.043042027223638797e+03
5.043077739155186464e+03
5.043181154478048484e+03
5.043331369891595386e+03
5.043590322717240269e+03
5.043695199814235821e+03
5.043724097287170480e+03
5.043819871291403615e+03
5.045038010872303857e+03
5.045371253049731422e+03
5.045819469289947847e+03
5.045828356101109421e+03
5.046172931800155311e+03
5.046192468106343767e+03
5.046220752244718824e+03
5.046794378158167092e+03
5.046828072909699586e+03
5.047540462698425472e+03
5.047766467928044221e+03
5.048377486363593562e+03
5.048893141605878554e+03
5.049373741526982485e+03
5.049648736118735542e+03
5.049868078466169209e+03
5.049898241565900207e+03
5.050487032515635292e+03
5.050671511527194525e+03
5.050835584663513146e+03
5.050986063110297437e+03
5.051078349853387408e+03
5.051352414271656016e+03
5.051762385911837555e+03
5.051999466973183189e+03
5.052132825163806046e+03
5.052235521581734247e+03
5.052739232050672399e+03
5.052760352505540141e+03
5.052766350439554117e+03
5.054630275584394440e+03
5.054880052494737356e+03
5.055095312447279866e+03
5.055174059191979723e+03
5.055446754493964363e+03
5.056018720061082604e+03
5.056370599209792090e+03
5.056777556877389543e+03
5.057018983951768860e+03
5.057797485321142631e+03
5.057850892687469241e+03
5.057924341705520419e+03
5.058310019991671652e+03
5.058334056018427873e+03
5.058487485025193564e+03
5.058831233237767265e+03
5.059693510911819430e+03
5.060056563908119642e+03
5.060145645300336582e+03
5.060640328745345869e+03
5.060729720617418934e+03
5.061239151701433912e+03
5.061290279958762767e+03
5.061400077702084673e+03
5.061465556937474503e+03
5.062424122046691991e+03
5.062502609923190903e+03
5.062608971970228595e+03
5.062968147236615550e+03
5.063475740319703618e+03
5.063761301275614642e+03
5.063838808053567845e+03
5.064331544506969294e+03
5.064445745876672845e+03
5.064515191918619166e+03
5.064748531520441247e+03
5.064850947203423857e+03
5.065478024053490117e+03
5.066049461840687400e+03
5.066325457401506355e+03
5.066345292100745610e+03
5.066906223771499754e+03
5.066924697088614266e+03
5.067066201166367136e+03
5.067546063421983490e+03
5.067622305328086441e+03
5.068229860831847873e+03
5.068428596103748532e+03
5.068510157656030970e+03
5.068525551829894539e+03
5.068870874743839522e+03
5.069023964972323483e+03
5.069189548724921224e+03
5.069883746811694436e+03
5.070228048735220000e+03
5.070272319080097077e+03
5.070353286965206280e+03
5.070574832351364421e+03
5.070915195930754635e+03
5.071185919556966837e+03
5.071210495936367806e+03
5.071234098143851952e+03
5.071674641271939436e+03
5.071783190377879691e+03
5.072238952903927384e+03
5.072425106117956602e+03
5.072523032180571136e+03
5.072701676650711306e+03
5.072833099210989531e+03
5.072876008516132970e+03
5.073247266099118860e+03
5.073250268096926447e+03
5.073473066178915360e+03
5.073676368330347032e+03
5.074118248201937604e+03
5.074144356787483048e+03
5.074302132799944957e+03
5.074384936354557794e+03
5.074424798618298155e+03
5.074992930808174606e+03
5.075485510613987572e+03
5.075556459132936652e+03
5.075961280239162988e+03
5.076666995446457804e+03
5.076692332645075112e+03
5.076967124095568579e+03
5.077265530452797975e+03
5.078552325583134007e+03
5.078961144688163586e+03
5.079001613337321942e+03
5.079134580163508872e+03
5.079249859252742681e+03
5.079447116075677513e+03
5.079463322131956375e+03
5.079519427426147558e+03
5.079733193513205151e+03
5.079751185929214444e+03
5.079794430162743993e+03
5.080077943110375600e+03
5.080103671839880917e+03
5.080196225553785553e+03
5.080323238371364823e+03
5.080446612133140661e+03
5.080798253700533678e+03
5.081056029027304248e+03
5.081265101222201338e+03
5.081311384613810333e+03
5.081615790593358724e+03
5.082053950418772729e+03
5.082161190330883983e+03
5.082191999755834331e+03
5.082655636346891697e+03
5.082958754908035189e+03
5.082993033562244818e+03
5.083212383484278689e+03
5.083228435779109532e+03
5.083425024063063574e+03
5.083536734623466145e+03
5.083702061115241122e+03
5.083732415102538653e+03
5.083732949173903762e+03
5.083822685420649577e+03
5.083913596007510932e+03
5.084070869838154977e+03
5.084192069771088427e+03
5.084228399417937908e+03
5.084287097556200024e+03
5.084527546662448003e+03
5.084674865456614498e+03
5.086111087947512715e+03
5.086239492471321682e+03
5.086794017647821420e+03
5.087329997452866337e+03
5.087393805974666975e+03
5.087707252791889914e+03
5.087877644282770234e+03
5.088425273353972443e+03
5.088483432676333905e+03
5.088709594936358371e+03
5.089174803621956926e+03
5.089407143648538295e+03
5.089731133165286337e+03
5.090059665088017937e+03
5.090406651613721806e+03
5.091200408338160742e+03
5.091365973565648346e+03
5.091616042387046036e+03
5.091943413428072745e+03
5.092573360585187402e+03
5.092761258835061199e+03
5.093356108050534203e+03
5.093479639058842622e+03
5.095079189921631951e+03
5.095296593644212408e+03
5.095478732532447793e+03
5.095657239976565506e+03
5.095904976883248310e+03
5.096130025777234550e+03
5.096765005026175459e+03
5.096804854212611644e+03
5.097066760384522240e+03
5.097505842117820976e+03
5.097627656108646079e+03
5.098645083219966182e+03
5.099004983380404155e+03
5.099226881716066600e+03
5.099671409928922913e+03
5.100072880330353655e+03
5.100123086831752516e+03
5.100704242160236390e+03
5.100906261406847989e+03
5.101115898245418066e+03
5.102036452207076763e+03
5.102772476521654426e+03
5.102861686207663297e+03
5.103201038101849008e+03
5.103457804215895521e+03
5.103620980590185354e+03
5.104184705607573051e+03
5.104456836752251547e+03
5.104499550113140685e+03
5.104579451893809164e+03
5.104751421283462150e+03
5.105387359125044895e+03
5.105409602947568601e+03
5.105883159742275893e+03
5.106120483206462268e+03
5.106595956611797192e+03
5.106640335308848989e+03
5.106660843896354891e+03
5.106751298228606174e+03
5.107328064882190120e+03
5.107934070779299873e+03
5.108501235115015334e+03
5.108751200572221933e+03
5.109291181026753293e+03
5.109352472733576178e+03
5.109839962283068417e+03
5.109847649645772435e+03
5.110439759960505398e+03
5.110683645081852774e+03
5.111577468581440371e+03
5.111913362271674487e+03
5.112097571916285233e+03
5.112099048315453729e+03
5.112152751882396842e+03
5.112293466674967021e+03
5.114224690842025666e+03
5.114387319731095886e+03
5.114782096074831315e+03
5.114789898722750877e+03
5.115505703973339223e+03
5.115613751626839075e+03
5.115680600268478884e+03
5.116179774852261289e+03
5.117139815802998783e+03
5.117336459105958966e+03
5.117560980024015407e+03
5.118021950506495159e+03
5.118462910240451492e+03
5.118978801546202703e+03
5.119060716727175532e+03
5.119213057159436175e+03
5.119500236684666561e+03
5.119767649509592047e+03
5.120128119788963886e+03
5.120338918748433571e+03
5.120697002613137556e+03
5.120893760324479445e+03
5.120958576205398458e+03
5.121274857431571036e+03
5.122353138545591719e+03
5.123876444211612579e+03
5.123994744839026680e+03
5.124911627343056352e+03
5.125560143267898638e+03
5.125679865846830580e+03
5.126081868207676052e+03
5.126331874237032025e+03
5.126889531991385411e+03
5.126947725771625301e+03
5.127058710060073281e+03
5.127310894483632183e+03
5.127341201726912004e+03
5.127444887378894236e+03
5.128430541310378430e+03
5.128707034817400199e+03
5.128726259599006880e+03
5.129075198120098321e+03
5.129285628160544547e+03
5.129312182616027712e+03
5.129690587022611908e+03
5.130225853187873327e+03
5.130308473947377934e+03
5.130944028263508699e+03
5.131151815833278306e+03
5.131344095026187460e+03
5.131654093920360538e+03
5.131827614984385946e+03
5.132388734433250647e+03
5.132783833610447800e+03
5.133929921827147155e+03
5.134128587641364902e+03
5.134503281048429017e+03
5.135041232320185372e+03
5.135063628177281316e+03
5.135242769662947467e+03
5.135381602462270166e+03
5.136081288938582475e+03
5.136379468007740797e+03
5.136566763624107807e+03
5.136873354762673443e+03
5.137071747179847080e+03
5.137740700903815195e+03
5.137782192314250096e+03
5.137911042584101779e+03
5.137963593358913386e+03
5.137996761854157739e+03
5.138080817302253308e+03
5.138110072791969287e+03
5.138154356765066041e+03
5.138193563624017770e+03
5.138693672378149131e+03
5.139097184010698584e+03
5.139102217070721963e+03
5.139279375638033343e+03
5.139781197224043353e+03
5.140054665405846208e+03
5.140511441004164226e+03
5.140779824210196239e+03
5.140875169527593243e+03
5.141089990363270772e+03
5.141595758733990806e+03
5.142196001770100338e+03
5.142260581185258161e+03
5.142483405185369520e+03
5.142553319285095313e+03
5.142924418625194448e+03
5.143106287555263407e+03
5.143150341297093291e+03
5.144780403800774366e+03
5.144864795567083092e+03
5.144958839665965570e+03
5.145093186745190906e+03
5.145797449362235056e+03
5.145882955942627632e+03
5.146009448224724110e+03
5.146124793630875502e+03
5.146405454455458312e+03
5.146725486859659213e+03
5.146899431517851554e+03
5.147028884279788144e+03
5.147298308039072253e+03
5.147560847549976643e+03
5.148330006976926597e+03
5.148491308135377949e+03
5.149176078614083053e+03
5.149317805298524036e+03
5.150650081995770961e+03
5.150927549462140632e+03
5.151042822053147574e+03
5.151045792343355060e+03
5.151159116818133043e+03
5.151203230590670501e+03
5.151228085035115328e+03
5.151330743524020363e+03
5.151512996692106753e+03
5.151846015436935886e+03
5.152071643245431915e+03
5.152203134404837328e+03
5.152701689390575666e+03
5.152826786383156104e+03
5.152858321849274034e+03
5.153244550497303862e+03
5.153535202229512834e+03
5.153588663026290305e+03
5.153897786708973399e+03
5.153939344048522798e+03
5.153999884983206357e+03
5.154365413084085048e+03
5.154375076665465713e+03
5.155037365427659097e+03
5.155657792577315377e+03
5.155749616669602801e+03
5.156417569943722810e+03
5.156808262737558834e+03
5.157315560612604713e+03
5.157386747008954444e+03
5.157774489737558724e+03
5.158438140793177809e+03
5.158944795720875845e+03
5.159086089062616338e+03
5.159194191172818137e+03
5.159562857660460395e+03
5.159724693848387687e+03
5.160101946328933082e+03
5.160340962777113418e+03
5.160898067757359058e+03
5.161060656744541120e+03
5.161822133981152547e+03
5.162051133184982973e+03
5.162184756764921076e+03
5.162786328459035758e+03
5.162855767293759527e+03
5.162967852691499502e+03
5.163302007512257660e+03
5.164121006394572760e+03
5.164140363198819614e+03
5.164252875821875932e+03
5.164423350722507166e+03
5.164456381927499024e+03
5.164840743693276636e+03
5.165916825033119494e+03
5.166019876435407241e+03
5.166038773259258051e+03
5.166371345942005064e+03
5.166448064657892246e+03
5.166458145570710258e+03
5.166885002567326410e+03
5.168051130697648659e+03
5.168289760745818057e+03
5.168333502485340432e+03
5.168418545070006076e+03
5.168527755692525716e+03
5.169025347557242640e+03
5.169148451205456695e+03
5.169191592064279575e+03
5.169474897386699922e+03
5.169915956395457215e+03
5.170018880837437791e+03
5.170082709610871461e+03
5.170345202034951399e+03
5.170802379097113771e+03
5.171176309097140802e+03
5.172298877398775403e+03
5.172451868056818057e+03
5.172655033678130167e+03
5.173439961900518028e+03
5.173689472214644411e+03
5.174024226200213889e+03
5.174379734941741845e+03
5.174960239577379070e+03
5.174987694371849102e+03
5.175429045656239396e+03
5.175544410602739845e+03
5.175620966055051213e+03
5.175660720647799280e+03
5.175666940269185943e+03
5.175675850156550950e+03
5.175798900651384429e+03
5.176092742302412262e+03
5.176416150137264594e+03
5.176526166726419433e+03
5.177135551199608017e+03
5.177209637520490105e+03
5.177381852036070086e+03
5.177479307366149442e+03
5.177710543231004522e+03
5.178199914768630151e+03
5.178752581279963124e+03
5.178790083709822284e+03
5.178973852449163132e+03
5.179141822483907163e+03
5.179510475442164534e+03
5.180482806136066756e+03
5.180573881299889763e+03
5.180992091056638856e+03
5.181017539830466376e+03
5.181114970593196631e+03
5.181202381789586980e+03
5.181414418523875611e+03
5.181947886110983745e+03
5.182203534115664297e+03
5.182323789490704257e+03
5.182468697477126625e+03
5.182634003937152556e+03
5.183107634660887015e+03
5.183661577878289791e+03
5.184138967261395919e+03
5.184190673962954861e+03
5.184578865525468245e+03
5.184581065302527350e+03
5.184988958399310832e+03
5.185038344779223735e+03
5.185231244768229772e+03
5.186060062494838348e+03
5.186363851000452996e+03
5.186380228227965745e+03
5.186445640733220898e+03
5.186642990986227232e+03
5.186757945589761221e+03
5.186849359535915937e+03
5.186874811401217812e+03
5.186996217793242977e+03
5.188479340741158921e+03
5.188532658055285538e+03
5.189535198344327910e+03
5.189601647216264610e+03
5.191117155489548168e+03
5.191564359038658040e+03
5.191624049562825348e+03
5.192589794557185087e+03
5.192658269770939114e+03
5.192780433449908742e+03
5.192797267307467337e+03
5.193975222146646956e+03
5.194010308337183233e+03
5.194134642991718465e+03
5.194452346622621008e+03
5.194479968237679714e+03
5.194696088094697188e+03
5.194831466382268445e+03
5.195005306805077453e+03
5.195176564934909948e+03
5.195795064006411849e+03
5.196280631495832495e+03
5.196893620009142069e+03
5.197168665774113833e+03
5.197651001437840932e+03
5.198269888176638233e+03
5.198813420110265724e+03
5.198992468587082840e+03
5.199885074088711917e+03
5.199972522165217924e+03
5.200010351434968470e+03
5.200502570987308900e+03
5.200667160508996858e+03
5.200893818251486664e+03
5.201076573923023716e+03
5.201160610550686215e+03
5.201324399020453711e+03
5.201690977851846583e+03
5.202742565755891519e+03
5.203351768018218536e+03
5.203940786123600446e+03
5.204331029281331212e+03
5.204968639094219725e+03
5.205081711200798054e+03
5.206043242538513368e+03
5.206790517249671211e+03
5.207801697154735848e+03
5.207862943356000869e+03
5.208956737114867792e+03
5.209054337210780432e+03
5.209117656340705253e+03
5.209445428892357086e+03
5.209528176069541587e+03
5.210921343261806214e+03
5.211439001800341430e+03
5.212081697860217901e+03
5.212095088911894891e+03
5.212181614081132466e+03
5.212893545086499216e+03
5.213175595714708834e+03
5.213339047172823484e+03
5.213838414178039784e+03
5.213987985677926190e+03
5.214422642970936977e+03
5.214594013638883553e+03
5.215487616791267101e+03
5.215757834050832571e+03
5.216329298558925075e+03
5.216436437030549314e+03
5.216439924300674647e+03
5.216559344401812268e+03
5.216655448942235125e+03
5.217327673244466496e+03
5.217951130369278872e+03
5.218497081164709925e+03
5.218723448954206106e+03
5.218874204044921498e+03
5.219066817926712247e+03
5.219290495719826140e+03
5.219416452203681729e+03
5.219426153470869394e+03
5.219567767243238450e+03
5.220688403422896045e+03
5.220867009315014911e+03
5.221064586244106067e+03
5.221143301574249563e+03
5.221685817076632702e+03
5.221824639767931330e+03
5.222221581483404407e+03
5.222406027385523885e+03
5.222471255803890017e+03
5.222774872135619262e+03
5.223151446404506714e+03
5.223288182410770787e+03
5.223423279528139574e+03
5.223524300277073053e+03
5.223628082889761572e+03
5.223827496083217738e+03
5.223851819327672274e+03
5.223873356876763864e+03
5.223958343640839303e+03
5.224177817415777099e+03
5.224454055090478505e+03
5.224454281968163741e+03
5.224865109309694162e+03
5.225439479938087061e+03
5.225508911528638237e+03
5.225534849152637435e+03
5.225627697144796912e+03
5.226100616758649267e+03
5.226189071063646225e+03
5.226733737009263677e+03
5.227031641469937313e+03
5.227316705421752886e+03
5.227347849802960809e+03
5.227500724236959286e+03
5.227921816947591651e+03
5.227977570316317724e+03
5.228405805731893452e+03
5.229541530235773280e+03
5.229553107693608581e+03
5.230117110849426354e+03
5.230676747403812442e+03
5.230864325136013576e+03
5.231033150796995869e+03
5.231110117634931157e+03
5.231184494473385712e+03
5.231601509040914607e+03
5.232036231295481230e+03
5.232226483032395663e+03
5.232368900727515211e+03
5.232382301025020752e+03
5.232464186663949476e+03
5.232996096231809133e+03
5.233079910395455954e+03
5.233233901552622228e+03
5.234199727999855895e+03
5.234448262010701001e+03
5.234451254106395936e+03
5.234545568400790216e+03
5.234673516777836994e+03
5.234737024179074979e+03
5.234744460819663800e+03
5.234973834325651296e+03
5.235028580577258253e+03
5.235295950794503369e+03
5.235464106845227434e+03
5.235560713395683706e+03
5.235654881808032769e+03
5.235697043290289002e+03
5.235978531757757992e+03
5.236011181681246853e+03
5.236250241050329350e+03
5.236344819886607183e+03
5.236598624942580500e+03
5.236897777146719818e+03
5.237107185657787340e+03
5.237194982967846045e+03
5.238737045119544746e+03
5.238785781580118964e+03
5.239064351777676166e+03
5.239374829331773981e+03
5.240327469287273743e+03
5.240357838790248024e+03
5.240538371126125639e+03
5.240595491098915772e+03
5.241097214381162303e+03
5.241228717716280698e+03
5.241351767813442166e+03
5.241526892817262706e+03
5.241963956065319508e+03
5.242607720304260511e+03
5.242986136893162438e+03
5.243026162652498897e+03
5.244194408493722221e+03
5.244235850453917919e+03
5.244282482425291164e+03
5.244337707545053490e+03
5.245584215133059843e+03
5.245817262570803905e+03
5.245911630247544053e+03
5.245917488426668569e+03
5.247454267749548308e+03
5.247562787838247459e+03
5.247664854986240243e+03
5.248448536986426006e+03
5.248494838413738762e+03
5.248715103023482698e+03
5.248745841794561784e+03
5.249294866351565361e+03
5.249360754154296046e+03
5.249392890776218337e+03
5.249710851871224804e+03
5.249885523599628868e+03
5.250764282016606558e+03
5.250965762154888580e+03
5.251326311914564030e+03
5.251421842614105117e+03
5.251964999972564328e+03
5.252031012215336887e+03
5.252561667449312154e+03
5.252916951481069191e+03
5.252920653001181563e+03
5.252927120070261481e+03
5.253117816404612313e+03
5.253923165510414947e+03
5.254090015178595422e+03
5.254162750433470137e+03
5.254478252658201200e+03
5.254874346960018556e+03
5.254963953116778612e+03
5.255136266433999481e+03
5.255681209279427094e+03
5.256048066907318571e+03
5.256054220970027927e+03
5.256156160092454229e+03
5.256196606120233810e+03
5.256947444945292773e+03
5.257330903757324450e+03
5.257542255530888724e+03
5.257629599492892339e+03
5.258893358110540248e+03
5.258942717121016358e+03
5.258950166688620811e+03
5.259257710286542533e+03
5.259691309154450209e+03
5.260117624101433648e+03
5.260266122979373904e+03
5.260857683784661276e+03
5.261150796481208999e+03
5.261225081579942525e+03
5.261248126101970229e+03
5.261515256068930285e+03
5.261694262335036001e+03
5.262400614810379921e+03
5.262610003529160167e+03
5.262852412300222568e+03
5.264406449168740437e+03
5.264520281022573727e+03
5.265395217198843966e+03
5.265548620060250869e+03
5.266250916483299989e+03
5.266346734296351315e+03
5.266685146404721308e+03
5.266870918207731847e+03
5.267114275857669782e+03
5.267343037720630491e+03
5.267652261286400062e+03
5.268849071164380803e+03
5.269521684911008379e+03
5.269933105525988140e+03
5.270541660647046228e+03
5.271199373694236783e+03
5.271204952521593441e+03
5.271548631354807185e+03
5.272020487769311330e+03
5.272650305540717454e+03
5.273159923926768897e+03
5.274221141939205154e+03
5.274999872996555496e+03
5.275157480192404364e+03
5.275427042501190954e+03
5.275558435617856048e+03
5.275578262652953526e+03
5.275645781494510629e+03
5.275755636729950311e+03
5.275758915158376112e+03
5.276310968502442847e+03
5.276338621519911612e+03
5.276680806768764342e+03
5.276799493484318191e+03
5.276841240927974468e+03
5.276918710822939829e+03
5.277127830932367033e+03
5.277226116405919129e+03
5.277261576892277844e+03
5.278111734885430451e+03
5.278513903477128224e+03
5.278854800820712626e+03
5.279016897031865483e+03
5.279491822708805557e+03
5.279809065521480079e+03
5.280904159009376599e+03
5.281277854796077918e+03
5.281314215724842143e+03
5.281346694677537926e+03
5.281530486671144899e+03
5.281727846807692003e+03
5.281804500743833160e+03
5.281864992666230137e+03
5.281953667596965715e+03
5.282571477952192254e+03
5.282858552926219090e+03
5.282912458661027813e+03
5.283448455815760099e+03
5.284112390863124347e+03
5.285308375856577186e+03
5.285318077218538747e+03
5.285503892113637448e+03
5.285833522145446295e+03
5.286822382913243018e+03
5.287483131122349732e+03
5.288671543477084924e+03
5.288735273590280485e+03
5.289532453095826895e+03
5.290547096659180170e+03
5.291007874307382735e+03
5.291114266051088634e+03
5.291427817738936028e+03
5.292075274485682712e+03
5.292213067418166247e+03
5.292301817196210322e+03
5.292662891100809247e+03
5.292850017244721130e+03
5.293326950888945248e+03
5.293456813028918077e+03
5.293986340097266293e+03
5.294351111582467638e+03
5.294462753234566662e+03
5.295027735341979678e+03
5.295503938463528357e+03
5.296096942921685695e+03
5.296206923297628236e+03
5.296432725385277990e+03
5.296482331370196334e+03
5.296614959839035691e+03
5.296843827554233030e+03
5.297135651718382178e+03
5.297485135027846809e+03
5.297656621268052731e+03
5.297746663380040445e+03
5.298218217932745574e+03
5.298871875703369369e+03
5.299008783286947619e+03
5.299222236359950330e+03
5.299237721785005306e+03
5.300454198587371138e+03
5.300804505228838934e+03
5.300823619276093268e+03
5.301224160141531684e+03
5.301410402669038376e+03
5.302055036045177985e+03
5.302257634984500328e+03
5.302265889734218945e+03
5.303122113797534439e+03
5.303191187789442665e+03
5.303202553824455208e+03
5.303283354629877977e+03
5.303865550971805533e+03
5.304013816912281072e+03
5.304174927875630601e+03
5.304438183755151840e+03
5.304920872557037001e+03
5.305661586168786926e+03
5.305762882525939858e+03
5.305995127006211078e+03
5.306026716084572399e+03
5.306184901323937993e+03
5.306239441214918770e+03
5.306409155685594669e+03
5.306487899528176058e+03
5.306732724446047541e+03
5.307451663744078360e+03
5.307950808076153407e+03
5.307962862665660396e+03
5.308052951113895688e+03
5.308446218961516024e+03
5.308809422096734124e+03
5.308866430836381369e+03
5.310821489786875645e+03
5.311058502054459495e+03
5.311231308231491312e+03
5.311473339819401190e+03
5.311518985261614034e+03
5.312109350796865328e+03
5.312256845693413197e+03
5.312603015989651794e+03
5.312754211138321807e+03
5.312979922030273883e+03
5.313051979977048177e+03
5.313602388359448923e+03
5.313621597674378791e+03
5.313780422189517594e+03
5.314245943917651857e+03
5.314698795621693534e+03
5.314989581010609072e+03
5.315581122207058797e+03
5.316080377184218378e+03
5.316175925811191519e+03
5.317074210131993823e+03
5.317326702080794348e+03
5.318661152846579171e+03
5.318903524094172099e+03
5.319154396207897662e+03
5.319330894901068859e+03
5.319511581816945181e+03
5.319671374227686101e+03
5.319817024623991529e+03
5.319998372615058543e+03
5.320020554800471473e+03
5.322093909253185302e+03
5.322660302736339872e+03
5.322693073660117079e+03
5.322999874069697398e+03
5.323063280891188697e+03
5.323214835368573404e+03
5.323310461291197498e+03
5.324022992339448137e+03
5.325895857911755229e+03
5.326099841372873925e+03
5.326961575048591840e+03
5.327240715216930766e+03
5.327521101910260768e+03
5.328211441813168676e+03
5.328227792516085174e+03
5.328839715862741286e+03
5.329083143884247875e+03
5.329084589688496635e+03
5.329728996314262076e+03
5.330358276937756273e+03
5.330526321335172725e+03
5.330775167772476379e+03
5.331123536120592689e+03
5.331396942965055132e+03
5.331609535791706548e+03
5.331672082767982829e+03
5.331756777528763450e+03
5.331862180914556120e+03
5.332622854377748808e+03
5.333511571363647818e+03
5.334406865518560153e+03
5.334600547678182011e+03
5.334987027731659509e+03
5.335185755429351957e+03
5.335521558469054071e+03
5.335699980583336583e+03
5.335742545273305041e+03
5.336204654522912278e+03
5.336447936440711601e+03
5.336482562451248668e+03
5.336959386310662012e+03
5.337588304340014474e+03
5.337656981482573428e+03
5.337811021734225505e+03
5.338061220668649185e+03
5.338315267527857031e+03
5.338521864354349418e+03
5.339084251204693828e+03
5.339340711662582180e+03
5.340109256536603425e+03
5.340351450988597207e+03
5.340405617481074842e+03
5.340411460639091274e+03
5.340768224445488158e+03
5.340913657402764329e+03
5.340922692701323285e+03
5.341062533047927900e+03
5.341232773818339410e+03
5.341278346313534712e+03
5.341791038601286346e+03
5.341829024388223843e+03
5.342447114707263609e+03
5.342693324884112371e+03
5.343090989737000200e+03
5.343219139569123399e+03
5.343348781163739659e+03
5.343807913012734389e+03
5.344810050690620301e+03
5.344868355558840449e+03
5.345063395768134797e+03
5.346473307528251098e+03
5.346540437776259751e+03
5.347140524976161032e+03
5.347592520726894691e+03
5.347865212732565851e+03
5.348147444528287451e+03
5.348463827365978432e+03
5.348513443680493765e+03
5.348559077874452669e+03
5.349009805088422581e+03
5.349472177773135627e+03
5.349981384610754503e+03
5.351586538859417487e+03
5.351822411282782014e+03
5.352407031391559940e+03
5.352431927986873234e+03
5.352542612708645720e+03
5.353567667448221982e+03
5.353858159846312446e+03
5.354189023660647763e+03
5.354206516172809643e+03
5.354525317929153061e+03
5.355731665692562274e+03
5.355761622256790361e+03
5.356003949282617214e+03
5.356385238945550554e+03
5.356532826599232067e+03
5.357329664511732517e+03
5.357366755573872069e+03
5.357512013928318993e+03
5.357601616478848882e+03
5.357956347100536732e+03
5.358318880943916156e+03
5.358369668178115717e+03
5.358700474931919416e+03
5.358730239042347421e+03
5.358802548883717463e+03
5.359047435138845685e+03
5.359269180678466910e+03
5.359718171132038151e+03
5.360082312849153823e+03
5.360206391734607678e+03
5.361059007147672673e+03
5.361383096436346932e+03
5.361976307007501418e+03
5.362017437372765926e+03
5.362066672868126261e+03
5.362072591727920553e+03
5.363246772519446495e+03
5.363434559095710028e+03
5.363664343773855762e+03
5.364126570862081280e+03
5.364195173239373617e+03
5.364556440246205057e+03
5.365004910306631245e+03
5.365273552178686259e+03
5.365504597364177243e+03
5.366268921544857221e+03
5.366735806718233107e+03
5.368132256328583026e+03
5.368227410777353725e+03
5.368530008719872967e+03
5.368743630419573492e+03
5.369225715023451812e+03
5.369338741917607877e+03
5.369591678490331105e+03
5.369972863006401894e+03
5.370377762338968751e+03
5.370445755330224529e+03
5.370929252114792689e+03
5.371596548512827212e+03
5.371754816999791728e+03
5.372172950183123248e+03
5.372531264361679860e+03
5.372866628531161041e+03
5.373304709993765755e+03
5.373961788544251249e+03
5.374375330566524099e+03
5.374782901186215895e+03
5.375711483108600987e+03
5.376320845889874363e+03
5.376437320864959474e+03
5.376518000835498242e+03
5.376771721471740420e+03
5.376989852480978698e+03
5.378337443812594756e+03
5.378370188958608196e+03
5.379460514746579065e+03
5.379573819779237056e+03
5.379640174619485151e+03
5.380084613350528343e+03
5.380837671462040817e+03
5.381084776172609054e+03
5.381573471875810355e+03
5.382119110183662997e+03
5.382289736352838190e+03
5.382906212893721204e+03
5.383495435666753110e+03
5.384151185053017798e+03
5.384319841201891904e+03
5.384596224270897437e+03
5.385063361759628606e+03
5.385113925444627966e+03
5.385181911473961918e+03
5.385282405559750259e+03
5.386775639988612966e+03
5.386866352093088608e+03
5.387044401177263353e+03
5.387050700262919236e+03
5.387350591334550700e+03
5.387498305944415733e+03
5.387770630597146919e+03
5.388079907547619769e+03
5.388449903771143909e+03
5.388655772847539993e+03
5.388835442394220081e+03
5.388861148200542630e+03
5.389145298356454077e+03
5.389695952429923636e+03
5.390421750872903431e+03
5.390831812702763273e+03
5.391271413434960778e+03
5.391668912764906963e+03
5.391913604854248661e+03
5.392107640455059482e+03
5.392122774611548266e+03
5.392658198706270923e+03
5.392806047257347927e+03
5.392823499741755768e+03
5.393398027121470477e+03
5.393551790079806779e+03
5.393920300432158001e+03
5.394194465869214582e+03
5.394308846734522376e+03
5.394623213590689375e+03
5.394795723448070930e+03
5.395757532123281635e+03
5.396478634542955660e+03
5.397604790819050322e+03
5.397949121680043390e+03
5.398286395728317984e+03
5.398681260541051415e+03
5.398740710333975585e+03
5.398803835014674405e+03
5.400015848079689022e+03
5.401307873986974300e+03
5.401597257171319143e+03
5.401731198387890799e+03
5.402910106476912915e+03
5.403416900426565917e+03
5.403493469850928705e+03
5.403826943912229581e+03
5.404692988592229995e+03
5.405664263572870368e+03
5.405713022782287226e+03
5.407037706516346589e+03
5.407114908091737561e+03
5.408699023300784575e+03
5.409006067715200516e+03
5.409148964355826138e+03
5.409565438562577583e+03
5.410252676712326320e+03
5.411460835127217251e+03
5.411662109105006493e+03
5.412235504030655648e+03
5.412564118151633011e+03
5.412700347755490839e+03
5.413425430177871021e+03
5.413464304941815499e+03
5.414747557086428060e+03
5.415682911681661608e+03
5.419295766958074637e+03
5.419347204136754044e+03
5.420025076455227463e+03
5.421307370294797693e+03
5.421704515150817315e+03
5.422274057799163529e+03
5.422528093741594603e+03
5.422825418029652610e+03
5.422829996694232250e+03
5.423893538710429311e+03
5.423936737090200040e+03
5.425141247728518465e+03
5.425162121565603229e+03
5.425169388188673111e+03
5.425874751391189420e+03
5.426401808253435775e+03
5.426437970850167403e+03
5.427909112422268663e+03
5.427986215416590312e+03
5.428465269044272645e+03
5.429548392503820651e+03
5.429899176623032872e+03
5.429979563116323334e+03
5.430159107607551050e+03
5.431132412590422064e+03
5.432235964932566276e+03
5.432377366489497945e+03
5.433751239971427822e+03
5.434183580833362612e+03
5.434359860497904265e+03
5.434933657225413299e+03
5.436774946952155005e+03
5.437039072119220691e+03
5.437303595232723637e+03
5.437840735888729796e+03
5.438154736089752987e+03
5.438249918001595688e+03
5.438911877397007629e+03
5.439543112049237607e+03
5.440192460024934007e+03
5.440435735475231013e+03
5.440625654945348288e+03
5.441469626035601323e+03
5.441687971574674521e+03
5.442013443640268633e+03
5.443413190840956304e+03
5.443585802923736082e+03
5.443805071677632441e+03
5.447250164422741364e+03
5.449255489216907336e+03
5.449420202666316982e+03
5.449611127653955919e+03
5.450717324740111508e+03
5.450731170126195138e+03
5.451397363336312083e+03
5.451658280227726209e+03
5.454700555073465694e+03
5.459511761954310714e+03
5.459814245703188135e+03
5.459961892394832830e+03
5.460351890134170390e+03
5.461115217983299772e+03
5.461351301607838650e+03
5.462407368819975090e+03
5.462898276633510250e+03
5.463515033538589705e+03
5.464281542793078188e+03
5.464290021696863732e+03
5.464691928817755070e+03
5.466032949005749288e+03
5.466450315256155591e+03
5.466794770568035347e+03
5.467764423880073082e+03
5.468226518617058900e+03
5.468506684253654385e+03
5.469557884164854840e+03
5.472578318435770598e+03
5.472658767603942579e+03
5.473384882215679681e+03
5.473725093655766614e+03
5.474560723178127773e+03
5.475654594545781038e+03
5.475724143892967732e+03
5.476019432267811681e+03
5.476037138901904655e+03
5.477049472370117655e+03
5.478633891605039025e+03
5.479379133564309086e+03
5.479459877344071174e+03
5.479536978433721742e+03
5.479913292429007015e+03
5.480567142186192541e+03
5.481272766974061597e+03
5.481288962361365520e+03
5.481740155209929071e+03
5.481767324644620203e+03
5.482174461188970781e+03
5.482363375422133686e+03
5.482493757592092152e+03
5.484040235632613985e+03
5.485687979905073007e+03
5.485998174386107166e+03
5.486681104997274815e+03
5.486753476156933175e+03
5.487085103194428484e+03
5.487388124161651831e+03
5.488819653011683840e+03
5.488932217433819460e+03
5.490347705935633712e+03
5.490550398267868331e+03
5.491035964934882031e+03
5.491246576345639369e+03
5.491672937798347448e+03
5.492296526206901035e+03
5.492929594242870735e+03
5.493291906414910045e+03
5.494010821929107806e+03
5.494502482556932591e+03
5.494887704617687632e+03
5.495895618676589947e+03
5.496624172594879383e+03
5.496805112123345680e+03
5.496870320573370009e+03
5.497294099162673774e+03
5.497767043018092409e+03
5.498166354948436492e+03
5.498623796504882193e+03
5.498701718898670151e+03
5.498806057274986415e+03
5.498824997212333074e+03
5.499237897428296492e+03
5.499845508327501193e+03
5.499902289915673464e+03
5.500420597973783515e+03
5.500849601573873770e+03
5.501313232417267500e+03
5.501390993772143702e+03
5.501761029381575099e+03
5.502115451303264308e+03
5.502172781226335246e+03
5.502679677836923474e+03
5.502913201737903364e+03
5.503879815236378818e+03
5.504469191912210590e+03
5.504958508266743593e+03
5.505070984298123221e+03
5.505406780396478098e+03
5.506539529207714622e+03
5.507172590451041287e+03
5.509169821948599747e+03
5.509525101985320362e+03
5.510087349545098732e+03
5.510152144329387738e+03
5.510354154342840047e+03
5.510568740708314181e+03
5.510966587694437294e+03
5.510999665787992853e+03
5.512069885811723907e+03
5.512812537332746615e+03
5.513458904858465758e+03
5.514330154083544585e+03
5.514587405713580665e+03
5.515184668278891877e+03
5.516779919042714027e+03
5.517019819724288027e+03
5.517436281238341508e+03
5.517820534267268158e+03
5.517885229497405817e+03
5.518115750895911333e+03
5.519168258869869533e+03
5.519712135614490762e+03
5.520538101100009044e+03
5.520711161862412155e+03
5.520783431502049098e+03
5.521232954322887053e+03
5.521473244280953622e+03
5.522149289540137943e+03
5.522365478055107815e+03
5.522758993135695164e+03
5.523210120175963311e+03
5.523314158066817072e+03
5.524735818620754799e+03
5.525390863075957895e+03
5.525399765076105723e+03
5.526860522717725871e+03
5.527666763309015550e+03
5.528617542525444151e+03
5.528796829711258397e+03
5.528880823034563946e+03
5.529891914951911531e+03
5.530814489391776078e+03
5.531708773194134665e+03
5.532874229412588647e+03
5.532881136520330983e+03
5.533135073784700580e+03
5.535079558048991203e+03
5.535160961720122941e+03
5.536126128075105953e+03
5.536228978013261440e+03
5.536281217308127452e+03
5.536838162683990049e+03
5.538310070429343796e+03
5.538708434174322065e+03
5.539299523438546203e+03
5.540354754987612978e+03
5.540953630495102516e+03
5.541088866807472186e+03
5.542696509277475343e+03
5.542782665264317075e+03
5.542901488048310057e+03
5.542970383074005440e+03
5.544382185548281086e+03
5.544551176072877752e+03
5.544868330979579696e+03
5.545497685373249624e+03
5.546362981799417867e+03
5.546758955394184341e+03
5.547756556206152709e+03
5.548154104422468663e+03
5.548516783696375569e+03
5.548822643550159228e+03
5.548865843846977441e+03
5.549146144764861674e+03
5.549438902255194080e+03
5.550335910247604261e+03
5.550920496789608478e+03
5.551314211289630293e+03
5.551508413844630013e+03
5.551549713456819518e+03
5.551722689506633287e+03
5.552079034823158509e+03
5.553440262012784842e+03
5.553460858270437711e+03
5.553607016732627926e+03
5.553965992748345343e+03
5.554224208685782287e+03
5.554478848617744916e+03
5.555020813482019548e+03
5.555145108685162995e+03
5.555291680706830448e+03
5.555850556429494645e+03
5.556244675843224286e+03
5.556565338578243427e+03
5.557608144545849427e+03
5.558121281554037523e+03
5.558331662720663189e+03
5.559635391737634563e+03
5.561060465391180514e+03
5.561497911602973545e+03
5.562008757678206166e+03
5.562356416757107581e+03
5.563040960994409033e+03
5.563254034782586132e+03
5.564138292770669977e+03
5.564652526678041795e+03
5.565666684052153869e+03
5.566028310236119978e+03
5.566118469419508074e+03
5.566296779425096247e+03
5.566578996782382092e+03
5.567043642942222505e+03
5.568937978167614347e+03
5.569290319400948647e+03
5.569445748865919086e+03
5.569522137444031614e+03
5.569667244967916304e+03
5.571168421387382296e+03
5.571255907663294238e+03
5.571396004629930758e+03
5.571401858535923566e+03
5.572049875480564879e+03
5.572288061912571720e+03
5.572664852349331341e+03
5.572921665436089825e+03
5.573087745036294109e+03
5.573116002514063439e+03
5.573468935850853995e+03
5.573575604577885315e+03
5.573860910744994726e+03
5.574905594233240663e+03
5.575267436649515730e+03
5.575536498278137515e+03
5.575854706226502458e+03
5.576308340859393866e+03
5.576780201626999769e+03
5.577574321325721030e+03
5.578083163333923949e+03
5.578299520177978593e+03
5.578942373263185800e+03
5.579788069893143984e+03
5.580324799617964345e+03
5.580842259680028292e+03
5.581485003944310847e+03
5.582015873934669798e+03
5.582758617417997812e+03
5.582833589198183290e+03
5.583283957710796130e+03
5.583647597682968808e+03
5.584564468979074263e+03
5.584687319004938217e+03
5.584867275482085461e+03
5.585206275296420245e+03
5.586608843775602509e+03
5.588035145115552950e+03
5.588616416107674922e+03
5.589010373262731264e+03
5.589985044699898936e+03
5.590060588084850679e+03
5.591233613615370814e+03
5.591379146873900027e+03
5.591400970564874115e+03
5.593065636896225442e+03
5.593131182430372974e+03
5.593471897159474793e+03
5.594560247710002841e+03
5.594608512759910809e+03
5.594724180605665424e+03
5.595089092222052386e+03
5.596386358054638549e+03
5.597159298492018934e+03
5.597233298153239048e+03
5.597682838180422550e+03
5.597847017437375143e+03
5.598292146194902671e+03
5.598457297243852736e+03
5.599111343677876903e+03
5.600280514074970597e+03
5.601453542184311118e+03
5.602842536580436899e+03
5.603564202425448457e+03
5.606085732415631355e+03
5.606216973805714588e+03
5.606910460458560920e+03
5.606946321398628243e+03
5.606989307137908327e+03
5.608568896724320439e+03
5.608646537753294979e+03
5.608952155043066341e+03
5.609435077225057285e+03
5.609590676829587210e+03
5.610629156513847192e+03
5.610649298594493303e+03
5.611180772198349587e+03
5.612497214723391153e+03
5.612794288441044955e+03
5.612941413981711776e+03
5.613062954494879705e+03
5.614849361453283564e+03
5.615221066621563295e+03
5.615841069394014085e+03
5.615867523979630278e+03
5.616124820727703082e+03
5.616130110667733788e+03
5.616267965715629543e+03
5.616453533953026636e+03
5.616783517450335239e+03
5.617461256073964250e+03
5.617473081550825555e+03
5.617616880498550017e+03
5.618541283667577773e+03
5.619532828511301886e+03
5.619687170227708521e+03
5.619690231182454227e+03
5.619736388740118855e+03
5.620176111086309902e+03
5.620346112096721299e+03
5.620715396033432626e+03
5.620883969635026006e+03
5.621045049548910356e+03
5.621633408675579631e+03
5.622233960148201731e+03
5.623839293471593010e+03
5.624410421802476776e+03
5.625503930109426619e+03
5.626461758672568067e+03
5.626482060047498635e+03
5.626520461239487304e+03
5.626631181754673889e+03
5.628985557060947940e+03
5.630750960857076279e+03
5.631244356499296373e+03
5.632457520654586915e+03
5.632465029675884580e+03
5.632982051938916811e+03
5.633083916517756734e+03
5.634156540827106255e+03
5.634456938859920228e+03
5.635256153769623779e+03
5.637571961526670748e+03
5.637600937839059043e+03
5.639382956775990351e+03
5.640425043272588482e+03
5.641505307970388458e+03
5.642936558606431390e+03
5.643129874071951235e+03
5.643216201883552458e+03
5.643369167520407245e+03
5.643878521618181367e+03
5.644262630116399123e+03
5.645130639900784445e+03
5.645395431323161574e+03
5.645732197853306388e+03
5.646087888182752977e+03
5.646138387047494689e+03
5.647228347145312000e+03
5.648412985732275956e+03
5.648754533984975751e+03
5.649535590055547800e+03
5.649982291508626986e+03
5.651165742887609667e+03
5.653723463497728517e+03
5.653835755666533260e+03
5.653895403834261742e+03
5.653960347937021652e+03
5.653966296739620702e+03
5.655445334794198061e+03
5.655799845930516312e+03
5.655951893594016838e+03
5.656088978558386771e+03
5.656184538904362853e+03
5.656622448631286716e+03
5.657739107925370263e+03
5.658302646392404313e+03
5.658645887487936307e+03
5.659073100941744087e+03
5.659180742237986124e+03
5.661463704212437733e+03
5.661631819123974310e+03
5.661738844525102650e+03
5.662715110967681539e+03
5.662887704557180768e+03
5.663559224762147096e+03
5.665402495486005137e+03
5.665976878850683534e+03
5.666739160711457771e+03
5.667090767134056478e+03
5.668060375049531103e+03
5.668520016880864205e+03
5.669835925366150150e+03
5.670673686928869756e+03
5.671194508976785983e+03
5.672675323236436270e+03
5.672694267574459445e+03
5.673238479152984837e+03
5.673775265377446885e+03
5.674073403420808063e+03
5.674465845036451356e+03
5.675129551551538498e+03
5.676034143996788771e+03
5.676059095822281961e+03
5.676749668890751309e+03
5.677395331621553851e+03
5.678209922838465900e+03
5.678380260371106488e+03
5.678778292559367401e+03
5.679242301703428893e+03
5.679583241896311847e+03
5.679793715202350540e+03
5.679853866408089743e+03
5.679933966350596165e+03
5.680157638735721775e+03
5.680969683497402002e+03
5.681329367795467078e+03
5.682597434065161906e+03
5.682690281370361845e+03
5.682782913047596594e+03
5.682873813417527344e+03
5.682989519173695953e+03
5.683007189612964794e+03
5.683028432179585252e+03
5.683069565147093272e+03
5.683688903324698913e+03
5.684611475471754602e+03
5.685177603922781600e+03
5.685178189779337117e+03
5.685937383752389906e+03
5.686176241154016680e+03
5.687975006892626880e+03
5.688003564245737834e+03
5.688492147694591040e+03
5.688528743503640726e+03
5.692821175809571287e+03
5.693313843847649878e+03
5.693974329834713899e+03
5.694015582892945531e+03
5.694141239334921011e+03
5.695797471651198066e+03
5.695924205544866709e+03
5.697841193455804387e+03
5.699097150843765121e+03
5.700072262355360181e+03
5.700271750573827376e+03
5.700789646673876632e+03
5.700936495406923314e+03
5.701507651009593246e+03
5.701689393824415674e+03
5.702432459065864350e+03
5.702775756730770809e+03
5.702803486045872887e+03
5.703561404000807670e+03
5.703653950624962818e+03
5.704484991331271885e+03
5.704488359476889855e+03
5.705506717313742229e+03
5.705557373023786568e+03
5.705751873224969131e+03
5.705904964614423989e+03
5.706003517088632179e+03
5.706488097738538272e+03
5.706770908972032885e+03
5.706933200540337566e+03
5.707192634212959092e+03
5.708862590583447854e+03
5.709127061896225314e+03
5.709632874144617745e+03
5.709893083104778270e+03
5.710025398411517926e+03
5.710031395668329424e+03
5.710136745284474273e+03
5.710811213249756292e+03
5.711775915921300111e+03
5.712478786876940831e+03
5.713019153573568474e+03
5.713171384089190724e+03
5.713371012213789072e+03
5.714255327162132744e+03
5.714274957763833299e+03
5.715019358127988198e+03
5.715256190650122335e+03
5.715400311397102996e+03
5.716169487118136203e+03
5.716471467273232520e+03
5.716720657950420900e+03
5.717450327616277718e+03
5.717489161158707248e+03
5.718130963482169136e+03
5.718451720937591745e+03
5.719988399523112093e+03
5.720625285626602818e+03
5.721261510196462041e+03
5.721450907299490609e+03
5.721681512703405133e+03
5.722423771090894661e+03
5.722666348128830577e+03
5.722761492367214487e+03
5.723472629574006532e+03
5.723482344218962680e+03
5.723558155782471658e+03
5.725281167754229500e+03
5.726556694564418649e+03
5.726678856826507399e+03
5.726761967645089499e+03
5.727555101168760302e+03
5.728338727740326249e+03
5.729085637079696426e+03
5.729917861156010076e+03
5.730072411080277561e+03
5.730718338837952615e+03
5.730912508029295168e+03
5.731311437424848918e+03
5.731344718592350546e+03
5.731717368129340684e+03
5.731786773403214283e+03
5.731944528985412035e+03
5.732075959313946441e+03
5.732208335535200604e+03
5.732582220703948224e+03
5.732888458321031976e+03
5.733118270274980205e+03
5.733672321597476184e+03
5.733714892478612455e+03
5.733931726950516349e+03
5.734619957484248516e+03
5.734702567094434926e+03
5.735655773542871430e+03
5.736755742761128204e+03
5.737384262312256396e+03
5.737698343673874660e+03
5.738354921098039995e+03
5.739252708404646000e+03
5.739648533257507552e+03
5.740182365820000086e+03
5.740765845038278712e+03
5.741482658303342760e+03
5.741513568762575233e+03
5.743354567172084899e+03
5.743688621557635088e+03
5.743911919976690115e+03
5.744068970663333857e+03
5.744636485154745969e+03
5.746482535601380732e+03
5.747213554460659907e+03
5.747472222544578472e+03
5.747973973507238043e+03
5.748092711854670597e+03
5.748568683015707393e+03
5.748770120599043366e+03
5.748795665456969800e+03
5.749860161042623986e+03
5.750140294460792575e+03
5.750554393037755290e+03
5.750911571746573827e+03
5.751283468070275376e+03
5.751355423150537717e+03
5.751782733870682023e+03
5.752375195402908503e+03
5.752687939670400738e+03
5.752846173750857815e+03
5.753753902387597009e+03
5.754127146624410670e+03
5.754196470627351118e+03
5.755212310446434458e+03
5.755849510723821368e+03
5.755873481489932601e+03
5.755895032955560055e+03
5.756019898229211321e+03
5.756412327776635721e+03
5.756661056028856365e+03
5.756678944129485899e+03
5.756705184823948912e+03
5.757137099109013434e+03
5.757532037488101196e+03
5.758198186867019103e+03
5.758671194130456570e+03
5.759221120119163061e+03
5.759245884495609971e+03
5.759523030358069263e+03
5.759648559085943816e+03
5.759675044121167048e+03
5.760002676333824638e+03
5.760184911337395533e+03
5.760496563380067528e+03
5.761345038358746933e+03
5.761610455406995243e+03
5.762095890900035556e+03
5.762959403183735958e+03
5.763347411229578029e+03
5.763378875081459228e+03
5.763608355150669013e+03
5.764366956399000628e+03
5.764420537536469055e+03
5.764501430481008356e+03
5.764525568635527634e+03
5.765142121211301856e+03
5.765788584751448980e+03
5.766336978866704158e+03
5.766494194385268202e+03
5.767466034067659166e+03
5.767928881526295299e+03
5.768234476219439784e+03
5.768947812537760910e+03
5.769282499379623005e+03
5.769682009437150555e+03
5.770208452592062713e+03
5.770622174652457943e+03
5.771254836178218284e+03
5.772571731777527020e+03
5.772814496039574806e+03
5.773486052509786532e+03
5.773881220230951840e+03
5.774006528923198857e+03
5.774788605001383075e+03
5.775392306142646703e+03
5.775556008703712905e+03
5.775856493628767566e+03
5.776050304831732319e+03
5.776501095750322747e+03
5.776876477166721997e+03
5.777326564688432882e+03
5.778765069005999976e+03
5.778877274289644447e+03
5.779009085699423849e+03
5.779321289378893198e+03
5.779363885867812314e+03
5.779610919936103528e+03
5.779792219396234032e+03
5.780847015040008955e+03
5.780938817367708907e+03
5.781558218017774379e+03
5.782278555047670125e+03
5.783349869869396571e+03
5.783981198907572434e+03
5.785455802983184185e+03
5.785621587090852699e+03
5.785657521514602195e+03
5.785818015497785382e+03
5.785854261239372136e+03
5.786199099968294831e+03
5.786463590534432115e+03
5.786805723066673636e+03
5.787192890791959144e+03
5.787366995573483109e+03
5.788016902674893572e+03
5.788201016578485905e+03
5.788211913011999968e+03
5.788777904694086828e+03
5.788904423064173898e+03
5.789247800997800368e+03
5.789393938398680802e+03
5.789412756837406960e+03
5.790196692168223308e+03
5.790275721949625222e+03
5.791053037463433611e+03
5.791633267964544757e+03
5.792038284933030809e+03
5.793180291418599154e+03
5.793533294041506451e+03
5.793600391832535024e+03
5.793907606410474727e+03
5.795609177185619046e+03
5.796498741418424288e+03
5.796701537424282833e+03
5.796958219597300740e+03
5.797439674614108299e+03
5.797539878520079583e+03
5.798444154154520220e+03
5.798675933463217007e+03
5.799088252640440260e+03
5.799266126308138155e+03
5.799622167247146535e+03
5.799873628869420827e+03
5.800240923562852004e+03
5.801171325250752489e+03
5.801640350978133938e+03
5.802082494670209599e+03
5.802513563802506724e+03
5.802934654925103132e+03
5.803553951488689563e+03
5.803784855358961067e+03
5.803832172234718200e+03
5.804321350667794832e+03
5.804390599846565237e+03
5.804543392738696639e+03
5.804842235859787252e+03
5.805729819461652369e+03
5.805901425291551277e+03
5.806171700163545211e+03
5.806686599777269294e+03
5.808042634241681299e+03
5.808939777077838698e+03
5.808997342670702892e+03
5.809322959798621014e+03
5.809573260484611637e+03
5.809635445395982060e+03
5.810297413817732377e+03
5.811673588555820970e+03
5.811902129963567859e+03
5.812092245540009571e+03
5.812649586606215962e+03
5.812781512620987996e+03
5.812916261320342528e+03
5.813390506692385316e+03
5.813409318669958338e+03
5.813748259193983358e+03
5.813970156696811500e+03
5.814045042587301396e+03
5.814058499392553131e+03
5.814930430077175515e+03
5.815641130409921061e+03
5.815933005279245663e+03
5.815948116859173751e+03
5.816139152691344862e+03
5.816385650596467713e+03
5.816897226686434806e+03
5.817443919100204766e+03
5.817835693898611680e+03
5.818005851624328898e+03
5.818646722855070948e+03
5.819066393467475791e+03
5.819246397726788018e+03
5.819444848056871706e+03
5.819550608641194231e+03
5.819732789867227439e+03
5.820495937729314392e+03
5.820646914553190072e+03
5.821970342371647348e+03
5.822042787407054675e+03
5.822152121579662889e+03
5.822803476264717574e+03
5.822834381288193072e+03
5.824420740758998363e+03
5.825515001313981884e+03
5.825774774795690064e+03
5.826413082364156253e+03
5.826862940540033378e+03
5.828071596190890887e+03
5.828307536410038665e+03
5.828347036991474852e+03
5.829718908055527208e+03
5.830180574889412128e+03
5.831333181566870735e+03
5.831596614405112632e+03
5.832044534167239362e+03
5.832256533810755172e+03
5.832360330663879722e+03
5.832646841433843292e+03
5.832976032442488759e+03
5.833505605117606137e+03
5.834562764810538283e+03
5.835114963911702034e+03
5.835174747844835110e+03
5.835271095927944771e+03
5.835448781735833109e+03
5.836595523018578206e+03
5.838115852702511802e+03
5.838169802268676904e+03
5.838205492044639868e+03
5.838290877663762330e+03
5.838642141980970337e+03
5.838698549237784391e+03
5.839102741731953756e+03
5.839281710797302367e+03
5.839454941111215703e+03
5.839510597419201986e+03
5.840340723611201611e+03
5.840718102066346546e+03
5.840830458646212719e+03
5.840896277085486872e+03
5.841074725598626173e+03
5.841333106499326277e+03
5.841838003590474727e+03
5.842711223456716652e+03
5.842771898241960116e+03
5.842987248152589018e+03
5.844214216945306362e+03
5.844414813524528654e+03
5.845077914431298268e+03
5.845279859432917874e+03
5.845603469140325615e+03
5.846104812154871979e+03
5.846500473901300211e+03
5.847537189787100033e+03
5.847557061417944169e+03
5.848052754798180104e+03
5.848196154043047500e+03
5.848595294080172607e+03
5.848852777830334162e+03
5.849326969082068899e+03
5.849655307123282000e+03
5.850314213338325317e+03
5.850405298090123324e+03
5.850639492275859993e+03
5.851132033117390165e+03
5.851426297069662724e+03
5.851549205487994186e+03
5.852218228153487871e+03
5.852493508283007941e+03
5.852521792993387862e+03
5.853063874943436531e+03
5.853430921890476384e+03
5.853650986780166022e+03
5.853728565412997341e+03
5.854209245842760538e+03
5.854999277953162164e+03
5.855051030320350037e+03
5.855220386947489715e+03
5.855238302815287170e+03
5.855834635917371088e+03
5.856024804964975374e+03
5.856479853897336397e+03
5.858287337051612667e+03
5.858830722162382699e+03
5.859225180716442992e+03
5.859399237801952950e+03
5.859573209064390539e+03
5.859596495481234342e+03
5.859693079013973147e+03
5.860076919033122977e+03
5.860208319115415179e+03
5.860440293075750560e+03
5.860461826727626431e+03
5.860986983920648527e+03
5.861256930060914783e+03
5.862451884636746399e+03
5.862707685147696793e+03
5.863359387871352737e+03
5.864283595242843148e+03
5.864724966770616447e+03
5.864743204572435388e+03
5.864993695915159151e+03
5.865605451688695211e+03
5.866182520156391547e+03
5.866442027482184130e+03
5.866472950147623123e+03
5.867053323940368500e+03
5.867469525083898588e+03
5.867515343271066740e+03
5.867964949673095362e+03
5.867967930460785283e+03
5.868072439134915840e+03
5.868161805725031627e+03
5.868806626737218721e+03
5.869636909822232155e+03
5.869725469267375047e+03
5.871206898473054025e+03
5.871944774394373781e+03
5.872188455250488914e+03
5.872656065089837284e+03
5.873422514755449811e+03
5.873990346060943011e+03
5.874409967161372151e+03
5.874899543915495087e+03
5.876046133522068885e+03
5.876425873756409601e+03
5.876950318331926610e+03
5.877328614160684083e+03
5.877946798658140324e+03
5.878606716753093679e+03
5.878809048284940218e+03
5.879454733662601029e+03
5.879729797530825635e+03
5.880997669693379066e+03
5.881383814051566333e+03
5.881482243959326297e+03
5.881922933023140104e+03
5.882180001030445965e+03
5.882699733315578669e+03
5.883118159993216068e+03
5.884227221392710817e+03
5.884255117195361890e+03
5.884620226412772354e+03
5.886249789832258102e+03
5.887126015310769617e+03
5.887131657195255684e+03
5.887563460157254667e+03
5.887873446828909437e+03
5.889803110452407964e+03
5.890216516803295235e+03
5.890272927293262910e+03
5.890275796035461099e+03
5.890911811712877352e+03
5.891249640880248990e+03
5.891346653777823121e+03
5.892502713048448641e+03
5.893160378266537919e+03
5.893583326597068663e+03
5.893603686975182427e+03
5.893785459333613289e+03
5.894121049877661790e+03
5.895359313628603559e+03
5.896109607871523622e+03
5.898379591879527652e+03
5.898401434150863679e+03
5.898944348819946754e+03
5.899442327574073715e+03
5.900071616005263422e+03
5.901292412845735271e+03
5.901523452143244867e+03
5.901678881979769358e+03
5.901814083450130966e+03
5.902017443708950850e+03
5.902200411320955936e+03
5.902743490722819843e+03
5.903138246572170829e+03
5.903555120845324382e+03
5.903945437565990687e+03
5.905109863717386361e+03
5.905207458507621595e+03
5.905909981973603863e+03
5.906030338679151100e+03
5.906078225032290902e+03
5.906369593643722510e+03
5.906388852035613127e+03
5.906968800994008234e+03
5.907210311849749814e+03
5.907891538132100322e+03
5.908595684887315656e+03
5.908606275219561212e+03
5.908692226033622319e+03
5.909038654189302179e+03
5.909127341478227208e+03
5.909422301543594585e+03
5.909464636048342072e+03
5.909913923146301386e+03
5.910342339415073184e+03
5.911869749559534284e+03
5.913073002578177693e+03
5.914226106805504969e+03
5.914571056044789657e+03
5.914651786386338244e+03
5.914690665167328916e+03
5.914818916025867111e+03
5.914942878792649935e+03
5.915114381612131183e+03
5.915328163444869460e+03
5.915381107086770498e+03
5.915538053496949942e+03
5.915672083381437005e+03
5.916096874943567855e+03
5.916199336352358841e+03
5.916693350497112078e+03
5.917670474267984901e+03
5.918093961403744288e+03
5.918710122848848187e+03
5.918881994770602432e+03
5.918909888234015853e+03
5.920008454419627924e+03
5.920692798003409735e+03
5.920780617581233855e+03
5.920805210509601238e+03
5.921168303174948051e+03
5.921641515023606189e+03
5.921697618946873263e+03
5.922480905921162957e+03
5.922541942573851884e+03
5.922846450475459278e+03
5.923050760733722200e+03
5.923381103701013672e+03
5.923876468305061280e+03
5.924448539708609133e+03
5.924765149527269386e+03
5.924887725644706734e+03
5.925381935081323718e+03
5.925720736115839827e+03
5.926181305332427655e+03
5.927011473033440780e+03
5.927845970756492534e+03
5.928267441888371650e+03
5.928522811940854808e+03
5.928884663553468272e+03
5.929735287814717594e+03
5.929807769855789047e+03
5.930519978684634225e+03
5.930540338699240237e+03
5.931026709376224971e+03
5.931340814451246843e+03
5.931749353828894527e+03
5.932180838647102064e+03
5.932343225782795344e+03
5.933155772831883041e+03
5.933190644443175188e+03
5.934219819008601007e+03
5.934235645009643122e+03
5.934718742593337993e+03
5.934795468846862605e+03
5.934880251821959973e+03
5.935464895016338232e+03
5.936435681983565701e+03
5.936902084137826932e+03
5.937301222219622105e+03
5.937405817095700513e+03
5.937492021654918972e+03
5.937737000741779411e+03
5.938150773644584660e+03
5.940016322385411513e+03
5.941165412620575808e+03
5.941260872189333895e+03
5.941296097829152131e+03
5.941674247932370236e+03
5.941804951380921011e+03
5.942710365072102832e+03
5.943304612479621028e+03
5.943558509949774816e+03
5.943954644185338111e+03
5.944148739477853269e+03
5.944554069590966719e+03
5.944746255307588399e+03
5.945177780696257287e+03
5.945621397136395899e+03
5.945960444258101234e+03
5.946309584128929600e+03
5.946866420488050608e+03
5.946967907773950174e+03
5.947416949223075790e+03
5.948018294518884431e+03
5.948482069444796252e+03
5.948600143060078153e+03
5.949053172899875790e+03
5.949075057834415929e+03
5.949276747246554805e+03
5.949833721306988082e+03
5.950568787253804658e+03
5.950645846692988925e+03
5.950671212989368541e+03
5.953028338712714685e+03
5.953262875732869361e+03
5.953412750122758553e+03
5.953485113181781344e+03
5.953965232745958929e+03
5.954391507993776941e+03
5.954710353985042275e+03
5.955566394741114891e+03
5.956303794834814653e+03
5.956885538414028815e+03
5.957296796472548522e+03
5.957695917309634751e+03
5.957830374850065709e+03
5.957899664299942742e+03
5.958074343293239508e+03
5.958908633775085036e+03
5.959170994888234418e+03
5.959710297697200986e+03
5.960971780167095858e+03
5.961120138931751171e+03
5.961381555285035574e+03
5.961661358699668199e+03
5.962090146790409563e+03
5.962351588511422960e+03
5.962894190974652702e+03
5.962926283081347719e+03
5.962979435650505366e+03
5.964075531984506597e+03
5.965199333061355901e+03
5.965371596117478475e+03
5.965822190128657894e+03
5.967005670344629834e+03
5.967247239453188740e+03
5.967298612393279654e+03
5.967384799448324884e+03
5.968037716250134508e+03
5.968623813358265579e+03
5.969252650532505868e+03
5.969775092094469073e+03
5.971022326758838062e+03
5.972456878708951081e+03
5.972779513036602111e+03
5.972947092249618436e+03
5.973239373314660043e+03
5.973745516269110340e+03
5.975204670452024402e+03
5.975457947538510780e+03
5.977306303858140382e+03
5.977579392497089430e+03
5.977725507916591596e+03
5.977736564848370108e+03
5.978343018494309035e+03
5.978706265715039990e+03
5.979105353139920226e+03
5.979833737406320324e+03
5.979982923713720083e+03
5.980023996134866138e+03
5.980843900629633936e+03
5.980905767347495384e+03
5.981366092828465298e+03
5.981540463709743563e+03
5.981575678733551285e+03
5.981624966483949720e+03
5.981732609493072232e+03
5.983136666762386994e+03
5.983484226246451726e+03
5.983879347900924586e+03
5.984012374510166410e+03
5.984243170318687589e+03
5.984415984555866999e+03
5.984720818093626804e+03
5.984723880954845299e+03
5.984733737066474532e+03
5.985183532422866847e+03
5.986334308455896462e+03
5.986391295601940328e+03
5.986805913145970408e+03
5.987097530661132623e+03
5.987132128800015380e+03
5.989853407450361374e+03
5.990163962042480307e+03
5.991171999788208268e+03
5.991256259360309741e+03
5.991868316816308834e+03
5.992804177679638087e+03
5.992823905866440327e+03
5.993656804553470465e+03
5.994806471877397598e+03
5.995808378458928928e+03
5.995914651488667914e+03
5.996662713641262599e+03
5.997478270699250061e+03
5.997501915849503348e+03
5.998547823060036535e+03
5.998654934577097265e+03
5.999526370177131867e+03
5.999585195749315062e+03
5.999851556912554770e+03
6.000282912758247221e+03
6.000642275803642406e+03
6.001016354394791961e+03
6.001601742590906724e+03
6.002087276190987723e+03
6.002165984101115100e+03
6.002466939416667628e+03
6.002701699279342392e+03
6.002987922361290657e+03
6.003346376193549077e+03
6.003529528310099522e+03
6.004194513891409770e+03
6.004223898984867446e+03
6.004341192450859126e+03
6.005536925712906850e+03
6.005571215629529433e+03
6.005970445122023193e+03
6.006070869791985388e+03
6.006153275796117669e+03
6.007904199658175457e+03
6.008537217553176561e+03
6.008556007451594269e+03
6.008589358150696171e+03
6.009234930671292204e+03
6.009557028758477827e+03
6.009619055128362561e+03
6.010519484705615469e+03
6.010724518339759015e+03
6.011176164184258596e+03
6.011266820922056468e+03
6.011324195090230205e+03
6.011835585876807272e+03
6.012146347298491492e+03
6.012591817873051696e+03
6.013645962441682059e+03
6.013973982625962890e+03
6.014390267573842721e+03
6.014834231003804234e+03
6.015005646270656143e+03
6.015361904757098273e+03
6.015936187259700091e+03
6.016063395267802662e+03
6.016240322520696282e+03
6.017052171213716974e+03
6.019450265635857249e+03
6.020504511434458436e+03
6.021302034066776287e+03
6.021362015262369823e+03
6.021704552969245924e+03
6.021890499877706134e+03
6.022247731732209104e+03
6.022506626667875025e+03
6.024669966453179768e+03
6.024878145752917590e+03
6.025200514356187341e+03
6.026589892424874051e+03
6.026700953394803946e+03
6.027095568089722292e+03
6.027303542064754765e+03
6.027319854624653999e+03
6.027373452391276260e+03
6.028263109083748532e+03
6.028272919921357243e+03
6.028873947342214706e+03
6.029597213019842457e+03
6.029758359033863599e+03
6.029919291703165072e+03
6.030110248528516422e+03
6.030242159141726006e+03
6.030760361433793150e+03
6.031072969830904185e+03
6.031366337445307181e+03
6.031446792282229580e+03
6.032065012526109058e+03
6.032437005743128793e+03
6.032699996958893280e+03
6.034854232503566891e+03
6.035358032603930951e+03
6.035596710958875519e+03
6.035768573345357254e+03
6.036476204860057805e+03
6.037683811056090235e+03
6.037963337614022748e+03
6.038211610810008096e+03
6.038384982275929360e+03
6.039136690965417984e+03
6.039663456846089503e+03
6.040357647686755627e+03
6.040870095463717917e+03
6.041318490455142637e+03
6.041756340827396343e+03
6.041858034167900769e+03
6.041975693168098587e+03
6.042019367807681192e+03
6.042231137331364152e+03
6.042618482832918744e+03
6.043107482178520513e+03
6.044440176604914996e+03
6.045644366075855032e+03
6.045825129500284675e+03
6.045934033731659838e+03
6.046192238923148579e+03
6.047655807583186288e+03
6.047784911204837954e+03
6.047888979975828988e+03
6.048022231646019463e+03
6.048425096306272280e+03
6.048513833499032444e+03
6.049724704616536656e+03
6.049924285293282082e+03
6.049963676578140621e+03
6.050158756364180590e+03
6.050286469152175414e+03
6.050442325768423871e+03
6.051168113401955452e+03
6.051508197938547710e+03
6.051536732843330356e+03
6.051629955794958732e+03
6.051836895564739280e+03
6.053112988358519033e+03
6.053519475578574202e+03
6.054452388486448399e+03
6.055299404696457714e+03
6.055310471405908174e+03
6.056223386395133275e+03
6.056459994503959024e+03
6.057242847433892166e+03
6.057904495621709430e+03
6.058110087835710146e+03
6.058121679907442740e+03
6.058245808985564508e+03
6.058626775991504473e+03
6.058699888687602652e+03
6.059918484033370987e+03
6.060438448737948420e+03
6.060797076597129490e+03
6.061378084287533056e+03
6.061554850018548677e+03
6.062324781903656913e+03
6.062498084058011955e+03
6.062515103702648048e+03
6.064202133952162512e+03
6.064337468797248221e+03
6.064506770806855457e+03
6.065964896912204495e+03
6.066382977319854945e+03
6.066781090962371309e+03
6.067048294276752131e+03
6.067469041719122288e+03
6.068070230173142591e+03
6.068100389801526035e+03
6.068734984173419434e+03
6.068988424620310070e+03
6.069310841384118248e+03
6.069326676640370351e+03
6.069537083284973960e+03
6.069640173840047282e+03
6.069700663777205591e+03
6.069819072561015673e+03
6.070258327685043696e+03
6.070641425103262918e+03
6.070706134299212863e+03
6.071195311261167262e+03
6.072037986135455867e+03
6.072068149918663948e+03
6.072362032388406988e+03
6.072693181916234607e+03
6.072697719073896224e+03
6.072725644166162965e+03
6.072990578394889781e+03
6.073436855708827352e+03
6.073587028093093068e+03
6.073943372873020962e+03
6.074205411545322931e+03
6.074812736398767811e+03
6.075017027553046319e+03
6.075453911902920481e+03
6.075536536004065056e+03
6.075873541666886013e+03
6.075973608912075179e+03
6.076206344728669137e+03
6.076265348720006841e+03
6.077447450297543583e+03
6.077575266465832101e+03
6.078063410380726054e+03
6.078119207623521106e+03
6.078360051382173879e+03
6.078525860711107271e+03
6.078864210596797420e+03
6.079663255440972534e+03
6.079996857639751397e+03
6.080011029191164198e+03
6.080781127291562370e+03
6.082050859748912444e+03
6.082240850157581917e+03
6.082371694665306677e+03
6.083614114542344396e+03
6.084064922097170893e+03
6.084378006114142408e+03
6.085539952554212505e+03
6.085583399082263895e+03
6.086145679031288637e+03
6.086163771338208790e+03
6.086599890802637674e+03
6.087223159767202560e+03
6.087455078445357685e+03
6.088394670918750307e+03
6.088950471307181942e+03
6.089040061515551315e+03
6.089354204508006660e+03
6.089412509504074478e+03
6.090367724418683792e+03
6.091116286077356563e+03
6.091629507804909736e+03
6.092844473758460481e+03
6.092929374955556341e+03
6.093044166327240418e+03
6.094516948982280155e+03
6.094978904523793972e+03
6.095015136607565182e+03
6.095402911444289202e+03
6.095452562852610754e+03
6.095885437652421388e+03
6.096438743384341251e+03
6.096521108957483193e+03
6.096553990560396414e+03
6.097082840830221357e+03
6.098093286972822170e+03
6.098213004034620099e+03
6.099180242991000341e+03
6.099189886457862485e+03
6.099364144386936459e+03
6.099801895959097237e+03
6.101326796139668659e+03
6.103328413865156108e+03
6.103368572396362651e+03
6.103436078596360858e+03
6.104482384608957545e+03
6.105141060695378656e+03
6.106279716398287746e+03
6.106631004217359077e+03
6.107292164876673269e+03
6.107721233712944922e+03
6.108138908744776927e+03
6.108159875355494478e+03
6.108956758827254816e+03
6.109208240764370203e+03
6.109507591211647195e+03
6.109875901799542589e+03
6.110493114626019633e+03
6.110664756466766448e+03
6.111096052635156411e+03
6.111213197111334921e+03
6.111598427936748521e+03
6.111740681673632935e+03
6.112419306760727522e+03
6.112787972892198923e+03
6.113084991505881590e+03
6.114072349924016635e+03
6.114709379375013668e+03
6.114847262389051139e+03
6.115258255477793682e+03
6.116369558685519223e+03
6.116864749344456868e+03
6.117413428009123891e+03
6.117499962863642395e+03
6.118277470648723465e+03
6.118388720971809562e+03
6.119277560793194425e+03
6.119385916860400357e+03
6.120569612386790141e+03
6.120866873686989493e+03
6.121126983143503821e+03
6.122743136375286667e+03
6.122841222566633405e+03
6.122855544083614404e+03
6.122951543432878680e+03
6.122954301935505100e+03
6.123828921824638201e+03
6.124220347730344656e+03
6.125024718187215512e+03
6.125114618496269941e+03
6.125116570869811767e+03
6.125479224270772647e+03
6.125534036914868011e+03
6.127186853838979005e+03
6.128232576256968059e+03
6.128352171188115790e+03
6.128360854455897424e+03
6.129126572426390339e+03
6.129519847152854709e+03
6.129635152684768400e+03
6.129681386336450487e+03
6.129700169963599365e+03
6.130221324544793788e+03
6.130382296160176338e+03
6.130616818838403560e+03
6.130630838670610501e+03
6.130651508235977417e+03
6.131834466987876112e+03
6.132646234135974737e+03
6.132747394100410929e+03
6.132922779880034795e+03
6.133183488098015914e+03
6.133318145674730658e+03
6.133834292137556076e+03
6.134287161799657042e+03
6.134467974632467303e+03
6.135401017546229014e+03
6.135899430248989120e+03
6.136720744202545575e+03
6.136774781106633782e+03
6.136783855730598589e+03
6.137289562363552250e+03
6.137747739112773161e+03
6.138061985446984181e+03
6.138096417017219210e+03
6.139435261781250119e+03
6.140790898908002418e+03
6.141150215726905117e+03
6.141151523697698394e+03
6.141324855211353679e+03
6.141581209726587986e+03
6.141684289298640579e+03
6.142128046121615625e+03
6.142175928273357385e+03
6.142297671165087195e+03
6.142559315837084796e+03
6.142657956487858428e+03
6.142778009209489028e+03
6.142794507104766126e+03
6.143138930218705354e+03
6.143363123136819013e+03
6.143367198283724974e+03
6.143712217702383896e+03
6.144071014041308445e+03
6.145211682068354094e+03
6.146174868103635163e+03
6.146279531414867961e+03
6.146427678079492580e+03
6.147404727080635894e+03
6.147543396696736636e+03
6.147634997125758673e+03
6.147910536462061827e+03
6.148050109221784624e+03
6.148237722342380948e+03
6.148438306482562439e+03
6.149107094333162422e+03
6.149445216075344433e+03
6.150220471843259475e+03
6.150418943578597464e+03
6.150791941492660953e+03
6.150968503615835289e+03
6.151073068901577244e+03
6.151517340081122711e+03
6.151599610000764187e+03
6.152701033644785639e+03
6.152966984461682841e+03
6.153388723873810704e+03
6.153570636380886754e+03
6.153777277580188638e+03
6.153864780752872321e+03
6.153920826859031877e+03
6.153942450453982929e+03
6.155666859495324388e+03
6.155784024718581350e+03
6.156297416594807146e+03
6.156380326147219421e+03
6.156711979190040438e+03
6.157197950239400598e+03
6.157211300960276276e+03
6.157406523628043033e+03
6.157480225273040560e+03
6.157560660069239020e+03
6.157575139449146263e+03
6.158030672180847432e+03
6.158588951260985596e+03
6.158932474577039102e+03
6.159633340151101038e+03
6.160256967542585699e+03
6.160966401303239763e+03
6.161423862862216083e+03
6.161645810174900362e+03
6.162506047210118595e+03
6.162564051982865749e+03
6.163260000634088101e+03
6.163608855640092770e+03
6.163682539328145140e+03
6.163829642400986813e+03
6.164321972840741182e+03
6.165852538795430519e+03
6.166028868349118056e+03
6.166059265607154884e+03
6.166150824750666288e+03
6.166505557261587455e+03
6.166524780431295767e+03
6.166817200557438809e+03
6.167085627499252951e+03
6.167440247438464212e+03
6.167790561623048234e+03
6.168796235901392720e+03
6.168813463002660683e+03
6.169445494188059456e+03
6.169693464715436676e+03
6.170148926374017719e+03
6.170742471136280074e+03
6.171116197610259405e+03
6.171560906811519999e+03
6.171629945091487571e+03
6.172715791599361182e+03
6.173498730811291352e+03
6.173988594160533466e+03
6.174185928144705940e+03
6.174766151112597981e+03
6.174958548564914054e+03
6.175015869698324423e+03
6.176365707578934234e+03
6.176530066924927269e+03
6.176683094552204238e+03
6.176735620794071110e+03
6.176763517035786208e+03
6.177034926703341625e+03
6.177089721526679568e+03
6.177176897321575780e+03
6.179057058235347540e+03
6.180221932335118254e+03
6.180307763246606555e+03
6.180464551913912146e+03
6.181895084212359507e+03
6.182870560169539203e+03
6.183053572870992866e+03
6.183649866216943337e+03
6.183693386652119443e+03
6.183746852129124818e+03
6.183777842482762935e+03
6.184248810784859415e+03
6.184431285946879143e+03
6.184833240124716212e+03
6.185267193962885358e+03
6.185727928581335618e+03
6.185805391780889295e+03
6.186083645130252989e+03
6.186754760523815094e+03
6.187122673649862008e+03
6.187183672428416685e+03
6.187476740936536771e+03
6.187753999815183306e+03
6.187939156576217101e+03
6.187993104993527595e+03
6.188285962194811873e+03
6.188806482788681933e+03
6.189002140633956515e+03
6.189120277810799962e+03
6.190133711862975360e+03
6.190678044602455884e+03
6.192014639079016888e+03
6.192532621332303279e+03
6.193920520999739892e+03
6.194084012501191864e+03
6.194312722437069169e+03
6.194624081170995851e+03
6.194727522161564593e+03
6.196080885760567980e+03
6.196148989148303372e+03
6.196170343910776865e+03
6.196738883969916060e+03
6.197773361115261650e+03
6.198391188686059650e+03
6.198655765713549954e+03
6.200724005058685179e+03
6.201670244940181874e+03
6.203124591585332382e+03
6.203157217101796959e+03
6.203632795056128998e+03
6.203670906257912065e+03
6.203683627284201066e+03
6.203794999594066212e+03
6.203818046433727432e+03
6.204032909529983044e+03
6.204362777346465009e+03
6.204457808965995355e+03
6.204549909609857423e+03
6.206768920908885775e+03
6.208122389609498896e+03
6.208127376104722316e+03
6.208197632516782505e+03
6.208401518879087234e+03
6.209339109918757458e+03
6.209708224212628920e+03
6.210056477788215489e+03
6.210909509992239691e+03
6.211327086443246117e+03
6.211375809640005173e+03
6.211438750839655768e+03
6.211533943991698834e+03
6.211678736932947686e+03
6.211780985313485871e+03
6.212037151319043915e+03
6.212407135199373442e+03
6.212781603500943675e+03
6.213619026422751631e+03
6.213909436912531419e+03
6.214174375225090444e+03
6.214828044746988780e+03
6.214852163086929068e+03
6.215230335263476263e+03
6.215559395436674095e+03
6.216244894942474275e+03
6.217261473842510895e+03
6.217528805669295252e+03
6.217623636957890994e+03
6.218219188153785581e+03
6.218278002991422909e+03
6.218670640737224858e+03
6.219493771175966685e+03
6.220824643301125434e+03
6.221385936075881546e+03
6.221737400140963473e+03
6.221938911580829881e+03
6.222737269264067436e+03
6.223650925605831617e+03
6.224495640336746874e+03
6.224518906862923359e+03
6.224996095313992555e+03
6.225243414412331731e+03
6.225562873310756913e+03
6.225646467677299370e+03
6.226284699910564996e+03
6.226528190189444103e+03
6.227145174092232082e+03
6.227188671621357571e+03
6.227638242811293821e+03
6.227868550174172924e+03
6.228621496031917559e+03
6.228795767626842462e+03
6.228796046973445300e+03
6.229227900063894594e+03
6.229273686255713983e+03
6.230183490316094321e+03
6.230845616194676040e+03
6.231541640543470749e+03
6.231927042485133825e+03
6.232557230788172092e+03
6.233030481405021419e+03
6.233058098069484004e+03
6.233945602686942948e+03
6.234283445685146035e+03
6.235177583742566640e+03
6.235218533948544064e+03
6.235560860373847390e+03
6.235854800759463615e+03
6.235910215788509049e+03
6.236197751237218654e+03
6.236565552602476600e+03
6.236574529532541419e+03
6.237122242764896328e+03
6.238115227735564076e+03
6.238674550962685316e+03
6.238890055790298902e+03
6.239548789081173709e+03
6.239606211279108720e+03
6.239873593230600818e+03
6.240802743757885764e+03
6.241778446024607547e+03
6.242211281937747117e+03
6.242841962884630448e+03
6.242973936091827454e+03
6.244205020655978842e+03
6.244325759164402371e+03
6.245562773971651040e+03
6.246188218025710739e+03
6.246333158322454437e+03
6.246337831345554150e+03
6.246926258702063933e+03
6.247117285841096418e+03
6.247701433793843535e+03
6.248084707525233171e+03
6.248373618644719500e+03
6.248678967357903275e+03
6.249054889985308364e+03
6.249424986579093456e+03
6.250174980138311184e+03
6.250490864844356111e+03
6.251318729586796508e+03
6.251447760420325721e+03
6.251597146347737180e+03
6.252134874491641312e+03
6.253327899936026370e+03
6.253625760510230975e+03
6.253687890034505472e+03
6.254034908150648334e+03
6.254103610616724836e+03
6.254304359388665034e+03
6.254625810169570286e+03
6.254739674396552800e+03
6.255089620971537443e+03
6.255895190709041344e+03
6.255904067696377751e+03
6.257385583620701254e+03
6.257487400665932000e+03
6.257644174402456883e+03
6.257918635050669764e+03
6.258153445976233343e+03
6.258625225752069127e+03
6.259628821524805971e+03
6.260311637930006327e+03
6.260497189095110116e+03
6.260627169160976337e+03
6.261356113905095299e+03
6.261739656977561935e+03
6.262015249311314619e+03
6.262067880681784118e+03
6.262231138819863190e+03
6.262288968066652160e+03
6.262410595298013504e+03
6.262510359373577558e+03
6.263349781072744008e+03
6.264039406030092323e+03
6.264614455802309749e+03
6.264822622862124263e+03
6.265912915387318208e+03
6.266326052824196267e+03
6.266345434489499894e+03
6.266592800808886750e+03
6.266607964435439499e+03
6.267200002767572187e+03
6.267436161943424850e+03
6.267633604707324594e+03
6.267838781876966095e+03
6.267970844162983667e+03
6.268033039612879293e+03
6.268094594727143885e+03
6.268216381561165690e+03
6.268290867995594454e+03
6.268531867719028014e+03
6.268695369120575378e+03
6.270289048811629073e+03
6.270419982368770434e+03
6.270551494932501555e+03
6.270832814329363828e+03
6.270870303349011010e+03
6.271130178419732147e+03
6.271342178184386285e+03
6.271523438338344022e+03
6.271611956478728644e+03
6.271785575758392952e+03
6.271906263328693967e+03
6.272367180123849721e+03
6.272410462900716084e+03
6.272477566403119454e+03
6.272666232115940147e+03
6.272791243921814385e+03
6.273370293094401859e+03
6.273376845550286816e+03
6.273436201036452076e+03
6.273668886599880352e+03
6.274643064365499413e+03
6.276586689039824705e+03
6.276669260951618526e+03
6.277386845352758428e+03
6.277658796494068156e+03
6.278226850944828584e+03
6.278556622512728609e+03
6.278722908077046668e+03
6.278784195505742900e+03
6.280367421762984122e+03
6.280565343051262971e+03
6.280902826019468193e+03
6.281006378000144650e+03
6.281133748176441259e+03
6.281396359637848946e+03
6.282052818990317064e+03
6.282700348480510911e+03
6.283535252202764241e+03
6.285747390130297390e+03
6.285921830586640681e+03
6.285933325584579507e+03
6.286030747427350434e+03
6.286303785486989909e+03
6.286529566849705589e+03
6.286686413934407028e+03
6.287299042442691643e+03
6.287475351669751035e+03
6.287831878722349757e+03
6.288687462501776281e+03
6.289509486872975685e+03
6.290095505408411555e+03
6.290357977224424758e+03
6.291389238091977859e+03
6.291628797963693614e+03
6.291754344647923062e+03
6.291856981413102403e+03
6.291893214126091152e+03
6.292209367491619560e+03
6.292681490576733268e+03
6.292794935817734768e+03
6.292923966715216920e+03
6.292944832860261158e+03
6.293480845799696908e+03
6.293548339401537305e+03
6.293778559682592459e+03
6.294424716550099220e+03
6.294613386835915662e+03
6.294883476486066684e+03
6.295249487844964278e+03
6.295461469834081072e+03
6.295562197773328080e+03
6.297240406783781509e+03
6.297776962780153553e+03
6.298050468118712161e+03
6.298131930830379133e+03
6.299254123698568947e+03
6.299374540323686233e+03
6.300736375933152885e+03
6.301312194684902352e+03
6.301716279462589227e+03
6.301741130652882021e+03
6.302327894501227092e+03
6.302470872477588273e+03
6.302644449988341876e+03
6.303289095939462641e+03
6.303359791576711359e+03
6.304609875220417052e+03
6.304644737741254175e+03
6.305311333521971392e+03
6.305447389682123685e+03
6.306065256044339549e+03
6.306083992130225852e+03
6.306690511469592821e+03
6.306925644165530684e+03
6.306932055836244217e+03
6.307442799012769683e+03
6.307462764604381846e+03
6.307491270130239172e+03
6.307611446412694931e+03
6.307689674965326958e+03
6.307742150457369462e+03
6.308289549856779558e+03
6.309119224443457824e+03
6.309235970658223778e+03
6.310020901973230139e+03
6.311334890419378098e+03
6.311605487477157112e+03
6.312003939160536902e+03
6.312083448820616468e+03
6.312601730225643223e+03
6.312700483770747269e+03
6.312904189314016548e+03
6.313191492486436800e+03
6.313318579490797674e+03
6.313665046789606095e+03
6.314009345365533591e+03
6.314359679671832055e+03
6.314738068167555866e+03
6.315339491432008799e+03
6.315704630042881035e+03
6.316088517111435067e+03
6.316565288025121845e+03
6.316645182620372907e+03
6.317440137308048179e+03
6.318504088875928574e+03
6.319688398600722394e+03
6.319752649352596563e+03
6.319850616517554045e+03
6.320039123178651607e+03
6.320377861266847503e+03
6.321828712871888456e+03
6.323018211578461887e+03
6.323968106337408244e+03
6.324233764162303487e+03
6.324254040492975946e+03
6.325513086391821162e+03
6.325743231512831699e+03
6.325792120583763790e+03
6.326570452147523611e+03
6.326692660760801118e+03
6.326990183658288515e+03
6.327198626552801215e+03
6.327325324464015466e+03
6.327568827623132165e+03
6.329085417788014638e+03
6.329630715419625631e+03
6.330063404715157048e+03
6.330069563452885632e+03
6.330208080331140991e+03
6.331222786925473883e+03
6.331916521624223606e+03
6.332443782701159762e+03
6.332448105670554469e+03
6.333162409325020235e+03
6.333175903189186101e+03
6.334128738744195289e+03
6.334391983075712233e+03
6.334816037815370692e+03
6.335393699831107369e+03
6.335889131854821244e+03
6.336486867204028385e+03
6.338356145372608808e+03
6.338468984191132222e+03
6.338573178239063964e+03
6.338643922128896520e+03
6.339209476124493449e+03
6.339396974929295538e+03
6.339550985341054002e+03
6.340014370991322721e+03
6.340016585127978033e+03
6.340329324850719786e+03
6.341369646519100570e+03
6.341632765233789542e+03
6.342085503836389762e+03
6.342464655296346791e+03
6.342685865583281156e+03
6.343469597792203786e+03
6.344182142549498167e+03
6.344815364031368517e+03
6.344852591856209074e+03
6.344968288598447543e+03
6.345866134694399079e+03
6.346037049632448543e+03
6.346222719741925175e+03
6.348668871328949535e+03
6.349401078752191097e+03
6.349620271350408075e+03
6.349763377398760895e+03
6.350051470326250637e+03
6.350112534401445373e+03
6.350937791865284453e+03
6.350966002441986348e+03
6.351303256325468283e+03
6.351456808136155814e+03
6.352011947027252063e+03
6.352283603550407861e+03
6.353193376056793568e+03
6.353469929673475235e+03
6.353890147911642089e+03
6.354795485623131754e+03
6.356023885379197964e+03
6.356151934478084513e+03
6.357563013930706802e+03
6.357612598067701583e+03
6.357840570799938178e+03
6.358385776297369375e+03
6.358552384512001481e+03
6.359301281062280395e+03
6.359431258272325977e+03
6.359805038683405655e+03
6.359918555736721828e+03
6.360509988789307499e+03
6.360681954522608976e+03
6.360738655091648980e+03
6.360740262628724849e+03
6.361340016059272784e+03
6.361440457481749945e+03
6.362023993722072191e+03
6.362623764719588507e+03
6.362666667814452921e+03
6.362845866815880072e+03
6.362979549502045302e+03
6.364151666848579225e+03
6.364180134840314167e+03
6.364215736868230124e+03
6.364426099747524859e+03
6.364781461206040149e+03
6.364856572161143049e+03
6.365997338069078978e+03
6.366756313253234111e+03
6.367023763478887304e+03
6.367169169991705530e+03
6.367425011453206935e+03
6.368061154899448411e+03
6.368144726651084056e+03
6.368340226713857191e+03
6.368499250977993142e+03
6.368682700841833139e+03
6.368696155590093440e+03
6.369000135764519655e+03
6.369289904464809297e+03
6.369570336530674467e+03
6.372555884119424263e+03
6.373228371747780329e+03
6.373593149395794171e+03
6.373985226807201798e+03
6.374622979887354632e+03
6.375658548428375070e+03
6.376100837736508765e+03
6.376165203288320299e+03
6.376388059995868389e+03
6.376628484313827357e+03
6.377153140807327873e+03
6.378034794904619957e+03
6.378745336414943267e+03
6.379347862004243325e+03
6.379554262539097181e+03
6.380118282071807698e+03
6.380300027930832584e+03
6.381764294367908406e+03
6.381875148097311467e+03
6.381924435096395428e+03
6.382152755729777709e+03
6.382161545911611029e+03
6.382391063945095084e+03
6.382472501244672458e+03
6.383832726670768352e+03
6.384177064792310375e+03
6.384264981920279752e+03
6.384495902905338880e+03
6.384697905219582935e+03
6.385019308371178340e+03
6.385362183081616422e+03
6.386444846710012825e+03
6.387381756676721125e+03
6.387473030872729396e+03
6.387687051812776190e+03
6.388876725995035486e+03
6.389965722016741893e+03
6.390009144178648967e+03
6.390068133462415972e+03
6.390287314667602004e+03
6.390786685524566565e+03
6.391233002202850912e+03
6.391614444590539279e+03
6.392144985056985206e+03
6.392951931458303079e+03
6.392978972768750282e+03
6.393312511517095118e+03
6.393721769303889232e+03
6.393796894306566173e+03
6.394120577653396140e+03
6.394355271662731866e+03
6.394435687115087603e+03
6.394516790795596535e+03
6.395381798912047088e+03
6.396003296774119008e+03
6.396844349314153078e+03
6.397192831968462087e+03
6.397425182690160909e+03
6.397447232924566379e+03
6.398127451800491144e+03
6.398552716301359396e+03
6.398728764094427788e+03
6.398862640057164754e+03
6.399692973221987813e+03
6.400423059539808492e+03
6.401680865981107672e+03
6.401726283978803622e+03
6.401848174517982443e+03
6.401858675739207683e+03
6.402262961875180736e+03
6.402692185448256168e+03
6.403331486528552887e+03
6.403909050932547871e+03
6.404028021576020365e+03
6.404610843252893574e+03
6.404845554692430596e+03
6.405343107167043854e+03
6.405365105891546591e+03
6.406064656261301025e+03
6.406171747877057896e+03
6.406853560298526645e+03
6.407066598684120436e+03
6.407095107642034236e+03
6.407833507854671552e+03
6.408236520323617697e+03
6.408329892187940459e+03
6.408653627267443881e+03
6.408938613146890930e+03
6.409017743829637766e+03
6.409245845731381451e+03
6.409260666794854842e+03
6.409513708042833969e+03
6.410349667296286498e+03
6.410478836961574416e+03
6.410512352275420199e+03
6.410586195749486251e+03
6.411319420441059265e+03
6.411455872573072156e+03
6.411540897382360527e+03
6.411720199810606573e+03
6.412360845735312068e+03
6.412489364722358914e+03
6.412711741614080893e+03
6.413050668304849751e+03
6.414486313252980835e+03
6.414919702825734021e+03
6.415132179106687545e+03
6.415924668549174385e+03
6.416187352102599107e+03
6.416887805207403289e+03
6.417215232676387132e+03
6.417608860441077013e+03
6.417828275677416059e+03
6.419363576243210446e+03
6.419563114309614321e+03
6.419592400558914960e+03
6.419742498328185320e+03
6.419851942578169655e+03
6.420433064778000698e+03
6.421056829952169210e+03
6.421071117734880318e+03
6.421896909553674050e+03
6.422063718787400830e+03
6.422358007677274145e+03
6.422466546776469841e+03
6.422546216664682106e+03
6.423534608245732670e+03
6.424049141119011438e+03
6.424356248817054620e+03
6.424386018718942978e+03
6.424698300450134411e+03
6.424713392744954945e+03
6.424774959879814560e+03
6.425012599154169038e+03
6.425901687647180552e+03
6.426087078016276791e+03
6.426357413947616806e+03
6.427075748063723950e+03
6.427107945599892446e+03
6.427629358276903986e+03
6.427760568264942776e+03
6.427933141714291196e+03
6.428656308391991843e+03
6.428825636055676114e+03
6.428923614322699905e+03
6.429668122647312885e+03
6.429855332038700908e+03
6.429922351543369587e+03
6.429924061080639149e+03
6.430086776070502310e+03
6.430109079932088207e+03
6.431499832684306057e+03
6.431790981698399264e+03
6.432043261961381177e+03
6.432105532167975980e+03
6.432386340839982950e+03
6.432776706997337897e+03
6.433175009413961561e+03
6.434382725153149295e+03
6.434438609839548008e+03
6.434917623177631867e+03
6.435037281790571797e+03
6.435117022921779608e+03
6.435322821547458261e+03
6.435463908291916596e+03
6.435769351030674443e+03
6.436488095217903719e+03
6.437377373958269345e+03
6.437420081721867064e+03
6.438098095433349954e+03
6.438748282203731833e+03
6.439320871896194149e+03
6.439461279046303389e+03
6.440090222749139684e+03
6.440749814570219314e+03
6.440784683436072555e+03
6.441163405485366638e+03
6.441410433051899417e+03
6.441738634174466824e+03
6.442142530488041302e+03
6.442311791992386134e+03
6.442573957976160273e+03
6.442587892969652785e+03
6.444080077699688445e+03
6.444430603787282053e+03
6.444735441114335117e+03
6.445263919727936809e+03
6.445341842709957746e+03
6.445611711361365451e+03
6.445746167658119703e+03
6.445922729697325849e+03
6.446418046880899055e+03
6.448212860080720020e+03
6.448551477674000125e+03
6.448752009331206864e+03
6.450290790557660330e+03
6.450720838044037919e+03
6.451794998747119280e+03
6.451869310827263689e+03
6.451950360311077930e+03
6.452007360301890003e+03
6.452335256085336368e+03
6.452662875422800425e+03
6.452786697203977383e+03
6.453064780223521666e+03
6.453806421698643135e+03
6.454095801546398434e+03
6.454314973953306435e+03
6.457101719999695888e+03
6.457277378371150917e+03
6.457530719442673217e+03
6.457992679057559144e+03
6.458641565447030189e+03
6.458730980298131726e+03
6.459026549074326795e+03
6.459074257909873268e+03
6.459332826763246885e+03
6.459699180776130561e+03
6.459704318386388877e+03
6.459909168446476542e+03
6.460186964080479811e+03
6.463128736775596735e+03
6.463502524717182496e+03
6.463646444417088787e+03
6.464545075724737217e+03
6.466132186288331468e+03
6.466149274760346998e+03
6.466353766707289651e+03
6.467039515311951618e+03
6.467119779805175313e+03
6.467329427729418967e+03
6.468001196768675072e+03
6.468959427734448582e+03
6.469015122199849429e+03
6.469225476506587256e+03
6.469745397857840544e+03
6.469939981793890183e+03
6.470800560532828058e+03
6.470853560803326218e+03
6.472328544900943598e+03
6.472486047968892308e+03
6.473072860596825194e+03
6.473123232789529538e+03
6.473202517558911495e+03
6.473721758305798176e+03
6.473883269768484752e+03
6.474331873409369109e+03
6.475149981787626530e+03
6.475566098817286729e+03
6.476224549137799841e+03
6.476268531644939685e+03
6.476300715441978355e+03
6.476627839069502443e+03
6.476933880233423224e+03
6.477076009577908735e+03
6.477372871725184268e+03
6.477657054128765594e+03
6.478474806275661649e+03
6.478778043635020367e+03
6.479204790293355472e+03
6.479288697958668308e+03
6.479813766678330467e+03
6.480060764127773837e+03
6.480065583318591052e+03
6.480630549038204663e+03
6.480872643427405819e+03
6.481271853099642613e+03
6.481521445554230013e+03
6.481832879955892167e+03
6.481858061227241706e+03
6.481937332663063899e+03
6.482287072765181620e+03
6.482551383891235673e+03
6.482627497538866010e+03
6.482766798830806692e+03
6.482851536734829097e+03
6.482908070812211918e+03
6.483153949227647900e+03
6.483623795461157897e+03
6.483662718977164332e+03
6.483694015454077089e+03
6.484392845680466053e+03
6.485411257403086893e+03
6.486488873412963585e+03
6.486564589167118356e+03
6.486650077252082156e+03
6.486694606936279342e+03
6.487757519121035330e+03
6.488212651330608423e+03
6.488319820668679313e+03
6.489233919931479249e+03
6.490268399644084639e+03
6.492027118975851408e+03
6.492447110719286684e+03
6.492485999614322282e+03
6.492638744059277997e+03
6.493309710147770602e+03
6.493960529634219711e+03
6.494001825947971156e+03
6.495263651248733368e+03
6.495395969167871954e+03
6.495400831740061221e+03
6.495758063325125477e+03
6.496386448739116531e+03
6.496733190535253925e+03
6.496871967974507243e+03
6.497248268995482249e+03
6.498159724630945675e+03
6.498339176047715227e+03
6.498502518215259443e+03
6.498816727010453178e+03
6.499303287439413907e+03
6.500173448589971485e+03
6.500380120636722495e+03
6.500508210635218347e+03
6.501124654397686754e+03
6.501228006513460059e+03
6.501391053928055044e+03
6.501631520104129777e+03
6.502113494316254219e+03
6.502259812482858251e+03
6.502724028104153149e+03
6.502816801503975512e+03
6.503517943921771803e+03
6.503663469717179396e+03
6.504047564027663611e+03
6.506395206457101267e+03
6.506452331016678727e+03
6.506588786970162801e+03
6.507784033027530313e+03
6.508040071789208014e+03
6.508362592211182346e+03
6.508692064715681227e+03
6.509238380168018011e+03
6.509493997182167732e+03
6.509597094024372382e+03
6.510056268249137247e+03
6.510091906165142063e+03
6.510718842762127679e+03
6.510788131897095809e+03
6.510834863149792000e+03
6.511225700592700377e+03
6.511510356678999415e+03
6.511685941254043428e+03
6.512029584558489660e+03
6.512136184183314072e+03
6.512543475941050929e+03
6.512618573971470141e+03
6.512968630014435803e+03
6.513116294231489519e+03
6.513718208541876265e+03
6.513908460686729086e+03
6.514838292143021135e+03
6.515039315009811617e+03
6.515293675902822542e+03
6.515360355339378657e+03
6.515401863032294386e+03
6.515532442420662846e+03
6.516730026906723651e+03
6.516738393101686597e+03
6.517140832989157389e+03
6.518020450906003134e+03
6.518494653148120051e+03
6.518704026387890735e+03
6.518931791200847329e+03
6.519212065308865931e+03
6.519403528555581033e+03
6.520237363097090565e+03
6.520997020565637285e+03
6.522044818109277003e+03
6.523291115201210232e+03
6.523824646971867878e+03
6.524675292143555453e+03
6.525045084389555086e+03
6.525157194209024965e+03
6.525344510346774769e+03
6.526051170332192669e+03
6.526141045130563725e+03
6.526493619944749298e+03
6.526601678851191537e+03
6.526648397104264404e+03
6.526965798017345151e+03
6.527252946845551378e+03
6.527357436621629859e+03
6.527536724192737893e+03
6.528404896860867666e+03
6.528541576486485610e+03
6.529089574664139946e+03
6.529094109756965736e+03
6.529454367965994606e+03
6.529986799552345474e+03
6.530103758994230702e+03
6.530756036998778654e+03
6.531445462445077283e+03
6.531463937193712809e+03
6.531991212034312412e+03
6.532543823318578688e+03
6.532594726164113126e+03
6.532696390597810023e+03
6.532845559231686821e+03
6.532917410595818183e+03
6.532992022311786968e+03
6.533148358861678389e+03
6.533882592762739478e+03
6.535740139556392023e+03
6.535995754822904019e+03
6.536359415875663217e+03
6.536800044702165906e+03
6.536960432213923013e+03
6.538077359160696687e+03
6.538248812651282606e+03
6.538365688326512100e+03
6.538586113439167093e+03
6.538674074938297963e+03
6.538791973065690399e+03
6.539466354476404376e+03
6.539631548734388161e+03
6.539779789787990012e+03
6.540686644909106690e+03
6.543931514133253586e+03
6.544220071785380242e+03
6.545023583841804793e+03
6.545249476957699699e+03
6.545259724787436426e+03
6.545749350028869230e+03
6.545769173052030965e+03
6.545800125689658671e+03
6.547880744958773903e+03
6.549338165015323284e+03
6.549397221385574994e+03
6.549492012050799531e+03
6.549612221765632967e+03
6.549962837073078845e+03
6.550197228629728670e+03
6.550336264467508954e+03
6.550342123038788486e+03
6.550439547773981758e+03
6.550573664321400429e+03
6.550660650380449624e+03
6.550978133739285113e+03
6.551077298972787503e+03
6.551171999854637761e+03
6.551870011942626661e+03
6.552649809018414999e+03
6.552999706467580836e+03
6.554765743408231174e+03
6.555384663664959589e+03
6.555551042645680354e+03
6.555664262016894099e+03
6.555709604778612629e+03
6.555886834102124340e+03
6.556280307797259411e+03
6.556382268820011632e+03
6.556594339308881899e+03
6.556645786408786989e+03
6.557625377757267415e+03
6.557713898911996694e+03
6.557754659823332986e+03
6.558374815554919223e+03
6.558532151936806258e+03
6.558721305687926360e+03
6.558802221099566850e+03
6.559086900275986409e+03
6.560324217024519385e+03
6.560588451153108508e+03
6.560802032372206668e+03
6.561016557932784963e+03
6.561123248567490009e+03
6.561485053898654769e+03
6.561884619122700315e+03
6.562275563005300683e+03
6.562479997305194956e+03
6.562493117587235247e+03
6.562496848507326831e+03
6.562861008667495298e+03
6.562981583511179451e+03
6.563075679561254219e+03
6.563146470111358212e+03
6.563609275147822700e+03
6.563916159918064295e+03
6.564359201866692274e+03
6.565969233789345708e+03
6.566727719474688456e+03
6.566920600434917105e+03
6.566979316767029559e+03
6.566989760624004703e+03
6.567034540892942459e+03
6.567436519366911853e+03
6.568473192769400157e+03
6.568739657252652250e+03
6.568808509597497505e+03
6.569111554875205002e+03
6.569994983063596010e+03
6.570496016013811641e+03
6.570522502812192215e+03
6.571327602695145288e+03
6.571478855094544997e+03
6.571526437016479576e+03
6.571640607641224960e+03
6.572061849545715631e+03
6.573066510423093860e+03
6.573479065968082068e+03
6.574552901155979271e+03
6.574641896272054510e+03
6.575093624705550610e+03
6.575257418169104312e+03
6.576518226159319966e+03
6.576627796071699777e+03
6.577223341588281073e+03
6.577244384741009526e+03
6.577294906502228514e+03
6.577424242759308981e+03
6.577663297758666886e+03
6.578012251301726792e+03
6.578465038694278519e+03
6.578734905807397809e+03
6.579127047953633337e+03
6.579379988220401174e+03
6.579648515764090007e+03
6.579804570708151005e+03
6.579888764570123385e+03
6.581143490044536520e+03
6.581257796027874974e+03
6.581348162097714521e+03
6.582120411678655728e+03
6.582342100543752167e+03
6.582571491851498649e+03
6.582592329643077392e+03
6.582703052301407297e+03
6.582831600331583104e+03
6.582914643191285904e+03
6.583090101194547969e+03
6.583450635906221578e+03
6.583556573927863610e+03
6.583556928338101898e+03
6.583892669762516562e+03
6.583969152893622777e+03
6.584126264092667043e+03
6.584185296926930278e+03
6.584596847311969213e+03
6.584861231134095760e+03
6.585474092831960661e+03
6.585481068749936640e+03
6.585735378943915748e+03
6.585841154474752329e+03
6.585904852812132958e+03
6.586277532454592802e+03
6.586391254008016404e+03
6.587713199061422529e+03
6.588075697560430854e+03
6.589737459032090555e+03
6.589922788837028747e+03
6.590857956997201654e+03
6.593091316387878578e+03
6.593825961941355672e+03
6.594413131297858854e+03
6.595788090634605396e+03
6.595792295305655898e+03
6.595895052681604284e+03
6.596461047818092084e+03
6.596799986048482424e+03
6.596967648671962706e+03
6.597057536775501831e+03
6.598843572637257239e+03
6.599901961572627442e+03
6.600047323373417385e+03
6.601123528413385429e+03
6.601178796426665031e+03
6.601238146402381062e+03
6.601393344925496422e+03
6.601678246764560754e+03
6.601695631452354974e+03
6.602504921254130750e+03
6.603070156922627575e+03
6.603308425280670235e+03
6.603687198346700825e+03
6.604449048729512469e+03
6.604961137368200980e+03
6.605363545210445409e+03
6.606253571942310373e+03
6.606307442165880275e+03
6.606349144194611654e+03
6.606647860663356369e+03
6.607188415537280889e+03
6.607501233855177816e+03
6.609057604601156527e+03
6.609635926820344139e+03
6.610017961459757316e+03
6.611067986673230735e+03
6.611246387060898087e+03
6.611335266543674152e+03
6.612613438822783792e+03
6.612645125088880377e+03
6.612834980474180156e+03
6.613366989485295562e+03
6.614787599707141453e+03
6.614976745699013918e+03
6.615516264766396489e+03
6.615523643900730349e+03
6.615655517339027938e+03
6.616002048901555099e+03
6.616691597798610928e+03
6.617577266313041036e+03
6.617638804963391522e+03
6.618134076895580620e+03
6.618910095749928587e+03
6.619513787321142445e+03
6.619557840655407745e+03
6.620108423711257274e+03
6.620843995465059379e+03
6.621244410415729362e+03
6.621410104166813653e+03
6.621804694676944564e+03
6.622188956181286812e+03
6.622299261706073594e+03
6.622788086089474746e+03
6.623245739235147084e+03
6.624009770929780643e+03
6.624383731452266147e+03
6.625104296474309194e+03
6.626110069527466294e+03
6.626963484030191466e+03
6.627251454318424294e+03
6.627998436080947613e+03
6.628029560052749730e+03
6.628495993493193964e+03
6.628660862290871592e+03
6.629531264700297470e+03
6.630009501320146228e+03
6.630019401469960030e+03
6.630050797871199393e+03
6.630068476992865726e+03
6.630132125358590201e+03
6.631162137083642847e+03
6.631600168273489544e+03
6.631985781841626704e+03
6.632147009078076735e+03
6.632691488791174379e+03
6.633106516967362950e+03
6.633173756120598227e+03
6.633329162653797539e+03
6.633540111370180966e+03
6.634287385751056718e+03
6.634435883598183864e+03
6.634667009650901491e+03
6.635238621838915606e+03
6.636000824885066322e+03
6.636324389472439179e+03
6.636453350861299441e+03
6.636485447045894944e+03
6.636686616354179932e+03
6.637164169588668301e+03
6.637181758279331916e+03
6.637830808796223209e+03
6.638116879607302508e+03
6.638226235007819923e+03
6.638681191625944848e+03
6.639058337961109828e+03
6.639220421837355389e+03
6.639471213563678248e+03
6.639578947726143269e+03
6.639774654054353960e+03
6.640019770553246417e+03
6.641117905060974408e+03
6.641892699062875181e+03
6.642317939847689559e+03
6.642548648606302777e+03
6.643342708978381779e+03
6.644515613465243405e+03
6.644728703601430425e+03
6.645476373570695614e+03
6.646677097315502579e+03
6.647439793715809174e+03
6.647982240710078258e+03
6.648118162501843472e+03
6.648501700666113720e+03
6.648788488894715556e+03
6.649272320166945974e+03
6.649396406476808806e+03
6.649422311508981693e+03
6.649660587808160017e+03
6.650130026329689827e+03
6.650917031924362163e+03
6.651797220329276570e+03
6.652363765051049086e+03
6.652499048625175419e+03
6.652567287709835000e+03
6.653140636437900866e+03
6.653162813946371898e+03
6.654087039184692003e+03
6.654798914657104433e+03
6.654868131698759498e+03
6.655681219186630187e+03
6.655953303751218300e+03
6.656806868304199270e+03
6.657758974631441561e+03
6.658178346084204350e+03
6.658864695351088812e+03
6.660946181156990860e+03
6.661843848084049569e+03
6.661953949478935101e+03
6.662052311443067993e+03
6.662651106135595001e+03
6.663204119198268927e+03
6.663311499062584517e+03
6.663711196590749751e+03
6.664521441439515911e+03
6.664644594835672251e+03
6.664682718924656911e+03
6.664869868317297005e+03
6.665005993111617499e+03
6.665480844856016120e+03
6.665940213588577535e+03
6.666366454254689415e+03
6.666478029131833864e+03
6.667512119713259381e+03
6.669282107766220179e+03
6.669891663623411660e+03
6.671039410378835782e+03
6.671478724001978662e+03
6.671614405180519498e+03
6.671695976326703203e+03
6.671846614371039323e+03
6.671882949608461786e+03
6.672160525954784134e+03
6.672698943436122136e+03
6.673151729908781817e+03
6.673219035312877168e+03
6.673352249203328029e+03
6.673405856436981594e+03
6.674607542841340546e+03
6.675219547800616056e+03
6.675822800624536285e+03
6.676109048998743674e+03
6.677095781356134466e+03
6.677322018393455437e+03
6.678338143329922787e+03
6.679021083586753775e+03
6.680868507975737884e+03
6.681220119726519442e+03
6.681353335713361048e+03
6.681733932332649601e+03
6.681908638702758253e+03
6.682216262228864252e+03
6.682512077682219569e+03
6.682705769070809765e+03
6.682822540820822724e+03
6.683329214843176487e+03
6.683878311156969175e+03
6.685997774534175733e+03
6.686381324451424916e+03
6.686674294741143967e+03
6.687144481682683363e+03
6.687783818227039774e+03
6.688102924007530419e+03
6.688296523269370482e+03
6.688744008825407946e+03
6.688807365456183106e+03
6.688824626740634812e+03
6.689362899456838022e+03
6.689640919224982099e+03
6.691801831562683219e+03
6.692031825405849304e+03
6.692197554296324597e+03
6.692238651910058252e+03
6.692506521189692648e+03
6.692780663637657199e+03
6.692865950820795661e+03
6.692870805671469498e+03
6.692927568977585906e+03
6.693421693513463651e+03
6.694272456149851678e+03
6.694342990759952954e+03
6.695083586590675623e+03
6.695894408276287322e+03
6.696229324206509773e+03
6.696410986722261441e+03
6.696699993540141804e+03
6.696913075385580669e+03
6.698653586462696694e+03
6.698741011666824306e+03
6.698944742656908602e+03
6.699418241682791631e+03
6.699571885469248627e+03
6.700223165225354023e+03
6.700457085299693972e+03
6.700566954064071069e+03
6.700847899495529418e+03
6.700910613565112726e+03
6.701011700669259881e+03
6.701089436354049212e+03
6.701603881337109669e+03
6.701871942362450682e+03
6.701914363150825011e+03
6.702274922757626882e+03
6.702867627404693849e+03
6.703029176405848375e+03
6.703674262004608863e+03
6.705432502041205225e+03
6.705729307665822489e+03
6.706601912465864189e+03
6.707038876696480656e+03
6.707315029482728278e+03
6.707758020716754800e+03
6.709088324631346950e+03
6.711558034599928760e+03
6.712039265037816222e+03
6.712572339749074672e+03
6.712694620647900592e+03
6.713263626898667098e+03
6.714332797802484492e+03
6.714472316347655578e+03
6.715512371352123409e+03
6.715715013828305928e+03
6.716146618216194838e+03
6.716414781017524547e+03
6.716736902884508709e+03
6.717518329089353756e+03
6.717887641991004784e+03
6.718522897616458067e+03
6.718807303890704134e+03
6.719387183188730887e+03
6.719412952231228701e+03
6.719579898815536581e+03
6.719789776807735507e+03
6.720065728661643334e+03
6.720197354531385827e+03
6.720270816773738261e+03
6.720819710960089651e+03
6.720826085624232292e+03
6.720891840037018483e+03
6.721293729365927902e+03
6.722653098517520448e+03
6.723147934362402339e+03
6.724220585832133111e+03
6.724260166291393034e+03
6.724523438702339263e+03
6.724711073485478664e+03
6.724821070665983825e+03
6.725236821328122460e+03
6.725510673039601897e+03
6.727169925599099770e+03
6.728002194184741711e+03
6.728502838330487975e+03
6.728625422502405854e+03
6.728956910733363657e+03
6.728964827437454005e+03
6.729515065507983309e+03
6.729607439890122805e+03
6.729922830776037699e+03
6.730494059366413239e+03
6.730905358291083758e+03
6.731123424827242161e+03
6.731399324368666385e+03
6.731847753770958661e+03
6.733093693981043543e+03
6.734262670639882344e+03
6.734367403453338738e+03
6.734686631243471311e+03
6.734805395018864147e+03
6.735187027532450884e+03
6.735904425114056721e+03
6.735989921593963118e+03
6.736216596782865054e+03
6.739134179208276691e+03
6.739159566428654216e+03
6.739279926085781881e+03
6.739761392608910683e+03
6.740360974090179297e+03
6.741074695697992865e+03
6.741841339233817052e+03
6.742568240100522416e+03
6.743038567170115130e+03
6.743363191695917521e+03
6.744382845153484595e+03
6.744509951403701962e+03
6.744761522240001796e+03
6.745302870681637614e+03
6.745669860685028652e+03
6.747182906493521841e+03
6.748033283784821833e+03
6.748637757870883433e+03
6.748652753199191466e+03
6.749763451059980071e+03
6.750719558353061075e+03
6.750758888010496776e+03
6.751911502063543594e+03
6.752368262859383321e+03
6.752763475573812684e+03
6.752773575150862598e+03
6.752962216891920434e+03
6.753301429063376418e+03
6.754493943194503117e+03
6.754664098222542634e+03
6.758605756103645945e+03
6.759591520348949416e+03
6.759647245495450989e+03
6.759960199310711687e+03
6.760001434467772015e+03
6.760230507025759835e+03
6.763060313512237371e+03
6.763063174394832458e+03
6.763168108947792462e+03
6.763668763250327174e+03
6.763807377996225114e+03
6.764108443927334520e+03
6.764361243191166068e+03
6.764436019494545690e+03
6.764461131837645553e+03
6.764746707237071860e+03
6.764775381413368450e+03
6.765533785117708248e+03
6.766652693518644810e+03
6.767165713479012993e+03
6.767292718002947367e+03
6.768113958041030855e+03
6.768484847937436825e+03
6.769041142143855723e+03
6.769332552496143762e+03
6.769443834325854368e+03
6.769551976867181111e+03
6.769586687986194192e+03
6.769669297670386186e+03
6.769855795295212374e+03
6.770829804928456724e+03
6.770911389610622791e+03
6.771115829872867835e+03
6.771223122519995741e+03
6.771644063335919782e+03
6.772281114077126404e+03
6.773028254230777748e+03
6.773076641579893476e+03
6.773610194307672828e+03
6.773680967822100683e+03
6.774125449734044196e+03
6.774274169473883376e+03
6.776606692300804752e+03
6.776781528371126115e+03
6.778095773834043030e+03
6.778231391482627259e+03
6.779471327955568995e+03
6.779703791134384119e+03
6.780992363516683326e+03
6.781025273541685237e+03
6.782076684067962560e+03
6.782606258364839960e+03
6.782960620495661715e+03
6.783644946484017055e+03
6.784113654556268557e+03
6.784943807562372967e+03
6.785065221589918110e+03
6.786778138968807070e+03
6.787029538033008066e+03
6.787052342986866279e+03
6.787087784189178819e+03
6.787287120234980648e+03
6.787327478155317294e+03
6.787676875040925552e+03
6.788141518218335477e+03
6.788231702304645296e+03
6.788310124080221613e+03
6.788623567748421010e+03
6.788892370269737512e+03
6.788901795557966580e+03
6.790215152492015477e+03
6.790474270593619622e+03
6.790812106539565320e+03
6.791866147913193345e+03
6.792471088669530218e+03
6.793318848684559271e+03
6.794041698104729221e+03
6.794147868338087392e+03
6.795109668148633318e+03
6.796046679617474183e+03
6.796291896460216776e+03
6.796868397122641909e+03
6.797016811937019156e+03
6.797819723971610983e+03
6.799130020836510084e+03
6.799961536589306888e+03
6.801198994800630317e+03
6.801625317181818900e+03
6.802402197606948903e+03
6.802870120512143330e+03
6.803418113036302202e+03
6.803539064723147931e+03
6.803613970864606017e+03
6.803738649400458598e+03
6.803951027927316318e+03
6.804351765131851607e+03
6.805756347720447593e+03
6.805911669831793006e+03
6.806434162878316783e+03
6.806869323315589099e+03
6.806952385030789628e+03
6.806990703642517474e+03
6.807545575837515571e+03
6.808282423930759251e+03
6.808306766698581669e+03
6.808622144576791470e+03
6.810519312226735565e+03
6.810889699063392982e+03
6.812444200379567519e+03
6.812573737519499446e+03
6.812797155832789940e+03
6.813043511278950973e+03
6.814216299196637010e+03
6.814456792260122711e+03
6.814531684085426605e+03
6.814702944036773260e+03
6.815471398494385539e+03
6.816555948159933905e+03
6.817240793649790248e+03
6.817790633798504132e+03
6.817831820510825310e+03
6.817932407432224863e+03
6.818187743171870352e+03
6.818431347710322370e+03
6.818779921750990070e+03
6.821025066273968150e+03
6.822010783495253236e+03
6.822819259128995327e+03
6.823539824549519835e+03
6.824734673707761431e+03
6.824857982642372917e+03
6.825539683355612397e+03
6.826312786657473225e+03
6.826899535944047784e+03
6.826943303652124087e+03
6.826986836426983245e+03
6.827098427846896811e+03
6.827103560324208047e+03
6.827297284980892073e+03
6.827438761949053514e+03
6.828167434655976649e+03
6.828333176545577771e+03
6.829266145152692843e+03
6.831500431893223322e+03
6.831645751442239089e+03
6.832103803943775347e+03
6.832416486782802167e+03
6.833518684305963689e+03
6.833988660716633603e+03
6.834447072977571224e+03
6.834523757644582474e+03
6.835332462621218838e+03
6.835734645118126537e+03
6.836087043143712435e+03
6.836605928769427010e+03
6.836790134732445040e+03
6.836973600510853430e+03
6.837665109946605298e+03
6.837666704173178914e+03
6.837898095417753211e+03
6.838542216753457069e+03
6.839096296427695961e+03
6.840362970073088945e+03
6.840937249853711364e+03
6.841691077582475373e+03
6.842509407053044924e+03
6.842538086843144811e+03
6.842730965046914207e+03
6.843020792468768377e+03
6.843061754851000842e+03
6.843246161351445153e+03
6.843306506787667786e+03
6.843671861582623933e+03
6.844215577926428523e+03
6.844220486216004247e+03
6.844437600490769000e+03
6.845374387813999419e+03
6.845463600411138941e+03
6.846337087835317107e+03
6.846493979149349798e+03
6.846908492638729513e+03
6.847682601752278060e+03
6.847877318799620298e+03
6.848669133592763501e+03
6.849667735051171803e+03
6.849827600535813872e+03
6.849917082379263775e+03
6.850941957499790988e+03
6.851013216175038906e+03
6.851501346178015410e+03
6.851736480931849655e+03
6.852160763984757978e+03
6.852674875559770044e+03
6.853321683687619952e+03
6.853904633959927196e+03
6.854147237100932216e+03
6.854283412264694562e+03
6.854576297109263578e+03
6.854721262471047339e+03
6.855327564669642925e+03
6.855431608899334606e+03
6.856369550682372392e+03
6.856446015897656252e+03
6.856475087567931041e+03
6.856880296057224768e+03
6.856889798014834923e+03
6.857276302728720111e+03
6.857387236619252690e+03
6.857398566818207655e+03
6.857506816547728704e+03
6.857858311574246727e+03
6.858181347104912675e+03
6.858279144773609005e+03
6.859032940053099992e+03
6.859397734166967894e+03
6.860930570404178070e+03
6.860943709744176886e+03
6.861031637503231650e+03
6.861243127432685469e+03
6.861267537140342029e+03
6.861608920452859820e+03
6.861838897523833111e+03
6.861910680457841408e+03
6.862100596695399872e+03
6.862216968941693267e+03
6.862598724791372661e+03
6.863054332246233571e+03
6.863327502657819423e+03
6.864224573122256515e+03
6.865010489409273760e+03
6.865348960438159338e+03
6.865404713226505919e+03
6.865777101125040645e+03
6.866020317583771430e+03
6.866791417148465371e+03
6.866908117598268291e+03
6.868361655672177221e+03
6.868715752424400307e+03
6.869927884610477122e+03
6.870367206893336515e+03
6.870416057043196815e+03
6.870900325545449050e+03
6.871067791109184327e+03
6.871646843247397555e+03
6.871876271021360481e+03
6.872915493572332707e+03
6.873183752211781211e+03
6.873225543821444262e+03
6.874144439500863882e+03
6.874479570531088939e+03
6.875106513564166562e+03
6.875227755841350699e+03
6.875340762062875001e+03
6.875859188673849530e+03
6.875881025826431141e+03
6.876639397658823327e+03
6.877383759699891925e+03
6.877967134542551321e+03
6.878152451320796899e+03
6.878390718536113127e+03
6.878402622532365967e+03
6.878684020671787039e+03
6.879168608110671812e+03
6.880786546118581100e+03
6.881032184856900130e+03
6.881538615937401119e+03
6.881576657453189000e+03
6.882094845971779250e+03
6.882259064368408872e+03
6.883515166018381024e+03
6.884037351684486566e+03
6.884280750482316762e+03
6.884848629521748080e+03
6.884986502799661139e+03
6.885085215051145497e+03
6.885690415380331615e+03
6.885953261478941386e+03
6.886204741235756046e+03
6.887345797143977506e+03
6.887950314419663300e+03
6.888003797175815635e+03
6.889645697102379927e+03
6.890343641097457294e+03
6.890946235572311707e+03
6.891420554582593468e+03
6.892057965551175585e+03
6.892272757656521208e+03
6.892461760029373181e+03
6.893172469500134866e+03
6.893289700965141492e+03
6.893774483610595780e+03
6.893826154103279805e+03
6.894612026277294717e+03
6.894972430941719722e+03
6.895481360691259397e+03
6.895854093482608732e+03
6.896038978253968708e+03
6.896074114265463322e+03
6.896755249309829196e+03
6.897599102704455618e+03
6.897951236879499447e+03
6.898011836448052236e+03
6.898443908791131435e+03
6.899020131088314884e+03
6.899335316346019681e+03
6.899568074545520176e+03
6.899583428111236572e+03
6.899625010317395208e+03
6.899800536849335003e+03
6.900361084172704977e+03
6.901826259292676696e+03
6.902491452336998918e+03
6.903429803001661639e+03
6.903777783800248471e+03
6.903797348545248497e+03
6.904097965030587147e+03
6.904473079246442467e+03
6.904624549822961853e+03
6.904850861986355994e+03
6.904961834786962754e+03
6.908479410314993402e+03
6.909437158573808119e+03
6.909952247326732504e+03
6.910471757721932590e+03
6.910494746492418926e+03
6.911399351191422284e+03
6.911773072812164173e+03
6.911817048866905679e+03
6.913068204171726393e+03
6.914716071776338140e+03
6.915043206921543060e+03
6.915063936437271877e+03
6.915891871813830221e+03
6.916109156381812682e+03
6.916361898202545490e+03
6.917857859061547060e+03
6.919176949257581327e+03
6.919240575671215083e+03
6.919270574417226271e+03
6.919431659857560589e+03
6.920505514455169759e+03
6.921513156265479665e+03
6.921804646752243571e+03
6.922008227855076257e+03
6.922251789085476958e+03
6.922581672301081198e+03
6.922596429650221580e+03
6.922985944178894897e+03
6.923294374605987286e+03
6.923301723981851865e+03
6.923605097082569046e+03
6.924417094989895304e+03
6.924705897101027404e+03
6.926493816365573366e+03
6.926774925490974965e+03
6.927175607263830898e+03
6.928700613128463374e+03
6.929928901211440461e+03
6.930266640631757582e+03
6.930322947711522829e+03
6.930337556454497644e+03
6.930472363270614551e+03
6.930775368099306434e+03
6.930849844819247664e+03
6.931352268792817085e+03
6.931672692665839350e+03
6.931733672068219676e+03
6.932917140374135670e+03
6.933315733313433157e+03
6.933394296443265375e+03
6.933663461774181997e+03
6.933782144711793080e+03
6.934028228023752490e+03
6.934066363153047860e+03
6.934215089311619522e+03
6.935775050304439901e+03
6.936341572154670757e+03
6.936525599294303902e+03
6.938820900179570344e+03
6.939056804760240993e+03
6.939136046153208554e+03
6.940271525728123379e+03
6.940337112230119601e+03
6.941008522346711288e+03
6.941408282681369201e+03
6.942097055930347778e+03
6.942835455041868954e+03
6.943587513589734044e+03
6.944829570642606086e+03
6.944902039375080676e+03
6.945046093255162305e+03
6.945134565231965098e+03
6.945795894000181761e+03
6.946192305349704839e+03
6.946775552898848218e+03
6.946878401943406971e+03
6.947306601621944537e+03
6.948484818219088993e+03
6.951665496662109945e+03
6.951718842989535915e+03
6.952552459111254393e+03
6.954449288481252552e+03
6.955786033617308021e+03
6.956042369457149107e+03
6.956452393815875439e+03
6.956504061986835040e+03
6.956705120200365855e+03
6.957566264915428292e+03
6.958216164073681284e+03
6.958388894160967538e+03
6.958751772568270098e+03
6.960292209837371956e+03
6.960433944493737727e+03
6.961688842659684269e+03
6.962125447466312835e+03
6.962558262089756681e+03
6.962825945040084662e+03
6.963458587759024340e+03
6.963471841946790846e+03
6.963637619616582015e+03
6.963786956885794098e+03
6.964176861149915567e+03
6.964188519252238621e+03
6.964662985531364029e+03
6.964947170179835666e+03
6.965177220148158995e+03
6.965299762819781790e+03
6.965318710274107616e+03
6.965925090050063773e+03
6.967880875427530555e+03
6.967899251921122413e+03
6.969126591544300936e+03
6.969352764941218084e+03
6.969590535647335855e+03
6.969778391089154866e+03
6.970018635518522387e+03
6.973335663076998571e+03
6.973442688423639993e+03
6.974612146789940198e+03
6.975499330513641326e+03
6.975629597868690325e+03
6.975803888321805061e+03
6.976569365075569294e+03
6.976925510872626546e+03
6.977022480402464680e+03
6.978242528157832567e+03
6.979071885275579916e+03
6.980203413647655907e+03
6.980253557206159712e+03
6.980639128850093584e+03
6.980807075454148617e+03
6.981001498939504017e+03
6.981380575944953307e+03
6.981625247273393143e+03
6.981759350712061860e+03
6.982197180141776698e+03
6.982252157253439691e+03
6.983212743999990380e+03
6.983376603230807632e+03
6.984466158818459007e+03
6.985440112274864987e+03
6.986666189812268385e+03
6.986821539211323397e+03
6.987546956272190073e+03
6.987699993385014750e+03
6.987733638299218910e+03
6.987850686738078366e+03
6.988339229652347967e+03
6.988781090301462427e+03
6.989124164963399380e+03
6.990158027171548383e+03
6.990533766940882742e+03
6.992518377589543888e+03
6.993357733306313094e+03
6.993883685204507856e+03
6.994021668442366717e+03
6.994163812045129816e+03
6.994363829281007384e+03
6.994646761944667560e+03
6.996405691744567775e+03
6.997073281211853100e+03
6.998157481748673490e+03
6.998264181281548190e+03
6.998505622143215078e+03
6.998913652624260976e+03
6.999093301619053818e+03
6.999507075502016050e+03
7.000114454542737803e+03
7.000642983168260798e+03
7.000774153532006494e+03
7.001198859331024323e+03
7.002360621717645699e+03
7.002779631365436217e+03
7.003146747377625616e+03
7.003350556542738559e+03
7.003466752251954858e+03
7.004301522440673580e+03
7.004698480590573126e+03
7.004834292235088469e+03
7.005365889200271340e+03
7.005548069126043629e+03
7.006634839074143201e+03
7.008035314646701408e+03
7.008687899494945668e+03
7.008973853568652885e+03
7.009515383262541945e+03
7.010000153362389938e+03
7.011001062172509592e+03
7.011425073597969458e+03
7.012300846109022132e+03
7.012727804341188858e+03
7.013045881844391261e+03
7.014874922198931927e+03
7.015719698369949583e+03
7.016297970167639505e+03
7.016353529905753931e+03
7.016528166368357233e+03
7.016749384954044217e+03
7.017225104312728035e+03
7.017508432653251475e+03
7.018030646831058220e+03
7.018982639800303332e+03
7.021206030858844315e+03
7.023101278300730883e+03
7.023312769626279078e+03
7.023368208789498567e+03
7.024024972552172585e+03
7.025356855956639265e+03
7.025896423457701530e+03
7.027460378120403220e+03
7.027592445090345791e+03
7.027728484479092003e+03
7.027845464535216706e+03
7.027965856272491692e+03
7.028235159972745350e+03
7.028864737056203012e+03
7.029510893596925598e+03
7.029792744181210765e+03
7.030135320662211598e+03
7.030326041435499064e+03
7.031528667603353824e+03
7.032861151831767529e+03
7.034903955265546756e+03
7.035349201106278997e+03
7.035400809821786424e+03
7.036155976705515968e+03
7.036831619855163808e+03
7.037630486986978212e+03
7.039053444107565156e+03
7.039148919544989440e+03
7.039790024455841376e+03
7.040099825859965676e+03
7.040425218056294398e+03
7.040573941312542047e+03
7.040940622709304080e+03
7.041228066500310888e+03
7.041910537525110158e+03
7.041928361429812867e+03
7.042135008692346673e+03
7.042767753248846930e+03
7.045006290917669503e+03
7.045433418027134394e+03
7.045575976377967891e+03
7.045648767349761329e+03
7.045927750507821656e+03
7.046232142127936640e+03
7.046344044542279335e+03
7.046868271868282136e+03
7.047320384896073847e+03
7.047342290740398312e+03
7.050148468522984331e+03
7.050226582422295905e+03
7.051535015541202483e+03
7.052358611284797917e+03
7.052700655061021280e+03
7.053078793866195156e+03
7.054901945651497954e+03
7.058189739938638013e+03
7.058417526567637651e+03
7.059300938922889145e+03
7.060052575840353711e+03
7.060522124933764644e+03
7.060657764808679531e+03
7.061136224486022002e+03
7.062492452349915766e+03
7.062628952759495405e+03
7.064171228363785303e+03
7.064996524759785643e+03
7.065088656954938415e+03
7.065399164907690647e+03
7.065664520416388768e+03
7.066020008050024444e+03
7.067298374286724538e+03
7.068333032630520393e+03
7.068684750830257144e+03
7.071938376981769579e+03
7.072248599882875169e+03
7.074052910938959940e+03
7.074401765079689540e+03
7.074452492887221524e+03
7.075804913243488954e+03
7.076210033837245646e+03
7.076638358754068577e+03
7.076851615252627198e+03
7.077500646178051284e+03
7.077981327896397488e+03
7.078082047814750695e+03
7.078342156473785508e+03
7.078490507202441222e+03
7.078742259716990702e+03
7.078841418508960487e+03
7.079752690563173019e+03
7.080037181981849244e+03
7.080410288097020384e+03
7.080441330264362477e+03
7.081093357351795930e+03
7.081221630179718886e+03
7.081620111586003077e+03
7.081658782467381570e+03
7.081671082168179055e+03
7.082391350279448488e+03
7.082606628158795502e+03
7.083192825276493750e+03
7.083893202476808256e+03
7.083936592122468028e+03
7.084017128419081928e+03
7.084209359534595023e+03
7.084213082091769138e+03
7.084323002795149478e+03
7.084344302460895051e+03
7.084480253375144457e+03
7.084829568644806386e+03
7.085065734978245018e+03
7.087700154189477871e+03
7.088454781353106227e+03
7.089932046815319154e+03
7.090507369842483058e+03
7.091217255111990198e+03
7.091609728464951331e+03
7.092879362448227766e+03
7.093774957921654277e+03
7.094450414693863422e+03
7.094549279264161669e+03
7.095981469749823191e+03
7.096471590635349457e+03
7.096478320431640896e+03
7.096678185373451925e+03
7.096844914350949693e+03
7.097919459678227213e+03
7.098529546418219070e+03
7.098575319047377889e+03
7.098728992026405649e+03
7.099037496904828004e+03
7.099312623255468679e+03
7.099621437791476637e+03
7.100358066671904453e+03
7.101055640223362388e+03
7.101079106048277936e+03
7.101492876436483130e+03
7.102017473734748819e+03
7.103454775376720136e+03
7.103711149626731640e+03
7.103852406820966280e+03
7.103902539342190721e+03
7.103961862184152778e+03
7.104064011280100203e+03
7.104341309721717153e+03
7.104454360632701537e+03
7.104743719871058602e+03
7.104823151888112079e+03
7.104889325606605780e+03
7.105262901176511150e+03
7.108489580645591559e+03
7.108642681256723336e+03
7.110855247018809678e+03
7.111650798198941629e+03
7.112141255380705843e+03
7.114236458220691929e+03
7.114406234830486028e+03
7.115051162020170523e+03
7.115899177679013519e+03
7.116340756079713174e+03
7.116828609851909277e+03
7.117436790358630788e+03
7.121648231205354023e+03
7.122242809419823061e+03
7.123121044485733364e+03
7.125278518055016320e+03
7.125964031621662798e+03
7.126712976747718130e+03
7.126978180204238924e+03
7.127679584584404438e+03
7.127999147499290302e+03
7.128669236892650588e+03
7.128805851136382444e+03
7.128856643368911136e+03
7.129017203532407621e+03
7.129203787699716486e+03
7.129519029409669201e+03
7.129533453131954957e+03
7.129649550121589527e+03
7.131542932880998706e+03
7.132090993501728008e+03
7.132448329996386747e+03
7.132841821107456781e+03
7.133049410834486480e+03
7.133337474125906738e+03
7.133565907655563024e+03
7.133580407610166731e+03
7.133731256201594078e+03
7.134292320215416112e+03
7.134516679796387507e+03
7.135110896628292721e+03
7.135432296348836644e+03
7.136685268962370174e+03
7.136984480930111204e+03
7.137022238088982704e+03
7.137750504558439388e+03
7.137853360151136258e+03
7.137870683498890685e+03
7.137968903481996676e+03
7.139171872506840373e+03
7.139246693313904871e+03
7.140576117676794638e+03
7.140618767793241204e+03
7.141318934074560275e+03
7.141705436663067303e+03
7.142014430413418268e+03
7.143346878476251732e+03
7.143422250810196601e+03
7.143609987907798313e+03
7.145058144162307144e+03
7.146017809723875871e+03
7.146202615020320991e+03
7.146726693004883600e+03
7.147035916127796554e+03
7.148244287927102050e+03
7.149041670682996482e+03
7.149174997534335489e+03
7.149667734151313198e+03
7.149854712477433168e+03
7.152023147906316808e+03
7.152266693013445547e+03
7.152663024063078410e+03
7.154269438883547991e+03
7.155670957492773596e+03
7.155933416747110641e+03
7.156477696953321356e+03
7.156680788116208532e+03
7.158256508413034680e+03
7.158339072913434393e+03
7.159187108434506627e+03
7.159870086857677052e+03
7.161381872285218378e+03
7.163057574907851631e+03
7.163825193079318524e+03
7.164032000161921133e+03
7.164397466839485787e+03
7.164440029463867177e+03
7.164718960429909203e+03
7.165959201211549953e+03
7.167094336864095567e+03
7.167126661133749622e+03
7.167368832309440222e+03
7.168656036114247399e+03
7.169467055649648501e+03
7.169468757948849088e+03
7.170260368320473390e+03
7.170658235514802982e+03
7.173123326873434962e+03
7.173526299600443053e+03
7.173619335862917069e+03
7.173973685846494845e+03
7.174523029583641801e+03
7.176943166315057169e+03
7.177210347729076602e+03
7.178179461062095470e+03
7.179002015949949964e+03
7.182215123891732219e+03
7.182377719253294345e+03
7.183267102342136241e+03
7.183753322718814161e+03
7.184375123680349134e+03
7.186466913002777801e+03
7.186964672618762052e+03
7.186969178568350799e+03
7.187554882500781787e+03
7.187607196173526972e+03
7.188256673035433778e+03
7.190195751669177298e+03
7.190584144603778441e+03
7.190804884325947569e+03
7.191017208011420735e+03
7.191022985673000221e+03
7.191321737588345968e+03
7.191612628252986724e+03
7.192182175071977326e+03
7.193156321739725172e+03
7.193368796335837942e+03
7.193771450495994941e+03
7.193835228933847247e+03
7.194518165214497458e+03
7.194744795318331853e+03
7.194964795996123939e+03
7.195690086026311292e+03
7.195791583185103264e+03
7.195906738651722662e+03
7.196394793326077888e+03
7.196516963591959211e+03
7.196722339642111365e+03
7.196869442471342154e+03
7.196960245211367692e+03
7.197032935120475486e+03
7.197479332658995190e+03
7.197611542133578041e+03
7.197651514334523199e+03
7.198682613454328020e+03
7.199492079114595981e+03
7.199609544552386069e+03
