0.000000
0.017292
0.083061
0.099658
0.352614
0.419249
0.568356
0.596857
0.631886
0.859968
0.913014
0.961028
1.049681
1.213699
1.283642
1.356160
1.376425
1.583649
1.666617
1.755012
1.956800
2.001920
2.101056
2.112075
2.118002
2.250481
2.282194
2.306034
2.367921
2.401679
2.439863
2.498398
2.622453
2.627865
2.745629
2.759800
2.785542
2.824757
2.852940
2.916117
2.923020
3.031896
3.051151
3.099507
3.104910
3.216300
3.258270
3.278637
3.321024
3.343058
3.354907
3.372357
3.451713
3.581291
3.585928
3.594727
3.604874
3.776782
3.821950
3.949072
3.992623
4.017737
4.112486
4.116062
4.146791
4.299382
4.320312
4.326357
4.452387
4.558438
4.772499
4.778895
4.814942
4.859273
4.940544
5.042968
5.114126
5.365792
5.387027
5.462405
5.531963
5.597597
5.669666
5.672596
5.710376
5.769263
5.773877
5.816510
5.860821
5.878528
5.887927
5.942429
5.986731
6.038533
6.082932
6.103786
6.127209
6.163698
6.166291
6.186356
6.348898
6.385625
6.388073
6.416374
6.439531
6.451884
6.486408
6.538816
6.697162
6.702030
6.764388
6.793984
6.843134
6.844133
6.923654
6.935554
6.943443
7.041836
7.203051
7.213459
7.255632
7.302204
7.363652
7.508957
7.599978
7.632030
7.653233
7.699388
7.737866
7.739875
7.789546
7.866705
7.866745
7.880196
7.959820
7.977068
8.050997
8.072137
8.085276
8.097947
8.119718
8.225565
8.264664
8.302419
8.307471
8.317588
8.356530
8.429249
8.431534
8.453613
8.585423
8.621892
8.624371
8.630304
8.642631
8.646202
8.865108
8.871773
8.885302
8.930105
8.982897
8.986544
9.041511
9.091914
9.107559
9.108311
9.129568
9.137015
9.163735
9.334010
9.364360
9.492173
9.499759
9.521961
9.613189
9.613288
9.636796
9.667056
9.738647
9.830755
9.866909
9.874969
9.951848
10.125884
10.277956
10.326667
10.401085
10.443101
10.550223
10.593515
10.700387
10.726827
10.743655
10.764115
10.874173
10.891001
10.903269
10.907764
11.029498
11.273263
11.435237
11.474721
11.710481
11.714424
11.731863
11.736569
11.764362
11.792362
11.792710
11.844970
11.950453
12.109979
12.161317
12.186882
12.188182
12.278479
12.356299
12.409125
12.563873
12.566122
12.571821
12.681285
12.687523
12.763737
12.848524
12.890006
12.985715
13.036377
13.059860
13.128704
13.194252
13.212799
13.298718
13.407257
13.427765
13.466651
13.469703
13.568289
13.672471
13.890201
13.907887
13.909082
13.950297
14.017306
14.180787
14.213993
14.241505
14.272034
14.373649
14.401684
14.607180
14.651891
14.656215
14.671166
14.723114
14.905888
14.977836
15.032002
15.033384
15.050820
15.118442
15.134286
15.134818
15.153356
15.409484
15.462257
15.463406
15.509965
15.542583
15.641164
15.659741
15.671807
15.710122
15.750288
15.811287
15.821455
15.830922
15.895280
15.931737
16.007589
16.075743
16.120087
16.239993
16.260683
16.648493
16.695820
16.829600
16.904063
16.957005
16.982450
16.988199
17.032347
17.137442
17.145297
17.173665
17.287717
17.298138
17.408747
17.497465
17.539272
17.596631
17.622567
17.641403
17.683550
17.687764
17.746770
17.777008
17.838520
17.840570
17.849723
17.866422
17.884650
17.919553
17.922293
17.933908
17.986531
18.056938
18.069031
18.115430
18.158825
18.370897
18.487186
18.524321
18.525464
18.541279
18.543814
18.579732
18.586012
18.835739
18.995220
19.006148
19.031391
19.045390
19.092442
19.123828
19.195218
19.277336
19.321514
19.341782
19.411159
19.465481
19.491289
19.511158
19.753845
19.858453
19.864822
19.910899
19.977980
20.050839
20.069021
20.204139
20.250912
20.267649
20.270214
20.394467
20.465546
20.766212
20.819860
20.862101
20.866512
20.888485
20.930837
20.948568
21.044528
21.074729
21.136367
21.211852
21.411841
21.489676
21.546710
21.548353
21.550243
21.574030
21.646223
21.805208
21.867118
21.918823
21.921637
22.003379
22.005398
22.045893
22.054197
22.104465
22.147394
22.158260
22.163939
22.230735
22.247885
22.274525
22.289723
22.322996
22.345643
22.363713
22.414442
22.429541
22.434406
22.440340
22.441362
22.459376
22.645131
22.675531
22.707902
22.774285
22.807943
22.825619
22.861947
22.881188
22.921690
23.043215
23.080798
23.293489
23.300141
23.326836
23.419064
23.538058
23.551225
23.558181
23.623185
23.653360
23.889728
23.910690
23.912528
23.933841
23.935958
24.091752
24.147991
24.209606
24.327574
24.385463
24.437578
24.485294
24.494178
24.608169
24.652854
24.799970
24.822459
24.881010
24.951975
25.036862
25.278634
25.296900
25.393986
25.459867
25.548349
25.575098
25.688750
25.785207
25.892065
25.900759
25.916645
25.965819
25.982723
26.075972
26.081727
26.183363
26.192825
26.193769
26.225758
26.300340
26.330045
26.392053
26.422270
26.449741
26.487587
26.513595
26.535916
26.546026
26.553049
26.571022
26.814225
26.925433
27.020210
27.055579
27.076992
27.108865
27.115851
27.150293
27.177299
27.182146
27.354159
27.390544
27.446019
27.645293
27.717740
27.767191
27.770690
27.803349
27.838451
27.895742
27.978185
28.033671
28.047409
28.092895
28.128421
28.155138
28.171874
28.192973
28.199265
28.221679
28.247036
28.287723
28.288551
28.308175
28.397996
28.422232
28.480648
28.577505
28.611739
28.619941
28.733367
28.737093
28.790979
28.795430
28.839659
28.918697
29.087262
29.127674
29.135483
29.216535
29.417567
29.453703
29.575620
29.581380
29.582208
29.603766
29.634609
29.691850
29.696440
29.702832
29.827278
29.866285
29.947675
30.009605
30.040511
30.118833
30.119724
30.178400
30.216862
30.227352
30.229194
30.268894
30.309280
30.316367
30.328813
30.343874
30.372261
30.376476
30.412800
30.416965
30.463396
30.477260
30.490436
30.525576
30.598082
30.616081
30.740245
30.775645
30.790258
30.803524
30.806383
30.830975
30.856703
30.963056
31.053316
31.066190
31.071993
31.127877
31.233172
31.240936
31.269848
31.292829
31.300788
31.303115
31.383782
31.644492
31.728874
31.889773
31.909866
31.918892
31.956935
31.965225
31.970780
31.993817
32.101906
32.155338
32.167035
32.302422
32.318407
32.359007
32.445878
32.505704
32.507153
32.592571
32.593272
32.626921
32.759096
32.765982
32.783313
32.826663
32.834998
32.857883
32.879862
32.913523
32.952733
32.957243
32.960122
33.121629
33.223232
33.287535
33.329701
33.351512
33.446274
33.493435
33.515040
33.588197
33.601066
33.668167
33.750372
33.775677
33.926486
33.945324
33.982106
33.989871
33.991975
34.069918
34.085245
34.151465
34.279005
34.348364
34.465417
34.508030
34.749666
34.811827
34.840910
34.916177
34.939597
34.942974
34.990281
35.105901
35.107975
35.125801
35.126576
35.145927
35.166588
35.275787
35.308401
35.316839
35.326606
35.345571
35.576512
35.607392
35.615077
35.662149
35.698574
35.773325
35.937767
35.972343
36.149656
36.155616
36.162398
36.288874
36.451657
36.572081
36.586269
36.603654
36.611612
36.668631
36.673796
36.707940
36.710342
36.774738
36.828855
36.838410
36.970087
36.971012
36.973954
36.985835
37.011754
37.068646
37.070781
37.159505
37.251270
37.272240
37.272256
37.291454
37.302512
37.402674
37.487400
37.501859
37.720138
37.724991
37.744722
37.936402
38.115441
38.168375
38.220857
38.262506
38.302689
38.368189
38.498345
38.613377
38.688420
38.760939
38.768662
38.786661
38.787519
38.837589
38.839704
38.862373
38.919691
39.004222
39.048135
39.202353
39.232982
39.384776
39.461416
39.497130
39.551369
39.605864
39.614444
39.655828
39.668408
39.691639
39.922968
39.933890
39.958868
40.160760
40.177018
40.249367
40.249750
40.263141
40.301589
40.368047
40.368213
40.389979
40.494150
40.528894
40.620591
40.664736
40.755159
40.857349
40.891645
40.998998
41.017691
41.020345
41.039808
41.170513
41.198965
41.258596
41.317763
41.318691
41.346984
41.384132
41.513554
41.519130
41.614655
41.641419
41.745389
42.147720
42.209016
42.245734
42.282643
42.288773
42.333900
42.342843
42.392267
42.492184
42.515104
42.536408
42.558829
42.617862
42.619049
42.642329
42.656924
42.669450
42.691424
42.692090
42.792051
42.799972
42.948018
42.990844
43.022924
43.057020
43.116893
43.175245
43.205299
43.292400
43.306677
43.456216
43.480974
43.483401
43.486491
43.544293
43.558085
43.568957
43.638589
43.648425
43.782861
43.784315
43.810951
43.903347
43.929431
44.069503
44.079465
44.089033
44.210682
44.215041
44.270306
44.329889
44.440991
44.449576
44.495360
44.587443
44.600051
44.612645
44.724392
44.732165
44.785744
44.830745
44.860608
44.962147
44.986426
44.991680
45.200396
45.211203
45.266187
45.374689
45.420718
45.432364
45.481163
45.521387
45.649741
45.691970
45.752908
45.758172
45.766143
45.877883
45.915946
45.949342
46.010859
46.026318
46.073492
46.225035
46.244175
46.266335
46.291798
46.357021
46.391815
46.429146
46.650169
46.759380
46.768956
46.769886
46.864938
47.012955
47.035438
47.039650
47.047238
47.200975
47.394325
47.424589
47.457619
47.602389
47.604509
47.637012
47.643455
47.644552
47.651995
47.797683
47.799253
47.812998
47.919332
47.961544
48.002599
48.015615
48.195574
48.356655
48.417479
48.515471
48.756917
48.790561
48.822867
48.850559
48.873780
48.884848
48.909153
48.929978
48.986704
48.992423
49.250673
49.382227
49.385233
49.451774
49.646803
49.714887
49.721092
49.929616
49.944286
50.071569
50.075657
50.083776
50.115090
50.121259
50.123813
50.144225
50.165172
50.224676
50.283894
50.295947
50.305937
50.313663
50.401695
50.402689
50.449386
50.549290
50.644377
50.650613
50.673927
50.675074
50.707938
50.748820
50.757608
50.851488
50.888043
51.134658
51.151217
51.197830
51.245861
51.348509
51.374477
51.386856
51.452234
51.462256
51.496745
51.522873
51.607553
51.737267
51.940802
51.954717
52.093982
52.130093
52.240361
52.249783
52.371410
52.459820
52.512981
52.578049
52.614358
52.654865
52.676459
52.756630
52.849602
52.874183
52.902027
52.931073
52.938482
52.970106
53.067801
53.115929
53.172896
53.189782
53.210786
53.250221
53.290460
53.445380
53.464719
53.493162
53.572348
53.578712
53.592371
53.596061
53.611767
53.636756
53.672636
53.787658
54.097021
54.116766
54.160503
54.237156
54.258995
54.271685
54.390079
54.419207
54.436541
54.604031
54.678520
54.716997
54.719453
54.763174
54.820375
54.939029
54.939051
54.947511
54.976663
54.978307
55.042268
55.139743
55.171279
55.289816
55.387884
55.445700
55.534782
55.643371
55.699071
55.725863
55.752101
55.758135
55.854806
55.961616
56.089420
56.093300
56.106220
56.149903
56.154859
56.173875
56.196091
56.198685
56.283941
56.332137
56.383730
56.384897
56.423157
56.524883
56.589450
56.669423
56.707064
56.707207
56.717396
56.786487
56.808810
56.920938
57.083296
57.157549
57.158032
57.194672
57.519110
57.521188
57.535094
57.558447
57.605845
57.610105
57.667551
57.679462
57.917924
57.960519
58.034927
58.169596
58.219058
58.314360
58.400808
58.426849
58.468940
58.525341
58.525669
58.542178
58.617152
58.664482
58.684066
58.686503
58.788673
58.878818
58.921246
58.943630
59.001907
59.070182
59.108855
59.138510
59.283476
59.378269
59.389628
59.409622
59.451128
59.605494
59.625958
59.653288
59.658787
59.747984
59.787592
59.822456
59.836543
59.874754
60.004393
60.116389
60.128872
60.163094
60.289330
60.320284
60.361662
60.374086
60.489018
60.676608
60.789423
60.816000
60.897171
60.976138
61.015666
61.040166
61.239469
61.253877
61.258831
61.285495
61.299254
61.556053
61.570838
61.642321
61.656966
61.668175
61.673318
61.703605
61.766118
61.815474
61.916222
62.021211
62.131401
62.132829
62.160951
62.164742
62.234138
62.258244
62.263160
62.435214
62.459307
62.459395
62.473194
62.482460
62.521584
62.550459
62.655954
62.741995
62.838571
62.843472
62.856432
62.883384
62.943052
63.100258
63.317009
63.326664
63.454901
63.546797
63.618923
63.640116
63.648231
63.665733
63.676211
63.693620
63.705283
63.782680
63.823718
63.858476
63.893775
63.909205
63.984763
64.007591
64.030702
64.035505
64.102025
64.105683
64.125274
64.180021
64.185111
64.212274
64.254105
64.282946
64.283419
64.348477
64.362208
64.365282
64.416762
64.434304
64.511815
64.519970
64.526841
64.578572
64.627784
64.646331
64.776209
64.791818
64.801271
64.890606
64.910842
64.943900
64.963651
64.968177
64.969411
65.079895
65.114266
65.184415
65.222773
65.319319
65.347670
65.394643
65.400041
65.418163
65.429812
65.465518
65.524899
65.611042
65.673286
65.871148
65.873680
65.890285
65.905424
66.006730
66.073031
66.122048
66.172003
66.352934
66.407871
66.428206
66.439652
66.476153
66.525623
66.578967
66.602461
66.639875
66.694225
66.775694
66.821481
66.871743
66.895937
66.927069
66.976722
67.020848
67.057189
67.108957
67.166716
67.199865
67.225371
67.265862
67.276926
67.292391
67.293707
67.307815
67.328212
67.423495
67.424833
67.653825
67.711430
67.726157
67.754066
67.841480
67.858446
67.863496
67.930847
67.994954
68.048653
68.076730
68.176718
68.211928
68.245179
68.247800
68.307395
68.400547
68.551374
68.565480
68.566068
68.591292
68.593832
68.622452
68.687524
69.075546
69.143755
69.152267
69.185504
69.290191
69.447805
69.463255
69.558878
69.612440
69.666057
69.676250
69.690068
69.705404
69.791313
69.845404
69.865129
69.927150
70.056828
70.059682
70.076565
70.083836
70.100410
70.132727
70.226950
70.350799
70.364538
70.398715
70.477657
70.497580
70.501774
70.542968
70.623989
70.634736
70.732650
70.763784
70.857873
70.866063
70.935793
70.962553
71.047259
71.104172
71.149420
71.169462
71.360755
71.415451
71.567535
71.574658
71.609676
71.669711
71.688716
71.845155
71.904145
71.905176
71.951746
72.051369
72.076037
72.087696
72.206075
72.257428
72.269206
72.286542
72.339254
72.374921
72.388007
72.615979
72.645044
72.865351
73.003480
73.009028
73.019306
73.191911
73.256218
73.361610
73.423209
73.473815
73.508253
73.597339
73.646026
73.654761
73.738985
73.819084
73.895289
73.941510
73.973922
73.984910
73.997792
74.025227
74.076449
74.139037
74.243420
74.291517
74.310912
74.412176
74.429504
74.455810
74.519132
74.707607
74.750714
74.758338
75.106917
75.131657
75.512530
75.558992
75.577210
75.597556
75.625528
75.779611
75.797930
75.805282
75.859704
75.924476
75.933641
76.090893
76.303743
76.434467
76.514660
76.582782
76.672420
76.752780
76.895345
76.981599
77.057210
77.077220
77.199144
77.240386
77.245482
77.286908
77.291200
77.301068
77.310058
77.363742
77.567368
77.594431
77.608192
77.757969
77.777178
77.803876
77.826063
77.893075
78.045430
78.106221
78.130486
78.136710
78.180269
78.257690
78.389878
78.394001
78.408986
78.428097
78.456630
78.473926
78.537637
78.601029
78.660122
78.820014
78.887321
78.890377
78.942406
78.962498
79.056505
79.078835
79.103609
79.177826
79.282849
79.359587
79.655310
79.671351
79.699224
79.718629
79.727921
79.733411
79.882085
79.905262
79.955974
79.978886
80.065353
80.068333
80.089452
80.106684
80.107654
80.121404
80.249911
80.348439
80.441156
80.461821
80.484171
80.489507
80.726664
80.774699
80.827697
80.895272
81.418166
81.426117
81.436418
81.479793
81.513503
81.530078
81.744911
81.757668
81.763819
81.786463
81.883086
81.921713
81.928858
81.929732
82.066341
82.192618
82.219578
82.232983
82.243512
82.248502
82.349154
82.364051
82.439820
82.442467
82.469426
82.512028
82.615642
82.700643
82.734788
82.767248
82.800612
82.816586
82.881539
82.893997
82.897814
82.900248
82.909234
83.122603
83.176381
83.239493
83.293033
83.304747
83.351175
83.374719
83.375826
83.480063
83.614574
83.711189
83.761769
83.816297
83.840258
83.866402
83.956797
83.961544
84.045797
84.067309
84.117749
84.181864
84.199032
84.202337
84.216390
84.223515
84.544300
84.565052
84.598254
84.640999
84.748710
84.775296
84.776240
84.818936
84.841248
84.877302
84.934732
84.938552
84.944439
85.020247
85.260359
85.263015
85.283281
85.298050
85.389539
85.480720
85.497152
85.569743
85.581299
85.593306
85.632201
85.692524
85.740101
85.832282
85.840873
85.853071
85.860806
85.933136
86.026523
86.118918
86.177371
86.182536
86.186962
86.199533
86.204436
86.225360
86.247620
86.346983
86.364562
86.431281
86.475907
86.552807
86.574297
86.579799
86.640670
86.682164
86.805008
86.870994
86.897418
87.125216
87.157999
87.213806
87.305930
87.311222
87.321321
87.333170
87.354323
87.358063
87.360965
87.414176
87.431288
87.466318
87.495548
87.539246
87.571763
87.622906
87.750928
87.756199
87.862385
87.865702
87.903914
87.976794
87.983922
88.041252
88.064785
88.141065
88.188712
88.276907
88.287957
88.293858
88.318490
88.357416
88.500819
88.578307
88.582717
88.585473
88.655370
88.674529
88.692479
88.762877
88.776899
88.796824
88.828570
88.850771
88.933456
89.004101
89.037338
89.121337
89.157315
89.191738
89.339097
89.390809
89.419088
89.467554
89.616312
89.638398
89.704076
89.775783
89.856663
89.965927
89.971404
90.007383
90.017229
90.033972
90.049456
90.060701
90.083139
90.087697
90.112863
90.120929
90.514642
90.517724
90.671412
90.693756
90.736378
90.736897
90.759463
90.794150
90.798449
90.910883
90.940192
90.944219
90.990528
91.040614
91.191589
91.268761
91.275555
91.321921
91.399277
91.408291
91.541929
91.615133
91.626377
91.640595
91.703309
91.766593
91.825819
91.972260
92.010761
92.092328
92.187925
92.200981
92.317713
92.328087
92.362129
92.383020
92.437979
92.459852
92.464774
92.575494
92.612484
92.649031
92.686833
92.791459
92.883601
92.972002
93.055557
93.082565
93.110027
93.123221
93.140783
93.215822
93.234232
93.309507
93.325224
93.356828
93.376555
93.451852
93.452631
93.601656
93.618897
93.675940
93.683594
93.698936
93.757831
93.848310
93.869843
93.930257
93.944834
94.089968
94.124609
94.223435
94.237240
94.349871
94.388210
94.398223
94.446807
94.522799
94.718640
94.725565
94.731680
94.806885
94.811867
94.844367
94.854283
94.875102
94.884537
94.961528
94.965956
95.050652
95.120348
95.258752
95.266114
95.278119
95.461958
95.477942
95.533962
95.545392
95.547228
95.677883
95.809011
95.901933
95.906887
95.920124
95.953014
95.964409
96.009681
96.065251
96.085133
96.187064
96.274193
96.314591
96.332185
96.340155
96.344640
96.438721
96.462931
96.475272
96.700804
96.723377
96.746230
96.755685
96.856519
96.912598
96.923234
96.967381
96.970013
97.070903
97.071051
97.112424
97.140681
97.257151
97.364833
97.387608
97.418270
97.430328
97.809661
97.813205
97.842335
97.858109
97.902777
97.913408
97.947096
97.998358
98.005468
98.018006
98.018544
98.019602
98.053491
98.132833
98.209972
98.229902
98.336155
98.540394
98.568828
98.592631
98.733057
98.746069
98.775130
98.796778
98.880452
98.972439
99.067872
99.068438
99.090893
99.216097
99.265622
99.291918
99.298149
99.302172
99.424273
99.538834
99.631737
99.633144
99.654231
99.729563
99.738259
99.754438
99.761295
99.770625
99.890930
99.893113
99.916460
100.060104
100.166658
100.175016
100.179577
100.203283
100.214104
100.241683
100.303300
100.316195
100.372004
100.403180
100.459217
100.554121
100.568447
100.594233
100.604139
100.612773
100.644190
100.646971
100.668448
100.669868
100.847609
100.858915
100.870283
101.129255
101.255088
101.276465
101.477632
101.527745
101.578335
101.612654
101.622877
101.647778
101.757327
101.764585
101.787074
101.836377
101.861675
101.966520
102.178258
102.274431
102.373534
102.378907
102.396511
102.447114
102.589903
102.601788
102.606463
102.622843
102.664565
102.674611
102.795790
102.800032
102.883281
102.948077
102.964388
103.079119
103.097168
103.150711
103.153677
103.292196
103.328256
103.378733
103.488638
103.515290
103.531083
103.632015
103.647377
103.709016
103.740538
103.784873
103.802938
103.834028
103.954427
103.986864
104.009012
104.077091
104.241383
104.267733
104.347933
104.350213
104.358925
104.493434
104.514551
104.535884
104.579974
104.662657
104.665474
104.676069
104.749438
104.789312
104.790586
104.845287
104.847184
105.015175
105.029658
105.125636
105.347372
105.403543
105.459891
105.478025
105.484417
105.521917
105.663719
105.773193
105.867369
105.919673
105.941925
105.984352
105.993717
105.994997
106.038393
106.067999
106.144156
106.151738
106.168690
106.211085
106.233771
106.351065
106.558295
106.564201
106.612527
106.649269
106.650257
106.658369
106.683320
106.757764
106.761069
106.761664
106.766987
107.054962
107.071890
107.203807
107.258184
107.288683
107.430213
107.476729
107.483403
107.524913
107.641570
107.668025
107.708822
107.736017
107.742610
107.835058
107.871295
107.917037
107.968965
107.985438
108.025450
108.026458
108.198446
108.225326
108.274209
108.286370
108.328771
108.344736
108.487446
108.570445
108.587109
108.613405
108.690049
108.721144
108.752625
108.815558
108.937888
109.024271
109.038473
109.244864
109.276578
109.320720
109.341431
109.431947
109.455905
109.484003
109.495132
109.565929
109.657604
109.674585
109.824642
109.934057
109.964942
110.043620
110.066885
110.103863
110.324626
110.356440
110.361334
110.448807
110.452814
110.458320
110.485458
110.615803
110.640870
110.654525
110.760398
110.799922
110.845477
110.951620
111.138551
111.160172
111.282267
111.444567
111.496650
111.715244
111.741323
111.752754
111.775216
111.792604
111.799179
111.814579
111.823786
111.823854
111.865027
112.011829
112.160259
112.179876
112.195799
112.211218
112.285318
112.322552
112.396264
112.438231
112.458466
112.494174
112.524719
112.722592
112.790164
112.865603
112.947850
112.978692
112.988928
113.076360
113.085708
113.112027
113.133807
113.187176
113.254089
113.275036
113.359983
113.445516
113.456524
113.467216
113.515144
113.536664
113.549806
113.575192
113.592123
113.639754
113.882913
113.897914
113.960393
114.012435
114.110492
114.182696
114.223525
114.312042
114.614699
114.661529
114.666987
114.668878
114.682090
114.710276
114.811247
114.838590
114.890238
114.925697
114.926118
114.961003
114.968404
115.085971
115.090921
115.094944
115.121594
115.165190
115.187125
115.318047
115.327825
115.337766
115.446791
115.451241
115.555991
115.580191
115.613536
115.750982
115.758612
115.794081
115.800849
115.864347
115.895564
115.914348
115.949092
115.968411
116.083472
116.110998
116.143650
116.183170
116.188526
116.200567
116.313397
116.341431
116.353540
116.425437
116.463820
116.532849
116.535583
116.621786
116.645682
116.650643
116.757840
116.788003
116.788100
116.810241
116.815104
116.874003
116.903975
117.125959
117.143546
117.179606
117.369252
117.444510
117.510260
117.519982
117.570589
117.622987
117.665388
117.715257
117.808645
117.888228
117.903116
117.907834
117.937188
117.974794
117.987615
118.011260
118.089215
118.107871
118.108327
118.139618
118.219005
118.266361
118.374939
118.408046
118.414371
118.428076
118.555953
118.626009
118.640070
118.682134
118.690394
118.693612
118.714935
118.730793
118.896856
118.973492
119.038102
119.123821
119.151025
119.160946
119.302308
119.336153
119.442843
119.457037
119.485442
119.490745
119.527527
119.543971
119.573059
119.588098
119.604543
119.609367
119.734499
119.832329
119.959010
120.080155
120.281203
120.300039
120.314612
120.327723
120.368115
120.390639
120.537722
120.690149
120.713889
120.772076
120.818233
120.876871
121.015491
121.101990
121.109878
121.166264
121.228897
121.323659
121.324694
121.423698
121.439438
121.553649
121.611219
121.634804
121.671586
121.681187
121.691617
121.692927
121.743483
121.749997
121.754054
121.775180
121.777315
121.798313
121.924261
121.959499
121.991992
122.024596
122.071060
122.084621
122.186858
122.230738
122.393950
122.437285
122.439100
122.493655
122.628936
122.640919
122.647301
122.758436
122.876002
122.882873
122.927184
122.931711
122.986208
123.041354
123.050556
123.218711
123.218850
123.236776
123.287071
123.344494
123.412581
123.425214
123.431351
123.466440
123.467186
123.504609
123.512938
123.519218
123.527056
123.568488
123.638085
123.641676
123.669626
123.859620
123.869729
123.920107
124.079484
124.176975
124.186833
124.248455
124.251278
124.264385
124.287586
124.301807
124.337654
124.344617
124.465870
124.574023
124.655161
124.730287
124.756332
124.790850
124.902507
124.917066
124.957684
124.989535
125.028818
125.067278
125.073758
125.152350
125.171526
125.355117
125.361063
125.367795
125.376158
125.395232
125.441233
125.581662
125.587523
125.642072
125.671036
125.701338
125.703310
125.859478
126.010660
126.024725
126.110519
126.171648
126.180893
126.191572
126.229712
126.271309
126.286019
126.428691
126.559431
126.791857
126.804392
126.922807
126.932206
127.026034
127.028262
127.125767
127.162676
127.233448
127.297113
127.322419
127.322701
127.499650
127.500974
127.502150
127.503846
127.530113
127.571382
127.610339
127.655059
127.685322
127.722844
127.797877
127.803448
127.804445
127.827248
127.957034
127.974517
127.997485
128.161323
128.220194
128.226646
128.253972
128.274280
128.292786
128.374367
128.389090
128.433462
128.478293
128.598277
128.628154
128.738569
128.789197
128.819499
128.936919
129.037937
129.148922
129.172375
129.188532
129.321631
129.329145
129.747841
129.748123
129.752107
129.797633
129.821513
129.882944
129.956720
130.111771
130.402385
130.420712
130.455115
130.622578
130.710945
130.797934
130.927749
131.071181
131.144241
131.145789
131.156101
131.178731
131.325240
131.470915
131.507734
131.545765
131.608478
131.615507
131.631791
131.687131
131.704824
131.819473
131.873476
131.933174
132.004820
132.024640
132.031038
132.033983
132.205268
132.213046
132.273339
132.292207
132.669533
132.733120
132.740184
132.783113
132.893403
132.910321
132.965696
133.002215
133.019465
133.035715
133.101985
133.129202
133.194104
133.252927
133.270211
133.310434
133.312181
133.367630
133.495506
133.502593
133.536014
133.682244
133.845396
133.946898
133.975180
134.125778
134.132037
134.151543
134.400572
134.473987
134.493823
134.690241
134.732670
134.803359
134.942946
134.958109
134.972239
135.173860
135.174225
135.379115
135.729706
135.798749
135.802295
135.809733
135.823576
135.850141
136.037353
136.047040
136.148119
136.269387
136.310211
136.352388
136.353323
136.393519
136.432267
136.483286
136.528725
136.590062
136.599948
136.656403
136.674487
136.788542
136.791110
136.979465
137.087957
137.110648
137.112552
137.132259
137.216147
137.259490
137.368746
137.497008
137.534312
137.586816
137.684717
137.767487
137.775889
137.839433
137.917811
138.032375
138.035268
138.251644
138.299457
138.318256
138.359359
138.365424
138.455250
138.755272
138.774261
138.792240
138.815872
138.831661
138.832428
138.836784
138.922660
138.998745
139.178918
139.206730
139.221511
139.238511
139.278883
139.371844
139.402886
139.440862
139.441484
139.457145
139.523407
139.552520
139.607075
139.721447
139.731342
139.797156
139.854189
139.876490
139.909412
139.991516
140.026814
140.108540
140.118794
140.149037
140.149465
140.168322
140.203437
140.260805
140.300697
140.379961
140.456588
140.596605
140.597432
140.607988
140.884907
141.146743
141.153424
141.158886
141.216984
141.232636
141.285424
141.287924
141.320046
141.380923
141.393469
141.633764
141.742067
141.853035
141.946872
141.966972
141.981467
142.115922
142.164605
142.182457
142.254005
142.298946
142.401035
142.447142
142.455447
142.469862
142.528466
142.532543
142.536192
142.647372
142.856001
142.916378
142.980900
143.142298
143.188958
143.189216
143.189957
143.274864
143.278843
143.409563
143.461370
143.583827
143.602369
143.669824
143.783482
143.786421
143.856326
143.925805
144.016656
144.133647
144.147488
144.229368
144.243701
144.274519
144.277843
144.367832
144.411545
144.528184
144.569899
144.596221
144.675325
144.725635
144.752606
144.758682
144.761875
144.846163
144.953954
145.012830
145.057558
145.087337
145.277641
145.321148
145.340954
145.390578
145.485963
145.544022
145.551441
145.649552
145.683817
145.693053
145.705952
145.724637
145.734670
145.843639
146.034323
146.084697
146.093041
146.094414
146.182510
146.237977
146.262079
146.329793
146.376862
146.411428
146.490597
146.650602
147.073896
147.128146
147.256224
147.289837
147.433428
147.441524
147.495044
147.610382
147.738235
147.788425
147.808433
147.846921
147.874953
147.881523
147.935046
147.943183
147.970545
147.976948
148.034592
148.129228
148.205564
148.344808
148.354740
148.388357
148.448133
148.462850
148.580355
148.593696
148.641083
148.654878
148.717478
148.718813
148.780180
148.784114
148.825782
148.863048
148.979605
148.979797
149.008396
149.038907
149.046375
149.140652
149.313724
149.318790
149.372127
149.379823
149.486278
149.523104
149.539622
149.577757
149.602135
149.644667
149.691542
149.751453
149.808030
149.814367
149.825783
149.840370
149.855747
149.929096
150.001126
150.108672
150.224864
150.227863
150.325640
150.334605
150.373261
150.410959
150.458251
150.585413
150.638825
150.699853
150.846168
150.939249
150.976128
151.039538
151.112381
151.149212
151.179886
151.245711
151.280244
151.325607
151.547116
151.713113
151.787144
151.892648
151.974523
152.059382
152.070019
152.103690
152.127928
152.132899
152.142782
152.163680
152.169820
152.274400
152.305946
152.306915
152.333207
152.342915
152.407848
152.446561
152.535460
152.562091
152.641573
152.725512
152.737725
152.738657
152.838585
152.883791
152.922175
152.938389
152.966103
152.977299
152.988813
153.080564
153.114821
153.135435
153.152353
153.254930
153.264395
153.311184
153.379280
153.426327
153.583724
153.630116
153.794138
153.803174
153.993146
154.000406
154.001771
154.103294
154.134674
154.156307
154.198725
154.361944
154.378812
154.508830
154.604839
154.669067
154.692141
154.727490
154.798102
154.827645
154.844953
154.886000
154.901292
154.941548
154.948149
155.070891
155.114942
155.146835
155.242292
155.276134
155.474143
155.600681
155.639827
155.694366
155.730057
155.753754
155.772943
155.792282
155.806716
155.825860
155.855567
155.894038
156.010543
156.053121
156.149370
156.186777
156.242864
156.274935
156.278589
156.359622
156.399057
156.438102
156.611087
156.618539
156.628260
156.688935
156.740321
156.846935
156.855801
156.915441
156.925621
156.949575
157.003899
157.011363
157.017176
157.029266
157.082738
157.137649
157.143758
157.148620
157.187366
157.408337
157.434257
157.557485
157.664430
157.664592
157.726723
157.760813
157.781372
157.877592
157.879456
157.959280
158.011136
158.062118
158.106326
158.108054
158.115178
158.134302
158.137372
158.179112
158.225664
158.245770
158.262721
158.291377
158.360626
158.371204
158.395392
158.411888
158.600591
158.632763
158.976582
159.004391
159.201929
159.208336
159.349669
159.384977
159.387037
159.437573
159.483684
159.575399
159.723813
159.738762
159.763415
159.795472
159.933029
160.074336
160.182424
160.220736
160.274077
160.361267
160.414268
160.435881
160.436812
160.490938
160.627544
160.632077
160.635577
160.842502
161.149323
161.235072
161.283036
161.317229
161.377177
161.442417
161.480705
161.481930
161.829315
161.858147
161.874067
161.953740
161.972063
161.982256
161.983947
162.042474
162.073731
162.130832
162.260624
162.291495
162.309766
162.377286
162.422423
162.498880
162.569187
162.656769
162.714798
162.739077
162.756001
162.796740
162.844480
162.854656
162.933113
163.092830
163.103444
163.170641
163.172628
163.180748
163.315715
163.370247
163.428875
163.589927
163.618621
163.630539
163.676013
163.798500
163.843501
163.946594
163.952524
163.970856
163.994534
164.006385
164.021423
164.045821
164.118137
164.149327
164.196024
164.232645
164.284953
164.304888
164.426230
164.459835
164.517193
164.581928
164.611505
164.633717
164.664604
164.692405
164.931487
165.016110
165.065004
165.163863
165.190554
165.453001
165.475448
165.592788
165.620787
165.662386
165.693453
165.702885
165.799312
165.957507
166.036937
166.147767
166.182707
166.295162
166.328178
166.347965
166.480492
166.490860
166.634978
166.685414
166.687109
166.742158
166.785234
166.870909
166.924443
167.006558
167.059701
167.087524
167.126677
167.203248
167.394223
167.408723
167.469681
167.583294
167.595177
167.597714
167.597931
167.603250
167.615499
167.652687
167.757155
168.007626
168.056168
168.056387
168.083912
168.092630
168.106506
168.141327
168.284087
168.291368
168.319668
168.340900
168.355339
168.568290
168.586105
168.738840
168.758817
168.765901
168.837753
168.838311
168.873769
168.939330
168.979127
169.176986
169.233609
169.348693
169.367590
169.476840
169.526722
169.599606
169.601478
169.621937
169.758044
169.824028
169.832113
169.843364
170.071484
170.200963
170.255495
170.265697
170.391601
170.662546
170.664742
170.678255
170.765694
170.767089
170.813082
170.835066
170.847050
170.851022
170.865141
170.948862
171.042843
171.234280
171.320764
171.436040
171.631314
171.642929
171.757025
171.796706
171.803067
171.809688
171.848809
171.873502
171.927004
171.968307
171.977488
171.983437
172.125379
172.140516
172.156659
172.163605
172.175077
172.226414
172.312046
172.332781
172.435745
172.521283
172.530553
172.555723
172.574058
172.590211
172.620951
172.659555
172.666876
172.669020
172.723780
172.728045
172.733568
172.854226
172.969590
173.051522
173.079728
173.100365
173.112646
173.221620
173.233244
173.263022
173.343107
173.376334
173.408830
173.473308
173.501836
173.509482
173.530096
173.670650
173.794676
173.849699
173.858010
173.861037
173.880881
173.882199
173.949988
173.977278
173.994349
174.007332
174.049898
174.102758
174.204384
174.208832
174.229428
174.382832
174.543255
174.554297
174.589027
174.592824
174.783113
174.935987
174.945531
175.221730
175.232006
175.263127
175.308882
175.328930
175.387613
175.492365
175.749442
175.885491
175.930915
175.969788
176.208837
176.252544
176.267454
176.310411
176.333280
176.336676
176.396571
176.428984
176.466116
176.490378
176.541706
176.542346
176.589137
176.662286
176.674304
176.734648
176.788066
176.911064
176.917651
176.981972
176.987542
177.046293
177.099680
177.173326
177.181121
177.288089
177.436281
177.536903
177.555793
177.559316
177.867587
177.884238
178.015272
178.044778
178.144122
178.151629
178.174287
178.428363
178.466737
178.489007
178.915765
178.922455
179.019612
179.030764
179.098202
179.284801
179.354808
179.396259
179.523537
179.580828
179.634732
179.644846
179.815883
179.853349
179.953129
180.041604
180.041808
180.050182
180.119495
180.232465
180.242218
180.316468
180.331029
180.389904
180.445846
180.480387
180.491036
180.510658
180.589230
180.609596
180.639175
180.639788
180.707968
180.718593
180.797528
180.860571
180.886005
180.900230
181.063681
181.092412
181.126762
181.137319
181.163440
181.176077
181.245715
181.312026
181.340139
181.342119
181.349871
181.382058
181.394433
181.443295
181.487130
181.733179
181.767993
181.830061
181.830279
181.923105
181.930010
181.968705
181.987940
182.097721
182.097831
182.143532
182.157212
182.190256
182.292201
182.478254
182.533871
182.557377
182.567610
182.734889
182.917524
182.972767
183.022664
183.031026
183.052733
183.060759
183.092929
183.326098
183.456354
183.462470
183.470237
183.535196
183.567494
183.606021
183.621641
183.776519
183.807223
183.864009
183.877645
184.020031
184.061652
184.119438
184.120928
184.167046
184.288034
184.317428
184.367433
184.400966
184.532494
184.554512
184.571379
184.588642
184.608024
184.650625
184.674720
184.811613
184.814021
184.893632
184.903597
184.911793
184.914645
184.942477
184.943757
184.982432
184.997535
184.998028
185.030728
185.143644
185.298251
185.322290
185.514292
185.647420
185.712882
185.719312
185.752717
185.817181
185.828426
185.843353
185.860747
185.874655
185.972973
186.013954
186.020899
186.094336
186.160554
186.163724
186.207103
186.349348
186.351719
186.449921
186.504810
186.514239
186.639326
186.670805
186.674326
186.771557
186.781226
186.901169
186.934639
186.943854
186.956408
186.972160
187.079823
187.121749
187.144697
187.163016
187.184788
187.234210
187.325718
187.411926
187.418551
187.422897
187.432124
187.530220
187.612350
187.703655
187.742543
187.776890
187.856770
187.938382
188.044028
188.058115
188.142423
188.143326
188.155587
188.269597
188.446420
188.454733
188.571946
188.611686
188.634464
188.640029
188.641792
188.698172
188.720133
188.784928
188.793652
188.961774
188.963839
189.189693
189.322737
189.370884
189.391975
189.471808
189.483961
189.518437
189.629300
189.647759
189.698930
189.732046
189.845521
189.875692
189.882088
189.989188
190.026436
190.035138
190.071371
190.209656
190.324199
190.329520
190.385435
190.475878
190.485472
190.575868
190.588281
190.662450
190.749877
190.753009
190.815284
190.847511
190.872995
190.873603
191.050409
191.055602
191.330890
191.421570
191.423121
191.511667
191.537219
191.721947
191.758519
191.830321
191.902915
191.925109
191.931680
192.017877
192.045351
192.063434
192.164888
192.230639
192.328562
192.363773
192.440660
192.473100
192.490192
192.515640
192.537984
192.559993
192.565222
192.628947
192.639663
192.669188
192.751354
192.766577
192.803936
192.945160
192.969801
193.006070
193.013407
193.056234
193.156755
193.271203
193.284552
193.288913
193.346431
193.396798
193.407965
193.448374
193.485055
193.492354
193.573240
193.690570
193.698095
193.846809
193.854601
193.861566
193.878584
193.953235
193.956136
193.957256
193.972689
193.982757
194.048526
194.122555
194.138902
194.211181
194.249601
194.261404
194.345925
194.355465
194.512319
194.579392
194.586686
194.618600
194.649270
194.664555
194.710841
194.745641
194.789755
194.923360
194.926724
195.012931
195.013659
195.068643
195.165542
195.387272
195.438656
195.533136
195.590732
195.622369
195.630489
195.636986
195.639289
195.646598
195.654572
195.750985
195.860135
195.913512
195.953615
196.012788
196.013415
196.028272
196.047253
196.142946
196.151022
196.189653
196.207950
196.223428
196.256089
196.305701
196.366031
196.587787
196.659681
196.675060
196.727921
196.929244
196.944054
196.952927
197.123585
197.254317
197.266529
197.313333
197.335465
197.355012
197.439390
197.496618
197.552661
197.632621
197.719412
197.779047
197.828998
197.971052
197.997202
198.027828
198.032580
198.070785
198.090268
198.120589
198.137818
198.161950
198.239478
198.305391
198.316053
198.320295
198.329643
198.379399
198.382534
198.391872
198.400648
198.421367
198.427657
198.448750
198.515831
198.597814
198.606354
198.678916
198.684343
198.687325
198.689879
198.732492
198.860244
198.901084
199.017780
199.034174
199.121037
199.163023
199.212418
199.254686
199.430523
199.457326
199.464321
199.474058
199.564169
199.648398
199.719574
199.748796
199.786783
199.838733
199.882071
200.018623
200.033179
200.102223
200.141867
200.184864
200.193343
200.285756
200.290278
200.314320
200.424880
200.506162
200.519327
200.535765
200.536610
200.664413
200.734659
200.737167
200.767778
200.797084
200.803313
200.834463
200.875087
200.888967
200.889464
200.971155
201.038133
201.072762
201.109904
201.267161
201.274420
201.437424
201.587257
201.786193
201.820259
201.847423
201.856840
202.010521
202.179579
202.200119
202.235974
202.277468
202.280492
202.288825
202.435475
202.446055
202.452178
202.480792
202.482959
202.483050
202.494938
202.545645
202.641499
202.711006
202.752970
202.771208
202.874792
202.892801
202.952523
202.957348
203.004188
203.012536
203.069396
203.242146
203.259214
203.358723
203.403604
203.479900
203.528910
203.566908
203.621954
203.633471
203.636084
203.710579
203.878119
203.972572
204.012793
204.039121
204.055853
204.164643
204.170668
204.193387
204.261265
204.272978
204.279605
204.307063
204.411830
204.543339
204.602796
204.626199
204.684279
204.699096
204.808474
204.864871
204.877875
204.948466
204.975402
204.978725
204.983483
205.044846
205.067158
205.286131
205.315082
205.341673
205.381249
205.724381
205.774158
205.892658
205.947230
206.033712
206.056323
206.181061
206.211969
206.229177
206.246773
206.374622
206.454800
206.489567
206.555037
206.623147
206.653656
206.660443
206.793951
206.795866
206.906479
206.914576
207.119534
207.172835
207.179668
207.183709
207.224685
207.550909
207.635637
207.755851
207.956855
207.965812
207.986206
208.013923
208.024014
208.176236
208.240917
208.396989
208.407006
208.416481
208.425077
208.436575
208.468237
208.473438
208.521142
208.527004
208.570564
208.639125
208.644026
208.672233
208.912132
209.141579
209.188558
209.226168
209.254023
209.297406
209.304151
209.312880
209.387164
209.393563
209.457710
209.497586
209.538020
209.548058
209.597400
209.601723
209.637520
209.659539
209.718575
209.729528
209.739422
209.850850
209.861475
209.955383
209.969554
210.025824
210.028388
210.042755
210.117234
210.179012
210.196221
210.217291
210.384283
210.397581
210.497861
210.507446
210.555119
210.586767
210.746247
210.755868
210.798386
210.894269
210.901357
211.017104
211.170261
211.188452
211.318322
211.412769
211.432522
211.513429
211.631567
211.655725
211.659680
211.660536
211.670939
211.709781
211.732669
211.733627
211.749694
211.795531
211.829864
211.829954
211.837455
211.956768
212.059360
212.308760
212.316498
212.317329
212.483875
212.493197
212.539509
212.651133
212.759912
212.760614
212.831188
212.847782
212.944185
212.949690
213.027085
213.052173
213.068392
213.075308
213.079648
213.127746
213.179943
213.180930
213.195473
213.200304
213.317827
213.534818
213.619496
213.668067
213.822978
213.896070
213.951496
213.965423
214.002170
214.031033
214.081407
214.087665
214.116886
214.158135
214.302329
214.412960
214.554279
214.585815
214.598175
214.651234
214.715042
214.739733
214.761158
214.789721
214.828316
214.899706
214.992301
215.084971
215.087940
215.091181
215.124716
215.170872
215.191019
215.332912
215.371083
215.400482
215.453032
215.540649
215.559695
215.624955
215.628537
215.751807
215.776596
215.867723
215.875781
215.884697
216.013086
216.035831
216.111845
216.151881
216.167853
216.226798
216.246417
216.401075
216.426939
216.458302
216.699525
216.712172
216.768301
216.882443
216.890639
217.033158
217.124408
217.277971
217.300651
217.306256
217.379782
217.461583
217.502524
217.507684
217.592375
217.623057
217.629791
217.629925
217.656823
217.673307
217.784057
217.832738
217.915184
217.992656
218.249443
218.372647
218.460671
218.506140
218.522756
218.580415
218.592362
218.624861
218.647464
218.710524
218.874213
218.921233
218.928245
218.945750
218.969125
219.003459
219.064593
219.078277
219.107695
219.203826
219.459165
219.463597
219.489508
219.551588
219.630202
219.706283
219.718925
219.893906
220.001534
220.050008
220.061339
220.126317
220.146073
220.298514
220.303030
220.334783
220.491344
220.527390
220.622818
220.644297
220.645747
220.750780
220.800358
220.869051
220.881042
220.915286
220.966811
220.998495
221.052299
221.069417
221.215792
221.271444
221.297531
221.343257
221.455364
221.518773
221.593038
221.651524
221.801482
221.982005
222.031603
222.254089
222.277726
222.315958
222.343894
222.417591
222.646466
222.704030
222.754118
222.771701
222.882573
222.945826
223.006620
223.010578
223.127182
223.159928
223.192675
223.345530
223.374223
223.549907
223.584837
223.603871
223.743614
223.755034
223.771152
223.888023
223.979303
224.039164
224.160447
224.327014
224.336916
224.442097
224.450098
224.540244
224.541110
224.601363
224.646819
224.649138
224.673641
224.691347
224.757185
224.761196
224.799389
224.800360
224.861457
224.905780
224.909948
224.930618
225.109005
225.126824
225.265055
225.270990
225.283324
225.283403
225.334099
225.464629
225.601571
225.646327
225.890839
225.892050
225.952110
225.984758
226.073545
226.074535
226.088518
226.121209
226.122543
226.140887
226.174774
226.210725
226.253906
226.340251
226.392444
226.442415
226.581744
226.639811
226.682517
226.710602
226.792169
226.824454
226.907112
226.923925
227.017154
227.043676
227.048814
227.049791
227.057667
227.226202
227.243366
227.536708
227.595691
227.602018
227.603737
227.668438
227.742060
227.851408
227.897587
228.116773
228.131378
228.139160
228.188159
228.198315
228.232306
228.241966
228.244481
228.344008
228.414474
228.423972
228.592803
228.608452
228.621857
228.806066
228.852426
228.933450
228.974667
229.172576
229.180188
229.211323
229.339360
229.367634
229.374223
229.436865
229.498470
229.616528
229.777243
229.836056
229.884140
229.895476
229.945762
229.959179
230.104617
230.131054
230.166321
230.231202
230.250319
230.270095
230.295380
230.490171
230.557038
230.574101
230.580181
230.819933
230.899771
230.944833
230.971544
231.035896
231.139515
231.288505
231.388376
231.415907
231.513856
231.571774
231.785982
231.837065
231.900994
231.910199
231.933444
231.972344
232.085120
232.105492
232.116303
232.119990
232.120750
232.167175
232.181041
232.198146
232.211887
232.229816
232.237764
232.267138
232.402386
232.436511
232.454667
232.604921
232.611640
232.808555
232.809730
232.897778
232.958128
232.994108
233.003961
233.049647
233.101048
233.119967
233.127660
233.169386
233.184770
233.556153
233.558935
233.613916
233.729610
233.780982
233.901982
233.928603
233.953524
233.985978
233.992274
233.998573
234.041628
234.049761
234.106851
234.120163
234.167114
234.233954
234.416640
234.528065
234.564972
234.574907
234.681588
234.827857
234.870472
234.907604
234.943097
234.943766
235.010391
235.185467
235.189722
235.230957
235.403745
235.431040
235.464516
235.500168
235.560770
235.590742
235.684375
235.702535
235.741250
235.784193
235.787332
235.805619
235.812240
235.839324
235.869396
236.038568
236.090503
236.193332
236.286271
236.332524
236.333030
236.433460
236.613700
236.626267
236.630147
236.772388
236.781303
236.828964
236.844931
237.120229
237.122985
237.133280
237.282864
237.317428
237.335757
237.336351
237.381902
237.388554
237.528067
237.711261
237.722805
237.800849
237.822919
237.987754
237.990161
238.005609
238.012964
238.167854
238.233740
238.340011
238.431623
238.649089
238.655358
238.805460
238.862854
238.886319
238.918743
239.047640
239.063420
239.074171
239.209597
239.313140
239.331521
239.527282
239.565971
239.605838
239.622907
239.633127
239.776035
239.858137
239.937217
239.950929
240.019159
240.099757
240.127815
240.184458
240.193368
240.228528
240.306106
240.340174
240.408873
240.468569
240.504111
240.535473
240.543736
240.562439
240.589570
240.652716
240.675205
240.685938
240.807180
240.809337
240.820154
240.923529
240.973624
240.976089
241.051976
241.110736
241.222057
241.312186
241.412254
241.523963
241.549434
241.761872
241.774889
241.779287
241.832755
242.053696
242.055797
242.104627
242.107638
242.199609
242.212347
242.262660
242.266780
242.514127
242.545590
242.614215
242.774963
242.806512
242.832806
242.847698
243.025714
243.051590
243.088612
243.126008
243.174390
243.202262
243.217372
243.292633
243.358606
243.395618
243.413314
243.506930
243.569133
243.580933
243.748564
243.850907
243.923188
243.990597
244.015523
244.044394
244.101319
244.150792
244.218860
244.294683
244.348300
244.355713
244.442539
244.448638
244.554281
244.593112
244.603385
244.612125
244.659582
244.772750
244.818035
244.841902
244.849402
244.855564
244.860870
244.901529
244.946258
244.966208
245.048562
245.093627
245.212887
245.220419
245.226219
245.270165
245.332137
245.337872
245.372054
245.387283
245.529318
245.564233
245.572407
245.573861
245.592665
245.608981
245.625567
245.672646
245.672890
245.700398
245.803802
245.818826
245.819776
245.820020
245.946566
245.951790
245.997088
246.063619
246.077609
246.093305
246.108318
246.123475
246.142674
246.186153
246.251499
246.263898
246.387681
246.388289
246.430694
246.431015
246.450301
246.503445
246.522467
246.534730
246.631153
246.662518
246.664717
246.797917
246.799473
246.834422
246.838406
246.844286
246.950682
247.017174
247.124694
247.127704
247.136491
247.266713
247.358143
247.436183
247.466165
247.479759
247.545258
247.649098
247.703695
247.724826
247.738781
247.743354
247.748631
247.770659
247.821349
247.843864
247.881429
247.949966
248.008525
248.055860
248.056397
248.149853
248.177842
248.184740
248.189212
248.197173
248.230423
248.279301
248.372226
248.420321
248.525725
248.665931
248.731795
248.749259
248.776468
248.888270
248.925619
248.979569
249.068446
249.179585
249.213611
249.233335
249.233636
249.256688
249.338388
249.471639
249.577893
249.599543
249.624087
249.706007
249.772524
249.814745
249.899098
249.943776
249.968242
249.992183
250.042262
250.053846
250.116250
250.126599
250.144129
250.167188
250.191874
250.275964
250.326989
250.455944
250.584565
250.601514
250.632729
250.632797
250.658623
250.737994
250.845492
250.860270
250.886565
250.970932
251.000005
251.009584
251.076289
251.080611
251.281896
251.295524
251.311445
251.354853
251.390431
251.431552
251.528916
251.547344
251.621651
251.639020
251.639660
251.659373
251.686338
251.764771
252.021200
252.106258
252.194388
252.233232
252.245496
252.256729
252.262358
252.296832
252.326322
252.362795
252.370696
252.414158
252.458319
252.469270
252.507873
252.518010
252.632285
252.655809
252.661981
252.678033
252.820166
252.847553
252.858154
252.890300
252.900533
252.942264
252.973019
253.131495
253.142119
253.343676
253.494365
253.574695
253.580606
253.664781
253.691810
253.815660
253.837164
253.957758
253.971640
253.993087
254.046123
254.113718
254.144373
254.169521
254.269560
254.286509
254.372274
254.492892
254.494442
254.580960
254.589395
254.597422
254.775370
254.820159
254.887547
254.961544
254.968614
255.021490
255.093786
255.107419
255.126807
255.283524
255.353066
255.413986
255.416075
255.588193
255.590736
255.642386
255.654142
255.796764
255.813205
255.928468
255.994715
256.056828
256.098342
256.108652
256.127913
256.135323
256.257882
256.337444
256.453018
256.507962
256.543839
256.570747
256.638872
256.670738
256.780700
256.981378
257.002495
257.162742
257.201002
257.241660
257.355615
257.362510
257.499655
257.782555
257.788229
257.828926
257.857468
258.023644
258.079491
258.104734
258.114971
258.136393
258.192908
258.210722
258.354440
258.384748
258.468623
258.538956
258.576935
258.590235
258.647677
258.653961
258.666623
258.713739
258.792627
258.799144
258.894164
258.899971
258.986890
259.085148
259.170528
259.250602
259.262179
259.308554
259.346998
259.360561
259.364660
259.370663
259.515992
259.531046
259.558419
259.763637
259.766731
259.774029
259.995369
260.063555
260.110276
260.244649
260.377778
260.402439
260.432567
260.599590
260.757292
260.994381
261.117276
261.360308
261.400888
261.423433
261.426036
261.482183
261.507310
261.585377
261.659052
261.664617
261.750289
261.811568
261.843545
261.853505
261.875592
262.015691
262.040011
262.100342
262.232061
262.330378
262.384187
262.405286
262.411150
262.739215
262.786388
262.840663
262.873366
262.963042
262.975533
262.992956
263.064336
263.084719
263.200060
263.209335
263.280080
263.340453
263.703447
263.986359
264.012800
264.051764
264.082573
264.089074
264.117221
264.192400
264.242742
264.376430
264.421168
264.493245
264.497323
264.506096
264.650356
264.667062
264.805893
264.863881
264.869987
264.926817
264.970550
265.019231
265.089728
265.097296
265.130493
265.221140
265.229282
265.241928
265.330040
265.330375
265.390042
265.446967
265.512837
266.208137
266.223416
266.246341
266.371934
266.498076
266.572060
266.576479
266.618024
266.701028
266.804188
266.812943
266.827454
266.864091
266.892833
267.008861
267.046685
267.087002
267.109277
267.142226
267.151571
267.164800
267.190959
267.221363
267.235167
267.355295
267.361302
267.455339
267.601762
267.671865
268.059696
268.121858
268.129119
268.161289
268.315536
268.432924
268.469664
268.483578
268.498082
268.524871
268.537351
268.545297
268.585311
268.667890
268.847783
268.848041
268.882742
268.909437
268.974200
269.014461
269.014859
269.109130
269.118088
269.118101
269.120379
269.130901
269.188238
269.198752
269.475389
269.506724
269.518755
269.560970
269.570477
269.618909
269.641999
269.664206
269.708970
269.716600
269.717881
269.780088
269.810989
269.823232
269.964413
270.021501
270.156321
270.176295
270.194372
270.223087
270.290326
270.343759
270.420649
270.426610
270.522192
270.560078
270.656242
270.703500
270.709245
270.711750
270.852672
270.853601
270.873645
270.957073
270.960329
271.012738
271.097018
271.102335
271.158467
271.190473
271.221892
271.245827
271.271942
271.330993
271.360763
271.360796
271.377935
271.404048
271.435381
271.547228
271.565233
271.635864
271.653301
271.711524
271.733245
271.811218
271.848432
272.022440
272.022932
272.082187
272.135347
272.180680
272.224353
272.249539
272.265182
272.321134
272.356512
272.591108
272.623964
272.714333
272.719973
272.732040
272.746578
272.781023
272.808210
272.935043
272.935937
273.188490
273.207956
273.212024
273.278857
273.350290
273.353454
273.373225
273.395778
273.447355
273.456567
273.476352
273.509283
273.543890
273.585752
273.670247
273.733534
273.801293
273.846935
273.850845
273.859422
273.906204
273.935120
274.071777
274.094894
274.184398
274.287490
274.316470
274.351855
274.463139
274.487785
274.574908
274.579226
274.666885
274.705583
274.787407
274.804946
274.846528
274.883507
274.915282
274.940935
275.179927
275.254586
275.265115
275.275739
275.312626
275.412442
275.431514
275.442331
275.510547
275.654130
275.663573
275.752213
275.762478
275.787170
275.802681
275.810514
275.861809
275.903681
275.909141
275.944057
276.136644
276.138795
276.227189
276.238378
276.361105
276.362166
276.375080
276.430869
276.449123
276.517082
276.542527
276.626579
276.773623
276.908084
276.962803
277.082564
277.173055
277.196945
277.206790
277.226427
277.256469
277.288939
277.291765
277.695433
277.701447
277.702304
277.840656
277.875765
277.890885
277.917582
278.017004
278.020761
278.055958
278.111989
278.366005
278.395508
278.551409
278.664952
278.736792
278.774329
278.777130
278.812948
278.939696
279.068533
279.368319
279.400935
279.565965
279.725379
279.765891
279.799076
279.842275
279.950758
279.970065
280.010728
280.058002
280.107956
280.192889
280.408126
280.413988
280.488983
280.560403
280.583043
280.616597
280.686685
280.697415
280.743410
280.817557
280.838320
280.990220
281.033430
281.070436
281.088569
281.211803
281.293736
281.361433
281.405329
281.427619
281.453357
281.465375
281.519645
281.557370
281.599623
281.697048
281.772860
281.841886
281.914635
282.098680
282.121760
282.333874
282.381856
282.394126
282.441901
282.587334
282.691612
282.846390
282.864749
282.959907
283.017965
283.031426
283.060379
283.077758
283.157742
283.192501
283.295970
283.406822
283.409630
283.490471
283.537477
283.549448
283.687916
283.710539
283.820826
283.839814
283.841516
283.914888
283.931947
283.974776
284.115507
284.168840
284.184450
284.220202
284.252831
284.255971
284.375616
284.448251
284.452376
284.688613
284.696921
284.751942
284.754997
284.756576
284.769537
284.810107
284.930515
284.952034
284.957242
284.997701
285.034469
285.168129
285.209520
285.210173
285.308339
285.359002
285.364890
285.395616
285.426328
285.512149
285.590524
285.662386
285.698303
285.734222
285.736250
285.758452
285.807660
285.813608
285.860760
285.861268
285.919608
285.922453
285.949260
285.973499
286.028623
286.144080
286.172465
286.194679
286.222372
286.261284
286.277390
286.294119
286.332393
286.348274
286.457904
286.483796
286.589935
286.638944
286.879111
286.937776
286.947342
286.978375
287.040379
287.079353
287.165433
287.175261
287.204397
287.219103
287.233940
287.262596
287.297334
287.319628
287.335629
287.390107
287.434997
287.681854
287.691816
287.698284
287.744032
287.751122
287.882921
287.910905
287.993203
288.010442
288.148561
288.172854
288.242058
288.267356
288.282405
288.453529
288.483089
288.500632
288.513357
288.562641
288.813357
288.871538
288.878997
288.963246
289.099815
289.217230
289.254403
289.280707
289.329308
289.403518
289.441934
289.463195
289.494121
289.557100
289.573431
289.594644
289.598586
289.616894
289.652245
289.892355
289.923353
289.924248
289.983077
290.106124
290.115257
290.132015
290.132604
290.192410
290.311399
290.327621
290.338033
290.547358
290.576964
290.577191
290.729931
290.768059
290.790838
290.852337
290.865853
290.961440
291.052786
291.077752
291.312488
291.341299
291.385553
291.400997
291.507443
291.557490
291.576055
291.612069
291.646633
291.679254
291.747140
291.910315
292.000338
292.081470
292.108786
292.151453
292.198988
292.200186
292.225331
292.299700
292.448757
292.826338
292.856983
292.887481
292.920953
292.966081
293.030002
293.155169
293.268480
293.278106
293.441312
293.515695
293.568228
293.594892
293.605565
293.654048
293.725099
293.824299
293.895001
293.930257
293.946847
293.973993
294.069250
294.093291
294.097112
294.296202
294.345732
294.384366
294.408175
294.460573
294.473922
294.518092
294.594270
294.762723
294.776200
294.794248
294.798782
294.854886
294.876514
295.122827
295.244855
295.264150
295.403150
295.420305
295.530550
295.541015
295.635300
295.644449
295.684621
295.685573
295.709572
295.733086
295.748407
295.762221
295.877163
295.963608
296.168165
296.371117
296.377984
296.415024
296.444237
296.608392
296.643486
296.646022
296.708664
296.750041
296.755269
296.804638
296.944535
297.009186
297.010589
297.109260
297.149213
297.242967
297.261097
297.339154
297.481816
297.483946
297.494638
297.506446
297.598738
297.601216
297.714247
297.728154
297.748338
297.767393
297.805133
297.855916
297.887083
297.926862
298.087403
298.117890
298.134170
298.182459
298.307457
298.363205
298.501715
298.582446
298.714018
298.801887
299.086682
299.114392
299.120855
299.175609
299.199834
299.206943
299.207665
299.302669
299.303077
299.361876
299.494205
299.504840
299.513619
299.581517
299.613872
299.624654
299.659872
299.802927
299.832389
299.888434
299.888914
299.899376
299.981412
300.009022
300.033762
300.224136
300.244269
300.287892
300.351563
300.354789
300.388327
300.436919
300.511336
300.540554
300.627782
300.645847
300.655667
300.769244
300.778082
300.807645
300.836702
300.869839
300.882139
300.890079
300.909162
300.942868
300.988007
301.031896
301.279746
301.302791
301.363812
301.466728
301.506460
301.585462
301.618748
301.636194
301.654810
301.725964
301.731725
301.772203
301.782049
301.808522
301.810174
301.900177
301.931571
302.018229
302.018636
302.053528
302.073848
302.082718
302.092817
302.163350
302.203389
302.453798
302.490593
302.502280
302.523667
302.570545
302.572897
302.669352
302.679962
302.884076
302.998771
303.056296
303.097561
303.228241
303.438680
303.524951
303.568396
303.578754
303.607559
303.628187
303.648504
303.649823
303.691106
303.717274
303.754492
303.782676
303.783264
303.905055
303.907499
303.972690
304.175659
304.203478
304.230838
304.248562
304.369105
304.422823
304.423391
304.489739
304.567445
304.581535
304.582408
304.584263
304.601399
304.728936
304.730554
304.740225
304.789454
304.829704
304.851448
305.040154
305.066257
305.086478
305.099376
305.147349
305.223087
305.228641
305.277204
305.337768
305.372950
305.374720
305.430097
305.436941
305.552429
305.587107
305.602098
305.621959
305.622824
305.649969
305.694809
305.786787
305.840355
305.988891
306.016540
306.342166
306.388700
306.403469
306.404412
306.464166
306.651734
306.681047
306.692204
306.849904
306.869314
306.885606
306.891591
306.893432
306.932576
306.965347
307.039865
307.073791
307.108578
307.260615
307.318849
307.465316
307.471058
307.477590
307.486089
307.527898
307.657203
307.683830
307.684038
307.732092
307.749819
307.761258
307.911716
308.007423
308.070714
308.078548
308.100306
308.142266
308.148546
308.208481
308.324549
308.379074
308.425598
308.441615
308.462831
308.496906
308.553658
308.652747
308.773788
308.815863
308.869896
308.906733
308.991095
309.010588
309.065009
309.097889
309.130584
309.189297
309.213496
309.222353
309.229583
309.276348
309.308135
309.411578
309.479435
309.525538
309.579306
309.607094
309.609043
309.617295
309.806096
309.824046
309.890352
309.973370
310.161700
310.166929
310.192031
310.208658
310.344685
310.435466
310.474134
310.520012
310.538296
310.558656
310.563201
310.574733
310.617458
310.746069
310.798318
310.812784
310.835590
310.836332
310.968517
311.006498
311.053487
311.055044
311.076599
311.091183
311.216631
311.341054
311.467078
311.600697
311.650791
311.877012
312.002550
312.029841
312.073863
312.083478
312.112107
312.162598
312.191903
312.217605
312.282983
312.382826
312.388891
312.400608
312.600193
312.623206
312.710278
312.721778
312.737743
312.744021
312.745583
312.750987
312.766294
312.846057
312.868769
312.909911
312.939841
312.952658
312.958703
312.959215
312.974557
312.981687
313.034394
313.039159
313.109275
313.111659
313.190254
313.229067
313.432163
313.490400
313.495143
313.522373
313.538595
313.619307
313.663195
313.663340
313.709987
313.754292
313.782510
313.901337
313.918249
313.982477
314.037977
314.050546
314.067542
314.234486
314.593169
314.824797
314.866931
315.026713
315.060406
315.106974
315.263683
315.284156
315.315069
315.386255
315.399653
315.525189
315.540880
315.556555
315.655098
315.732501
315.983861
316.240550
316.350624
316.483865
316.487021
316.520771
316.655280
316.677423
316.870126
316.906793
316.909615
316.968515
317.074487
317.401139
317.474450
317.609183
317.709792
317.770181
317.904332
317.962713
317.971977
317.987536
317.999248
318.034747
318.037963
318.161015
318.177642
318.206333
318.243623
318.307561
318.362563
318.381330
318.407024
318.411604
318.528967
318.652941
318.665535
318.948429
319.010719
319.045967
319.070801
319.081151
319.153943
319.168582
319.202999
319.243716
319.347436
319.410077
319.439589
319.455837
319.471933
319.591822
319.612501
319.650949
319.660455
319.778552
319.811059
319.849047
319.903265
320.056669
320.091585
320.136520
320.154188
320.180370
320.228624
320.260360
320.276563
320.333097
320.475832
320.492182
320.514059
320.525150
320.573032
320.611931
320.644571
320.710014
320.791447
320.832426
320.893160
320.928710
320.998365
321.039995
321.049220
321.116867
321.143852
321.150642
321.226770
321.298253
321.341102
321.435371
321.583548
321.623423
321.690134
321.766193
321.813301
321.905878
321.966197
321.978424
322.020838
322.045532
322.068003
322.157424
322.220285
322.300368
322.300379
322.302031
322.320990
322.330491
322.358839
322.440739
322.465754
322.522336
322.547427
322.779224
322.788783
322.931713
322.948835
322.984182
323.239728
323.293710
323.324013
323.388484
323.393344
323.411307
323.480617
323.598780
323.608022
323.608823
323.623913
323.643546
323.661834
323.682832
323.722469
323.834342
323.834531
323.862998
323.940953
323.965558
324.032947
324.242683
324.357275
324.424519
324.484371
324.557283
324.652214
324.797278
324.846292
324.850340
324.872429
324.984625
325.043487
325.044654
325.110511
325.206646
325.275009
325.541080
325.552692
325.595026
325.636079
325.696808
325.737928
325.738447
325.743046
325.895773
325.928333
325.998545
326.046732
326.081158
326.083268
326.200316
326.278116
326.295983
326.306468
326.313829
326.338236
326.363078
326.386959
326.498925
326.503627
326.526110
326.537024
326.579692
326.619541
326.747850
326.801515
326.840280
326.880333
326.904102
326.938591
326.938616
327.031898
327.044530
327.091507
327.147269
327.263623
327.287381
327.314963
327.319426
327.387934
327.630049
327.638961
327.645642
327.668091
327.712714
327.805889
327.840836
327.894485
327.983108
328.036740
328.193005
328.278575
328.280328
328.325383
328.327611
328.334444
328.401330
328.431658
328.457852
328.661636
328.685485
328.708689
328.790794
328.939517
328.966172
329.090554
329.112707
329.151141
329.179377
329.210300
329.211850
329.216583
329.349642
329.426178
329.486102
329.497910
329.517824
329.581431
329.683246
329.703110
329.773038
329.776070
329.947788
330.014114
330.021111
330.024492
330.035372
330.046256
330.095754
330.139510
330.189966
330.192625
330.257843
330.265206
330.314064
330.322431
330.383290
330.397932
330.543999
330.549886
330.608554
330.616538
330.675864
330.682360
330.751482
330.776594
330.791941
330.849071
330.901842
330.921770
331.004264
331.126232
331.154681
331.225908
331.233402
331.435100
331.437455
331.556354
331.557829
331.567533
331.597743
331.598211
331.647997
331.657670
331.669909
331.671504
331.700292
331.712572
331.717424
331.773210
331.780870
331.807902
331.886980
331.928877
331.957728
331.984409
331.986079
332.002356
332.023254
332.119195
332.198015
332.277701
332.316229
332.350327
332.354627
332.456100
332.534907
332.546255
332.613370
332.647803
332.729774
332.733804
332.764176
332.798182
332.837294
332.988638
333.014774
333.019332
333.076614
333.173505
333.182244
333.198604
333.227421
333.256962
333.299727
333.372355
333.420507
333.472222
333.474993
333.482306
333.653553
333.724877
333.787101
333.882015
333.887341
333.892661
333.911435
334.142612
334.272017
334.433296
334.479609
334.546620
334.600372
334.609585
334.626605
334.636954
334.685257
334.821241
334.924343
335.010658
335.015263
335.054807
335.059465
335.060532
335.067865
335.097938
335.319988
335.338198
335.340740
335.351061
335.381519
335.385773
335.538734
335.543263
335.581097
335.583901
335.675504
335.741650
335.789872
335.831548
335.854383
335.911698
335.930006
336.021006
336.022482
336.026206
336.281261
336.423241
336.501716
336.601060
336.620251
336.732627
337.053179
337.081542
337.089468
337.137333
337.161716
337.173149
337.175913
337.230212
337.275543
337.424980
337.452535
337.547521
337.547531
337.575528
337.590962
337.591018
337.604326
337.798063
337.801053
337.871365
337.890181
337.953613
337.956696
337.964641
337.973143
338.019914
338.057851
338.087520
338.104234
338.125250
338.192768
338.259273
338.462969
338.683535
338.686176
338.734243
338.748541
338.770741
338.781940
338.809522
338.825609
338.865457
338.868748
339.030314
339.180460
339.252728
339.279353
339.336013
339.362611
339.389454
339.411110
339.417118
339.435314
339.480441
339.529701
339.532488
339.535290
339.535891
339.633518
339.739169
339.750012
339.758207
339.835504
339.853648
339.883646
340.003838
340.059019
340.089163
340.119552
340.120171
340.134388
340.135919
340.157056
340.157479
340.158459
340.211931
340.311482
340.367651
340.380654
340.403210
340.451468
340.460126
340.475847
340.613609
340.639778
340.722095
340.831019
340.894400
340.915448
341.013169
341.013527
341.030074
341.065857
341.209991
341.212478
341.213998
341.261685
341.268151
341.285590
341.348246
341.413195
341.431586
341.442045
341.498141
341.514795
341.560516
341.678516
341.702352
341.745818
341.786328
341.823793
342.000303
342.002564
342.055333
342.216546
342.295700
342.376423
342.390092
342.400724
342.400834
342.414134
342.451498
342.482408
342.517063
342.520531
342.627314
342.641234
342.717975
342.829913
342.841729
343.038533
343.055332
343.214611
343.250460
343.333595
343.343728
343.401480
343.410002
343.449335
343.602026
343.630334
343.683393
343.685161
343.767374
343.809026
343.824542
343.969733
344.106606
344.115656
344.336229
344.502467
344.553294
344.584279
344.594421
344.614946
344.622242
344.678521
344.691727
344.780549
344.784470
344.801684
344.805084
344.866542
344.962214
344.980909
345.016430
345.046929
345.063620
345.238766
345.320910
345.397790
345.467710
345.499703
345.503519
345.508235
345.640485
345.649038
345.689168
345.827677
345.830459
345.930425
345.975804
346.070276
346.072687
346.181162
346.259501
346.341152
346.363724
346.453333
346.559794
346.573529
346.675354
346.746200
346.804705
346.866835
346.910305
346.952666
347.080474
347.232342
347.274050
347.301935
347.302386
347.328457
347.332174
347.396041
347.425754
347.438502
347.539862
347.578664
347.600803
347.638040
347.729783
347.797182
347.902400
347.948860
347.995446
347.995658
348.010217
348.088859
348.129486
348.130689
348.183036
348.262431
348.324509
348.390068
348.453445
348.456441
348.497518
348.499332
348.501310
348.554069
348.675599
348.769727
348.795357
348.899934
348.942810
348.994293
348.998715
349.053574
349.134435
349.137246
349.212798
349.249952
349.282106
349.306534
349.474456
349.566452
349.588002
349.605087
349.660651
349.681920
349.779749
349.926571
349.926950
349.930009
349.976199
349.996829
350.025851
350.053415
350.084259
350.385975
350.461520
350.517709
350.519732
350.535092
350.561588
350.569329
350.571123
350.592888
350.698821
350.724550
350.732368
350.764134
350.766489
350.817086
350.818279
351.042102
351.111156
351.150558
351.158809
351.159352
351.159767
351.177262
351.206381
351.281256
351.316237
351.329063
351.348695
351.379170
351.494136
351.535750
351.538098
351.546076
351.601361
351.645054
351.697784
351.718911
351.729469
351.731418
351.852364
351.895857
351.909648
351.943636
351.967497
351.987012
352.018500
352.043671
352.052137
352.140006
352.169931
352.223109
352.311333
352.413002
352.453118
352.481949
352.594040
352.652810
352.729552
352.742728
352.787313
352.793995
352.952911
352.953442
352.988553
353.010646
353.221422
353.262512
353.271449
353.277561
353.371365
353.412047
353.425750
353.445276
353.474959
353.529055
353.575240
353.628502
353.653910
353.737538
353.876939
353.932576
353.975645
354.122266
354.199942
354.283325
354.320254
354.338123
354.338567
354.411701
354.540580
354.595965
354.611627
354.648088
354.728957
354.734878
354.840881
354.847496
354.916410
355.004207
355.136334
355.145069
355.152611
355.153682
355.220695
355.279318
355.372785
355.428638
355.446509
355.576264
355.615092
355.720469
355.915927
355.939927
355.946469
355.981945
356.004935
356.022412
356.119606
356.120593
356.239095
356.242438
356.245557
356.326294
356.498348
356.628372
356.669143
356.780445
356.953822
357.172554
357.378760
357.436649
357.481202
357.493450
357.566896
357.582142
357.629126
357.650871
357.743880
357.796366
357.826896
357.868110
357.890168
357.895134
357.912989
358.005330
358.027714
358.118001
358.133230
358.277446
358.287292
358.318497
358.377572
358.403637
358.422961
358.449799
358.512130
358.569671
358.574173
358.574974
358.595390
358.610358
358.614113
358.738652
358.837199
358.979794
359.003491
359.032081
359.089970
359.090530
359.105445
359.118376
359.119567
359.208623
359.281782
359.325957
359.374828
359.399255
359.412050
359.423215
359.473998
359.485915
359.497036
359.588003
359.687341
359.812527
359.850180
359.895606
360.057586
360.137274
360.184514
360.338839
360.520975
360.534051
360.593588
360.677059
360.680626
360.766667
360.775282
360.819445
360.903165
360.981947
361.097119
361.112063
361.156517
361.177903
361.207254
361.256168
361.277149
361.445731
361.449581
361.505018
361.609931
361.639282
361.704527
361.779783
361.842120
361.919551
362.029225
362.253370
362.259501
362.320913
362.323567
362.328392
362.329920
362.444315
362.463844
362.580441
362.595600
362.621599
362.732376
362.790102
362.970033
362.982352
363.002009
363.041316
363.042869
363.096973
363.141927
363.149570
363.184421
363.194813
363.220322
363.245057
363.247768
363.248843
363.258471
363.337218
363.387034
363.388875
363.414433
363.589069
363.617170
363.690519
363.725820
363.751698
363.804403
363.880408
363.910012
363.916461
363.923247
364.000902
364.016577
364.103103
364.121208
364.127735
364.174256
364.191798
364.196967
364.275509
364.324938
364.342898
364.451099
364.483642
364.548116
364.561238
364.591764
364.694920
364.785024
364.850940
364.958455
364.990221
365.002823
365.038091
365.047933
365.058288
365.084673
365.136712
365.201191
365.207954
365.301367
365.372905
365.443309
365.443616
365.444921
365.544475
365.547538
365.569495
365.606980
365.641180
365.668388
365.725162
365.787283
365.884186
365.905686
365.909088
365.970752
365.987760
366.040737
366.069328
366.106683
366.231862
366.234696
366.240640
366.270601
366.312320
366.315578
366.415426
366.448206
366.466848
366.511908
366.581105
366.581201
366.589680
366.639460
366.735767
366.990466
366.996651
367.040967
367.059819
367.159394
367.274393
367.286628
367.300475
367.464013
367.514899
367.517739
367.652376
367.685986
367.737140
367.823786
367.896872
367.924846
367.932913
367.973783
368.004099
368.049224
368.067639
368.076242
368.101746
368.125275
368.136617
368.342255
368.357168
368.378005
368.439170
368.466171
368.495262
368.606681
368.751757
368.756213
368.768247
368.820127
368.823288
368.983432
368.993498
369.048236
369.073577
369.092412
369.231935
369.240020
369.338747
369.369773
369.450064
369.546037
369.559892
369.568663
369.604382
369.630515
369.675769
369.708773
369.724876
369.780814
369.826727
369.854500
369.870727
369.956591
369.970217
370.022603
370.071480
370.115582
370.217443
370.228576
370.314903
370.364908
370.382858
370.404979
370.448073
370.468823
370.530661
370.542728
370.744261
370.747622
370.762808
370.768838
370.845789
370.928695
370.935217
371.007221
371.119698
371.260211
371.290736
371.292940
371.367801
371.376895
371.383774
371.515986
371.561517
371.603254
371.612076
371.626382
371.638369
371.668867
371.668921
371.704910
371.726281
371.801746
371.804683
371.864958
371.932695
372.018598
372.057147
372.096770
372.140821
372.156140
372.189998
372.247552
372.400192
372.437718
372.563622
372.723099
372.725602
372.941279
373.057938
373.109722
373.112604
373.249369
373.326112
373.337680
373.366374
373.373154
373.421255
373.425255
373.478015
373.493935
373.502509
373.535679
373.617234
373.618728
373.629228
373.653791
373.705342
373.722337
373.745896
373.777691
373.812522
373.828489
373.869261
373.976623
374.054397
374.076095
374.094996
374.135393
374.165755
374.192056
374.207351
374.217792
374.223848
374.277421
374.417259
374.429821
374.431627
374.497007
374.875063
374.952586
375.002993
375.026374
375.119772
375.137173
375.243144
375.300491
375.305214
375.375556
375.429492
375.494735
375.496794
375.585424
375.625939
375.750669
375.771673
375.910427
375.935651
375.952737
375.956932
375.987743
376.091418
376.121352
376.164823
376.387465
376.390825
376.400859
376.448632
376.488211
376.559028
376.568707
376.584618
376.585625
376.601683
376.690090
376.698036
376.724816
376.728362
376.740343
376.750964
376.798583
376.803373
376.920058
376.959818
376.995733
377.136514
377.195870
377.196155
377.207979
377.288688
377.299674
377.335417
377.438241
377.457031
377.528309
377.564698
377.570901
377.574461
377.575850
377.630819
377.666578
377.729356
377.775176
377.810168
377.836748
377.872121
377.900532
377.919755
377.953969
377.957724
377.961538
378.007865
378.046737
378.057400
378.081326
378.170805
378.188958
378.214484
378.236727
378.270405
378.277895
378.394502
378.482139
378.518724
378.552199
378.646544
378.727626
378.993560
378.998230
379.022786
379.073045
379.077816
379.101360
379.108004
379.113160
379.144499
379.230835
379.262687
379.286077
379.331278
379.392920
379.533261
379.543883
379.566305
379.718093
379.763507
379.780562
379.810976
379.862413
379.866635
379.880303
379.887305
379.893704
379.898897
379.918480
379.949568
380.031647
380.076361
380.337045
380.352608
380.463214
380.498388
380.519978
380.771511
380.817681
380.868639
380.910666
380.933838
381.018179
381.136839
381.228459
381.248318
381.273215
381.412216
381.418799
381.437706
381.464790
381.618292
381.689981
381.697037
381.809448
381.895593
381.941817
381.967205
382.138867
382.144103
382.168627
382.325303
382.328684
382.364670
382.420862
382.546518
382.601665
382.696426
382.794175
382.856654
382.877829
382.882953
382.908386
382.944256
383.072810
383.079235
383.141006
383.148893
383.152663
383.269185
383.513734
383.560643
383.650366
383.672237
383.736417
383.862001
383.897591
383.954359
384.041728
384.161473
384.187237
384.293971
384.327713
384.330535
384.343031
384.392869
384.452167
384.504110
384.509511
384.515737
384.521318
384.548764
384.673111
384.716454
384.728923
384.771608
384.798892
384.813966
384.853798
384.925102
384.927200
385.032123
385.086139
385.145839
385.185610
385.225679
385.265732
385.311625
385.336639
385.405075
385.435272
385.447565
385.499082
385.593137
385.650621
385.682307
385.760937
385.780896
385.856842
385.946073
385.955443
385.977246
386.044320
386.072198
386.127299
386.202567
386.273171
386.273217
386.279994
386.304821
386.471728
386.526274
386.590965
386.612359
386.621957
386.661366
386.729269
386.871370
386.938149
386.976775
387.002576
387.072565
387.216643
387.274296
387.368778
387.373768
387.522723
387.594374
387.608356
387.695797
387.703190
387.850772
387.889300
387.977288
388.011248
388.112493
388.148071
388.188487
388.301849
388.391075
388.406937
388.410924
388.426836
388.444583
388.457595
388.518846
388.544609
388.550884
388.577356
388.582411
388.589987
388.747851
388.900599
388.940933
388.972138
388.983348
389.074821
389.207315
389.288765
389.288900
389.428666
389.437184
389.468012
389.511189
389.517269
389.698680
389.715534
389.816283
389.838076
389.840875
389.899006
389.985695
389.995002
390.012990
390.040571
390.061990
390.074378
390.243246
390.255517
390.416313
390.418757
390.449308
390.458063
390.571392
390.574534
390.730535
390.796628
390.826396
390.881761
391.011405
391.054900
391.079490
391.087238
391.135695
391.165248
391.170632
391.173123
391.240581
391.355594
391.369297
391.433324
391.462068
391.482522
391.487774
391.504606
391.518418
391.611142
391.697246
391.776130
391.836143
391.889918
391.971760
392.242509
392.248228
392.289136
392.328739
392.484973
392.527266
392.564098
392.610009
392.938017
392.969215
392.982440
392.983906
393.008303
393.022170
393.123138
393.123893
393.207194
393.210206
393.343762
393.377634
393.381168
393.385604
393.538736
393.558861
393.696253
393.718003
393.727091
393.741341
393.798186
393.800844
393.828486
393.843457
393.952569
393.967455
394.075173
394.107394
394.110508
394.143875
394.190937
394.238177
394.240974
394.317872
394.343890
394.393376
394.423614
394.425078
394.505687
394.534487
394.546055
394.558242
394.690890
394.705311
394.706944
394.743231
394.761255
394.771183
394.800088
394.943112
394.977659
394.997864
395.066435
395.078019
395.100936
395.102260
395.286032
395.400641
395.431333
395.446673
395.455285
395.480945
395.487875
395.509620
395.539191
395.553587
395.597305
395.680210
395.726089
395.744389
395.748471
395.778993
395.794497
395.822414
395.840093
395.933363
395.993107
396.089527
396.107838
396.175475
396.257401
396.273333
396.285475
396.401251
396.476289
396.696697
396.725812
396.729223
396.790312
396.850348
396.860479
396.962827
396.999024
397.002136
397.003090
397.007291
397.054895
397.073001
397.088656
397.129734
397.133777
397.177501
397.373977
397.441315
397.609878
397.612475
397.632716
397.718149
397.719666
397.775461
397.831684
397.839505
397.933133
397.963555
398.112516
398.139073
398.162641
398.172881
398.212121
398.278582
398.342793
398.550609
398.553174
398.585919
398.592130
398.697575
398.707731
398.721840
398.774548
398.781130
398.818817
398.844054
398.883119
398.890662
398.920874
398.935524
399.138221
399.175743
399.245833
399.256443
399.327525
399.347638
399.391530
399.544747
399.597189
399.724512
399.785688
399.786955
399.844129
399.883087
400.020313
400.024963
400.052669
400.138549
400.215532
400.218344
400.262145
400.324678
400.332428
400.385236
400.467960
400.509660
400.571441
400.573393
400.628767
400.643412
400.667196
400.677406
400.735171
400.779918
400.848791
401.012316
401.016693
401.030504
401.098872
401.116627
401.138383
401.164721
401.249592
401.292725
401.296871
401.383407
401.504458
401.565655
401.914308
401.971622
402.019414
402.042487
402.111921
402.195381
402.226357
402.278468
402.310550
402.323355
402.402648
402.421090
402.477159
402.480385
402.481955
402.530227
402.636366
402.683675
402.735818
402.740271
402.743930
402.781869
402.795204
402.798664
402.969272
402.980959
402.989660
402.991032
403.001684
403.004472
403.082936
403.099176
403.143989
403.258213
403.351594
403.357594
403.498911
403.553230
403.655189
403.658875
403.676130
403.780246
403.785451
403.853221
403.958619
403.971863
403.976491
403.997357
404.057777
404.079655
404.129496
404.147782
404.153089
404.245632
404.262643
404.312582
404.315234
404.377145
404.450830
404.479619
404.503549
404.509476
404.581578
404.582182
404.633409
404.677029
404.686049
404.719874
404.876353
405.010821
405.080921
405.185698
405.236744
405.249173
405.309461
405.354850
405.417237
405.486302
405.511337
405.548254
405.598102
405.613686
405.923729
405.955649
405.982770
406.002518
406.018050
406.092731
406.093825
406.188667
406.251668
406.302621
406.308086
406.451010
406.493382
406.556848
406.602950
406.659739
406.682541
406.728027
406.744358
406.801748
406.818273
406.901879
407.002287
407.002566
407.020270
407.085344
407.109220
407.223028
407.406789
407.437115
407.565876
407.601539
407.629879
407.674632
407.705332
407.762074
407.838452
407.975654
408.023243
408.050907
408.125283
408.231757
408.259960
408.348113
408.358697
408.361325
408.441875
408.472184
408.477868
408.479712
408.491222
408.603352
408.666534
408.712325
408.714590
408.728544
408.780656
408.805711
408.991539
409.090630
409.128503
409.200892
409.242495
409.260335
409.358128
409.550953
409.586144
409.621837
409.711857
409.818150
409.825353
409.861914
409.880683
409.886885
409.947386
409.947893
410.028281
410.036551
410.069955
410.097187
410.104221
410.120418
410.127497
410.133461
410.150339
410.196819
410.219647
410.261154
410.264855
410.312591
410.391113
410.581166
410.610415
410.769854
410.779770
410.823009
410.916135
411.024730
411.264174
411.365434
411.402250
411.445311
411.488551
411.558992
411.566337
411.628081
411.867433
411.898395
411.898509
412.033198
412.083913
412.154559
412.176086
412.220759
412.263348
412.422940
412.438259
412.471902
412.551265
412.739877
412.756758
412.763469
412.838632
412.892213
412.940916
413.024209
413.091503
413.094899
413.107302
413.110075
413.117834
413.134994
413.186135
413.243567
413.244057
413.250356
413.252955
413.318006
413.334163
413.340073
413.391122
413.429425
413.454752
413.459737
413.554214
413.710323
413.742319
413.854726
413.966067
414.074362
414.075253
414.153039
414.173569
414.335906
414.361298
414.381186
414.438456
414.515485
414.530420
414.591926
414.610770
414.625605
414.631714
414.688148
414.771349
414.775219
414.802106
414.803678
414.910618
414.931549
414.994804
415.084207
415.158747
415.194210
415.257640
415.271855
415.284851
415.387973
415.527852
415.596959
415.627404
415.628084
415.694187
415.704059
415.746644
415.933265
415.941538
415.947201
415.950141
415.978427
416.078194
416.141196
416.147414
416.155355
416.223752
416.307244
416.471593
416.506905
416.574068
416.603848
416.618394
416.632950
416.673187
416.877549
416.909213
416.958019
416.967408
416.991045
417.003045
417.121793
417.203233
417.235255
417.313043
417.369901
417.399477
417.417188
417.466020
417.487690
417.512738
417.548901
417.569772
417.570698
417.644336
417.645876
417.714905
417.837584
417.864882
417.992143
418.005087
418.034270
418.068356
418.249116
418.264565
418.336838
418.413681
418.537651
418.553839
418.656733
418.727207
418.792325
418.816615
418.824012
418.864758
419.187014
419.212762
419.431718
419.433086
419.448523
419.503249
419.539498
419.588796
419.590847
419.624428
419.673872
419.708171
419.732761
419.734348
419.802451
420.016649
420.115805
420.167629
420.364197
420.389367
420.423145
420.456026
420.534037
420.591996
420.655017
420.666234
420.769256
421.036786
421.088014
421.360621
421.459079
421.486199
421.504986
421.527272
421.533524
421.596454
421.707085
421.809253
421.905434
421.956472
421.995753
422.009820
422.157678
422.187857
422.223776
422.230345
422.259610
422.288806
422.320655
422.332444
422.380778
422.388819
422.413336
422.423494
422.428951
422.431467
422.482724
422.526242
422.586582
422.609959
422.672069
422.680093
422.696365
422.738841
422.798680
422.810031
422.831831
422.846986
422.851732
422.928305
422.955404
423.155148
423.199747
423.311587
423.323087
423.419571
423.486038
423.589844
423.643745
423.705182
423.717105
423.734297
423.759450
423.829177
423.873794
423.882227
423.931610
424.044770
424.045218
424.083185
424.133011
424.303246
424.383435
424.415815
424.451272
424.471644
424.506661
424.665207
424.686219
424.688678
424.696372
424.797710
424.803475
424.820760
424.933014
424.936169
425.016904
425.037697
425.112853
425.118657
425.138742
425.151048
425.190535
425.208276
425.237132
425.437114
425.448197
425.499894
425.501149
425.538165
425.551888
425.563393
425.597529
425.628565
425.653971
425.670285
425.955307
425.967814
425.993633
426.022096
426.116398
426.117775
426.156375
426.311129
426.329244
426.454952
426.462333
426.476709
426.482552
426.532941
426.538427
426.611565
426.759936
426.798801
426.812097
426.821215
426.931569
426.942827
426.981409
426.981742
427.000416
427.011340
427.083130
427.106177
427.179360
427.196086
427.200540
427.206664
427.223003
427.290994
427.294074
427.337630
427.380983
427.429833
427.445262
427.524605
427.557426
427.574211
427.588012
427.596085
427.682995
427.748810
427.789606
427.807536
427.829148
427.881031
427.970348
428.076882
428.247434
428.410385
428.451073
428.635234
428.653535
428.721028
428.851756
428.857820
428.936288
428.988203
429.010921
429.053550
429.098349
429.254219
429.319854
429.329167
429.375828
429.424842
429.576442
429.593897
429.686128
429.756078
429.763800
429.879729
429.892710
429.920314
429.949177
430.036845
430.040129
430.113452
430.156497
430.298334
430.300822
430.331610
430.354841
430.512371
430.545747
430.546919
430.612798
430.671267
430.782251
431.184962
431.289495
431.316787
431.329793
431.358332
431.384407
431.401596
431.501051
431.755269
431.784414
431.845755
431.874126
431.969170
431.980389
431.991392
432.036690
432.064865
432.077370
432.122363
432.201912
432.242046
432.248828
432.537638
432.539888
432.591349
432.675408
432.767617
433.157111
433.185955
433.198816
433.278436
433.289535
433.341093
433.463485
433.464031
433.465330
433.567970
433.657907
433.680070
433.680662
433.691594
433.756036
433.783275
433.811579
433.824985
433.937474
433.980243
433.990302
433.996388
434.008835
434.248882
434.272451
434.399096
434.429499
434.467124
434.563445
434.784690
434.886612
434.939013
434.943764
435.077127
435.220729
435.349260
435.472059
435.491968
435.647022
435.670922
435.719709
435.749151
435.753761
435.756758
435.795739
435.981450
436.109442
436.175610
436.200679
436.237854
436.245513
436.268824
436.283766
436.407298
436.523623
436.529966
436.609731
436.614467
436.632315
436.664740
436.842977
436.874523
436.957369
437.092787
437.133117
437.272422
437.352744
437.390417
437.492008
437.661649
437.810999
437.820337
437.831233
437.847272
437.849943
437.855297
437.933314
437.952932
437.955532
437.974888
438.119089
438.146339
438.171725
438.197357
438.227848
438.269454
438.290022
438.331463
438.384009
438.499620
438.569507
438.608691
438.614904
438.650003
438.695646
438.723664
438.771515
438.805075
438.827415
438.867695
439.052739
439.066342
439.071558
439.219107
439.333052
439.438590
439.444051
439.456117
439.499081
439.541755
439.591986
439.699309
439.726347
439.772208
439.802203
439.862023
439.944573
440.212500
440.323261
440.440680
440.461357
440.497528
440.513270
440.535200
440.787895
440.806291
440.823604
440.834849
441.312410
441.332428
441.374418
441.560255
441.623206
441.637347
441.680659
441.706572
441.753481
441.894002
441.916586
442.007753
442.141019
442.383838
442.465190
442.488121
442.537736
442.692780
442.704659
442.710003
442.774649
442.781395
442.785162
442.796818
442.823853
442.827784
442.985953
443.066526
443.103940
443.139616
443.168314
443.185265
443.255368
443.262130
443.287801
443.293697
443.304739
443.324943
443.461667
443.585803
443.644156
443.765282
443.771855
443.777272
443.864393
443.874121
443.929336
444.113322
444.280127
444.297210
444.309715
444.340223
444.362686
444.493577
444.502975
444.652774
444.719085
444.739948
444.751337
444.762802
444.855960
444.923040
444.945916
444.988307
445.046330
445.076405
445.086670
445.091799
445.105996
445.185341
445.336901
445.464283
445.482265
445.513189
445.621396
445.641931
445.670849
445.674310
445.695689
445.719770
445.736434
445.831443
445.837161
445.845905
445.909788
445.924383
445.940505
445.953919
445.980483
445.990793
446.123093
446.280399
446.370656
446.399424
446.438469
446.484573
446.607274
446.653565
446.686154
446.689428
446.710525
446.738271
446.837757
446.841656
446.879581
446.883916
446.935103
446.944752
447.091012
447.106513
447.112426
447.142466
447.142698
447.142743
447.147563
447.211647
447.230207
447.271937
447.280342
447.407500
447.414520
447.466570
447.614778
447.782502
447.795121
447.821327
447.920781
447.937713
447.966860
447.986968
448.021783
448.080349
448.089960
448.117254
448.125689
448.127263
448.132865
448.139374
448.142725
448.144262
448.341518
448.614644
448.669153
448.732682
448.732867
448.851204
448.917964
448.937537
448.976020
448.990795
449.036298
449.079044
449.302802
449.369569
449.483541
449.492310
449.610586
449.634316
449.642674
449.655364
449.685101
449.797746
449.821462
449.838086
449.885027
449.911042
449.938691
450.056614
450.068935
450.089124
450.148415
450.170339
450.204156
450.295351
450.343485
450.352791
450.364380
450.464863
450.492310
450.509827
450.514830
450.546983
450.625656
450.677342
450.718879
450.729824
450.738169
450.791215
450.852613
450.858515
450.905189
450.927197
450.939132
450.962767
451.144658
451.157357
451.212429
451.217225
451.274062
451.280803
451.296926
451.329610
451.462840
451.494157
451.495240
451.509469
451.516402
451.586484
451.599541
451.658255
451.674621
451.679900
451.697605
451.771617
451.805909
451.823626
451.852412
451.917014
451.921114
452.074114
452.082265
452.086079
452.154663
452.164582
452.274579
452.363620
452.403983
452.546997
452.562435
452.594593
452.623577
452.681746
452.684565
452.748471
452.944745
452.956019
453.146580
453.195234
453.199150
453.228784
453.313325
453.362013
453.456079
453.608838
453.623755
453.687606
453.720275
453.731944
453.744126
453.831726
453.920203
453.945477
454.205273
454.220766
454.239358
454.285399
454.330926
454.332114
454.348633
454.357279
454.363880
454.428685
454.503797
454.535883
454.614559
454.650935
454.708478
454.754407
454.829661
454.921911
454.935357
455.017562
455.085880
455.162038
455.204329
455.255591
455.276155
455.301432
455.353634
455.456224
455.516039
455.583684
455.619207
455.648021
455.673557
455.853296
455.866032
455.876237
456.070598
456.118726
456.147943
456.389478
456.392123
456.428248
456.483760
456.504780
456.558537
456.560451
456.603594
456.610173
456.629924
456.655268
456.817275
456.845038
456.941649
457.118663
457.216926
457.228295
457.236172
457.258827
457.286323
457.307921
457.373578
457.416132
457.585903
457.591263
457.617203
457.693411
457.703132
457.756299
457.759805
457.816834
457.885804
457.931348
458.088500
458.110056
458.220268
458.295991
458.301418
458.388842
458.390119
458.466970
458.514411
458.559274
458.690132
458.715355
458.785163
458.879826
458.881986
458.927564
458.934693
458.987078
459.057233
459.102188
459.208984
459.305496
459.383983
459.427140
459.461290
459.531569
459.554078
459.648280
459.679084
459.682665
459.685944
459.725426
459.766541
459.792471
459.802334
459.889616
459.981572
459.996536
459.999847
460.011956
460.182547
460.312013
460.362087
460.382163
460.470634
460.477994
460.615615
460.636804
460.794270
460.829900
460.913312
461.005962
461.006622
461.124978
461.316799
461.486898
461.523924
461.546026
461.581268
461.681264
461.703301
461.735127
461.759990
461.932782
461.941423
462.013634
462.018391
462.056268
462.065762
462.089212
462.089959
462.106355
462.116238
462.123865
462.150771
462.171449
462.253208
462.288457
462.374665
462.477615
462.732134
462.783189
462.881027
462.937773
463.032225
463.040839
463.079953
463.218520
463.296724
463.363396
463.419739
463.471840
463.474435
463.547076
463.548716
463.557723
463.571002
463.595105
463.652245
463.682705
463.699977
463.751164
463.755358
463.755886
463.803400
463.865535
463.980241
464.041017
464.270185
464.349031
464.360158
464.394002
464.410356
464.473987
464.474651
464.528953
464.556035
464.571107
464.578349
464.670678
464.682595
464.719049
464.838023
464.839488
464.871332
464.986243
465.088316
465.116117
465.122219
465.238650
465.323608
465.327275
465.361213
465.385238
465.485611
465.508956
465.554943
465.650065
465.708801
465.714968
465.790417
465.904786
465.988427
466.073949
466.233525
466.333633
466.350088
466.449288
466.454054
466.610844
466.614976
466.619814
466.641615
466.658987
466.662609
466.730631
466.763298
466.779368
466.812053
466.922508
466.998215
467.042791
467.085474
467.102500
467.111054
467.141524
467.161950
467.216266
467.350977
467.356733
467.363210
467.407363
467.458530
467.519143
467.538989
467.557270
467.570867
467.671411
467.685852
467.725196
467.728330
467.747886
467.794403
467.801622
467.843691
467.856193
467.869658
467.980999
468.033960
468.103361
468.110804
468.115760
468.223832
468.229899
468.256370
468.329984
468.386259
468.580302
468.757305
468.841373
468.903537
468.969594
468.973622
468.988685
469.088226
469.151533
469.221927
469.282684
469.292425
469.318626
469.325472
469.455077
469.466102
469.531257
469.661943
469.736927
469.778656
469.826485
469.909020
469.923098
469.926018
469.931870
469.959775
470.066735
470.079646
470.120303
470.130901
470.280116
470.318850
470.333477
470.407370
470.411750
470.414005
470.481762
470.485229
470.577519
470.593774
470.669272
470.731659
470.739616
470.748587
470.798469
470.815161
470.848573
470.882727
470.910902
471.025084
471.212016
471.259613
471.347067
471.380021
471.502396
471.503693
471.509952
471.582994
471.584593
471.677123
471.678935
471.719355
471.720557
471.722906
471.747202
471.778473
471.921378
471.932849
471.944886
472.021071
472.053023
472.235589
472.278900
472.294913
472.342654
472.446488
472.594760
472.638240
472.669018
472.875196
472.892446
472.938782
472.954462
473.002089
473.017487
473.127576
473.206995
473.234645
473.283329
473.314279
473.315642
473.338808
473.431040
473.578916
473.579777
473.583752
473.621820
473.711371
473.738233
473.777148
473.783963
473.787220
473.858688
473.891922
473.898346
473.917789
473.947723
473.970389
473.972764
474.026524
474.068405
474.081915
474.090383
474.123629
474.169156
474.173571
474.296166
474.308083
474.414342
474.425533
474.432669
474.571758
474.629891
474.823733
474.826487
474.882299
474.889083
474.903059
474.914349
474.947446
474.970209
475.021461
475.110120
475.115436
475.125651
475.138592
475.167271
475.253938
475.258738
475.325798
475.414412
475.416158
475.445373
475.479769
475.564964
475.567524
475.569117
475.582070
475.608399
475.618979
475.673649
475.831106
475.831369
475.849647
475.867417
475.873046
475.910312
475.946435
475.994774
476.007830
476.209608
476.304955
476.309909
476.310344
476.312098
476.313448
476.473708
476.507056
476.566993
476.581128
476.648785
476.680728
476.701029
476.800835
476.874789
476.922974
476.927871
476.953649
477.021386
477.024025
477.080448
477.127211
477.134640
477.145621
477.159089
477.160798
477.214808
477.263211
477.265792
477.325439
477.381941
477.427809
477.654395
477.759582
477.797416
477.798940
477.845972
477.856677
477.941973
477.951764
477.978062
477.986048
478.031893
478.035786
478.103511
478.116497
478.150097
478.175036
478.178457
478.183200
478.199906
478.230558
478.249388
478.275244
478.339251
478.427413
478.617788
478.666254
478.685243
478.712081
478.915170
478.995406
479.011634
479.106912
479.122455
479.132059
479.137744
479.147072
479.155270
479.191550
479.196924
479.352653
479.399231
479.408653
479.437495
479.514494
479.559822
479.614686
479.727951
479.804013
479.891166
479.893571
479.967392
480.131989
480.153009
480.177164
480.240841
480.342140
480.368074
480.383152
480.427808
480.501166
480.520992
480.563599
480.693506
480.720622
480.823986
480.885221
480.935997
481.033288
481.051156
481.225792
481.242323
481.296904
481.400704
481.478378
481.480265
481.580272
481.585347
481.586266
481.683196
481.794135
481.803984
481.854169
481.904230
481.957900
481.972016
481.999218
482.086179
482.209818
482.251125
482.260122
482.333492
482.369565
482.483084
482.521386
482.542182
482.649275
482.724072
482.747101
482.797379
482.797540
482.820014
482.846281
482.890856
483.116115
483.118752
483.232923
483.235955
483.355017
483.393132
483.430934
483.472451
483.525188
483.558499
483.581052
483.602786
483.616388
483.657853
483.684723
483.720835
483.769413
483.845826
483.964762
484.097475
484.194283
484.198554
484.362375
484.405828
484.438605
484.448742
484.588428
484.597466
484.605430
484.609388
484.650811
484.765939
484.831796
484.845581
484.910701
484.946994
485.005749
485.095125
485.161911
485.213590
485.268697
485.352314
485.432107
485.498114
485.543887
485.646786
485.718656
485.731114
485.736290
485.769860
485.785425
485.809426
485.869276
485.971898
485.991762
486.081083
486.175422
486.268535
486.381544
486.395370
486.409841
486.415698
486.461730
486.478188
486.507915
486.651078
486.705631
486.710082
486.720786
486.797325
486.803735
486.816585
486.894601
486.991044
487.006171
487.014719
487.039247
487.076908
487.149531
487.156921
487.185157
487.269969
487.301492
487.374468
487.376408
487.509207
487.535316
487.614936
487.621787
487.813405
487.832714
487.932415
487.956466
488.050967
488.094576
488.116442
488.118940
488.191387
488.243921
488.285681
488.359715
488.422793
488.422944
488.431094
488.436672
488.589435
488.646102
488.697145
488.730670
488.734187
488.751263
488.927840
488.976185
489.010436
489.064847
489.127132
489.127522
489.142052
489.155887
489.166018
489.168933
489.175555
489.200815
489.275210
489.277902
489.293835
489.327174
489.359052
489.488815
489.525993
489.579032
489.593487
489.596428
489.651806
489.702537
489.710266
489.813844
489.852425
490.133358
490.141509
490.143591
490.228496
490.280092
490.300034
490.362186
490.459813
490.479396
490.483482
490.520865
490.553579
490.578303
490.584643
490.796239
490.877619
490.904426
490.919351
491.003600
491.073103
491.114685
491.114723
491.130781
491.145486
491.188168
491.221031
491.354972
491.360249
491.531408
491.551413
491.555716
491.566993
491.578974
491.730997
491.731520
491.745885
491.827553
491.849185
491.872491
491.976518
492.001328
492.082397
492.103583
492.180981
492.347594
492.348533
492.377083
492.396576
492.427585
492.546693
492.642246
492.693064
492.717851
492.752138
492.865092
492.925274
493.010357
493.089222
493.133454
493.150669
493.221563
493.227536
493.357700
493.431323
493.475412
493.530772
493.596717
493.696415
493.769927
493.922281
493.948577
493.974902
493.985469
494.036992
494.095967
494.118889
494.206620
494.211823
494.214217
494.231965
494.249660
494.305976
494.430312
494.440267
494.453797
494.508413
494.547155
494.631548
494.845106
494.846407
494.926369
495.039164
495.079989
495.116734
495.221624
495.269047
495.356006
495.411820
495.417708
495.534888
495.587188
495.634637
495.661517
495.691980
495.765330
495.809170
495.818311
495.838370
495.894373
495.899552
495.962224
496.089487
496.094700
496.157098
496.199079
496.243212
496.265951
496.281545
496.451673
496.503595
496.548697
496.552650
496.594695
496.612688
496.637415
496.657660
496.717179
496.923146
496.932945
496.941484
497.074409
497.132831
497.196431
497.217325
497.225725
497.260094
497.270438
497.277604
497.418592
497.426156
497.426598
497.436064
497.445149
497.553514
497.631215
497.710274
497.711707
497.735392
497.815167
497.816694
497.896932
497.924902
497.955251
497.963848
497.996173
498.022807
498.077641
498.080446
498.103401
498.105776
498.149637
498.193630
498.568956
498.643943
498.789312
498.804057
498.821748
498.826971
498.883052
498.906786
499.035514
499.221183
499.345850
499.371964
499.388271
499.419534
499.437898
499.594129
499.697255
499.704367
499.735269
499.754051
499.757983
499.895758
499.919579
499.949579
499.961784
499.991861
500.050900
500.084221
500.095652
500.296652
500.319592
500.370561
500.389026
500.419632
500.439960
500.473259
500.577908
500.588530
500.728708
500.754770
501.040705
501.121741
501.195392
501.252933
501.328457
501.363924
501.369295
501.403681
501.428327
501.451970
501.464180
501.491316
501.636877
501.698814
501.816359
501.880001
501.941423
501.947495
501.957543
502.036964
502.112996
502.171294
502.173069
502.203688
502.206631
502.228161
502.228911
502.276081
502.319815
502.347652
502.370084
502.416309
502.500354
502.519480
502.559989
502.573228
502.587142
502.639844
502.673141
502.763692
502.789973
502.812238
502.927535
503.017924
503.030640
503.121175
503.181143
503.193069
503.263691
503.290206
503.300820
503.305489
503.367976
503.372951
503.401585
503.429438
503.475462
503.477605
503.492941
503.623941
503.760338
503.786389
503.837818
503.870189
503.870357
503.881462
503.944511
504.130161
504.163594
504.164107
504.271238
504.301468
504.396022
504.453205
504.468010
504.534634
504.580796
504.633309
504.661005
504.677124
504.701164
504.715056
504.718044
504.766126
504.819286
504.828502
504.961024
504.979454
505.076036
505.107983
505.109841
505.304441
505.310780
505.318418
505.478168
505.516342
505.564332
505.587935
505.651066
505.737892
505.791860
505.800060
505.803304
505.808548
505.908501
505.935588
505.974405
505.976967
505.989582
506.068231
506.107010
506.167536
506.202351
506.210671
506.214961
506.226409
506.260016
506.260504
506.292507
506.292527
506.314363
506.417432
506.490049
506.507113
506.538467
506.593369
506.682004
506.771212
506.772993
506.850246
506.859299
506.860737
506.864945
506.875940
506.962593
507.030976
507.048557
507.053300
507.110459
507.117983
507.162858
507.163113
507.168892
507.265544
507.296960
507.387122
507.397099
507.413079
507.563321
507.574088
507.583768
507.651590
507.744822
507.794294
507.968425
508.003832
508.015787
508.031109
508.041957
508.061053
508.100791
508.158025
508.183135
508.198438
508.256120
508.422472
508.482718
508.502274
508.526925
508.537484
508.566517
508.589340
508.655655
508.696660
508.719919
509.115915
509.116062
509.175253
509.189039
509.269428
509.293721
509.428662
509.519961
509.526428
509.677976
509.702441
509.724170
509.740329
509.776769
509.793508
509.826863
509.876448
509.889350
509.918035
509.959406
510.042719
510.108583
510.133348
510.143718
510.171991
510.378670
510.487276
510.713324
510.728058
510.735766
510.764074
510.770131
510.773167
510.818178
510.860619
510.882096
511.160273
511.173410
511.200761
511.222080
511.320491
511.335719
511.401748
511.411584
511.420846
511.477316
511.497833
511.503868
511.656650
511.730783
511.741308
511.744409
511.757631
511.902605
511.953992
511.969328
512.085101
512.127937
512.134929
512.311155
512.518455
512.519157
512.548280
512.561396
512.567881
512.628584
512.659921
512.690323
512.807822
512.828773
512.957721
512.979289
512.989760
513.083022
513.155900
513.203663
513.260614
513.278110
513.298926
513.370702
513.394117
513.511991
513.571013
513.603004
513.676714
513.720972
513.737427
513.793330
514.063438
514.088449
514.122810
514.191022
514.206631
514.434173
514.440300
514.516709
514.601987
514.727952
514.734890
514.839984
514.872893
514.891643
514.941342
514.961060
515.064974
515.070765
515.115097
515.230662
515.299267
515.319941
515.419314
515.452454
515.465997
515.539813
515.548445
515.592449
515.596243
515.736555
515.804215
515.877653
516.009449
516.164690
516.194022
516.289376
516.290497
516.293502
516.306033
516.332068
516.344428
516.345153
516.348579
516.439185
516.529831
516.633437
516.714618
516.744507
516.780191
516.796696
516.834603
516.922563
516.952749
516.967388
517.013698
517.124344
517.145503
517.216372
517.366741
517.428608
517.512713
517.519864
517.532210
517.559078
517.644733
517.684817
517.722910
517.769835
517.824778
517.880691
517.918222
517.985126
517.998338
518.023305
518.029486
518.277219
518.351942
518.374115
518.404175
518.436841
518.449808
518.472883
518.559197
518.563183
518.646982
518.647254
518.763701
518.809918
518.853527
518.859288
518.867808
518.932609
518.934422
519.028052
519.103322
519.116831
519.183314
519.386565
519.454564
519.574233
519.588326
519.632145
519.681616
519.736875
519.867385
519.891215
519.900983
519.949770
519.981743
519.987620
520.044539
520.054729
520.078080
520.128942
520.136198
520.149080
520.176101
520.287464
520.309707
520.381521
520.439991
520.522511
520.568754
520.593725
520.596781
520.606364
520.631656
520.693756
520.712308
520.725681
520.744378
520.783439
520.892571
520.898107
520.945744
520.966138
520.994948
520.999634
521.050328
521.066890
521.069433
521.082006
521.096175
521.140726
521.223135
521.306760
521.380736
521.426844
521.528994
521.636831
521.659105
521.751738
521.793153
521.877656
521.910640
521.929988
521.938285
522.162092
522.312090
522.358291
522.469613
522.556187
522.613159
522.629559
522.657615
522.708242
522.713808
522.731988
522.798714
522.979060
523.050490
523.072781
523.121104
523.132424
523.155925
523.156278
523.175680
523.196922
523.213378
523.300976
523.444437
523.483506
523.581424
523.583460
523.632792
523.654954
523.674356
523.696289
523.714874
523.754729
523.836538
523.845877
523.853506
523.853634
523.882804
523.912001
523.965190
524.000287
524.081791
524.182653
524.203191
524.335539
524.391338
524.431889
524.464596
524.469834
524.470088
524.470416
524.527618
524.552554
524.606136
524.607305
524.619482
524.648491
524.658352
524.731984
524.812005
524.878346
524.904400
524.991012
525.023465
525.051867
525.105935
525.187368
525.201919
525.213523
525.248497
525.287759
525.323956
525.332429
525.371161
525.559853
525.569501
525.607904
525.643359
525.678637
525.702044
525.734348
525.827392
525.874480
525.971772
525.988658
526.029312
526.207698
526.212059
526.467962
526.485510
526.505390
526.656925
526.720614
526.858564
526.998395
527.058881
527.095001
527.128305
527.157383
527.189467
527.257261
527.268490
527.328942
527.350811
527.388231
527.417710
527.479377
527.557188
527.606529
527.667469
527.742780
527.778820
527.895992
527.906964
528.077273
528.155192
528.179834
528.285739
528.312283
528.319217
528.384060
528.540533
528.646239
528.672729
528.738526
528.799301
528.835244
528.842161
528.980515
529.049137
529.216755
529.273362
529.325332
529.344671
529.403147
529.516292
529.608937
529.669595
529.722499
529.731417
529.749774
529.782170
529.852691
529.966194
529.967032
530.037377
530.126212
530.232525
530.254791
530.339792
530.428178
530.438925
530.464531
530.558595
530.629247
530.641937
530.666833
530.845222
530.888776
530.920793
530.951861
530.952240
531.023159
531.103947
531.168329
531.215825
531.249217
531.255634
531.260862
531.273551
531.402454
531.459132
531.567544
531.583370
531.583389
531.604813
531.614880
531.636437
531.805377
531.858158
531.924973
531.943512
531.952502
532.027919
532.096929
532.147692
532.359975
532.473154
532.473901
532.476237
532.600046
532.613370
532.613812
532.734918
532.737923
532.764417
532.796721
532.806225
532.912367
532.947236
532.976383
533.127812
533.188746
533.209714
533.243810
533.243946
533.256119
533.461799
533.483973
533.499087
533.605088
533.608533
533.664265
533.675401
533.797606
533.812775
533.840376
533.872071
533.972900
534.197600
534.238968
534.274392
534.287674
534.314328
534.366193
534.410210
534.529596
534.600089
534.634769
534.648409
534.684284
534.731856
534.830090
534.841930
534.860404
534.879702
534.927619
534.947150
534.966094
535.028428
535.071784
535.107027
535.124324
535.253852
535.335979
535.355995
535.365838
535.474270
535.597103
535.612719
535.650592
535.729658
535.762026
535.838882
536.236693
536.273306
536.295434
536.345871
536.355259
536.397884
536.589448
536.601816
536.611020
536.618234
536.625843
536.678387
536.736657
536.764285
536.782486
536.864572
536.903169
536.903199
536.909412
536.912823
536.915875
536.917497
536.969193
536.990645
537.039998
537.111181
537.177349
537.214131
537.294245
537.317346
537.349042
537.389252
537.498986
537.559530
537.568665
537.682624
537.717748
537.728860
537.847564
537.957305
538.025135
538.042433
538.055026
538.056116
538.129820
538.153547
538.228043
538.257129
538.309181
538.320945
538.490791
538.508569
538.589468
538.733418
538.739342
538.746881
538.885846
539.023459
539.040381
539.041385
539.213010
539.275303
539.350417
539.377582
539.397583
539.398160
539.458307
539.481449
539.508230
539.561404
539.582811
539.635818
539.677377
539.688935
539.813968
539.977858
539.994426
540.042806
540.075321
540.095760
540.249048
540.362752
540.387911
540.437139
540.448416
540.448649
540.482057
540.486366
540.611141
540.634000
540.658751
540.693639
540.752730
540.773779
540.793976
540.825812
540.935598
540.966540
541.074720
541.077446
541.097400
541.178008
541.261616
541.278823
541.339779
541.366817
541.391379
541.407570
541.432590
541.766589
541.807308
541.871245
541.876973
541.915521
542.014807
542.081595
542.103325
542.133347
542.153426
542.232371
542.253871
542.259680
542.278895
542.310305
542.355361
542.365770
542.453049
542.587398
542.733963
542.734082
542.867857
542.873113
542.971636
543.065959
543.084314
543.139694
543.161734
543.311975
543.316601
543.380618
543.408719
543.450774
543.670006
543.687192
543.701252
543.707003
543.848562
543.874479
543.933489
543.970786
544.131654
544.175427
544.242453
544.348218
544.349870
544.415111
544.422189
544.473926
544.542039
544.587594
544.606249
544.649315
544.724641
544.784199
544.815342
544.847840
544.901186
544.961279
544.981849
545.089009
545.089659
545.138687
545.232056
545.433646
545.504201
545.549371
545.574596
545.597292
545.637906
545.667902
545.714550
545.920450
545.926527
545.967187
546.114588
546.209917
546.260223
546.340906
546.390931
546.411640
546.438446
546.484397
546.532169
546.621038
546.648722
546.689461
546.771075
546.783231
546.833905
546.869503
546.877660
546.893723
546.926919
547.023286
547.052458
547.142603
547.196098
547.283031
547.295996
547.353126
547.354088
547.445287
547.450233
547.463763
547.473106
547.486937
547.585415
547.603502
547.654142
547.720303
547.783156
547.905535
547.930242
547.933106
547.965352
547.967736
548.039563
548.057020
548.137618
548.294091
548.314756
548.462669
548.517298
548.547540
548.638297
548.666164
548.686318
548.691872
548.747605
548.765099
548.853209
548.988451
549.095885
549.096411
549.104323
549.149785
549.172850
549.284372
549.422421
549.429256
549.464943
549.467357
549.683409
549.834436
549.868180
550.169974
550.207290
550.311639
550.321184
550.381987
550.475922
550.556429
550.587645
550.732460
550.788493
550.829795
550.950979
550.989905
551.067498
551.193160
551.205033
551.219758
551.288698
551.293639
551.331574
551.351836
551.354305
551.375131
551.407049
551.463704
551.485342
551.575170
551.836947
551.884942
551.977484
552.009455
552.067210
552.087503
552.198475
552.234250
552.262546
552.321206
552.405958
552.438693
552.527601
552.600080
552.617626
552.672320
552.811579
552.845886
552.877457
552.956393
553.022831
553.024118
553.094266
553.118721
553.189456
553.212214
553.233303
553.326718
553.484926
553.510224
553.549528
553.677048
553.694348
553.736227
553.778507
553.781994
553.823780
553.857334
553.871996
553.890167
554.050569
554.116119
554.217096
554.373066
554.429369
554.481346
554.502090
554.522467
554.529456
554.576261
554.641717
554.677364
554.696776
554.885201
555.080011
555.129270
555.183356
555.237729
555.256823
555.312047
555.350901
555.501672
555.633028
555.659079
555.714051
555.820946
555.934611
555.976736
555.986134
556.060548
556.125532
556.147163
556.217345
556.266390
556.351293
556.383186
556.393469
556.410381
556.470989
556.564286
556.585422
556.594644
556.597825
556.648709
556.688707
556.759796
556.760080
556.831142
556.853249
556.923059
556.986422
556.996822
557.034050
557.059106
557.096146
557.130500
557.199410
557.258710
557.308862
557.388333
557.610106
557.622287
557.746592
557.864989
557.909835
557.929795
558.082669
558.088778
558.131628
558.154419
558.169339
558.195555
558.218204
558.218943
558.248385
558.308698
558.326136
558.355985
558.410690
558.440259
558.522014
558.558519
558.638292
558.642322
558.682969
558.718628
558.761214
558.784325
558.801764
558.844971
558.959426
558.985632
559.047254
559.059607
559.094675
559.102736
559.105606
559.182356
559.216915
559.222253
559.284639
559.309233
559.332144
559.340382
559.428880
559.494078
559.545503
559.548629
559.561301
559.616451
559.634690
559.648769
559.671487
559.768670
559.772946
559.780210
559.867817
559.915402
559.951644
559.955988
560.060147
560.270424
560.308925
560.440035
560.582992
560.615390
560.745010
560.762672
560.764086
560.803284
560.937615
561.014912
561.022333
561.063149
561.143068
561.164503
561.172362
561.507120
561.529458
561.595847
561.595899
561.615872
561.671195
561.690309
561.739845
561.766996
561.818002
561.827074
561.857940
561.941083
562.103580
562.127084
562.141697
562.175437
562.209568
562.220403
562.224357
562.299967
562.474453
562.527135
562.560212
562.563020
562.565792
562.586906
562.593744
562.712065
562.820897
562.861350
562.898832
562.962071
563.063977
563.097955
563.102125
563.144477
563.228334
563.230402
563.259239
563.286106
563.314699
563.335114
563.430382
563.496051
563.557173
563.572086
563.669167
563.707738
563.739041
563.763038
563.794653
563.852993
563.861611
563.914544
563.929200
563.966563
564.019422
564.020992
564.027858
564.033806
564.139584
564.248492
564.318270
564.320075
564.351386
564.352747
564.491713
564.539509
564.567051
564.580288
564.641843
564.652891
564.700151
564.785926
565.027325
565.242511
565.298934
565.322538
565.418612
565.420812
565.518723
565.553474
565.555418
565.558523
565.648238
565.662180
565.665830
565.672576
565.741806
565.773346
565.902359
566.108776
566.161747
566.169352
566.201191
566.251304
566.252656
566.256919
566.303652
566.332044
566.413143
566.472741
566.482716
566.527632
566.531158
566.587221
566.624689
566.627805
566.631625
566.635308
566.645453
566.692100
566.696676
566.714594
566.748891
566.755724
566.786553
567.053044
567.217457
567.348335
567.357700
567.442613
567.443386
567.488285
567.540469
567.544798
567.571422
567.595397
567.841393
567.845753
567.881570
567.960485
568.042865
568.063981
568.151883
568.300867
568.367607
568.424476
568.460530
568.594237
568.610966
568.736678
568.757345
568.829758
568.946915
568.983045
569.056573
569.067199
569.105808
569.225665
569.274368
569.335301
569.340687
569.457271
569.497276
569.513174
569.585919
569.586456
569.632023
569.726007
569.812110
569.892135
570.027663
570.109719
570.115414
570.149621
570.205883
570.250497
570.305078
570.462768
570.523403
570.544103
570.659678
570.753899
570.831294
571.177589
571.198467
571.218746
571.242615
571.311321
571.322211
571.341881
571.378702
571.386798
571.387293
571.400248
571.598945
571.608455
571.628680
571.704503
571.836824
571.849433
571.901979
571.924930
571.963649
571.966460
572.029532
572.115632
572.171936
572.269660
572.439253
572.503859
572.508419
572.513057
572.573212
572.575410
572.608841
572.637356
572.645176
572.720637
572.770600
572.807621
572.825832
572.858016
572.999504
573.053963
573.061217
573.104565
573.162616
573.192371
573.214188
573.332463
573.364152
573.512001
573.515558
573.557519
573.652792
573.737701
573.754339
573.811881
573.887824
573.900709
573.909771
573.972826
574.032845
574.045564
574.079438
574.097553
574.131973
574.198994
574.238712
574.261306
574.315625
574.352112
574.354401
574.422348
574.468135
574.520178
574.523628
574.530939
574.705272
574.711758
574.738672
574.750584
574.780879
574.781828
574.789211
574.828631
574.858115
574.862853
574.885169
574.957460
574.959567
574.959773
574.981323
575.062918
575.072747
575.121605
575.229180
575.267564
575.292652
575.295109
575.382329
575.385313
575.520571
575.558290
575.603831
575.660761
575.688346
575.731321
575.738208
575.741741
575.746805
575.782094
575.820482
575.827434
575.853534
575.923365
576.151349
576.202257
576.267051
576.307924
576.676905
576.689719
576.692687
576.693925
576.697082
576.712229
576.760124
576.852530
576.934852
576.941342
576.944516
577.032359
577.044371
577.136353
577.199154
577.376688
577.664126
577.758418
577.848048
577.988376
577.994510
578.056352
578.174238
578.179603
578.249503
578.265850
578.277190
578.288071
578.317379
578.433049
578.576444
578.582073
578.607709
578.608302
578.622023
578.667495
578.692625
578.709409
578.725662
578.784804
578.790178
578.792884
578.809418
578.826934
578.827108
578.996609
579.025582
579.137551
579.152218
579.184860
579.250135
579.301402
579.309397
579.321151
579.374394
579.486770
579.518911
579.525531
579.541084
579.621640
579.629585
579.630354
579.763179
579.794780
579.799672
579.827851
579.852529
579.903722
579.908287
579.943292
580.154924
580.181893
580.198051
580.221582
580.237132
580.299960
580.301745
580.321930
580.350660
580.438913
580.512447
580.590456
580.605884
580.618572
580.648583
580.722855
580.754680
580.766624
580.802443
580.915061
580.934385
580.967879
581.114654
581.167735
581.227132
581.228746
581.242994
581.312115
581.339917
581.390793
581.566155
581.730485
581.812580
581.818522
581.987707
582.020497
582.132445
582.148137
582.333877
582.411633
582.445181
582.538409
582.738524
582.860243
582.862386
582.874378
582.962581
583.018571
583.030832
583.046346
583.083808
583.145224
583.145640
583.149394
583.166528
583.240835
583.246693
583.269997
583.327365
583.418191
583.450433
583.569722
583.629605
583.657955
583.723161
583.815592
583.878454
583.992468
584.001547
584.030967
584.089744
584.104186
584.141128
584.201045
584.208750
584.302992
584.476147
584.561890
584.666392
584.703919
584.884763
585.043833
585.143958
585.167715
585.280225
585.283505
585.425992
585.504905
585.515390
585.516183
585.518654
585.571577
585.585523
585.641627
585.831508
585.851632
585.856394
585.865711
585.880796
585.888876
585.931596
585.933636
585.940374
585.952175
586.037330
586.059131
586.089510
586.200016
586.314477
586.341668
586.361162
586.368840
586.437839
586.540212
586.626190
586.678438
586.727151
586.853147
587.034877
587.174082
587.253564
587.269094
587.341451
587.378497
587.416634
587.592371
587.643246
587.770988
587.809272
587.827830
587.831794
588.135291
588.149729
588.272015
588.272538
588.356106
588.368559
588.410543
588.485549
588.560755
588.579289
588.874284
588.918814
588.941095
589.066534
589.096680
589.111787
589.141532
589.161163
589.188272
589.190387
589.213037
589.298127
589.388095
589.389019
589.415597
589.428586
589.476644
589.531448
589.574974
589.663066
589.877630
589.961652
589.961782
590.048163
590.161237
590.215987
590.240694
590.250235
590.331092
590.334917
590.363971
590.381748
590.427136
590.450756
590.456135
590.546772
590.577390
590.652477
590.657486
590.668934
590.721949
590.856549
590.870796
590.898254
590.941452
591.051098
591.119227
591.180519
591.301330
591.441809
591.466111
591.499639
591.623906
591.633057
591.647730
591.743815
591.752542
591.773105
591.918414
591.953291
591.990336
592.006144
592.036028
592.276876
592.425671
592.469245
592.608379
592.665785
592.721077
592.770186
592.862765
592.891264
592.952260
593.039882
593.110310
593.110693
593.179886
593.227349
593.317445
593.340416
593.361244
593.388443
593.468434
593.495090
593.589116
593.748695
593.788567
593.790071
593.813588
593.833122
593.835679
593.960261
593.983463
594.071064
594.076198
594.265502
594.341976
594.351256
594.390143
594.442373
594.464440
594.538516
594.555805
594.605173
594.638459
594.751632
594.962577
594.985535
595.028606
595.029004
595.051351
595.141646
595.149162
595.158099
595.389436
595.424150
595.450482
595.484454
595.533320
595.641215
595.660251
595.731877
595.753916
595.799748
595.828684
595.887205
595.978022
596.041249
596.073202
596.098892
596.140097
596.146904
596.163450
596.272746
596.283834
596.298446
596.437219
596.463996
596.471121
596.476536
596.543106
596.606923
596.634775
596.655752
596.686566
596.750799
596.850244
596.860620
596.884499
596.903453
596.919007
596.940167
596.963037
596.982153
596.996388
597.012425
597.272963
597.273395
597.303583
597.380141
597.394193
597.447800
597.496921
597.662748
597.705361
597.713086
597.729778
597.769960
597.784636
597.800908
597.829289
597.836579
597.930981
597.955672
597.966143
598.010536
598.021434
598.043295
598.080704
598.105394
598.123295
598.158931
598.185358
598.220795
598.241014
598.242148
598.368126
598.408762
598.475095
598.541201
598.563933
598.654430
598.794188
598.810977
598.913676
598.945969
598.962084
598.968329
599.055451
599.084977
599.216001
599.425317
599.528648
599.562628
599.631079
599.670673
599.704526
599.733375
599.751925
599.760356
599.916562
