1.518475153865606053e+00
1.656635137080719744e+00
2.085639159357211003e+00
2.759115484988894362e+00
3.251295444089508102e+00
3.406093430225720642e+00
3.646342406944902415e+00
4.318046588926760521e+00
4.636984958660228529e+00
4.976348678356846023e+00
5.466547695464917922e+00
6.175348288740734048e+00
6.981580720747759372e+00
7.294789929436151787e+00
7.605223024637252749e+00
7.625738023228556983e+00
7.910092349175601001e+00
7.953393162486543488e+00
9.150074981714828581e+00
9.428755706020275795e+00
1.031655633456551868e+01
1.078268213902262573e+01
1.106608420635983947e+01
1.120445662476432602e+01
1.221864069569104139e+01
1.223254246642917487e+01
1.294797358517283392e+01
1.356560103185682209e+01
1.356818667316142069e+01
1.359120293161335624e+01
1.363391410243736068e+01
1.380079260652582462e+01
1.393512381599931693e+01
1.544362537499680599e+01
1.550451635058230870e+01
1.689098270455120598e+01
1.691264899527813270e+01
1.726762800499328421e+01
1.742508365045983965e+01
1.906750508580709180e+01
1.951547789558385659e+01
2.080839026254963642e+01
2.117062422012895340e+01
2.135659453806869479e+01
2.182890190925805740e+01
2.213896942061965945e+01
2.221339552022710961e+01
2.236519310393124726e+01
2.309397294863789796e+01
2.332039108949545181e+01
2.353691440267978763e+01
2.440463419256992950e+01
2.505021500960062752e+01
2.523204183449923121e+01
2.524198949851464846e+01
2.545131422555757439e+01
2.560423949813039712e+01
2.654775061557585047e+01
2.708693101632249167e+01
2.736183091460711125e+01
2.738600303584006923e+01
2.793083034176976298e+01
2.810243034842774179e+01
2.819458195226069819e+01
2.833288822677851826e+01
2.915294813123055917e+01
2.930163420191516011e+01
2.935024819530044482e+01
3.023340041322799721e+01
3.033680283683707302e+01
3.044146285980963285e+01
3.093716065077978072e+01
3.236742809799133624e+01
3.301557735830302676e+01
3.335924469184540442e+01
3.404205637217672376e+01
3.406727765988870260e+01
3.476071785753891419e+01
3.482179215207487033e+01
3.512010492828176211e+01
3.525787403313146484e+01
3.544944828649687452e+01
3.564537488042157776e+01
3.587827378149051327e+01
3.595961020010484077e+01
3.661147045343364681e+01
3.811815379556543348e+01
3.874782454544849486e+01
4.125628324379797363e+01
4.184815819561254813e+01
4.202520457095720730e+01
4.227726749242879123e+01
4.289750461585075669e+01
4.346846162736692776e+01
4.512506733105845314e+01
4.679835610086079356e+01
4.680559213273095764e+01
4.693111280132581697e+01
4.824241542524959669e+01
4.836638617620132408e+01
4.848861422838412949e+01
4.878508180346739209e+01
4.888032812442890673e+01
5.084782400582774642e+01
5.115723710618745912e+01
5.196056097300455434e+01
5.198829602125373128e+01
5.230992870149743368e+01
5.313320382211468029e+01
5.323186313391684621e+01
5.454749016213018820e+01
5.502135295603014242e+01
5.545633665765811315e+01
5.595555311995627079e+01
5.597101766581074855e+01
5.643634791712839416e+01
5.857289633941334728e+01
5.873734043678893357e+01
5.879485872574355909e+01
5.961470446025172265e+01
5.990213464750792127e+01
6.370173320348284562e+01
6.474630824905295867e+01
6.663234314121908142e+01
6.707875155583579385e+01
6.728079283816794032e+01
6.794873255938138357e+01
6.838054876258250658e+01
6.859284165103881037e+01
6.863944964748674238e+01
7.117472624904002032e+01
7.129126319771989984e+01
7.186856720009173216e+01
7.255568727013550756e+01
7.261658145345012372e+01
7.319689301372507373e+01
7.420443052295929931e+01
7.431929685034724287e+01
7.478766874466248282e+01
7.507286944937860085e+01
7.553468874760925189e+01
7.738248831454667709e+01
7.763399448000507164e+01
7.956071030451764159e+01
8.124967537862227118e+01
8.140470953216876637e+01
8.202212157921186986e+01
8.321435489433980592e+01
8.359393927098342658e+01
8.398016908378285450e+01
8.423170873225673461e+01
8.428035290621423314e+01
8.428895687766909361e+01
8.455643243201997450e+01
8.461037177139193943e+01
8.545214831324028637e+01
8.571362588455822618e+01
8.596237563848532659e+01
8.692543587413041450e+01
8.736874205941256832e+01
8.764339456056544009e+01
8.796323150941935864e+01
8.807755327934800960e+01
8.833466762087570601e+01
9.026349294503090448e+01
9.127267288786131871e+01
9.138413075201120250e+01
9.285828488589832830e+01
9.329469651469865710e+01
9.351332282682328412e+01
9.430679432289799990e+01
9.507660154688329612e+01
9.540104249155916705e+01
9.569268908812838959e+01
9.579409127712446548e+01
9.601488030918352479e+01
9.623401949152075474e+01
9.688694188237379024e+01
9.696087960622656965e+01
9.755499660802411199e+01
9.759909922897929846e+01
9.761990944778031576e+01
9.859936361097479107e+01
9.926940745579474878e+01
1.012845514210883806e+02
1.013985470554607389e+02
1.017089373146102105e+02
1.022410620759053472e+02
1.023199053150775484e+02
1.047628723837982676e+02
1.052745037656236065e+02
1.060056684078158469e+02
1.067918035953784823e+02
1.070259980080767832e+02
1.074488154098521449e+02
1.075397185632817809e+02
1.078473453659265431e+02
1.080571924233788650e+02
1.090888807137881997e+02
1.099085529881075161e+02
1.103147409178300506e+02
1.103349398157759680e+02
1.110476100766333190e+02
1.111926441200672713e+02
1.116054257378349490e+02
1.122812387268360936e+02
1.123837843879413612e+02
1.124611738571112198e+02
1.126748857919832005e+02
1.128778756592747357e+02
1.129390100634148837e+02
1.142672569893064605e+02
1.155293185805775806e+02
1.158307913402322811e+02
1.160206038901612260e+02
1.164509778619565736e+02
1.166031869068445985e+02
1.167605036202489401e+02
1.179293174000281255e+02
1.195514203192120277e+02
1.210448598637191111e+02
1.226858833242809652e+02
1.231148769106889205e+02
1.237853030734279400e+02
1.244458507012995483e+02
1.252233009446336922e+02
1.254729108871856624e+02
1.258800187283369780e+02
1.272666027740928882e+02
1.281323365878768925e+02
1.282623055075648892e+02
1.284552444951943073e+02
1.286982082125055058e+02
1.295835055926347366e+02
1.301554947713919148e+02
1.316914262116908390e+02
1.320457481218803935e+02
1.324591504120131162e+02
1.345336565934959197e+02
1.351632405930280640e+02
1.363623194303319792e+02
1.366970258357138732e+02
1.368209952651107812e+02
1.374758671474549772e+02
1.391095214819946477e+02
1.396794054397380478e+02
1.405981925982378868e+02
1.406079479384910940e+02
1.416644775485847845e+02
1.420415312341696961e+02
1.422521487261975608e+02
1.468358280832688934e+02
1.474847625350496969e+02
1.477553081456591713e+02
1.477875312872577354e+02
1.481386789093172354e+02
1.483260914107744384e+02
1.485530730333810538e+02
1.491745517677156272e+02
1.504548884061598812e+02
1.507911279315576394e+02
1.508037069686584459e+02
1.509408775740263025e+02
1.515757117343571565e+02
1.525712073494108267e+02
1.532241907732697257e+02
1.534027196582813417e+02
1.536279174897842950e+02
1.542703315240834741e+02
1.548901044903585955e+02
1.554988957091210295e+02
1.556371865230098308e+02
1.560204063533432475e+02
1.560490503335980179e+02
1.560923102711379897e+02
1.566729780164413057e+02
1.568198488145982310e+02
1.569293532510446312e+02
1.574269294896713518e+02
1.583103327258899640e+02
1.588951735068019389e+02
1.594063894704443953e+02
1.607324052224275306e+02
1.608289099032361094e+02
1.618026725746952081e+02
1.621905364830319627e+02
1.627933904122729984e+02
1.628088249474745339e+02
1.636850367947804727e+02
1.640130838029838856e+02
1.646201368099758326e+02
1.647679994118361435e+02
1.648586646971206733e+02
1.655720516323456764e+02
1.661562853203962220e+02
1.663062157534202186e+02
1.665602434798387037e+02
1.666295116807882266e+02
1.670403787375050513e+02
1.675212749207415186e+02
1.682813914606158789e+02
1.683831592708488643e+02
1.704925810006414792e+02
1.710183510268094835e+02
1.720313664369858202e+02
1.726422533627636824e+02
1.730711653879077403e+02
1.734840422988521880e+02
1.750106295291478773e+02
1.750968335552616111e+02
1.752942935769300732e+02
1.757326743820389936e+02
1.772499781707032298e+02
1.772678829564725334e+02
1.777243706586127416e+02
1.782392146056405409e+02
1.793699936433255289e+02
1.795975452591109729e+02
1.803345035229626490e+02
1.818523903352640048e+02
1.819287178978769930e+02
1.822634555704315176e+02
1.828693001939690532e+02
1.835162238703056801e+02
1.835558684167138495e+02
1.840245587807369532e+02
1.845021680097509318e+02
1.847550294156649500e+02
1.854384721373687626e+02
1.854654189948783198e+02
1.860397793404610240e+02
1.868671427457000789e+02
1.869894380482673739e+02
1.877579747142709152e+02
1.882674240252190430e+02
1.886828540339651852e+02
1.888195914405787619e+02
1.893415877991788534e+02
1.895511636509397704e+02
1.896917491780738487e+02
1.899304371819803805e+02
1.900211269531270375e+02
1.900589132282684091e+02
1.905280952602931279e+02
1.909231233791341253e+02
1.912289704494619684e+02
1.912672414065639259e+02
1.926094938462863411e+02
1.927257834618946788e+02
1.929864655327059495e+02
1.935518371228349679e+02
1.936416887721503315e+02
1.947630906348190649e+02
1.948898697141644050e+02
1.949891792333295371e+02
1.955883778507801480e+02
1.972838676901030226e+02
1.976080894856835073e+02
1.979952138102537162e+02
1.980592130153193864e+02
1.987566853061945835e+02
1.990505307324167461e+02
2.014719586778398934e+02
2.015102053217570131e+02
2.016406642217635579e+02
2.017555368231115267e+02
2.032693085526847199e+02
2.049020320249070437e+02
2.052699079536470776e+02
2.054193517661637713e+02
2.072813214307397800e+02
2.075685593078079876e+02
2.087246066953851482e+02
2.087922618281093889e+02
2.088089390024919112e+02
2.090211496092451853e+02
2.091047222985803842e+02
2.094485142059235443e+02
2.102907394377359935e+02
2.105900631773110092e+02
2.107452251961327931e+02
2.109056876685533553e+02
2.110973578140070970e+02
2.118726681469488540e+02
2.120572031542851335e+02
2.124217733388136367e+02
2.136537664042607503e+02
2.139734361668984945e+02
2.143787768100187066e+02
2.167356345784515952e+02
2.177158525165079936e+02
2.177867036610718117e+02
2.178274001167984579e+02
2.184649045835578818e+02
2.187021504122961915e+02
2.188818535014192150e+02
2.195981825434215295e+02
2.205213131411657344e+02
2.213690750087305616e+02
2.222305853262613198e+02
2.238134637796269999e+02
2.239474215354072442e+02
2.251844254922575033e+02
2.252613203374492059e+02
2.257123588313040159e+02
2.260134555776824925e+02
2.263628622254047116e+02
2.266653415629145911e+02
2.273538331393107228e+02
2.282355145850692395e+02
2.284531895152416610e+02
2.284858845986152858e+02
2.306962245541531615e+02
2.309980659295832481e+02
2.312901539863682956e+02
2.313811040057837261e+02
2.316734307889972229e+02
2.316955175206917943e+02
2.325398470083343625e+02
2.329238882225990608e+02
2.331440747782310439e+02
2.339626637572871459e+02
2.355527884179040825e+02
2.368854428383661741e+02
2.374737131177545564e+02
2.384433910624945270e+02
2.385558584306110959e+02
2.387378008308303095e+02
2.394885536900325462e+02
2.406590942262118915e+02
2.410442791154545716e+02
2.411016230697343303e+02
2.420504217801791924e+02
2.422320465492187509e+02
2.424361138693250837e+02
2.425192044349383309e+02
2.428083466435540743e+02
2.430340184037542315e+02
2.431659992345498722e+02
2.438398701772507593e+02
2.438703027390232592e+02
2.441385059120846108e+02
2.443405447766807299e+02
2.446384285364502489e+02
2.451666600603647623e+02
2.454044297767479463e+02
2.465580177871068770e+02
2.467611728769506954e+02
2.467801681978974671e+02
2.479372398323224900e+02
2.486212527455788006e+02
2.497327922401265141e+02
2.505907486767713976e+02
2.507940361536617502e+02
2.514986114133413651e+02
2.526356769407126137e+02
2.534625932908363666e+02
2.547670231482533723e+02
2.548942172032234339e+02
2.553410014550570679e+02
2.556544500955620265e+02
2.559028366402080223e+02
2.566381752033021826e+02
2.569469523564966948e+02
2.575238255529035314e+02
2.582191749769030480e+02
2.589310277626780703e+02
2.594167128765159873e+02
2.598191668501224854e+02
2.598528437324805509e+02
2.601216955740310937e+02
2.605797384568380721e+02
2.614381770563153395e+02
2.629960807975035095e+02
2.632018060142942772e+02
2.632119215783866366e+02
2.632416040581159109e+02
2.661259272795351762e+02
2.661638227728979587e+02
2.663112548274899041e+02
2.670016025452698614e+02
2.670791351672748988e+02
2.673429341094213214e+02
2.676139665531339915e+02
2.677676995469933559e+02
2.684482051282946600e+02
2.686569685488601635e+02
2.688273899770479716e+02
2.691330779857731272e+02
2.691647273859980487e+02
2.695662565581237686e+02
2.701254171489991336e+02
2.703474031472966885e+02
2.707658720038700153e+02
2.716051925868191006e+02
2.716145929257791067e+02
2.719063155284208051e+02
2.722699421778278861e+02
2.724797657899961223e+02
2.727961206236346356e+02
2.732781553481527226e+02
2.739721657669413730e+02
2.744593170661345312e+02
2.765622705069350218e+02
2.774080854835688115e+02
2.784955687763176115e+02
2.789092957027719422e+02
2.792271976810694127e+02
2.798185450062039763e+02
2.808464322482342936e+02
2.810189966210203352e+02
2.818496824692567202e+02
2.820690724274872991e+02
2.821375753058742930e+02
2.824394426329575367e+02
2.828729111737557673e+02
2.834297189647284085e+02
2.841745732151576362e+02
2.846656611759999578e+02
2.849399739875772184e+02
2.850185901152414658e+02
2.851234452229676322e+02
2.851821440812668129e+02
2.861785731007761910e+02
2.862153081776166914e+02
2.864595841989582254e+02
2.883571691471742611e+02
2.886517645423625709e+02
2.887341884826333853e+02
2.887945244033775225e+02
2.889667618321834084e+02
2.890859931267758611e+02
2.896896099223678220e+02
2.899964457131008544e+02
2.907907606857297083e+02
2.908753883293675813e+02
2.909636480122916851e+02
2.909729556485983153e+02
2.909743193443809446e+02
2.915346248162882148e+02
2.919031664257336729e+02
2.923184422998499485e+02
2.927556238387603571e+02
2.956951362331802216e+02
2.958003191468612840e+02
2.958632233438808612e+02
2.959918735503526364e+02
2.960660809801551636e+02
2.961828387944833594e+02
2.970161550312789700e+02
2.971515426002019922e+02
2.978894388357900880e+02
2.989910511221715979e+02
2.999153019858391644e+02
3.013896069013808301e+02
3.039283369765000771e+02
3.043633997003645959e+02
3.054330551462521726e+02
3.059131613263092504e+02
3.060213593333178892e+02
3.076159066981034584e+02
3.081287977510450560e+02
3.100597304207337856e+02
3.109649003544284369e+02
3.110049608671793635e+02
3.117936419523296649e+02
3.122605848799436785e+02
3.155470610467280608e+02
3.164284916466094160e+02
3.183233879564591007e+02
3.190124911418303100e+02
3.197125918285057082e+02
3.199488802100332236e+02
3.201229432165282560e+02
3.227589984325991850e+02
3.240701236984926368e+02
3.245277095846615794e+02
3.256049004235931648e+02
3.260760864262271070e+02
3.266107601271166914e+02
3.305347417861211170e+02
3.312325745953721707e+02
3.321516034019327890e+02
3.331895210865621948e+02
3.336116706504157037e+02
3.339714137522265673e+02
3.344510474217610749e+02
3.350694122125092349e+02
3.359286395457753542e+02
3.361907613301802371e+02
3.372891670456634188e+02
3.373988043609800798e+02
3.382465986995947560e+02
3.382740908386691103e+02
3.384137516873317395e+02
3.386639165731947969e+02
3.403244030816922532e+02
3.409114426760309016e+02
3.416481517948230362e+02
3.417816217990161931e+02
3.419317129878868400e+02
3.422571061139399262e+02
3.441220442787113711e+02
3.445988183259339053e+02
3.449752282046321170e+02
3.455024639198253453e+02
3.455708080536883244e+02
3.457617128742783734e+02
3.458577417552996280e+02
3.460054209348240875e+02
3.463088145822607089e+02
3.465720737792137243e+02
3.468457792098570849e+02
3.482044119778666982e+02
3.490967828597113680e+02
3.492797393792978937e+02
3.506805189216493659e+02
3.512662762170197652e+02
3.516959613604889228e+02
3.520120785884264478e+02
3.529160959518669642e+02
3.531031452830240482e+02
3.534107900609254216e+02
3.535633986163001055e+02
3.543699198496980216e+02
3.544793150404277071e+02
3.545640253197434504e+02
3.545784391485813103e+02
3.553563058069132126e+02
3.559701072153917494e+02
3.561131245672569889e+02
3.572063161991000015e+02
3.576867056426012255e+02
3.604881960143233641e+02
3.615418921446021727e+02
3.619001155217377459e+02
3.628047970010130712e+02
3.629716779286757173e+02
3.634344020989634032e+02
3.638892484526732005e+02
3.665916485798848043e+02
3.673814468819945773e+02
3.687754185697924640e+02
3.693224389764214379e+02
3.696638085440451960e+02
3.711680375207983502e+02
3.720436856334579261e+02
3.727229197245241039e+02
3.727411510904188958e+02
3.737873185153524673e+02
3.745467419443397148e+02
3.755397176720858283e+02
3.757310833032062192e+02
3.763921964291291715e+02
3.773708481134819408e+02
3.774733164896874769e+02
3.807729692848142804e+02
3.812234019430661647e+02
3.830632944441611016e+02
3.835771017095875663e+02
3.839937280980852847e+02
3.851327717396173398e+02
3.855285506081541484e+02
3.865891659720767279e+02
3.904133622492425957e+02
3.935166203386644383e+02
3.966237496749535012e+02
3.967061534924168882e+02
3.971037709212731102e+02
3.982492056533743607e+02
3.986254830862524727e+02
4.000497515073432737e+02
4.004716843971258413e+02
4.005591724937702907e+02
4.009812834581761649e+02
4.026245246147722128e+02
4.037001849971589422e+02
4.037087980511758474e+02
4.039037983097883853e+02
4.040859605688683018e+02
4.044766401069900894e+02
4.046604799628985916e+02
4.051762676419791092e+02
4.068290177693538681e+02
4.076491452370507318e+02
4.087181697349899423e+02
4.089246889195904942e+02
4.092809583144226053e+02
4.106740918709317043e+02
4.111416308374145956e+02
4.119927948839258534e+02
4.130833288274722577e+02
4.131852489313868091e+02
4.151673664119634282e+02
4.176732135299196784e+02
4.177335322267906008e+02
4.189628346963810372e+02
4.191861871681101661e+02
4.193566797137224853e+02
4.194506080772829932e+02
4.197008111610390984e+02
4.202289182625978015e+02
4.202554250290919526e+02
4.226202513294289247e+02
4.231190480968984389e+02
4.235522742441805804e+02
4.243872371181071230e+02
4.256776348513643597e+02
4.272392013907158343e+02
4.276309315849250652e+02
4.294978638689037780e+02
4.312424766071187605e+02
4.317404725710655384e+02
4.322288240814684741e+02
4.342237100470364339e+02
4.352518114212396085e+02
4.356653822669421743e+02
4.357318548398080225e+02
4.359866504244082535e+02
4.377407268714783868e+02
4.382336304098176925e+02
4.386017410932398093e+02
4.387604148399443602e+02
4.388039357008819366e+02
4.414728565650475502e+02
4.416200835329997858e+02
4.421884920788617137e+02
4.443420305564452519e+02
4.453568955573064159e+02
4.476348879238614700e+02
4.477854281978608810e+02
4.495103318218439199e+02
4.495326596787172093e+02
4.506585030993727514e+02
4.508161170277437577e+02
4.510251812564570741e+02
4.517666036653398010e+02
4.522831136053364958e+02
4.535032326346998275e+02
4.541968467479432547e+02
4.556514171378216247e+02
4.569196274307357726e+02
4.573170807982739916e+02
4.573534168710764334e+02
4.596340455795947264e+02
4.597768297654757816e+02
4.597851799365069496e+02
4.600383275928964508e+02
4.611319625455643063e+02
4.612186808813768266e+02
4.628173330042788507e+02
4.630658583341966050e+02
4.670288679041789237e+02
4.678920993924653544e+02
4.694523399787849485e+02
4.695399550767626806e+02
4.709669054613949584e+02
4.712334914006735289e+02
4.714838068409699190e+02
4.723419339539735802e+02
4.728865080500439717e+02
4.741765050834130761e+02
4.743714664267836838e+02
4.750175384298361223e+02
4.758689496050391767e+02
4.760523354062637509e+02
4.769753060563899112e+02
4.773826307234787691e+02
4.780777360662145838e+02
4.786155051960131459e+02
4.786916221823532851e+02
4.817324458070661422e+02
4.820145139148567637e+02
4.831860127324897576e+02
4.834362706303943469e+02
4.854764314590887579e+02
4.860218267785540434e+02
4.860928654060394365e+02
4.866260100683620067e+02
4.872713987741976212e+02
4.883124159214253268e+02
4.883701168472723566e+02
4.896792863758590784e+02
4.900202562950177025e+02
4.922624234409643691e+02
4.923442898655891895e+02
4.931998629717047606e+02
4.937751723994803683e+02
4.958238323555624447e+02
4.976771825730453997e+02
4.990612116050131704e+02
4.995591662088600060e+02
5.002673215563081612e+02
5.005929659773292997e+02
5.015678230796185062e+02
5.037306957433468710e+02
5.044508166671787421e+02
5.071184485888095992e+02
5.081845333401299740e+02
5.089952471630676882e+02
5.112239304297670515e+02
5.121715902940195519e+02
5.140048757653657958e+02
5.147916686542192792e+02
5.160109609638222992e+02
5.166757705179198865e+02
5.192602425610932642e+02
5.209332706874167798e+02
5.212503744329244455e+02
5.223361947870176891e+02
5.231838877718030290e+02
5.236318422552990342e+02
5.242412814401269543e+02
5.242828140528753238e+02
5.244779071150975369e+02
5.249881411197533225e+02
5.265411767020857496e+02
5.280683579669059782e+02
5.287376057222071495e+02
5.308478799575810854e+02
5.326582850085031851e+02
5.350959038223429616e+02
5.365791633673592287e+02
5.367513715822015001e+02
5.382075567810887833e+02
5.385801935579670499e+02
5.391886097338660875e+02
5.398231196727127781e+02
5.399748256119568168e+02
5.408560345794033992e+02
5.418603839379184137e+02
5.429623337563904215e+02
5.443724160694146121e+02
5.449798318414731284e+02
5.451216212847839415e+02
5.463771914016037954e+02
5.491858223363187790e+02
5.516694259337803032e+02
5.525486330274816282e+02
5.539356875203554864e+02
5.585356863040551616e+02
5.587091126240235326e+02
5.596521377681940521e+02
5.609689086186384657e+02
5.616371726832454669e+02
5.620735872320331055e+02
5.630296910285248941e+02
5.631601622439325183e+02
5.671581842219684404e+02
5.681677749152872821e+02
5.685620513061597876e+02
5.690296273879275759e+02
5.690365229718036062e+02
5.694162868322141549e+02
5.698723719823706233e+02
5.712476083481244586e+02
5.719416332893640629e+02
5.725351684000884234e+02
5.744537703204300669e+02
5.759566849238281065e+02
5.762525647852116890e+02
5.762617201595439838e+02
5.767498143531886399e+02
5.776705538720328832e+02
5.779762875484483402e+02
5.788127967382756651e+02
5.788587432743477166e+02
5.796354847450836587e+02
5.803101044307044276e+02
5.815021370463114181e+02
5.819496370840424788e+02
5.838346386400897927e+02
5.841850018835446008e+02
5.848561870972926044e+02
5.883210952408364847e+02
5.895080731999537420e+02
5.908411299826107097e+02
5.940097725856430770e+02
5.947135850725819637e+02
5.954523596887004260e+02
5.959545746378939839e+02
5.969880697169835457e+02
5.990622755537842750e+02
6.032987485975440904e+02
6.039005770532207862e+02
6.053621804200241741e+02
6.055172029642400275e+02
6.063808232551161836e+02
6.067407924960351693e+02
6.073202344669614376e+02
6.079596611621459488e+02
6.093549405183854333e+02
6.101837935757396281e+02
6.111022904146477686e+02
6.118280434105517998e+02
6.126279568909085356e+02
6.140897900325164755e+02
6.154277440452750625e+02
6.196069022396827677e+02
6.225413345207426801e+02
6.230859604887627938e+02
6.248396003775379768e+02
6.256525592563403961e+02
6.268233006936778793e+02
6.274746219979901980e+02
6.319794759401315787e+02
6.331422339394183609e+02
6.353253248670423545e+02
6.361700657331836055e+02
6.410455892756883713e+02
6.410656890206421394e+02
6.418068222218472556e+02
6.420339527299357769e+02
6.498850106268238278e+02
6.501101838276225635e+02
6.515037857544909912e+02
6.526113835870348794e+02
6.529584096016524200e+02
6.541726035382000646e+02
6.544306305269392396e+02
6.555398786515859229e+02
6.614952886247463084e+02
6.619263815281809684e+02
6.623658765438082128e+02
6.644821135772269827e+02
6.654761663595193113e+02
6.663628325458806785e+02
6.690026511863109135e+02
6.692009435153275945e+02
6.695015104150330671e+02
6.698878424260901738e+02
6.700823253149729908e+02
6.716331437304907013e+02
6.729516572998362562e+02
6.736047329043963146e+02
6.739206099717320058e+02
6.749004026577557624e+02
6.773663056299607206e+02
6.778270300293877426e+02
6.786792132899474836e+02
6.804190922468628742e+02
6.806032078154838700e+02
6.816435411689888042e+02
6.816921979558106841e+02
6.822165662061618150e+02
6.861716974962245104e+02
6.866081210312099756e+02
6.879443190783040336e+02
6.883397278625752733e+02
6.888924361367970732e+02
6.891365146869525233e+02
6.892047022117652659e+02
6.945871013491830581e+02
6.956257508796210232e+02
6.957301419729767531e+02
7.002731672450881888e+02
7.019624891304198400e+02
7.025452055093627450e+02
7.052135446355130171e+02
7.063866472922329649e+02
7.067018149394847342e+02
7.082921690820080585e+02
7.139077224501800174e+02
7.149415584748492165e+02
7.152979941479045465e+02
7.167886842125930116e+02
7.191550588855363912e+02
7.205792740827725993e+02
7.228234956573721774e+02
7.252742327354785630e+02
7.253300346502001048e+02
7.256311574676219607e+02
7.264071006831210298e+02
7.264273651777493797e+02
7.275640513407699927e+02
7.283319401207586452e+02
7.304482015811238398e+02
7.308379587405950133e+02
7.338017318873867225e+02
7.402204533749609254e+02
7.422642649972391382e+02
7.428151206597299279e+02
7.439626860911725998e+02
7.462293594748541636e+02
7.468274890929421872e+02
7.486473948618595387e+02
7.489098741603709186e+02
7.538065533049525584e+02
7.556753115848512152e+02
7.577070546908057622e+02
7.586811402081635833e+02
7.618473877126011757e+02
7.624902643982600239e+02
7.625702842135074206e+02
7.656141542555940305e+02
7.662534007547379815e+02
7.699213920890691725e+02
7.703835691657887992e+02
7.729549426542760102e+02
7.749124682909076682e+02
7.770692000607261889e+02
7.770884827544423388e+02
7.785233792100764276e+02
7.788809635446159518e+02
7.790528546750667829e+02
7.792239306510924735e+02
7.801550581300959948e+02
7.809456328399164704e+02
7.823210384636577146e+02
7.840234167632122535e+02
7.847589564546913152e+02
7.872446723547402598e+02
7.877674129311027400e+02
7.882516389655110061e+02
7.900434659478441972e+02
7.948939946977104682e+02
7.954261165055593210e+02
7.976350100132151510e+02
7.991013496087944077e+02
7.995110023638766279e+02
8.004255409711938682e+02
8.038941848079209649e+02
8.065207189283207754e+02
8.076829693553556808e+02
8.084089412563280348e+02
8.088866327634418667e+02
8.092260801740519582e+02
8.116725517547065465e+02
8.157137715552736381e+02
8.166800795566977058e+02
8.174300314586284912e+02
8.184566268610809630e+02
8.196674659228683595e+02
8.197716291630750902e+02
8.212746904766675016e+02
8.214100849279111571e+02
8.290817382479282287e+02
8.301564866793380588e+02
8.304820241593554329e+02
8.312736611237465922e+02
8.359035043246656187e+02
8.372169494516890609e+02
8.396349707320996458e+02
8.398247636906937714e+02
8.399565767841945672e+02
8.419683443584349334e+02
8.452330685215322319e+02
8.457306953022598464e+02
8.486746422452032448e+02
8.489225411121605021e+02
8.490659593700975165e+02
8.504790710397896873e+02
8.533648195605211413e+02
8.547586954695957502e+02
8.567089404318857078e+02
8.586127952967940473e+02
8.605403927693738524e+02
8.610296621702789253e+02
8.618837507629225456e+02
8.621031342559016366e+02
8.621670232687545194e+02
8.624105018052598552e+02
8.637354922686494092e+02
8.657933244708560778e+02
8.678015133230924221e+02
8.683656680682274782e+02
8.689007455563360054e+02
8.700055925544315869e+02
8.742896419681496809e+02
8.743235837774880110e+02
8.746464892764125807e+02
8.751940726386728784e+02
8.773188586129590476e+02
8.775744952246998309e+02
8.810489217974273970e+02
8.817203095538689013e+02
8.828195322405376828e+02
8.832178019059840608e+02
8.832799467340300907e+02
8.834196066874230837e+02
8.845359920886469354e+02
8.849883551850675758e+02
8.850712061462406837e+02
8.913174735496103267e+02
8.952250407597884987e+02
8.953206542110656301e+02
8.963004023989940379e+02
8.963167169208095402e+02
8.973505878410929881e+02
8.993802331600012394e+02
9.019157615150501215e+02
9.066370654586992259e+02
9.073760749376403965e+02
9.087741849103676941e+02
9.137226101437538546e+02
9.173528029690189669e+02
9.202051804406314659e+02
9.203511177315515397e+02
9.228392578470900389e+02
9.243138647722944370e+02
9.260960279734230198e+02
9.274460512193264776e+02
9.307529183972037572e+02
9.320941916480875307e+02
9.386609602420335250e+02
9.388544763848412913e+02
9.390258720391896077e+02
9.461687719019564611e+02
9.475815315879220861e+02
9.482279688144924421e+02
9.490871463575007283e+02
9.521685747658461878e+02
9.660549605849433874e+02
9.671452844467869454e+02
9.673321715509981686e+02
9.779261351280978261e+02
9.779410743192479458e+02
9.796800127766118749e+02
9.801084810508264127e+02
9.820879998844998227e+02
9.861114399524738019e+02
9.902890700840448517e+02
9.970830657448623242e+02
1.000535656277742532e+03
1.002561649811605776e+03
1.003764917085886964e+03
1.004342762370657965e+03
1.005037577750019068e+03
1.011806555103694222e+03
1.018872605670797611e+03
1.022535963921209600e+03
1.027854390670791872e+03
1.033770811913024545e+03
1.035416107298902716e+03
1.044175973197994381e+03
1.046592957121399650e+03
1.048543958104192370e+03
1.048762720523631288e+03
1.052240320128250914e+03
1.061092326868023974e+03
1.061995613914756632e+03
1.062379973602833161e+03
1.065257211182741685e+03
1.069719589198737367e+03
1.074025862351343449e+03
1.074651138052882061e+03
1.077722335397855204e+03
1.077881980452511016e+03
1.085078075512722535e+03
1.085583413464555179e+03
1.086274655330243149e+03
1.089544058105000431e+03
1.089786567940184341e+03
1.090201710929883347e+03
1.096572594191706457e+03
1.097535550397527686e+03
1.103404845767719053e+03
1.104042231528090042e+03
1.104977629097878889e+03
1.104988612981951519e+03
1.106365716690243971e+03
1.108806185416137623e+03
1.109241438500785080e+03
1.112451626593584479e+03
1.112508893014510477e+03
1.117026034106575480e+03
1.123052476887482271e+03
1.124895549522877445e+03
1.125814991867292292e+03
1.127471542711227357e+03
1.127478958778706783e+03
1.128308370750608447e+03
1.131122225342337970e+03
1.133875342070025908e+03
1.133953618545343033e+03
1.138442864624978938e+03
1.139227806482078449e+03
1.142854822417463311e+03
1.144749937497185329e+03
1.145390107235718688e+03
1.147404289777544818e+03
1.147745025169428800e+03
1.149640253387322673e+03
1.151103998509101530e+03
1.155174518728272687e+03
1.155362074214630638e+03
1.158638285179635204e+03
1.160188260287940693e+03
1.161461041845712771e+03
1.161553058323569530e+03
1.163238258789114070e+03
1.163588995906547325e+03
1.164261227759678604e+03
1.165135765489027790e+03
1.166624423960693093e+03
1.178325684958563897e+03
1.179608431653005255e+03
1.181168546170935315e+03
1.186695449468925972e+03
1.188897601157698318e+03
1.190663356585707334e+03
1.190730789042243487e+03
1.192046690753219082e+03
1.194355853408227176e+03
1.198472346793930683e+03
1.199137350047313248e+03
1.202931254225755083e+03
1.203486161972430182e+03
1.209340224865353321e+03
1.209475843447692569e+03
1.209757853847375600e+03
1.209960932637409996e+03
1.211885647604507085e+03
1.215591385095441638e+03
1.219262681122540243e+03
1.221734066338367711e+03
1.223573549146506139e+03
1.224714313684752824e+03
1.226359949743449988e+03
1.231370352100320133e+03
1.231479053525452400e+03
1.235192456688718266e+03
1.237555737660765089e+03
1.239373463304716324e+03
1.239814726212918004e+03
1.242748662870453927e+03
1.245317367534270034e+03
1.250244774677720898e+03
1.255657654710936413e+03
1.260045073273442995e+03
1.260157418010101082e+03
1.263931411207524889e+03
1.268986381767325838e+03
1.272613504758758154e+03
1.280698021330529400e+03
1.281977858099462765e+03
1.282264560704601081e+03
1.287498773612790956e+03
1.293108587677072137e+03
1.297938392473197609e+03
1.301835057762841870e+03
1.305188079362754252e+03
1.310557903117128262e+03
1.317748066922005364e+03
1.319076982860478893e+03
1.319278319388838327e+03
1.322800201894512838e+03
1.325918195077836572e+03
1.329091768469838826e+03
1.329700440312780529e+03
1.336566044724540461e+03
1.341962972007467215e+03
1.343981650415136983e+03
1.344152084177348570e+03
1.344456705453764926e+03
1.347478364022431151e+03
1.349666446035406807e+03
1.355313493015413314e+03
1.362388900590321100e+03
1.367894605046074275e+03
1.370262254478467412e+03
1.374591420574319727e+03
1.380006164435791106e+03
1.384995094356221443e+03
1.385446720295435625e+03
1.387866096489424535e+03
1.390929074863091046e+03
1.391557784299225659e+03
1.395500047612765457e+03
1.396353364284340614e+03
1.404149790622414002e+03
1.405669586168691467e+03
1.406839490741179816e+03
1.408494565837962682e+03
1.410739491163231150e+03
1.411942717946070388e+03
1.412718155835274956e+03
1.414226079639728368e+03
1.428307197282899779e+03
1.431276553393215636e+03
1.432979055837522537e+03
1.433955296668004848e+03
1.438961187292852856e+03
1.439267730191156488e+03
1.440176009732724879e+03
1.440518424920937605e+03
1.444447534123953574e+03
1.453434968435066367e+03
1.458036719156761365e+03
1.459307474951890981e+03
1.460586950386683156e+03
1.461290737123825693e+03
1.468229761103740202e+03
1.476254354344705916e+03
1.480863673873107018e+03
1.483084776050279743e+03
1.485259068675123217e+03
1.490458028374416472e+03
1.495193294387948526e+03
1.495998777980144041e+03
1.509195750661741840e+03
1.512032757423744670e+03
1.518105625197169047e+03
1.521659522693752706e+03
1.524488994609176871e+03
1.539470305538177854e+03
1.547863404033956613e+03
1.549057161775506756e+03
1.553904932661072507e+03
1.554293085812847039e+03
1.554635374706609809e+03
1.559862735278743457e+03
1.563198656701699974e+03
1.565764196207413306e+03
1.568536422399389721e+03
1.571262997477163253e+03
1.574130970203043944e+03
1.574169322320953142e+03
1.577304866553364036e+03
1.577440029810338274e+03
1.583048339170515419e+03
1.601068737531332090e+03
1.603780497764088977e+03
1.607770010819929666e+03
1.611311628895380863e+03
1.617324460995528170e+03
1.626516278062036690e+03
1.627648000334422704e+03
1.631584625756877131e+03
1.633591576500799647e+03
1.635695485355490064e+03
1.638786887021794882e+03
1.646000682427410766e+03
1.647683356934410313e+03
1.649458714935941771e+03
1.654445206178907029e+03
1.657920798280833878e+03
1.666609065281289304e+03
1.673602622571718030e+03
1.677705098578008574e+03
1.677885255430478310e+03
1.686889975069044795e+03
1.689468066027756095e+03
1.693073308558957478e+03
1.695097705904081067e+03
1.697612332650262942e+03
1.704068472729387395e+03
1.714747489404626549e+03
1.715760533481679204e+03
1.717577298124540903e+03
1.718150720929892486e+03
1.719476856526599477e+03
1.719933906724584176e+03
1.722811956359994383e+03
1.736909552142743678e+03
1.756315528010873777e+03
1.760109448836734600e+03
1.760481751622514139e+03
1.761224970381753337e+03
1.761535069977660442e+03
1.762026971424498242e+03
1.770210559203377670e+03
1.772709756199692265e+03
1.773709003685007247e+03
1.790823696700586197e+03
1.791418528212491765e+03
1.792437948644034805e+03
1.792759576745739423e+03
1.796294869120817339e+03
1.798900174817022616e+03
1.801481994280322851e+03
1.808992076961803377e+03
1.809116117909051127e+03
1.811001428080062851e+03
1.811803062200552858e+03
1.812471857715117721e+03
1.814463611658166883e+03
1.817126056826794411e+03
1.822049024199003725e+03
1.828170214736825528e+03
1.831977909092397113e+03
1.833575885819318273e+03
1.836632974203007961e+03
1.839262098215504921e+03
1.841895376426893790e+03
1.844502960288626582e+03
1.850112572370284852e+03
1.850285764886495372e+03
1.850927371526262277e+03
1.853144936834215741e+03
1.860556035636884417e+03
1.861752363011030411e+03
1.864702545719315140e+03
1.870815139003939294e+03
1.874614281776288863e+03
1.880924883455096960e+03
1.892378982477357340e+03
1.894846831493025093e+03
1.901100952929385812e+03
1.918159321696247616e+03
1.922072388216861100e+03
1.929266257098541701e+03
1.933125065791371298e+03
1.935659708485030478e+03
1.936136862415091855e+03
1.936421956690157685e+03
1.942389262724944274e+03
1.946653974077076100e+03
1.949152429202528310e+03
1.952170442606517781e+03
1.954678808573775086e+03
1.955932184566805290e+03
1.959350858400309562e+03
1.970104878296000379e+03
1.971182923991648977e+03
1.975606309319025740e+03
1.985143495981209071e+03
1.985354172060364135e+03
1.991735981344650099e+03
1.995369893112447699e+03
1.997353591380910757e+03
1.997665641069797175e+03
1.999141358286541617e+03
2.000059277263831291e+03
2.001780635467537877e+03
2.002029729997475215e+03
2.002954015733173947e+03
2.004974408486893708e+03
2.006858025309468303e+03
2.007787785667849448e+03
2.011404228820993922e+03
2.012033165065633739e+03
2.020920604519692233e+03
2.032041937705980217e+03
2.034715645217482006e+03
2.041701045885015901e+03
2.048665009764783008e+03
2.051434586894432869e+03
2.053251134690759045e+03
2.060375488356006827e+03
2.060442676313251468e+03
2.060481384153977615e+03
2.060671495343615334e+03
2.061226035101177786e+03
2.079284608652093084e+03
2.080162505258371311e+03
2.080981707688488314e+03
2.083384265842206787e+03
2.085543535626971789e+03
2.089535608930813851e+03
2.090946313523563276e+03
2.090973613832180945e+03
2.093152255266395059e+03
2.095989036887654038e+03
2.099824117731200204e+03
2.101727598149436290e+03
2.102268862493442612e+03
2.105469774802908432e+03
2.107692619741930685e+03
2.118080217086868288e+03
2.121958777130533235e+03
2.130426248534764909e+03
2.136062716611182623e+03
2.136565828001084355e+03
2.154344804860404111e+03
2.154431504308688091e+03
2.158733395705063685e+03
2.168180888178945224e+03
2.171263239262298157e+03
2.173044688972889617e+03
2.177032970316152387e+03
2.181787200220060186e+03
2.185461870588576858e+03
2.192186989477886073e+03
2.193392309746800947e+03
2.197375748970081077e+03
2.202374348287846715e+03
2.205486806171890294e+03
2.209938460461419254e+03
2.211975537488801820e+03
2.213935734053769011e+03
2.214058685635757229e+03
2.216567430381103804e+03
2.218851807482776621e+03
2.219646834269070041e+03
2.224064730457605492e+03
2.230674994443879768e+03
2.234608086786759031e+03
2.239048213140171811e+03
2.243754563288919144e+03
2.245761527755897532e+03
2.255724535540865418e+03
2.257549015100118140e+03
2.260080764018063746e+03
2.261748383002576247e+03
2.263346729388254971e+03
2.274051710768199882e+03
2.281034578014413455e+03
2.282371527838033217e+03
2.283100134993275333e+03
2.285847103802884249e+03
2.294242414246381031e+03
2.300278015669075558e+03
2.300463839566504703e+03
2.304335356189494632e+03
2.308640162006958690e+03
2.314845202266958040e+03
2.315436922867948397e+03
2.328685540432984908e+03
2.329464978462638555e+03
2.339344094657590176e+03
2.340907769349798855e+03
2.342353782582377789e+03
2.343895721614827835e+03
2.345350264852506371e+03
2.359000094871547390e+03
2.369409164684996085e+03
2.378110363438891909e+03
2.380330808041654109e+03
2.386657108786480421e+03
2.403309379328594332e+03
2.403632542570466285e+03
2.403636232393168029e+03
2.405757683046917009e+03
2.406283488309273707e+03
2.407091575813900818e+03
2.407743572084846164e+03
2.410848114157428427e+03
2.411527904688697618e+03
2.412501870180715287e+03
2.413023759856445849e+03
2.417334168298909844e+03
2.417449138651642897e+03
2.418042702780235686e+03
2.418404888133200529e+03
2.418687539439019019e+03
2.419995612168207117e+03
2.420283769077664601e+03
2.420451692815648130e+03
2.420827152823827873e+03
2.421377018329577368e+03
2.421625300799601973e+03
2.423825810696695953e+03
2.424275784915375880e+03
2.424651500242928250e+03
2.425437604813741018e+03
2.425697474878929370e+03
2.426292824029151689e+03
2.426737329634805064e+03
2.428660594150400357e+03
2.428714366656048696e+03
2.429002934894016107e+03
2.429424774235273162e+03
2.429518694914019306e+03
2.430313743303193860e+03
2.431232894815249892e+03
2.431699405278523045e+03
2.432920859603250847e+03
2.434909919365642963e+03
2.436415481826728865e+03
2.438314045090570289e+03
2.438518286836237621e+03
2.439213113022060043e+03
2.439757401822554584e+03
2.440549886746446646e+03
2.440931925767019948e+03
2.441132911718699688e+03
2.442674810606158644e+03
2.443912197648674919e+03
2.445014599408195409e+03
2.445050700245112694e+03
2.445607455938594285e+03
2.445724803999125015e+03
2.450404262323459079e+03
2.452057354495952495e+03
2.452232800600225346e+03
2.452451588178123984e+03
2.452590882707298078e+03
2.455558670360240285e+03
2.457560197415622952e+03
2.458386753546229556e+03
2.460280106597716895e+03
2.462553154307200657e+03
2.463613451972467828e+03
2.464560561605171188e+03
2.464811454752879854e+03
2.465021940027232631e+03
2.467996920668096209e+03
2.468423931584679849e+03
2.469584128834792409e+03
2.470113624573129982e+03
2.470392624556636292e+03
2.471061167692344497e+03
2.471754031264777495e+03
2.472360437279862253e+03
2.476401186613815298e+03
2.476968835110409145e+03
2.477943962623510288e+03
2.478933770973252649e+03
2.479513928497501183e+03
2.482248199967941673e+03
2.482441810664440709e+03
2.488633433243226136e+03
2.488960674386296432e+03
2.490938506783598768e+03
2.490982544270278595e+03
2.491403741729412104e+03
2.491657293197406943e+03
2.491876086235983621e+03
2.493544839925577890e+03
2.494622068724404016e+03
2.497011468634656012e+03
2.497300125934612879e+03
2.497402778067018062e+03
2.499900573917459496e+03
2.503829917961335468e+03
2.504271457271694544e+03
2.504910968923754808e+03
2.505975422550619442e+03
2.506026413790815241e+03
2.506498891749581162e+03
2.508040922241455519e+03
2.510260326687459383e+03
2.510327805263186747e+03
2.512766485543730596e+03
2.514186988042974008e+03
2.517271798771654176e+03
2.518342883571010589e+03
2.519094455122285126e+03
2.519598908331694020e+03
2.519794774742792470e+03
2.520894053629548580e+03
2.521295630431287464e+03
2.523308540942011405e+03
2.524238925758678306e+03
2.524846199453928421e+03
2.527121476094628633e+03
2.527825015167111360e+03
2.528459884477684227e+03
2.529749363499039646e+03
2.531280937216617531e+03
2.531853506589873177e+03
2.534160762151450854e+03
2.534935394646396617e+03
2.535111280877455556e+03
2.535530303621168969e+03
2.536313200367988429e+03
2.537834030521796194e+03
2.537940127130796100e+03
2.538443239387420363e+03
2.539561683685115440e+03
2.542805438810629767e+03
2.544403245490597328e+03
2.545063694015977489e+03
2.546118575645680721e+03
2.546356213177908558e+03
2.546472341106533349e+03
2.549030057657750604e+03
2.549089044871749138e+03
2.550769822939032565e+03
2.551842558852073125e+03
2.552826638444937089e+03
2.553666576243802410e+03
2.554703828308949142e+03
2.555522406583561406e+03
2.555717937272481322e+03
2.556287393181612515e+03
2.558112439173495659e+03
2.559887335965400780e+03
2.560593039435777428e+03
2.560748305341924606e+03
2.561987139084167666e+03
2.562003574381353246e+03
2.564009223814221059e+03
2.564387846692107814e+03
2.564858860768505110e+03
2.565067962646878641e+03
2.566140672213713060e+03
2.567335025211007633e+03
2.568689044763372749e+03
2.570193665888671148e+03
2.573516075101922524e+03
2.575982538952642244e+03
2.578342900555851884e+03
2.580178300008185033e+03
2.580483546043899423e+03
2.581875881325293449e+03
2.582128210826634131e+03
2.583294296655297330e+03
2.584180075428018426e+03
2.584565831469303248e+03
2.585876386469348745e+03
2.587075706400828039e+03
2.587157797402971937e+03
2.587168750887491569e+03
2.589945412678206594e+03
2.591000904650162283e+03
2.591160443042484076e+03
2.592247894407061722e+03
2.592291623203599556e+03
2.592591450132979844e+03
2.595060327719445922e+03
2.595263210714158049e+03
2.597806176661734753e+03
2.598090815910401489e+03
2.598411183321124554e+03
2.598551756954813754e+03
2.599473517346165409e+03
2.600264969787441260e+03
2.600846086559457035e+03
2.604068333762505972e+03
2.606440411825962656e+03
2.607001467246199809e+03
2.607648402508239542e+03
2.607730845397310986e+03
2.608485326670738687e+03
2.608510568657566182e+03
2.608543366214278194e+03
2.612623409322893167e+03
2.614897016418804469e+03
2.615279329697452795e+03
2.617301645138622462e+03
2.619195153071773802e+03
2.620084314168420406e+03
2.621062123483254709e+03
2.621207123216339824e+03
2.621230130616445877e+03
2.621252507837702069e+03
2.626581126149042575e+03
2.626848998668573586e+03
2.628086946936640288e+03
2.629311798666520644e+03
2.629442940270898816e+03
2.630791468092401828e+03
2.632396059354354747e+03
2.634157654573158652e+03
2.634228475820531912e+03
2.634608426301115742e+03
2.635504963151116954e+03
2.636071015876588717e+03
2.637009130892118264e+03
2.638634988236918616e+03
2.640106952346708567e+03
2.640461133564896954e+03
2.641777620035286418e+03
2.641797764932547580e+03
2.644191080851805509e+03
2.645234912547357453e+03
2.645756657828037078e+03
2.646744169090308333e+03
2.646784295554103664e+03
2.647820289075758410e+03
2.648261368670062438e+03
2.651958390860016152e+03
2.652261473827776626e+03
2.652609988312926362e+03
2.653307124821884827e+03
2.655427487323528567e+03
2.658604344681786642e+03
2.658839123262968315e+03
2.660417007032235233e+03
2.663392296133521086e+03
2.664023726268437713e+03
2.665261939004522446e+03
2.665981264572139935e+03
2.667625406682070206e+03
2.668257262399235515e+03
2.668535322211961102e+03
2.670006937019403267e+03
2.670528597640627140e+03
2.675817591964325402e+03
2.676827157154018096e+03
2.678100290377288729e+03
2.678153345843835723e+03
2.679178564393174838e+03
2.681087346909318967e+03
2.685421002661997136e+03
2.686600405951178345e+03
2.686950419489844080e+03
2.687287585351613870e+03
2.687872993296310142e+03
2.688878062571273858e+03
2.688934533476752222e+03
2.689746648345966150e+03
2.690358010453508996e+03
2.692683060257974375e+03
2.692762126473015996e+03
2.695103677579023952e+03
2.696335656064466093e+03
2.697376798110656637e+03
2.697647404446993733e+03
2.697745050647512471e+03
2.698241808366350142e+03
2.698459895150930151e+03
2.699009056155893177e+03
2.700003490426609915e+03
2.700040407901345588e+03
2.700406087714640307e+03
2.700442146625893201e+03
2.700469531557441769e+03
2.700965479081283775e+03
2.701145976797574804e+03
2.701308980895092645e+03
2.701568884062873622e+03
2.701651739748126147e+03
2.702299209794767648e+03
2.702352477231574994e+03
2.702658985534040767e+03
2.702711540723787493e+03
2.702799485948127767e+03
2.702977146338350849e+03
2.703039355208322831e+03
2.703425395036222199e+03
2.703511983219271315e+03
2.703630935032832440e+03
2.703721210883194544e+03
2.703782255992727642e+03
2.704294583300118120e+03
2.704408016596486050e+03
2.705084299466874199e+03
2.705265709009988768e+03
2.705401966680136411e+03
2.705734828328929325e+03
2.705798289275280240e+03
2.706547019032646858e+03
2.707005628898455598e+03
2.707078489393658856e+03
2.707257529167406574e+03
2.707558024187768751e+03
2.707634327971725270e+03
2.707859012559619259e+03
2.708150226367667983e+03
2.708261015960839813e+03
2.708750929093579543e+03
2.709286737275803262e+03
2.709956806368727939e+03
2.710084080054984952e+03
2.710401080017944878e+03
2.710593406482071714e+03
2.710805645487428137e+03
2.711016408750246228e+03
2.711271327119672151e+03
2.711678988997700344e+03
2.711698803772473639e+03
2.711837859867269799e+03
2.712585367029490953e+03
2.712607402551421728e+03
2.712726689462067498e+03
2.712952120739103520e+03
2.713121721692684332e+03
2.713169982792901465e+03
2.713473389698684969e+03
2.713694623650715130e+03
2.714055572558280801e+03
2.714442850793505841e+03
2.714455803717989056e+03
2.714993708597903606e+03
2.715067803439192176e+03
2.715340614432629991e+03
2.715500616497388364e+03
2.715586973266280438e+03
2.715677363785807302e+03
2.715706506056241778e+03
2.716299610446871156e+03
2.716390326000291680e+03
2.717116416345376365e+03
2.717294274659707298e+03
2.717353334834147972e+03
2.717427585624104722e+03
2.717565278773193768e+03
2.717857410104331393e+03
2.718660967849411009e+03
2.718681931764565888e+03
2.718737278085721300e+03
2.718795961036606514e+03
2.718806886486559961e+03
2.719092272785992918e+03
2.719456078344890557e+03
2.719561377378147426e+03
2.719609847269315651e+03
2.719708457686309885e+03
2.719802953242072363e+03
2.719933153306732493e+03
2.720300508570000602e+03
2.720687404906926531e+03
2.720702277783844693e+03
2.720892344448721815e+03
2.721279664840132227e+03
2.721302299359976587e+03
2.721347485552029866e+03
2.721513566654295118e+03
2.721532741867953973e+03
2.721694942577381426e+03
2.721870550610371083e+03
2.721924468608104689e+03
2.722681512185025440e+03
2.722871765392069392e+03
2.723058622582849239e+03
2.723117483740299576e+03
2.723294800401481552e+03
2.723536744895136962e+03
2.723690748657248605e+03
2.723821975392908826e+03
2.724054004224571145e+03
2.724180454127137182e+03
2.724517603724033506e+03
2.725039225496815106e+03
2.726127830038731645e+03
2.726580128903884997e+03
2.726581414190903615e+03
2.726786857357672034e+03
2.727897191946939529e+03
2.728157185447006668e+03
2.728619783193963030e+03
2.728960341058632366e+03
2.729753429876164773e+03
2.730191243557059806e+03
2.730541104884860943e+03
2.730567716419804128e+03
2.730754789219942268e+03
2.731267440842504129e+03
2.731609476675257156e+03
2.731642109986988999e+03
2.732407726239207477e+03
2.732779263092886595e+03
2.733216177997894647e+03
2.733296840764044191e+03
2.733299429637394496e+03
2.733453663696383046e+03
2.733774117123581163e+03
2.734151518042980570e+03
2.734228735466379931e+03
2.734346291419771660e+03
2.734430661560765202e+03
2.734479899117869991e+03
2.734841688060157594e+03
2.735500857277016166e+03
2.735550787079445399e+03
2.736062168736172680e+03
2.736167524921107088e+03
2.736307500145557697e+03
2.736415925447821792e+03
2.736450412890275402e+03
2.736876203539616199e+03
2.736900988537123794e+03
2.737310519700153236e+03
2.737446244190054585e+03
2.737665064428796086e+03
2.737879422469350629e+03
2.738360040366725116e+03
2.738428723909859855e+03
2.739195703147038785e+03
2.739446735969394467e+03
2.739514508573728108e+03
2.739518632036368672e+03
2.740043991724783154e+03
2.740148508899907938e+03
2.740282455270682476e+03
2.740330538822436665e+03
2.740606224683305754e+03
2.740980271095351782e+03
2.741759010403708544e+03
2.741773611335278474e+03
2.742007229265995193e+03
2.742165890273508012e+03
2.742213458414627439e+03
2.742240884667802675e+03
2.742591596928298259e+03
2.742641137138037266e+03
2.742778243224572634e+03
2.742855086190251768e+03
2.742862788401823309e+03
2.744088812876462725e+03
2.744190913283691316e+03
2.744235758011885082e+03
2.744638790821534712e+03
2.744666415099733513e+03
2.745374048620480153e+03
2.745478522440029792e+03
2.745631284966681960e+03
2.746243512953546087e+03
2.746337924166997254e+03
2.747181962453914821e+03
2.747386446850604443e+03
2.747672450300805849e+03
2.748007480938957997e+03
2.748021490486371931e+03
2.748501430871088360e+03
2.748670021734743841e+03
2.748809923142569914e+03
2.748910601079477146e+03
2.749411906029688907e+03
2.749444444718831164e+03
2.749724933946046804e+03
2.749732362048982850e+03
2.749786468588735715e+03
2.750058060509625648e+03
2.750085926624159583e+03
2.750196391200317976e+03
2.752128477940723315e+03
2.752464431152787711e+03
2.752566531631748148e+03
2.753228630840912047e+03
2.753776683572336879e+03
2.754484190326980752e+03
2.755267451771407650e+03
2.755342875940091744e+03
2.755599053858614297e+03
2.755830425353883129e+03
2.755840769326004192e+03
2.756223583229274482e+03
2.756407420384624857e+03
2.757032294935118443e+03
2.757477883720447608e+03
2.758387151011461356e+03
2.758572180886947535e+03
2.758749925240280845e+03
2.758829313821518099e+03
2.759077711336028642e+03
2.759241146957981073e+03
2.759429289827921821e+03
2.759764582468215849e+03
2.760142354658520617e+03
2.760393632346730101e+03
2.760409134640792217e+03
2.760604700520746974e+03
2.760744168049571272e+03
2.760966927325825964e+03
2.761129937738306580e+03
2.761210690388669718e+03
2.761404032717185146e+03
2.761464382245213983e+03
2.761706178658666431e+03
2.762097773531528219e+03
2.762122742763256610e+03
2.762664817201549340e+03
2.762755639622378567e+03
2.763211489160160909e+03
2.763598216409597626e+03
2.763793312911328940e+03
2.764053409893201660e+03
2.764722203752936366e+03
2.765367766276497150e+03
2.765720642730557302e+03
2.766183585813363607e+03
2.766255834888902882e+03
2.766622761207996064e+03
2.767288044985513352e+03
2.767384683553155810e+03
2.767595078985370492e+03
2.767614380402029838e+03
2.767808699344800061e+03
2.767837599374901401e+03
2.768153867107054339e+03
2.768324920830963038e+03
2.768470609048109509e+03
2.768603033881082411e+03
2.769124998635204975e+03
2.769715296916814168e+03
2.770492021498786016e+03
2.771230040512441974e+03
2.771638863414461866e+03
2.771853050972861638e+03
2.771962233826783631e+03
2.772119673868051905e+03
2.772207813549751336e+03
2.772567988233866799e+03
2.772568148477651903e+03
2.772579504094658660e+03
2.772593139095113656e+03
2.773981090493407464e+03
2.774003659356486878e+03
2.774047160760570478e+03
2.774093639721600084e+03
2.774202094745724935e+03
2.774863859954851705e+03
2.775289998402089623e+03
2.775300414978690242e+03
2.775672306052008480e+03
2.776317474252553893e+03
2.776959018733274206e+03
2.777282166100116683e+03
2.777586250466411457e+03
2.777789027659732255e+03
2.777800469195128244e+03
2.777862534952826991e+03
2.777971493772849954e+03
2.778047337288615381e+03
2.778086057269801131e+03
2.778511705120771694e+03
2.779597841266639989e+03
2.779674849887581786e+03
2.780277803018391296e+03
2.780946216038464172e+03
2.781074307639235030e+03
2.781117985915357622e+03
2.781422814134014516e+03
2.781584917838589263e+03
2.781921242991843883e+03
2.782221476802657435e+03
2.782411144514367606e+03
2.782419457655855695e+03
2.782614352276625596e+03
2.782730270475406996e+03
2.782850867346269752e+03
2.783044292337391653e+03
2.783071346213342622e+03
2.783627961724365832e+03
2.783782826536323228e+03
2.784011198865146980e+03
2.784204964654792093e+03
2.784301349672613924e+03
2.784456359524479012e+03
2.784656122407960083e+03
2.784741727911000908e+03
2.784743623193107851e+03
2.784748819791855567e+03
2.785282227878255071e+03
2.785735066657760854e+03
2.785772036771747935e+03
2.786141387425372614e+03
2.786222878939674047e+03
2.786521631345623518e+03
2.786665481672749593e+03
2.786773431591796452e+03
2.787151351701425938e+03
2.787665469138569279e+03
2.787846611010289507e+03
2.787992583234169615e+03
2.788046646962436625e+03
2.788385818903857853e+03
2.788512212296247071e+03
2.788587148214382978e+03
2.788590443271549702e+03
2.788967973661779070e+03
2.789171342312585239e+03
2.789264535395646362e+03
2.789415662591833097e+03
2.789617672076632061e+03
2.789818676511504236e+03
2.789869703386162200e+03
2.789940158269570929e+03
2.789975733452095483e+03
2.790379578227999900e+03
2.790699974805448164e+03
2.790874718649957686e+03
2.790879271692128896e+03
2.791182753676508128e+03
2.791183920372217017e+03
2.791259615890884106e+03
2.791425328615840044e+03
2.791593203009019362e+03
2.791681264647064381e+03
2.791894049633463965e+03
2.792811815358834792e+03
2.792936357762729585e+03
2.793365248519018223e+03
2.793559157375064842e+03
2.794004375275542770e+03
2.794190015213205697e+03
2.794305033955124600e+03
2.794688203129005160e+03
2.794881044918792213e+03
2.795028503120257938e+03
2.795083976337335571e+03
2.795276038578334919e+03
2.795660045496341809e+03
2.796448710374364509e+03
2.796500996897864752e+03
2.797531204629509830e+03
2.797588540206909329e+03
2.798079484901423712e+03
2.798457826082793417e+03
2.799064519461449436e+03
2.799404102130915362e+03
2.799469409720158183e+03
2.799657309934681507e+03
2.800271495608818441e+03
2.800353386622579819e+03
2.800562414211261967e+03
2.800683136280953022e+03
2.801203664030727850e+03
2.801480251798349400e+03
2.801658194801625541e+03
2.802116131276351553e+03
2.802181249974387356e+03
2.802734393650413949e+03
2.802950205951797670e+03
2.803557662548263124e+03
2.803566942840507636e+03
2.803602585673466365e+03
2.803763238221357369e+03
2.804183111709152399e+03
2.804202997877652706e+03
2.804382423474649841e+03
2.804428677950486417e+03
2.804646160190843602e+03
2.804851911626045421e+03
2.805712483982896174e+03
2.805915117480090885e+03
2.806431387550795080e+03
2.806615370605721637e+03
2.806647903132407009e+03
2.807108803191003517e+03
2.807136347790150921e+03
2.807339479597632362e+03
2.807344225234064652e+03
2.807573538457461837e+03
2.807614657625103973e+03
2.808015139770293445e+03
2.808070175640128582e+03
2.808555927961541784e+03
2.808575997251359695e+03
2.808670632495686732e+03
2.809378118459262168e+03
2.809704224478411561e+03
2.810335796326845866e+03
2.810382225390625536e+03
2.810492859152054734e+03
2.810612151259438633e+03
2.810715906528274900e+03
2.810784231064662436e+03
2.810943976796153038e+03
2.811282302447329585e+03
2.811351727031288192e+03
2.811517219920703155e+03
2.811521788471899072e+03
2.811650107151253906e+03
2.812365866106036265e+03
2.812598972375880749e+03
2.813195416188958006e+03
2.813728214601580930e+03
2.814120164691122682e+03
2.814126002252268790e+03
2.814155312960968331e+03
2.814581891895868921e+03
2.815149885579913189e+03
2.815151664913493732e+03
2.815262013895739983e+03
2.815306511557240356e+03
2.815353398293443661e+03
2.815653571421076776e+03
2.815962152046908159e+03
2.816294641636693996e+03
2.816396027984060765e+03
2.816449711838098665e+03
2.816844568470726244e+03
2.817457709453348798e+03
2.817737455868843881e+03
2.817958560308376491e+03
2.818372822679294131e+03
2.818539272283450828e+03
2.818541322979295728e+03
2.818791141798736589e+03
2.818966104596988771e+03
2.819104512371157398e+03
2.819350987650646857e+03
2.819401587886351081e+03
2.820448294758386510e+03
2.820533640196297256e+03
2.820861984789791222e+03
2.821286924176460616e+03
2.821530808358269951e+03
2.822131946737688395e+03
2.822262909309729366e+03
2.822275262572145039e+03
2.822823621545105652e+03
2.822888668468569449e+03
2.822971466908886669e+03
2.823306322579663629e+03
2.823328680780211926e+03
2.823529662475352779e+03
2.823786552254587150e+03
2.824092802475590361e+03
2.824951329571163569e+03
2.824969748544687718e+03
2.825328293782529727e+03
2.825637995722248434e+03
2.825684337056242839e+03
2.825834398187193983e+03
2.826374415988221699e+03
2.826548453561649239e+03
2.826610278038291654e+03
2.826764528493583384e+03
2.826788759104082601e+03
2.827568455631308098e+03
2.828246906376184597e+03
2.828610606295930211e+03
2.828897043821680654e+03
2.828979323217044566e+03
2.829128223096297006e+03
2.829158801538662374e+03
2.829295566153989057e+03
2.829623064883258849e+03
2.829818740805911602e+03
2.829844800662840953e+03
2.830145225872958690e+03
2.830205809852162474e+03
2.830378788257613451e+03
2.830984256930629726e+03
2.831055210784553765e+03
2.831098765699686282e+03
2.831298398444460872e+03
2.831744944990124623e+03
2.831821496908335575e+03
2.832059699386647026e+03
2.832097025510504864e+03
2.832132405093727357e+03
2.833014004313756232e+03
2.833213124760660776e+03
2.833662491622567359e+03
2.833925854920474649e+03
2.834116663141927802e+03
2.834302027623125468e+03
2.834495716610826548e+03
2.834583189286362540e+03
2.834804922611892835e+03
2.834921952735161994e+03
2.835105293671623713e+03
2.835371803254296537e+03
2.836200486358834496e+03
2.836870952686662804e+03
2.837309881547788336e+03
2.837398727701071493e+03
2.837456066021367860e+03
2.837490192458596994e+03
2.837556902664567133e+03
2.837771963279087231e+03
2.837779559151964349e+03
2.837899461120798151e+03
2.838107481360577822e+03
2.838161849182241895e+03
2.838467242325937150e+03
2.838514843143935650e+03
2.838688668300182144e+03
2.838802681519618091e+03
2.839179413043699697e+03
2.839179746006500864e+03
2.839228547836051348e+03
2.840630389639351961e+03
2.840996480447381145e+03
2.841350369679844334e+03
2.841386150219449519e+03
2.841684541248894675e+03
2.841748006501954023e+03
2.842142948519383935e+03
2.842663811246047771e+03
2.842900719990329435e+03
2.842931095903137248e+03
2.843053040495345158e+03
2.843070031940390891e+03
2.844267043980902599e+03
2.844291866965837016e+03
2.844612317433624867e+03
2.844890661625606754e+03
2.845022230791943912e+03
2.845223120913060484e+03
2.845408886139014157e+03
2.845676909897819314e+03
2.845800148139280736e+03
2.846271358102015256e+03
2.846288342900163116e+03
2.846300120586379307e+03
2.846669349537735343e+03
2.847697644000354558e+03
2.847859375334233846e+03
2.848063974102035445e+03
2.848144212137078739e+03
2.848263734175090121e+03
2.848877625864708534e+03
2.848938345706590098e+03
2.849008626845383787e+03
2.849261955643830788e+03
2.849343752410286925e+03
2.849476704679036175e+03
2.849668699360782739e+03
2.850120343713060265e+03
2.850181071346412409e+03
2.850187280421125251e+03
2.850925185233950742e+03
2.851438679491358471e+03
2.851562032072991315e+03
2.851636535373134848e+03
2.851755807885548620e+03
2.851787372320479335e+03
2.851879817848560833e+03
2.852076131388550493e+03
2.852223581615342482e+03
2.852508164074884007e+03
2.852667166677316800e+03
2.853129746701269596e+03
2.853338741771168770e+03
2.853382638660225439e+03
2.853709133263737385e+03
2.853750794631099325e+03
2.853796425943515715e+03
2.853800317786925007e+03
2.854156339262030087e+03
2.854758570813698498e+03
2.854971788533793642e+03
2.855009515567880499e+03
2.855180716932482937e+03
2.855233905526512444e+03
2.855388158313773602e+03
2.855423629871644607e+03
2.855709684038864452e+03
2.855815757851181388e+03
2.856050967693225175e+03
2.856388814296241890e+03
2.856433706713076845e+03
2.856437891616441448e+03
2.856753054325676658e+03
2.856772979801023666e+03
2.856998889358422275e+03
2.857017273412309805e+03
2.858219886636803039e+03
2.858897917183685877e+03
2.859090639974747319e+03
2.859281303523628139e+03
2.859726204682565367e+03
2.859908660173841781e+03
2.860015988629608728e+03
2.860190241764329130e+03
2.861610539385814263e+03
2.861728365820802537e+03
2.862209542993472951e+03
2.862238126495663437e+03
2.862422282204275689e+03
2.862511443723001321e+03
2.862671161647554527e+03
2.862907375187298840e+03
2.863061465202793897e+03
2.863344699840078647e+03
2.863349087731159671e+03
2.863508075669081336e+03
2.863629560822071653e+03
2.863929094823354262e+03
2.863973142609688693e+03
2.863994466056336478e+03
2.865750290222366857e+03
2.865812122715563419e+03
2.866113445607403264e+03
2.866267954239604933e+03
2.866525484790685823e+03
2.867312647875013226e+03
2.867592718935127778e+03
2.867926705091514577e+03
2.868050455038552627e+03
2.868132189294131877e+03
2.868198028324851293e+03
2.868366836484757641e+03
2.868445376387857323e+03
2.868621838320771531e+03
2.869222208650055109e+03
2.869506597857704946e+03
2.869525593735826988e+03
2.869599076371483079e+03
2.870813208354684775e+03
2.870861933870130997e+03
2.871531705614496786e+03
2.871561681368155860e+03
2.871614593010790486e+03
2.872058685436672022e+03
2.873136775811496136e+03
2.873159966020365118e+03
2.873183708769939585e+03
2.873278009764347189e+03
2.873489519826108335e+03
2.873995136228439151e+03
2.874026650400836388e+03
2.874140280298108792e+03
2.874486687896758212e+03
2.874659623978234322e+03
2.874726797462174090e+03
2.874842050525046943e+03
2.875131834154233729e+03
2.875759436536055546e+03
2.876330808258659545e+03
2.876460680084517207e+03
2.876619456639396049e+03
2.877104307137632077e+03
2.877191350198391319e+03
2.877339090977554861e+03
2.877509148691897735e+03
2.877913300256035200e+03
2.877966471032215395e+03
2.878068280613635579e+03
2.878098237362561576e+03
2.878539502471704509e+03
2.879467588219121808e+03
2.879507245289327784e+03
2.879693552453163193e+03
2.880195319964506780e+03
2.880322250040069775e+03
2.880466163789947132e+03
2.880564476890896458e+03
2.880577029304539337e+03
2.880882862943838518e+03
2.881046299978936531e+03
2.881047928813013641e+03
2.881138635884816267e+03
2.881733774835807253e+03
2.882126873615626209e+03
2.882325636675816895e+03
2.882371564227210911e+03
2.882558181808939935e+03
2.883067544843292580e+03
2.883234021322730314e+03
2.883772040503445623e+03
2.883881874748357859e+03
2.884081234271237463e+03
2.884503890411659995e+03
2.884589407520940767e+03
2.884795635078053692e+03
2.885119954835340195e+03
2.885876801237952350e+03
2.886198143947375229e+03
2.886278570243529430e+03
2.886702979385173876e+03
2.886724092469798961e+03
2.887021787447832139e+03
2.887435158836820847e+03
2.887870296426319328e+03
2.887977753327963001e+03
2.888867309067521091e+03
2.889276537068748894e+03
2.889392265927596782e+03
2.889813563624580183e+03
2.890231209412899261e+03
2.890242641488720892e+03
2.890309106661506121e+03
2.890374725265091001e+03
2.890401381976182620e+03
2.890786412149118405e+03
2.890828813922862537e+03
2.890853209412469823e+03
2.890887406193774495e+03
2.890920411055022214e+03
2.891070695236423035e+03
2.892142812652753037e+03
2.892184555064666256e+03
2.892697657771568174e+03
2.892769559860557365e+03
2.892864573017612202e+03
2.893171276062339075e+03
2.893244766442774562e+03
2.893449781206694297e+03
2.893743243796561728e+03
2.893746715885945378e+03
2.893937622491378988e+03
2.894345233797158471e+03
2.895292040145286137e+03
2.895344275464502061e+03
2.895491928143183031e+03
2.895667277863641630e+03
2.895687494577581674e+03
2.895948837159384766e+03
2.896252380442222147e+03
2.896287765697488794e+03
2.896395206059786233e+03
2.896848551304321518e+03
2.896943582199450702e+03
2.896989322112362970e+03
2.897034031417288134e+03
2.897086546880141668e+03
2.897206044651038610e+03
2.897562154701016425e+03
2.898304276274196127e+03
2.898730203510320280e+03
2.898914157541026725e+03
2.899136905852676591e+03
2.899495471042798727e+03
2.899915624073461913e+03
2.899980143713985854e+03
2.900341404967921790e+03
2.900375999641088129e+03
2.900571794016874264e+03
2.900706701198732389e+03
2.900760078881423397e+03
2.901219693571750213e+03
2.901889986718329510e+03
2.902239088660819107e+03
2.902853268622630367e+03
2.902940381167908527e+03
2.903046389657218697e+03
2.903136191920502824e+03
2.903262680237685800e+03
2.903343960093013266e+03
2.903600987001769681e+03
2.903886099820532309e+03
2.904785166367020793e+03
2.905898159005829257e+03
2.905976974047781823e+03
2.906105779950972646e+03
2.906316612729168355e+03
2.906482270734070880e+03
2.906521505547641027e+03
2.906665590615027213e+03
2.907747848000767590e+03
2.907759729461132338e+03
2.908085417242138647e+03
2.908245172052949329e+03
2.908378628175985796e+03
2.908685443949042110e+03
2.908769735450640837e+03
2.909162814572890966e+03
2.910350958477077711e+03
2.910677629809499194e+03
2.910762150460442172e+03
2.910790131925654805e+03
2.911105793238238675e+03
2.911109933888715204e+03
2.911157127490299445e+03
2.911461303013014458e+03
2.911675758793147452e+03
2.912092946236714852e+03
2.912125943180009472e+03
2.912304280422274587e+03
2.912316405080258392e+03
2.912350529168930734e+03
2.912796248541782916e+03
2.913072839586993268e+03
2.913516841723814650e+03
2.913604206099234034e+03
2.913786399929553681e+03
2.913913815190295736e+03
2.913962064984785229e+03
2.914185789751976699e+03
2.914209793340056876e+03
2.914297990720499456e+03
2.914327249221372767e+03
2.915499352611601353e+03
2.915536184196765134e+03
2.915806086710747422e+03
2.916621281460821137e+03
2.916642970636771679e+03
2.916812087309468552e+03
2.916844290962545074e+03
2.917191916639828378e+03
2.917793972995588774e+03
2.917938514533901525e+03
2.918001297621096910e+03
2.918117028484617094e+03
2.918381792092129672e+03
2.918547203148484186e+03
2.918658432680983879e+03
2.918694318496744927e+03
2.918752046264834462e+03
2.918803438226399066e+03
2.918852468595719074e+03
2.919246289494219127e+03
2.919448947102108832e+03
2.919840463429874944e+03
2.919921388808902520e+03
2.920333179622677562e+03
2.920698934271757025e+03
2.921360855568459101e+03
2.921579237439699227e+03
2.921971236230079285e+03
2.922142839586055743e+03
2.922271216845621439e+03
2.922568898087614343e+03
2.922957959619480789e+03
2.923078174852968004e+03
2.923720134819369832e+03
2.924233321979007997e+03
2.924421953828859841e+03
2.924593570237860149e+03
2.924647901088992057e+03
2.925353414342525411e+03
2.925412525808713781e+03
2.926028376677090819e+03
2.926188571079035228e+03
2.926274477904624291e+03
2.926279492004106942e+03
2.926512578623883655e+03
2.926864084185052889e+03
2.927025451706590502e+03
2.927193062140331676e+03
2.927632876127197505e+03
2.927701584756579450e+03
2.927819478725389217e+03
2.928297228008428192e+03
2.928302377048617473e+03
2.928311337075234860e+03
2.928336461112947291e+03
2.928539457413309265e+03
2.928570543781460856e+03
2.929358338396415093e+03
2.929653869697332993e+03
2.929664025154758292e+03
2.929819432960590802e+03
2.929834779838675786e+03
2.930270288555375373e+03
2.930676834632292412e+03
2.931047463527128912e+03
2.931336844755565835e+03
2.931488073293582147e+03
2.931603742892997161e+03
2.931876444562834422e+03
2.931942562175601324e+03
2.932163896719046988e+03
2.932197413445828715e+03
2.932390134191336529e+03
2.932603845120940605e+03
2.932683555277598316e+03
2.932934233949917598e+03
2.933013167086554404e+03
2.934109650902064459e+03
2.934112837071294052e+03
2.934189515227667016e+03
2.934396556724191669e+03
2.934547159003480829e+03
2.934959523989587979e+03
2.935137535345619199e+03
2.935469093133440310e+03
2.935556862944522436e+03
2.935695485424069375e+03
2.935861695678317574e+03
2.935883459815209790e+03
2.936264725757633641e+03
2.936534202975989501e+03
2.936584489401721839e+03
2.936679741532801927e+03
2.936695547976238231e+03
2.937152938282465584e+03
2.937778534886514990e+03
2.937856325710151850e+03
2.937942862199021874e+03
2.937978405131476393e+03
2.938259199383125178e+03
2.938263198764821482e+03
2.938354663347224687e+03
2.938373483610057065e+03
2.939374247884768010e+03
2.939514102155505952e+03
2.939614257496372375e+03
2.940001044529104547e+03
2.940021290609747666e+03
2.940775703873943712e+03
2.940792992938713269e+03
2.941044822989065324e+03
2.941081060632460321e+03
2.941187552265756040e+03
2.941331162303851670e+03
2.941472033052431470e+03
2.941496699904230809e+03
2.941921085169851722e+03
2.942008055908421738e+03
2.942089647265197982e+03
2.942121271160011020e+03
2.942146661209464582e+03
2.942470563002766539e+03
2.943263574302375673e+03
2.943337130980041366e+03
2.943530936427041070e+03
2.944784081690585026e+03
2.945033839951690879e+03
2.945138442604675674e+03
2.945335598957083675e+03
2.945719054158496874e+03
2.946359484765067918e+03
2.946491069313141452e+03
2.946630948180067662e+03
2.946653966044927074e+03
2.946726712100483383e+03
2.946760438315258853e+03
2.947137115266388264e+03
2.947514823054018507e+03
2.947793463812424307e+03
2.948012207922446123e+03
2.948251895961966511e+03
2.948255676631890765e+03
2.948474775731165664e+03
2.948540789834735278e+03
2.948786039795026682e+03
2.948818399457653868e+03
2.949412054315712794e+03
2.949509113102732044e+03
2.950094988581275629e+03
2.950243379100202674e+03
2.950644067722658292e+03
2.950747778373154688e+03
2.951112337572882097e+03
2.951699198315403009e+03
2.951801547706800648e+03
2.951940685690685314e+03
2.952210908403360008e+03
2.952434265925428008e+03
2.952580070037542555e+03
2.952599565867018555e+03
2.952813570648166660e+03
2.953094899215547230e+03
2.953681308896972041e+03
2.953776431903319462e+03
2.953954301607083380e+03
2.954090656262118046e+03
2.954118248095169747e+03
2.954412626880445259e+03
2.954527613727157586e+03
2.954992611444198701e+03
2.955104400335968421e+03
2.955184817352341270e+03
2.955679162317354439e+03
2.956135476511400157e+03
2.956188590086626391e+03
2.956509060485980626e+03
2.956708828151261969e+03
2.956721177671735859e+03
2.956961167124377880e+03
2.957153777099626041e+03
2.957268701298385167e+03
2.957453115947148945e+03
2.957502503039736439e+03
2.958041908004830475e+03
2.958410998909030695e+03
2.958507271136203599e+03
2.958792141344753873e+03
2.959064256754363669e+03
2.959369082856801015e+03
2.959588727672673485e+03
2.959673143687365609e+03
2.960031106351800190e+03
2.960990747894305514e+03
2.961173527513802128e+03
2.961361344678915430e+03
2.961819075145380339e+03
2.961826151869838213e+03
2.961996874758242484e+03
2.962109578039903681e+03
2.962266757405552653e+03
2.962764925055117146e+03
2.962995228548460091e+03
2.963127174305456720e+03
2.963349023445612147e+03
2.963693670084679979e+03
2.963874556485458925e+03
2.964047021376445628e+03
2.964094428644677919e+03
2.964578327491393338e+03
2.964724910522201753e+03
2.965039428895818219e+03
2.965858734139522312e+03
2.966077470062780776e+03
2.966521101692604134e+03
2.966597724079619638e+03
2.967029110555142324e+03
2.967042341218804268e+03
2.967064500790852435e+03
2.967077415905340786e+03
2.967561643443220419e+03
2.967690749441895605e+03
2.967756986986453740e+03
2.967767468245942382e+03
2.967927061558624700e+03
2.968196913002361271e+03
2.968228290759975152e+03
2.969568181402451955e+03
2.969950003706181633e+03
2.970024954904944025e+03
2.970582059024744922e+03
2.970735992185752366e+03
2.970868498557596013e+03
2.971833300639749268e+03
2.971842976429729788e+03
2.971876374156311158e+03
2.971931236003323193e+03
2.972158509211748878e+03
2.972283300766966477e+03
2.972369638133885928e+03
2.972766061758467913e+03
2.972836383281172402e+03
2.972888045830977717e+03
2.972982943156317560e+03
2.973231048493174512e+03
2.973986084272871267e+03
2.974527020522113162e+03
2.974990570752362146e+03
2.975245752939596969e+03
2.975422965659745387e+03
2.975471726002630930e+03
2.975527929643622429e+03
2.975677960091866225e+03
2.975859307396814984e+03
2.976298356328972659e+03
2.977858220529534719e+03
2.977914782019026006e+03
2.978425092097814741e+03
2.978768416089556013e+03
2.979526115829844912e+03
2.979877458770901740e+03
2.979933999403067446e+03
2.981046738609927615e+03
2.981216419949135798e+03
2.981491445534544710e+03
2.982203773534602078e+03
2.982235356150932603e+03
2.982517713485677632e+03
2.982817295728233603e+03
2.982922751323412285e+03
2.983110477846066260e+03
2.983212628147619398e+03
2.983709444100084511e+03
2.983936953945121786e+03
2.984127200132555572e+03
2.984306407789341392e+03
2.985137751172588651e+03
2.985159315775861160e+03
2.985231812319401342e+03
2.985278578350764292e+03
2.985428943108549902e+03
2.985666535709278378e+03
2.986518153445496864e+03
2.986534562187510346e+03
2.986775648686595559e+03
2.986814143083579893e+03
2.986984386325037576e+03
2.987039944645285686e+03
2.987234405711428735e+03
2.987336940296461307e+03
2.987380236317031176e+03
2.987422044035813997e+03
2.988040681321634111e+03
2.988188092653959757e+03
2.988340645622277862e+03
2.988830505075961810e+03
2.988843107122207584e+03
2.989018330264065298e+03
2.989049772266276705e+03
2.989205222135310578e+03
2.989208654149654194e+03
2.989223524947032274e+03
2.989342996170243623e+03
2.989814251538603003e+03
2.989925215759922139e+03
2.990053649939785828e+03
2.990110582576843626e+03
2.990137984577751013e+03
2.990546633278315312e+03
2.991077132917816925e+03
2.991459807270315196e+03
2.991601598889461002e+03
2.991923448891699991e+03
2.992258333144907283e+03
2.992804146983763985e+03
2.993040098553197822e+03
2.993192372397450981e+03
2.993557640516742140e+03
2.993694334552442797e+03
2.993731481404546230e+03
2.993991098807655362e+03
2.994221803075028674e+03
2.994296213448805702e+03
2.994343119537546499e+03
2.994353351028688394e+03
2.994357758749234563e+03
2.994389127149173873e+03
2.995056441814566824e+03
2.995203948963139283e+03
2.995233095710949328e+03
2.995400921857352387e+03
2.995457520828742872e+03
2.995496896842262686e+03
2.996410789846677744e+03
2.997398370469266411e+03
2.997542985404808860e+03
2.997845051699720898e+03
2.997976504626889437e+03
2.998154516669909299e+03
2.998445788189785162e+03
2.998631254857392832e+03
2.998900301288173978e+03
2.999346256704593543e+03
2.999504253417884684e+03
3.000009215653614774e+03
3.000068111465476704e+03
3.000196017228389792e+03
3.000333628258856152e+03
3.000597640565721122e+03
3.001256233088387489e+03
3.001594042700503906e+03
3.001913713021977401e+03
3.001939307336913316e+03
3.002063388665894763e+03
3.002495982668157467e+03
3.002509104563057008e+03
3.002716248474111126e+03
3.002973208647345928e+03
3.002993632997534860e+03
3.003085348780707591e+03
3.003214589308607628e+03
3.003243325090558756e+03
3.003390760976706588e+03
3.003647031443215837e+03
3.003869240936857750e+03
3.004104724428204463e+03
3.004123666203403445e+03
3.004158640773858224e+03
3.004314433821625698e+03
3.004533205264342541e+03
3.004618467507392324e+03
3.004860119201840007e+03
3.004873032962836078e+03
3.004977744189779514e+03
3.005437212313719101e+03
3.005738689931185945e+03
3.005743460399050946e+03
3.005746645665376036e+03
3.006041354684787166e+03
3.006280235348020142e+03
3.006573998632502480e+03
3.006619844604687387e+03
3.006727766748616432e+03
3.006769353511604095e+03
3.007112326093355477e+03
3.007183879581144993e+03
3.007201513453466760e+03
3.007491498635115022e+03
3.007559728446321060e+03
3.007706893460822357e+03
3.007730879629305491e+03
3.008355672246322229e+03
3.008595728273296572e+03
3.009007801598817878e+03
3.009031161663395778e+03
3.009139105892687894e+03
3.009344727838017207e+03
3.009523129611896366e+03
3.009733033814155988e+03
3.009797718235348839e+03
3.010102921162339044e+03
3.010401811267819994e+03
3.010473465796867004e+03
3.010677069241942718e+03
3.011681405006299883e+03
3.011687353904539123e+03
3.011693796198338987e+03
3.011780824272495920e+03
3.011817550107845818e+03
3.012017735715208346e+03
3.012041657725610094e+03
3.012077400902769568e+03
3.012085655633399710e+03
3.012105248057910103e+03
3.012473687953978242e+03
3.012574565014877408e+03
3.013219758471114346e+03
3.013499046370627184e+03
3.013675547384600577e+03
3.014159010509213658e+03
3.014508813314634153e+03
3.014608454519978750e+03
3.014766274362228614e+03
3.014884312001651324e+03
3.015072902946894828e+03
3.015104858090805919e+03
3.015125032080662550e+03
3.015171931147268879e+03
3.015186741680722207e+03
3.015345061686119152e+03
3.015388154694364857e+03
3.015550739735918796e+03
3.015596805593312183e+03
3.015829577357880680e+03
3.016004399096669204e+03
3.016090437456249219e+03
3.016149157472537809e+03
3.016369622484809497e+03
3.016419812077495862e+03
3.016681656504138118e+03
3.016852823204231754e+03
3.016975696844014692e+03
3.017004129649750666e+03
3.017064419333294154e+03
3.017093618099210289e+03
3.017108074201085856e+03
3.017319647767535116e+03
3.017569591585360286e+03
3.017876129205943016e+03
3.017885197603397501e+03
3.017982990258392419e+03
3.018433887039236197e+03
3.018542538206766949e+03
3.018611029088634496e+03
3.018612425086966141e+03
3.018718220579483386e+03
3.018729398183334069e+03
3.018757888722853750e+03
3.018769452665835615e+03
3.019201903982586373e+03
3.019849556650332033e+03
3.019938997732881489e+03
3.019969418374266752e+03
3.020092083607581571e+03
3.020104961325363092e+03
3.020170254027168539e+03
3.020176774190210381e+03
3.020250764005146721e+03
3.020281424841714852e+03
3.020505960092987607e+03
3.020535135769805038e+03
3.020537615800073581e+03
3.020614103317188437e+03
3.020713771894379988e+03
3.020818225771255129e+03
3.021032441892376937e+03
3.021147583692943499e+03
3.021310466713200640e+03
3.021346703663372864e+03
3.021820484333600689e+03
3.022009220237880982e+03
3.022231626772460004e+03
3.022675084156220237e+03
3.022709918192936129e+03
3.023027418566621236e+03
3.023040914494326444e+03
3.023091500814262417e+03
3.023093840119489869e+03
3.023156259067940482e+03
3.023681820883966793e+03
3.023784085389357642e+03
3.024031717982880764e+03
3.024056027043634003e+03
3.024184621550880365e+03
3.024344753560871595e+03
3.024368890442001884e+03
3.024472477683409579e+03
3.024479616001451632e+03
3.024681697283118410e+03
3.024821050685457067e+03
3.025057474404005461e+03
3.025066301253206802e+03
3.025238298677814782e+03
3.025369613429171295e+03
3.025406502562591868e+03
3.025516915646772304e+03
3.025531045835935402e+03
3.025809647109882917e+03
3.025839641719104293e+03
3.026105165490836498e+03
3.026336471117448127e+03
3.026515484095355532e+03
3.026963055520848229e+03
3.027417445899533050e+03
3.027426597545141249e+03
3.027620095824742748e+03
3.027708158433413701e+03
3.027787644915410056e+03
3.028132957877105127e+03
3.028325669298144476e+03
3.028475381046500843e+03
3.028489582568513015e+03
3.028608276381900851e+03
3.028993450286325697e+03
3.029089701289627556e+03
3.029402305434222399e+03
3.029527256730410500e+03
3.030073669116863130e+03
3.030293432045328245e+03
3.030411869265947644e+03
3.030567930261880974e+03
3.030770388775076754e+03
3.030852777647242874e+03
3.030979502662514733e+03
3.031030234458145060e+03
3.031336355430045387e+03
3.031603645344399865e+03
3.031617965432341407e+03
3.031620413218938666e+03
3.031645028238310715e+03
3.031762295463938699e+03
3.031771741321127138e+03
3.032413367812921933e+03
3.032704084692278684e+03
3.033129559023330785e+03
3.033181079661948388e+03
3.033477899987174169e+03
3.033777139958758198e+03
3.033991051418239294e+03
3.034543853518560354e+03
3.034618392653675073e+03
3.034907545549348924e+03
3.034974922366709052e+03
3.035161171704070057e+03
3.035265390045065942e+03
3.035465586687326777e+03
3.035593129722474259e+03
3.035612728652733495e+03
3.035742201598814518e+03
3.035967328041813744e+03
3.035985882519290953e+03
3.036109072862995617e+03
3.036116273636726874e+03
3.036134201998969729e+03
3.036985133789683914e+03
3.037303752429261294e+03
3.037645889039745271e+03
3.037664936969543305e+03
3.037786558913807312e+03
3.037800608359198122e+03
3.038047206765125793e+03
3.038083324126491789e+03
3.038497758656629230e+03
3.038903693467270386e+03
3.039024200948684211e+03
3.039215197076927325e+03
3.039292122898252273e+03
3.039506071030862131e+03
3.039653897326161314e+03
3.039902939672198499e+03
3.039954637700257081e+03
3.039962977240988494e+03
3.040372880131232250e+03
3.040565194113856251e+03
3.040637861038407209e+03
3.041144546445822925e+03
3.041190009814671157e+03
3.041437587942074060e+03
3.041511478416166938e+03
3.041776221235411413e+03
3.041996213016529055e+03
3.042097355458054608e+03
3.042367063011944992e+03
3.042766966509934718e+03
3.042852589444299610e+03
3.042900336799717934e+03
3.042984437610792156e+03
3.043040837105405899e+03
3.043223635803959951e+03
3.043598007726151081e+03
3.043930876980844914e+03
3.044008534204554508e+03
3.044076577075131354e+03
3.044182669065627124e+03
3.044774840922442309e+03
3.045141681301799053e+03
3.045429694310988907e+03
3.045433656580607021e+03
3.045614570227347485e+03
3.046107312853261192e+03
3.046135111653964941e+03
3.046169971408131914e+03
3.046347661201477877e+03
3.046448583779315868e+03
3.046477593343032822e+03
3.046860452379179605e+03
3.046861970605986699e+03
3.046895091212658372e+03
3.046943014801080153e+03
3.047043811595041916e+03
3.047621029012292638e+03
3.047847678762407668e+03
3.048067680292951991e+03
3.048109621835923008e+03
3.048138784281367862e+03
3.048203875413553760e+03
3.048365643592536799e+03
3.048408840316615169e+03
3.048410207516515129e+03
3.048437350219272048e+03
3.048576901989664293e+03
3.048798244531645651e+03
3.048837296761868856e+03
3.048905734144465896e+03
3.049010027519525920e+03
3.049321658723663404e+03
3.049585347042887406e+03
3.049724453089566396e+03
3.050207109671034232e+03
3.050247326728232110e+03
3.050344378693808721e+03
3.050461096729955443e+03
3.050483576552313934e+03
3.050657539011118388e+03
3.050918528573076856e+03
3.050964301815220551e+03
3.050966121965717321e+03
3.051212508993743995e+03
3.051280920726254408e+03
3.051508172311635008e+03
3.051548838107297343e+03
3.051757163083908836e+03
3.052048815106506481e+03
3.052322780133449669e+03
3.052394155768899054e+03
3.052536942039106179e+03
3.052647488214407076e+03
3.053069085247195289e+03
3.053124676619187085e+03
3.053146056966787455e+03
3.053709491232475102e+03
3.053775976721784446e+03
3.053806803086772106e+03
3.053809404603663097e+03
3.054235545168713998e+03
3.054267570413669546e+03
3.054354983715024900e+03
3.054533660165208403e+03
3.054844016561767603e+03
3.054851333960645206e+03
3.055032658921030361e+03
3.055337715317964921e+03
3.055389737204210633e+03
3.055451519384107542e+03
3.055581106614997225e+03
3.055583055100062211e+03
3.055694011470372971e+03
3.055719921601555598e+03
3.055991981939304878e+03
3.056316721707675697e+03
3.056376114244596920e+03
3.056562181724775201e+03
3.056758737717106669e+03
3.056962598728775902e+03
3.056980840937268113e+03
3.057182949922334956e+03
3.057277975521492863e+03
3.058030602886944962e+03
3.058158920381067674e+03
3.058492559970086859e+03
3.058549955165595293e+03
3.058713792029894648e+03
3.058873715011849526e+03
3.058888290693319959e+03
3.058925764761605024e+03
3.058996075485887559e+03
3.059589484158560936e+03
3.059593373069221798e+03
3.059697641687831037e+03
3.059781100940040233e+03
3.060084605360287696e+03
3.060458513401893924e+03
3.060676254157360290e+03
3.060688184747461037e+03
3.060789790240602997e+03
3.061041822749278708e+03
3.061272631910528617e+03
3.061294915019690961e+03
3.061334511739281879e+03
3.061599881612040008e+03
3.061875634150845599e+03
3.062045367940018878e+03
3.062262280861711133e+03
3.062494617002555515e+03
3.062649280648377044e+03
3.062717812112053707e+03
3.062907083229060390e+03
3.063032157873705728e+03
3.063095566885738208e+03
3.063152081899602763e+03
3.063237930465008503e+03
3.063337782767411227e+03
3.063369549441879371e+03
3.063490769570958491e+03
3.063734183158641827e+03
3.064198403609494108e+03
3.064321944897949379e+03
3.064408766239006582e+03
3.064473791110918683e+03
3.064899833289247908e+03
3.065300219874161030e+03
3.065367413888023293e+03
3.065462260365651673e+03
3.065612940097074897e+03
3.065614166671961812e+03
3.065614683899378178e+03
3.065866176968940636e+03
3.065890478578370676e+03
3.066033397771425825e+03
3.066133801273625522e+03
3.066146291824424679e+03
3.066151279030694241e+03
3.066195317886524663e+03
3.066371608933819061e+03
3.066708391424451293e+03
3.066802823736925347e+03
3.067295567656057756e+03
3.067397219292529826e+03
3.067823721303168895e+03
3.067881729000956057e+03
3.067956487810831732e+03
3.068031787595893547e+03
3.068662638745049662e+03
3.068809733111301739e+03
3.068879448226190561e+03
3.068948017739285660e+03
3.068998126188972037e+03
3.069324255862348764e+03
3.069414190913054426e+03
3.069442564129589300e+03
3.069605454092643413e+03
3.069667407270403146e+03
3.069751797662349418e+03
3.069818504674665746e+03
3.069999846794798032e+03
3.070122237611023138e+03
3.070143849927919291e+03
3.070261011277900252e+03
3.070327680003454589e+03
3.071077198169016810e+03
3.071079997471994375e+03
3.071243567025677294e+03
3.071443996099708784e+03
3.071719915222508916e+03
3.072089737035109920e+03
3.072159475554044548e+03
3.072201154427145866e+03
3.072448945577060385e+03
3.072450188397850070e+03
3.072461052510504487e+03
3.072606623994263373e+03
3.073019004965559361e+03
3.073605694249863518e+03
3.073754232748020058e+03
3.073997584741621722e+03
3.074057108278720079e+03
3.074267931083965777e+03
3.074512878110940164e+03
3.074515082622962382e+03
3.074561946278227879e+03
3.074637536621753043e+03
3.074702620832727007e+03
3.074900685822069136e+03
3.074987083919286306e+03
3.074991867260649087e+03
3.075140369637749700e+03
3.075263729967210111e+03
3.075267913707330536e+03
3.075350780264520381e+03
3.075693578120906295e+03
3.075694420840545718e+03
3.075857435475033526e+03
3.075907902276076129e+03
3.075930461753882810e+03
3.075981715056814664e+03
3.076344399485477879e+03
3.076600912128973050e+03
3.076857454331806366e+03
3.076938918305029802e+03
3.076994162155828690e+03
3.077577477340435053e+03
3.077613492646632494e+03
3.077872934782514676e+03
3.077901251685124407e+03
3.077948441382089641e+03
3.078070979395568884e+03
3.078314557870454337e+03
3.078348729753257885e+03
3.078399905365615268e+03
3.078974203955403482e+03
3.079218595408115561e+03
3.079282878947591598e+03
3.079390508077607137e+03
3.079648922228721858e+03
3.079778535189635477e+03
3.080220608357262336e+03
3.080452310323474194e+03
3.080560126820282221e+03
3.080568650236092708e+03
3.080639284509059507e+03
3.080656054314657922e+03
3.080748471297488777e+03
3.080853558687681925e+03
3.081167776946397225e+03
3.081193182594529844e+03
3.081241898411091825e+03
3.081282809494909543e+03
3.081328876129219680e+03
3.081447600762813181e+03
3.081489954382310771e+03
3.081583811825534667e+03
3.081586367819459610e+03
3.081599581603306888e+03
3.082092125358231442e+03
3.082571754311102268e+03
3.082586464035558038e+03
3.082776808314164100e+03
3.082895732539755954e+03
3.083103757297793436e+03
3.083120774914019876e+03
3.083239403917486015e+03
3.083355832826913684e+03
3.083510544498797117e+03
3.083592918934511090e+03
3.084100425765423552e+03
3.084180243971374694e+03
3.084314925050066904e+03
3.084484812631689692e+03
3.084985321047773141e+03
3.085362415703079932e+03
3.085687796568673093e+03
3.085712270298266958e+03
3.085727497377811687e+03
3.085955864678137004e+03
3.086166362761545315e+03
3.086238499469175167e+03
3.086289818713103614e+03
3.086383602802797668e+03
3.086455357787858702e+03
3.086756233888785118e+03
3.086831856485846401e+03
3.087438274048138283e+03
3.087714933123657829e+03
3.088006026432302860e+03
3.088220238653033448e+03
3.088747229248960593e+03
3.088779608830984671e+03
3.088897740569940197e+03
3.088907284053986587e+03
3.088983744647127878e+03
3.089186161284397713e+03
3.089187237092200121e+03
3.089481736270236979e+03
3.089815012111604574e+03
3.089982620933106773e+03
3.090313823350294115e+03
3.090725853383561116e+03
3.090739895238441022e+03
3.090985767254785060e+03
3.091015663088739984e+03
3.091723187234187208e+03
3.091924634805311143e+03
3.091929846811011430e+03
3.091939040412846225e+03
3.092032979856642214e+03
3.092164925106381361e+03
3.092331271587944684e+03
3.092338749504223870e+03
3.092540484446845312e+03
3.092942062596740470e+03
3.093563830729117399e+03
3.093619213395606039e+03
3.093656920970738611e+03
3.093779407472490220e+03
3.093833396763106066e+03
3.093872218264094499e+03
3.093875864408646976e+03
3.094148042467324558e+03
3.094162649016740943e+03
3.094163422954508405e+03
3.094475533376668864e+03
3.094571830394835160e+03
3.094609122979835320e+03
3.094731945374848692e+03
3.095082786530184421e+03
3.095264910077276454e+03
3.096256362824953158e+03
3.096348645790786122e+03
3.096908203726228294e+03
3.097059123745647412e+03
3.097298813205455190e+03
3.097353540052602511e+03
3.097563358882863213e+03
3.097587185508524271e+03
3.097876175412343855e+03
3.097991774827773497e+03
3.098022762609012261e+03
3.098038411757333051e+03
3.098082307301002402e+03
3.098453844839283647e+03
3.098469931703501970e+03
3.098646785354582789e+03
3.099085400250625298e+03
3.099405665620894979e+03
3.099485054732350363e+03
3.099591451420753856e+03
3.099736847144613421e+03
3.100088518751059837e+03
3.100214989700630667e+03
3.100257814251932814e+03
3.100320353696624807e+03
3.100583715023488821e+03
3.100611481865238602e+03
3.101161972669725401e+03
3.101236283689268475e+03
3.101425322809878253e+03
3.101772198352151008e+03
3.101791580192870242e+03
3.101991559137974491e+03
3.102123466834277679e+03
3.102287571430667413e+03
3.102373334927316137e+03
3.102395593785015535e+03
3.102571583431647014e+03
3.102632286259078228e+03
3.102793543956756366e+03
3.102819277628372220e+03
3.103016010653293051e+03
3.103187305967305747e+03
3.103227485354832424e+03
3.103505051977369931e+03
3.103525123653970240e+03
3.103644256117033819e+03
3.103741829523127308e+03
3.103957250385815314e+03
3.104255638594126594e+03
3.104649572237588927e+03
3.104981356071214122e+03
3.105156160285848728e+03
3.105245732800504811e+03
3.105365816204634484e+03
3.105887551035707020e+03
3.105930866681516818e+03
3.106136747620930691e+03
3.106281398165164774e+03
3.106327484637916314e+03
3.106399861495524874e+03
3.106418567019063630e+03
3.106449556662948908e+03
3.106469305045966394e+03
3.106477398263103169e+03
3.106595924542166358e+03
3.106631801209218338e+03
3.106978852795861712e+03
3.107065792551333288e+03
3.107157700197913528e+03
3.107343374800677793e+03
3.107441914958743382e+03
3.107586474586077202e+03
3.107762624094807052e+03
3.108128048142446005e+03
3.108142351542466258e+03
3.108322417902311372e+03
3.108421133720155922e+03
3.108767938967728242e+03
3.108894852121161421e+03
3.109446741062339697e+03
3.110217218609121119e+03
3.110504164138305441e+03
3.110534675974973652e+03
3.110740858142761226e+03
3.110872259828031929e+03
3.111069655705372952e+03
3.111333881529038536e+03
3.111440178787313016e+03
3.111651976574069067e+03
3.111752679466039808e+03
3.111759982127865442e+03
3.111936785526715084e+03
3.112037383539811344e+03
3.112176314103844106e+03
3.112364473013874431e+03
3.112416591152212732e+03
3.112447477304999211e+03
3.112640678539949931e+03
3.113002932128838893e+03
3.113351764118156098e+03
3.113712145614910696e+03
3.113925456875795135e+03
3.113993723689618491e+03
3.114285553507042550e+03
3.114297382100519826e+03
3.114641842449770593e+03
3.114835230120912001e+03
3.114839629330916523e+03
3.114964609784175536e+03
3.115019142317477872e+03
3.115383322793630668e+03
3.115679277753999941e+03
3.116012117113193199e+03
3.116182323427452502e+03
3.116196755392594241e+03
3.116347826975079442e+03
3.116617904362964055e+03
3.116769141507536460e+03
3.116821481693662463e+03
3.117309860738219413e+03
3.117522735168683539e+03
3.117543268385151350e+03
3.117557811956407932e+03
3.117573168883172912e+03
3.117628073071372000e+03
3.117819222981424900e+03
3.117868532667953787e+03
3.117931172267820330e+03
3.117936539462123619e+03
3.117944138848204602e+03
3.118066600831894448e+03
3.118371694595677127e+03
3.118546589241691436e+03
3.118577794629347409e+03
3.118781167858785011e+03
3.118800289915684516e+03
3.118893787649466049e+03
3.119097648662242136e+03
3.119283713565861035e+03
3.119305324329916402e+03
3.119338032278729315e+03
3.119359710905227985e+03
3.119710595292730432e+03
3.119799774059766605e+03
3.119855635376080500e+03
3.120063682754901492e+03
3.120093850851898424e+03
3.120211250050339913e+03
3.120438533726713104e+03
3.120566159967218937e+03
3.120608165066472338e+03
3.120721877789793325e+03
3.120811116298368233e+03
3.120821845424049116e+03
3.120962326839975503e+03
3.120963189955146845e+03
3.121080300708477353e+03
3.121358215672160895e+03
3.121597608194086206e+03
3.121626847541746429e+03
3.121977161207841618e+03
3.122041440285517183e+03
3.122209657263849749e+03
3.122324431500819628e+03
3.122333410321848987e+03
3.122445507260009435e+03
3.122536674422544820e+03
3.122901316012797906e+03
3.122901860787755595e+03
3.123204789903084929e+03
3.123236642999883315e+03
3.123357142760847182e+03
3.123357455398375805e+03
3.123359246664763759e+03
3.123391191619869460e+03
3.123587428510230438e+03
3.123683918349499436e+03
3.123951755162315749e+03
3.124242320464699787e+03
3.124447696656405697e+03
3.124543696197823920e+03
3.124632900177626652e+03
3.124732531056996777e+03
3.124745570405523267e+03
3.125158025569372967e+03
3.125300098745098239e+03
3.125443436448839748e+03
3.125500159230683948e+03
3.125516860013500263e+03
3.125582182475498939e+03
3.125608542998305438e+03
3.125690932133857132e+03
3.125729841875125658e+03
3.125754862770636464e+03
3.125781498349806498e+03
3.125888214842042998e+03
3.126003301288698822e+03
3.126657670164203410e+03
3.126818591068179558e+03
3.127000543245959307e+03
3.127455252860426299e+03
3.127836371385669281e+03
3.127919507040486678e+03
3.127949924172558440e+03
3.128239958450006725e+03
3.128245936227080165e+03
3.128280400111001200e+03
3.128537371154638549e+03
3.128683300029043494e+03
3.128718710790799832e+03
3.128902009006544176e+03
3.128987285933946623e+03
3.128995564236317932e+03
3.129160746273911172e+03
3.129370160937467517e+03
3.129390511902304297e+03
3.129605678278351661e+03
3.129703867921004075e+03
3.129830063879778663e+03
3.129831445302545490e+03
3.130041669826690395e+03
3.130074837789784397e+03
3.130153176856573282e+03
3.130206291812627569e+03
3.130320995701983065e+03
3.130578683896966140e+03
3.131453583974503545e+03
3.131763180374915009e+03
3.131922145952372375e+03
3.131956691914150269e+03
3.132199465027288170e+03
3.132550111440586534e+03
3.132610026279337035e+03
3.132632110403916158e+03
3.132688141635340799e+03
3.132763654444423537e+03
3.132773203779844607e+03
3.132839440963121433e+03
3.132910111901285745e+03
3.133175836351913404e+03
3.133231067071985763e+03
3.133255022063509841e+03
3.134014358177556005e+03
3.134711630379037615e+03
3.135017591827867363e+03
3.135076273842867067e+03
3.135388233908776328e+03
3.135521842794433269e+03
3.136196973359909862e+03
3.136255098821011870e+03
3.136303626920296665e+03
3.136429302765798184e+03
3.136551597520096948e+03
3.137378698330208408e+03
3.137408584975160466e+03
3.137497078376272839e+03
3.137529427239431243e+03
3.137555568656104697e+03
3.137682154979046118e+03
3.137737206986004367e+03
3.137875217164086735e+03
3.138269501461974414e+03
3.139194509450066107e+03
3.139271555921767686e+03
3.139502855257928331e+03
3.139601080181845646e+03
3.139854477338267316e+03
3.139889823881945631e+03
3.139892926842051111e+03
3.140007936265322314e+03
3.140304363745462979e+03
3.140420716270286903e+03
3.140732163314273748e+03
3.141288075730420132e+03
3.141494847225178546e+03
3.141521951255531803e+03
3.142176366034830608e+03
3.142276506293086186e+03
3.142526961860030497e+03
3.142642714569819873e+03
3.142678857546602558e+03
3.143051663319937234e+03
3.143205119436720452e+03
3.143224856844105943e+03
3.143547321032156560e+03
3.143558510975856734e+03
3.144383385365771119e+03
3.144639629675952619e+03
3.144911909267666942e+03
3.144954258994100655e+03
3.144988285489897407e+03
3.145140761958194162e+03
3.145196810453924172e+03
3.145206171752821319e+03
3.145361398524003107e+03
3.145528397993862200e+03
3.145839145564477349e+03
3.145852096231465111e+03
3.146179606230015452e+03
3.146350295563203872e+03
3.146453302593244189e+03
3.146548689797971747e+03
3.146817761221976525e+03
3.146887338615073531e+03
3.146893222809609597e+03
3.147328718814949752e+03
3.147760614214286761e+03
3.147770721225989291e+03
3.147845875359847469e+03
3.148871766570244290e+03
3.149438983064412696e+03
3.149987697589436721e+03
3.150017477757326105e+03
3.150033825622987933e+03
3.150083560562327875e+03
3.150107833864668009e+03
3.150173795229249208e+03
3.150382693387718973e+03
3.150455388105049678e+03
3.150728186149912744e+03
3.150789372789039135e+03
3.150939741765461804e+03
3.151336782500806748e+03
3.151652628116959022e+03
3.151656237517046975e+03
3.151690246026587829e+03
3.151709023134412291e+03
3.151779496295867375e+03
3.152117894021615484e+03
3.152327351456570796e+03
3.152341519187633821e+03
3.152668221020964211e+03
3.152956202865137129e+03
3.153171122618551180e+03
3.153174227237867854e+03
3.153334091546850232e+03
3.153512234134410392e+03
3.153717846219632065e+03
3.153862422691580377e+03
3.154112356564591209e+03
3.154228632765377824e+03
3.154338398321968270e+03
3.154480004973977884e+03
3.154501697912916825e+03
3.154884989759302243e+03
3.155402419921387263e+03
3.155423249412103360e+03
3.155568506599719967e+03
3.155610298314178635e+03
3.155767371234061557e+03
3.155883502740902259e+03
3.156163151191457473e+03
3.156413106442122171e+03
3.156434707250064093e+03
3.157020411276602317e+03
3.157420691298429574e+03
3.157641092206768008e+03
3.158303239866508648e+03
3.158982176079070086e+03
3.159388205505279529e+03
3.159436474256791371e+03
3.159471645806019296e+03
3.159561529951504781e+03
3.159687562785436512e+03
3.159751219924794441e+03
3.160666144463901674e+03
3.160696979804273724e+03
3.160780523655635534e+03
3.161406811609170745e+03
3.161499582976714009e+03
3.162083667956226236e+03
3.162088959537092251e+03
3.162089822028449817e+03
3.162271501151424218e+03
3.162334147463653608e+03
3.162381033282503267e+03
3.162412326272231439e+03
3.162528289280268837e+03
3.163259598751110843e+03
3.163276189834109118e+03
3.163277201104575397e+03
3.163303466290296456e+03
3.163937562518437517e+03
3.164008704621639026e+03
3.164078662795643140e+03
3.164443560818406695e+03
3.164525748898068741e+03
3.164576524516406607e+03
3.164657599523206954e+03
3.164661840462779764e+03
3.164672889492021568e+03
3.164960568832861554e+03
3.165159504178867792e+03
3.165199013832255332e+03
3.165347988574911597e+03
3.165709841345170389e+03
3.165798680333024549e+03
3.166011356924931533e+03
3.166041532862955137e+03
3.166406107436509956e+03
3.166419540984706146e+03
3.166540136025956599e+03
3.166857207789003496e+03
3.166939391204646654e+03
3.166973528550645824e+03
3.167035473278456266e+03
3.167063532951628986e+03
3.167112153982510335e+03
3.167201150871902428e+03
3.167362102698021772e+03
3.167717785483980606e+03
3.168203488481684872e+03
3.168656643319357499e+03
3.169018605213791943e+03
3.169022509345156323e+03
3.169167876316620550e+03
3.169175870026687335e+03
3.169269545005360669e+03
3.169377191680039232e+03
3.169723485183986668e+03
3.169734466452298875e+03
3.169755168093974135e+03
3.169805527466346120e+03
3.169854207367521212e+03
3.169981577671638661e+03
3.170217283246821808e+03
3.170318195379316421e+03
3.170392289194824116e+03
3.171086081619417200e+03
3.171263225051842710e+03
3.171378140981129036e+03
3.171482294844883199e+03
3.171523794943124813e+03
3.171598763485078052e+03
3.171636889116661678e+03
3.171782169864606658e+03
3.171912660185704681e+03
3.172159754903128942e+03
3.172184959820703170e+03
3.172286272527063375e+03
3.172518172037644490e+03
3.172607751938729507e+03
3.172678028592024475e+03
3.173010719657326717e+03
3.173057214339809889e+03
3.173064360393362676e+03
3.173094483725304599e+03
3.173135124716372047e+03
3.173289526303326966e+03
3.173342115075325637e+03
3.173367333808226704e+03
3.173507928934961910e+03
3.173547752468798990e+03
3.173642026353581969e+03
3.173794339998581563e+03
3.174193567772890219e+03
3.174209725366285511e+03
3.174285113966453991e+03
3.174520994226355924e+03
3.174814334803404563e+03
3.174877817041278831e+03
3.174939065729874983e+03
3.174957241283129406e+03
3.174975717693766910e+03
3.175114076319409378e+03
3.175334672927227984e+03
3.175362933977837656e+03
3.175448343391737126e+03
3.175669118637990323e+03
3.175676305161783603e+03
3.175987175485098760e+03
3.176080951967672263e+03
3.176275761332820366e+03
3.176397488839149901e+03
3.176400139028888589e+03
3.176505666294945968e+03
3.176836196845409177e+03
3.177852054152433084e+03
3.177947465711840323e+03
3.178038414811417169e+03
3.178134189583035550e+03
3.178272548192579052e+03
3.178454213850573069e+03
3.178563850238062514e+03
3.178568919815820664e+03
3.178590979778246947e+03
3.178609911047061814e+03
3.178703947248458917e+03
3.178815034728284900e+03
3.178824586571491636e+03
3.179055563066327977e+03
3.179073207163996813e+03
3.179083567023951673e+03
3.179146591797090423e+03
3.179300484810810758e+03
3.179568897965327778e+03
3.179713376145114580e+03
3.179789786101916434e+03
3.179790634841831434e+03
3.179807917512649510e+03
3.179838341897615010e+03
3.180273601697726008e+03
3.180542020183634122e+03
3.180734832589976577e+03
3.180945036036884176e+03
3.181058641950336096e+03
3.181091160167812632e+03
3.181293894672096030e+03
3.181307795914431154e+03
3.181526855562161472e+03
3.181691366797023420e+03
3.181799090181307747e+03
3.182019517415230894e+03
3.182054086662041755e+03
3.182140584265072903e+03
3.182325804928695561e+03
3.182495850002331281e+03
3.182909227545784688e+03
3.183002225123845619e+03
3.183032376610870415e+03
3.183164026504627145e+03
3.183439083367698458e+03
3.183549306030966363e+03
3.183838750660953338e+03
3.183987505466213861e+03
3.184091370896815079e+03
3.184191091897570004e+03
3.184538742162359995e+03
3.184626233946250522e+03
3.184890145777717407e+03
3.185035082355762370e+03
3.185131783328597066e+03
3.185751820609751121e+03
3.185816990809950767e+03
3.185857860010890818e+03
3.186142135515591235e+03
3.186387734714883209e+03
3.186399187246712245e+03
3.186789160079597423e+03
3.186806862284939143e+03
3.186826020971952403e+03
3.187094633487079591e+03
3.187122925459202634e+03
3.187199545658694660e+03
3.187384214434359365e+03
3.187462229882099564e+03
3.187599050986336351e+03
3.187695236828182715e+03
3.187704573678405723e+03
3.188198680527203578e+03
3.188527936984376083e+03
3.188946196330412477e+03
3.189027938058498876e+03
3.189074165836847442e+03
3.189412597814475248e+03
3.189412793293012783e+03
3.189425676365513027e+03
3.189437637774906307e+03
3.189684646091292052e+03
3.189717397298516062e+03
3.189718876939652546e+03
3.190113479929658752e+03
3.190624307058572867e+03
3.190782098048013268e+03
3.190912284460012415e+03
3.191306474068780517e+03
3.191332242553677588e+03
3.192289658429627252e+03
3.192451344376875568e+03
3.192520319189567545e+03
3.192545855040430524e+03
3.193186973834283890e+03
3.193423574573045698e+03
3.193565572753399010e+03
3.193671654428228521e+03
3.193680773117523586e+03
3.193717513005316050e+03
3.194470040642353979e+03
3.194495402235628717e+03
3.194551446035606205e+03
3.194591687030644607e+03
3.194624134168505407e+03
3.194629615847815785e+03
3.194796697373064490e+03
3.194813646070986579e+03
3.194852678912234296e+03
3.194936414029290063e+03
3.196239821108361866e+03
3.196302601647816118e+03
3.196552114357301434e+03
3.196922881050197248e+03
3.197018845416482236e+03
3.197026819042367151e+03
3.197109149470232296e+03
3.197430665416947704e+03
3.197447947289272179e+03
3.197598406481929942e+03
3.197615291618106767e+03
3.197713623039669528e+03
3.197826888624599178e+03
3.197851794495398281e+03
3.197853230592230830e+03
3.197907081879142424e+03
3.198500177888756753e+03
3.198505286519956826e+03
3.198515604793186867e+03
3.198533319741491596e+03
3.198550375534199247e+03
3.198574089791103688e+03
3.198590683438160340e+03
3.198694121619215821e+03
3.198908161116944029e+03
3.198943874692562531e+03
3.199057078174035723e+03
3.199147342455817579e+03
3.199265815496690266e+03
3.199516796701989279e+03
3.199938914258050772e+03
3.199956593007910669e+03
3.200054217391697421e+03
3.200163701158254298e+03
3.200328177480945669e+03
3.200360372010244191e+03
3.200662959312205658e+03
3.200765708977460235e+03
3.201130300139075189e+03
3.201303894159872925e+03
3.201327947125792889e+03
3.201347242013906452e+03
3.201381247568739582e+03
3.201443744600162063e+03
3.201512657773218052e+03
3.201675206188258471e+03
3.201715152987510919e+03
3.201738149407508445e+03
3.201752178802094932e+03
3.201810898262669525e+03
3.201829384323740214e+03
3.201861500579424046e+03
3.201927639273365003e+03
3.202093625242472172e+03
3.202151669481001591e+03
3.202198262443719159e+03
3.202205975717637557e+03
3.202435890650222973e+03
3.202467960916246284e+03
3.202636813600927780e+03
3.202676032070231486e+03
3.202698870662121863e+03
3.202746877531222253e+03
3.202807886415764187e+03
3.202908320361817459e+03
3.202945124856181337e+03
3.203082234899051400e+03
3.203217938966661677e+03
3.203231421368488554e+03
3.203259484165105277e+03
3.203263741555132583e+03
3.203316972360395994e+03
3.203549990487791547e+03
3.203719981348691363e+03
3.203748770495868939e+03
3.203889954718542867e+03
3.203909165050003594e+03
3.204033565634091701e+03
3.204657506776529772e+03
3.204759737861316353e+03
3.204762143630146966e+03
3.205159935550602768e+03
3.205294274677603426e+03
3.205540292962345120e+03
3.205633164966570348e+03
3.206413667122238621e+03
3.206589488792362772e+03
3.206726296124468718e+03
3.206793123630807258e+03
3.207096854070218797e+03
3.207265192965247024e+03
3.207316743821778346e+03
3.207496695559962518e+03
3.207603376783996282e+03
3.207615165911923214e+03
3.207622094107310659e+03
3.207706291846324348e+03
3.207707676738317332e+03
3.208026638416892638e+03
3.208184877153047182e+03
3.208392287668118115e+03
3.208485935802914355e+03
3.208846843541377439e+03
3.208928942110832395e+03
3.209107249801289981e+03
3.209140741767542750e+03
3.209149107641394039e+03
3.209349835651551075e+03
3.209684648546215612e+03
3.209891870886636752e+03
3.210183448918335671e+03
3.210341878325242305e+03
3.210521482163177097e+03
3.210632236234137963e+03
3.210643828854548701e+03
3.211366328408233585e+03
3.211512271906077785e+03
3.211541743671169115e+03
3.211638249085046027e+03
3.211873848766578703e+03
3.211988960963612953e+03
3.212219100009878275e+03
3.212629696568746112e+03
3.212816646547315941e+03
3.212831659390192272e+03
3.213641113764181682e+03
3.214215817013438027e+03
3.214415650050610566e+03
3.214425982933183604e+03
3.214530048385110149e+03
3.214814991972643384e+03
3.214919133587429769e+03
3.215239497183573803e+03
3.215615433978660803e+03
3.215621885356059011e+03
3.216047238279282283e+03
3.216115199575933730e+03
3.216619819261135490e+03
3.216821325671641262e+03
3.217033098706473538e+03
3.217034345355000369e+03
3.217208756631876440e+03
3.217379486054288463e+03
3.217501822889735649e+03
3.217611480070457219e+03
3.218511256301893809e+03
3.218596885270980692e+03
3.218633416335194397e+03
3.218681760031547128e+03
3.218792940143162014e+03
3.219066515327174784e+03
3.219074756858871297e+03
3.219261103732847914e+03
3.219445907910934693e+03
3.219448939212941696e+03
3.219720314717513702e+03
3.219809715177083945e+03
3.219820042435849700e+03
3.219900032166786787e+03
3.220245377712493791e+03
3.220309702947665755e+03
3.220382490213160509e+03
3.220477754218468363e+03
3.220507555856946965e+03
3.220960568500437603e+03
3.221227825731203211e+03
3.221365495450381786e+03
3.221375218006207433e+03
3.221385284219277764e+03
3.221616945217969715e+03
3.221660003139909804e+03
3.221720092781811672e+03
3.222492435550812843e+03
3.222593318854195786e+03
3.222675956159725956e+03
3.222681417675686134e+03
3.222687669446084328e+03
3.222864448100381651e+03
3.223564422807250594e+03
3.224123480138708601e+03
3.224455173614654086e+03
3.224506756099721770e+03
3.224515304902869502e+03
3.224957979386480474e+03
3.224993339535621089e+03
3.225079729181652510e+03
3.225230894763316883e+03
3.225281939508995492e+03
3.225353141086212872e+03
3.225383677312130203e+03
3.225524097718752273e+03
3.225547543787004543e+03
3.225634299809092226e+03
3.225719364691136434e+03
3.225740501275948191e+03
3.226041633197879037e+03
3.226160424812973815e+03
3.226540085233558784e+03
3.226876137426730111e+03
3.227019050120570228e+03
3.227114434409587830e+03
3.227184893482650295e+03
3.227412126303364857e+03
3.227614596349176281e+03
3.227787752075541903e+03
3.228001663488629674e+03
3.228048278937047598e+03
3.228172692736584850e+03
3.228255399279234553e+03
3.228690787350287792e+03
3.228734087602460477e+03
3.229107680805096152e+03
3.229306015930927970e+03
3.229332218422651295e+03
3.229395285115462229e+03
3.229609009157412402e+03
3.229757593165422804e+03
3.229954514859775372e+03
3.229958194866488157e+03
3.230574399273960807e+03
3.230834668224614234e+03
3.231831425899523765e+03
3.231842871987101262e+03
3.232573215550484747e+03
3.232651589015699756e+03
3.233114785695526734e+03
3.233407572943395735e+03
3.233730775918736072e+03
3.233855010427218986e+03
3.233946265203020630e+03
3.234063794560689985e+03
3.234567273899067004e+03
3.234587993147387806e+03
3.234727743663836463e+03
3.234989394886814353e+03
3.235016165998751603e+03
3.235040868014780244e+03
3.235121475322570859e+03
3.235127952745232051e+03
3.235321641963839284e+03
3.235519176313929165e+03
3.236211587444781799e+03
3.236216108025699668e+03
3.236787854495905776e+03
3.237467460777410906e+03
3.237657358440502776e+03
3.237778443962740312e+03
3.237827434071843982e+03
3.238145431172411918e+03
3.238777916143050788e+03
3.238872435162410511e+03
3.238873082836916183e+03
3.239004419157411576e+03
3.239254213588945731e+03
3.239319679004463978e+03
3.239487959162755942e+03
3.239596734106990880e+03
3.239747391331434756e+03
3.239935009333734797e+03
3.240294210121009655e+03
3.240433732866886203e+03
3.240718809166089613e+03
3.240720535335397471e+03
3.240792093705878870e+03
3.240843280447350025e+03
3.240900621587350997e+03
3.240903564457896209e+03
3.241061297838780774e+03
3.241141467145042498e+03
3.241144363558034001e+03
3.241249669495165108e+03
3.241324217903242243e+03
3.241348392729546504e+03
3.241527095548698981e+03
3.241629012913793758e+03
3.241629698789995928e+03
3.241694641609002701e+03
3.241714357700465371e+03
3.241999515908044941e+03
3.242521721668107148e+03
3.242647897047505012e+03
3.242707092087503042e+03
3.242902510879766851e+03
3.242977326090869610e+03
3.243048326987910514e+03
3.243559837203114057e+03
3.243583870391365053e+03
3.243742146313251396e+03
3.244117003116668457e+03
3.244237705677348458e+03
3.244316033780628459e+03
3.244401301412996872e+03
3.244481918562161809e+03
3.245092172181551177e+03
3.245191593663971162e+03
3.245222354191832892e+03
3.245514127433860722e+03
3.245622068845215381e+03
3.246020250616694739e+03
3.246075995683466772e+03
3.246146275344082369e+03
3.246208848230033709e+03
3.246294305189742317e+03
3.246416508870208418e+03
3.246549283975607977e+03
3.246714363355606110e+03
3.246895141512530245e+03
3.246981963804008956e+03
3.247065667983545609e+03
3.247087083224691924e+03
3.247305134174805062e+03
3.247341455281364688e+03
3.247422971204102396e+03
3.247624699237184359e+03
3.247713285468199956e+03
3.247779692565005007e+03
3.247819405364485647e+03
3.247902243285056102e+03
3.247965322257439311e+03
3.248057568291826101e+03
3.248190644921173771e+03
3.248265915682214199e+03
3.248531601281697476e+03
3.248566679371824193e+03
3.248595871835486832e+03
3.248612695145402085e+03
3.248868814704915167e+03
3.249186828129537389e+03
3.249284751316520669e+03
3.249455499933666943e+03
3.249709061898298387e+03
3.249783531997839418e+03
3.249849113036481413e+03
3.249878914672268365e+03
3.250093203142551829e+03
3.250371537076688128e+03
3.250484161708321153e+03
3.250835310962174844e+03
3.250932657740961076e+03
3.251135888349195739e+03
3.251210123931045018e+03
3.251372512455541255e+03
3.251446492496592782e+03
3.251469126324540412e+03
3.251547550152907661e+03
3.251656158571220658e+03
3.251743982421225610e+03
3.251754118494089653e+03
3.251940481999327858e+03
3.252032423531759832e+03
3.252272613120871938e+03
3.252649612995114239e+03
3.252997850336364991e+03
3.253163823369278816e+03
3.253263697585843147e+03
3.253399772727067102e+03
3.253461404326568754e+03
3.253536255448810607e+03
3.253837263159069607e+03
3.254066167328685879e+03
3.254216379171411972e+03
3.254432770504688961e+03
3.254729405987603059e+03
3.254833921867720619e+03
3.254987799150961564e+03
3.255172358404534862e+03
3.255345220627794333e+03
3.255764226373791189e+03
3.256492205868442397e+03
3.257169281210937243e+03
3.257406981302168788e+03
3.257551936365466190e+03
3.257609436373372318e+03
3.257629283804841634e+03
3.257645031350446516e+03
3.257733527294074975e+03
3.257938402443493942e+03
3.258425413828655110e+03
3.258433705806397484e+03
3.258499465409730419e+03
3.258660892097456781e+03
3.258899049407661551e+03
3.259329974060509358e+03
3.259397676557442082e+03
3.259668714951661059e+03
3.259810702513726937e+03
3.259828690083507354e+03
3.259830463613350275e+03
3.259926955061910121e+03
3.260522857184080294e+03
3.261158089880815169e+03
3.261200710237655130e+03
3.261206536637231693e+03
3.261573918384151511e+03
3.261857826469699376e+03
3.261912944104561120e+03
3.262085558621164637e+03
3.262221531991555366e+03
3.262292200241124192e+03
3.262540085586345413e+03
3.262646595118768801e+03
3.262895829942693581e+03
3.263205135939851516e+03
3.263241013996344464e+03
3.263410053853337104e+03
3.263755731780374390e+03
3.263783866847102217e+03
3.263799064703542172e+03
3.263880449013528505e+03
3.263925720688303045e+03
3.263974388018104491e+03
3.264291901691897237e+03
3.264507183553052528e+03
3.264767963031704312e+03
3.264874444955616582e+03
3.264898147448931923e+03
3.264982080427867004e+03
3.265376066468884346e+03
3.265456535308801449e+03
3.265825832644055026e+03
3.265828030593962467e+03
3.265851388216798114e+03
3.265854531638803564e+03
3.265914108588042382e+03
3.266435456680210791e+03
3.266738377182003205e+03
3.266855793313128743e+03
3.266974012908858640e+03
3.267115296256579768e+03
3.267122855165798683e+03
3.267197536638552720e+03
3.267256660494943844e+03
3.268603826745950755e+03
3.268668854439551524e+03
3.268702433285633560e+03
3.268706983279984797e+03
3.268972397540703241e+03
3.269098586809323479e+03
3.269209759737279455e+03
3.269215715239114616e+03
3.269375756087299578e+03
3.269380588033121057e+03
3.269389394054336663e+03
3.269515939975210586e+03
3.270079233360620947e+03
3.270288268707140560e+03
3.270532208563868608e+03
3.270720982833202470e+03
3.270723909985831142e+03
3.271272987422269580e+03
3.271307932498157243e+03
3.271826118144378142e+03
3.272112588124506601e+03
3.272351554165060406e+03
3.272405563626498861e+03
3.272468546610096837e+03
3.272530365563812666e+03
3.272752579216075901e+03
3.272775808331097778e+03
3.273181715164326306e+03
3.273401757023589198e+03
3.273912440066956606e+03
3.274136533161977695e+03
3.274364599154567713e+03
3.274500461324258140e+03
3.274518219755166683e+03
3.274926163359619750e+03
3.275180419973304197e+03
3.275519262624467501e+03
3.276207420233585708e+03
3.276221895102790768e+03
3.276229982539007324e+03
3.276392253663892461e+03
3.276730285096837179e+03
3.277939139386855459e+03
3.278133188657528081e+03
3.278137134559334754e+03
3.278454629434185335e+03
3.278589168634618090e+03
3.278642388206365467e+03
3.278657864953669559e+03
3.278741856004638976e+03
3.278743415163506143e+03
3.279119526050797504e+03
3.279466474292844396e+03
3.279522120994952274e+03
3.279766463525793370e+03
3.279813152439828627e+03
3.279825881718094024e+03
3.279961526327791944e+03
3.280124826900440894e+03
3.280291234250247271e+03
3.280329911626032299e+03
3.280363164214654716e+03
3.280418974646490369e+03
3.280645354058248813e+03
3.280781174474567706e+03
3.280884186440678150e+03
3.281389569430168194e+03
3.281494718595394716e+03
3.281544647464246282e+03
3.281558935041939094e+03
3.281720543835087483e+03
3.281870576707549844e+03
3.282151185863820956e+03
3.282264050867761398e+03
3.282336243760102207e+03
3.282442271251819875e+03
3.282507595997409226e+03
3.282617465846578853e+03
3.283334574808291109e+03
3.283420877634923727e+03
3.283507219374170745e+03
3.283724910667779113e+03
3.283777393209626098e+03
3.283791266953679951e+03
3.284020118677018672e+03
3.284026873407672156e+03
3.284148438870074187e+03
3.284694200114100568e+03
3.284781931873685153e+03
3.285159846286322590e+03
3.285426966253669889e+03
3.285433447698927466e+03
3.285447213053036194e+03
3.285716025719617392e+03
3.285844505100752031e+03
3.286369778657643110e+03
3.286887564454008498e+03
3.287016130166804942e+03
3.287274304525144998e+03
3.287289493881776252e+03
3.287383757977841015e+03
3.287435402675830119e+03
3.287937306121455094e+03
3.287958840814036648e+03
3.288276044078647374e+03
3.288424985892615041e+03
3.288447697372233506e+03
3.289008096133811250e+03
3.289043984242298393e+03
3.289504610836341726e+03
3.289590817089119810e+03
3.289691692580040126e+03
3.289724162945924036e+03
3.290328439580868690e+03
3.290419743615227617e+03
3.290422914435220264e+03
3.290561199509967537e+03
3.290796543685253710e+03
3.290917089839393157e+03
3.290977957603557115e+03
3.291202963622923107e+03
3.291282074881385597e+03
3.291345272210485746e+03
3.291923039373689335e+03
3.292014785749446219e+03
3.292140124007145005e+03
3.292407178814565668e+03
3.292602940043720992e+03
3.292733645564680046e+03
3.292968306996871434e+03
3.293102086331683040e+03
3.293183979769934012e+03
3.293466200557967568e+03
3.293506436117057092e+03
3.293745466530184785e+03
3.294110622282655640e+03
3.294170468118217286e+03
3.294335372360380916e+03
3.294756381676811543e+03
3.294821862273115585e+03
3.295070161954098694e+03
3.296200847573863939e+03
3.296526298189044155e+03
3.296835339289516924e+03
3.296851600015296754e+03
3.297032653826059686e+03
3.297099691138094386e+03
3.297203747119729996e+03
3.297459832748215831e+03
3.297588824171592933e+03
3.297754386048591186e+03
3.297774538646328892e+03
3.298299090805714513e+03
3.298670670147206238e+03
3.298689332849664879e+03
3.298720335615396834e+03
3.298847302049633527e+03
3.298957892639585680e+03
3.299084825223500957e+03
3.299154706170885220e+03
3.299171369971080821e+03
3.299288489220647079e+03
3.299324816703060151e+03
3.299667783609987055e+03
3.299867310975131659e+03
3.300179381650438700e+03
3.300283024580289293e+03
3.301175512485327999e+03
3.301814112955193650e+03
3.301855146792268897e+03
3.302094678564104470e+03
3.302127543832311403e+03
3.302205913366327877e+03
3.302207348887624448e+03
3.302238942125165977e+03
3.302585700777533930e+03
3.302726110485365098e+03
3.302948265770936359e+03
3.303153967362496132e+03
3.303600908181804698e+03
3.303968643871588029e+03
3.303984361037574217e+03
3.304204355257817042e+03
3.304258990341516892e+03
3.304808446936536711e+03
3.305001465179890147e+03
3.305073839976482304e+03
3.305090738794639947e+03
3.305249464196216650e+03
3.305408702687673667e+03
3.305424327661705775e+03
3.305895444824054266e+03
3.305991879773408527e+03
3.306302747095908217e+03
3.306311070738140643e+03
3.306344947004824917e+03
3.306554013595860397e+03
3.306594544442886672e+03
3.307393321390896745e+03
3.307604581279181730e+03
3.307982509823305463e+03
3.308131995700869993e+03
3.308352315378775984e+03
3.308436451883377231e+03
3.308789832931025558e+03
3.309106141659901368e+03
3.309741231507524390e+03
3.309745979007049300e+03
3.310027071730651187e+03
3.310313057505517463e+03
3.310329392571994504e+03
3.310547775081358395e+03
3.310938315247685750e+03
3.311013883044920021e+03
3.311258597259541148e+03
3.311269868863194006e+03
3.311520263197903205e+03
3.311701926228845423e+03
3.311779515494597945e+03
3.311808563945918650e+03
3.311825275536109075e+03
3.311939138200695652e+03
3.311943431833726208e+03
3.311976759769125238e+03
3.311984391985828097e+03
3.312100155641535821e+03
3.312324709486666507e+03
3.312449197652972089e+03
3.312930032684497291e+03
3.313376427820243407e+03
3.313458167288315053e+03
3.313545409323687636e+03
3.314334409404421422e+03
3.314629895643942291e+03
3.314701393491382078e+03
3.314788347829324721e+03
3.314792696132947185e+03
3.314881772504844776e+03
3.314958043919749343e+03
3.315052605095992021e+03
3.315096879880399229e+03
3.315349651933642690e+03
3.315367288921293948e+03
3.315379037752799377e+03
3.315497207134392283e+03
3.315607126508833971e+03
3.315683730980627843e+03
3.315812936956031535e+03
3.315823185648665003e+03
3.315847768172580800e+03
3.315848005909416770e+03
3.316352783224115683e+03
3.316383090964040548e+03
3.316489892051946754e+03
3.316530460547649454e+03
3.316607945081522757e+03
3.316722256076232497e+03
3.316777905038467907e+03
3.316864171637963409e+03
3.316867288455291600e+03
3.316987667213267287e+03
3.317100716265580104e+03
3.317217553106482228e+03
3.317471349246082355e+03
3.317537396171062937e+03
3.317928682253515490e+03
3.318068083470089277e+03
3.318271662970554644e+03
3.318583955573696585e+03
3.318872242805407041e+03
3.319080430913339114e+03
3.319138366876079544e+03
3.319228413310852829e+03
3.319469783861522956e+03
3.319583027269939066e+03
3.319687826453345224e+03
3.319816592346648122e+03
3.320185383876454580e+03
3.320411194227500800e+03
3.320455985929638700e+03
3.320532212772787716e+03
3.320626171926746338e+03
3.320711081073412515e+03
3.321020608716356946e+03
3.321160691277887054e+03
3.321165019112968366e+03
3.321208982455309979e+03
3.321663955600556164e+03
3.321756695086344280e+03
3.321799676274346893e+03
3.321869535561496377e+03
3.321925527307845186e+03
3.322468752600595053e+03
3.322583614995502103e+03
3.323090754902405024e+03
3.323245087966644860e+03
3.323356955882630700e+03
3.323588013296927329e+03
3.323914521956185581e+03
3.324174243685954025e+03
3.324434163867347706e+03
3.324442169313882459e+03
3.324581531711443859e+03
3.324771647410583228e+03
3.324966919862421491e+03
3.324977297415189696e+03
3.325263903353129535e+03
3.325489886966840004e+03
3.325620909048816429e+03
3.325840731464711098e+03
3.326011970278691933e+03
3.326090106076780103e+03
3.326225042361324995e+03
3.326233950539965463e+03
3.326440329293007380e+03
3.326442673017237666e+03
3.326519090144027359e+03
3.326573501890993157e+03
3.326841936843115946e+03
3.326927850168046916e+03
3.327125693337498433e+03
3.327216264824349309e+03
3.327397720300067249e+03
3.327405972817066868e+03
3.327734855111119941e+03
3.327905222778802454e+03
3.328067822073700881e+03
3.328454757975946904e+03
3.329008367936270133e+03
3.329210068137366306e+03
3.329213018732401451e+03
3.329283011432697549e+03
3.329743833683286994e+03
3.329771299475904470e+03
3.329848400661889173e+03
3.329873914062008680e+03
3.330046499252030117e+03
3.330349685883930761e+03
3.330563629241867147e+03
3.330699653860218859e+03
3.331042519093975443e+03
3.331293926205564730e+03
3.331398132103944135e+03
3.331695103634679072e+03
3.331738956081839660e+03
3.331741507456954423e+03
3.331848106064240255e+03
3.331864148276536980e+03
3.331987085680979362e+03
3.332013545730706483e+03
3.332040211200709109e+03
3.332046297889197376e+03
3.332108740263311574e+03
3.332235165788672475e+03
3.332520111814986649e+03
3.332604761812407560e+03
3.332844709820697972e+03
3.332958934122234950e+03
3.333719108152803983e+03
3.333750939157989706e+03
3.334093811609016029e+03
3.334189766135772516e+03
3.334422587501457656e+03
3.334899518139978227e+03
3.335119323894558875e+03
3.335391745088418247e+03
3.335763132852172021e+03
3.335814303401459256e+03
3.336113444851660006e+03
3.336144546731540231e+03
3.336390899401660135e+03
3.336411577364585810e+03
3.336749358589796884e+03
3.336974237439765602e+03
3.336995547322587754e+03
3.337034959743106356e+03
3.337153808011745241e+03
3.337575369328862507e+03
3.337693047723694235e+03
3.337833042503587421e+03
3.337834596712623352e+03
3.337841297404845591e+03
3.337991137655512375e+03
3.338040539738028201e+03
3.338061848418928093e+03
3.338133147260107307e+03
3.338504977984408470e+03
3.338670775522049553e+03
3.338721374079264478e+03
3.338814185090010142e+03
3.338957104025364515e+03
3.339096129951700732e+03
3.339105939012979434e+03
3.339386391601447485e+03
3.339680614529544528e+03
3.339741196902577940e+03
3.339985277424651940e+03
3.340024900656962018e+03
3.340108696319830869e+03
3.340133443498190445e+03
3.340330028210864839e+03
3.340687984802194023e+03
3.340698440148113150e+03
3.340723755929970139e+03
3.340816870329492758e+03
3.341835070861548047e+03
3.342359719061155374e+03
3.342415066264902180e+03
3.342654412916205274e+03
3.342835691000365387e+03
3.342844291341860298e+03
3.342918585817020812e+03
3.343160389902998759e+03
3.343162846616934075e+03
3.343272006335430888e+03
3.343293613106244266e+03
3.343654644836207808e+03
3.343688594011627174e+03
3.343806305789088583e+03
3.343828969662396048e+03
3.343982490108001002e+03
3.343984367147952526e+03
3.344148975328483630e+03
3.344387500232821822e+03
3.344552034493104202e+03
3.344814490867929635e+03
3.344972775974141769e+03
3.345379285338802674e+03
3.345423133180825516e+03
3.345522873885915942e+03
3.345943350025186646e+03
3.346023864716726621e+03
3.346356248997155490e+03
3.346435810453833710e+03
3.346731978174051164e+03
3.346755460965433031e+03
3.346908642493462594e+03
3.346983844467794825e+03
3.347028128595491580e+03
3.347070787243836094e+03
3.347161165067086131e+03
3.347899904810145017e+03
3.347963929009932599e+03
3.348258088045529348e+03
3.348434305809876150e+03
3.348508365982196210e+03
3.348753319589236980e+03
3.349006334922946735e+03
3.349084861241482940e+03
3.349118687363751178e+03
3.349281134836778620e+03
3.349286052981722605e+03
3.349369817528800468e+03
3.349649932399096542e+03
3.349855499882924960e+03
3.349868808615497528e+03
3.349876599104910383e+03
3.349951064114854489e+03
3.349961554049180904e+03
3.350036200555102369e+03
3.350054573461673499e+03
3.350269961791351761e+03
3.350406015657803437e+03
3.350435429279317759e+03
3.350470973732547463e+03
3.350624831519468898e+03
3.350643001735369126e+03
3.350657786810110792e+03
3.350748568152725966e+03
3.351138753474492660e+03
3.351244111891863213e+03
3.351715908631550064e+03
3.352189111771001535e+03
3.352193219856540964e+03
3.352349545919386401e+03
3.352434385462480350e+03
3.352435496365009840e+03
3.352767085025598590e+03
3.353555936781779565e+03
3.353728481798454595e+03
3.353749175487045250e+03
3.354047594319785730e+03
3.354197262393391156e+03
3.354529079328358421e+03
3.354545295851201445e+03
3.355213431615064110e+03
3.355230397008287127e+03
3.355274595471802058e+03
3.355290419085029498e+03
3.355733086409612497e+03
3.355925941456192504e+03
3.355977029061950361e+03
3.356137281123150387e+03
3.356204037398036689e+03
3.356469659930713533e+03
3.356490757475131886e+03
3.356980423098305891e+03
3.357038629895611848e+03
3.357114535889110357e+03
3.357372638722836200e+03
3.357604825422010890e+03
3.357607010740903206e+03
3.357677375540427420e+03
3.357694731835304992e+03
3.357747945190747942e+03
3.357802918946010323e+03
3.358001770083615611e+03
3.358482830691048093e+03
3.358487481449589268e+03
3.358637400110520048e+03
3.358794055410528472e+03
3.358946090086863478e+03
3.359006459193846695e+03
3.359154894590420099e+03
3.359266771703543327e+03
3.359307090934346434e+03
3.359458915926500595e+03
3.359728025980777602e+03
3.359747069279120296e+03
3.359765905751122773e+03
3.360273401905656556e+03
3.360538484475737278e+03
3.361053332499565840e+03
3.361060462166069101e+03
3.361198381082816013e+03
3.361219316563980101e+03
3.361226298346728072e+03
3.361276940380918859e+03
3.361440722716862638e+03
3.361493769847773365e+03
3.361738313096826460e+03
3.361764596453496324e+03
3.361794010763088409e+03
3.361796455256541776e+03
3.362253448615463640e+03
3.362729209376884228e+03
3.362791822750262781e+03
3.362804519815229469e+03
3.363035332782064415e+03
3.363228929828972014e+03
3.363290967185985210e+03
3.363429377399673285e+03
3.363452024784530295e+03
3.363514311644391455e+03
3.363523758615725910e+03
3.363624371243213318e+03
3.364062856347102297e+03
3.364638872182718842e+03
3.364809432117921460e+03
3.365235879665170614e+03
3.365276381979493181e+03
3.365631512523264064e+03
3.366141144299811003e+03
3.367314893939938429e+03
3.367548307264779396e+03
3.367736865645188573e+03
3.368093561841456449e+03
3.368178316067898777e+03
3.368244481108061791e+03
3.368499375710583081e+03
3.369857567062828366e+03
3.369863743845544377e+03
3.369905689319050452e+03
3.370070208320583333e+03
3.370107134647609200e+03
3.370297519695157916e+03
3.370426326517491361e+03
3.370509389643575560e+03
3.370614978569507457e+03
3.370704760372765577e+03
3.370942473671608241e+03
3.370982934812252097e+03
3.371016142756149748e+03
3.371244991550815030e+03
3.371486901165927520e+03
3.371501163188399005e+03
3.371625531325807060e+03
3.371653548121082167e+03
3.371699304063465206e+03
3.371945985661976920e+03
3.372073505539291091e+03
3.372241144821951821e+03
3.372349564292328523e+03
3.372480382930728865e+03
3.372497676245755429e+03
3.372706108541028698e+03
3.372937359126800402e+03
3.372953994079267886e+03
3.373032785029623028e+03
3.373040113220028161e+03
3.373084437594658084e+03
3.373198590705741481e+03
3.373396516381414131e+03
3.373636338761679326e+03
3.373745576106772205e+03
3.373996934053433506e+03
3.374088350097567854e+03
3.374238894369943864e+03
3.374289492921431702e+03
3.374486243889253728e+03
3.374581465383992054e+03
3.374693069748409471e+03
3.374923253768806717e+03
3.375651863248659083e+03
3.375696823279123691e+03
3.375851220207086953e+03
3.375959672103842877e+03
3.376399129766988608e+03
3.376699866999544156e+03
3.377118807656762783e+03
3.377145705332728539e+03
3.377243764947740601e+03
3.377289599629058557e+03
3.377432292952024454e+03
3.377468043977994967e+03
3.377490128738277690e+03
3.377567179092073729e+03
3.377637722509356990e+03
3.377671282437941954e+03
3.378014412075729979e+03
3.378254773788626608e+03
3.378682296544495330e+03
3.378722512946790630e+03
3.378808643100580412e+03
3.379065443849033272e+03
3.379514186222785156e+03
3.379551222355006757e+03
3.379568556750802600e+03
3.379705669459879118e+03
3.379830410561192366e+03
3.380038364830149476e+03
3.380399180065313431e+03
3.380414156213591468e+03
3.380442968883576214e+03
3.380486160128331903e+03
3.380658463493702129e+03
3.380831833891096721e+03
3.380889002630154664e+03
3.380922739762130277e+03
3.381515279669453776e+03
3.382042354612493909e+03
3.382099915476437218e+03
3.382196429840991641e+03
3.382263866737243916e+03
3.382399760936371422e+03
3.382529664467737348e+03
3.382670032892753625e+03
3.383026239585392432e+03
3.383256841470717973e+03
3.383367337796326865e+03
3.383608294778557593e+03
3.383702487104339070e+03
3.383739141232280872e+03
3.383930079266112443e+03
3.384385369065910254e+03
3.384443190735275948e+03
3.384547500988641787e+03
3.384575506679175305e+03
3.384765080255591783e+03
3.384829637118029495e+03
3.385255288713518439e+03
3.385402421653939200e+03
3.385561740804124383e+03
3.385621220539026581e+03
3.385840512737494464e+03
3.385883958633582097e+03
3.386253359815127624e+03
3.386690557476317736e+03
3.386745100336245287e+03
3.386918395121464528e+03
3.387263056269474873e+03
3.387408321851323308e+03
3.387573352049342247e+03
3.387674687021816226e+03
3.387796529300222574e+03
3.388175028151480092e+03
3.388445171504029986e+03
3.389164234153528923e+03
3.389295083270484156e+03
3.389357819517063490e+03
3.389393170648753312e+03
3.389419860351001262e+03
3.389826937440931943e+03
3.389969277898360815e+03
3.389978819241920064e+03
3.390020124871632106e+03
3.390289895889486615e+03
3.390352676099207656e+03
3.390476060962065276e+03
3.390832538481590291e+03
3.390919728352530456e+03
3.390965935153275041e+03
3.391120513867530008e+03
3.391228390791385209e+03
3.391347127306209131e+03
3.391470937315519222e+03
3.391529906045857842e+03
3.392126323008074451e+03
3.392303726843384538e+03
3.392345745007835831e+03
3.392675316853129971e+03
3.392838772933854671e+03
3.392840864726580094e+03
3.392907513331556856e+03
3.393070585123411547e+03
3.393092544631364035e+03
3.393111266732435979e+03
3.393453689704195767e+03
3.393495874996394832e+03
3.393850259257265861e+03
3.394110937427146837e+03
3.394248619151091589e+03
3.394376290024219998e+03
3.394659954198940795e+03
3.394689964610145580e+03
3.394700544349219854e+03
3.394830393464091230e+03
3.394937139262324763e+03
3.395071241316187297e+03
3.395411883508355913e+03
3.395645196861901240e+03
3.395767589335856428e+03
3.395916254801956256e+03
3.396004833926217543e+03
3.396089622749022965e+03
3.396120385842064479e+03
3.396220074693471361e+03
3.396299113692269202e+03
3.396620260558719110e+03
3.396842938034355029e+03
3.396943565183825285e+03
3.397851076238476253e+03
3.397866152094279641e+03
3.398021667170590263e+03
3.398351459655010331e+03
3.398352851365745664e+03
3.398365198205477554e+03
3.398722133838218269e+03
3.398813780790622786e+03
3.398859124132199213e+03
3.399046785094681127e+03
3.399274429734058685e+03
3.399651756618519812e+03
3.399728007652309316e+03
3.399818842953113744e+03
3.399989957961157415e+03
3.400132979120939126e+03
3.400213664525987951e+03
3.400332758135431050e+03
3.400436712567203813e+03
3.400463487041095505e+03
3.400622044048904172e+03
3.400744909392460158e+03
3.400897018281099918e+03
3.401163747121885535e+03
3.401199182653729622e+03
3.401243113713891489e+03
3.401510359777564645e+03
3.401552063827642087e+03
3.401619886732329633e+03
3.401647044726842068e+03
3.402001315817967679e+03
3.402288592092896579e+03
3.402471116109470586e+03
3.402492333807180330e+03
3.402554712575177291e+03
3.402620830397266673e+03
3.402639780033568513e+03
3.402667657433671593e+03
3.402718536988757933e+03
3.402777324843339557e+03
3.402878898827758803e+03
3.402908013777007454e+03
3.402982646719334298e+03
3.403673875761243835e+03
3.404087685113275711e+03
3.404100700623660032e+03
3.404186542291709429e+03
3.404346704229913939e+03
3.404415586643196093e+03
3.404884319642316768e+03
3.405002060541953597e+03
3.405055957299588499e+03
3.405212936397625072e+03
3.405494961702571800e+03
3.405669292521223724e+03
3.405698116275762004e+03
3.405744314083005520e+03
3.405758772390155173e+03
3.406041957618216202e+03
3.406219368706528257e+03
3.406364462648582048e+03
3.406439186896916453e+03
3.406585192271076721e+03
3.406787332041192258e+03
3.406820189735743497e+03
3.406967676353066508e+03
3.407031147104775300e+03
3.407094728840599146e+03
3.407622753162866502e+03
3.407827148049244897e+03
3.407902668366920352e+03
3.408017970579217945e+03
3.408364817692743600e+03
3.408462056328886774e+03
3.408499824958512818e+03
3.408530493576769913e+03
3.408688047000061488e+03
3.408750595359454110e+03
3.408976605502743041e+03
3.409021179599827974e+03
3.409369928255959167e+03
3.409965356213767791e+03
3.410003663910894375e+03
3.410016572578139858e+03
3.410039496193880495e+03
3.410202154583183983e+03
3.410475032218540036e+03
3.410617546641253739e+03
3.411292113777650684e+03
3.411613070343662002e+03
3.411624676488868772e+03
3.411692129571914393e+03
3.412005948309549694e+03
3.412596403731904047e+03
3.412746365702382263e+03
3.412791366578741872e+03
3.412857140630886533e+03
3.412877798799126595e+03
3.413060064104156481e+03
3.413095850186052303e+03
3.413116179300509430e+03
3.413160534737291528e+03
3.413204543169093540e+03
3.413208953038995332e+03
3.413494682149577784e+03
3.413611006674347664e+03
3.413921221446494656e+03
3.414484949732740461e+03
3.414637048337991928e+03
3.414708999318488168e+03
3.414850018430530781e+03
3.415354744111879882e+03
3.415517416715688341e+03
3.415665750447500614e+03
3.415815280695550882e+03
3.415886311543663396e+03
3.416042172615564141e+03
3.416166942363061935e+03
3.416391826319365919e+03
3.416762585587031481e+03
3.416816933900061940e+03
3.416830404023301980e+03
3.417071564875198419e+03
3.417275228052348666e+03
3.417665338030062230e+03
3.417996201115556687e+03
3.418090656083232716e+03
3.418126542469622109e+03
3.418257148379972477e+03
3.418343817251657129e+03
3.418516001357038931e+03
3.418816343230640086e+03
3.419994905488070344e+03
3.420098960523227561e+03
3.420106988051948974e+03
3.420291098006505308e+03
3.420562881371021831e+03
3.420678124105062579e+03
3.420757906647042546e+03
3.421044290708099652e+03
3.421055997732063588e+03
3.421490576212856467e+03
3.421559142772598989e+03
3.421641502899125499e+03
3.421693577834171265e+03
3.421714327254284399e+03
3.421899669289130543e+03
3.421924960972205554e+03
3.421938815385621638e+03
3.422032124571601344e+03
3.422222364406405632e+03
3.422609868681280204e+03
3.422754776237546594e+03
3.423149614109213871e+03
3.423219463047303634e+03
3.423282765705032944e+03
3.423334025098454731e+03
3.423338183477813800e+03
3.423343300943995928e+03
3.424054959086987765e+03
3.424099657074962124e+03
3.424688334608746572e+03
3.424848283921847269e+03
3.425149283692710469e+03
3.425214882540141843e+03
3.425218434698744204e+03
3.425312570091892667e+03
3.425395225652074259e+03
3.425677087437875798e+03
3.425679893395183626e+03
3.425800404125786372e+03
3.426220968770584932e+03
3.426390264490009486e+03
3.426513785257774998e+03
3.426805985897227856e+03
3.426883063122467320e+03
3.427131035979276930e+03
3.427438254399423386e+03
3.427651697781552684e+03
3.428068418346990711e+03
3.428131513608102978e+03
3.428262556607913666e+03
3.428505540170654058e+03
3.428744847587496679e+03
3.429042819629047699e+03
3.429102952106721659e+03
3.429103959711660082e+03
3.429542128532333209e+03
3.429620185519985171e+03
3.429634871040578673e+03
3.429851976317151639e+03
3.430108299396114035e+03
3.430359288991348421e+03
3.430504378302066925e+03
3.430618897019925498e+03
3.430821144065793760e+03
3.430873807907147238e+03
3.431315047480062276e+03
3.431329516496438373e+03
3.431369966142873636e+03
3.431413222771614983e+03
3.431739198241455142e+03
3.431868882531869531e+03
3.432180934217752565e+03
3.432796454478129817e+03
3.432808110590230626e+03
3.432938203596874246e+03
3.433031730850813346e+03
3.433372050320828748e+03
3.433413833057500597e+03
3.433455729848262308e+03
3.433655344347948358e+03
3.433747664948105012e+03
3.433765985957942576e+03
3.433897907995968581e+03
3.434017940610792266e+03
3.434062258560131795e+03
3.434190826875780203e+03
3.434391496914657182e+03
3.434425646184923153e+03
3.434711328110988688e+03
3.434723554240462818e+03
3.434983102280657931e+03
3.435105115734237643e+03
3.435339020939352395e+03
3.435664530030515380e+03
3.435847441585297929e+03
3.435865008124653286e+03
3.436487063918320928e+03
3.436618471574382056e+03
3.436639671601908503e+03
3.436670034597032554e+03
3.436694864831963059e+03
3.437066421521180018e+03
3.437329383811240405e+03
3.437370088538121308e+03
3.437461441575664594e+03
3.437509043827891674e+03
3.437791106463922006e+03
3.437803096678187103e+03
3.437868893251656573e+03
3.437884425519877823e+03
3.438098715192829331e+03
3.438106611940448147e+03
3.438201837496497774e+03
3.438213651404482789e+03
3.439142947402312984e+03
3.439180879036467104e+03
3.439195625232114253e+03
3.439510900266272984e+03
3.439583259382777214e+03
3.439717673300249317e+03
3.439912378351364623e+03
3.440004946749259034e+03
3.440178298802250538e+03
3.440316184791345222e+03
3.440567098377340244e+03
3.440707481915364951e+03
3.440712224255446017e+03
3.440822052596777212e+03
3.440941296434604283e+03
3.441487909558578394e+03
3.441570753169356976e+03
3.442030697812506332e+03
3.442247383763723974e+03
3.442292599460528891e+03
3.442330474244152356e+03
3.442360068786732427e+03
3.442430701813095311e+03
3.442530102207515938e+03
3.442532509479550754e+03
3.443095017785296022e+03
3.443360206473940707e+03
3.444055054578566342e+03
3.444167982250880414e+03
3.444605201933079570e+03
3.444780370698456409e+03
3.444969622762630479e+03
3.445049425532040914e+03
3.445158065659293243e+03
3.445163179369277714e+03
3.445251909649022309e+03
3.445263941804292699e+03
3.445505396257212396e+03
3.445569136729606726e+03
3.445580022702786664e+03
3.445587190218514479e+03
3.445690289524002310e+03
3.445765681856883930e+03
3.445944829719726840e+03
3.446212442376373474e+03
3.446370058583790524e+03
3.446685277931535438e+03
3.446714520134784834e+03
3.446935760396472233e+03
3.447093746822948560e+03
3.447305928800672973e+03
3.447578407211738977e+03
3.447600518829624889e+03
3.447710114610374603e+03
3.447887091496757876e+03
3.447894813137426809e+03
3.447909037547640764e+03
3.448311243313727573e+03
3.448954626669181380e+03
3.449023028401795273e+03
3.449456789752193799e+03
3.449499908488271103e+03
3.449690383266237859e+03
3.450185859700179208e+03
3.450262981766879875e+03
3.450560859307351166e+03
3.450583621539552496e+03
3.450711545991628554e+03
3.450862656019675342e+03
3.450966124457590468e+03
3.451003539181846008e+03
3.451115830376987105e+03
3.451239852575531586e+03
3.451350877216450499e+03
3.451391186393230328e+03
3.451473435375041845e+03
3.451534666723202008e+03
3.451777740043918129e+03
3.451813407723550881e+03
3.451841955808393323e+03
3.452611795264880129e+03
3.452687712126614315e+03
3.452852661967260701e+03
3.452917822586453894e+03
3.453138039403932453e+03
3.453328146441719582e+03
3.453534136970843974e+03
3.453581589204578449e+03
3.453626573009599269e+03
3.453678169162878021e+03
3.453784573230960177e+03
3.454055360022531204e+03
3.454422658127034083e+03
3.454550108515976717e+03
3.454557667841464081e+03
3.455139567603191608e+03
3.455181650926293059e+03
3.455403129412829458e+03
3.455404604672556161e+03
3.455461719654756052e+03
3.455509639000596053e+03
3.455624354134412897e+03
3.455793807792691041e+03
3.457276416161320867e+03
3.457514802073615556e+03
3.457595479335216623e+03
3.457783973070437696e+03
3.457828203975462657e+03
3.458102287374460047e+03
3.458276391981649795e+03
3.458453316426905076e+03
3.458456778526906874e+03
3.458596981196782508e+03
3.458612195965215960e+03
3.458860084506737167e+03
3.459015701763714333e+03
3.459741272365169152e+03
3.459916587028413232e+03
3.459997064357881300e+03
3.460367765746892474e+03
3.460439839884357752e+03
3.460604330418496829e+03
3.460662741929339518e+03
3.460706691136808786e+03
3.461182702100411461e+03
3.461262043092103795e+03
3.461274341415454273e+03
3.461428399236333462e+03
3.461436303011943892e+03
3.461466030560542549e+03
3.461508930630306622e+03
3.461518493786087220e+03
3.461758138238194078e+03
3.461898536670945759e+03
3.462065180033585420e+03
3.462165802616677411e+03
3.462604589543917882e+03
3.462882133346798128e+03
3.463136121117523999e+03
3.463232587181840699e+03
3.463237800588930440e+03
3.463366597396402540e+03
3.463389261332140904e+03
3.463440325582829701e+03
3.463447402702029649e+03
3.463628385063514088e+03
3.463708790643907832e+03
3.463724903933830774e+03
3.463874280039255154e+03
3.463922122263639721e+03
3.463942908307612925e+03
3.464003179469193583e+03
3.464074654137937159e+03
3.464113603684673308e+03
3.464823549618289235e+03
3.464915176548993259e+03
3.464963076346863090e+03
3.465171190362409106e+03
3.465198137770969424e+03
3.465506390341938641e+03
3.465513711605990011e+03
3.465811167013662271e+03
3.465844462715504960e+03
3.466197976650939381e+03
3.466229784118747830e+03
3.466664870965686077e+03
3.467175549995523397e+03
3.467306607355635606e+03
3.467451355167132078e+03
3.467765439530537606e+03
3.467923398400102542e+03
3.468478352313658434e+03
3.468643426148275466e+03
3.468796626870822820e+03
3.469121130433619783e+03
3.469324976333924496e+03
3.469378224387096452e+03
3.469485782295741956e+03
3.469624781925761454e+03
3.469755536223201489e+03
3.470057529988228453e+03
3.470480584880630431e+03
3.470643820930161837e+03
3.470686644984555187e+03
3.470761938938828280e+03
3.470769063627434207e+03
3.470791495323660456e+03
3.470849177555572624e+03
3.471256180883628531e+03
3.471272116125643606e+03
3.471359755188874260e+03
3.471831083006083645e+03
3.471831752921132647e+03
3.472068984008013103e+03
3.472699575899225692e+03
3.472737741336693034e+03
3.472946670941959837e+03
3.472963496985341862e+03
3.473042375891476695e+03
3.473156002866992822e+03
3.473206020365900258e+03
3.473283924191140159e+03
3.473562545461059472e+03
3.473569179683806396e+03
3.473626942907999819e+03
3.473794020836538039e+03
3.473931432528743699e+03
3.473937853149886450e+03
3.473948872814317383e+03
3.474226799716697769e+03
3.474230575084326574e+03
3.474516458242042972e+03
3.474621039337267121e+03
3.474643440844422457e+03
3.474730523066488786e+03
3.474931727183969542e+03
3.474992174455261193e+03
3.475742518264573391e+03
3.475870649634228357e+03
3.475980521221368235e+03
3.476339534811505473e+03
3.476529372136035818e+03
3.477241360055374571e+03
3.477259880218534363e+03
3.477515090667719960e+03
3.477748043752921603e+03
3.478048924746555258e+03
3.478072576324289457e+03
3.478105385972619843e+03
3.478583052331216550e+03
3.478624440486032654e+03
3.478813078643293920e+03
3.478842794864969164e+03
3.478877572569810582e+03
3.478903949249032848e+03
3.478940122624062951e+03
3.479193713499213573e+03
3.479228772772025877e+03
3.479304700657037756e+03
3.479342404020454069e+03
3.480075423029874855e+03
3.480160430461924534e+03
3.480174959096140810e+03
3.480237644801885835e+03
3.480283645361315848e+03
3.480740751137179814e+03
3.480963918629851378e+03
3.480973626805208823e+03
3.481291325946443521e+03
3.481769044553845106e+03
3.482014860591001252e+03
3.482197325037919654e+03
3.482463413029934145e+03
3.482904572482733329e+03
3.482943828464435228e+03
3.483108902345446950e+03
3.483112817934507802e+03
3.483402496874317876e+03
3.483934871720772662e+03
3.484255873295703168e+03
3.484349838076557717e+03
3.484520926204409534e+03
3.484628674509877783e+03
3.484887224506243456e+03
3.484986593449582415e+03
3.485158268135090111e+03
3.485430889668508826e+03
3.485485506304115916e+03
3.485874777848126087e+03
3.486070454688336213e+03
3.486764097138684519e+03
3.486886213255014354e+03
3.486941356124347749e+03
3.486963111920402298e+03
3.487013869787971998e+03
3.487051593374201275e+03
3.487527465805958400e+03
3.487630035049978233e+03
3.487694973882435988e+03
3.487752358494712553e+03
3.487816412694240171e+03
3.488026004562699200e+03
3.488040789019453314e+03
3.488049871324520154e+03
3.488300663147642808e+03
3.488409139370861340e+03
3.488461979127913310e+03
3.488504135264833167e+03
3.488551170025070405e+03
3.488620204517997990e+03
3.488905078577760833e+03
3.489005604185648281e+03
3.489190588494924214e+03
3.489231126051786305e+03
3.489463313602848302e+03
3.489516725497975131e+03
3.489953602468731788e+03
3.490423242331208712e+03
3.490471997745949011e+03
3.490597004012496200e+03
3.490693596585783780e+03
3.491190646961407310e+03
3.491220744362766709e+03
3.491467324512183495e+03
3.491688906591985415e+03
3.491732354098412088e+03
3.491760548816987921e+03
3.492134182197975861e+03
3.492325831074647795e+03
3.492833224043978589e+03
3.492838521151892564e+03
3.492841977325851985e+03
3.493028684855199117e+03
3.493172387120329404e+03
3.493263904796885527e+03
3.493545024990271031e+03
3.493571293365999736e+03
3.493660306923156895e+03
3.493778367906911626e+03
3.493892980097214604e+03
3.493922212568426858e+03
3.494202640311927553e+03
3.494255938671049080e+03
3.494316016326183671e+03
3.494409095416564014e+03
3.494477086223346760e+03
3.494489258189640623e+03
3.494539367070070966e+03
3.494604886007209188e+03
3.494866802027088397e+03
3.495056149933695906e+03
3.495076521328098352e+03
3.495217315300139944e+03
3.495291523565563239e+03
3.495684333845533729e+03
3.495818437133167208e+03
3.496652991553833999e+03
3.496746230198217745e+03
3.496968810719895828e+03
3.497384973361377888e+03
3.497492231851818360e+03
3.497670541972457158e+03
3.498402803683417460e+03
3.498669647498878021e+03
3.498695374061874645e+03
3.498857936290399721e+03
3.498993212851200497e+03
3.499047103538613101e+03
3.499203668420280792e+03
3.499421761473253810e+03
3.499784149824139149e+03
3.499922191408475555e+03
3.500005695567753719e+03
3.500078234237604192e+03
3.500780487525250464e+03
3.501218197632780175e+03
3.501229507632910554e+03
3.501617850798520521e+03
3.502025918673429715e+03
3.502082949599008316e+03
3.502126868935226867e+03
3.502288072110007306e+03
3.502569251268611424e+03
3.502858723906961586e+03
3.502919510673001696e+03
3.502985170065751845e+03
3.503046013089014195e+03
3.503061682748273142e+03
3.503137279044769002e+03
3.504075206499112028e+03
3.504384633159730129e+03
3.504753519034859892e+03
3.504801345738827877e+03
3.504934285716914019e+03
3.505028824547181102e+03
3.505161037472709722e+03
3.505262722556546123e+03
3.505330608320792180e+03
3.505417549164301363e+03
3.505827346183045847e+03
3.506003583517238894e+03
3.506170303038205020e+03
3.506330761909720422e+03
3.507014066522835037e+03
3.507373999135797021e+03
3.507493020591995446e+03
3.507516034240406498e+03
3.507533291742594884e+03
3.507578208979977717e+03
3.507872673307430432e+03
3.507876068767436664e+03
3.508013261555655845e+03
3.508020256028712993e+03
3.508491039936442576e+03
3.508823958470111847e+03
3.509006696361959257e+03
3.509149876287105144e+03
3.509229485171157648e+03
3.510104366659970765e+03
3.510242525400522027e+03
3.510259709173164083e+03
3.510329276209281034e+03
3.510449730439549967e+03
3.510469579680882816e+03
3.510719616324179697e+03
3.510983168319735341e+03
3.510984016212675215e+03
3.511209435777497220e+03
3.511911599042998660e+03
3.511981238698265315e+03
3.512168498500626811e+03
3.512183673571700183e+03
3.512286175722160806e+03
3.512575063730347665e+03
3.512788838142230361e+03
3.512901403051357192e+03
3.512921125440306241e+03
3.513105450213699442e+03
3.513126544503723380e+03
3.513666061553147756e+03
3.514082209879041329e+03
3.514098084933646078e+03
3.514187384359431235e+03
3.514537505945066187e+03
3.514596693158740891e+03
3.514795408062517254e+03
3.515154434114027481e+03
3.515178562759726901e+03
3.515268414794560613e+03
3.515302847338050015e+03
3.515404253438100568e+03
3.515420448360258433e+03
3.515609779791838719e+03
3.515773560172749512e+03
3.515816446672446091e+03
3.515999040788233742e+03
3.516033400054483536e+03
3.516137022438826989e+03
3.516316398269361343e+03
3.516434747132871507e+03
3.516805072342346193e+03
3.516851761170063583e+03
3.516999091198189035e+03
3.517060371999326435e+03
3.517367372747645277e+03
3.517597917220763520e+03
3.517825455445155058e+03
3.518105558104240117e+03
3.518289341309906376e+03
3.518434931200849860e+03
3.519375176804212515e+03
3.519561821185950066e+03
3.519665761893666513e+03
3.519783809772119639e+03
3.519948113441039823e+03
3.520568555430478682e+03
3.520776121912184863e+03
3.520810620127819675e+03
3.520941952385721834e+03
3.521139724186991771e+03
3.521229432428136533e+03
3.521378330699640173e+03
3.521563816019089245e+03
3.521840769971618101e+03
3.521874353166522724e+03
3.522152856365495609e+03
3.522199074319987631e+03
3.522392612505228499e+03
3.522469832540049083e+03
3.522488186235566900e+03
3.522505238697546702e+03
3.522598617337851465e+03
3.522710981126934712e+03
3.522790796904507260e+03
3.523005868671003554e+03
3.523171556190645788e+03
3.523425219488976836e+03
3.524256191023951487e+03
3.524582612574549785e+03
3.524688945258119475e+03
3.524810830993486888e+03
3.525048249886380290e+03
3.525426995259390878e+03
3.525539449076080018e+03
3.526042681633944085e+03
3.526370808361721174e+03
3.526448237508699549e+03
3.526857670232034252e+03
3.526893029094087979e+03
3.526935326396673645e+03
3.526993964805719770e+03
3.527078053538104086e+03
3.527332968112547405e+03
3.527660440325385025e+03
3.527693049556209189e+03
3.527856044615083192e+03
3.527947097528516679e+03
3.528010470540952156e+03
3.528120020186244801e+03
3.528566968313245070e+03
3.528580312722929193e+03
3.528638886135097437e+03
3.528652376154493595e+03
3.528656253358224603e+03
3.528663617494253231e+03
3.528708364112151685e+03
3.529054753100463586e+03
3.529544654958379397e+03
3.529594889857615726e+03
3.529873641828113705e+03
3.529904163931395487e+03
3.529905384167217107e+03
3.529978783413615474e+03
3.530054669345332059e+03
3.530329385314301362e+03
3.530624139408753763e+03
3.530718339947917229e+03
3.530832773826467019e+03
3.530919425489063997e+03
3.530923986857126238e+03
3.531550810569032819e+03
3.531645608284751233e+03
3.531852025027951186e+03
3.532345680935937253e+03
3.532395785937905202e+03
3.532570361669716931e+03
3.532759519560835997e+03
3.532763176340908103e+03
3.533039531162589356e+03
3.533046410172084506e+03
3.533318373020337731e+03
3.533372822024561174e+03
3.533395491471281275e+03
3.534014426112013098e+03
3.534204622406358794e+03
3.534209791251488696e+03
3.534438626626412770e+03
3.534533947778617858e+03
3.534823702275416053e+03
3.534877084277271933e+03
3.534948008708370708e+03
3.534948429277108971e+03
3.535050450776372600e+03
3.536016904420062019e+03
3.536410544872506762e+03
3.536674188889759989e+03
3.537024974991431463e+03
3.537393214293800156e+03
3.538180540035555168e+03
3.538186525414677362e+03
3.538204335079788962e+03
3.538503461078541022e+03
3.538533084758017594e+03
3.538673512877276153e+03
3.538917216785912842e+03
3.538932168457043190e+03
3.539226166182499128e+03
3.539341404402321587e+03
3.539399410565767084e+03
3.539536051515357030e+03
3.539566751439179825e+03
3.540041274825622622e+03
3.540245429957924898e+03
3.540281616462429156e+03
3.540547769962654456e+03
3.540552050535841772e+03
3.540682109144243441e+03
3.540809221600806268e+03
3.540951153489819262e+03
3.541108035563190697e+03
3.541529193612340350e+03
3.541535762626399446e+03
3.541552319208113204e+03
3.542387198432705645e+03
3.542480463364883690e+03
3.542639833350345270e+03
3.542993623105041934e+03
3.543205071101277554e+03
3.543280557801783289e+03
3.543439781745504661e+03
3.543488104333456249e+03
3.543542015505266136e+03
3.543855291461027264e+03
3.543942601344517698e+03
3.544315176200724636e+03
3.544387516807775228e+03
3.544723614187836120e+03
3.544786736824562013e+03
3.544817027134296950e+03
3.544996572960486901e+03
3.545346622069857403e+03
3.545660781156141638e+03
3.545848705615815561e+03
3.545887460864293644e+03
3.545903100834137604e+03
3.546152251269632870e+03
3.546254702778938736e+03
3.546375046367911182e+03
3.546377826111853665e+03
3.546441375832857375e+03
3.546551796825870952e+03
3.546797240544128272e+03
3.546901072334080254e+03
3.547168914487399434e+03
3.547199295563993473e+03
3.547355120939978860e+03
3.547631968724588660e+03
3.547660452456124858e+03
3.547917093480166386e+03
3.547939382847654997e+03
3.548060354152008586e+03
3.548257108186145160e+03
3.548283078404745993e+03
3.548455760797035964e+03
3.548869749428510659e+03
3.548981877963733041e+03
3.549060865303728406e+03
3.549582462506415595e+03
3.549717312510572356e+03
3.550249232462532291e+03
3.550297438724819585e+03
3.550337475856828860e+03
3.550492135704888824e+03
3.550823670238584327e+03
3.550887393930738199e+03
3.550913573223119784e+03
3.550931921212837096e+03
3.551241755885632301e+03
3.551651801029581293e+03
3.551729909639883317e+03
3.552104453276552249e+03
3.552328851184830455e+03
3.552486602262832093e+03
3.552658119261934189e+03
3.552761468819591300e+03
3.552883644736858969e+03
3.552943459508923752e+03
3.553104158899493086e+03
3.553118637813077385e+03
3.553143859097491713e+03
3.553198041582607402e+03
3.553459225623152633e+03
3.553511894668992682e+03
3.554035500560923538e+03
3.554264289916420694e+03
3.554460938565868673e+03
3.554541532321879458e+03
3.555039820405510909e+03
3.555255827196628616e+03
3.555461151569377762e+03
3.555474420005171396e+03
3.555614524741407877e+03
3.555762793462650279e+03
3.555985439570160452e+03
3.555995155999975850e+03
3.556182864642555614e+03
3.556364217960654059e+03
3.556846086598397960e+03
3.556971596605000741e+03
3.557085038960816291e+03
3.557259182325577058e+03
3.557357335055246949e+03
3.557380474199198488e+03
3.557496881663657405e+03
3.557580032094749640e+03
3.557893603605782118e+03
3.558887886993905340e+03
3.559029473336815499e+03
3.559136886889501056e+03
3.559309879936791731e+03
3.559521329812618205e+03
3.559978706578650872e+03
3.560046445706546820e+03
3.560103482073180203e+03
3.560118054713684160e+03
3.560310629375771896e+03
3.560316945841527740e+03
3.560393888019270889e+03
3.560399877568526790e+03
3.560429447960118978e+03
3.560860101544493773e+03
3.560894905443651624e+03
3.560908765455490084e+03
3.561718369006444391e+03
3.562008335352431459e+03
3.562060279273564447e+03
3.562103410368224559e+03
3.562319409512499078e+03
3.562423094896969815e+03
3.562429818766197968e+03
3.562771477499968569e+03
3.562779906655861396e+03
3.563136140298686314e+03
3.563138268569550746e+03
3.563324821458787483e+03
3.563817917042158570e+03
3.563951324382440362e+03
3.564268548163425748e+03
3.564375204504567137e+03
3.564490604752623312e+03
3.564732357404274353e+03
3.565105190306397162e+03
3.565303028391386306e+03
3.565343618279027851e+03
3.565571663612269731e+03
3.565978632450719488e+03
3.566227360611107997e+03
3.566240682063864824e+03
3.566457404898391360e+03
3.566579784131145971e+03
3.566700183244399796e+03
3.566950918226493286e+03
3.567249644486890247e+03
3.567292165407211087e+03
3.567342027538052662e+03
3.567740728185603530e+03
3.567991348136436955e+03
3.568180053200997008e+03
3.568191917238751557e+03
3.568666722262165422e+03
3.568744719468058520e+03
3.569219195496476004e+03
3.569259697956625132e+03
3.569386564855505640e+03
3.569774675486760771e+03
3.571589699703154565e+03
3.571773501370394115e+03
3.571995989085599831e+03
3.572095655531473312e+03
3.572328373095053394e+03
3.572647949315058668e+03
3.572760640861946285e+03
3.572828851105763079e+03
3.572864541903641566e+03
3.572869328214090274e+03
3.572878617333283273e+03
3.572979047447915491e+03
3.573058837243409016e+03
3.573247879405894764e+03
3.573336150417587305e+03
3.573402544864922675e+03
3.573535533714531539e+03
3.573545570861834221e+03
3.573662271374754710e+03
3.573662471034457667e+03
3.573840240122358409e+03
3.573968905883781190e+03
3.574450484999063519e+03
3.574452644955496453e+03
3.574529536347009071e+03
3.574586982113782142e+03
3.574624860440011162e+03
3.574744304457223279e+03
3.574946745334654224e+03
3.575026800935624124e+03
3.575294183371330291e+03
3.575762409316117555e+03
3.575937771533830983e+03
3.576012015763771160e+03
3.576160765530766184e+03
3.576231254890822584e+03
3.576781127128187109e+03
3.576793541881071633e+03
3.576985806304180642e+03
3.577119418763032627e+03
3.577392537338590955e+03
3.577397582874673844e+03
3.577817867945479520e+03
3.577975614965514524e+03
3.578072268643759344e+03
3.578323719922622331e+03
3.578511765594237659e+03
3.578566659868241004e+03
3.578629026361647902e+03
3.578821045154746116e+03
3.579049560858764835e+03
3.579201676668719301e+03
3.579680065176291464e+03
3.579770012611788388e+03
3.579860307037989969e+03
3.579957875114705530e+03
3.580023938107036429e+03
3.580209897339191684e+03
3.580438655247834959e+03
3.580618346900339475e+03
3.580656906827657167e+03
3.580848912465298781e+03
3.580852969249951457e+03
3.580947999393067676e+03
3.581244351719731640e+03
3.581419241870439237e+03
3.581454351757416589e+03
3.581977311865712636e+03
3.582207056316969556e+03
3.582225257770338430e+03
3.582297696772331165e+03
3.582383678672039423e+03
3.582400317836070371e+03
3.582894835221340600e+03
3.583129914663604268e+03
3.583412214501744529e+03
3.583505128274548042e+03
3.583714532532307203e+03
3.583856068197378590e+03
3.584145880801906515e+03
3.584269537897213013e+03
3.584305853119283711e+03
3.584333909390768895e+03
3.584356970176098002e+03
3.584510865836675748e+03
3.584637149307575328e+03
3.584784351526795035e+03
3.585083767083422117e+03
3.585223413963801704e+03
3.585510721917161391e+03
3.585618733991700992e+03
3.585678023508697152e+03
3.585679204360011681e+03
3.585936034318241582e+03
3.585992150274712003e+03
3.586020863814628683e+03
3.586089782348906738e+03
3.586399907063720548e+03
3.586634457431420287e+03
3.586694840179946823e+03
3.587140449761938726e+03
3.587391319944736097e+03
3.587441435941349027e+03
3.587661561957123013e+03
3.587923716438590873e+03
3.588110032386638977e+03
3.588223890831406607e+03
3.588465219641269869e+03
3.588617549682405297e+03
3.588701417244361892e+03
3.588819775158341599e+03
3.589105556606114988e+03
3.589305970210795749e+03
3.589634590380186182e+03
3.589655375470430045e+03
3.589682949414265295e+03
3.589749695915499615e+03
3.589751000642274903e+03
3.589882289324455996e+03
3.589967531814163067e+03
3.589977231066995046e+03
3.589986666268832323e+03
3.590011842005538256e+03
3.590020268260532248e+03
3.590090554385494670e+03
3.590181357111089255e+03
3.590359369785406670e+03
3.590498088029776682e+03
3.590525739150122263e+03
3.590644407173341278e+03
3.590683319152287368e+03
3.590945659390135461e+03
3.591022337000012158e+03
3.591035065925529580e+03
3.591553590397645166e+03
3.591738417008370561e+03
3.591770470694921187e+03
3.592331793191542602e+03
3.592428024400858703e+03
3.592471281843070301e+03
3.592623110305423324e+03
3.592680575746995601e+03
3.592936958830623098e+03
3.592946898344366218e+03
3.592985291194502679e+03
3.593185146953078856e+03
3.593231455261203791e+03
3.593236968955152861e+03
3.593684206756398453e+03
3.593709552237500247e+03
3.593986634207483348e+03
3.594001638959045067e+03
3.594377273217382935e+03
3.594415000272384077e+03
3.594426427476607387e+03
3.594744774180374407e+03
3.594884063866410088e+03
3.595002230524267816e+03
3.595113474962745386e+03
3.595226839189954262e+03
3.595372768912834090e+03
3.595396343277251617e+03
3.595680220185839971e+03
3.595780250587475166e+03
3.595853039185108628e+03
3.595970847233797940e+03
3.596068783616489327e+03
3.596210541693660161e+03
3.596404188619626439e+03
3.596437222786390521e+03
3.596511170016471169e+03
3.596652162391098955e+03
3.596737595732619866e+03
3.597085551175482578e+03
3.597192821151653789e+03
3.597487302888368504e+03
3.597640691843575041e+03
3.598626453877636777e+03
3.598693553002304725e+03
3.598867347913391768e+03
3.599054785284432000e+03
3.599301678979397821e+03
3.599637880744696304e+03
3.599805090141660003e+03
3.599838204317901727e+03
3.600072301405540202e+03
3.600428502923753058e+03
3.601096893403394915e+03
3.601149087150096875e+03
3.601759418366148566e+03
3.602128959748466059e+03
3.602548673582162792e+03
3.602729454384232668e+03
3.602749665055144760e+03
3.602990770420355602e+03
3.603014094316449700e+03
3.603846494853181866e+03
3.604837393911664549e+03
3.605507515199767113e+03
3.605820373685464801e+03
3.606036516555922390e+03
3.606102324564653372e+03
3.607445163433544622e+03
3.607751691666003353e+03
3.608457402134166841e+03
3.609320439073336729e+03
3.610289370390993554e+03
3.610902224494872826e+03
3.611335351978703784e+03
3.611639836418666164e+03
3.611643884343540776e+03
3.611867251968783876e+03
3.612020725904480059e+03
3.613098278613902494e+03
3.614089326722300029e+03
3.614539269742746910e+03
3.614744517103553335e+03
3.615589829439354162e+03
3.615621721866380994e+03
3.615699857190199054e+03
3.615704153529393807e+03
3.615880780670645436e+03
3.616423494677878352e+03
3.617129723533552806e+03
3.618204920685204797e+03
3.618976022669603935e+03
3.619748953008946046e+03
3.619997948946991983e+03
3.620097328318754080e+03
3.621138203300087298e+03
3.621520603124227364e+03
3.621572015194933556e+03
3.621820878533158975e+03
3.622222472163134171e+03
3.622328525531554533e+03
3.622623652797836257e+03
3.622658125807766282e+03
3.623313725517517469e+03
3.623363696727387378e+03
3.623552960536082992e+03
3.623560872837839725e+03
3.624019020758689749e+03
3.624874374418344360e+03
3.625013716130627927e+03
3.625429846327900123e+03
3.625620745287262253e+03
3.625622544842479783e+03
3.625738285469846687e+03
3.625834833151912335e+03
3.625937252136045572e+03
3.625985928256407988e+03
3.626631980086869589e+03
3.626702920468802859e+03
3.626801970687560242e+03
3.626895669370703672e+03
3.626910275704453852e+03
3.627280634973912129e+03
3.628056037079372800e+03
3.629045619296165569e+03
3.629413361433281807e+03
3.629564055423882564e+03
3.630554179542714792e+03
3.631187812773716814e+03
3.633162949892574034e+03
3.633782768804766420e+03
3.633852163355065386e+03
3.633969366977737536e+03
3.633973035491946121e+03
3.635024370830638873e+03
3.635250552063711893e+03
3.635924036550159599e+03
3.636346638378295665e+03
3.636744425055089323e+03
3.637885041775370610e+03
3.637939273621071152e+03
3.638130784131222299e+03
3.638626331210416538e+03
3.638719537448718711e+03
3.639095396427387186e+03
3.639190314467207827e+03
3.639264341566072744e+03
3.639304385595139593e+03
3.639323958511411092e+03
3.639469591991806283e+03
3.639512860561906564e+03
3.639772223245344776e+03
3.640493545821492717e+03
3.640655062068226016e+03
3.640950903625074716e+03
3.641519275790437405e+03
3.643330945246523243e+03
3.644236175227840249e+03
3.644819816536131839e+03
3.645183285920555591e+03
3.645594054742215576e+03
3.645668464175059853e+03
3.646452418394236702e+03
3.646452804486068089e+03
3.646707779326779928e+03
3.646958764024722313e+03
3.647211475004973181e+03
3.647818465431420464e+03
3.647924838070183341e+03
3.648295329506212511e+03
3.648655011722363270e+03
3.649219076479600517e+03
3.649419268824318351e+03
3.650085053710340617e+03
3.651230478001000847e+03
3.651325790057148424e+03
3.651503458512965153e+03
3.651827195484326239e+03
3.652923573128365661e+03
3.653499453728464687e+03
3.653895365386602407e+03
3.654787539075930454e+03
3.654876877788625279e+03
3.655073888206543870e+03
3.655143866844544391e+03
3.656031758469338911e+03
3.656072188935035228e+03
3.656549955838668211e+03
3.657318641803907667e+03
3.657331686807343431e+03
3.657383211311218929e+03
3.657456396615044468e+03
3.657851882682673477e+03
3.658087142938638408e+03
3.658238631133791841e+03
3.658452147496609086e+03
3.659172799850105093e+03
3.659678933938511364e+03
3.659871484768781556e+03
3.659900921412193838e+03
3.660169397876421044e+03
3.660352569686663628e+03
3.660419730838166288e+03
3.661556142871442262e+03
3.661766193229979763e+03
3.662061562626686282e+03
3.662469542582464328e+03
3.663082853370558496e+03
3.663158546532184118e+03
3.663539444964450922e+03
3.664061243365185419e+03
3.664580713735750123e+03
3.664607784856382750e+03
3.665309939657169707e+03
3.665334240530270563e+03
3.665717751917964961e+03
3.665816816758873756e+03
3.666533847580064048e+03
3.667080764497101427e+03
3.667699374915616318e+03
3.668027585220154833e+03
3.668430113370715389e+03
3.668601225415381123e+03
3.668914885104969471e+03
3.669220377062116313e+03
3.669293793158419248e+03
3.669623573359849615e+03
3.669686896228935893e+03
3.669870551594844528e+03
3.669956266326485093e+03
3.670087429094569870e+03
3.670669780378350424e+03
3.670989939441002662e+03
3.671437452976199438e+03
3.671810950902613968e+03
3.671984671117089420e+03
3.672045478806604478e+03
3.672213775699051894e+03
3.672373300811408171e+03
3.672404911151249962e+03
3.672529352243904668e+03
3.673414679107110260e+03
3.673423523891078275e+03
3.673904474172690698e+03
3.674089623740118896e+03
3.674343732872071996e+03
3.675107618871256818e+03
3.675144884024929070e+03
3.675357601381340373e+03
3.675599466493221371e+03
3.675829757985349261e+03
3.675960349010993014e+03
3.678501409991251876e+03
3.678724824508864458e+03
3.678753087144949859e+03
3.679444896533495466e+03
3.679490118466632794e+03
3.679676279492207868e+03
3.680162968645822275e+03
3.680300531158289232e+03
3.680579679874379053e+03
3.681104577148675162e+03
3.681205081290519502e+03
3.681694619154324755e+03
3.682557063532042775e+03
3.683443092134673407e+03
3.683902156963933066e+03
3.684136519428016527e+03
3.684800208162347644e+03
3.685286486728638010e+03
3.685555978803014114e+03
3.685673884871590872e+03
3.686053993694159999e+03
3.686177308463120426e+03
3.686220760153644733e+03
3.687358936498987077e+03
3.687560153110920055e+03
3.688410410965658230e+03
3.688853029667699502e+03
3.689445106882966684e+03
3.689677845029500077e+03
3.690498672489344699e+03
3.690683010148934500e+03
3.690830282285227440e+03
3.690962458127902664e+03
3.691009284664251027e+03
3.691051172744385440e+03
3.691292277546259356e+03
3.692505636502859488e+03
3.692810568624003736e+03
3.692954135025983760e+03
3.693010207203734808e+03
3.693853388401700613e+03
3.694330231743421791e+03
3.694780746715690839e+03
3.694940635218449643e+03
3.695073904145563120e+03
3.695177752307060473e+03
3.696017869255074856e+03
3.696168967308277388e+03
3.696170275804949597e+03
3.696185971965067893e+03
3.696505910610392675e+03
3.697057384121111227e+03
3.697351994750684298e+03
3.698102030548830498e+03
3.698476526783201280e+03
3.699600210635303938e+03
3.700111262272689146e+03
3.700231395625969071e+03
3.700682773272270424e+03
3.701207723507183800e+03
3.701399634308546865e+03
3.702066898335377118e+03
3.703378978718091730e+03
3.703686050670236909e+03
3.703688111110847785e+03
3.704015628370773356e+03
3.705192807437143983e+03
3.705512945387642503e+03
3.706504579840874158e+03
3.706658939145602289e+03
3.706858183038413699e+03
3.706921420754899373e+03
3.707016950792672105e+03
3.707465712372921644e+03
3.707947470190969852e+03
3.708654480838245490e+03
3.709514270007780397e+03
3.709610052465195622e+03
3.709808479723954406e+03
3.709885915861956619e+03
3.709991310028936823e+03
3.710705319723351749e+03
3.711147431117854467e+03
3.711381276151618295e+03
3.711551035369926012e+03
3.711797138968244326e+03
3.713043188332263526e+03
3.713504274504794012e+03
3.713686772943752203e+03
3.713809679461256110e+03
3.713977287288604202e+03
3.714917641926301258e+03
3.714949340567737636e+03
3.715044336772512906e+03
3.715070217302187757e+03
3.715082712106547660e+03
3.715205722189487460e+03
3.715938769298380521e+03
3.717851722944420544e+03
3.718442184863476996e+03
3.719543628632764467e+03
3.719915865292328363e+03
3.720911627372139719e+03
3.721500329576264448e+03
3.721909921583238429e+03
3.721990958065491213e+03
3.722368271034057216e+03
3.722412138480844987e+03
3.722868278178752917e+03
3.723007136022522900e+03
3.723091116561798572e+03
3.723179609171480024e+03
3.723244918670228344e+03
3.723279871488827666e+03
3.723583964583679062e+03
3.723605321685497074e+03
3.724002737961357525e+03
3.724532153056479729e+03
3.724774096289253066e+03
3.724821201122605999e+03
3.724885478563306606e+03
3.725390552404166101e+03
3.726074880542262690e+03
3.726532272580837798e+03
3.727311607816090600e+03
3.727895488197210398e+03
3.728133733925800243e+03
3.728300725747250908e+03
3.728834369123610941e+03
3.728949377253900821e+03
3.729731150014950799e+03
3.729830124512458042e+03
3.729975279692708227e+03
3.730403444494941141e+03
3.730814092235573753e+03
3.731334443189885860e+03
3.732556112427319022e+03
3.732619863935422472e+03
3.732911992990548242e+03
3.733718946270860670e+03
3.734031647651881940e+03
3.734589777485320155e+03
3.734655409695601065e+03
3.734875005876078831e+03
3.734941197211328472e+03
3.736024869187280274e+03
3.736187649914357735e+03
3.736895046165288477e+03
3.737475994429514230e+03
3.737803803051846899e+03
3.737889826306938176e+03
3.737982585388188909e+03
3.738174765208400004e+03
3.738260620580895647e+03
3.738541944468605834e+03
3.739305074964642699e+03
3.739646091731910019e+03
3.740216200634377856e+03
3.741210299847318311e+03
3.741211784194781103e+03
3.741244925809769484e+03
3.742131987754326929e+03
3.742335953953357148e+03
3.742551259806788494e+03
3.742817010645318533e+03
3.743132945308178023e+03
3.743143912796714631e+03
3.744570050132993401e+03
3.744598475319859972e+03
3.744667569101197842e+03
3.744904233853185360e+03
3.744919873557990741e+03
3.745139068974838665e+03
3.745255349496779218e+03
3.745521872742808682e+03
3.745921510660853528e+03
3.745932716142562185e+03
3.746124763297073514e+03
3.747134729020785016e+03
3.747399129573639129e+03
3.747521382905697010e+03
3.748002476415714227e+03
3.748379115829127841e+03
3.748447785480163930e+03
3.749269825016617688e+03
3.749384577774679201e+03
3.750432442109373369e+03
3.750509749801927683e+03
3.750580674234258368e+03
3.750835032554004101e+03
3.750921780081482666e+03
3.750940066424495853e+03
3.751107528371233457e+03
3.751279038237909390e+03
3.751479841226820099e+03
3.752543710592407933e+03
3.752734015556256509e+03
3.752995523794048950e+03
3.753457692242847770e+03
3.755135379257075783e+03
3.755497176911947008e+03
3.755519887989919425e+03
3.756069146730927059e+03
3.756097087857415772e+03
3.756549262591556726e+03
3.756985874790074831e+03
3.757401692005686527e+03
3.758045149815124205e+03
3.758176544985203236e+03
3.758273886727605259e+03
3.759401985970982878e+03
3.759708070458394559e+03
3.760044062623434911e+03
3.760066330066073988e+03
3.760210833961396929e+03
3.760982252779132068e+03
3.761057743950785607e+03
3.761307638577291527e+03
3.762229689390163003e+03
3.762248119191462138e+03
3.762528095982304421e+03
3.763045328574904488e+03
3.763525023857966971e+03
3.763984481899101411e+03
3.765163590185998601e+03
3.765207163408438191e+03
3.766386147363343298e+03
3.766588747598454574e+03
3.766761244259687828e+03
3.767012776965856119e+03
3.767363755073365610e+03
3.767740996938890476e+03
3.767967159553735655e+03
3.768034794902804606e+03
3.768563086872453823e+03
3.768633264786968994e+03
3.768949316536186416e+03
3.769724191965343834e+03
3.769766581530527674e+03
3.769896864049959731e+03
3.770676421753415070e+03
3.771056164739941323e+03
3.771363875325454956e+03
3.771569256737685919e+03
3.771685144362600113e+03
3.771694555689022764e+03
3.772192552509522557e+03
3.773080837003451961e+03
3.773421630603723770e+03
3.773921134481931404e+03
3.774290575989477929e+03
3.774476651354926616e+03
3.775696300628639619e+03
3.775733481279314219e+03
3.776030372353377516e+03
3.776210960572673230e+03
3.777744898170478791e+03
3.777770454829448227e+03
3.778819179330178486e+03
3.778918079907738502e+03
3.779703313264070403e+03
3.780287158499249017e+03
3.780505982586139453e+03
3.781137827185835249e+03
3.781140923653125810e+03
3.781521376031323143e+03
3.782091934882279475e+03
3.783496702693804309e+03
3.784020553956651383e+03
3.784604352188572193e+03
3.784665786957953969e+03
3.785343958376785849e+03
3.785575544721634742e+03
3.785736420014008672e+03
3.786000400043222726e+03
3.786452193341425300e+03
3.786951727359656161e+03
3.787877782398727959e+03
3.788387620602872175e+03
3.788765757902487621e+03
3.790134985424186198e+03
3.790166838549732347e+03
3.790831690393085410e+03
3.791221383678354869e+03
3.791441970754880913e+03
3.791812440162832445e+03
3.792633070507656157e+03
3.793010917520928160e+03
3.793814083228978689e+03
3.794430638178321260e+03
3.794746189449261692e+03
3.796198266426074497e+03
3.796630793532198368e+03
3.798140916409329293e+03
3.798439861597095387e+03
3.798558093664501484e+03
3.799087416230189774e+03
3.799729572079610080e+03
3.800012656618936944e+03
3.800111057137606167e+03
3.800716054595084188e+03
3.800746246660455199e+03
3.800794624909050526e+03
3.801391327069283761e+03
3.801902449886602881e+03
3.802827910249372962e+03
3.803111344464603008e+03
3.803128135435093100e+03
3.803190205900697947e+03
3.803751509861398063e+03
3.804952668971945513e+03
3.805713830647404393e+03
3.806783796367751165e+03
3.807771840023274308e+03
3.807863528308995683e+03
3.808239496192871229e+03
3.809103904180278732e+03
3.809421163921020707e+03
3.809793876346591333e+03
3.809858361120771406e+03
3.810788872931374499e+03
3.812041078863151597e+03
3.812670001875474554e+03
3.812935515067191773e+03
3.813336545104585639e+03
3.813904287558522356e+03
3.814408826701986527e+03
3.814410694914677151e+03
3.815987861810843697e+03
3.816100010749798003e+03
3.817640450535048785e+03
3.818148842922041695e+03
3.818548180154231886e+03
3.818772074729270571e+03
3.818856426592931712e+03
3.818966735311079447e+03
3.821038370613059215e+03
3.821488653143492229e+03
3.821561711842772183e+03
3.821842396165233822e+03
3.821868974433380572e+03
3.822264962016595746e+03
3.823332650351266238e+03
3.823619321742462034e+03
3.823935638657134405e+03
3.824295547369493306e+03
3.824601652575297067e+03
3.824699705221486965e+03
3.824917724035063202e+03
3.825818141347792789e+03
3.826144113893510621e+03
3.826479761935514944e+03
3.826906816423090277e+03
3.827036766870719021e+03
3.828301794884866467e+03
3.828988473599184545e+03
3.829228675973663940e+03
3.829531977489939436e+03
3.829847130474833193e+03
3.829891221335669798e+03
3.830030506901500758e+03
3.830170018247767075e+03
3.830629254216348272e+03
3.830992085461980423e+03
3.831131340837700918e+03
3.831367444587121099e+03
3.831372922209953231e+03
3.831442003457882038e+03
3.831680267051251576e+03
3.832198526188202777e+03
3.832401881154539296e+03
3.833554764018499100e+03
3.834025207120489540e+03
3.834141341514046417e+03
3.834387194221707432e+03
3.834854585395997219e+03
3.835191555151676766e+03
3.837039412117832399e+03
3.837154082260094128e+03
3.837761930286400911e+03
3.837798743025485237e+03
3.837852013582058134e+03
3.838240368519681851e+03
3.838398867719366535e+03
3.838663317577994349e+03
3.839724643731586184e+03
3.839907558600837547e+03
3.840574185850838148e+03
3.840796873245666120e+03
3.840963636973227949e+03
3.841312324241310307e+03
3.841490050164505647e+03
3.841528013039857797e+03
3.841771752760032541e+03
3.842012342323518624e+03
3.842132106095853942e+03
3.842178494797874919e+03
3.842287760868892292e+03
3.842310710713217304e+03
3.842349435547986559e+03
3.842657561710069785e+03
3.843331369891595386e+03
3.843590322717240724e+03
3.843819871291403615e+03
3.845038010872304312e+03
3.845389048304746211e+03
3.845508192418565159e+03
3.845819469289947847e+03
3.846828072909699586e+03
3.847123338573690035e+03
3.847766467928044221e+03
3.848274365244210458e+03
3.848377486363593562e+03
3.849373741526982940e+03
3.850487032515635292e+03
3.850573218047659793e+03
3.850671511527194525e+03
3.850835584663512691e+03
3.851059026667977832e+03
3.852484637927344465e+03
3.852760352505540595e+03
3.852766350439554571e+03
3.853598992706617992e+03
3.853653243252168068e+03
3.855174059191979723e+03
3.855446754493963908e+03
3.856319853997703831e+03
3.856354630773224926e+03
3.856777556877389543e+03
3.857108708499173190e+03
3.857623490558873982e+03
3.857694164136666132e+03
3.857850892687469241e+03
3.857924341705519964e+03
3.858553146988449043e+03
3.859320896158319556e+03
3.859498492862333023e+03
3.859693510911819430e+03
3.860056563908119642e+03
3.860145645300336582e+03
3.860862350657765546e+03
3.861007477656049559e+03
3.862424122046692446e+03
3.863475740319704073e+03
3.863838808053567845e+03
3.864377420328903554e+03
3.864389263684227444e+03
3.864445745876673300e+03
3.864512690891575403e+03
3.864748531520440793e+03
3.866049461840687854e+03
3.866481658953451642e+03
3.866924697088613812e+03
3.867066201166366682e+03
3.868052991417995145e+03
3.868424271249390131e+03
3.868870874743839977e+03
3.868877014941473590e+03
3.869579073170691117e+03
3.869883746811694436e+03
3.870228048735219545e+03
3.870489368845907848e+03
3.870982086671674097e+03
3.871234098143851497e+03
3.871727037190934425e+03
3.872059973201950925e+03
3.872238952903927839e+03
3.872425106117956148e+03
3.872523032180570681e+03
3.872701676650710851e+03
3.872833099210989531e+03
3.872876008516132970e+03
3.873247266099118860e+03
3.873250268096925993e+03
3.873473066178915815e+03
3.873676368330346577e+03
3.874424798618298155e+03
3.874541646121469057e+03
3.875485510613987572e+03
3.875556459132936197e+03
3.876011449232715677e+03
3.876226935316420168e+03
3.876666995446457804e+03
3.876967124095568579e+03
3.877857895924387776e+03
3.878552325583133552e+03
3.878961144688163586e+03
3.878976528943699577e+03
3.879001613337321942e+03
3.879447116075677968e+03
3.879463322131955920e+03
3.879519427426147558e+03
3.879733193513205151e+03
3.879751185929214898e+03
3.879794430162743538e+03
3.880036531574955916e+03
3.880077943110375600e+03
3.880196225553785098e+03
3.880323238371364369e+03
3.880446612133140206e+03
3.880971065421251751e+03
3.881311384613810333e+03
3.881534292123122214e+03
3.881615790593358724e+03
3.882571676178125927e+03
3.882958754908035189e+03
3.882993033562244818e+03
3.883132236103444939e+03
3.883536734623466145e+03
3.883732949173904217e+03
3.883822685420649577e+03
3.884070869838154977e+03
3.884192069771088427e+03
3.884287097556200024e+03
3.885151068476740420e+03
3.886111087947512260e+03
3.886552548143439708e+03
3.886794017647821875e+03
3.887329997452866792e+03
3.887393805974666975e+03
3.887707252791889914e+03
3.887877644282770234e+03
3.888463116864332733e+03
3.888483432676333905e+03
3.888709594936358371e+03
3.889731133165286337e+03
3.889806437739062403e+03
3.890198433406040749e+03
3.890406651613721806e+03
3.892526150912304274e+03
3.892573360585187402e+03
3.893356108050534658e+03
3.894228352316655219e+03
3.895296593644212408e+03
3.896783983531915510e+03
3.897505842117820521e+03
3.897849639504592687e+03
3.898369277005357617e+03
3.899568241975688579e+03
3.899762189683032375e+03
3.900072880330353655e+03
3.900120463207601915e+03
3.900215057611973862e+03
3.900236853327965491e+03
3.900385327658040296e+03
3.900704242160235935e+03
3.901604696608266750e+03
3.902036452207076763e+03
3.902506411251641566e+03
3.902535448818738132e+03
3.902760269287613937e+03
3.902793087228706099e+03
3.903201038101849008e+03
3.903533962885992423e+03
3.903829627955369233e+03
3.903903064027761957e+03
3.904091953750764333e+03
3.904184705607573505e+03
3.904456836752251093e+03
3.904751421283462150e+03
3.905387359125045350e+03
3.906272853700570522e+03
3.906595956611797192e+03
3.906660843896354891e+03
3.906770574960713020e+03
3.906914126521982325e+03
3.907029886610216636e+03
3.907165257395742628e+03
3.907317297933028840e+03
3.907328064882190120e+03
3.907409189305833479e+03
3.907722722924164827e+03
3.907934070779300328e+03
3.908501235115015334e+03
3.908751200572222388e+03
3.909247385609810863e+03
3.909291181026752838e+03
3.909317062810546759e+03
3.909352472733576178e+03
3.909364068101624071e+03
3.909598338043297190e+03
3.909839962283068871e+03
3.910027959927966549e+03
3.911309217126801286e+03
3.911346040965610428e+03
3.911508466436392609e+03
3.911509158406710412e+03
3.911577468581440371e+03
3.911787583545207781e+03
3.911913362271674032e+03
3.912097571916285233e+03
3.912099048315453729e+03
3.912175713640408503e+03
3.912293466674967021e+03
3.912660140574389516e+03
3.913154055748988867e+03
3.913164326510623141e+03
3.913243668626236740e+03
3.913430516606546007e+03
3.913820750902640157e+03
3.914005445969782158e+03
3.914118359363084437e+03
3.914224690842025666e+03
3.914748248746514491e+03
3.914789898722750877e+03
3.914934300456913206e+03
3.915152241249684721e+03
3.915613751626839530e+03
3.915680600268478884e+03
3.916030380717304979e+03
3.916072967882222201e+03
3.916214288204917921e+03
3.916546977180535578e+03
3.916599716149004053e+03
3.916899983339772007e+03
3.916914556155969422e+03
3.916954707239027357e+03
3.917139815802998783e+03
3.917560980024014953e+03
3.918364997443071388e+03
3.918482395587740939e+03
3.918978801546202249e+03
3.919060716727175532e+03
3.919500236684666561e+03
3.919680229483508811e+03
3.919767649509591593e+03
3.919921606038149093e+03
3.920172190215610954e+03
3.920403069585726371e+03
3.920697002613138011e+03
3.920893760324479899e+03
3.921274857431571036e+03
3.921668804481743337e+03
3.921707177322397911e+03
3.921712917958236631e+03
3.921772439413413395e+03
3.921973681232217132e+03
3.922069006264729524e+03
3.922252858678293705e+03
3.922353138545592174e+03
3.922542885953275800e+03
3.923398159922822742e+03
3.923501465328602080e+03
3.923609302558619675e+03
3.923609573012252895e+03
3.923774881838978672e+03
3.923876444211612579e+03
3.924911627343055898e+03
3.925394626075388715e+03
3.925679865846830580e+03
3.925773116460846268e+03
3.926272368895871296e+03
3.926315292515989313e+03
3.926766650417171604e+03
3.928097235782242478e+03
3.928366903432316576e+03
3.928421674433803219e+03
3.928430541310377976e+03
3.928516961049769179e+03
3.928726259599007335e+03
3.928837755519645270e+03
3.929075198120098321e+03
3.929285628160544547e+03
3.929690587022611908e+03
3.929848867854191667e+03
3.930185993166776825e+03
3.930225853187872872e+03
3.930883843410085774e+03
3.930944028263508244e+03
3.931018480989012460e+03
3.931344095026187460e+03
3.931398190172368686e+03
3.931654093920360538e+03
3.931839005792705848e+03
3.932097378352386841e+03
3.932388734433250647e+03
3.932783833610447800e+03
3.932806770932843847e+03
3.933005316338263128e+03
3.933857443413828605e+03
3.934016128665771703e+03
3.934128587641364902e+03
3.934590327101714593e+03
3.934882104087864263e+03
3.935041232320185372e+03
3.935267174736281049e+03
3.935381602462270166e+03
3.935538511528344770e+03
3.935781501611922977e+03
3.935927989929659361e+03
3.936047777620686702e+03
3.936081288938582020e+03
3.936288198671547889e+03
3.936379468007740797e+03
3.936566763624107807e+03
3.936915637077097472e+03
3.937526672950921238e+03
3.937740700903815195e+03
3.937782192314250096e+03
3.937996761854158194e+03
3.938080817302252854e+03
3.938110072791969287e+03
3.938193563624017315e+03
3.938222421508628486e+03
3.938456421843138742e+03
3.938693672378149586e+03
3.938710922666827628e+03
3.938934889716783346e+03
3.939105503914437577e+03
3.939279375638033343e+03
3.940260727897904871e+03
3.940911331508837520e+03
3.941473669690217321e+03
3.941595758733991261e+03
3.941916170093686105e+03
3.942149702938655082e+03
3.942260581185258616e+03
3.942337835489796362e+03
3.942553319285095768e+03
3.944235902779853859e+03
3.944430239588138193e+03
3.944780403800774366e+03
3.945093186745190451e+03
3.945148649421775644e+03
3.945797449362235056e+03
3.945882955942627632e+03
3.946124793630875502e+03
3.947170699528270234e+03
3.947298308039072253e+03
3.947484915209812243e+03
3.947485876817729604e+03
3.947556070208222991e+03
3.948214004757295697e+03
3.948491308135377494e+03
3.948749524642332290e+03
3.948870796343217989e+03
3.949176078614083508e+03
3.949179516285960744e+03
3.949357611717843611e+03
3.949415324082894131e+03
3.950048911485078861e+03
3.950532165339574476e+03
3.950579714530211277e+03
3.950650081995770961e+03
3.950927549462140632e+03
3.951382023199872037e+03
3.951512996692106299e+03
3.952203134404837328e+03
3.952436014513547434e+03
3.952701689390575211e+03
3.952714573751047737e+03
3.953004694252891568e+03
3.953535202229512379e+03
3.953588663026289851e+03
3.953652320552339916e+03
3.954375076665465713e+03
3.954542539700084944e+03
3.955037365427659552e+03
3.956371076639524745e+03
3.956589673927222520e+03
3.956723296133504846e+03
3.956741608898022150e+03
3.956808262737558834e+03
3.957124048807473173e+03
3.957315560612604713e+03
3.957386747008954444e+03
3.957446884472435613e+03
3.957561955321350524e+03
3.957604875290384825e+03
3.957774489737558270e+03
3.958034168403581134e+03
3.958115115232889366e+03
3.958136739007006327e+03
3.958438140793177809e+03
3.958870284506356711e+03
3.958932394566835683e+03
3.959006567469363745e+03
3.959131811647095674e+03
3.959439222547073314e+03
3.959562857660460395e+03
3.960046263374810223e+03
3.960101946328932627e+03
3.960140714329907496e+03
3.960340962777112964e+03
3.960898067757359058e+03
3.961822133981152547e+03
3.961860814770533580e+03
3.962184756764920621e+03
3.962347152437650948e+03
3.962595573947529374e+03
3.962822014184980162e+03
3.962855767293759527e+03
3.963014201187620984e+03
3.963111624458950701e+03
3.963211999522472070e+03
3.963302007512257660e+03
3.963362477576385572e+03
3.963855025811507403e+03
3.964140363198820069e+03
3.964369446027854792e+03
3.964456381927499478e+03
3.964573146150285993e+03
3.964840743693276181e+03
3.965044282778732395e+03
3.965796120363414502e+03
3.965916825033119039e+03
3.966344283033207830e+03
3.966371345942005064e+03
3.966927005533606916e+03
3.966976620320808252e+03
3.967374714796170338e+03
3.967562130064860412e+03
3.968260163080939037e+03
3.968289760745817603e+03
3.968527755692526171e+03
3.968975511258489860e+03
3.969025347557242640e+03
3.969404613960045026e+03
3.970074130266707925e+03
3.970082709610871007e+03
3.970217332505249942e+03
3.970345202034950944e+03
3.970802379097113771e+03
3.971121117352253350e+03
3.971763326410265563e+03
3.972298877398775403e+03
3.972655033678130167e+03
3.973439961900517574e+03
3.973583791492310411e+03
3.973689472214644411e+03
3.973799922092038742e+03
3.974161822121663135e+03
3.974683057439061940e+03
3.974970516491066974e+03
3.974987694371848647e+03
3.975544410602739390e+03
3.975675850156550950e+03
3.975775802005417063e+03
3.976048125977157270e+03
3.976244184038344429e+03
3.976526166726419433e+03
3.976806351918453856e+03
3.976887712610765448e+03
3.976998506968774109e+03
3.977085689852540781e+03
3.977128826818533526e+03
3.977135551199608472e+03
3.977209637520490105e+03
3.977308694456753983e+03
3.977710543231004067e+03
3.977834751320423038e+03
3.978199914768630606e+03
3.978610501352062329e+03
3.978752581279963124e+03
3.978807992964001642e+03
3.979042033708154577e+03
3.979585526725815726e+03
3.980332294381235442e+03
3.980362074845232200e+03
3.980482806136067211e+03
3.980550022859248656e+03
3.980735925791403133e+03
3.981202381789586980e+03
3.981414418523875156e+03
3.981947886110983745e+03
3.982203534115664297e+03
3.982411509842143005e+03
3.982468697477126170e+03
3.983177524904755956e+03
3.983228020440293676e+03
3.983465156120646498e+03
3.983661577878289336e+03
3.983880429793539406e+03
3.984138967261395919e+03
3.984322165633534041e+03
3.984762259098733011e+03
3.984988958399310832e+03
3.985052157081281621e+03
3.985353587922733368e+03
3.985573302692029756e+03
3.985867292171998088e+03
3.985877710614955049e+03
3.986363851000453451e+03
3.986445640733220898e+03
3.986642990986226778e+03
3.986874811401218267e+03
3.986996217793242522e+03
3.988532658055285538e+03
3.988725850386098955e+03
3.989271214932244675e+03
3.989535198344328364e+03
3.989601647216265064e+03
3.990369388438172336e+03
3.990436855923200255e+03
3.990792102191044251e+03
3.990965864015577154e+03
3.990984307819633614e+03
3.991117155489547713e+03
3.991428273839197573e+03
3.991564359038657585e+03
3.991624049562825348e+03
3.991871773568519984e+03
3.992889543000853791e+03
3.993510996447843809e+03
3.993954615211090641e+03
3.994010308337183233e+03
3.994134642991718465e+03
3.994452346622620553e+03
3.994479968237679714e+03
3.994565021213185901e+03
3.994912622216304953e+03
3.994980730448223767e+03
3.995005306805077907e+03
3.995876827877999403e+03
3.996054350228531803e+03
3.996160850041948834e+03
3.996198826420929890e+03
3.996213649495288337e+03
3.996280631495832040e+03
3.997331468590519762e+03
3.997625484204782424e+03
3.997674339755703386e+03
3.997986571724402438e+03
3.998082630076408350e+03
3.998796383244751269e+03
3.998813420110265270e+03
3.999807053907801219e+03
3.999885074088711917e+03
4.000010351434968925e+03
4.000242906715158824e+03
4.000264601178034354e+03
4.000502570987308900e+03
4.000667160508997313e+03
4.000783846013679977e+03
4.000893818251486664e+03
4.000935105545253009e+03
4.001054310434145918e+03
4.001160610550685760e+03
4.001324399020454166e+03
4.001566208231115525e+03
4.001898186144432657e+03
4.002314361849187208e+03
4.002580348072418019e+03
4.002700224738297038e+03
4.002742565755891064e+03
4.002889955910023673e+03
4.003193890894910965e+03
4.003748571092878137e+03
4.003940786123599992e+03
4.004968639094219725e+03
4.005292687177827247e+03
4.005692665262753508e+03
4.006043242538513823e+03
4.006327197596215683e+03
4.006453717029197378e+03
4.006498534744182507e+03
4.006586892965795414e+03
4.007253998528170996e+03
4.007352347592459864e+03
4.007801697154736303e+03
4.007862943356000869e+03
4.008774963778403162e+03
4.008956737114867337e+03
4.009054337210779977e+03
4.009083434757018949e+03
4.009117656340705253e+03
4.009236317052451795e+03
4.009445428892357086e+03
4.009528176069541587e+03
4.010025622927782024e+03
4.010150887708506616e+03
4.010183310384212746e+03
4.010312552438263083e+03
4.010488640296712674e+03
4.010814794274775522e+03
4.010921343261806669e+03
4.011962210731538107e+03
4.012033377343630491e+03
4.012081697860217901e+03
4.012181614081132466e+03
4.012893545086499216e+03
4.013175595714708834e+03
4.013339047172823484e+03
4.013407484830320755e+03
4.013838414178039329e+03
4.014344064610420901e+03
4.014422642970936977e+03
4.014920810917952167e+03
4.015060353730193128e+03
4.015487616791267101e+03
4.015870918589726898e+03
4.016115003580466237e+03
4.016655448942235125e+03
4.017112933814086318e+03
4.017461129880488897e+03
4.018104565797184023e+03
4.018225094553009512e+03
4.018302343905199450e+03
4.018432595031504661e+03
4.018497081164709925e+03
4.018723448954206106e+03
4.018874204044921953e+03
4.018883178747510101e+03
4.019156065895138454e+03
4.019187387883771862e+03
4.019290495719826140e+03
4.019426153470869394e+03
4.019475070459023755e+03
4.020046581859619891e+03
4.020688403422895590e+03
4.020835660213948358e+03
4.021094008348043189e+03
4.021355857337470297e+03
4.021396122494565134e+03
4.021411762298751000e+03
4.021824639767931330e+03
4.022221581483404407e+03
4.022471255803889562e+03
4.022678170727001543e+03
4.023151446404507169e+03
4.023156835305428558e+03
4.023288182410770787e+03
4.023524300277073053e+03
4.023555684943349206e+03
4.023851819327671819e+03
4.023873356876763864e+03
4.024039730013048029e+03
4.024328943740110844e+03
4.024454055090478505e+03
4.024499327511226511e+03
4.024732440296895220e+03
4.025234485168938591e+03
4.025534849152637435e+03
4.026100616758649721e+03
4.026189071063645770e+03
4.026268958627767915e+03
4.026335671330224613e+03
4.026733737009263677e+03
4.027007408205235606e+03
4.027142455552072079e+03
4.027255516723792880e+03
4.027371782155786605e+03
4.027606948880994878e+03
4.027767946511004538e+03
4.028666229405062950e+03
4.029052772533294046e+03
4.029094928412717309e+03
4.029294918854177467e+03
4.029452435954292923e+03
4.030214660543454102e+03
4.030676747403812897e+03
4.030864325136013576e+03
4.031144431513510426e+03
4.031410097009294077e+03
4.031489582409949890e+03
4.031601509040914607e+03
4.031839612307532661e+03
4.031852334134265675e+03
4.032130371196813940e+03
4.032226483032395208e+03
4.032368900727515211e+03
4.032382301025020752e+03
4.032460203113669195e+03
4.032718122224458057e+03
4.032820778311937374e+03
4.032996096231809588e+03
4.033343993393337314e+03
4.034006616523399316e+03
4.034021857593417735e+03
4.034181890447136539e+03
4.034451254106395481e+03
4.034522352304779815e+03
4.034737024179075433e+03
4.034879671802321354e+03
4.035007271858340573e+03
4.035295950794502915e+03
4.035491698655651362e+03
4.035560713395683251e+03
4.035978531757757992e+03
4.036153969142073493e+03
4.036485233052600051e+03
4.036598624942580500e+03
4.036650508565765904e+03
4.036698246465927696e+03
4.036897777146719363e+03
4.037169125885863195e+03
4.038030787967306424e+03
4.039017302641394053e+03
4.039374829331773981e+03
4.039406840533549712e+03
4.039456434243981221e+03
4.040538371126126094e+03
4.040753248827831612e+03
4.041235499103812344e+03
4.041963956065319508e+03
4.042030480078214623e+03
4.042607720304260511e+03
4.043026162652498442e+03
4.043097574613452707e+03
4.043836493444929602e+03
4.044040481891512172e+03
4.044194408493722676e+03
4.044282482425291164e+03
4.044337707545053490e+03
4.044706862574826118e+03
4.044727080478418429e+03
4.045457621914831179e+03
4.045576681244172505e+03
4.045817262570804360e+03
4.045917488426668115e+03
4.046240350639192002e+03
4.046581477763395469e+03
4.046764874606427384e+03
4.046796824242536331e+03
4.047136322555935294e+03
4.047184072769459817e+03
4.047664854986240243e+03
4.047834403759486577e+03
4.047974247907795871e+03
4.048203501179791601e+03
4.048448536986426006e+03
4.048494838413738307e+03
4.048696176264973928e+03
4.048888537650192120e+03
4.048896831385313817e+03
4.049150184215305671e+03
4.049360754154295591e+03
4.049885523599628414e+03
4.050059380656835401e+03
4.050091546906354324e+03
4.050107508115317160e+03
4.051071022321066266e+03
4.051166639037382083e+03
4.051221023924527344e+03
4.051742766777698762e+03
4.051964999972564328e+03
4.052369224801014298e+03
4.052561667449312154e+03
4.052920653001181108e+03
4.052927120070261481e+03
4.053117816404611858e+03
4.053772864777263294e+03
4.053824969938179038e+03
4.054030349137746271e+03
4.054371334880340328e+03
4.054783763557627026e+03
4.054874346960018102e+03
4.055288948519390033e+03
4.055465494690778087e+03
4.055547892482672069e+03
4.056048066907318571e+03
4.056196606120233355e+03
4.056558688599653578e+03
4.057330903757324904e+03
4.057542255530888724e+03
4.057978482776936744e+03
4.058193268692717993e+03
4.058236939116519807e+03
4.058343632488686126e+03
4.058575260431232891e+03
4.058942717121016358e+03
4.058950166688621266e+03
4.058962687655461650e+03
4.059579893265837200e+03
4.059626047181403464e+03
4.059691309154449755e+03
4.060085079392763419e+03
4.060266122979374359e+03
4.060366363426811859e+03
4.060656574825788994e+03
4.060923114924009042e+03
4.060973457008586138e+03
4.061213757133156378e+03
4.061248126101970229e+03
4.061694262335036001e+03
4.062183298297418787e+03
4.062689992686323876e+03
4.062715968057131704e+03
4.062863439708241458e+03
4.063021755659479368e+03
4.063078672473387542e+03
4.063163376348335078e+03
4.063338399644750552e+03
4.063464505808818103e+03
4.064284830196123949e+03
4.064406449168740437e+03
4.064679757349801093e+03
4.064886690331810314e+03
4.065395217198844421e+03
4.065548620060250414e+03
4.065701404036650729e+03
4.066217515038063084e+03
4.066254376634639812e+03
4.067045508083492223e+03
4.067227423401042415e+03
4.067343037720630491e+03
4.068104602305097160e+03
4.068208344412703809e+03
4.068345063730552283e+03
4.068406747256801282e+03
4.068849071164380803e+03
4.069758922067886033e+03
4.070041831503139747e+03
4.070495745323377832e+03
4.070541660647045774e+03
4.070844716440977663e+03
4.071093752347951067e+03
4.071199373694236783e+03
4.071722317790329726e+03
4.072047529167292851e+03
4.073106120507167361e+03
4.073159923926768442e+03
4.073363124432272798e+03
4.073738941210514895e+03
4.074068559659742277e+03
4.074239048956042552e+03
4.074427468460726232e+03
4.075427042501191409e+03
4.075558435617856048e+03
4.075578262652953981e+03
4.075612626837286825e+03
4.075758915158376567e+03
4.076338621519911612e+03
4.076643081046866882e+03
4.076680806768764342e+03
4.076799493484318191e+03
4.077127830932367488e+03
4.077261576892277390e+03
4.077274827848168115e+03
4.077542372298997634e+03
4.077895424326648026e+03
4.079016897031865028e+03
4.079134986004651182e+03
4.079491822708805557e+03
4.079783255347077557e+03
4.079829162608286424e+03
4.080904159009376599e+03
4.080966640697389266e+03
4.081126543151283840e+03
4.081201499321849951e+03
4.081252181451777687e+03
4.081314215724842597e+03
4.081530486671145354e+03
4.081709772137962773e+03
4.081804149580824287e+03
4.082006796959365602e+03
4.082328830623027443e+03
4.082571477952192254e+03
4.082840329009986817e+03
4.082858552926219090e+03
4.083448455815759644e+03
4.083805303402382378e+03
4.083951108222935090e+03
4.084112390863124347e+03
4.084153783502317310e+03
4.084250655095667753e+03
4.084362305466394446e+03
4.084470904370080916e+03
4.085308375856577186e+03
4.085318077218538292e+03
4.086439326797035392e+03
4.086764818863934124e+03
4.086822382913243473e+03
4.086994330127717149e+03
4.087410200821982471e+03
4.087438619615617426e+03
4.087483131122349732e+03
4.088177520190793530e+03
4.088671543477084469e+03
4.088735273590280030e+03
4.089176609192562864e+03
4.089532453095826440e+03
4.089980675201246868e+03
4.090154945620597118e+03
4.091007874307382735e+03
4.091114266051088180e+03
4.091427817738935573e+03
4.091778864954409073e+03
4.091815926436229347e+03
4.092144987942663647e+03
4.092301817196210322e+03
4.092473904373018286e+03
4.092662891100809247e+03
4.092683449052134620e+03
4.092840615048624841e+03
4.093326950888944793e+03
4.093415993214545324e+03
4.093427017977027845e+03
4.093456813028918077e+03
4.094166685019356464e+03
4.094351111582468093e+03
4.094959176510772522e+03
4.095181956975631238e+03
4.095236496254070516e+03
4.095248385146798228e+03
4.095679201783131248e+03
4.096133376886847145e+03
4.096270733983595164e+03
4.096432725385277990e+03
4.096472136944357771e+03
4.096482331370196334e+03
4.097135651718382178e+03
4.097826974054974926e+03
4.098218217932745574e+03
4.098570472941578373e+03
4.098590951835190026e+03
4.098711557973825620e+03
4.099008783286947619e+03
4.099120308208181086e+03
4.099137487182433688e+03
4.099222236359950330e+03
4.099581850871073584e+03
4.099735320440660871e+03
4.100205348915118520e+03
4.100224659160149713e+03
4.100405835753767860e+03
4.100564008534195636e+03
4.100625976334944426e+03
4.100804505228838934e+03
4.100815627100961137e+03
4.100823619276093268e+03
4.100883376961255635e+03
4.100986047257765676e+03
4.101076192813307898e+03
4.101533781076459491e+03
4.102256084648884098e+03
4.102538965753326011e+03
4.103122113797534439e+03
4.103191187789442665e+03
4.103202553824455208e+03
4.103436750460993608e+03
4.103598028148068806e+03
4.104174927875630601e+03
4.104438183755151840e+03
4.104920872557037001e+03
4.105661586168786926e+03
4.105762882525939858e+03
4.105807267180767667e+03
4.106184901323937993e+03
4.106231058282260165e+03
4.106435297761905531e+03
4.106487899528176058e+03
4.106743007094100903e+03
4.106860262671624696e+03
4.107022606256638937e+03
4.107184593715990559e+03
4.107186822624402339e+03
4.107559172448252866e+03
4.107840359588972206e+03
4.107950808076153407e+03
4.107962862665660396e+03
4.108052951113895688e+03
4.108159002698518634e+03
4.108809422096734124e+03
4.108866430836381369e+03
4.109397141449338051e+03
4.110388002626515117e+03
4.110821489786875645e+03
4.110859933215030651e+03
4.111058502054459495e+03
4.111181000110354944e+03
4.111348090923505879e+03
4.111518985261614034e+03
4.111648995580387236e+03
4.111817434391408824e+03
4.111992756524679862e+03
4.112256845693413197e+03
4.112384348010356916e+03
4.112603015989651794e+03
4.112629689703696386e+03
4.112754211138321807e+03
4.113051979977048177e+03
4.113602388359448923e+03
4.113621597674378791e+03
4.113996518850382017e+03
4.114235742277474856e+03
4.114316268611187297e+03
4.114897603042808441e+03
4.115706846130080521e+03
4.115837990300991805e+03
4.116080377184218378e+03
4.116111963819660559e+03
4.116184887199114200e+03
4.116712052289839448e+03
4.117473823987332253e+03
4.118139359064578457e+03
4.118273796640482942e+03
4.118584547037832635e+03
4.118661152846579171e+03
4.118903524094172099e+03
4.119154396207897662e+03
4.119203703458517339e+03
4.119330894901068859e+03
4.119511581816945181e+03
4.119817024623991529e+03
4.120020554800471473e+03
4.120656211738074489e+03
4.120786068154553504e+03
4.121445226452507086e+03
4.122491345585286581e+03
4.122660302736339872e+03
4.122693073660117079e+03
4.123325776143998155e+03
4.123894143770722621e+03
4.124022992339448137e+03
4.124167393526576234e+03
4.124471641854270274e+03
4.124512574828454490e+03
4.124794606542730435e+03
4.125200704284496169e+03
4.125237069353936022e+03
4.125722769963602332e+03
4.125993879563777227e+03
4.126961575048591840e+03
4.127240715216930766e+03
4.127515431476975209e+03
4.127521101910260768e+03
4.128139381882820089e+03
4.128227792516085174e+03
4.128609816311714894e+03
4.130426813525599755e+03
4.130775167772476379e+03
4.130931692215675866e+03
4.131123536120592689e+03
4.131396942965055132e+03
4.131672082767982829e+03
4.131756777528763450e+03
4.133363311661063562e+03
4.133511571363647818e+03
4.133859504547180222e+03
4.134600547678182011e+03
4.134987027731659509e+03
4.135185755429351957e+03
4.136092739814360357e+03
4.136482562451248668e+03
4.136712181260613761e+03
4.136787196403131020e+03
4.137077971182508008e+03
4.137656981482573428e+03
4.137811021734225505e+03
4.138061220668649185e+03
4.138315267527857031e+03
4.138521864354349418e+03
4.138820557619081228e+03
4.139084251204693828e+03
4.139340711662582180e+03
4.140351450988597207e+03
4.140405617481074842e+03
4.140411460639091274e+03
4.140492776949409745e+03
4.140768224445488158e+03
4.140939926680874123e+03
4.140991372055410466e+03
4.141767350759056171e+03
4.141829024388223843e+03
4.142243380695572341e+03
4.143042027223638797e+03
4.143077739155186464e+03
4.143181154478048484e+03
4.143695199814235821e+03
4.143724097287170480e+03
4.144810050690620301e+03
4.144868355558840449e+03
4.145063395768134797e+03
4.145371253049731422e+03
4.145828356101109421e+03
4.146172931800155311e+03
4.146192468106343767e+03
4.146220752244718824e+03
4.146540437776259751e+03
4.146794378158167092e+03
4.147140524976161032e+03
4.147540462698425472e+03
4.147592520726894691e+03
4.147865212732565851e+03
4.148559077874452669e+03
4.148893141605878554e+03
4.149472177773135627e+03
4.149648736118735542e+03
4.149868078466169209e+03
4.149898241565900207e+03
4.149981384610754503e+03
4.150986063110297437e+03
4.151078349853387408e+03
4.151352414271656016e+03
4.151586538859417487e+03
4.151762385911837555e+03
4.151822411282782014e+03
4.151999466973183189e+03
4.152132825163806046e+03
4.152235521581734247e+03
4.152431927986873234e+03
4.152542612708645720e+03
4.152739232050672399e+03
4.154189023660647763e+03
4.154630275584394440e+03
4.154880052494737356e+03
4.155095312447279866e+03
4.156003949282617214e+03
4.156018720061082604e+03
4.156370599209792090e+03
4.156532826599232067e+03
4.157018983951768860e+03
4.157329664511732517e+03
4.157797485321142631e+03
4.157956347100536732e+03
4.158310019991671652e+03
4.158334056018427873e+03
4.158487485025193564e+03
4.158802548883717463e+03
4.158831233237767265e+03
4.159047435138845685e+03
4.159269180678466910e+03
4.160082312849153823e+03
4.160206391734607678e+03
4.160640328745345869e+03
4.160729720617418934e+03
4.161059007147672673e+03
4.161239151701433912e+03
4.161290279958762767e+03
4.161383096436346932e+03
4.161400077702084673e+03
4.161465556937474503e+03
4.162017437372765926e+03
4.162066672868126261e+03
4.162502609923190903e+03
4.162608971970228595e+03
4.162968147236615550e+03
4.163664343773855762e+03
4.163761301275614642e+03
4.164195173239373617e+03
4.164331544506969294e+03
4.164515191918619166e+03
4.164850947203423857e+03
4.165273552178686259e+03
4.165478024053490117e+03
4.166325457401506355e+03
4.166345292100745610e+03
4.166906223771499754e+03
4.167546063421983490e+03
4.167622305328086441e+03
4.168132256328583026e+03
4.168227410777353725e+03
4.168229860831847873e+03
4.168428596103748532e+03
4.168510157656030970e+03
4.168530008719872967e+03
4.169023964972323483e+03
4.169189548724921224e+03
4.169338741917607877e+03
4.170272319080097077e+03
4.170353286965206280e+03
4.170377762338968751e+03
4.170574832351364421e+03
4.170915195930754635e+03
4.170929252114792689e+03
4.171185919556966837e+03
4.171210495936367806e+03
4.171596548512827212e+03
4.171674641271939436e+03
4.171754816999791728e+03
4.171783190377879691e+03
4.172531264361679860e+03
4.173961788544251249e+03
4.174118248201937604e+03
4.174144356787483048e+03
4.174302132799944957e+03
4.174384936354557794e+03
4.174992930808174606e+03
4.175961280239162988e+03
4.176320845889874363e+03
4.176437320864959474e+03
4.176518000835498242e+03
4.176692332645075112e+03
4.176771721471740420e+03
4.177265530452797975e+03
4.179134580163508872e+03
4.179249859252742681e+03
4.179573819779237056e+03
4.180084613350528343e+03
4.180103671839880917e+03
4.180798253700533678e+03
4.180837671462040817e+03
4.181056029027304248e+03
4.181084776172609054e+03
4.181265101222201338e+03
4.182053950418772729e+03
4.182119110183662997e+03
4.182161190330883983e+03
4.182191999755834331e+03
4.182655636346891697e+03
4.182906212893721204e+03
4.183212383484278689e+03
4.183228435779109532e+03
4.183425024063063574e+03
4.183702061115241122e+03
4.183732415102538653e+03
4.183913596007510932e+03
4.184228399417937908e+03
4.184527546662448003e+03
4.184596224270897437e+03
4.184674865456614498e+03
4.185063361759628606e+03
4.185181911473961918e+03
4.185282405559750259e+03
4.186239492471321682e+03
4.188079907547619769e+03
4.188425273353972443e+03
4.188835442394220081e+03
4.189145298356454077e+03
4.189174803621956926e+03
4.189407143648538295e+03
4.189695952429923636e+03
4.190059665088017937e+03
4.190831812702763273e+03
4.191200408338160742e+03
4.191271413434960778e+03
4.191365973565648346e+03
4.191913604854248661e+03
4.191943413428072745e+03
4.192122774611548266e+03
4.192761258835061199e+03
4.192806047257347927e+03
4.192823499741755768e+03
4.193479639058842622e+03
4.193551790079806779e+03
4.193920300432158001e+03
4.194308846734522376e+03
4.194795723448070930e+03
4.195079189921631951e+03
4.195478732532447793e+03
4.195657239976565506e+03
4.195904976883248310e+03
4.196130025777234550e+03
4.196478634542955660e+03
4.196765005026175459e+03
4.196804854212611644e+03
4.197066760384522240e+03
4.197627656108646079e+03
4.198645083219966182e+03
4.198740710333975585e+03
4.199004983380404155e+03
4.199226881716066600e+03
4.199671409928922913e+03
4.200015848079689022e+03
4.200072262355360181e+03
4.200123086831752516e+03
4.200271750573827376e+03
4.200789646673876632e+03
4.200906261406847989e+03
4.200936495406923314e+03
4.201115898245418066e+03
4.201307873986974300e+03
4.201507651009593246e+03
4.201597257171319143e+03
4.201689393824415674e+03
4.201731198387890799e+03
4.202432459065864350e+03
4.202772476521654426e+03
4.202775756730770809e+03
4.202803486045872887e+03
4.202861686207663297e+03
4.202910106476912915e+03
4.203416900426565917e+03
4.203457804215895521e+03
4.203493469850928705e+03
4.203561404000807670e+03
4.203620980590185354e+03
4.203653950624962818e+03
4.203826943912229581e+03
4.204484991331271885e+03
4.204488359476889855e+03
4.204499550113140685e+03
4.204579451893809164e+03
4.204692988592229995e+03
4.205409602947568601e+03
4.205506717313742229e+03
4.205557373023786568e+03
4.205664263572870368e+03
4.205713022782287226e+03
4.205751873224969131e+03
4.205883159742275893e+03
4.205904964614423989e+03
4.206003517088632179e+03
4.206120483206462268e+03
4.206488097738538272e+03
4.206640335308848989e+03
4.206751298228606174e+03
4.206770908972032885e+03
4.206933200540337566e+03
4.207037706516346589e+03
4.207114908091737561e+03
4.207192634212959092e+03
4.208699023300784575e+03
4.208862590583447854e+03
4.209006067715200516e+03
4.209127061896225314e+03
4.209148964355826138e+03
4.209565438562577583e+03
4.209847649645772435e+03
4.209893083104778270e+03
4.210025398411517926e+03
4.210031395668329424e+03
4.210136745284474273e+03
4.210252676712326320e+03
4.210439759960505398e+03
4.210683645081852774e+03
4.210811213249756292e+03
4.211460835127217251e+03
4.211662109105006493e+03
4.211775915921300111e+03
4.212152751882396842e+03
4.212235504030655648e+03
4.212478786876940831e+03
4.212564118151633011e+03
4.212700347755490839e+03
4.213019153573568474e+03
4.213171384089190724e+03
4.213371012213789072e+03
4.213425430177871021e+03
4.213464304941815499e+03
4.214255327162132744e+03
4.214274957763833299e+03
4.214387319731095886e+03
4.214747557086428060e+03
4.214782096074831315e+03
4.215019358127988198e+03
4.215256190650122335e+03
4.215400311397102996e+03
4.215505703973339223e+03
4.215682911681661608e+03
4.216169487118136203e+03
4.216179774852261289e+03
4.216471467273232520e+03
4.216720657950420900e+03
4.217336459105958966e+03
4.217450327616277718e+03
4.217489161158707248e+03
4.218021950506495159e+03
4.218130963482169136e+03
4.218451720937591745e+03
4.218462910240451492e+03
4.219213057159436175e+03
4.219295766958074637e+03
4.219347204136754044e+03
4.219988399523112093e+03
4.220025076455227463e+03
4.220128119788963886e+03
4.220338918748433571e+03
4.220625285626602818e+03
4.220958576205398458e+03
4.221261510196462041e+03
4.221307370294797693e+03
4.221450907299490609e+03
4.221681512703405133e+03
4.221704515150817315e+03
4.222274057799163529e+03
4.222423771090894661e+03
4.222528093741594603e+03
4.222666348128830577e+03
4.222761492367214487e+03
4.222825418029652610e+03
4.222829996694232250e+03
4.223472629574006532e+03
4.223482344218962680e+03
4.223558155782471658e+03
4.223893538710429311e+03
4.223936737090200040e+03
4.223994744839026680e+03
4.225141247728518465e+03
4.225162121565603229e+03
4.225169388188673111e+03
4.225281167754229500e+03
4.225560143267898638e+03
4.225874751391189420e+03
4.226081868207676052e+03
4.226331874237032025e+03
4.226401808253435775e+03
4.226437970850167403e+03
4.226556694564418649e+03
4.226678856826507399e+03
4.226761967645089499e+03
4.226889531991385411e+03
4.226947725771625301e+03
4.227058710060073281e+03
4.227310894483632183e+03
4.227341201726912004e+03
4.227444887378894236e+03
4.227555101168760302e+03
4.227909112422268663e+03
4.227986215416590312e+03
4.228338727740326249e+03
4.228465269044272645e+03
4.228707034817400199e+03
4.229085637079696426e+03
4.229312182616027712e+03
4.229548392503820651e+03
4.229899176623032872e+03
4.229917861156010076e+03
4.229979563116323334e+03
4.230072411080277561e+03
4.230159107607551050e+03
4.230308473947377934e+03
4.230718338837952615e+03
4.230912508029295168e+03
4.231132412590422064e+03
4.231151815833278306e+03
4.231311437424848918e+03
4.231344718592350546e+03
4.231717368129340684e+03
4.231786773403214283e+03
4.231827614984385946e+03
4.231944528985412035e+03
4.232075959313946441e+03
4.232208335535200604e+03
4.232235964932566276e+03
4.232377366489497945e+03
4.232582220703948224e+03
4.232888458321031976e+03
4.233118270274980205e+03
4.233672321597476184e+03
4.233714892478612455e+03
4.233751239971427822e+03
4.233929921827147155e+03
4.233931726950516349e+03
4.234183580833362612e+03
4.234359860497904265e+03
4.234503281048429017e+03
4.234619957484248516e+03
4.234702567094434926e+03
4.234933657225413299e+03
4.235063628177281316e+03
4.235242769662947467e+03
4.235655773542871430e+03
4.236755742761128204e+03
4.236774946952155005e+03
4.236873354762673443e+03
4.237039072119220691e+03
4.237071747179847080e+03
4.237303595232723637e+03
4.237384262312256396e+03
4.237698343673874660e+03
4.237840735888729796e+03
4.237911042584101779e+03
4.237963593358913386e+03
4.238154356765066041e+03
4.238154736089752987e+03
4.238249918001595688e+03
4.238354921098039995e+03
4.238911877397007629e+03
4.239097184010698584e+03
4.239102217070721963e+03
4.239252708404646000e+03
4.239543112049237607e+03
4.239648533257507552e+03
4.239781197224043353e+03
4.240054665405846208e+03
4.240182365820000086e+03
4.240192460024934007e+03
4.240435735475231013e+03
4.240511441004164226e+03
4.240625654945348288e+03
4.240765845038278712e+03
4.240779824210196239e+03
4.240875169527593243e+03
4.241089990363270772e+03
4.241469626035601323e+03
4.241482658303342760e+03
4.241513568762575233e+03
4.241687971574674521e+03
4.242013443640268633e+03
4.242196001770100338e+03
4.242483405185369520e+03
4.242924418625194448e+03
4.243106287555263407e+03
4.243150341297093291e+03
4.243354567172084899e+03
4.243413190840956304e+03
4.243585802923736082e+03
4.243688621557635088e+03
4.243805071677632441e+03
4.243911919976690115e+03
4.244068970663333857e+03
4.244636485154745969e+03
4.244864795567083092e+03
4.244958839665965570e+03
4.246009448224724110e+03
4.246405454455458312e+03
4.246482535601380732e+03
4.246725486859659213e+03
4.246899431517851554e+03
4.247028884279788144e+03
4.247213554460659907e+03
4.247250164422741364e+03
4.247472222544578472e+03
4.247560847549976643e+03
4.247973973507238043e+03
4.248092711854670597e+03
4.248330006976926597e+03
4.248568683015707393e+03
4.248770120599043366e+03
4.248795665456969800e+03
4.249255489216907336e+03
4.249317805298524036e+03
4.249420202666316982e+03
4.249611127653955919e+03
4.249860161042623986e+03
4.250140294460792575e+03
4.250554393037755290e+03
4.250717324740111508e+03
4.250731170126195138e+03
4.250911571746573827e+03
4.251042822053147574e+03
4.251045792343355060e+03
4.251159116818133043e+03
4.251203230590670501e+03
4.251228085035115328e+03
4.251283468070275376e+03
4.251330743524020363e+03
4.251355423150537717e+03
4.251397363336312083e+03
4.251658280227726209e+03
4.251782733870682023e+03
4.251846015436935886e+03
4.252071643245431915e+03
4.252375195402908503e+03
4.252687939670400738e+03
4.252826786383156104e+03
4.252858321849274034e+03
4.253244550497303862e+03
4.253753902387597009e+03
4.253897786708973399e+03
4.253939344048522798e+03
4.253999884983206357e+03
4.254127146624410670e+03
4.254196470627351118e+03
4.254365413084085048e+03
4.254700555073465694e+03
4.255212310446434458e+03
4.255657792577315377e+03
4.255749616669602801e+03
4.255849510723821368e+03
4.255873481489932601e+03
4.255895032955560055e+03
4.256019898229211321e+03
4.256412327776635721e+03
4.256417569943722810e+03
4.256661056028856365e+03
4.256678944129485899e+03
4.256705184823948912e+03
4.257137099109013434e+03
4.257532037488101196e+03
4.258198186867019103e+03
4.258671194130456570e+03
4.258944795720875845e+03
4.259086089062616338e+03
4.259194191172818137e+03
4.259221120119163061e+03
4.259245884495609971e+03
4.259511761954310714e+03
4.259523030358069263e+03
4.259648559085943816e+03
4.259675044121167048e+03
4.259724693848387687e+03
4.259814245703188135e+03
4.259961892394832830e+03
4.260002676333824638e+03
4.260184911337395533e+03
4.260351890134170390e+03
4.260496563380067528e+03
4.260921177876018191e+03
4.261060656744541120e+03
4.261115217983299772e+03
4.261345038358746933e+03
4.261351301607838650e+03
4.261610455406995243e+03
4.262051133184982973e+03
4.262095890900035556e+03
4.262407368819975090e+03
4.262786328459035758e+03
4.262898276633510250e+03
4.262959403183735958e+03
4.262967852691499502e+03
4.263347411229578029e+03
4.263378875081459228e+03
4.263515033538589705e+03
4.263608355150669013e+03
4.264121006394572760e+03
4.264252875821875932e+03
4.264281542793078188e+03
4.264290021696863732e+03
4.264366956399000628e+03
4.264420537536469055e+03
4.264423350722507166e+03
4.264501430481008356e+03
4.264525568635527634e+03
4.264691928817755070e+03
4.265788584751448980e+03
4.266019876435407241e+03
4.266032949005749288e+03
4.266038773259258051e+03
4.266336978866704158e+03
4.266448064657892246e+03
4.266450315256155591e+03
4.266458145570710258e+03
4.266494194385268202e+03
4.266794770568035347e+03
4.266885002567326410e+03
4.267466034067659166e+03
4.267764423880073082e+03
4.267928881526295299e+03
4.268051130697648659e+03
4.268226518617058900e+03
4.268234476219439784e+03
4.268333502485340432e+03
4.268418545070006076e+03
4.268506684253654385e+03
4.268947812537760910e+03
4.269148451205456695e+03
4.269191592064279575e+03
4.269282499379623005e+03
4.269474897386699922e+03
4.269557884164854840e+03
4.269682009437150555e+03
4.269915956395457215e+03
4.270018880837437791e+03
4.270208452592062713e+03
4.270622174652457943e+03
4.271176309097140802e+03
4.271254836178218284e+03
4.272451868056818057e+03
4.272571731777527020e+03
4.272578318435770598e+03
4.272658767603942579e+03
4.272814496039574806e+03
4.273384882215679681e+03
4.273486052509786532e+03
4.273725093655766614e+03
4.273881220230951840e+03
4.274006528923198857e+03
4.274024226200213889e+03
4.274379734941741845e+03
4.274560723178127773e+03
4.274788605001383075e+03
4.274960239577379070e+03
4.275392306142646703e+03
4.275429045656239396e+03
4.275556008703712905e+03
4.275620966055051213e+03
4.275654594545781038e+03
4.275660720647799280e+03
4.275666940269185943e+03
4.275724143892967732e+03
4.275798900651384429e+03
4.275856493628767566e+03
4.276019432267811681e+03
4.276037138901904655e+03
4.276050304831732319e+03
4.276092742302412262e+03
4.276416150137264594e+03
4.276501095750322747e+03
4.276876477166721997e+03
4.277049472370117655e+03
4.277326564688432882e+03
4.277381852036070086e+03
4.277479307366149442e+03
4.278633891605039025e+03
4.278765069005999976e+03
4.278790083709822284e+03
4.278877274289644447e+03
4.278973852449163132e+03
4.279009085699423849e+03
4.279141822483907163e+03
4.279321289378893198e+03
4.279363885867812314e+03
4.279379133564309086e+03
4.279459877344071174e+03
4.279510475442164534e+03
4.279536978433721742e+03
4.279610919936103528e+03
4.279792219396234032e+03
4.279913292429007015e+03
4.280567142186192541e+03
4.280573881299889763e+03
4.280847015040008955e+03
4.280938817367708907e+03
4.280992091056638856e+03
4.281017539830466376e+03
4.281114970593196631e+03
4.281272766974061597e+03
4.281288962361365520e+03
4.281558218017774379e+03
4.281740155209929071e+03
4.281767324644620203e+03
4.282174461188970781e+03
4.282278555047670125e+03
4.282323789490704257e+03
4.282363375422133686e+03
4.282493757592092152e+03
4.282634003937152556e+03
4.283107634660887015e+03
4.283349869869396571e+03
4.283981198907572434e+03
4.284040235632613985e+03
4.284190673962954861e+03
4.284578865525468245e+03
4.284581065302527350e+03
4.285038344779223735e+03
4.285231244768229772e+03
4.285455802983184185e+03
4.285621587090852699e+03
4.285657521514602195e+03
4.285687979905073007e+03
4.285818015497785382e+03
4.285854261239372136e+03
4.285998174386107166e+03
4.286060062494838348e+03
4.286199099968294831e+03
4.286380228227965745e+03
4.286463590534432115e+03
4.286681104997274815e+03
4.286753476156933175e+03
4.286757945589761221e+03
4.286805723066673636e+03
4.286849359535915937e+03
4.287085103194428484e+03
4.287192890791959144e+03
4.287366995573483109e+03
4.287388124161651831e+03
4.288016902674893572e+03
4.288201016578485905e+03
4.288211913011999968e+03
4.288479340741158921e+03
4.288777904694086828e+03
4.288819653011683840e+03
4.288904423064173898e+03
4.288932217433819460e+03
4.289247800997800368e+03
4.289393938398680802e+03
4.289412756837406960e+03
4.290196692168223308e+03
4.290275721949625222e+03
4.290347705935633712e+03
4.290550398267868331e+03
4.291035964934882031e+03
4.291053037463433611e+03
4.291246576345639369e+03
4.291633267964544757e+03
4.291672937798347448e+03
4.292038284933030809e+03
4.292296526206901035e+03
4.292589794557185087e+03
4.292658269770939114e+03
4.292780433449908742e+03
4.292797267307467337e+03
4.292929594242870735e+03
4.293180291418599154e+03
4.293291906414910045e+03
4.293533294041506451e+03
4.293600391832535024e+03
4.293907606410474727e+03
4.293975222146646956e+03
4.294010821929107806e+03
4.294502482556932591e+03
4.294696088094697188e+03
4.294831466382268445e+03
4.294887704617687632e+03
4.295176564934909948e+03
4.295609177185619046e+03
4.295795064006411849e+03
4.295895618676589947e+03
4.296498741418424288e+03
4.296624172594879383e+03
4.296701537424282833e+03
4.296805112123345680e+03
4.296870320573370009e+03
4.296893620009142069e+03
4.296958219597300740e+03
4.297168665774113833e+03
4.297294099162673774e+03
4.297439674614108299e+03
4.297539878520079583e+03
4.297651001437840932e+03
4.297767043018092409e+03
4.298166354948436492e+03
4.298269888176638233e+03
4.298444154154520220e+03
4.298623796504882193e+03
4.298675933463217007e+03
4.298701718898670151e+03
4.298806057274986415e+03
4.298824997212333074e+03
4.298992468587082840e+03
4.299088252640440260e+03
4.299237897428296492e+03
4.299266126308138155e+03
4.299622167247146535e+03
4.299845508327501193e+03
4.299902289915673464e+03
4.299972522165217924e+03
4.300240923562852004e+03
4.300420597973783515e+03
4.300849601573873770e+03
4.301076573923023716e+03
4.301171325250752489e+03
4.301313232417267500e+03
4.301390993772143702e+03
4.301640350978133938e+03
4.301690977851846583e+03
4.301761029381575099e+03
4.302082494670209599e+03
4.302115451303264308e+03
4.302172781226335246e+03
4.302513563802506724e+03
4.302679677836923474e+03
4.302913201737903364e+03
4.302934654925103132e+03
4.303351768018218536e+03
4.303553951488689563e+03
4.303784855358961067e+03
4.303832172234718200e+03
4.303879815236378818e+03
4.304321350667794832e+03
4.304331029281331212e+03
4.304390599846565237e+03
4.304469191912210590e+03
4.304543392738696639e+03
4.304842235859787252e+03
4.304958508266743593e+03
4.305070984298123221e+03
4.305081711200798054e+03
4.305406780396478098e+03
4.305729819461652369e+03
4.305901425291551277e+03
4.306171700163545211e+03
4.306539529207714622e+03
4.306686599777269294e+03
4.306790517249671211e+03
4.307172590451041287e+03
4.308042634241681299e+03
4.308939777077838698e+03
4.308997342670702892e+03
4.309169821948599747e+03
4.309322959798621014e+03
4.309525101985320362e+03
4.309573260484611637e+03
4.309635445395982060e+03
4.310087349545098732e+03
4.310152144329387738e+03
4.310297413817732377e+03
4.310354154342840047e+03
4.310568740708314181e+03
4.310966587694437294e+03
4.310999665787992853e+03
4.311439001800341430e+03
4.311673588555820970e+03
4.311902129963567859e+03
4.312069885811723907e+03
4.312095088911894891e+03
4.312649586606215962e+03
4.312781512620987996e+03
4.312812537332746615e+03
4.312916261320342528e+03
4.313390506692385316e+03
4.313409318669958338e+03
4.313458904858465758e+03
4.313748259193983358e+03
4.313970156696811500e+03
4.313987985677926190e+03
4.314045042587301396e+03
4.314058499392553131e+03
4.314330154083544585e+03
4.314587405713580665e+03
4.314594013638883553e+03
4.314930430077175515e+03
4.315184668278891877e+03
4.315641130409921061e+03
4.315757834050832571e+03
4.315933005279245663e+03
4.315948116859173751e+03
4.316139152691344862e+03
4.316329298558925075e+03
4.316385650596467713e+03
4.316436437030549314e+03
4.316439924300674647e+03
4.316559344401812268e+03
4.316779919042714027e+03
4.316897226686434806e+03
4.317019819724288027e+03
4.317327673244466496e+03
4.317436281238341508e+03
4.317443919100204766e+03
4.317820534267268158e+03
4.317835693898611680e+03
4.317885229497405817e+03
4.317951130369278872e+03
4.318005851624328898e+03
4.318115750895911333e+03
4.318646722855070948e+03
4.319066393467475791e+03
4.319066817926712247e+03
4.319168258869869533e+03
4.319416452203681729e+03
4.319444848056871706e+03
4.319550608641194231e+03
4.319567767243238450e+03
4.319712135614490762e+03
4.319732789867227439e+03
4.320495937729314392e+03
4.320538101100009044e+03
4.320585577384566022e+03
4.320646914553190072e+03
4.320711161862412155e+03
4.320783431502049098e+03
4.320867009315014911e+03
4.321064586244106067e+03
4.321143301574249563e+03
4.321232954322887053e+03
4.321473244280953622e+03
4.321685817076632702e+03
4.321970342371647348e+03
4.322042787407054675e+03
4.322149289540137943e+03
4.322152121579662889e+03
4.322365478055107815e+03
4.322406027385523885e+03
4.322758993135695164e+03
4.322774872135619262e+03
4.322803476264717574e+03
4.322834381288193072e+03
4.323210120175963311e+03
4.323314158066817072e+03
4.323423279528139574e+03
4.323628082889761572e+03
4.323827496083217738e+03
4.323958343640839303e+03
4.324177817415777099e+03
4.324420740758998363e+03
4.324454281968163741e+03
4.324735818620754799e+03
4.324865109309694162e+03
4.325390863075957895e+03
4.325399765076105723e+03
4.325439479938087061e+03
4.325508911528638237e+03
4.325515001313981884e+03
4.325627697144796912e+03
4.325774774795690064e+03
4.326413082364156253e+03
4.326860522717725871e+03
4.326862940540033378e+03
4.327031641469937313e+03
4.327316705421752886e+03
4.327347849802960809e+03
4.327500724236959286e+03
4.327666763309015550e+03
4.327921816947591651e+03
4.327977570316317724e+03
4.328071596190890887e+03
4.328307536410038665e+03
4.328347036991474852e+03
4.328405805731893452e+03
4.328617542525444151e+03
4.328796829711258397e+03
4.328880823034563946e+03
4.329541530235773280e+03
4.329553107693608581e+03
4.329718908055527208e+03
4.329891914951911531e+03
4.330117110849426354e+03
4.330180574889412128e+03
4.330814489391776078e+03
4.331033150796995869e+03
4.331110117634931157e+03
4.331184494473385712e+03
4.331333181566870735e+03
4.331596614405112632e+03
4.331708773194134665e+03
4.332036231295481230e+03
4.332044534167239362e+03
4.332256533810755172e+03
4.332360330663879722e+03
4.332464186663949476e+03
4.332646841433843292e+03
4.332874229412588647e+03
4.332881136520330983e+03
4.332976032442488759e+03
4.333079910395455954e+03
4.333135073784700580e+03
4.333233901552622228e+03
4.333505605117606137e+03
4.334199727999855895e+03
4.334448262010701001e+03
4.334545568400790216e+03
4.334562764810538283e+03
4.334673516777836994e+03
4.334744460819663800e+03
4.334973834325651296e+03
4.335028580577258253e+03
4.335079558048991203e+03
4.335114963911702034e+03
4.335160961720122941e+03
4.335174747844835110e+03
4.335271095927944771e+03
4.335448781735833109e+03
4.335464106845227434e+03
4.335654881808032769e+03
4.335697043290289002e+03
4.336011181681246853e+03
4.336126128075105953e+03
4.336228978013261440e+03
4.336250241050329350e+03
4.336281217308127452e+03
4.336344819886607183e+03
4.336595523018578206e+03
4.336838162683990049e+03
4.337107185657787340e+03
4.337194982967846045e+03
4.338115852702511802e+03
4.338169802268676904e+03
4.338205492044639868e+03
4.338290877663762330e+03
4.338310070429343796e+03
4.338642141980970337e+03
4.338698549237784391e+03
4.338708434174322065e+03
4.338737045119544746e+03
4.338785781580118964e+03
4.339064351777676166e+03
4.339102741731953756e+03
4.339281710797302367e+03
4.339299523438546203e+03
4.339454941111215703e+03
4.339510597419201986e+03
4.340327469287273743e+03
4.340340723611201611e+03
4.340354754987612978e+03
4.340357838790248024e+03
4.340595491098915772e+03
4.340718102066346546e+03
4.340830458646212719e+03
4.340896277085486872e+03
4.340953630495102516e+03
4.341074725598626173e+03
4.341088866807472186e+03
4.341097214381162303e+03
4.341228717716280698e+03
4.341333106499326277e+03
4.341351767813442166e+03
4.341526892817262706e+03
4.341838003590474727e+03
4.342696509277475343e+03
4.342711223456716652e+03
4.342771898241960116e+03
4.342782665264317075e+03
4.342901488048310057e+03
4.342970383074005440e+03
4.342986136893162438e+03
4.344214216945306362e+03
4.344235850453917919e+03
4.344382185548281086e+03
4.344414813524528654e+03
4.344551176072877752e+03
4.344868330979579696e+03
4.345077914431298268e+03
4.345279859432917874e+03
4.345497685373249624e+03
4.345584215133059843e+03
4.345603469140325615e+03
4.345911630247544053e+03
4.346104812154871979e+03
4.346362981799417867e+03
4.346500473901300211e+03
4.346758955394184341e+03
4.347454267749548308e+03
4.347537189787100033e+03
4.347557061417944169e+03
4.347562787838247459e+03
4.347756556206152709e+03
4.348052754798180104e+03
4.348154104422468663e+03
4.348196154043047500e+03
4.348516783696375569e+03
4.348595294080172607e+03
4.348715103023482698e+03
4.348745841794561784e+03
4.348822643550159228e+03
4.348852777830334162e+03
4.348865843846977441e+03
4.349146144764861674e+03
4.349294866351565361e+03
4.349326969082068899e+03
4.349392890776218337e+03
4.349438902255194080e+03
4.349655307123282000e+03
4.349710851871224804e+03
4.350314213338325317e+03
4.350335910247604261e+03
4.350405298090123324e+03
4.350639492275859993e+03
4.350764282016606558e+03
4.350920496789608478e+03
4.350965762154888580e+03
4.351132033117390165e+03
4.351314211289630293e+03
4.351326311914564030e+03
4.351421842614105117e+03
4.351426297069662724e+03
4.351508413844630013e+03
4.351549205487994186e+03
4.351549713456819518e+03
4.351722689506633287e+03
4.352031012215336887e+03
4.352079034823158509e+03
4.352218228153487871e+03
4.352493508283007941e+03
4.352521792993387862e+03
4.352916951481069191e+03
4.353063874943436531e+03
4.353430921890476384e+03
4.353440262012784842e+03
4.353460858270437711e+03
4.353607016732627926e+03
4.353650986780166022e+03
4.353728565412997341e+03
4.353923165510414947e+03
4.353965992748345343e+03
4.354090015178595422e+03
4.354162750433470137e+03
4.354209245842760538e+03
4.354224208685782287e+03
4.354478252658201200e+03
4.354478848617744916e+03
4.354963953116778612e+03
4.354999277953162164e+03
4.355020813482019548e+03
4.355051030320350037e+03
4.355136266433999481e+03
4.355145108685162995e+03
4.355220386947489715e+03
4.355238302815287170e+03
4.355291680706830448e+03
4.355681209279427094e+03
4.355834635917371088e+03
4.355850556429494645e+03
4.356024804964975374e+03
4.356054220970027927e+03
4.356156160092454229e+03
4.356244675843224286e+03
4.356479853897336397e+03
4.356565338578243427e+03
4.356947444945292773e+03
4.357608144545849427e+03
4.357629599492892339e+03
4.358121281554037523e+03
4.358287337051612667e+03
4.358331662720663189e+03
4.358830722162382699e+03
4.358893358110540248e+03
4.359225180716442992e+03
4.359257710286542533e+03
4.359399237801952950e+03
4.359573209064390539e+03
4.359596495481234342e+03
4.359635391737634563e+03
4.359693079013973147e+03
4.360076919033122977e+03
4.360117624101433648e+03
4.360208319115415179e+03
4.360440293075750560e+03
4.360461826727626431e+03
4.360857683784661276e+03
4.360986983920648527e+03
4.361060465391180514e+03
4.361150796481208999e+03
4.361225081579942525e+03
4.361256930060914783e+03
4.361497911602973545e+03
4.361515256068930285e+03
4.362008757678206166e+03
4.362356416757107581e+03
4.362400614810379921e+03
4.362451884636746399e+03
4.362610003529160167e+03
4.362707685147696793e+03
4.362852412300222568e+03
4.363040960994409033e+03
4.363254034782586132e+03
4.363359387871352737e+03
4.364138292770669977e+03
4.364283595242843148e+03
4.364520281022573727e+03
4.364652526678041795e+03
4.364724966770616447e+03
4.364743204572435388e+03
4.364993695915159151e+03
4.365605451688695211e+03
4.365666684052153869e+03
4.366028310236119978e+03
4.366118469419508074e+03
4.366182520156391547e+03
4.366250916483299989e+03
4.366296779425096247e+03
4.366346734296351315e+03
4.366442027482184130e+03
4.366472950147623123e+03
4.366578996782382092e+03
4.366685146404721308e+03
4.366870918207731847e+03
4.367043642942222505e+03
4.367053323940368500e+03
4.367114275857669782e+03
4.367469525083898588e+03
4.367515343271066740e+03
4.367652261286400062e+03
4.367964949673095362e+03
4.367967930460785283e+03
4.368072439134915840e+03
4.368161805725031627e+03
4.368806626737218721e+03
4.368937978167614347e+03
4.369290319400948647e+03
4.369445748865919086e+03
4.369521684911008379e+03
4.369522137444031614e+03
4.369636909822232155e+03
4.369667244967916304e+03
4.369725469267375047e+03
4.369933105525988140e+03
4.371168421387382296e+03
4.371204952521593441e+03
4.371206898473054025e+03
4.371255907663294238e+03
4.371396004629930758e+03
4.371401858535923566e+03
4.371548631354807185e+03
4.371944774394373781e+03
4.372020487769311330e+03
4.372049875480564879e+03
4.372188455250488914e+03
4.372288061912571720e+03
4.372650305540717454e+03
4.372656065089837284e+03
4.372664852349331341e+03
4.372921665436089825e+03
4.373087745036294109e+03
4.373116002514063439e+03
4.373422514755449811e+03
4.373468935850853995e+03
4.373575604577885315e+03
4.373860910744994726e+03
4.373990346060943011e+03
4.374221141939205154e+03
4.374409967161372151e+03
4.374899543915495087e+03
4.374905594233240663e+03
4.374999872996555496e+03
4.375157480192404364e+03
4.375267436649515730e+03
4.375536498278137515e+03
4.375645781494510629e+03
4.375755636729950311e+03
4.375854706226502458e+03
4.376046133522068885e+03
4.376308340859393866e+03
4.376310968502442847e+03
4.376425873756409601e+03
4.376780201626999769e+03
4.376841240927974468e+03
4.376918710822939829e+03
4.376950318331926610e+03
4.377226116405919129e+03
4.377328614160684083e+03
4.377574321325721030e+03
4.377946798658140324e+03
4.378083163333923949e+03
4.378111734885430451e+03
4.378299520177978593e+03
4.378513903477128224e+03
4.378606716753093679e+03
4.378809048284940218e+03
4.378854800820712626e+03
4.378942373263185800e+03
4.379454733662601029e+03
4.379729797530825635e+03
4.379788069893143984e+03
4.379809065521480079e+03
4.380324799617964345e+03
4.380842259680028292e+03
4.380997669693379066e+03
4.381277854796077918e+03
4.381346694677537926e+03
4.381383814051566333e+03
4.381482243959326297e+03
4.381485003944310847e+03
4.381727846807692003e+03
4.381804500743833160e+03
4.381864992666230137e+03
4.381922933023140104e+03
4.381953667596965715e+03
4.382015873934669798e+03
4.382699733315578669e+03
4.382758617417997812e+03
4.382833589198183290e+03
4.382912458661027813e+03
4.383118159993216068e+03
4.383283957710796130e+03
4.383647597682968808e+03
4.384227221392710817e+03
4.384255117195361890e+03
4.384564468979074263e+03
4.384620226412772354e+03
4.384687319004938217e+03
4.384867275482085461e+03
4.385206275296420245e+03
4.385503892113637448e+03
4.386249789832258102e+03
4.386608843775602509e+03
4.387126015310769617e+03
4.387131657195255684e+03
4.387563460157254667e+03
4.387873446828909437e+03
4.388035145115552950e+03
4.388616416107674922e+03
4.389010373262731264e+03
4.389803110452407964e+03
4.389985044699898936e+03
4.390060588084850679e+03
4.390216516803295235e+03
4.390272927293262910e+03
4.390275796035461099e+03
4.390547096659180170e+03
4.390911811712877352e+03
4.391233613615370814e+03
4.391249640880248990e+03
4.391346653777823121e+03
4.391379146873900027e+03
4.391400970564874115e+03
4.392075274485682712e+03
4.392213067418166247e+03
4.392502713048448641e+03
4.392850017244721130e+03
4.393065636896225442e+03
4.393131182430372974e+03
4.393471897159474793e+03
4.393583326597068663e+03
4.393603686975182427e+03
4.393785459333613289e+03
4.393986340097266293e+03
4.394121049877661790e+03
4.394462753234566662e+03
4.394560247710002841e+03
4.394608512759910809e+03
4.394724180605665424e+03
4.395027735341979678e+03
4.395089092222052386e+03
4.395359313628603559e+03
4.395503938463528357e+03
4.396096942921685695e+03
4.396109607871523622e+03
4.396206923297628236e+03
4.396386358054638549e+03
4.396614959839035691e+03
4.396843827554233030e+03
4.397159298492018934e+03
4.397233298153239048e+03
4.397485135027846809e+03
4.397656621268052731e+03
4.397682838180422550e+03
4.397746663380040445e+03
4.397847017437375143e+03
4.398292146194902671e+03
4.398379591879527652e+03
4.398401434150863679e+03
4.398457297243852736e+03
4.398871875703369369e+03
4.398944348819946754e+03
4.399111343677876903e+03
4.399237721785005306e+03
4.399442327574073715e+03
4.400071616005263422e+03
4.400280514074970597e+03
4.400454198587371138e+03
4.401224160141531684e+03
4.401292412845735271e+03
4.401410402669038376e+03
4.401453542184311118e+03
4.401523452143244867e+03
4.401678881979769358e+03
4.401814083450130966e+03
4.402017443708950850e+03
4.402055036045177985e+03
4.402200411320955936e+03
4.402257634984500328e+03
4.402265889734218945e+03
4.402743490722819843e+03
4.402842536580436899e+03
4.403138246572170829e+03
4.403283354629877977e+03
4.403555120845324382e+03
4.403564202425448457e+03
4.403865550971805533e+03
4.403945437565990687e+03
4.404013816912281072e+03
4.405109863717386361e+03
4.405207458507621595e+03
4.405909981973603863e+03
4.405995127006211078e+03
4.406026716084572399e+03
4.406030338679151100e+03
4.406078225032290902e+03
4.406085732415631355e+03
4.406216973805714588e+03
4.406239441214918770e+03
4.406369593643722510e+03
4.406388852035613127e+03
4.406409155685594669e+03
4.406732724446047541e+03
4.406910460458560920e+03
4.406946321398628243e+03
4.406968800994008234e+03
4.406989307137908327e+03
4.407210311849749814e+03
4.407451663744078360e+03
4.407891538132100322e+03
4.408446218961516024e+03
4.408568896724320439e+03
4.408595684887315656e+03
4.408606275219561212e+03
4.408646537753294979e+03
4.408692226033622319e+03
4.408703298964601345e+03
4.408952155043066341e+03
4.409038654189302179e+03
4.409127341478227208e+03
4.409422301543594585e+03
4.409435077225057285e+03
4.409464636048342072e+03
4.409590676829587210e+03
4.409913923146301386e+03
4.410342339415073184e+03
4.410629156513847192e+03
4.410649298594493303e+03
4.411180772198349587e+03
4.411231308231491312e+03
4.411473339819401190e+03
4.411869749559534284e+03
4.412109350796865328e+03
4.412497214723391153e+03
4.412794288441044955e+03
4.412941413981711776e+03
4.412979922030273883e+03
4.413062954494879705e+03
4.413073002578177693e+03
4.413780422189517594e+03
4.414226106805504969e+03
4.414245943917651857e+03
4.414571056044789657e+03
4.414651786386338244e+03
4.414690665167328916e+03
4.414698795621693534e+03
4.414818916025867111e+03
4.414849361453283564e+03
4.414942878792649935e+03
4.414989581010609072e+03
4.415114381612131183e+03
4.415221066621563295e+03
4.415328163444869460e+03
4.415381107086770498e+03
4.415538053496949942e+03
4.415581122207058797e+03
4.415672083381437005e+03
4.415841069394014085e+03
4.415867523979630278e+03
4.416096874943567855e+03
4.416124820727703082e+03
4.416130110667733788e+03
4.416175925811191519e+03
4.416199336352358841e+03
4.416267965715629543e+03
4.416453533953026636e+03
4.416693350497112078e+03
4.416783517450335239e+03
4.417074210131993823e+03
4.417326702080794348e+03
4.417461256073964250e+03
4.417473081550825555e+03
4.417616880498550017e+03
4.417670474267984901e+03
4.418093961403744288e+03
4.418541283667577773e+03
4.418881994770602432e+03
4.418909888234015853e+03
4.419532828511301886e+03
4.419671374227686101e+03
4.419687170227708521e+03
4.419690231182454227e+03
4.419736388740118855e+03
4.419998372615058543e+03
4.420008454419627924e+03
4.420176111086309902e+03
4.420346112096721299e+03
4.420692798003409735e+03
4.420715396033432626e+03
4.420780617581233855e+03
4.420805210509601238e+03
4.420883969635026006e+03
4.421045049548910356e+03
4.421168303174948051e+03
4.421633408675579631e+03
4.421641515023606189e+03
4.421697618946873263e+03
4.422093909253185302e+03
4.422233960148201731e+03
4.422480905921162957e+03
4.422541942573851884e+03
4.422846450475459278e+03
4.422999874069697398e+03
4.423050760733722200e+03
4.423063280891188697e+03
4.423214835368573404e+03
4.423381103701013672e+03
4.423839293471593010e+03
4.423876468305061280e+03
4.424410421802476776e+03
4.424448539708609133e+03
4.424765149527269386e+03
4.424887725644706734e+03
4.425381935081323718e+03
4.425503930109426619e+03
4.425720736115839827e+03
4.425895857911755229e+03
4.426099841372873925e+03
4.426181305332427655e+03
4.426461758672568067e+03
4.426482060047498635e+03
4.426520461239487304e+03
4.426631181754673889e+03
4.427011473033440780e+03
4.428211441813168676e+03
4.428267441888371650e+03
4.428522811940854808e+03
4.428839715862741286e+03
4.428985557060947940e+03
4.429083143884247875e+03
4.429084589688496635e+03
4.429728996314262076e+03
4.429735287814717594e+03
4.429807769855789047e+03
4.430358276937756273e+03
4.430519978684634225e+03
4.430526321335172725e+03
4.430540338699240237e+03
4.430750960857076279e+03
4.431026709376224971e+03
4.431244356499296373e+03
4.431340814451246843e+03
4.431609535791706548e+03
4.431749353828894527e+03
4.431862180914556120e+03
4.432180838647102064e+03
4.432343225782795344e+03
4.432457520654586915e+03
4.432465029675884580e+03
4.432622854377748808e+03
4.432982051938916811e+03
4.433083916517756734e+03
4.433155772831883041e+03
4.433190644443175188e+03
4.434156540827106255e+03
4.434219819008601007e+03
4.434235645009643122e+03
4.434406865518560153e+03
4.434456938859920228e+03
4.434718742593337993e+03
4.434795468846862605e+03
4.434880251821959973e+03
4.435256153769623779e+03
4.435464895016338232e+03
4.435521558469054071e+03
4.435699980583336583e+03
4.435742545273305041e+03
4.436204654522912278e+03
4.436435681983565701e+03
4.436447936440711601e+03
4.436902084137826932e+03
4.436959386310662012e+03
4.437301222219622105e+03
4.437405817095700513e+03
4.437492021654918972e+03
4.437571961526670748e+03
4.437588304340014474e+03
4.437600937839059043e+03
4.437737000741779411e+03
4.438150773644584660e+03
4.439382956775990351e+03
4.440016322385411513e+03
4.440109256536603425e+03
4.440425043272588482e+03
4.440913657402764329e+03
4.440922692701323285e+03
4.441062533047927900e+03
4.441165412620575808e+03
4.441232773818339410e+03
4.441260872189333895e+03
4.441278346313534712e+03
4.441296097829152131e+03
4.441505307970388458e+03
4.441674247932370236e+03
4.441791038601286346e+03
4.441804951380921011e+03
4.442447114707263609e+03
4.442693324884112371e+03
4.442710365072102832e+03
4.442902277426422188e+03
4.442936558606431390e+03
4.443090989737000200e+03
4.443129874071951235e+03
4.443216201883552458e+03
4.443219139569123399e+03
4.443304612479621028e+03
4.443348781163739659e+03
4.443369167520407245e+03
4.443558509949774816e+03
4.443807913012734389e+03
4.443878521618181367e+03
4.443954644185338111e+03
4.444148739477853269e+03
4.444262630116399123e+03
4.444554069590966719e+03
4.444746255307588399e+03
4.445130639900784445e+03
4.445177780696257287e+03
4.445395431323161574e+03
4.445621397136395899e+03
4.445732197853306388e+03
4.445960444258101234e+03
4.446087888182752977e+03
4.446138387047494689e+03
4.446309584128929600e+03
4.446473307528251098e+03
4.446866420488050608e+03
4.446967907773950174e+03
4.447228347145312000e+03
4.447416949223075790e+03
4.448018294518884431e+03
4.448147444528287451e+03
4.448412985732275956e+03
4.448463827365978432e+03
4.448482069444796252e+03
4.448513443680493765e+03
4.448600143060078153e+03
4.448754533984975751e+03
4.449009805088422581e+03
4.449053172899875790e+03
4.449075057834415929e+03
4.449276747246554805e+03
4.449535590055547800e+03
4.449833721306988082e+03
4.449982291508626986e+03
4.450568787253804658e+03
4.450645846692988925e+03
4.450671212989368541e+03
4.451165742887609667e+03
4.452407031391559940e+03
4.453028338712714685e+03
4.453262875732869361e+03
4.453412750122758553e+03
4.453485113181781344e+03
4.453567667448221982e+03
4.453723463497728517e+03
4.453835755666533260e+03
4.453858159846312446e+03
4.453895403834261742e+03
4.453960347937021652e+03
4.453965232745958929e+03
4.453966296739620702e+03
4.454206516172809643e+03
4.454391507993776941e+03
4.454525317929153061e+03
4.454710353985042275e+03
4.455445334794198061e+03
4.455566394741114891e+03
4.455731665692562274e+03
4.455761622256790361e+03
4.455799845930516312e+03
4.455951893594016838e+03
4.456088978558386771e+03
4.456184538904362853e+03
4.456303794834814653e+03
4.456385238945550554e+03
4.456622448631286716e+03
4.456885538414028815e+03
4.457296796472548522e+03
4.457366755573872069e+03
4.457512013928318993e+03
4.457601616478848882e+03
4.457695917309634751e+03
4.457739107925370263e+03
4.457830374850065709e+03
4.457899664299942742e+03
4.458074343293239508e+03
4.458302646392404313e+03
4.458318880943916156e+03
4.458369668178115717e+03
4.458645887487936307e+03
4.458700474931919416e+03
4.458730239042347421e+03
4.458908633775085036e+03
4.459073100941744087e+03
4.459170994888234418e+03
4.459180742237986124e+03
4.459718171132038151e+03
4.460971780167095858e+03
4.461120138931751171e+03
4.461381555285035574e+03
4.461463704212437733e+03
4.461631819123974310e+03
4.461661358699668199e+03
4.461738844525102650e+03
4.461976307007501418e+03
4.462072591727920553e+03
4.462090146790409563e+03
4.462351588511422960e+03
4.462715110967681539e+03
4.462887704557180768e+03
4.462894190974652702e+03
4.462926283081347719e+03
4.462979435650505366e+03
4.463246772519446495e+03
4.463434559095710028e+03
4.463559224762147096e+03
4.464075531984506597e+03
4.464126570862081280e+03
4.464556440246205057e+03
4.465004910306631245e+03
4.465199333061355901e+03
4.465371596117478475e+03
4.465402495486005137e+03
4.465504597364177243e+03
4.465976878850683534e+03
4.466268921544857221e+03
4.466735806718233107e+03
4.466739160711457771e+03
4.467005670344629834e+03
4.467090767134056478e+03
4.467247239453188740e+03
4.467298612393279654e+03
4.467384799448324884e+03
4.468037716250134508e+03
4.468060375049531103e+03
4.468520016880864205e+03
4.468623813358265579e+03
4.468743630419573492e+03
4.469225715023451812e+03
4.469591678490331105e+03
4.469775092094469073e+03
4.469835925366150150e+03
4.469972863006401894e+03
4.470445755330224529e+03
4.470673686928869756e+03
4.471022326758838062e+03
4.471194508976785983e+03
4.472172950183123248e+03
4.472456878708951081e+03
4.472675323236436270e+03
4.472694267574459445e+03
4.472779513036602111e+03
4.472866628531161041e+03
4.472947092249618436e+03
4.473238479152984837e+03
4.473239373314660043e+03
4.473304709993765755e+03
4.473745516269110340e+03
4.473775265377446885e+03
4.474073403420808063e+03
4.474375330566524099e+03
4.474465845036451356e+03
4.474782901186215895e+03
4.475129551551538498e+03
4.475204670452024402e+03
4.475457947538510780e+03
4.475711483108600987e+03
4.476034143996788771e+03
4.476059095822281961e+03
4.476749668890751309e+03
4.476989852480978698e+03
4.477306303858140382e+03
4.477395331621553851e+03
4.477579392497089430e+03
4.477725507916591596e+03
4.477736564848370108e+03
4.478209922838465900e+03
4.478337443812594756e+03
4.478370188958608196e+03
4.478380260371106488e+03
4.478706265715039990e+03
4.478778292559367401e+03
4.479105353139920226e+03
4.479242301703428893e+03
4.479460514746579065e+03
4.479583241896311847e+03
4.479640174619485151e+03
4.479793715202350540e+03
4.479833737406320324e+03
4.479853866408089743e+03
4.479933966350596165e+03
4.479982923713720083e+03
4.480023996134866138e+03
4.480157638735721775e+03
4.480843900629633936e+03
4.480905767347495384e+03
4.480969683497402002e+03
4.481329367795467078e+03
4.481366092828465298e+03
4.481540463709743563e+03
4.481573471875810355e+03
4.481575678733551285e+03
4.481624966483949720e+03
4.481732609493072232e+03
4.482289736352838190e+03
4.482597434065161906e+03
4.482690281370361845e+03
4.482782913047596594e+03
4.482873813417527344e+03
4.482989519173695953e+03
4.483007189612964794e+03
4.483028432179585252e+03
4.483069565147093272e+03
4.483136666762386994e+03
4.483484226246451726e+03
4.483495435666753110e+03
4.483688903324698913e+03
4.483879347900924586e+03
4.484151185053017798e+03
4.484243170318687589e+03
4.484319841201891904e+03
4.484415984555866999e+03
4.484611475471754602e+03
4.484720818093626804e+03
4.484723880954845299e+03
4.484733737066474532e+03
4.485113925444627966e+03
4.485177603922781600e+03
4.485178189779337117e+03
4.485183532422866847e+03
4.485937383752389906e+03
4.486176241154016680e+03
4.486334308455896462e+03
4.486391295601940328e+03
4.486775639988612966e+03
4.486805913145970408e+03
4.486866352093088608e+03
4.487044401177263353e+03
4.487050700262919236e+03
4.487097530661132623e+03
4.487132128800015380e+03
4.487350591334550700e+03
4.487498305944415733e+03
4.487770630597146919e+03
4.487975006892626880e+03
4.488003564245737834e+03
4.488449903771143909e+03
4.488492147694591040e+03
4.488528743503640726e+03
4.488655772847539993e+03
4.488861148200542630e+03
4.489853407450361374e+03
4.490163962042480307e+03
4.490421750872903431e+03
4.491171999788208268e+03
4.491256259360309741e+03
4.491668912764906963e+03
4.491868316816308834e+03
4.492107640455059482e+03
4.492658198706270923e+03
4.492804177679638087e+03
4.492821175809571287e+03
4.492823905866440327e+03
4.493313843847649878e+03
4.493398027121470477e+03
4.493656804553470465e+03
4.493974329834713899e+03
4.494015582892945531e+03
4.494141239334921011e+03
4.494194465869214582e+03
4.494623213590689375e+03
4.494806471877397598e+03
4.495757532123281635e+03
4.495797471651198066e+03
4.495808378458928928e+03
4.495914651488667914e+03
4.495924205544866709e+03
4.496662713641262599e+03
4.497478270699250061e+03
4.497501915849503348e+03
4.497604790819050322e+03
4.497841193455804387e+03
4.497949121680043390e+03
4.498286395728317984e+03
4.498547823060036535e+03
4.498654934577097265e+03
4.498681260541051415e+03
4.498803835014674405e+03
4.499097150843765121e+03
4.499526370177131867e+03
4.499585195749315062e+03
4.499851556912554770e+03
4.500047323373417385e+03
4.500282912758247221e+03
4.500642275803642406e+03
4.500736375933152885e+03
4.501016354394791961e+03
4.501123528413385429e+03
4.501178796426665031e+03
4.501238146402381062e+03
4.501312194684902352e+03
4.501393344925496422e+03
4.501601742590906724e+03
4.501678246764560754e+03
4.501695631452354974e+03
4.501716279462589227e+03
4.501741130652882021e+03
4.502087276190987723e+03
4.502165984101115100e+03
4.502327894501227092e+03
4.502466939416667628e+03
4.502470872477588273e+03
4.502504921254130750e+03
4.502644449988341876e+03
4.502701699279342392e+03
4.502987922361290657e+03
4.503070156922627575e+03
4.503289095939462641e+03
4.503308425280670235e+03
4.503346376193549077e+03
4.503359791576711359e+03
4.503529528310099522e+03
4.503687198346700825e+03
4.504194513891409770e+03
4.504223898984867446e+03
4.504341192450859126e+03
4.504449048729512469e+03
4.504609875220417052e+03
4.504644737741254175e+03
4.504961137368200980e+03
4.505311333521971392e+03
4.505363545210445409e+03
4.505447389682123685e+03
4.505536925712906850e+03
4.505571215629529433e+03
4.505970445122023193e+03
4.506065256044339549e+03
4.506070869791985388e+03
4.506083992130225852e+03
4.506153275796117669e+03
4.506253571942310373e+03
4.506307442165880275e+03
4.506349144194611654e+03
4.506647860663356369e+03
4.506690511469592821e+03
4.506925644165530684e+03
4.506932055836244217e+03
4.507188415537280889e+03
4.507442799012769683e+03
4.507462764604381846e+03
4.507491270130239172e+03
4.507501233855177816e+03
4.507611446412694931e+03
4.507689674965326958e+03
4.507742150457369462e+03
4.507904199658175457e+03
4.508289549856779558e+03
4.508537217553176561e+03
4.508556007451594269e+03
4.508589358150696171e+03
4.509057604601156527e+03
4.509119224443457824e+03
4.509234930671292204e+03
4.509235970658223778e+03
4.509557028758477827e+03
4.509619055128362561e+03
4.509632874144617745e+03
4.509635926820344139e+03
4.510017961459757316e+03
4.510020901973230139e+03
4.510519484705615469e+03
4.510724518339759015e+03
4.511067986673230735e+03
4.511176164184258596e+03
4.511246387060898087e+03
4.511266820922056468e+03
4.511324195090230205e+03
4.511334890419378098e+03
4.511335266543674152e+03
4.511605487477157112e+03
4.511835585876807272e+03
4.512003939160536902e+03
4.512083448820616468e+03
4.512146347298491492e+03
4.512591817873051696e+03
4.512601730225643223e+03
4.512613438822783792e+03
4.512645125088880377e+03
4.512700483770747269e+03
4.512834980474180156e+03
4.512904189314016548e+03
4.513191492486436800e+03
4.513318579490797674e+03
4.513366989485295562e+03
4.513645962441682059e+03
4.513665046789606095e+03
4.513973982625962890e+03
4.514009345365533591e+03
4.514359679671832055e+03
4.514390267573842721e+03
4.514738068167555866e+03
4.514787599707141453e+03
4.514834231003804234e+03
4.514976745699013918e+03
4.515005646270656143e+03
4.515339491432008799e+03
4.515361904757098273e+03
4.515523643900730349e+03
4.515655517339027938e+03
4.515704630042881035e+03
4.515936187259700091e+03
4.516002048901555099e+03
4.516063395267802662e+03
4.516088517111435067e+03
4.516240322520696282e+03
4.516565288025121845e+03
4.516645182620372907e+03
4.516691597798610928e+03
4.517052171213716974e+03
4.517440137308048179e+03
4.517577266313041036e+03
4.517638804963391522e+03
4.518134076895580620e+03
4.518504088875928574e+03
4.518910095749928587e+03
4.519450265635857249e+03
4.519513787321142445e+03
4.519557840655407745e+03
4.519688398600722394e+03
4.519752649352596563e+03
4.519850616517554045e+03
4.520039123178651607e+03
4.520108423711257274e+03
4.520377861266847503e+03
4.520504511434458436e+03
4.520843995465059379e+03
4.521244410415729362e+03
4.521302034066776287e+03
4.521362015262369823e+03
4.521410104166813653e+03
4.521704552969245924e+03
4.521804694676944564e+03
4.521828712871888456e+03
4.521890499877706134e+03
4.522188956181286812e+03
4.522247731732209104e+03
4.522506626667875025e+03
4.522788086089474746e+03
4.523018211578461887e+03
4.523245739235147084e+03
4.523968106337408244e+03
4.524009770929780643e+03
4.524233764162303487e+03
4.524254040492975946e+03
4.524356336115129125e+03
4.524383731452266147e+03
4.524669966453179768e+03
4.524878145752917590e+03
4.525104296474309194e+03
4.525200514356187341e+03
4.525513086391821162e+03
4.525743231512831699e+03
4.525792120583763790e+03
4.526110069527466294e+03
4.526570452147523611e+03
4.526589892424874051e+03
4.526692660760801118e+03
4.526700953394803946e+03
4.526963484030191466e+03
4.526990183658288515e+03
4.527095568089722292e+03
4.527198626552801215e+03
4.527251454318424294e+03
4.527303542064754765e+03
4.527319854624653999e+03
4.527325324464015466e+03
4.527373452391276260e+03
4.527568827623132165e+03
4.527998436080947613e+03
4.528029560052749730e+03
4.528263109083748532e+03
4.528272919921357243e+03
4.528495993493193964e+03
4.528660862290871592e+03
4.528873947342214706e+03
4.529085417788014638e+03
4.529531264700297470e+03
4.529597213019842457e+03
4.529630715419625631e+03
4.529758359033863599e+03
4.529919291703165072e+03
4.530009501320146228e+03
4.530019401469960030e+03
4.530050797871199393e+03
4.530063404715157048e+03
4.530068476992865726e+03
4.530069563452885632e+03
4.530110248528516422e+03
4.530132125358590201e+03
4.530208080331140991e+03
4.530242159141726006e+03
4.530760361433793150e+03
4.531072969830904185e+03
4.531162137083642847e+03
4.531222786925473883e+03
4.531366337445307181e+03
4.531446792282229580e+03
4.531600168273489544e+03
4.531916521624223606e+03
4.531985781841626704e+03
4.532065012526109058e+03
4.532147009078076735e+03
4.532437005743128793e+03
4.532443782701159762e+03
4.532448105670554469e+03
4.532691488791174379e+03
4.532699996958893280e+03
4.533106516967362950e+03
4.533162409325020235e+03
4.533173756120598227e+03
4.533175903189186101e+03
4.533329162653797539e+03
4.533540111370180966e+03
4.534128738744195289e+03
4.534287385751056718e+03
4.534391983075712233e+03
4.534435883598183864e+03
4.534667009650901491e+03
4.534816037815370692e+03
4.534854232503566891e+03
4.535238621838915606e+03
4.535358032603930951e+03
4.535393699831107369e+03
4.535596710958875519e+03
4.535768573345357254e+03
4.535889131854821244e+03
4.536000824885066322e+03
4.536324389472439179e+03
4.536453350861299441e+03
4.536476204860057805e+03
4.536485447045894944e+03
4.536486867204028385e+03
4.536686616354179932e+03
4.537164169588668301e+03
4.537181758279331916e+03
4.537683811056090235e+03
4.537830808796223209e+03
4.537963337614022748e+03
4.538116879607302508e+03
4.538211610810008096e+03
4.538226235007819923e+03
4.538356145372608808e+03
4.538384982275929360e+03
4.538468984191132222e+03
4.538573178239063964e+03
4.538643922128896520e+03
4.538681191625944848e+03
4.539058337961109828e+03
4.539136690965417984e+03
4.539209476124493449e+03
4.539220421837355389e+03
4.539396974929295538e+03
4.539471213563678248e+03
4.539550985341054002e+03
4.539578947726143269e+03
4.539663456846089503e+03
4.539774654054353960e+03
4.540014370991322721e+03
4.540016585127978033e+03
4.540019770553246417e+03
4.540329324850719786e+03
4.540357647686755627e+03
4.540870095463717917e+03
4.541318490455142637e+03
4.541369646519100570e+03
4.541632765233789542e+03
4.541756340827396343e+03
4.541858034167900769e+03
4.541892699062875181e+03
4.541975693168098587e+03
4.542019367807681192e+03
4.542085503836389762e+03
4.542231137331364152e+03
4.542317939847689559e+03
4.542464655296346791e+03
4.542548648606302777e+03
4.542618482832918744e+03
4.542685865583281156e+03
4.543107482178520513e+03
4.543342708978381779e+03
4.543469597792203786e+03
4.544182142549498167e+03
4.544440176604914996e+03
4.544515613465243405e+03
4.544728703601430425e+03
4.544815364031368517e+03
4.544852591856209074e+03
4.544968288598447543e+03
4.545476373570695614e+03
4.545644366075855032e+03
4.545825129500284675e+03
4.545866134694399079e+03
4.545934033731659838e+03
4.546037049632448543e+03
4.546192238923148579e+03
4.546222719741925175e+03
4.546677097315502579e+03
4.547439793715809174e+03
4.547655807583186288e+03
4.547784911204837954e+03
4.547888979975828988e+03
4.547982240710078258e+03
4.548022231646019463e+03
4.548118162501843472e+03
4.548425096306272280e+03
4.548501700666113720e+03
4.548513833499032444e+03
4.548668871328949535e+03
4.548788488894715556e+03
4.549272320166945974e+03
4.549396406476808806e+03
4.549401078752191097e+03
4.549422311508981693e+03
4.549620271350408075e+03
4.549660587808160017e+03
4.549724704616536656e+03
4.549763377398760895e+03
4.549924285293282082e+03
4.549963676578140621e+03
4.550051470326250637e+03
4.550112534401445373e+03
4.550130026329689827e+03
4.550158756364180590e+03
4.550286469152175414e+03
4.550442325768423871e+03
4.550917031924362163e+03
4.550937791865284453e+03
4.550966002441986348e+03
4.551168113401955452e+03
4.551303256325468283e+03
4.551456808136155814e+03
4.551508197938547710e+03
4.551536732843330356e+03
4.551629955794958732e+03
4.551797220329276570e+03
4.551836895564739280e+03
4.552011947027252063e+03
4.552283603550407861e+03
4.552363765051049086e+03
4.552499048625175419e+03
4.552567287709835000e+03
4.552846173750857815e+03
4.553112432317971980e+03
4.553112988358519033e+03
4.553140636437900866e+03
4.553193376056793568e+03
4.553469929673475235e+03
4.553519475578574202e+03
4.553890147911642089e+03
4.554087039184692003e+03
4.554452388486448399e+03
4.554795485623131754e+03
4.554798914657104433e+03
4.554868131698759498e+03
4.555299404696457714e+03
4.555310471405908174e+03
4.555681219186630187e+03
4.556023885379197964e+03
4.556151934478084513e+03
4.556223386395133275e+03
4.556459994503959024e+03
4.556806868304199270e+03
4.557242847433892166e+03
4.557563013930706802e+03
4.557612598067701583e+03
4.557758974631441561e+03
4.557840570799938178e+03
4.557904495621709430e+03
4.558110087835710146e+03
4.558121679907442740e+03
4.558178346084204350e+03
4.558245808985564508e+03
4.558385776297369375e+03
4.558552384512001481e+03
4.558626775991504473e+03
4.558699888687602652e+03
4.558864695351088812e+03
4.559301281062280395e+03
4.559431258272325977e+03
4.559805038683405655e+03
4.559918484033370987e+03
4.559918555736721828e+03
4.560438448737948420e+03
4.560509988789307499e+03
4.560681954522608976e+03
4.560738655091648980e+03
4.560740262628724849e+03
4.560797076597129490e+03
4.560946181156990860e+03
4.561340016059272784e+03
4.561378084287533056e+03
4.561440457481749945e+03
4.561554850018548677e+03
4.561843848084049569e+03
4.561953949478935101e+03
4.562023993722072191e+03
4.562052311443067993e+03
4.562324781903656913e+03
4.562498084058011955e+03
4.562515103702648048e+03
4.562623764719588507e+03
4.562651106135595001e+03
4.562666667814452921e+03
4.562845866815880072e+03
4.562979549502045302e+03
4.563204119198268927e+03
4.563711196590749751e+03
4.564151666848579225e+03
4.564180134840314167e+03
4.564202133952162512e+03
4.564215736868230124e+03
4.564337468797248221e+03
4.564426099747524859e+03
4.564506770806855457e+03
4.564521441439515911e+03
4.564644594835672251e+03
4.564682718924656911e+03
4.564781461206040149e+03
4.564856572161143049e+03
4.564869868317297005e+03
4.565005993111617499e+03
4.565142121211301856e+03
4.565480844856016120e+03
4.565940213588577535e+03
4.565964896912204495e+03
4.565997338069078978e+03
4.566366454254689415e+03
4.566382977319854945e+03
4.566478029131833864e+03
4.566756313253234111e+03
4.566781090962371309e+03
4.567023763478887304e+03
4.567048294276752131e+03
4.567169169991705530e+03
4.567425011453206935e+03
4.567469041719122288e+03
4.567512119713259381e+03
4.568061154899448411e+03
4.568070230173142591e+03
4.568100389801526035e+03
4.568144726651084056e+03
4.568340226713857191e+03
4.568499250977993142e+03
4.568682700841833139e+03
4.568696155590093440e+03
4.568734984173419434e+03
4.568988424620310070e+03
4.569000135764519655e+03
4.569282107766220179e+03
4.569289904464809297e+03
4.569310841384118248e+03
4.569326676640370351e+03
4.569537083284973960e+03
4.569570336530674467e+03
4.569640173840047282e+03
4.569700663777205591e+03
4.569819072561015673e+03
4.569891663623411660e+03
4.570258327685043696e+03
4.570641425103262918e+03
4.570706134299212863e+03
4.571039410378835782e+03
4.571195311261167262e+03
4.571309628091868944e+03
4.571478724001978662e+03
4.571614405180519498e+03
4.571695976326703203e+03
4.571846614371039323e+03
4.571882949608461786e+03
4.572037986135455867e+03
4.572068149918663948e+03
4.572160525954784134e+03
4.572362032388406988e+03
4.572555884119424263e+03
4.572693181916234607e+03
4.572697719073896224e+03
4.572698943436122136e+03
4.572725644166162965e+03
4.572990578394889781e+03
4.573151729908781817e+03
4.573219035312877168e+03
4.573228371747780329e+03
4.573405856436981594e+03
4.573436855708827352e+03
4.573587028093093068e+03
4.573593149395794171e+03
4.573943372873020962e+03
4.573985226807201798e+03
4.574205411545322931e+03
4.574607542841340546e+03
4.574622979887354632e+03
4.574812736398767811e+03
4.575017027553046319e+03
4.575219547800616056e+03
4.575453911902920481e+03
4.575536536004065056e+03
4.575658548428375070e+03
4.575822800624536285e+03
4.575873541666886013e+03
4.575973608912075179e+03
4.576100837736508765e+03
4.576109048998743674e+03
4.576165203288320299e+03
4.576206344728669137e+03
4.576265348720006841e+03
4.576388059995868389e+03
4.576628484313827357e+03
4.577095781356134466e+03
4.577153140807327873e+03
4.577322018393455437e+03
4.577447450297543583e+03
4.577575266465832101e+03
4.578034794904619957e+03
4.578063410380726054e+03
4.578119207623521106e+03
4.578338143329922787e+03
4.578360051382173879e+03
4.578525860711107271e+03
4.578745336414943267e+03
4.578864210596797420e+03
4.579021083586753775e+03
4.579347862004243325e+03
4.579554262539097181e+03
4.579663255440972534e+03
4.579996857639751397e+03
4.580011029191164198e+03
4.580118282071807698e+03
4.580300027930832584e+03
4.580781127291562370e+03
4.580868507975737884e+03
4.581220119726519442e+03
4.581353335713361048e+03
4.581733932332649601e+03
4.581764294367908406e+03
4.581875148097311467e+03
4.581924435096395428e+03
4.582050859748912444e+03
4.582152755729777709e+03
4.582161545911611029e+03
4.582216262228864252e+03
4.582240850157581917e+03
4.582371694665306677e+03
4.582391063945095084e+03
4.582472501244672458e+03
4.582512077682219569e+03
4.582705769070809765e+03
4.582822540820822724e+03
4.583329214843176487e+03
4.583614114542344396e+03
4.583832726670768352e+03
4.583878311156969175e+03
4.584064922097170893e+03
4.584177064792310375e+03
4.584264981920279752e+03
4.584378006114142408e+03
4.584495902905338880e+03
4.584697905219582935e+03
4.585019308371178340e+03
4.585362183081616422e+03
4.585539952554212505e+03
4.585583399082263895e+03
4.585997774534175733e+03
4.586145679031288637e+03
4.586163771338208790e+03
4.586381324451424916e+03
4.586444846710012825e+03
4.586599890802637674e+03
4.587144481682683363e+03
4.587223159767202560e+03
4.587381756676721125e+03
4.587455078445357685e+03
4.587473030872729396e+03
4.587687051812776190e+03
4.587783818227039774e+03
4.588102924007530419e+03
4.588296523269370482e+03
4.588394670918750307e+03
4.588744008825407946e+03
4.588807365456183106e+03
4.588824626740634812e+03
4.588876725995035486e+03
4.588950471307181942e+03
4.589040061515551315e+03
4.589354204508006660e+03
4.589362899456838022e+03
4.589412509504074478e+03
4.589640919224982099e+03
4.589965722016741893e+03
4.590009144178648967e+03
4.590068133462415972e+03
4.590287314667602004e+03
4.590367724418683792e+03
4.590786685524566565e+03
4.591116286077356563e+03
4.591233002202850912e+03
4.591614444590539279e+03
4.591629507804909736e+03
4.591801831562683219e+03
4.592031825405849304e+03
4.592144985056985206e+03
4.592197554296324597e+03
4.592238651910058252e+03
4.592506521189692648e+03
4.592780663637657199e+03
4.592844473758460481e+03
4.592865950820795661e+03
4.592870805671469498e+03
4.592927568977585906e+03
4.592929374955556341e+03
4.592951931458303079e+03
4.592978972768750282e+03
4.593044166327240418e+03
4.593312511517095118e+03
4.593421693513463651e+03
4.593721769303889232e+03
4.593796894306566173e+03
4.594120577653396140e+03
4.594272456149851678e+03
4.594342990759952954e+03
4.594355271662731866e+03
4.594435687115087603e+03
4.594516790795596535e+03
4.594516948982280155e+03
4.594978904523793972e+03
4.595015136607565182e+03
4.595083586590675623e+03
4.595381798912047088e+03
4.595402911444289202e+03
4.595452562852610754e+03
4.595885437652421388e+03
4.595894408276287322e+03
4.596003296774119008e+03
4.596229324206509773e+03
4.596410986722261441e+03
4.596438743384341251e+03
4.596521108957483193e+03
4.596553990560396414e+03
4.596699993540141804e+03
4.596844349314153078e+03
4.596913075385580669e+03
4.597082840830221357e+03
4.597192831968462087e+03
4.597425182690160909e+03
4.597447232924566379e+03
4.598093286972822170e+03
4.598127451800491144e+03
4.598213004034620099e+03
4.598552716301359396e+03
4.598653586462696694e+03
4.598728764094427788e+03
4.598741011666824306e+03
4.598862640057164754e+03
4.598944742656908602e+03
4.599180242991000341e+03
4.599189886457862485e+03
4.599364144386936459e+03
4.599418241682791631e+03
4.599571885469248627e+03
4.599692973221987813e+03
4.599796979946267129e+03
4.599801895959097237e+03
4.599873628869420827e+03
4.600223165225354023e+03
4.600423059539808492e+03
4.600457085299693972e+03
4.600566954064071069e+03
4.600847899495529418e+03
4.600910613565112726e+03
4.601011700669259881e+03
4.601089436354049212e+03
4.601326796139668659e+03
4.601603881337109669e+03
4.601680865981107672e+03
4.601726283978803622e+03
4.601848174517982443e+03
4.601858675739207683e+03
4.601871942362450682e+03
4.601914363150825011e+03
4.602262961875180736e+03
4.602274922757626882e+03
4.602692185448256168e+03
4.602867627404693849e+03
4.603029176405848375e+03
4.603328413865156108e+03
4.603331486528552887e+03
4.603368572396362651e+03
4.603436078596360858e+03
4.603674262004608863e+03
4.603909050932547871e+03
4.604028021576020365e+03
4.604482384608957545e+03
4.604610843252893574e+03
4.604845554692430596e+03
4.605141060695378656e+03
4.605343107167043854e+03
4.605365105891546591e+03
4.605432502041205225e+03
4.605729307665822489e+03
4.606064656261301025e+03
4.606171747877057896e+03
4.606279716398287746e+03
4.606601912465864189e+03
4.606631004217359077e+03
4.606853560298526645e+03
4.607038876696480656e+03
4.607066598684120436e+03
4.607095107642034236e+03
4.607292164876673269e+03
4.607315029482728278e+03
4.607721233712944922e+03
4.607758020716754800e+03
4.607833507854671552e+03
4.608138908744776927e+03
4.608159875355494478e+03
4.608236520323617697e+03
4.608329892187940459e+03
4.608653627267443881e+03
4.608938613146890930e+03
4.608956758827254816e+03
4.609017743829637766e+03
4.609088324631346950e+03
4.609208240764370203e+03
4.609245845731381451e+03
4.609260666794854842e+03
4.609507591211647195e+03
4.609513708042833969e+03
4.609875901799542589e+03
4.610349667296286498e+03
4.610478836961574416e+03
4.610493114626019633e+03
4.610512352275420199e+03
4.610586195749486251e+03
4.610664756466766448e+03
4.611096052635156411e+03
4.611213197111334921e+03
4.611319420441059265e+03
4.611455872573072156e+03
4.611540897382360527e+03
4.611558034599928760e+03
4.611598427936748521e+03
4.611720199810606573e+03
4.611740681673632935e+03
4.612039265037816222e+03
4.612092245540009571e+03
4.612360845735312068e+03
4.612419306760727522e+03
4.612489364722358914e+03
4.612572339749074672e+03
4.612694620647900592e+03
4.612711741614080893e+03
4.612787972892198923e+03
4.613050668304849751e+03
4.613084991505881590e+03
4.613263626898667098e+03
4.614072349924016635e+03
4.614332797802484492e+03
4.614472316347655578e+03
4.614486313252980835e+03
4.614709379375013668e+03
4.614847262389051139e+03
4.614919702825734021e+03
4.615132179106687545e+03
4.615258255477793682e+03
4.615512371352123409e+03
4.615715013828305928e+03
4.615924668549174385e+03
4.616146618216194838e+03
4.616187352102599107e+03
4.616369558685519223e+03
4.616414781017524547e+03
4.616736902884508709e+03
4.616864749344456868e+03
4.616887805207403289e+03
4.617215232676387132e+03
4.617413428009123891e+03
4.617499962863642395e+03
4.617518329089353756e+03
4.617608860441077013e+03
4.617828275677416059e+03
4.617887641991004784e+03
4.618277470648723465e+03
4.618388720971809562e+03
4.618522897616458067e+03
4.618807303890704134e+03
4.619246397726788018e+03
4.619277560793194425e+03
4.619363576243210446e+03
4.619385916860400357e+03
4.619387183188730887e+03
4.619412952231228701e+03
4.619563114309614321e+03
4.619579898815536581e+03
4.619592400558914960e+03
4.619742498328185320e+03
4.619789776807735507e+03
4.619851942578169655e+03
4.620065728661643334e+03
4.620197354531385827e+03
4.620270816773738261e+03
4.620433064778000698e+03
4.620569612386790141e+03
4.620819710960089651e+03
4.620826085624232292e+03
4.620866873686989493e+03
4.620891840037018483e+03
4.621056829952169210e+03
4.621071117734880318e+03
4.621126983143503821e+03
4.621293729365927902e+03
4.621896909553674050e+03
4.622063718787400830e+03
4.622358007677274145e+03
4.622466546776469841e+03
4.622546216664682106e+03
4.622653098517520448e+03
4.622743136375286667e+03
4.622841222566633405e+03
4.622855544083614404e+03
4.622951543432878680e+03
4.622954301935505100e+03
4.623147934362402339e+03
4.623534608245732670e+03
4.623828921824638201e+03
4.624049141119011438e+03
4.624220347730344656e+03
4.624220585832133111e+03
4.624260166291393034e+03
4.624356248817054620e+03
4.624386018718942978e+03
4.624523438702339263e+03
4.624698300450134411e+03
4.624711073485478664e+03
4.624713392744954945e+03
4.624774959879814560e+03
4.624821070665983825e+03
4.625012599154169038e+03
4.625024718187215512e+03
4.625114618496269941e+03
4.625116570869811767e+03
4.625236821328122460e+03
4.625479224270772647e+03
4.625510673039601897e+03
4.625534036914868011e+03
4.625901687647180552e+03
4.626087078016276791e+03
4.626357413947616806e+03
4.627075748063723950e+03
4.627107945599892446e+03
4.627169925599099770e+03
4.627186853838979005e+03
4.627629358276903986e+03
4.627760568264942776e+03
4.627933141714291196e+03
4.628002194184741711e+03
4.628232576256968059e+03
4.628352171188115790e+03
4.628360854455897424e+03
4.628502838330487975e+03
4.628625422502405854e+03
4.628656308391991843e+03
4.628825636055676114e+03
4.628923614322699905e+03
4.628956910733363657e+03
4.628964827437454005e+03
4.629126572426390339e+03
4.629515065507983309e+03
4.629519847152854709e+03
4.629607439890122805e+03
4.629635152684768400e+03
4.629668122647312885e+03
4.629681386336450487e+03
4.629700169963599365e+03
4.629855332038700908e+03
4.629922351543369587e+03
4.629922830776037699e+03
4.629924061080639149e+03
4.630086776070502310e+03
4.630109079932088207e+03
4.630221324544793788e+03
4.630382296160176338e+03
4.630494059366413239e+03
4.630616818838403560e+03
4.630630838670610501e+03
4.630651508235977417e+03
4.630905358291083758e+03
4.631123424827242161e+03
4.631399324368666385e+03
4.631499832684306057e+03
4.631790981698399264e+03
4.631834466987876112e+03
4.631847753770958661e+03
4.632043261961381177e+03
4.632105532167975980e+03
4.632386340839982950e+03
4.632646234135974737e+03
4.632747394100410929e+03
4.632776706997337897e+03
4.632922779880034795e+03
4.633093693981043543e+03
4.633175009413961561e+03
4.633183488098015914e+03
4.633318145674730658e+03
4.633834292137556076e+03
4.634262670639882344e+03
4.634287161799657042e+03
4.634367403453338738e+03
4.634382725153149295e+03
4.634438609839548008e+03
4.634467974632467303e+03
4.634686631243471311e+03
4.634805395018864147e+03
4.634917623177631867e+03
4.635037281790571797e+03
4.635117022921779608e+03
4.635187027532450884e+03
4.635322821547458261e+03
4.635401017546229014e+03
4.635463908291916596e+03
4.635769351030674443e+03
4.635899430248989120e+03
4.635904425114056721e+03
4.635989921593963118e+03
4.636216596782865054e+03
4.636488095217903719e+03
4.636720744202545575e+03
4.636774781106633782e+03
4.636783855730598589e+03
4.637289562363552250e+03
4.637377373958269345e+03
4.637420081721867064e+03
4.637747739112773161e+03
4.638061985446984181e+03
4.638096417017219210e+03
4.638098095433349954e+03
4.638748282203731833e+03
4.639134179208276691e+03
4.639159566428654216e+03
4.639279926085781881e+03
4.639320871896194149e+03
4.639435261781250119e+03
4.639461279046303389e+03
4.639761392608910683e+03
4.640090222749139684e+03
4.640360974090179297e+03
4.640749814570219314e+03
4.640784683436072555e+03
4.640790898908002418e+03
4.641074695697992865e+03
4.641150215726905117e+03
4.641151523697698394e+03
4.641163405485366638e+03
4.641324855211353679e+03
4.641410433051899417e+03
4.641581209726587986e+03
4.641684289298640579e+03
4.641738634174466824e+03
4.641841339233817052e+03
4.642128046121615625e+03
4.642142530488041302e+03
4.642175928273357385e+03
4.642297671165087195e+03
4.642311791992386134e+03
4.642559315837084796e+03
4.642568240100522416e+03
4.642573957976160273e+03
4.642587892969652785e+03
4.642657956487858428e+03
4.642778009209489028e+03
4.642794507104766126e+03
4.642987248152589018e+03
4.643038567170115130e+03
4.643138930218705354e+03
4.643363123136819013e+03
4.643363191695917521e+03
4.643367198283724974e+03
4.643712217702383896e+03
4.644071014041308445e+03
4.644080077699688445e+03
4.644382845153484595e+03
4.644430603787282053e+03
4.644509951403701962e+03
4.644735441114335117e+03
4.644761522240001796e+03
4.645211682068354094e+03
4.645263919727936809e+03
4.645302870681637614e+03
4.645341842709957746e+03
4.645611711361365451e+03
4.645669860685028652e+03
4.645746167658119703e+03
4.645922729697325849e+03
4.646174868103635163e+03
4.646279531414867961e+03
4.646418046880899055e+03
4.646427678079492580e+03
4.647182906493521841e+03
4.647404727080635894e+03
4.647543396696736636e+03
4.647634997125758673e+03
4.647910536462061827e+03
4.648033283784821833e+03
4.648050109221784624e+03
4.648212860080720020e+03
4.648237722342380948e+03
4.648438306482562439e+03
4.648551477674000125e+03
4.648637757870883433e+03
4.648652753199191466e+03
4.648752009331206864e+03
4.649107094333162422e+03
4.649445216075344433e+03
4.649763451059980071e+03
4.650220471843259475e+03
4.650290790557660330e+03
4.650418943578597464e+03
4.650719558353061075e+03
4.650720838044037919e+03
4.650758888010496776e+03
4.650791941492660953e+03
4.650962825025462735e+03
4.650968503615835289e+03
4.651073068901577244e+03
4.651517340081122711e+03
4.651599610000764187e+03
4.651794998747119280e+03
4.651869310827263689e+03
4.651911502063543594e+03
4.651950360311077930e+03
4.652007360301890003e+03
4.652335256085336368e+03
4.652368262859383321e+03
4.652662875422800425e+03
4.652701033644785639e+03
4.652763475573812684e+03
4.652773575150862598e+03
4.652786697203977383e+03
4.652962216891920434e+03
4.652966984461682841e+03
4.653064780223521666e+03
4.653301429063376418e+03
4.653388723873810704e+03
4.653570636380886754e+03
4.653777277580188638e+03
4.653806421698643135e+03
4.653864780752872321e+03
4.653920826859031877e+03
4.653942450453982929e+03
4.654095801546398434e+03
4.654314973953306435e+03
4.654493943194503117e+03
4.654664098222542634e+03
4.655666859495324388e+03
4.655784024718581350e+03
4.656297416594807146e+03
4.656380326147219421e+03
4.656711979190040438e+03
4.657101719999695888e+03
4.657197950239400598e+03
4.657211300960276276e+03
4.657277378371150917e+03
4.657406523628043033e+03
4.657480225273040560e+03
4.657530719442673217e+03
4.657560660069239020e+03
4.657575139449146263e+03
4.657992679057559144e+03
4.658030672180847432e+03
4.658588951260985596e+03
4.658605756103645945e+03
4.658641565447030189e+03
4.658730980298131726e+03
4.658932474577039102e+03
4.659026549074326795e+03
4.659074257909873268e+03
4.659332826763246885e+03
4.659591520348949416e+03
4.659633340151101038e+03
4.659647245495450989e+03
4.659699180776130561e+03
4.659704318386388877e+03
4.659909168446476542e+03
4.659960199310711687e+03
4.660001434467772015e+03
4.660186964080479811e+03
4.660230507025759835e+03
4.660256967542585699e+03
4.660966401303239763e+03
4.661423862862216083e+03
4.661645810174900362e+03
4.662506047210118595e+03
4.662564051982865749e+03
4.663060313512237371e+03
4.663063174394832458e+03
4.663128736775596735e+03
4.663168108947792462e+03
4.663260000634088101e+03
4.663502524717182496e+03
4.663608855640092770e+03
4.663646444417088787e+03
4.663668763250327174e+03
4.663682539328145140e+03
4.663807377996225114e+03
4.663829642400986813e+03
4.664108443927334520e+03
4.664321972840741182e+03
4.664361243191166068e+03
4.664436019494545690e+03
4.664461131837645553e+03
4.664545075724737217e+03
4.664746707237071860e+03
4.665533785117708248e+03
4.665852538795430519e+03
4.666028868349118056e+03
4.666059265607154884e+03
4.666132186288331468e+03
4.666149274760346998e+03
4.666150824750666288e+03
4.666353766707289651e+03
4.666505557261587455e+03
4.666524780431295767e+03
4.666652693518644810e+03
4.666817200557438809e+03
4.667039515311951618e+03
4.667085627499252951e+03
4.667119779805175313e+03
4.667165713479012993e+03
4.667292718002947367e+03
4.667329427729418967e+03
4.667440247438464212e+03
4.667790561623048234e+03
4.668001196768675072e+03
4.668113958041030855e+03
4.668484847937436825e+03
4.668796235901392720e+03
4.668813463002660683e+03
4.668959427734448582e+03
4.669015122199849429e+03
4.669041142143855723e+03
4.669225476506587256e+03
4.669332552496143762e+03
4.669443834325854368e+03
4.669445494188059456e+03
4.669551976867181111e+03
4.669586687986194192e+03
4.669669297670386186e+03
4.669693464715436676e+03
4.669745397857840544e+03
4.669939981793890183e+03
4.670148926374017719e+03
4.670742471136280074e+03
4.670800560532828058e+03
4.670829804928456724e+03
4.670853560803326218e+03
4.670911389610622791e+03
4.671115829872867835e+03
4.671116197610259405e+03
4.671223122519995741e+03
4.671560906811519999e+03
4.671629945091487571e+03
4.671644063335919782e+03
4.672281114077126404e+03
4.672328544900943598e+03
4.672486047968892308e+03
4.672715791599361182e+03
4.673028254230777748e+03
4.673072860596825194e+03
4.673076641579893476e+03
4.673123232789529538e+03
4.673202517558911495e+03
4.673498730811291352e+03
4.673610194307672828e+03
4.673680967822100683e+03
4.673721758305798176e+03
4.673883269768484752e+03
4.673988594160533466e+03
4.674125449734044196e+03
4.674185928144705940e+03
4.674274169473883376e+03
4.674331873409369109e+03
4.674766151112597981e+03
4.674958548564914054e+03
4.675015869698324423e+03
4.675149981787626530e+03
4.675566098817286729e+03
4.676224549137799841e+03
4.676268531644939685e+03
4.676300715441978355e+03
4.676365707578934234e+03
4.676530066924927269e+03
4.676606692300804752e+03
4.676627839069502443e+03
4.676683094552204238e+03
4.676735620794071110e+03
4.676763517035786208e+03
4.676781528371126115e+03
4.676933880233423224e+03
4.677034926703341625e+03
4.677076009577908735e+03
4.677089721526679568e+03
4.677176897321575780e+03
4.677372871725184268e+03
4.677657054128765594e+03
4.678095773834043030e+03
4.678231391482627259e+03
4.678474806275661649e+03
4.678778043635020367e+03
4.679057058235347540e+03
4.679204790293355472e+03
4.679288697958668308e+03
4.679471327955568995e+03
4.679703791134384119e+03
4.679813766678330467e+03
4.680060764127773837e+03
4.680065583318591052e+03
4.680221932335118254e+03
4.680307763246606555e+03
4.680464551913912146e+03
4.680630549038204663e+03
4.680872643427405819e+03
4.680992363516683326e+03
4.681025273541685237e+03
4.681271853099642613e+03
4.681521445554230013e+03
4.681832879955892167e+03
4.681858061227241706e+03
4.681895084212359507e+03
4.681937332663063899e+03
4.682076684067962560e+03
4.682180001030445965e+03
4.682287072765181620e+03
4.682551383891235673e+03
4.682606258364839960e+03
4.682627497538866010e+03
4.682766798830806692e+03
4.682851536734829097e+03
4.682870560169539203e+03
4.682908070812211918e+03
4.682960620495661715e+03
4.683053572870992866e+03
4.683153949227647900e+03
4.683623795461157897e+03
4.683649866216943337e+03
4.683662718977164332e+03
4.683693386652119443e+03
4.683694015454077089e+03
4.683746852129124818e+03
4.683777842482762935e+03
4.684113654556268557e+03
4.684248810784859415e+03
4.684392845680466053e+03
4.684431285946879143e+03
4.684833240124716212e+03
4.685065221589918110e+03
4.685267193962885358e+03
4.685411257403086893e+03
4.685727928581335618e+03
4.685805391780889295e+03
4.686083645130252989e+03
4.686488873412963585e+03
4.686564589167118356e+03
4.686650077252082156e+03
4.686694606936279342e+03
4.686754760523815094e+03
4.686778138968807070e+03
4.687029538033008066e+03
4.687052342986866279e+03
4.687087784189178819e+03
4.687122673649862008e+03
4.687183672428416685e+03
4.687287120234980648e+03
4.687327478155317294e+03
4.687476740936536771e+03
4.687753999815183306e+03
4.687757519121035330e+03
4.687939156576217101e+03
4.687993104993527595e+03
4.688141518218335477e+03
4.688212651330608423e+03
4.688285962194811873e+03
4.688310124080221613e+03
4.688319820668679313e+03
4.688623567748421010e+03
4.688806482788681933e+03
4.688892370269737512e+03
4.688901795557966580e+03
4.689002140633956515e+03
4.689120277810799962e+03
4.689233919931479249e+03
4.690133711862975360e+03
4.690200230224796542e+03
4.690215152492015477e+03
4.690268399644084639e+03
4.690474270593619622e+03
4.690678044602455884e+03
4.690812106539565320e+03
4.691866147913193345e+03
4.692014639079016888e+03
4.692027118975851408e+03
4.692447110719286684e+03
4.692471088669530218e+03
4.692485999614322282e+03
4.692532621332303279e+03
4.692638744059277997e+03
4.693160378266537919e+03
4.693309710147770602e+03
4.693318848684559271e+03
4.693920520999739892e+03
4.693960529634219711e+03
4.694001825947971156e+03
4.694041698104729221e+03
4.694084012501191864e+03
4.694147868338087392e+03
4.694312722437069169e+03
4.694624081170995851e+03
4.694727522161564593e+03
4.695109668148633318e+03
4.695263651248733368e+03
4.695395969167871954e+03
4.695400831740061221e+03
4.695758063325125477e+03
4.696046679617474183e+03
4.696080885760567980e+03
4.696148989148303372e+03
4.696170343910776865e+03
4.696291896460216776e+03
4.696386448739116531e+03
4.696733190535253925e+03
4.696738883969916060e+03
4.696868397122641909e+03
4.696871967974507243e+03
4.697016811937019156e+03
4.697248268995482249e+03
4.697773361115261650e+03
4.698159724630945675e+03
4.698339176047715227e+03
4.698391188686059650e+03
4.698502518215259443e+03
4.698655765713549954e+03
4.698816727010453178e+03
4.699130020836510084e+03
4.699303287439413907e+03
4.699961536589306888e+03
4.700173448589971485e+03
4.700380120636722495e+03
4.700508210635218347e+03
4.700724005058685179e+03
4.701124654397686754e+03
4.701198994800630317e+03
4.701228006513460059e+03
4.701391053928055044e+03
4.701625317181818900e+03
4.701631520104129777e+03
4.701670244940181874e+03
4.702113494316254219e+03
4.702259812482858251e+03
4.702402197606948903e+03
4.702724028104153149e+03
4.702816801503975512e+03
4.702870120512143330e+03
4.703124591585332382e+03
4.703157217101796959e+03
4.703418113036302202e+03
4.703517943921771803e+03
4.703539064723147931e+03
4.703613970864606017e+03
4.703632795056128998e+03
4.703663469717179396e+03
4.703670906257912065e+03
4.703683627284201066e+03
4.703738649400458598e+03
4.703794999594066212e+03
4.703818046433727432e+03
4.703951027927316318e+03
4.704032909529983044e+03
4.704047564027663611e+03
4.704351765131851607e+03
4.704362777346465009e+03
4.704457808965995355e+03
4.704549909609857423e+03
4.705756347720447593e+03
4.705911669831793006e+03
4.706395206457101267e+03
4.706434162878316783e+03
4.706452331016678727e+03
4.706588786970162801e+03
4.706768920908885775e+03
4.706869323315589099e+03
4.706952385030789628e+03
4.706990703642517474e+03
4.707545575837515571e+03
4.707784033027530313e+03
4.708040071789208014e+03
4.708122389609498896e+03
4.708127376104722316e+03
4.708197632516782505e+03
4.708282423930759251e+03
4.708306766698581669e+03
4.708362592211182346e+03
4.708401518879087234e+03
4.708622144576791470e+03
4.708692064715681227e+03
4.709238380168018011e+03
4.709339109918757458e+03
4.709493997182167732e+03
4.709597094024372382e+03
4.709708224212628920e+03
4.710056268249137247e+03
4.710056477788215489e+03
4.710091906165142063e+03
4.710519312226735565e+03
4.710718842762127679e+03
4.710788131897095809e+03
4.710834863149792000e+03
4.710889699063392982e+03
4.710909509992239691e+03
4.711225700592700377e+03
4.711327086443246117e+03
4.711375809640005173e+03
4.711438750839655768e+03
4.711510356678999415e+03
4.711533943991698834e+03
4.711678736932947686e+03
4.711685941254043428e+03
4.711780985313485871e+03
4.712029584558489660e+03
4.712037151319043915e+03
4.712136184183314072e+03
4.712407135199373442e+03
4.712444200379567519e+03
4.712543475941050929e+03
4.712573737519499446e+03
4.712618573971470141e+03
4.712781603500943675e+03
4.712797155832789940e+03
4.712968630014435803e+03
4.713043511278950973e+03
4.713116294231489519e+03
4.713619026422751631e+03
4.713718208541876265e+03
4.713908460686729086e+03
4.713909436912531419e+03
4.714174375225090444e+03
4.714216299196637010e+03
4.714456792260122711e+03
4.714531684085426605e+03
4.714702944036773260e+03
4.714828044746988780e+03
4.714838292143021135e+03
4.714852163086929068e+03
4.715039315009811617e+03
4.715230335263476263e+03
4.715293675902822542e+03
4.715360355339378657e+03
4.715401863032294386e+03
4.715471398494385539e+03
4.715532442420662846e+03
4.715559395436674095e+03
4.716244894942474275e+03
4.716555948159933905e+03
4.716730026906723651e+03
4.716738393101686597e+03
4.717140832989157389e+03
4.717240793649790248e+03
4.717261473842510895e+03
4.717528805669295252e+03
4.717623636957890994e+03
4.717790633798504132e+03
4.717831820510825310e+03
4.717932407432224863e+03
4.718020450906003134e+03
4.718187743171870352e+03
4.718219188153785581e+03
4.718278002991422909e+03
4.718431347710322370e+03
4.718494653148120051e+03
4.718670640737224858e+03
4.718704026387890735e+03
4.718710122848848187e+03
4.718779921750990070e+03
4.718931791200847329e+03
4.719212065308865931e+03
4.719403528555581033e+03
4.719493771175966685e+03
4.720237363097090565e+03
4.720824643301125434e+03
4.720997020565637285e+03
4.721025066273968150e+03
4.721385936075881546e+03
4.721737400140963473e+03
4.721938911580829881e+03
4.722010783495253236e+03
4.722044818109277003e+03
4.722737269264067436e+03
4.723291115201210232e+03
4.723539824549519835e+03
4.723650925605831617e+03
4.723824646971867878e+03
4.724495640336746874e+03
4.724518906862923359e+03
4.724675292143555453e+03
4.724734673707761431e+03
4.724857982642372917e+03
4.724996095313992555e+03
4.725045084389555086e+03
4.725157194209024965e+03
4.725243414412331731e+03
4.725344510346774769e+03
4.725539683355612397e+03
4.725562873310756913e+03
4.725646467677299370e+03
4.726051170332192669e+03
4.726141045130563725e+03
4.726284699910564996e+03
4.726312786657473225e+03
4.726493619944749298e+03
4.726528190189444103e+03
4.726601678851191537e+03
4.726648397104264404e+03
4.726899535944047784e+03
4.726943303652124087e+03
4.726965798017345151e+03
4.726986836426983245e+03
4.727098427846896811e+03
4.727103560324208047e+03
4.727145174092232082e+03
4.727188671621357571e+03
4.727252946845551378e+03
4.727297284980892073e+03
4.727357436621629859e+03
4.727438761949053514e+03
4.727536724192737893e+03
4.727638242811293821e+03
4.727845970756492534e+03
4.727868550174172924e+03
4.728167434655976649e+03
4.728333176545577771e+03
4.728404896860867666e+03
4.728541576486485610e+03
4.728621496031917559e+03
4.728795767626842462e+03
4.728796046973445300e+03
4.728884663553468272e+03
4.729089574664139946e+03
4.729094109756965736e+03
4.729227900063894594e+03
4.729266145152692843e+03
4.729273686255713983e+03
4.729454367965994606e+03
4.729986799552345474e+03
4.730103758994230702e+03
4.730183490316094321e+03
4.730756036998778654e+03
4.730845616194676040e+03
4.731445462445077283e+03
4.731463937193712809e+03
4.731500431893223322e+03
4.731541640543470749e+03
4.731645751442239089e+03
4.731927042485133825e+03
4.731991212034312412e+03
4.732103803943775347e+03
4.732416486782802167e+03
4.732543823318578688e+03
4.732557230788172092e+03
4.732594726164113126e+03
4.732696390597810023e+03
4.732845559231686821e+03
4.732917410595818183e+03
4.732992022311786968e+03
4.733030481405021419e+03
4.733058098069484004e+03
4.733148358861678389e+03
4.733518684305963689e+03
4.733882592762739478e+03
4.733945602686942948e+03
4.733988660716633603e+03
4.734283445685146035e+03
4.734447072977571224e+03
4.734523757644582474e+03
4.735177583742566640e+03
4.735218533948544064e+03
4.735332462621218838e+03
4.735560860373847390e+03
4.735734645118126537e+03
4.735740139556392023e+03
4.735854800759463615e+03
4.735910215788509049e+03
4.735995754822904019e+03
4.736087043143712435e+03
4.736197751237218654e+03
4.736359415875663217e+03
4.736565552602476600e+03
4.736574529532541419e+03
4.736605928769427010e+03
4.736790134732445040e+03
4.736800044702165906e+03
4.736960432213923013e+03
4.736973600510853430e+03
4.737122242764896328e+03
4.737665109946605298e+03
4.737666704173178914e+03
4.737898095417753211e+03
4.738077359160696687e+03
4.738115227735564076e+03
4.738248812651282606e+03
4.738365688326512100e+03
4.738542216753457069e+03
4.738586113439167093e+03
4.738674074938297963e+03
4.738674550962685316e+03
4.738791973065690399e+03
4.738890055790298902e+03
4.739096296427695961e+03
4.739466354476404376e+03
4.739548789081173709e+03
4.739606211279108720e+03
4.739631548734388161e+03
4.739779789787990012e+03
4.739873593230600818e+03
4.740362970073088945e+03
4.740686644909106690e+03
4.740802743757885764e+03
4.740937249853711364e+03
4.741691077582475373e+03
4.741778446024607547e+03
4.742211281937747117e+03
4.742509407053044924e+03
4.742538086843144811e+03
4.742730965046914207e+03
4.742841962884630448e+03
4.742973936091827454e+03
4.743020792468768377e+03
4.743061754851000842e+03
4.743246161351445153e+03
4.743306506787667786e+03
4.743671861582623933e+03
4.743931514133253586e+03
4.744205020655978842e+03
4.744215577926428523e+03
4.744220071785380242e+03
4.744220486216004247e+03
4.744325759164402371e+03
4.744437600490769000e+03
4.745023583841804793e+03
4.745249476957699699e+03
4.745259724787436426e+03
4.745374387813999419e+03
4.745463600411138941e+03
4.745562773971651040e+03
4.745749350028869230e+03
4.745769173052030965e+03
4.745800125689658671e+03
4.746188218025710739e+03
4.746333158322454437e+03
4.746337087835317107e+03
4.746337831345554150e+03
4.746493979149349798e+03
4.746908492638729513e+03
4.746926258702063933e+03
4.747117285841096418e+03
4.747682601752278060e+03
4.747701433793843535e+03
4.747877318799620298e+03
4.747880744958773903e+03
4.748084707525233171e+03
4.748373618644719500e+03
4.748669133592763501e+03
4.748678967357903275e+03
4.749054889985308364e+03
4.749338165015323284e+03
4.749397221385574994e+03
4.749424986579093456e+03
4.749492012050799531e+03
4.749612221765632967e+03
4.749667735051171803e+03
4.749827600535813872e+03
4.749917082379263775e+03
4.749962837073078845e+03
4.750174980138311184e+03
4.750197228629728670e+03
4.750336264467508954e+03
4.750342123038788486e+03
4.750439547773981758e+03
4.750490864844356111e+03
4.750573664321400429e+03
4.750660650380449624e+03
4.750941957499790988e+03
4.750978133739285113e+03
4.751013216175038906e+03
4.751077298972787503e+03
4.751171999854637761e+03
4.751318729586796508e+03
4.751447760420325721e+03
4.751501346178015410e+03
4.751597146347737180e+03
4.751736480931849655e+03
4.751870011942626661e+03
4.752134874491641312e+03
4.752160763984757978e+03
4.752649809018414999e+03
4.752674875559770044e+03
4.752999706467580836e+03
4.753321683687619952e+03
4.753327899936026370e+03
4.753625760510230975e+03
4.753687890034505472e+03
4.753904633959927196e+03
4.754034908150648334e+03
4.754103610616724836e+03
4.754147237100932216e+03
4.754283412264694562e+03
4.754304359388665034e+03
4.754576297109263578e+03
4.754625810169570286e+03
4.754739674396552800e+03
4.754765743408231174e+03
4.755089620971537443e+03
4.755327564669642925e+03
4.755384663664959589e+03
4.755431608899334606e+03
4.755551042645680354e+03
4.755664262016894099e+03
4.755709604778612629e+03
4.755886834102124340e+03
4.755895190709041344e+03
4.755904067696377751e+03
4.756280307797259411e+03
4.756369550682372392e+03
4.756382268820011632e+03
4.756446015897656252e+03
4.756475087567931041e+03
4.756594339308881899e+03
4.756645786408786989e+03
4.756880296057224768e+03
4.756889798014834923e+03
4.757276302728720111e+03
4.757385583620701254e+03
4.757387236619252690e+03
4.757398566818207655e+03
4.757487400665932000e+03
4.757506816547728704e+03
4.757625377757267415e+03
4.757644174402456883e+03
4.757713898911996694e+03
4.757754659823332986e+03
4.757858311574246727e+03
4.757918635050669764e+03
4.758153445976233343e+03
4.758181347104912675e+03
4.758279144773609005e+03
4.758374815554919223e+03
4.758532151936806258e+03
4.758625225752069127e+03
4.758721305687926360e+03
4.758802221099566850e+03
4.759032940053099992e+03
4.759086900275986409e+03
4.759397734166967894e+03
4.759628821524805971e+03
4.759710297697200986e+03
4.760311637930006327e+03
4.760324217024519385e+03
4.760497189095110116e+03
4.760588451153108508e+03
4.760627169160976337e+03
4.760802032372206668e+03
4.760930570404178070e+03
4.760943709744176886e+03
4.761016557932784963e+03
4.761031637503231650e+03
4.761123248567490009e+03
4.761243127432685469e+03
4.761267537140342029e+03
4.761356113905095299e+03
4.761485053898654769e+03
4.761608920452859820e+03
4.761739656977561935e+03
4.761838897523833111e+03
4.761884619122700315e+03
4.762015249311314619e+03
4.762067880681784118e+03
4.762100596695399872e+03
4.762216968941693267e+03
4.762231138819863190e+03
4.762275563005300683e+03
4.762288968066652160e+03
4.762410595298013504e+03
4.762479997305194956e+03
4.762493117587235247e+03
4.762496848507326831e+03
4.762510359373577558e+03
4.762598724791372661e+03
4.762861008667495298e+03
4.762981583511179451e+03
4.763054332246233571e+03
4.763075679561254219e+03
4.763146470111358212e+03
4.763327502657819423e+03
4.763349781072744008e+03
4.763609275147822700e+03
4.763916159918064295e+03
4.764039406030092323e+03
4.764224573122256515e+03
4.764359201866692274e+03
4.764614455802309749e+03
4.764822622862124263e+03
4.765010489409273760e+03
4.765348960438159338e+03
4.765404713226505919e+03
4.765777101125040645e+03
4.765822190128657894e+03
4.765912915387318208e+03
4.765969233789345708e+03
4.766020317583771430e+03
4.766326052824196267e+03
4.766345434489499894e+03
4.766592800808886750e+03
4.766607964435439499e+03
4.766727719474688456e+03
4.766791417148465371e+03
4.766908117598268291e+03
4.766920600434917105e+03
4.766979316767029559e+03
4.766989760624004703e+03
4.767034540892942459e+03
4.767200002767572187e+03
4.767436161943424850e+03
4.767436519366911853e+03
4.767633604707324594e+03
4.767838781876966095e+03
4.767970844162983667e+03
4.768033039612879293e+03
4.768094594727143885e+03
4.768216381561165690e+03
4.768290867995594454e+03
4.768361655672177221e+03
4.768473192769400157e+03
4.768531867719028014e+03
4.768695369120575378e+03
4.768715752424400307e+03
4.768739657252652250e+03
4.768808509597497505e+03
4.769111554875205002e+03
4.769927884610477122e+03
4.769994983063596010e+03
4.770289048811629073e+03
4.770367206893336515e+03
4.770416057043196815e+03
4.770419982368770434e+03
4.770496016013811641e+03
4.770522502812192215e+03
4.770551494932501555e+03
4.770832814329363828e+03
4.770870303349011010e+03
4.770900325545449050e+03
4.771067791109184327e+03
4.771130178419732147e+03
4.771327602695145288e+03
4.771342178184386285e+03
4.771478855094544997e+03
4.771523438338344022e+03
4.771526437016479576e+03
4.771611956478728644e+03
4.771640607641224960e+03
4.771646843247397555e+03
4.771785575758392952e+03
4.771876271021360481e+03
4.771906263328693967e+03
4.772061849545715631e+03
4.772367180123849721e+03
4.772410462900716084e+03
4.772477566403119454e+03
4.772666232115940147e+03
4.772791243921814385e+03
4.772915493572332707e+03
4.773066510423093860e+03
4.773183752211781211e+03
4.773225543821444262e+03
4.773370293094401859e+03
4.773376845550286816e+03
4.773436201036452076e+03
4.773479065968082068e+03
4.773668886599880352e+03
4.774144439500863882e+03
4.774479570531088939e+03
4.774552901155979271e+03
4.774641896272054510e+03
4.774643064365499413e+03
4.775093624705550610e+03
4.775106513564166562e+03
4.775227755841350699e+03
4.775257418169104312e+03
4.775340762062875001e+03
4.775859188673849530e+03
4.775881025826431141e+03
4.776518226159319966e+03
4.776586689039824705e+03
4.776627796071699777e+03
4.776639397658823327e+03
4.776669260951618526e+03
4.777223341588281073e+03
4.777244384741009526e+03
4.777294906502228514e+03
4.777383759699891925e+03
4.777386845352758428e+03
4.777424242759308981e+03
4.777658796494068156e+03
4.777663297758666886e+03
4.777967134542551321e+03
4.778012251301726792e+03
4.778152451320796899e+03
4.778226850944828584e+03
4.778343018494309035e+03
4.778390718536113127e+03
4.778402622532365967e+03
4.778465038694278519e+03
4.778556622512728609e+03
4.778684020671787039e+03
4.778722908077046668e+03
4.778734905807397809e+03
4.778784195505742900e+03
4.779127047953633337e+03
4.779168608110671812e+03
4.779379988220401174e+03
4.779648515764090007e+03
4.779804570708151005e+03
4.779888764570123385e+03
4.780367421762984122e+03
4.780565343051262971e+03
4.780786546118581100e+03
4.780902826019468193e+03
4.781006378000144650e+03
4.781032184856900130e+03
4.781133748176441259e+03
4.781143490044536520e+03
4.781257796027874974e+03
4.781348162097714521e+03
4.781396359637848946e+03
4.781538615937401119e+03
4.781576657453189000e+03
4.782052818990317064e+03
4.782094845971779250e+03
4.782120411678655728e+03
4.782259064368408872e+03
4.782342100543752167e+03
4.782571491851498649e+03
4.782592329643077392e+03
4.782700348480510911e+03
4.782703052301407297e+03
4.782831600331583104e+03
4.782914643191285904e+03
4.783090101194547969e+03
4.783450635906221578e+03
4.783515166018381024e+03
4.783535252202764241e+03
4.783556573927863610e+03
4.783556928338101898e+03
4.783892669762516562e+03
4.783969152893622777e+03
4.784037351684486566e+03
4.784126264092667043e+03
4.784185296926930278e+03
4.784280750482316762e+03
4.784596847311969213e+03
4.784848629521748080e+03
4.784861231134095760e+03
4.784986502799661139e+03
4.785085215051145497e+03
4.785474092831960661e+03
4.785481068749936640e+03
4.785690415380331615e+03
4.785735378943915748e+03
4.785747390130297390e+03
4.785841154474752329e+03
4.785904852812132958e+03
4.785921830586640681e+03
4.785933325584579507e+03
4.785953261478941386e+03
4.786030747427350434e+03
4.786204741235756046e+03
4.786277532454592802e+03
4.786303785486989909e+03
4.786391254008016404e+03
4.786529566849705589e+03
4.786686413934407028e+03
4.787299042442691643e+03
4.787345797143977506e+03
4.787475351669751035e+03
4.787713199061422529e+03
4.787831878722349757e+03
4.787950314419663300e+03
4.788003797175815635e+03
4.788075697560430854e+03
4.788687462501776281e+03
4.789509486872975685e+03
4.789645697102379927e+03
4.789737459032090555e+03
4.789922788837028747e+03
4.790095505408411555e+03
4.790343641097457294e+03
4.790357977224424758e+03
4.790857956997201654e+03
4.790946235572311707e+03
4.791389238091977859e+03
4.791420554582593468e+03
4.791628797963693614e+03
4.791754344647923062e+03
4.791856981413102403e+03
4.791893214126091152e+03
4.792057965551175585e+03
4.792209367491619560e+03
4.792272757656521208e+03
4.792461760029373181e+03
4.792681490576733268e+03
4.792794935817734768e+03
4.792923966715216920e+03
4.792944832860261158e+03
4.793091316387878578e+03
4.793172469500134866e+03
4.793289700965141492e+03
4.793480845799696908e+03
4.793548339401537305e+03
4.793774483610595780e+03
4.793778559682592459e+03
4.793825961941355672e+03
4.793826154103279805e+03
4.794413131297858854e+03
4.794424716550099220e+03
4.794612026277294717e+03
4.794613386835915662e+03
4.794883476486066684e+03
4.794972430941719722e+03
4.795249487844964278e+03
4.795461469834081072e+03
4.795481360691259397e+03
4.795562197773328080e+03
4.795788090634605396e+03
4.795792295305655898e+03
4.795854093482608732e+03
4.795895052681604284e+03
4.796038978253968708e+03
4.796074114265463322e+03
4.796461047818092084e+03
4.796755249309829196e+03
4.796799986048482424e+03
4.796967648671962706e+03
4.797057536775501831e+03
4.797240406783781509e+03
4.797599102704455618e+03
4.797776962780153553e+03
4.797951236879499447e+03
4.798011836448052236e+03
4.798050468118712161e+03
4.798131930830379133e+03
4.798443908791131435e+03
4.798843572637257239e+03
4.799020131088314884e+03
4.799254123698568947e+03
4.799335316346019681e+03
4.799374540323686233e+03
4.799568074545520176e+03
4.799583428111236572e+03
4.799625010317395208e+03
4.799800536849335003e+03
4.799901961572627442e+03
4.800361084172704977e+03
4.800400091847237491e+03
4.800425466040174797e+03
4.800561823175750760e+03
4.800758264949572549e+03
4.801051399059317191e+03
4.801053255273194736e+03
4.801230435129050420e+03
4.801284527350831013e+03
4.801439947445211146e+03
4.801826259292676696e+03
4.801838594194104189e+03
4.802175728404543406e+03
4.802353476372187288e+03
4.802430282494196945e+03
4.802491452336998918e+03
4.802761700217192811e+03
4.802772694374323692e+03
4.802867455844420874e+03
4.802875692043317940e+03
4.803027121506564072e+03
4.803289774816934369e+03
4.803429803001661639e+03
4.803487980385610172e+03
4.803777783800248471e+03
4.803797348545248497e+03
4.804033213195024473e+03
4.804097350927823754e+03
4.804097965030587147e+03
4.804103295331393383e+03
4.804473079246442467e+03
4.804624487534521904e+03
4.804624549822961853e+03
4.804694195382619910e+03
4.804850861986355994e+03
4.804961834786962754e+03
4.805151897198710685e+03
4.805269636711190287e+03
4.805335542378745231e+03
4.805504598502089721e+03
4.805530262910222518e+03
4.805769511037027769e+03
4.805789739668095535e+03
4.805791325015359689e+03
4.805963972609184566e+03
4.806102249320279952e+03
4.806416654002523501e+03
4.806431959986934089e+03
4.806704036528057259e+03
4.807050726845497593e+03
4.807396816712067448e+03
4.807399106489403493e+03
4.807788305506176584e+03
4.807794688117734040e+03
4.808031175710938442e+03
4.808288926742524382e+03
4.808479410314993402e+03
4.808485478487294131e+03
4.808640411170799780e+03
4.808657374000837081e+03
4.808934236196276288e+03
4.809126694317985311e+03
4.809437158573808119e+03
4.809460388439367307e+03
4.809664608135111848e+03
4.809744396610768490e+03
4.809952247326732504e+03
4.810067754494175460e+03
4.810422643776698351e+03
4.810471757721932590e+03
4.810494562054846028e+03
4.810494746492418926e+03
4.810548213986591691e+03
4.810665563264716184e+03
4.810796948660600719e+03
4.810875695254438142e+03
4.810876468632458455e+03
4.810970943708887717e+03
4.811152586414893449e+03
4.811399351191422284e+03
4.811680112186811130e+03
4.811691709190527035e+03
4.811773072812164173e+03
4.811817048866905679e+03
4.811941704966626276e+03
4.812005892221702197e+03
4.812131649363798715e+03
4.812680698270780340e+03
4.812708579585834741e+03
4.812964109864999045e+03
4.813019008246815247e+03
4.813068204171726393e+03
4.813304058586079918e+03
4.813568889276064510e+03
4.813755605512410511e+03
4.813779009668726758e+03
4.813905980830283625e+03
4.813990770138477274e+03
4.814343319110744233e+03
4.814716071776338140e+03
4.815043206921543060e+03
4.815063936437271877e+03
4.815172669823703473e+03
4.815381099738946432e+03
4.815498652748697168e+03
4.815655497589908919e+03
4.815801999548909407e+03
4.815847393345240562e+03
4.815891871813830221e+03
4.816109156381812682e+03
4.816323038325052948e+03
4.816356767663483879e+03
4.816361898202545490e+03
4.816486036160587901e+03
4.816647216321318410e+03
4.816751466262941904e+03
4.816789667178602031e+03
4.816794085458505833e+03
4.816984491940416774e+03
4.817413901105551304e+03
4.817529297256372956e+03
4.817857859061547060e+03
4.818165676872377844e+03
4.818230780518872052e+03
4.818343854314305645e+03
4.818695317514755516e+03
4.818734806700034824e+03
4.818995774091696148e+03
4.819147810412913714e+03
4.819162735158566647e+03
4.819176949257581327e+03
4.819240575671215083e+03
4.819258645799343867e+03
4.819270574417226271e+03
4.819312465054511449e+03
4.819399663155170856e+03
4.819431659857560589e+03
4.819924921344430913e+03
4.819947238552429553e+03
4.819986626210238683e+03
4.820505514455169759e+03
4.820874535063073381e+03
4.820877554218892328e+03
4.821058983422313759e+03
4.821160288571196361e+03
4.821513156265479665e+03
4.821542263633640687e+03
4.821681603676571285e+03
4.821693172431837411e+03
4.821804646752243571e+03
4.821805173300786919e+03
4.821952529630400932e+03
4.822008227855076257e+03
4.822085478460104241e+03
4.822235752315787067e+03
4.822251789085476958e+03
4.822299261706073594e+03
4.822483203809549195e+03
4.822581672301081198e+03
4.822596429650221580e+03
4.822606468868667434e+03
4.822985944178894897e+03
4.823188047945140170e+03
4.823246187040725090e+03
4.823294374605987286e+03
4.823299758533506065e+03
4.823301723981851865e+03
4.823361019291909543e+03
4.823432906625346732e+03
4.823605097082569046e+03
4.823634621301173866e+03
4.823929027635321290e+03
4.824260923749631729e+03
4.824417094989895304e+03
4.824511187880668331e+03
4.824705897101027404e+03
4.824965310822020911e+03
4.825142530046149659e+03
4.825170762548459606e+03
4.825185498449935039e+03
4.825400944282587261e+03
4.825402846572806993e+03
4.825427841982596874e+03
4.825610633797969967e+03
4.825699258214091969e+03
4.825976207453804818e+03
4.826493816365573366e+03
4.826774925490974965e+03
4.826843514894725558e+03
4.826995666904886093e+03
4.827175607263830898e+03
4.827269670442364259e+03
4.827375170784673173e+03
4.827392663273448306e+03
4.827491461552718647e+03
4.827581380776251535e+03
4.827772820115629656e+03
4.827853525959186300e+03
4.827964177767809815e+03
4.827978036054249969e+03
4.828047708475196487e+03
4.828117459817915005e+03
4.828266713624252588e+03
4.828282793369680803e+03
4.828337115380615614e+03
4.828449131653230324e+03
4.828479602869685550e+03
4.828700613128463374e+03
4.828875174971317392e+03
4.829625890604506822e+03
4.829659901536804682e+03
4.829716930264796247e+03
4.829898345819374299e+03
4.829928901211440461e+03
4.830099315963620938e+03
4.830266640631757582e+03
4.830322947711522829e+03
4.830337556454497644e+03
4.830345317375528793e+03
4.830471643093398598e+03
4.830472363270614551e+03
4.830775368099306434e+03
4.830842568520755776e+03
4.830849844819247664e+03
4.830905758332662117e+03
4.830990143343983618e+03
4.831049251078070483e+03
4.831352268792817085e+03
4.831481754098384954e+03
4.831672692665839350e+03
4.831733672068219676e+03
4.831891746393885114e+03
4.832077680734173555e+03
4.832170740530857074e+03
4.832371715166892500e+03
4.832829121450793536e+03
4.832917140374135670e+03
4.832957927115819984e+03
4.833006372897442816e+03
4.833083018482970147e+03
4.833150405368306565e+03
4.833224552349152873e+03
4.833315733313433157e+03
4.833394296443265375e+03
4.833480959835567774e+03
4.833660410029692684e+03
4.833663461774181997e+03
4.833681827498672646e+03
4.833782144711793080e+03
4.833809358131497902e+03
4.833966194980034743e+03
4.834028228023752490e+03
4.834066363153047860e+03
4.834181454938395291e+03
4.834188594407445635e+03
4.834215089311619522e+03
4.834274535977417145e+03
4.834963382999590067e+03
4.835775050304439901e+03
4.835789874180543848e+03
4.836114889432386008e+03
4.836221505812695796e+03
4.836304715024594771e+03
4.836341572154670757e+03
4.836391411369549132e+03
4.836466988855480849e+03
4.836525599294303902e+03
4.836616130124394658e+03
4.836625626495369943e+03
4.836822016402385998e+03
4.836862673968245872e+03
4.836976685985264339e+03
4.837349669480384364e+03
4.838161235801334442e+03
4.838440512075157130e+03
4.838740921219899974e+03
4.838755175342625080e+03
4.838820900179570344e+03
4.839056804760240993e+03
4.839136046153208554e+03
4.839304366330084122e+03
4.839968024395306202e+03
4.840067479759045455e+03
4.840271525728123379e+03
4.840337112230119601e+03
4.840462453922414170e+03
4.840613578803330711e+03
4.840852242708471749e+03
4.841008522346711288e+03
4.841064095907548108e+03
4.841089537142788686e+03
4.841117905060974408e+03
4.841120382762134795e+03
4.841408282681369201e+03
4.841758984025065729e+03
4.841931498328048292e+03
4.842080164037750365e+03
4.842097055930347778e+03
4.842223009017346158e+03
4.842243558627899802e+03
4.842265536171119493e+03
4.842835455041868954e+03
4.842959251164073066e+03
4.843073239034578364e+03
4.843396470602093359e+03
4.843569860722903286e+03
4.843587513589734044e+03
4.843827209931925609e+03
4.843912781600447488e+03
4.844054450722027468e+03
4.844386421632190832e+03
4.844484761368774343e+03
4.844490520442323941e+03
4.844778569096642059e+03
4.844829570642606086e+03
4.844891016452677832e+03
4.844902039375080676e+03
4.845046093255162305e+03
4.845134565231965098e+03
4.845219722188940978e+03
4.845221097909350647e+03
4.845237844749705800e+03
4.845402377607460039e+03
4.845795894000181761e+03
4.845841742795484606e+03
4.846089456117980262e+03
4.846123509598735836e+03
4.846192305349704839e+03
4.846635687646937185e+03
4.846702837662592174e+03
4.846775552898848218e+03
4.846878401943406971e+03
4.846990254357155209e+03
4.847306601621944537e+03
4.847471778802264453e+03
4.848214675467451343e+03
4.848281103360725865e+03
4.848349106368847970e+03
4.848484818219088993e+03
4.849092552398376938e+03
4.849211984122924150e+03
4.849234331878737066e+03
4.849265087468204001e+03
4.849279099116187354e+03
4.849686017823051770e+03
4.850210259217995372e+03
4.850226884323875311e+03
4.850284276843988664e+03
4.850367807541503680e+03
4.850522384703009266e+03
4.850570743317633969e+03
4.850856048098838983e+03
4.850898324377015342e+03
4.850914024918472933e+03
4.850933081927436433e+03
4.850951829990374790e+03
4.850964862548247766e+03
4.851069909731499138e+03
4.851129960563998793e+03
4.851453899294406256e+03
4.851591120553062865e+03
4.851665496662109945e+03
4.851718842989535915e+03
4.851735551962940008e+03
4.851796960749719801e+03
4.851876749288177962e+03
4.851937631749547108e+03
4.851961089227973389e+03
4.852061075891665496e+03
4.852091793787623828e+03
4.852139657140572126e+03
4.852307012295261302e+03
4.852323162964924450e+03
4.852552459111254393e+03
4.852653435739648558e+03
4.852684660299350071e+03
4.852984107772236712e+03
4.853121276574782314e+03
4.853162813946371898e+03
4.853482442496611839e+03
4.853559871361914702e+03
4.853611836279782437e+03
4.853806007779365245e+03
4.853858487748099833e+03
4.853953334050662306e+03
4.853954444522759331e+03
4.854291919193400645e+03
4.854315108141644487e+03
4.854318869734789587e+03
4.854374341819846450e+03
4.854446137457609439e+03
4.854449288481252552e+03
4.854742899329768989e+03
4.854759465302602621e+03
4.854808443813414669e+03
4.855039276190654164e+03
4.855121677752727919e+03
4.855184225354215414e+03
4.855239006924355635e+03
4.855483601163519779e+03
4.855549513624860992e+03
4.855770513466880402e+03
4.855786033617308021e+03
4.855788967217439676e+03
4.855802529556798618e+03
4.855924154149897731e+03
4.855953303751218300e+03
4.855967373658684664e+03
4.855969157890397582e+03
4.856009695463151729e+03
4.856042369457149107e+03
4.856072860448122810e+03
4.856073589437172814e+03
4.856143509438667934e+03
4.856153582696547346e+03
4.856452393815875439e+03
4.856455250750384039e+03
4.856504061986835040e+03
4.856518430220147820e+03
4.856579679381477945e+03
4.856674156930108438e+03
4.856705120200365855e+03
4.856800126049120991e+03
4.856804317088957760e+03
4.856908909455038156e+03
4.856929067443803433e+03
4.857215175901423208e+03
4.857509781348489923e+03
4.857566264915428292e+03
4.857702946942506060e+03
4.857772829204051959e+03
4.857826296566111523e+03
4.858216164073681284e+03
4.858297906162132676e+03
4.858388894160967538e+03
4.858580080557316251e+03
4.858709561790911721e+03
4.858751772568270098e+03
4.859275375748495208e+03
4.859294334335884741e+03
4.859520218773714987e+03
4.859838806049915547e+03
4.860066280736599765e+03
4.860255364815335270e+03
4.860261220707497159e+03
4.860292209837371956e+03
4.860433944493737727e+03
4.860511367215932296e+03
4.860539874402657006e+03
4.860743569242414196e+03
4.861221917520541865e+03
4.861279427499901431e+03
4.861280265970055552e+03
4.861387641767705645e+03
4.861446374122756424e+03
4.861577258920880922e+03
4.861688842659684269e+03
4.861805221287412678e+03
4.862125447466312835e+03
4.862366506231499443e+03
4.862558262089756681e+03
4.862622760028517405e+03
4.862825945040084662e+03
4.863126145122455455e+03
4.863193679290660839e+03
4.863263352182205381e+03
4.863311499062584517e+03
4.863441096014924369e+03
4.863456155323267922e+03
4.863458587759024340e+03
4.863471841946790846e+03
4.863594456239778083e+03
4.863637619616582015e+03
4.863786956885794098e+03
4.863875185681291441e+03
4.864003972368038376e+03
4.864034364397813079e+03
4.864038454841690509e+03
4.864176861149915567e+03
4.864188519252238621e+03
4.864427819988741248e+03
4.864497667076517246e+03
4.864599158258619354e+03
4.864662985531364029e+03
4.864777680281687026e+03
4.864932925023501411e+03
4.864947170179835666e+03
4.865027313396595673e+03
4.865177220148158995e+03
4.865245306158893072e+03
4.865299762819781790e+03
4.865318710274107616e+03
4.865339734534926720e+03
4.865755303695699695e+03
4.865810419519581046e+03
4.865925090050063773e+03
4.865977364411812232e+03
4.865980294149174370e+03
4.866038826250729471e+03
4.866499152926216084e+03
4.866758934749665968e+03
4.866903792423563573e+03
4.867049626306393293e+03
4.867517503654401480e+03
4.867796029698447455e+03
4.867880875427530555e+03
4.867899251921122413e+03
4.867939407503218717e+03
4.868030866005229655e+03
4.868137909677559946e+03
4.868157375954664531e+03
4.868525537049580635e+03
4.869126591544300936e+03
4.869245335556334794e+03
4.869342102602954583e+03
4.869352764941218084e+03
4.869590535647335855e+03
4.869778391089154866e+03
4.869915029557384514e+03
4.870018635518522387e+03
4.870073724936560211e+03
4.870222861195234145e+03
4.870321723322477737e+03
4.870363230224415929e+03
4.870478757908743319e+03
4.870484568850018150e+03
4.870508636135439701e+03
4.870597665287925338e+03
4.870692699599906518e+03
4.871078358453354667e+03
4.871123186266864650e+03
4.871139480714997262e+03
4.871144421970951043e+03
4.871194248268425326e+03
4.871286365268126247e+03
4.871618643573343434e+03
4.872096864223449302e+03
4.872439268459765117e+03
4.872462843814793814e+03
4.872501367791780467e+03
4.873010914021912868e+03
4.873036203591529556e+03
4.873335663076998571e+03
4.873352249203328029e+03
4.873442688423639993e+03
4.873443222018269807e+03
4.873748139789964625e+03
4.873937960891251350e+03
4.874074948532636881e+03
4.874143521009087635e+03
4.874152423378355707e+03
4.874560800603851021e+03
4.874612146789940198e+03
4.874669515557957311e+03
4.874805693272011013e+03
4.874904319301797841e+03
4.875111915212093663e+03
4.875163327281396050e+03
4.875241239750268505e+03
4.875499330513641326e+03
4.875527815963634566e+03
4.875629597868690325e+03
4.875803888321805061e+03
4.875850134949548192e+03
4.876051856677504475e+03
4.876275720784363330e+03
4.876302026273281626e+03
4.876427638559953266e+03
4.876464586923355455e+03
4.876569365075569294e+03
4.876925510872626546e+03
4.877022480402464680e+03
4.877134398901243912e+03
4.877202596456859283e+03
4.877223369059011929e+03
4.877361001064402444e+03
4.877551875644343454e+03
4.877592070991196124e+03
4.877666622591151281e+03
4.877699536358430123e+03
4.878242528157832567e+03
4.878250548841192540e+03
4.878320039968598394e+03
4.878592669283555551e+03
4.878694755049660671e+03
4.878736890895466786e+03
4.878844282365882464e+03
4.879071885275579916e+03
4.879602742442079943e+03
4.879641967499294879e+03
4.879660681684128576e+03
4.879723912855998606e+03
4.879868485895240156e+03
4.879965036136286471e+03
4.880203413647655907e+03
4.880253557206159712e+03
4.880639128850093584e+03
4.880807075454148617e+03
4.880950035987328192e+03
4.881001498939504017e+03
4.881140731684952698e+03
4.881216827458794796e+03
4.881380575944953307e+03
4.881438198906297657e+03
4.881445265249957629e+03
4.881625247273393143e+03
4.881674260911141573e+03
4.881759350712061860e+03
4.881876518259820841e+03
4.881908638702758253e+03
4.882015175434133198e+03
4.882197180141776698e+03
4.882252157253439691e+03
4.882371808703878742e+03
4.882718891094226819e+03
4.882776765920430989e+03
4.883070506922281311e+03
4.883212743999990380e+03
4.883376603230807632e+03
4.883547601007216144e+03
4.883612203686212524e+03
4.883651275073282704e+03
4.883718083153980842e+03
4.883996264836228875e+03
4.884118253577104952e+03
4.884308377881060551e+03
4.884466158818459007e+03
4.884480183070575549e+03
4.884547703729905152e+03
4.884612706436901135e+03
4.884749651054202332e+03
4.884787681785447603e+03
4.885153844503841356e+03
4.885409390666266518e+03
4.885440112274864987e+03
4.885472586912529550e+03
4.885529849814898625e+03
4.885589316267068170e+03
4.885719428569734191e+03
4.885964219566145402e+03
4.886206098522598950e+03
4.886465274886760199e+03
4.886648828975882680e+03
4.886666189812268385e+03
4.886674294741143967e+03
4.886687345742215257e+03
4.886821539211323397e+03
4.887123276642673773e+03
4.887195098809610499e+03
4.887287529155388256e+03
4.887301009020084166e+03
4.887454157503306305e+03
4.887497631150281450e+03
4.887517166154108054e+03
4.887546956272190073e+03
4.887653041014613336e+03
4.887698854752789885e+03
4.887699993385014750e+03
4.887733638299218910e+03
4.887817331351931898e+03
4.887850686738078366e+03
4.888043573207703957e+03
4.888304449954613119e+03
4.888339229652347967e+03
4.888613101152184754e+03
4.888781090301462427e+03
4.888797787543189770e+03
4.888846340479157334e+03
4.889011886750970007e+03
4.889124164963399380e+03
4.889135147438352760e+03
4.889190179767691916e+03
4.889203124262013262e+03
4.889336121968789485e+03
4.889459189445278753e+03
4.889719292882652553e+03
4.890158027171548383e+03
4.890177336834275593e+03
4.890427473539567472e+03
4.890533766940882742e+03
4.890826611185386355e+03
4.891043609404146082e+03
4.891254743288554891e+03
4.891480391309298284e+03
4.891727846143051465e+03
4.891740774734843399e+03
4.891817759464853225e+03
4.892518377589543888e+03
4.892526326648603572e+03
4.892582304490631032e+03
4.892653142742738055e+03
4.892776833141985662e+03
4.892904169305436881e+03
4.892931745417215097e+03
4.893004906746554298e+03
4.893006553864830494e+03
4.893211057067472211e+03
4.893253846655217785e+03
4.893357733306313094e+03
4.893373575773579432e+03
4.893751637095560909e+03
4.893883685204507856e+03
4.894021668442366717e+03
4.894042586980230226e+03
4.894163812045129816e+03
4.894294463617407928e+03
4.894363829281007384e+03
4.894406692161397586e+03
4.894556187046188825e+03
4.894571588520306250e+03
4.894584153931176843e+03
4.894646761944667560e+03
4.895122130808917063e+03
4.895439759400047478e+03
4.895482963835844203e+03
4.895639508525165184e+03
4.895655542680974577e+03
4.895815235050105912e+03
4.896376552024174089e+03
4.896405691744567775e+03
4.896956935449537923e+03
4.897040200419149187e+03
4.897073281211853100e+03
4.897098834310740131e+03
4.897154889223753344e+03
4.897365571809749781e+03
4.897617127068371701e+03
4.897640696602987191e+03
4.897793713130643482e+03
4.897821150698136989e+03
4.897855518383372328e+03
4.898046091875519778e+03
4.898157481748673490e+03
4.898160006611678909e+03
4.898264181281548190e+03
4.898431042752546091e+03
4.898481688067445248e+03
4.898505622143215078e+03
4.898577648908416450e+03
4.898913652624260976e+03
4.898919332143863357e+03
4.899093301619053818e+03
4.899107306609717853e+03
4.899272574923407774e+03
4.899507075502016050e+03
4.899652037859406846e+03
4.899796350271515621e+03
4.900114454542737803e+03
4.900152619303015854e+03
4.900264588011227715e+03
4.900273912247139378e+03
4.900514751281544704e+03
4.900642983168260798e+03
4.900774153532006494e+03
4.900823516322671821e+03
4.901078062489211334e+03
4.901198859331024323e+03
4.901356165708591107e+03
4.901544153110393381e+03
4.901591908405940558e+03
4.901708564923173071e+03
4.901869453669058203e+03
4.902032680950860595e+03
4.902067572456717244e+03
4.902360621717645699e+03
4.902729842514712800e+03
4.902779631365436217e+03
4.902880534751011510e+03
4.903146747377625616e+03
4.903188184075070239e+03
4.903350556542738559e+03
4.903462135107963149e+03
4.903466752251954858e+03
4.903561209311935272e+03
4.903618998619078411e+03
4.903791746342108127e+03
4.903948518953047824e+03
4.903973396362734093e+03
4.904057103278666546e+03
4.904108407597690530e+03
4.904150051902287487e+03
4.904219208525101749e+03
4.904301522440673580e+03
4.904428664252362069e+03
4.904698480590573126e+03
4.904827533808136650e+03
4.904834292235088469e+03
4.904896014138671489e+03
4.905194784886205525e+03
4.905210698229217996e+03
4.905215552836275492e+03
4.905365889200271340e+03
4.905458412479064464e+03
4.905548069126043629e+03
4.905738835319772079e+03
4.905742632478710220e+03
4.906539964594737285e+03
4.906634839074143201e+03
4.906826902126424102e+03
4.906850089594332530e+03
4.906874475926275409e+03
4.906925356547336378e+03
4.906966867106506470e+03
4.907425590568013831e+03
4.907510289699719578e+03
4.907628470239841590e+03
4.907749181590185799e+03
4.907769342186516951e+03
4.908019648065218462e+03
4.908035314646701408e+03
4.908113436466970597e+03
4.908328332902200600e+03
4.908372838212303577e+03
4.908443500228282574e+03
4.908493598326505889e+03
4.908687899494945668e+03
4.908973853568652885e+03
4.909147512239315802e+03
4.909515383262541945e+03
4.909621839270466808e+03
4.909936993901994356e+03
4.910000153362389938e+03
4.910603227154743763e+03
4.911001062172509592e+03
4.911241259263454594e+03
4.911352236206734233e+03
4.911368294327228796e+03
4.911425073597969458e+03
4.911568799862352535e+03
4.911701345515613866e+03
4.911978519608780516e+03
4.911991497036866349e+03
4.911994621909781927e+03
4.912300846109022132e+03
4.912455681839041063e+03
4.912512209472062750e+03
4.912649172396486392e+03
4.912727804341188858e+03
4.912765186438702585e+03
4.912844193003146756e+03
4.913045881844391261e+03
4.913097970609990625e+03
4.913446445568222771e+03
4.913451544335879589e+03
4.913726016914655702e+03
4.914432324631682604e+03
4.914610449123380931e+03
4.914874922198931927e+03
4.915052707347821524e+03
4.915322679274555412e+03
4.915719698369949583e+03
4.916165357123761169e+03
4.916200026257007266e+03
4.916269901489949916e+03
4.916274500231050297e+03
4.916297970167639505e+03
4.916353529905753931e+03
4.916510063301464470e+03
4.916528166368357233e+03
4.916749384954044217e+03
4.917225104312728035e+03
4.917383056622084041e+03
4.917399850939857970e+03
4.917508432653251475e+03
4.917825055061613057e+03
4.918030646831058220e+03
4.918102855166706831e+03
4.918239972848493380e+03
4.918381485498372058e+03
4.918694046359013555e+03
4.918700974228894665e+03
4.918782328744192455e+03
4.918982639800303332e+03
4.919145749982875714e+03
4.919236177700107874e+03
4.919597786255523715e+03
4.919650984451926888e+03
4.919891544748180422e+03
4.920178612231581610e+03
4.920209784372976173e+03
4.920397633182366917e+03
4.920576056097803303e+03
4.920645142858478721e+03
4.921119901231479162e+03
4.921206030858844315e+03
4.921208985098537596e+03
4.921278814519546358e+03
4.921354920934539223e+03
4.921396625371399750e+03
4.921656346561060673e+03
4.921803760856465487e+03
4.922059232261790385e+03
4.922200476150977920e+03
4.922380611316289105e+03
4.922480032177927569e+03
4.922702321020881755e+03
4.922848883503666002e+03
4.923101278300730883e+03
4.923233126857287061e+03
4.923269971497541519e+03
4.923312234172383796e+03
4.923312769626279078e+03
4.923368208789498567e+03
4.923403874664450086e+03
4.923559039615935944e+03
4.923569243508633008e+03
4.923587903968739738e+03
4.923897618057866566e+03
4.924024972552172585e+03
4.924093426453619031e+03
4.924283054276964322e+03
4.924449201566686497e+03
4.925001024961910844e+03
4.925256841832258942e+03
4.925356855956639265e+03
4.925698105593069158e+03
4.925760002181220443e+03
4.925816951390516806e+03
4.925896423457701530e+03
4.925960877261091809e+03
4.926018800873834152e+03
4.926040366254929722e+03
4.926161307020663116e+03
4.926204671112278447e+03
4.926228062332937952e+03
4.926401944983314934e+03
4.926601575253716874e+03
4.926904333872528696e+03
4.927301441938882817e+03
4.927405047509088035e+03
4.927460378120403220e+03
4.927592445090345791e+03
4.927728484479092003e+03
4.927800243150722963e+03
4.927830046194258102e+03
4.927845464535216706e+03
4.927884271876360799e+03
4.927916968430827183e+03
4.927965856272491692e+03
4.928070626196850753e+03
4.928089859784366126e+03
4.928160908184549953e+03
4.928224536056312900e+03
4.928235159972745350e+03
4.928307872734861121e+03
4.928569151341709585e+03
4.928690994215252431e+03
4.928714398191634245e+03
4.928802835011232673e+03
4.928864737056203012e+03
4.929214986482403219e+03
4.929409636916400814e+03
4.929510893596925598e+03
4.929704321501439154e+03
4.929792744181210765e+03
4.930014254434482609e+03
4.930062930841140769e+03
4.930135320662211598e+03
4.930271008983419051e+03
4.930326041435499064e+03
4.930495253751138989e+03
4.930503578231242500e+03
4.930681949244290081e+03
4.930886807788107944e+03
4.930934519646933950e+03
4.931279323126138479e+03
4.931528667603353824e+03
4.931628666195489131e+03
4.932160994437013869e+03
4.932408023605686139e+03
4.932741278098055773e+03
4.932861151831767529e+03
4.933138452293918817e+03
4.933243260666035894e+03
4.933314708690319094e+03
4.933630102585809254e+03
4.933754890259615422e+03
4.933789581121322044e+03
4.934050269155978640e+03
4.934213946791420312e+03
4.934844589555628772e+03
4.934903955265546756e+03
4.934906902010801787e+03
4.934918192497134442e+03
4.935349201106278997e+03
4.935400809821786424e+03
4.935630661729293934e+03
4.935940899443549824e+03
4.936155976705515968e+03
4.936179888522897272e+03
4.936471980864718716e+03
4.936480521539233450e+03
4.936503309692086987e+03
4.936515511442441493e+03
4.936764776527230424e+03
4.936831619855163808e+03
4.936872013216000596e+03
4.937068366494728252e+03
4.937094107888401595e+03
4.937372822089414512e+03
4.937630486986978212e+03
4.937674957289620579e+03
4.937831623985513943e+03
4.937876101763833503e+03
4.938019871687385603e+03
4.938199123413211055e+03
4.938497754228425038e+03
4.938760482988711374e+03
4.939053444107565156e+03
4.939065666990805767e+03
4.939148919544989440e+03
4.939240556159619700e+03
4.939361539057325899e+03
4.939388121260562912e+03
4.939790024455841376e+03
4.939857069046660399e+03
4.940097436170544825e+03
4.940099825859965676e+03
4.940152240005733802e+03
4.940351403937414943e+03
4.940418258838639304e+03
4.940419638127868893e+03
4.940425218056294398e+03
4.940573941312542047e+03
4.940620058046438317e+03
4.940704329165836498e+03
4.940773483761161515e+03
4.940940622709304080e+03
4.941129674298972532e+03
4.941162445813792147e+03
4.941228066500310888e+03
4.941371006187494459e+03
4.941375214987058825e+03
4.941738098656183865e+03
4.941812069590886495e+03
4.941910537525110158e+03
4.941928361429812867e+03
4.942059048853943750e+03
4.942061894069666778e+03
4.942107339687209787e+03
4.942135008692346673e+03
4.942418335581144675e+03
4.942695295335491210e+03
4.942767753248846930e+03
4.942944962356581527e+03
4.943889586859858355e+03
4.944315338242895450e+03
4.944320157254242076e+03
4.944393113567488399e+03
4.944406749632355968e+03
4.944504696736557889e+03
4.944572270650800419e+03
4.944886008964999746e+03
4.945006290917669503e+03
4.945104133727360022e+03
4.945197225099762363e+03
4.945433418027134394e+03
4.945575976377967891e+03
4.945648767349761329e+03
4.945682495399054460e+03
4.945927750507821656e+03
4.946082213971774763e+03
4.946232142127936640e+03
4.946344044542279335e+03
4.946384372777119097e+03
4.946472338830029003e+03
4.946501443198595553e+03
4.946568348175452229e+03
4.946781667769282649e+03
4.946799249487270572e+03
4.946868271868282136e+03
4.947033442990936237e+03
4.947035770838034296e+03
4.947137857547246313e+03
4.947143522162420595e+03
4.947320384896073847e+03
4.947342290740398312e+03
4.947484003452099387e+03
4.947582114782807366e+03
4.947990064871687537e+03
4.948139668714723484e+03
4.948485640111497560e+03
4.948909311739892473e+03
4.949173644056869307e+03
4.949381416018682103e+03
4.949821368414073731e+03
4.949946677324576740e+03
4.950027700734670361e+03
4.950148468522984331e+03
4.950208988338593372e+03
4.950226582422295905e+03
4.950510895252904447e+03
4.950981134430175189e+03
4.951253046101413020e+03
4.951373090367840632e+03
4.951535015541202483e+03
4.951938335630124129e+03
4.952358611284797917e+03
4.952447191968044535e+03
4.952700655061021280e+03
4.952734107746663540e+03
4.952967772719261120e+03
4.953078793866195156e+03
4.953397363098338246e+03
4.953446030762650480e+03
4.953631156639139590e+03
4.953685422915064009e+03
4.953805186034982398e+03
4.953816960322065825e+03
4.953820941085567938e+03
4.954297943672957445e+03
4.954430212222632690e+03
4.954484205454333278e+03
4.954720856512213686e+03
4.954815246702537479e+03
4.954901945651497954e+03
4.954996046778373056e+03
4.955040178407187341e+03
4.955294426705281694e+03
4.955494534560756620e+03
4.955522263420372838e+03
4.955835829955266490e+03
4.955922745931180543e+03
4.956026981281750523e+03
4.956122629404779218e+03
4.956186739551435494e+03
4.956381242067560379e+03
4.956426612704497529e+03
4.956622071341200353e+03
4.957192260805713886e+03
4.957285795012425297e+03
4.957689308400111258e+03
4.958024924964223828e+03
4.958189739938638013e+03
4.958254355966563708e+03
4.958372948383177572e+03
4.958417526567637651e+03
4.958969752741501907e+03
4.959300938922889145e+03
4.959343389769399437e+03
4.959359638272453594e+03
4.959635958061411657e+03
4.959719606168074279e+03
4.959754460926956199e+03
4.960052575840353711e+03
4.960116198405624345e+03
4.960522124933764644e+03
4.960657764808679531e+03
4.960928863769507188e+03
4.961136224486022002e+03
4.961200447452923072e+03
4.961207324768062790e+03
4.961294539196303958e+03
4.961351346944792567e+03
4.961376909380365760e+03
4.961475823903429955e+03
4.961769158200944730e+03
4.961851972195288909e+03
4.961984468166415354e+03
4.962019714585251677e+03
4.962309086718843901e+03
4.962366188409868300e+03
4.962492452349915766e+03
4.962610615651835360e+03
4.962628952759495405e+03
4.962733741823161836e+03
4.962810374176993719e+03
4.963046837312590469e+03
4.963271027283125477e+03
4.963570715497672609e+03
4.963672304023633842e+03
4.963710904809884596e+03
4.963954112610361335e+03
4.964171228363785303e+03
4.964321233297282561e+03
4.964615881674914817e+03
4.964681603555602123e+03
4.964775381413368450e+03
4.964782502438474694e+03
4.964900900701107275e+03
4.964996524759785643e+03
4.965088656954938415e+03
4.965129116384136069e+03
4.965309405804046946e+03
4.965399164907690647e+03
4.965525264881865041e+03
4.965548467267075466e+03
4.965664520416388768e+03
4.965824234279010852e+03
4.965882224456775475e+03
4.965884068073367416e+03
4.965892675805232102e+03
4.966020008050024444e+03
4.966502725942455072e+03
4.966655600010778471e+03
4.966834662446163748e+03
4.967067191481928603e+03
4.967203519414940274e+03
4.967242364692696356e+03
4.967255479400182594e+03
4.967298374286724538e+03
4.967384622430344280e+03
4.967414692688846117e+03
4.967482957321174581e+03
4.967554845948247930e+03
4.967604433181169952e+03
4.967617022463765352e+03
4.967952328675197350e+03
4.967989244143753240e+03
4.968081022679091802e+03
4.968142044652050572e+03
4.968156655468526878e+03
4.968333032630520393e+03
4.968489759985313867e+03
4.968569430900427506e+03
4.968684750830257144e+03
4.968810601611320635e+03
4.968831021240459449e+03
4.968894451354579360e+03
4.969454751299872441e+03
4.969505330671832780e+03
4.969633049869602473e+03
4.969661674385897641e+03
4.969855795295212374e+03
4.969917216189329338e+03
4.970149363888761400e+03
4.970347827419875102e+03
4.970462502236247019e+03
4.970630730756863159e+03
4.970645619529948817e+03
4.970912355170979936e+03
4.971423417913269986e+03
4.971491916981044596e+03
4.971938376981769579e+03
4.971966887266873528e+03
4.972248599882875169e+03
4.972310917271704056e+03
4.972330127188907682e+03
4.972426707196621464e+03
4.972533770081808143e+03
4.972868823533380237e+03
4.973219780139927025e+03
4.973766010568267120e+03
4.974052910938959940e+03
4.974065689107162143e+03
4.974228327585676197e+03
4.974336719978716246e+03
4.974355602819634441e+03
4.974401765079689540e+03
4.974415468600953318e+03
4.974452492887221524e+03
4.974537379433312708e+03
4.974636411245950512e+03
4.974765508915380451e+03
4.974816442795133298e+03
4.974860808357612768e+03
4.975024630578037431e+03
4.975480835501713955e+03
4.975654212744323559e+03
4.975804913243488954e+03
4.975909242396885929e+03
4.976026439007416229e+03
4.976210033837245646e+03
4.976593100914818933e+03
4.976607516109021162e+03
4.976638358754068577e+03
4.976711682182502045e+03
4.976851615252627198e+03
4.977196567982592569e+03
4.977434979432907312e+03
4.977458639206612133e+03
4.977500646178051284e+03
4.977733632237123857e+03
4.977745921389577234e+03
4.977797594365633813e+03
4.977886281878220871e+03
4.977931786533649756e+03
4.977977841052613257e+03
4.977981327896397488e+03
4.978082047814750695e+03
4.978342156473785508e+03
4.978490507202441222e+03
4.978742259716990702e+03
4.978782478719211213e+03
4.978841418508960487e+03
4.978848839373203191e+03
4.978869323952704690e+03
4.978923007975394285e+03
4.978998872079744615e+03
4.979021658833972651e+03
4.979697027189307846e+03
4.979752690563173019e+03
4.979905894268417796e+03
4.980037181981849244e+03
4.980323039701917878e+03
4.980392509144411633e+03
4.980410288097020384e+03
4.980412863432948143e+03
4.980441330264362477e+03
4.980646291837936587e+03
4.980818940152280447e+03
4.980987453183604885e+03
4.981093357351795930e+03
4.981221630179718886e+03
4.981620111586003077e+03
4.981658782467381570e+03
4.981671082168179055e+03
4.982049428674119554e+03
4.982206915043323534e+03
4.982391350279448488e+03
4.982606628158795502e+03
4.982671458309011541e+03
4.982994447844341266e+03
4.983192825276493750e+03
4.983224548486292406e+03
4.983364299359648612e+03
4.983391655116615766e+03
4.983644946484017055e+03
4.983856432189008956e+03
4.983856608469595812e+03
4.983893202476808256e+03
4.983921692964814611e+03
4.983936592122468028e+03
4.983985004052569820e+03
4.984017128419081928e+03
4.984037227989377243e+03
4.984209359534595023e+03
4.984213082091769138e+03
4.984323002795149478e+03
4.984344302460895051e+03
4.984480253375144457e+03
4.984522002005553077e+03
4.984737765630415197e+03
4.984753168326370542e+03
4.984829568644806386e+03
4.984887537076338049e+03
4.984943807562372967e+03
4.985013699230140446e+03
4.985065734978245018e+03
4.985412843624526431e+03
4.985579088450330346e+03
4.985762377508946884e+03
4.986167758625699207e+03
4.986337589727248996e+03
4.986340022054499059e+03
4.986977252901939210e+03
4.987300657965362007e+03
4.987355404609304060e+03
4.987367590775218559e+03
4.987619288964123371e+03
4.987700154189477871e+03
4.988056086376060193e+03
4.988074883794168272e+03
4.988197340856951087e+03
4.988231702304645296e+03
4.988289106470536353e+03
4.988425042971430230e+03
4.988454781353106227e+03
4.988548629026719027e+03
4.988658175603351083e+03
4.989126524450676698e+03
4.989442070139824864e+03
4.989597403239440609e+03
4.989720268540559118e+03
4.989932046815319154e+03
4.990136525863500538e+03
4.990331982350505314e+03
4.990335941926680789e+03
4.990485454728294826e+03
4.990507369842483058e+03
4.990903294595426814e+03
4.990904437580116792e+03
4.991191447928496927e+03
4.991217255111990198e+03
4.991609728464951331e+03
4.991621776886770931e+03
4.991817265770900121e+03
4.991885019729618762e+03
4.992335839515593761e+03
4.992841052634862535e+03
4.992879362448227766e+03
4.992953585060969090e+03
4.993182691600773069e+03
4.993272420247794798e+03
4.993415051344422864e+03
4.993529233692795970e+03
4.993774957921654277e+03
4.993803087284009962e+03
4.993979185140740810e+03
4.994450414693863422e+03
4.994549279264161669e+03
4.994713340180464002e+03
4.994772819851391432e+03
4.995592114176888572e+03
4.995806711802277277e+03
4.995981469749823191e+03
4.996029577252308627e+03
4.996068217663558244e+03
4.996139852800085464e+03
4.996141397815299570e+03
4.996375440057438027e+03
4.996449407518201042e+03
4.996471590635349457e+03
4.996478320431640896e+03
4.996507408921526803e+03
4.996678185373451925e+03
4.996844914350949693e+03
4.996923940268901788e+03
4.996986584841938566e+03
4.996997086986853901e+03
4.997046691954263224e+03
4.997067970396405144e+03
4.997217911848399126e+03
4.997333522171453296e+03
4.997385248435823996e+03
4.997650410107651624e+03
4.997738973786948009e+03
4.997819723971610983e+03
4.997919459678227213e+03
4.997977288577718355e+03
4.998000781372379606e+03
4.998308117470310208e+03
4.998432251535232353e+03
4.998529546418219070e+03
4.998567166410270147e+03
4.998575319047377889e+03
4.998728992026405649e+03
4.998749061955283651e+03
4.999037496904828004e+03
4.999312623255468679e+03
4.999523231999528434e+03
4.999561231044320266e+03
4.999621437791476637e+03
4.999891596938487965e+03
4.999927984244674008e+03
5.000358066671904453e+03
5.000471105093202823e+03
5.000477831162452276e+03
5.000670031685584945e+03
5.000916902349345037e+03
5.000982784009130228e+03
5.001055640223362388e+03
5.001079106048277936e+03
5.001492876436483130e+03
5.001644606079722507e+03
5.001667614164152837e+03
5.001794621829711105e+03
5.001885120073910912e+03
5.002017473734748819e+03
5.002026240074061207e+03
5.002125193877657694e+03
5.002183334721907158e+03
5.002207853737840196e+03
5.002270968488459403e+03
5.002332321410060104e+03
5.002543156333154911e+03
5.002597058042149911e+03
5.002606388102597521e+03
5.003454775376720136e+03
5.003505188836506022e+03
5.003528000102621263e+03
5.003561773264313160e+03
5.003711149626731640e+03
5.003720729693090107e+03
5.003822567278539282e+03
5.003852406820966280e+03
5.003902539342190721e+03
5.003961862184152778e+03
5.004018308492050892e+03
5.004064011280100203e+03
5.004341309721717153e+03
5.004454360632701537e+03
5.004460500062541541e+03
5.004539043385316290e+03
5.004743719871058602e+03
5.004823151888112079e+03
5.004827077420055502e+03
5.004833850058239477e+03
5.004851179808669258e+03
5.004889325606605780e+03
5.005119208053161856e+03
5.005262901176511150e+03
5.005778766212465598e+03
5.006046364797688511e+03
5.006280428676220254e+03
5.006331910663644521e+03
5.006485401110402563e+03
5.006659945327666719e+03
5.006747169517352631e+03
5.006997358906291993e+03
5.007165792119893013e+03
5.007276171021358095e+03
5.007842518154729987e+03
5.007872745470423979e+03
5.008018500779513488e+03
5.008027752604882153e+03
5.008090452218294558e+03
5.008382283488018402e+03
5.008401601093260069e+03
5.008489580645591559e+03
5.008490238181753739e+03
5.008642681256723336e+03
5.008879042590159770e+03
5.008961706716368099e+03
5.009141944183735177e+03
5.009469896943938693e+03
5.009695532452346015e+03
5.009813659719966381e+03
5.010558728047264594e+03
5.010610700544642896e+03
5.010855247018809678e+03
5.011002286355679644e+03
5.011447249617214766e+03
5.011556693675206589e+03
5.011650798198941629e+03
5.012008314102754412e+03
5.012141255380705843e+03
5.012181217783336251e+03
5.012586120130539712e+03
5.012686237028526193e+03
5.012737152244568279e+03
5.013564625568787051e+03
5.013571122732391814e+03
5.013656394593847835e+03
5.013674667553204017e+03
5.013773382974178276e+03
5.013781405276419719e+03
5.013815400887564465e+03
5.014236458220691929e+03
5.014406234830486028e+03
5.014755004658043617e+03
5.014827575349454492e+03
5.015051162020170523e+03
5.015065252679182777e+03
5.015311008512800981e+03
5.015316676423047284e+03
5.015636710446007783e+03
5.015751576852637299e+03
5.015758968154096692e+03
5.015899177679013519e+03
5.016340756079713174e+03
5.016488890801409980e+03
5.016572872197691140e+03
5.016646673794988601e+03
5.016818183413388397e+03
5.016828609851909277e+03
5.017138569052435741e+03
5.017198615243421045e+03
5.017202637648466407e+03
5.017389401069817723e+03
5.017436790358630788e+03
5.017727662635982597e+03
5.018022169568796016e+03
5.018172695870993266e+03
5.018356760415043937e+03
5.018646654027823388e+03
5.018650244136691072e+03
5.018770652840507864e+03
5.019022549980998519e+03
5.019162789448973854e+03
5.019169881130021167e+03
5.019961441485893374e+03
5.020219210506932541e+03
5.020265501858661082e+03
5.020534747452118609e+03
5.020624207652101177e+03
5.020795346627123763e+03
5.020948262615033855e+03
5.021246845337976083e+03
5.021457569197349585e+03
5.021595795176443062e+03
5.021648231205354023e+03
5.021825374099759756e+03
5.022242809419823061e+03
5.022482650183001169e+03
5.022498266615426473e+03
5.022819259128995327e+03
5.023121044485733364e+03
5.023130204212063290e+03
5.023159584266451020e+03
5.023640111462116693e+03
5.023925769853231031e+03
5.023970002141018085e+03
5.024016480505219079e+03
5.024031133385828980e+03
5.024272390816233383e+03
5.024323746279788793e+03
5.024329583142010051e+03
5.024332991481630415e+03
5.024426809710937960e+03
5.024433072347980669e+03
5.025004553768608275e+03
5.025116678127210434e+03
5.025278518055016320e+03
5.025547916527875714e+03
5.025860833351071051e+03
5.025959910574269088e+03
5.025964031621662798e+03
5.026016434475950518e+03
5.026356992227669252e+03
5.026404756260442809e+03
5.026479519921671454e+03
5.026542915034842736e+03
5.026636142797577122e+03
5.026704533114855622e+03
5.026712976747718130e+03
5.026978180204238924e+03
5.026980749488156107e+03
5.027244697422035642e+03
5.027533787099959227e+03
5.027629125210562961e+03
5.027679584584404438e+03
5.027695932133045062e+03
5.027999147499290302e+03
5.028502471618255186e+03
5.028590923379146261e+03
5.028651331645103710e+03
5.028669236892650588e+03
5.028669768613257474e+03
5.028695628508192385e+03
5.028805851136382444e+03
5.028856643368911136e+03
5.028905819344699921e+03
5.028992423154038988e+03
5.029014377935069206e+03
5.029017203532407621e+03
5.029199114795863352e+03
5.029203787699716486e+03
5.029216676955731600e+03
5.029319760768772539e+03
5.029320033416792285e+03
5.029369115417130160e+03
5.029519029409669201e+03
5.029533453131954957e+03
5.029605598175896375e+03
5.029649550121589527e+03
5.030013502326215530e+03
5.030474333293895143e+03
5.030509497807780463e+03
5.030769361062431017e+03
5.031146807550388985e+03
5.031464980586345519e+03
5.031542932880998706e+03
5.031757926948778731e+03
5.031841347858522568e+03
5.032090993501728008e+03
5.032251450006879168e+03
5.032278170529735689e+03
5.032319561105176945e+03
5.032448329996386747e+03
5.032841821107456781e+03
5.033049410834486480e+03
5.033337474125906738e+03
5.033563746426806574e+03
5.033565907655563024e+03
5.033580407610166731e+03
5.033696551769882717e+03
5.033731256201594078e+03
5.034215398711956368e+03
5.034279953937148093e+03
5.034292320215416112e+03
5.034516679796387507e+03
5.034732490560058068e+03
5.034895394872808538e+03
5.035086822733029294e+03
5.035110896628292721e+03
5.035174952903760641e+03
5.035353040703265833e+03
5.035432296348836644e+03
5.035599507341635217e+03
5.035892865813083517e+03
5.036116996197109984e+03
5.036130339760762581e+03
5.036685268962370174e+03
5.036722194864508310e+03
5.036831519644636501e+03
5.036913602763164818e+03
5.036984480930111204e+03
5.037022238088982704e+03
5.037124575095763248e+03
5.037177638595123426e+03
5.037197857813683186e+03
5.037472172679008509e+03
5.037675210049205816e+03
5.037750504558439388e+03
5.037853360151136258e+03
5.037870683498890685e+03
5.037968903481996676e+03
5.038130042108926318e+03
5.038305698774302982e+03
5.038903732643894728e+03
5.038964566213949183e+03
5.038974282004543966e+03
5.039073469722789014e+03
5.039171872506840373e+03
5.039177707694432684e+03
5.039246693313904871e+03
5.039454896872452991e+03
5.039611372152791773e+03
5.039624744685600490e+03
5.039703111405707205e+03
5.039984114575464446e+03
5.040097457821946591e+03
5.040187096923844365e+03
5.040207840275019407e+03
5.040576117676794638e+03
5.040618767793241204e+03
5.040878952412283070e+03
5.040897605360145462e+03
5.041125592291224166e+03
5.041318934074560275e+03
5.041401485356667763e+03
5.041705436663067303e+03
5.041729149762902125e+03
5.042014430413418268e+03
5.042297880472434372e+03
5.042553981978123375e+03
5.043199732045053679e+03
5.043346878476251732e+03
5.043386656183812192e+03
5.043422250810196601e+03
5.043435909124106729e+03
5.043609987907798313e+03
5.043720745209394408e+03
5.043936081786426257e+03
5.044002998713532179e+03
5.044088364066894428e+03
5.044195192371992562e+03
5.044263269514860440e+03
5.044438851797993266e+03
5.044502333095127142e+03
5.044919317908471385e+03
5.045058144162307144e+03
5.045090535142462613e+03
5.045095014242720936e+03
5.045125484075894747e+03
5.045244280527042065e+03
5.045831424537980638e+03
5.046017809723875871e+03
5.046103504514258930e+03
5.046202615020320991e+03
5.046255991408398586e+03
5.046726693004883600e+03
5.046760805674041876e+03
5.047035916127796554e+03
5.047139284630509792e+03
5.047152154551357853e+03
5.047481543945219528e+03
5.047484078838167079e+03
5.048233720793883549e+03
5.048244287927102050e+03
5.048303822161062271e+03
5.048361113851851769e+03
5.048561572778115078e+03
5.048833991928499017e+03
5.049041670682996482e+03
5.049174997534335489e+03
5.049325322206978854e+03
5.049340429621108342e+03
5.049430685787813673e+03
5.049460491734062998e+03
5.049470849509458276e+03
5.049667734151313198e+03
5.049746842325834223e+03
5.049852927860050841e+03
5.049854712477433168e+03
5.049856742585376196e+03
5.050276651075551854e+03
5.050608706253668061e+03
5.050777221908344472e+03
5.050784733273470920e+03
5.050910787903026176e+03
5.051102338740935011e+03
5.051268820402897290e+03
5.051444749612906890e+03
5.051811259061367309e+03
5.051887348758467851e+03
5.051888816270697134e+03
5.051957871802212139e+03
5.052023147906316808e+03
5.052100871466324861e+03
5.052108451615595186e+03
5.052266693013445547e+03
5.052507530429101280e+03
5.052663024063078410e+03
5.052815737061840991e+03
5.053032133099422026e+03
5.053100512625832380e+03
5.053532189701623793e+03
5.053794387733803887e+03
5.054114075661166680e+03
5.054162846272016395e+03
5.054269438883547991e+03
5.054337081108862549e+03
5.054377248683523248e+03
5.054620898326190400e+03
5.054721262471047339e+03
5.054740990848336878e+03
5.054826680836466949e+03
5.054855299857803402e+03
5.054863127866236937e+03
5.054992730132878933e+03
5.055135875335136916e+03
5.055641869156343091e+03
5.055670957492773596e+03
5.055818989583563962e+03
5.055933416747110641e+03
5.056200247048910569e+03
5.056204659136637929e+03
5.056477696953321356e+03
5.056600839090694535e+03
5.056624846389354389e+03
5.056680788116208532e+03
5.056828599670914627e+03
5.056839066105913844e+03
5.056912229464440315e+03
5.057224453995239855e+03
5.057808067425846275e+03
5.057893173169618422e+03
5.058218567816425093e+03
5.058256508413034680e+03
5.058339072913434393e+03
5.058408815686970229e+03
5.058469285274986760e+03
5.058489781873664469e+03
5.058605314839004677e+03
5.058681518805881751e+03
5.058714115357282026e+03
5.058908084444887209e+03
5.059160026796462262e+03
5.059187108434506627e+03
5.059437066599968603e+03
5.059870086857677052e+03
5.060062074839754132e+03
5.060285659856739585e+03
5.060348550649479876e+03
5.060837734961366550e+03
5.060927774870306166e+03
5.061121550982629742e+03
5.061267171008000332e+03
5.061351099588291618e+03
5.061381872285218378e+03
5.061791006307359567e+03
5.061861985730138258e+03
5.061910680457841408e+03
5.062145932884015565e+03
5.062199403483925380e+03
5.062372943015459896e+03
5.062556164037619055e+03
5.062765716410085588e+03
5.062888992147445606e+03
5.062905633908157142e+03
5.062945683926209313e+03
5.063054399475437094e+03
5.063057574907851631e+03
5.063108181378491281e+03
5.063697692327595178e+03
5.063718601365674658e+03
5.063755475333729009e+03
5.063797027460916070e+03
5.063825193079318524e+03
5.064032000161921133e+03
5.064087378904028810e+03
5.064174732936289729e+03
5.064397466839485787e+03
5.064440029463867177e+03
5.064596277229838961e+03
5.064663723545194443e+03
5.064718960429909203e+03
5.064843539660210809e+03
5.065221032824719259e+03
5.065341394072658659e+03
5.065440924288058341e+03
5.065631629308692027e+03
5.065888723425419812e+03
5.065959201211549953e+03
5.066187300533199050e+03
5.066276697215657805e+03
5.066432375703441721e+03
5.066453373113515227e+03
5.066492324231311613e+03
5.066577748386987878e+03
5.066614828383823806e+03
5.066697491566899771e+03
5.066743488598735894e+03
5.067031642032810851e+03
5.067094336864095567e+03
5.067126661133749622e+03
5.067368832309440222e+03
5.067838006926198432e+03
5.067941615513829674e+03
5.068002492548282135e+03
5.068268412822074424e+03
5.068400287294203736e+03
5.068413136628059874e+03
5.068509825481551161e+03
5.068656036114247399e+03
5.068700763791367535e+03
5.068804656888486534e+03
5.069161239279537767e+03
5.069184801640656588e+03
5.069467055649648501e+03
5.069468757948849088e+03
5.069607916140647831e+03
5.069801822705520863e+03
5.070260368320473390e+03
5.070356736586380066e+03
5.070658235514802982e+03
5.071123731182682604e+03
5.072022711771765898e+03
5.072135225754039311e+03
5.072439616968189512e+03
5.072596668402107753e+03
5.072607829890871471e+03
5.072712282394270915e+03
5.072808098017490011e+03
5.072857667808699262e+03
5.073123326873434962e+03
5.073380936695053606e+03
5.073521312483206202e+03
5.073526299600443053e+03
5.073619335862917069e+03
5.073868794091869859e+03
5.073973685846494845e+03
5.074399532227124837e+03
5.074408723056364579e+03
5.074463514185211352e+03
5.074523029583641801e+03
5.074575565209227534e+03
5.074707405015491531e+03
5.074881251203059037e+03
5.074940504599817359e+03
5.075113677046342673e+03
5.075190943639215220e+03
5.075289957276512723e+03
5.075655615377672802e+03
5.075693797650119450e+03
5.076116949450010907e+03
5.076265847349058276e+03
5.076419276400059061e+03
5.076553649864335057e+03
5.076943166315057169e+03
5.076952808536899283e+03
5.077210347729076602e+03
5.077329027535278328e+03
5.077598921062379304e+03
5.077856676431834785e+03
5.077864231619571001e+03
5.077950185713266364e+03
5.078179461062095470e+03
5.078179689789422810e+03
5.078291489757044474e+03
5.078319683934901150e+03
5.078352679981858273e+03
5.078995434940240557e+03
5.079002015949949964e+03
5.079213366699763355e+03
5.079308578883268638e+03
5.079407510161937353e+03
5.079570805326180562e+03
5.079680351651450110e+03
5.079748762354121936e+03
5.079977600274256474e+03
5.080041837584267341e+03
5.080050563010730912e+03
5.080057293814988952e+03
5.080522984794140939e+03
5.080548603224033286e+03
5.080575094318300216e+03
5.080771675595944544e+03
5.081304630647840895e+03
5.081345089569768788e+03
5.081767240851361748e+03
5.081844266314462402e+03
5.082070257861866594e+03
5.082190965241872618e+03
5.082215123891732219e+03
5.082365858623697022e+03
5.082377719253294345e+03
5.082948938356004874e+03
5.083252309051698830e+03
5.083267102342136241e+03
5.083279847896665160e+03
5.083299670724487441e+03
5.083346363953573018e+03
5.083462692573163622e+03
5.083721387820688506e+03
5.083753322718814161e+03
5.083800658001714510e+03
5.084060219248789508e+03
5.084168108204013151e+03
5.084295495924327042e+03
5.084375123680349134e+03
5.085165111583127327e+03
5.085309877424581828e+03
5.085726208426036465e+03
5.085913975847953225e+03
5.085976456716250141e+03
5.085987718909887008e+03
5.086071667150547910e+03
5.086096935288981513e+03
5.086246118135753022e+03
5.086466913002777801e+03
5.086472372680501394e+03
5.086624249423828587e+03
5.086958324723402256e+03
5.086964672618762052e+03
5.086969178568350799e+03
5.086980170330191868e+03
5.087066532789889607e+03
5.087504575089282298e+03
5.087554882500781787e+03
5.087607196173526972e+03
5.087609322409619381e+03
5.087635993182122547e+03
5.087640286277654013e+03
5.087671381453561480e+03
5.087702126029330429e+03
5.087918051411688793e+03
5.087953028021555838e+03
5.087978436175050774e+03
5.087980971539665006e+03
5.088256673035433778e+03
5.088275229467418285e+03
5.088429393715001424e+03
5.088683418045739018e+03
5.088892782709345738e+03
5.088934397815463853e+03
5.088960792291424696e+03
5.089186027616486172e+03
5.089243738759667394e+03
5.089464898249156249e+03
5.089616611099028887e+03
5.089687716851277401e+03
5.089770897559743389e+03
5.089785061533772023e+03
5.090195751669177298e+03
5.090294127819842288e+03
5.090584144603778441e+03
5.090598873944020852e+03
5.090657800640336063e+03
5.090670515134211200e+03
5.090804884325947569e+03
5.090859762460506317e+03
5.090871615550967363e+03
5.090977672069782784e+03
5.091017208011420735e+03
5.091022985673000221e+03
5.091237297170709098e+03
5.091321737588345968e+03
5.091365636988234655e+03
5.091612628252986724e+03
5.091614689432713931e+03
5.091646952860424790e+03
5.091677940522513381e+03
5.091978223009169596e+03
5.092124464235388587e+03
5.092180672231328572e+03
5.092182175071977326e+03
5.092295291161324712e+03
5.092382763258972773e+03
5.092530570330060073e+03
5.092662958117185553e+03
5.093143599840122079e+03
5.093154871978498704e+03
5.093156321739725172e+03
5.093317053561792818e+03
5.093368796335837942e+03
5.093537001655285167e+03
5.093771450495994941e+03
5.093835228933847247e+03
5.094096621818347558e+03
5.094162091209405844e+03
5.094398487341532928e+03
5.094483196692729507e+03
5.094518165214497458e+03
5.094575335350424211e+03
5.094679368406708818e+03
5.094744795318331853e+03
5.094964795996123939e+03
5.095153776854263924e+03
5.095205445058908481e+03
5.095405666174571707e+03
5.095502924348833403e+03
5.095690086026311292e+03
5.095788505320425429e+03
5.095791583185103264e+03
5.095906738651722662e+03
5.096394793326077888e+03
5.096420382588345092e+03
5.096516963591959211e+03
5.096722339642111365e+03
5.096869442471342154e+03
5.096960245211367692e+03
5.097032935120475486e+03
5.097139719618472554e+03
5.097169563827020283e+03
5.097452306483550274e+03
5.097479332658995190e+03
5.097577985492433072e+03
5.097611542133578041e+03
5.097651514334523199e+03
5.097844338676661209e+03
5.097871047269779410e+03
5.098515825743774258e+03
5.098656068479313944e+03
5.098682613454328020e+03
5.098797315283831267e+03
5.098844049280001855e+03
5.099214338044143915e+03
5.099295101512641850e+03
5.099308865598363809e+03
5.099459363786357244e+03
5.099490946720187821e+03
5.099492079114595981e+03
5.099609544552386069e+03
5.099653448155389015e+03
5.100092919574502048e+03
5.100166255375575929e+03
5.100395960695298527e+03
5.100517446632951760e+03
5.101013654042523740e+03
5.101094010835402514e+03
5.101207583656191673e+03
5.101344507997659093e+03
5.101782526753306229e+03
5.101946856416098854e+03
5.102319080202104487e+03
5.102545803625032931e+03
5.102566431035451387e+03
5.102632426518574903e+03
5.102842539378509173e+03
5.103170136832332901e+03
5.103182227011096074e+03
5.103602748925279229e+03
5.103641237494560301e+03
5.103724826750826651e+03
5.103792780420005329e+03
5.104021444275596878e+03
5.104081318635200660e+03
5.105058861024631369e+03
5.105068006521455573e+03
5.105078805727660438e+03
5.105203778056114970e+03
5.105216622877630471e+03
5.105539771467971150e+03
5.105915919661293628e+03
5.106058476925300056e+03
5.106324198128560965e+03
5.106491797483548908e+03
5.106542037937319037e+03
5.106639982667435106e+03
5.106675105577899558e+03
5.106703480129887794e+03
5.106806052654734231e+03
5.106876471944890909e+03
5.107141812977502923e+03
5.107507530469159974e+03
5.107808864945140158e+03
5.107817365795677688e+03
5.107936351644127171e+03
5.108007947576056722e+03
5.108245558448811607e+03
5.108401595841737617e+03
5.108555548173388161e+03
5.108697823499694096e+03
5.108711634797932675e+03
5.108711970662765452e+03
5.109484503381372633e+03
5.109552523364429362e+03
5.109658926626200810e+03
5.109796510378260791e+03
5.109850628725163006e+03
5.109940038657963669e+03
5.109956289067500620e+03
5.110258634976356916e+03
5.110499652379196050e+03
5.110688938617041458e+03
5.110702324908159426e+03
5.111012394841388414e+03
5.111446081780612985e+03
5.111979656779682955e+03
5.112034973486554918e+03
5.112041816449623184e+03
5.112073431185775007e+03
5.112150205944575646e+03
5.112155857631901199e+03
5.112380924212386162e+03
5.112480970006596181e+03
5.112704924242923880e+03
5.112741273146523781e+03
5.112851196356699802e+03
5.112966945425333506e+03
5.113288629299097920e+03
5.113472848952619643e+03
5.114204993198051852e+03
5.114312502436161594e+03
5.114560035218900339e+03
5.114652486996223161e+03
5.114756697069606162e+03
5.114773320422486904e+03
5.114930158976572784e+03
5.115180416136541680e+03
5.115292210737498863e+03
5.115371862343927205e+03
5.115466461979875021e+03
5.115615719510192321e+03
5.115777441372203612e+03
5.116421890772980987e+03
5.116617219006281630e+03
5.116808739974673699e+03
5.117084384609534027e+03
5.117153896359080136e+03
5.117292808679218069e+03
5.117304985375063552e+03
5.117419001667327393e+03
5.117445336169920665e+03
5.117993781657454747e+03
5.118109753054517569e+03
5.118234350588821144e+03
5.118591302093823288e+03
5.118592510796856004e+03
5.118816477270416726e+03
5.118922552302889926e+03
5.119541171601268616e+03
5.119576556737501960e+03
5.120266453036706480e+03
5.120302060997394619e+03
5.120580295468544136e+03
5.120679810637227092e+03
5.120794878411395075e+03
5.120852338954558036e+03
5.120912323940688111e+03
5.120983203041589150e+03
5.121272376699552296e+03
5.121353039659103160e+03
5.121375805596409919e+03
5.121495184269445417e+03
5.121569825597248382e+03
5.122015204995602289e+03
5.122033407301728403e+03
5.122603235271944868e+03
5.122643374327209131e+03
5.122693404197204472e+03
5.122826811404873297e+03
5.122981084894113337e+03
5.123054838558370648e+03
5.123073191620600483e+03
5.123181517880153478e+03
5.123431291206274182e+03
5.123743400483463120e+03
5.123949319968862255e+03
5.123974532803981674e+03
5.124132960062800521e+03
5.124154967577453135e+03
5.124590633278046880e+03
5.124721330375213256e+03
5.124737423395185942e+03
5.124958103055451829e+03
5.124990774933538887e+03
5.125117239932673328e+03
5.125196850416748021e+03
5.125233029792905654e+03
5.125952780681924196e+03
5.126003568345248823e+03
5.126198211767540670e+03
5.126229809248092351e+03
5.126243881725278698e+03
5.126483457890522914e+03
5.126555715768919981e+03
5.126704837420168587e+03
5.126909789102476680e+03
5.127624147937085581e+03
5.127857841883056608e+03
5.127973475766407319e+03
5.128293795438824418e+03
5.128705862191772212e+03
5.128822792691506947e+03
5.129176264756659293e+03
5.129273750872880555e+03
5.129282999468911839e+03
5.129299895437837222e+03
5.129814833685258236e+03
5.129838479235657360e+03
5.129981071970585617e+03
5.130005427007296930e+03
5.130042986321504941e+03
5.130466981028753253e+03
5.130579572034171179e+03
5.131030549994628927e+03
5.131063071585835132e+03
5.131134578453001268e+03
5.131674813871328297e+03
5.132549503521131555e+03
5.132566607331794330e+03
5.132568943410842621e+03
5.132887495899000896e+03
5.133069872616370048e+03
5.133100432147561150e+03
5.133222936057355582e+03
5.133364972500664408e+03
5.134019498203472722e+03
5.134095378393504689e+03
5.134234427156033234e+03
5.134288404342714784e+03
5.134296934235737353e+03
5.135302953793589950e+03
5.135371893546085630e+03
5.135497221900941440e+03
5.135730017282806330e+03
5.135747113662139782e+03
5.135773473395778637e+03
5.135952198462361594e+03
5.136970400402940868e+03
5.137229062832904674e+03
5.137327013072163936e+03
5.137613665232456697e+03
5.137927868146508445e+03
5.137958074214722728e+03
5.138115975071401408e+03
5.138277371786212825e+03
5.138728904957890336e+03
5.138857982970105695e+03
5.139131836360003945e+03
5.139531266579110707e+03
5.139555596893019356e+03
5.139685112402881714e+03
5.140199604361700949e+03
5.140289089318555853e+03
5.140571948395417166e+03
5.140915617880103127e+03
5.141130956422298368e+03
5.141165169483019781e+03
5.141265633442541912e+03
5.141425096980602575e+03
5.142011769379305406e+03
5.142181741222958408e+03
5.142208627158223862e+03
5.142212349247672137e+03
5.142949412333273358e+03
5.142988797429280567e+03
5.142993010882682938e+03
5.143670327595750678e+03
5.143760738086169113e+03
5.143766773944986198e+03
5.144120971365103287e+03
5.144282045747276243e+03
5.144501754215913934e+03
5.144726924630474059e+03
5.144740532354261632e+03
5.144879296844267628e+03
5.144993107245463762e+03
5.145103762419529630e+03
5.145348587456467612e+03
5.145444633908987271e+03
5.145483191379143136e+03
5.145500088107286501e+03
5.145722076011364152e+03
5.145866653693438820e+03
5.146246814887602341e+03
5.146620338621704832e+03
5.146758110276123261e+03
5.146777875652149305e+03
5.146952369724136588e+03
5.147290810749894263e+03
5.147579401751412661e+03
5.147689528206788964e+03
5.148038472055392049e+03
5.148154624584207340e+03
5.148167343228950813e+03
5.148684247294207125e+03
5.148853972583728137e+03
5.150092162101766007e+03
5.150430764941554116e+03
5.150588463265528844e+03
5.150774279232868139e+03
5.150840012666531948e+03
5.150867398311040233e+03
5.151032064603622530e+03
5.151226365298858582e+03
5.151384790887645067e+03
5.151429661342415784e+03
5.151550367075074973e+03
5.152451074639863691e+03
5.152636491059081891e+03
5.152757364394858087e+03
5.153170859331706197e+03
5.153339501569575077e+03
5.154230975790271259e+03
5.154232786452217624e+03
5.154397756831293918e+03
5.154779139326129553e+03
5.154866295268965587e+03
5.154940611471531156e+03
5.155068872435972480e+03
5.155153718066789224e+03
5.155360515220992966e+03
5.155566999249281253e+03
5.155672380823514686e+03
5.155674071035066845e+03
5.155839646310429998e+03
5.155900042903322174e+03
5.155921624220432932e+03
5.156005177774294680e+03
5.156040252313510791e+03
5.156050321888375038e+03
5.156117050807913984e+03
5.156771280763574396e+03
5.156998952760684915e+03
5.157202784026437257e+03
5.157224479111740948e+03
5.157237679642751573e+03
5.157387952260632119e+03
5.157592651757770909e+03
5.157823052163710599e+03
5.157825603123813380e+03
5.157880330887838682e+03
5.158248623224352741e+03
5.158269878908674400e+03
5.158509069536746210e+03
5.158558144282777903e+03
5.158732533423941277e+03
5.158761655523740956e+03
5.158793616747499982e+03
5.158841804920161849e+03
5.159005930238058681e+03
5.159186492615120187e+03
5.159330288285255847e+03
5.159565721061127988e+03
5.159797157685172351e+03
5.160079846415398606e+03
5.160152857065266289e+03
5.160325046521813420e+03
5.160458100875473065e+03
5.160664526237692371e+03
5.160948011509262869e+03
5.161094592336983624e+03
5.161165942638157503e+03
5.161333910119698885e+03
5.161474809754799935e+03
5.161528126117083048e+03
5.161570178034092351e+03
5.161916022674454325e+03
5.162366416578943245e+03
5.162548342486277761e+03
5.162600287353477142e+03
5.162828515841680201e+03
5.162921698181569809e+03
5.163015876053791544e+03
5.163206375109090004e+03
5.163290786913509692e+03
5.163316766780055332e+03
5.163474640371146961e+03
5.163855231287973766e+03
5.164113892455773566e+03
5.164234873023880937e+03
5.164461352154740780e+03
5.164759919297846864e+03
5.165005273196700728e+03
5.165146600047319225e+03
5.165173971744264236e+03
5.165531473496604121e+03
5.165564538456168520e+03
5.165711508492617213e+03
5.165798455209275744e+03
5.165824691567071568e+03
5.165902403398412389e+03
5.167251683024070189e+03
5.167428071297646056e+03
5.167650930756289199e+03
5.167793515396555449e+03
5.167966154557887421e+03
5.168109550284680154e+03
5.168305987778879171e+03
5.168496052139083076e+03
5.169112446709807045e+03
5.169345410268802880e+03
5.169430989139027588e+03
5.169595495495106661e+03
5.169944191085425700e+03
5.169976296546764388e+03
5.170154510725643377e+03
5.170897805282836998e+03
5.171112452675603890e+03
5.171240672166823970e+03
5.171377248673495160e+03
5.171610241409693117e+03
5.171753038457212824e+03
5.171839433860340250e+03
5.171923251881477881e+03
5.172011525629244716e+03
5.172133669102772728e+03
5.172153612721661375e+03
5.172899277858248752e+03
5.173005748210079219e+03
5.173115139650258243e+03
5.173241046242072116e+03
5.173443519385240506e+03
5.173481713708097232e+03
5.173568987469503554e+03
5.174240318850401309e+03
5.174564793225354151e+03
5.174705988632031222e+03
5.174967958460209047e+03
5.175171387426644287e+03
5.175323707208803171e+03
5.175333686045702052e+03
5.175523339284759459e+03
5.175572479610226765e+03
5.175604420103715711e+03
5.176064932779572700e+03
5.176437706719390917e+03
5.177101869666729726e+03
5.177270317694855294e+03
5.177273634749400117e+03
5.177359276093453445e+03
5.177729461614633692e+03
5.178249324007502764e+03
5.178649173122639695e+03
5.179053435194671692e+03
5.179377310430618309e+03
5.179544700665102937e+03
5.179703539650850871e+03
5.179997897516460398e+03
5.180162183026970524e+03
5.180513509583144696e+03
5.180671291368444145e+03
5.180803763718331538e+03
5.181000744336358366e+03
5.181460044872550498e+03
5.181508384850777475e+03
5.181521554945344178e+03
5.181566496575557721e+03
5.181715373778986759e+03
5.181800397080442963e+03
5.181961051815069368e+03
5.181998874937398796e+03
5.182108654789904904e+03
5.183000982653724350e+03
5.183148184153258626e+03
5.183588499926927398e+03
5.185175219899329022e+03
5.185303172945938059e+03
5.185368251928481186e+03
5.185396618048077471e+03
5.185466591670918206e+03
5.185579098582459665e+03
5.185634336159959275e+03
5.186537505125438656e+03
5.186655336999489009e+03
5.186862824338111750e+03
5.186981128098713270e+03
5.187089244913210678e+03
5.187323664412693688e+03
5.187390842611544940e+03
5.187604230132220437e+03
5.188140608644652275e+03
5.189055610283995520e+03
5.189355003385830969e+03
5.189387228687507559e+03
5.189442891344441705e+03
5.189576626886488157e+03
5.189605195144240497e+03
5.189997441166113276e+03
5.190189578574502775e+03
5.190326154139564096e+03
5.190751188105423353e+03
5.191045262565467965e+03
5.191221085434077395e+03
5.191261355440501575e+03
5.191333034697112453e+03
5.191373984126174946e+03
5.191532757063624558e+03
5.191547499161187261e+03
5.192000589093934650e+03
5.192051439210785247e+03
5.192188092972687627e+03
5.192211815761213074e+03
5.192324854982345641e+03
5.192383112298579363e+03
5.192659560303647595e+03
5.193000555834692022e+03
5.193424726164347703e+03
5.193591462729726118e+03
5.195335622576058995e+03
5.195728601961896857e+03
5.196199417866854674e+03
5.196548252450724249e+03
5.196633778790741417e+03
5.196658035194388503e+03
5.196767770989980818e+03
5.197181736048214589e+03
5.197373597749583496e+03
5.197750678453499859e+03
5.198026814172909326e+03
5.198129899620023934e+03
5.198492613107373472e+03
5.198649914064357290e+03
5.198718845070272437e+03
5.199064567548008199e+03
5.199668329219884981e+03
5.199734315474291179e+03
5.199829114600704088e+03
5.200037106159494215e+03
5.200279012433762546e+03
5.200574350710099679e+03
5.200586495123840905e+03
5.201326728448075301e+03
5.201575791582472448e+03
5.202095221289457186e+03
5.202135208663081357e+03
5.202229046804665813e+03
5.202392772146968127e+03
5.202628501727827825e+03
5.202714529802756260e+03
5.202749997902441464e+03
5.202822124076653381e+03
5.202980147121721529e+03
5.203033284988203377e+03
5.203229929208921021e+03
5.203515260796617440e+03
5.203633915741654164e+03
5.203800723891682537e+03
5.203919795928855820e+03
5.204321934688778128e+03
5.204551739949477451e+03
5.204609368608491422e+03
5.204658629031081546e+03
5.204660016538553464e+03
5.205571516727598464e+03
5.205830539757086626e+03
5.205946320684761304e+03
5.206064466769036699e+03
5.206091358942033366e+03
5.206370346334845635e+03
5.206482589346772329e+03
5.206528429908957150e+03
5.206706216968312219e+03
5.206841748604490022e+03
5.207181276598813383e+03
5.207444059920508153e+03
5.207673897299408964e+03
5.207732982890279345e+03
5.208242047873725824e+03
5.208477079926093211e+03
5.208507243390075928e+03
5.208644635044071038e+03
5.208820994391745444e+03
5.209000134574879667e+03
5.209135815479717166e+03
5.209164118088065152e+03
5.209181665021213121e+03
5.209310488230024021e+03
5.209350289364637320e+03
5.209515196231659502e+03
5.209804616277562673e+03
5.209890943578701808e+03
5.210060518285868966e+03
5.210665386712201325e+03
5.210799050645893658e+03
5.211333499132976613e+03
5.211430185194019941e+03
5.211471932554860359e+03
5.211475752273760918e+03
5.211709889468580513e+03
5.211740084347701668e+03
5.212279340355220484e+03
5.212297669383856373e+03
5.212552919493930858e+03
5.212738470686416804e+03
5.212911188189480526e+03
5.213607198999900902e+03
5.213611907269612857e+03
5.213741794731778100e+03
5.214172782413432287e+03
5.214344296008314814e+03
5.214400745136685146e+03
5.214557287566549348e+03
5.214890103319294212e+03
5.215116652415836143e+03
5.215162486030283617e+03
5.215301708387558392e+03
5.215456878747915653e+03
5.216517954115166503e+03
5.216638535688421143e+03
5.217011483296291772e+03
5.217058790174970454e+03
5.217154709305317738e+03
5.217210765206432370e+03
5.217250064780166213e+03
5.217638356496036067e+03
5.217640448730832759e+03
5.217883331812007782e+03
5.218034445967090505e+03
5.218099024216692669e+03
5.218251136375051829e+03
5.218512160704449343e+03
5.218544732549291439e+03
5.218587749385201278e+03
5.218961768269345157e+03
5.218969115039124517e+03
5.219476922747103345e+03
5.219513302697829204e+03
5.219588688493222435e+03
5.219820090533488838e+03
5.219957608541164518e+03
5.220043640185367622e+03
5.220044866171753711e+03
5.220176807195943184e+03
5.220364448313398498e+03
5.220493553163612887e+03
5.220523561627493109e+03
5.221537822001057975e+03
5.221554631140288620e+03
5.221567734878800366e+03
5.221919955856349588e+03
5.221961494166103876e+03
5.222125491844615681e+03
5.222127586847405837e+03
5.222173925178621175e+03
5.222230695829843171e+03
5.222279500149654268e+03
5.222597304662950592e+03
5.222695951120150312e+03
5.222722810369828949e+03
5.223252953244273158e+03
5.223396809046980707e+03
5.223453480869763553e+03
5.223569489282980612e+03
5.224407046249735686e+03
5.224454390942946702e+03
5.224667859636994763e+03
5.224736670473175764e+03
5.224989555035823287e+03
5.225320858353468793e+03
5.225476665976814729e+03
5.225581555701574871e+03
5.225682252624038483e+03
5.225731525886011696e+03
5.225951634706522782e+03
5.225972264309540151e+03
5.226705561810220388e+03
5.226934029298736277e+03
5.227057227690306718e+03
5.227107053598148923e+03
5.227330166657273367e+03
5.227606582298604735e+03
5.228229321348064332e+03
5.228248161598296065e+03
5.228310351245771926e+03
5.228427862987483422e+03
5.228438415213042390e+03
5.228505085143945507e+03
5.228763233862509878e+03
5.228945309442414327e+03
5.229484655211705103e+03
5.229495528778188600e+03
5.229745012761797625e+03
5.229811474387965063e+03
5.230010084609050864e+03
5.230118118793804570e+03
5.230118364868792924e+03
5.230222918259076323e+03
5.230380710615397220e+03
5.230587399448599172e+03
5.231208387468784167e+03
5.231339859382432223e+03
5.231409534940340563e+03
5.231436704124258540e+03
5.231514269142279772e+03
5.231597605322131130e+03
5.231946221349973712e+03
5.232343079810722884e+03
5.232452022986751217e+03
5.232455608953259798e+03
5.232631123862333880e+03
5.232985795823771696e+03
5.233381679770830488e+03
5.233588431712562851e+03
5.233595885467125299e+03
5.233621628573350790e+03
5.234016466796962050e+03
5.234741906537817158e+03
5.234809761487545074e+03
5.234837757955122470e+03
5.235361622463718959e+03
5.235364593983518716e+03
5.235380338611380466e+03
5.235602486396124732e+03
5.235628056717115214e+03
5.235641716536733838e+03
5.235760093208789840e+03
5.235817627988982167e+03
5.235952023568164805e+03
5.236680761250499017e+03
5.236953527016537009e+03
5.237100692813081878e+03
5.237189939399069772e+03
5.237263622212023620e+03
5.237287989776832546e+03
5.237344095025387105e+03
5.237375750159886593e+03
5.237404387294784101e+03
5.237618647260072066e+03
5.238152747972453653e+03
5.238760195613490396e+03
5.238849197159642245e+03
5.238968891222708407e+03
5.238998670463882263e+03
5.239119520779396225e+03
5.239146515630299291e+03
5.239311096054611880e+03
5.239416586859624658e+03
5.239552108996991592e+03
5.239761518672302373e+03
5.239801054305903563e+03
5.239977862030686083e+03
5.239990310985056567e+03
5.240344288854291335e+03
5.240367758439607314e+03
5.240486570301860411e+03
5.240490284279987463e+03
5.240497292210566229e+03
5.240522863507307193e+03
5.240564084937441294e+03
5.240894506920807544e+03
5.240966972412431460e+03
5.241410446710447104e+03
5.241495840398516521e+03
5.241530145344947414e+03
5.241552892451283697e+03
5.241623350404003759e+03
5.241964508975431272e+03
5.242026339190033468e+03
5.242089226645382951e+03
5.242738137520420423e+03
5.242739044498380281e+03
5.243120024870181624e+03
5.243610660255235416e+03
5.243649844749504155e+03
5.243797583331454916e+03
5.243910048760063546e+03
5.243994919658697654e+03
5.244583283817816664e+03
5.244845248305123278e+03
5.245422407219907655e+03
5.245611868550758118e+03
5.245735234306569509e+03
5.245801034471467574e+03
5.246250683586084051e+03
5.246258271121500002e+03
5.246387291937224290e+03
5.246446786826192692e+03
5.246465807759771451e+03
5.246555506179247459e+03
5.246593169129627313e+03
5.246705214103978506e+03
5.246968242639247364e+03
5.247341560708748148e+03
5.247380288547000418e+03
5.247824668838801699e+03
5.247897728731359166e+03
5.247958655936378818e+03
5.248473481432998597e+03
5.248698403210526521e+03
5.248808968276062842e+03
5.248809866982424865e+03
5.248987144218951471e+03
5.249563463499387581e+03
5.249570765089066299e+03
5.249575886217363404e+03
5.249901073118716340e+03
5.250044424949319364e+03
5.250260986014649461e+03
5.250369818003522596e+03
5.250372143227606102e+03
5.250759505277122116e+03
5.250961401022489554e+03
5.251178702317272837e+03
5.251189733947618151e+03
5.251211402288627141e+03
5.251222484052026630e+03
5.251801600430081635e+03
5.251966144764425735e+03
5.252305147390525235e+03
5.252573376560614633e+03
5.252933053411054061e+03
5.253255709489139008e+03
5.253452509429691418e+03
5.253455867238862083e+03
5.253893652574302905e+03
5.254056623073744959e+03
5.254157207780736826e+03
5.254189953756793329e+03
5.254262152343186244e+03
5.254281448632765205e+03
5.254365927400133842e+03
5.254494721108741942e+03
5.254837375260745830e+03
5.254996320218580877e+03
5.255104417166015082e+03
5.255322197131338726e+03
5.255455482702933296e+03
5.255727519101918006e+03
5.256103901061472243e+03
5.256111664932290296e+03
5.256544710414977089e+03
5.256548242309153466e+03
5.256549914548454581e+03
5.256628571074436877e+03
5.256896192457513280e+03
5.256953402951849966e+03
5.257108299673406691e+03
5.257109515881392326e+03
5.257221733952011164e+03
5.257233462368086293e+03
5.257412262354680024e+03
5.257463165401674814e+03
5.257552736980267582e+03
5.257954684956489473e+03
5.258006807677905272e+03
5.258040875656781282e+03
5.258167425480119164e+03
5.258230825478768566e+03
5.258757029623970084e+03
5.258844864713818424e+03
5.258868928094500916e+03
5.259138900012244449e+03
5.259670454303009137e+03
5.259705337955141658e+03
5.259998052825881132e+03
5.260080720457628559e+03
5.260397870024725307e+03
5.260445449482943332e+03
5.260490011699621391e+03
5.260532034000180829e+03
5.260652516689348886e+03
5.260689495854169763e+03
5.260780797938721662e+03
5.260929119036847624e+03
5.261162453818466929e+03
5.261215152731810122e+03
5.261443029024436328e+03
5.261501847105005254e+03
5.261542792998811819e+03
5.261827954372871318e+03
5.261830306646380450e+03
5.262275943986189304e+03
5.262430342982953334e+03
5.262723038603492569e+03
5.262884981384433559e+03
5.263062071319171082e+03
5.263110425893475622e+03
5.263169526213944664e+03
5.263274914348691709e+03
5.263276172805259193e+03
5.263371627446650564e+03
5.263883731437084862e+03
5.263892871413790090e+03
5.263950514169365306e+03
5.263978279049173580e+03
5.264390339038178354e+03
5.264905276755970590e+03
5.265147740839774997e+03
5.265273791984365744e+03
5.265283258152180679e+03
5.265534668518231229e+03
5.265790374548758336e+03
5.265812871050009562e+03
5.265911353196880555e+03
5.266017732068929035e+03
5.266374201460686891e+03
5.266711062216090795e+03
5.267044535390818055e+03
5.267311428572001205e+03
5.267645170475496343e+03
5.267718386329575878e+03
5.268152620223391750e+03
5.268382654456863747e+03
5.268539355798641736e+03
5.268800034196900015e+03
5.269073502832964550e+03
5.269265393110009427e+03
5.269559256353325509e+03
5.269615548029758429e+03
5.269621017585151094e+03
5.269861447052143376e+03
5.270000236125049014e+03
5.270691010128372000e+03
5.270713972468101929e+03
5.271165856484991309e+03
5.271193254763513323e+03
5.271405469712083686e+03
5.272099979264702597e+03
5.272147220756682145e+03
5.272642583365909559e+03
5.272673137709525690e+03
5.273297398819801856e+03
5.273541975300565355e+03
5.273766356871332391e+03
5.273821689325995976e+03
5.273949822380059231e+03
5.273994996135625115e+03
5.274013066589429400e+03
5.274583092451734956e+03
5.274711168947504120e+03
5.274780281035349617e+03
5.274901944901364914e+03
5.275529969563495797e+03
5.275833160769440838e+03
5.275836104641649399e+03
5.275880352957979994e+03
5.275992903733690582e+03
5.276380119910279063e+03
5.276718046057587344e+03
5.277028019846402458e+03
5.277296005490440621e+03
5.277402776939592513e+03
5.277855601467666929e+03
5.278102522319370109e+03
5.278156309411740040e+03
5.278247807363895845e+03
5.278612009964667777e+03
5.278650780171842598e+03
5.278898281501158635e+03
5.279089189714933127e+03
5.279145211344944073e+03
5.279306108983049853e+03
5.279458163555367719e+03
5.279892043220689629e+03
5.280141858975081959e+03
5.280789876385690150e+03
5.280853424035904936e+03
5.281080576066371577e+03
5.281500918401409763e+03
5.281810035756113393e+03
5.282108596315363684e+03
5.282492708431067513e+03
5.282495820420020209e+03
5.282619144775454515e+03
5.282724496506303694e+03
5.282736186663989429e+03
5.282856093392977527e+03
5.282908636543495049e+03
5.283074693486941214e+03
5.283151852212546146e+03
5.283430271021842600e+03
5.283459478384432259e+03
5.283800558921843731e+03
5.283915607760843159e+03
5.284047831555593802e+03
5.284111944554872935e+03
5.284219495418219594e+03
5.284326389466908950e+03
5.284473025740582671e+03
5.284515349658569903e+03
5.284906897079707051e+03
5.284976351421373693e+03
5.285322150187499574e+03
5.285357746218676766e+03
5.285676706870416638e+03
5.285899245485912616e+03
5.286262256267040357e+03
5.286564948436480336e+03
5.286659293884040380e+03
5.286848771088353715e+03
5.287320146241649127e+03
5.287649051135011177e+03
5.288483837719563780e+03
5.288500909589595722e+03
5.288870218550631762e+03
5.288965111101359980e+03
5.289055670716371424e+03
5.289182541495182704e+03
5.289226499412230623e+03
5.289319733450309286e+03
5.290963346573017589e+03
5.290992310607618492e+03
5.291069691649644483e+03
5.291557513857499544e+03
5.291617022645102224e+03
5.291840531847630700e+03
5.292104203889321070e+03
5.292359889969644428e+03
5.292505952392440122e+03
5.292521113444207003e+03
5.292815146423667102e+03
5.293090136435886052e+03
5.293199386089141626e+03
5.293261644552208054e+03
5.293286446958333727e+03
5.293524807590036289e+03
5.293632549955049399e+03
5.294616564046471467e+03
5.294937218253787250e+03
5.295172437332803383e+03
5.295265045537160404e+03
5.296069545804331028e+03
5.296136895251016540e+03
5.296151516944987634e+03
5.296183101653978156e+03
5.296250493597579407e+03
5.296318009449172678e+03
5.296569745372903526e+03
5.296667459225204766e+03
5.296754684572162660e+03
5.296784613251517840e+03
5.296838641310160710e+03
5.297038201389009373e+03
5.297248217776875208e+03
5.297847051326295514e+03
5.297879048117644743e+03
5.298051792494086840e+03
5.298115932081403116e+03
5.298840925912721104e+03
5.300282168918100979e+03
5.300326807559560621e+03
5.300685492528187751e+03
5.300849572965208608e+03
5.300977902648396594e+03
5.301174015248080650e+03
5.301215857712114484e+03
5.301217722023617171e+03
5.301586842148473806e+03
5.301596361420697576e+03
5.301902730288915336e+03
5.302054958241632448e+03
5.302151388350092930e+03
5.302737289088395300e+03
5.303021009603966377e+03
5.303157028193035330e+03
5.303399404572774984e+03
5.303421753696575252e+03
5.303807636976493995e+03
5.303866235732186396e+03
5.304166454293344941e+03
5.304293378763529290e+03
5.304668780272974800e+03
5.304888478062619470e+03
5.305035823026315484e+03
5.305329806874479800e+03
5.305334714538958906e+03
5.305363329909397180e+03
5.305508984780756691e+03
5.305761736569432287e+03
5.305869984028934596e+03
5.305925968199292583e+03
5.306136756107941437e+03
5.306519011478072571e+03
5.306522800936711974e+03
5.306801646660024744e+03
5.306802034689781067e+03
5.307063233009840587e+03
5.307415933564505394e+03
5.307573007985868571e+03
5.307597756617023151e+03
5.307732105755439079e+03
5.308205983747369828e+03
5.308466125742183976e+03
5.308598821935770502e+03
5.308843777481562029e+03
5.309249710811128352e+03
5.309290446849799082e+03
5.309341409548322190e+03
5.309618077111163984e+03
5.309678298283564800e+03
5.309757959394412865e+03
5.309772820573642093e+03
5.310197348666356447e+03
5.310449370169734721e+03
5.310479804969879297e+03
5.310791839202005576e+03
5.311435288034317637e+03
5.311450859255201067e+03
5.311469072686439176e+03
5.311772000797997862e+03
5.311958889690957221e+03
5.312006312538163002e+03
5.312073304529697452e+03
5.312261546884402378e+03
5.312507680811598220e+03
5.312611286764094075e+03
5.312817223575339085e+03
5.312948122475962919e+03
5.313042564768758893e+03
5.313200173782850470e+03
5.313453870093545447e+03
5.314295391183111860e+03
5.314645253932317246e+03
5.314691770820088095e+03
5.314702133056602179e+03
5.314899308177008606e+03
5.315014082880577917e+03
5.315093070319163417e+03
5.315780551784584532e+03
5.315850496514330189e+03
5.315949093524985983e+03
5.316097283197920660e+03
5.316443124820205412e+03
5.316691298798861681e+03
5.316794910708256793e+03
5.317123915622335517e+03
5.317338126975423620e+03
5.317412846239313694e+03
5.318730985078463164e+03
5.318906041738291606e+03
5.318962203792792025e+03
5.319168024269240050e+03
5.319322764520364217e+03
5.319590351505813487e+03
5.320159195198194539e+03
5.320164291982122450e+03
5.320232094264338230e+03
5.320709251591875727e+03
5.320784160516966949e+03
5.320816204344836478e+03
5.321465040040896383e+03
5.321517491080817308e+03
5.321567849434738491e+03
5.321598616068547926e+03
5.321865344620498036e+03
5.321946490309678666e+03
5.322091437226794369e+03
5.322245297379634394e+03
5.322332112488904386e+03
5.322627777767473162e+03
5.323158643465799287e+03
5.323270577531171512e+03
5.323284281788249245e+03
5.323828038658268270e+03
5.323845151148036166e+03
5.323879818399661417e+03
5.324024031753778218e+03
5.324071096606657193e+03
5.324367676207824843e+03
5.324567695701202865e+03
5.324782601047230855e+03
5.324787108164775418e+03
5.325392188695653203e+03
5.325693291202036562e+03
5.325755598171108431e+03
5.325884579898933225e+03
5.325970924292628297e+03
5.326762245353515937e+03
5.327149987623755806e+03
5.327191678600462183e+03
5.327343609567635212e+03
5.327353887879741706e+03
5.327381321881849544e+03
5.327491714053988289e+03
5.327602165406034146e+03
5.327913498101690493e+03
5.328061687358747804e+03
5.328150601325171920e+03
5.328240501526830485e+03
5.328242262429323091e+03
5.328249309005835130e+03
5.328381428887608308e+03
5.328434274638136230e+03
5.328504406794095303e+03
5.329081307748898325e+03
5.329512956991146893e+03
5.329557060894308961e+03
5.329629665023431699e+03
5.329755691211103112e+03
5.329823999735466714e+03
5.330009347150044960e+03
5.330252008618609580e+03
5.330381265485403674e+03
5.330409736276224976e+03
5.330523162934210632e+03
5.330620438013640523e+03
5.330706971634794172e+03
5.330813743938952030e+03
5.330880045388419603e+03
5.331009140610454779e+03
5.331218584591969375e+03
5.331394089967504442e+03
5.331567643897576090e+03
5.331941601865582925e+03
5.332005934045028880e+03
5.332017667388631708e+03
5.332025463271608714e+03
5.332218512083834867e+03
5.332257147514297685e+03
5.332264667449907392e+03
5.332417077991368387e+03
5.332454953960229432e+03
5.332758431597595518e+03
5.332792172624966042e+03
5.332814687660814343e+03
5.332834979524050141e+03
5.333292770903306518e+03
5.333343643033174885e+03
5.333437698385956537e+03
5.333667793530771633e+03
5.333760941029532660e+03
5.333800879595845799e+03
5.333890306840044104e+03
5.334068074985368185e+03
5.334231970466156781e+03
5.334820713108057134e+03
5.334896507179721084e+03
5.335173714176170506e+03
5.335175078653964192e+03
5.335680537726906550e+03
5.335688041286399312e+03
5.335834634340939374e+03
5.335983918365370300e+03
5.336097025015447798e+03
5.336693156355688188e+03
5.336701465368208119e+03
5.336743185387873382e+03
5.336813890038577483e+03
5.337032853680128028e+03
5.337224435573242772e+03
5.337519867899895871e+03
5.338003448358293099e+03
5.338388037308034654e+03
5.338669008750681314e+03
5.339269665760356474e+03
5.339279804846936713e+03
5.339379410253394781e+03
5.339413974851046078e+03
5.339451240785353548e+03
5.339768131887458367e+03
5.339948836214970470e+03
5.340047470999438701e+03
5.340346679190347459e+03
5.340666395691390790e+03
5.341126484270756919e+03
5.341421119430082399e+03
5.341650933377958609e+03
5.341771694105670576e+03
5.341833545297521596e+03
5.341862896551730046e+03
5.342153931060747709e+03
5.342194290230715524e+03
5.342249619496998093e+03
5.342404424718834889e+03
5.342575850828729017e+03
5.342614619065631814e+03
5.342678192165337350e+03
5.342773751026044920e+03
5.342784379311429802e+03
5.342926115230698997e+03
5.343120582257694878e+03
5.343582675390541226e+03
5.343926089234146275e+03
5.343978690405196176e+03
5.344090807140549259e+03
5.344352390439159535e+03
5.344522197204782969e+03
5.345138184651043048e+03
5.345242931791476622e+03
5.345278364085464091e+03
5.345432935423250456e+03
5.345649869764235518e+03
5.345741591325489935e+03
5.345795628704089722e+03
5.345803844616531023e+03
5.346008346679627721e+03
5.346187677920158421e+03
5.346709054143729190e+03
5.347511673187008455e+03
5.347792100875046344e+03
5.347907763052501650e+03
5.348145058651162799e+03
5.348156014273596156e+03
5.348301340670757781e+03
5.348416491890781799e+03
5.348437557557070249e+03
5.348496890592552518e+03
5.348786003259154313e+03
5.348820066059680357e+03
5.348856949650225943e+03
5.348975409296087491e+03
5.348987375686595442e+03
5.349341689330614827e+03
5.349618629026244889e+03
5.349678865791044700e+03
5.349899322671825757e+03
5.350082267606471760e+03
5.350142792661858948e+03
5.350334987204329082e+03
5.350421386433090447e+03
5.350508988380053779e+03
5.350565178182630916e+03
5.350661783772427952e+03
5.350736230935660387e+03
5.350741910885350990e+03
5.350833841478306567e+03
5.350933768877884177e+03
5.350956058334273621e+03
5.351081653442986863e+03
5.351452776205721420e+03
5.351664324151536675e+03
5.352392505449910459e+03
5.352502562781446613e+03
5.352611635081656459e+03
5.352707036315514415e+03
5.352776513830100157e+03
5.352891720614568840e+03
5.352932986972920844e+03
5.352959742487105359e+03
5.353017493898721114e+03
5.353165489699689715e+03
5.353300064759800989e+03
5.353437108086868648e+03
5.354408370797184034e+03
5.354428399140336296e+03
5.354625740000653423e+03
5.355108836297355083e+03
5.355234114789204796e+03
5.355241787390235004e+03
5.355386651789254756e+03
5.355705035005150421e+03
5.355706638116245813e+03
5.355753190886761331e+03
5.355877307453534740e+03
5.356065068387494648e+03
5.356433503888673840e+03
5.356450245371201163e+03
5.356688304460570180e+03
5.356873212507485732e+03
5.356975333268237591e+03
5.357340281184777268e+03
5.357404097270497914e+03
5.357594873670789639e+03
5.357673697828692639e+03
5.357826777258391303e+03
5.357955441574698852e+03
5.358210609762644708e+03
5.358497146649114256e+03
5.358548439247380884e+03
5.358675488490745920e+03
5.358691570973001035e+03
5.359343071085348129e+03
5.359403325775695521e+03
5.359752442625982439e+03
5.359856674579674291e+03
5.359924538857447260e+03
5.360203651410633938e+03
5.360221233967370608e+03
5.360539602363710401e+03
5.360655225540349420e+03
5.360661238661816242e+03
5.361014398981917111e+03
5.361098710366228261e+03
5.361491031156016106e+03
5.361756155053854854e+03
5.362010831894825969e+03
5.362172171635550512e+03
5.362464590232642877e+03
5.362696016302375938e+03
5.362866987939491992e+03
5.362928782452730957e+03
5.363096649292195252e+03
5.363263662767842106e+03
5.363382469199881598e+03
5.363500681766276102e+03
5.363781792354872778e+03
5.363868971283834071e+03
5.364356771068292801e+03
5.364374858496781599e+03
5.364684328513614673e+03
5.364841703756545030e+03
5.364885736754249592e+03
5.365133237462576290e+03
5.365258341368510628e+03
5.365568695263351401e+03
5.365584848729070472e+03
5.366017914943497090e+03
5.366079718895151927e+03
5.366142599608243472e+03
5.366424114677641228e+03
5.366529511543229091e+03
5.366620736815987584e+03
5.366666381896944586e+03
5.366712635307048004e+03
5.366728872814871465e+03
5.366764204027257620e+03
5.366785638622279293e+03
5.366914116037319218e+03
5.367092759332369496e+03
5.367203578681641375e+03
5.367315185079160074e+03
5.367753425728245929e+03
5.367796858600644555e+03
5.367961976565252371e+03
5.368193517564932336e+03
5.368216383810643492e+03
5.368316956109547391e+03
5.368356373064980289e+03
5.368414231426683727e+03
5.368750403007048590e+03
5.369025409383919396e+03
5.369188976559988077e+03
5.369201689670630913e+03
5.369349323880425800e+03
5.369477725102447039e+03
5.369483912263138336e+03
5.370112806704280047e+03
5.370666085962112447e+03
5.370692392032629868e+03
5.371002304112038473e+03
5.371117476112141958e+03
5.371786562924814461e+03
5.372186868435771430e+03
5.372317602938803248e+03
5.372446182968250469e+03
5.373325539472214587e+03
5.373340731039024831e+03
5.373373546726289533e+03
5.373857606989316082e+03
5.374262636904243664e+03
5.374444544757368021e+03
5.374444792729494111e+03
5.374655018615008885e+03
5.374797600408623111e+03
5.375208595519582559e+03
5.375457531968920193e+03
5.375617124800149213e+03
5.375655856764931741e+03
5.375828880167522584e+03
5.376000250424896876e+03
5.376081359280461584e+03
5.376090081171824750e+03
5.376160569371888414e+03
5.376308854816140411e+03
5.376636130788365335e+03
5.377080800393375284e+03
5.377271310244239430e+03
5.377802225280975108e+03
5.377824404036075975e+03
5.377868235061749147e+03
5.378013853592332453e+03
5.378103633877523862e+03
5.378581898873106184e+03
5.379008051366448854e+03
5.379217738363618992e+03
5.379306683721298214e+03
5.379367427753669290e+03
5.379536562915352079e+03
5.379684643221234182e+03
5.379728334893644387e+03
5.379735126324192606e+03
5.379788989721808321e+03
5.379928221932956149e+03
5.380246603137901729e+03
5.380513258917218991e+03
5.380696538822863658e+03
5.380739949458787123e+03
5.380792225413217238e+03
5.380844095979558915e+03
5.381178613433352439e+03
5.381509504557077889e+03
5.381580094738418666e+03
5.381664994521170229e+03
5.381724391466105772e+03
5.381759229847728420e+03
5.381765548463305095e+03
5.382104513301057523e+03
5.382423354425550315e+03
5.382546380689417674e+03
5.382573163455444046e+03
5.382678352097568677e+03
5.382948915738132200e+03
5.383051060689971564e+03
5.383523759342349877e+03
5.383548437153369377e+03
5.383991618164485772e+03
5.384256894165371705e+03
5.384664487469839514e+03
5.384939806038601091e+03
5.385327203870122503e+03
5.385449831768205513e+03
5.385617525489163199e+03
5.386072061223689161e+03
5.386269407242926718e+03
5.386313580066267605e+03
5.386385211451216492e+03
5.386867859122846312e+03
5.386877759408214843e+03
5.386949437433129788e+03
5.387622989072530800e+03
5.387758045937556744e+03
5.388180243003756004e+03
5.388473691311674884e+03
5.388622613411166640e+03
5.389130294982692249e+03
5.389637453531940992e+03
5.389984497679264678e+03
5.390703889050900216e+03
5.390772639137411716e+03
5.390799037605498597e+03
5.391218449195738685e+03
5.391388868228563297e+03
5.392013758732535280e+03
5.392768001368769546e+03
5.392869377010292737e+03
5.393284610257125678e+03
5.393733650923441019e+03
5.393745971925446611e+03
5.394462417913293393e+03
5.394482828199604228e+03
5.394734207114122000e+03
5.394764628461879511e+03
5.394948686973422809e+03
5.394977283288470971e+03
5.395274929947387136e+03
5.395314393785581160e+03
5.395459782103453108e+03
5.395510153501787499e+03
5.395631215310898369e+03
5.395662144202211493e+03
5.395919572945589607e+03
5.396043204539626458e+03
5.396071099930576565e+03
5.396278732353984196e+03
5.396596966474203327e+03
5.396628121768278106e+03
5.396761957739427999e+03
5.396776871584517721e+03
5.396864435788463197e+03
5.396916867139892020e+03
5.397141501704177244e+03
5.397275242438353416e+03
5.397420558914883259e+03
5.397817385878088317e+03
5.398008256516422989e+03
5.398016963621720606e+03
5.398199320024101326e+03
5.398351531266167513e+03
5.398426106418591189e+03
5.398664779421870662e+03
5.398756928753448847e+03
5.399365412468538125e+03
5.399480692861220632e+03
5.399837720155920579e+03
5.399941543240140163e+03
5.399977448049952727e+03
5.400075736347168458e+03
5.400099047777843225e+03
5.400427718486259437e+03
5.401320482701135916e+03
5.401563755543077605e+03
5.401780049023816900e+03
5.401946425134157835e+03
5.402277424852174590e+03
5.402851860725431834e+03
5.402899880007054890e+03
5.404388561761520577e+03
5.404810920009193978e+03
5.404817646804033757e+03
5.405049995958168438e+03
5.405188192730124683e+03
5.405190036822290494e+03
5.405276974863757459e+03
5.406074813937028011e+03
5.406230366013117418e+03
5.406492538382471139e+03
5.407198783740022009e+03
5.407339410827679785e+03
5.407432238080315074e+03
5.407664220336480867e+03
5.407885431701281959e+03
5.408659451837409506e+03
5.408788111501611638e+03
5.409144978093416285e+03
5.409260439762738315e+03
5.409419888943822116e+03
5.409958945831641358e+03
5.409985664779037506e+03
5.410526283364890332e+03
5.410640875602500273e+03
5.410732407214202794e+03
5.410855439259877130e+03
5.411205490444744100e+03
5.411375083222090325e+03
5.411439484227441426e+03
5.411739676345157932e+03
5.411795846300541598e+03
5.412231982302411780e+03
5.412319912123983158e+03
5.412965981176486821e+03
5.413003685978197609e+03
5.413398008663167275e+03
5.413431711755428296e+03
5.413643385391811535e+03
5.413651271337088474e+03
5.413717984428682030e+03
5.413732901828617287e+03
5.413776016827378953e+03
5.413934645185728186e+03
5.414283713528246153e+03
5.414445236751960692e+03
5.414784060434323692e+03
5.415108899698018831e+03
5.415492539166826646e+03
5.415835005154707687e+03
5.416012648253178668e+03
5.416025001580353091e+03
5.416386460946711850e+03
5.416862867359866868e+03
5.417014541484667461e+03
5.417085860188703919e+03
5.417399271741812299e+03
5.417863241400748848e+03
5.418183107135344471e+03
5.418341289003667043e+03
5.418950319270908949e+03
5.419200024825716355e+03
5.419462091350532319e+03
5.420155558957170797e+03
5.420535950827812485e+03
5.420557796279096692e+03
5.420944890445668534e+03
5.421461646567113348e+03
5.421887959173886884e+03
5.421969451283170201e+03
5.421994935636229457e+03
5.422196665260571535e+03
5.422438994399081821e+03
5.422678762548480336e+03
5.422830316750008933e+03
5.422917995038591471e+03
5.423060131014526632e+03
5.424012397227432302e+03
5.424660476844580444e+03
5.425074666600106866e+03
5.425099023015354760e+03
5.425186710921270787e+03
5.425363000614036537e+03
5.426235046950826472e+03
5.426484749575474780e+03
5.427424964734354944e+03
5.427869914348235397e+03
5.427956635791693770e+03
5.428699075925652323e+03
5.428792709008834208e+03
5.429006914901322489e+03
5.429067648349250703e+03
5.429116239295013656e+03
5.429685690505960338e+03
5.430451157491060258e+03
5.431203089318441926e+03
5.431427477861549050e+03
5.431692854661072488e+03
5.432103201781325879e+03
5.432544377269924553e+03
5.432642217069019352e+03
5.432879361100538517e+03
5.433132938082345390e+03
5.433464972204057631e+03
5.433591891146097623e+03
5.433721413383384970e+03
5.434038150457430675e+03
5.434741466804222000e+03
5.434938824667489826e+03
5.435112444806532949e+03
5.436432784718512266e+03
5.436670257856358148e+03
5.436785766137231803e+03
5.437128199825203410e+03
5.438299990494691883e+03
5.438334886372153051e+03
5.439187190060787543e+03
5.439316723026499858e+03
5.439536000590233016e+03
5.440868333495534898e+03
5.442173738598924501e+03
5.442250028295903576e+03
5.442314907074952316e+03
5.442632087949774359e+03
5.443135551904857493e+03
5.443256839171845968e+03
5.443661859396794171e+03
5.443693738807949558e+03
5.444804535095841857e+03
5.444944885813831206e+03
5.445354875801176604e+03
5.445511984651169769e+03
5.445588757763464855e+03
5.446371645442430236e+03
5.446402590938373578e+03
5.446662027450146525e+03
5.447050109968909055e+03
5.447154741482511781e+03
5.447235887156954050e+03
5.447316095124974709e+03
5.447383911726530641e+03
5.447418390087495027e+03
5.447562460677482704e+03
5.447750260343944319e+03
5.447935668634070680e+03
5.448286646237018431e+03
5.448874831429587175e+03
5.449698950242924184e+03
5.450363670324853956e+03
5.450785863081836396e+03
5.450887227909472131e+03
5.451490505224612207e+03
5.451775738214781995e+03
5.451792192234087452e+03
5.452820110811297127e+03
5.452966257672852407e+03
5.453058963628174752e+03
5.453285945836561041e+03
5.453311338359044385e+03
5.453762954868308043e+03
5.454081460805512506e+03
5.454144902420439394e+03
5.454243190511290777e+03
5.454324210692382621e+03
5.454582420524529880e+03
5.454832170799048981e+03
5.456080603512503330e+03
5.456132526875176154e+03
5.457687516969323951e+03
5.457723311366141388e+03
5.458114782683867816e+03
5.458735142058121710e+03
5.458747514656547537e+03
5.459274283305143399e+03
5.459356394903299588e+03
5.459772563575384993e+03
5.459946276102409684e+03
5.460108091201034767e+03
5.460355242649995489e+03
5.460582259353594964e+03
5.460986866630786608e+03
5.461321132429660793e+03
5.461335397869758708e+03
5.461661541208645758e+03
5.461711288492971107e+03
5.462365761575812940e+03
5.463055531086462906e+03
5.463138665142600985e+03
5.463587727077391719e+03
5.464468930072269359e+03
5.464539067927404176e+03
5.464650346750129756e+03
5.465170042377730169e+03
5.466380999587764563e+03
5.466619552362417380e+03
5.467011431348210863e+03
5.467344150369818635e+03
5.467884788188100174e+03
5.467938181127416101e+03
5.468825602954713759e+03
5.468977549063668448e+03
5.469190393698423577e+03
5.469638580630931756e+03
5.469833905331243841e+03
5.470218747771622475e+03
5.470359261595582211e+03
5.470405059865574913e+03
5.470770260009486265e+03
5.470851594744863178e+03
5.470874090314534442e+03
5.471256912554420524e+03
5.471269753015045353e+03
5.471436621428324543e+03
5.471606664429389639e+03
5.471707691041100588e+03
5.472724773763458870e+03
5.473033690208623739e+03
5.473098303762553769e+03
5.473130847924818227e+03
5.473529075258590638e+03
5.473741156883359508e+03
5.473879717194236036e+03
5.474362671697184851e+03
5.475150427408781979e+03
5.475163817679338536e+03
5.475412202187124421e+03
5.475665517980512050e+03
5.475812357912737752e+03
5.475850860922437278e+03
5.476040742372868408e+03
5.476307861641914315e+03
5.476445287093314619e+03
5.476959785283293968e+03
5.477124546555410234e+03
5.477339298649238117e+03
5.477413168211014636e+03
5.477585631393142648e+03
5.477817482226257198e+03
5.477974942157316946e+03
5.478146273717205077e+03
5.478846907863716297e+03
5.479472158049346035e+03
5.479479265866722017e+03
5.479591911036125566e+03
5.480041134627675092e+03
5.480325499661862523e+03
5.480662454802454704e+03
5.480831547224427595e+03
5.481265816507912859e+03
5.481479677074119536e+03
5.481993707596116110e+03
5.482139397420573914e+03
5.482923162328102080e+03
5.483061155089547356e+03
5.484079590052328058e+03
5.484128958472073464e+03
5.484401575813691124e+03
5.484460512032068436e+03
5.484653593694770279e+03
5.485490483273193604e+03
5.486834758291311118e+03
5.486987496541136352e+03
5.487263919673266173e+03
5.487420679886473408e+03
5.487495955618409425e+03
5.487778933087182850e+03
5.488058386250384501e+03
5.488835139183573119e+03
5.489123087338942241e+03
5.489127290634096425e+03
5.489254051534133396e+03
5.489315954417555076e+03
5.489646070443424833e+03
5.489724063496623785e+03
5.490186167956692771e+03
5.490614659646802465e+03
5.490657308078415554e+03
5.490674818473959022e+03
5.490832077707007556e+03
5.492798032265043730e+03
5.493228508611726284e+03
5.493669551886220688e+03
5.493924950805405388e+03
5.494227136570073526e+03
5.494896617102844175e+03
5.494900172756565553e+03
5.494961319400487810e+03
5.495864718863522285e+03
5.495908705999875565e+03
5.496108591147692096e+03
5.496706528021853046e+03
5.496926624188366077e+03
5.497180669823410426e+03
5.497385172693443565e+03
5.497465981944365922e+03
5.497515457082876310e+03
5.497693433084968092e+03
5.497700019683427854e+03
5.497730435893010508e+03
5.497807035683395043e+03
5.498063636929596214e+03
5.498493682062739026e+03
5.498507335539905398e+03
5.498816196595978909e+03
5.499417926308954520e+03
5.500333856063497478e+03
5.500399502995363036e+03
5.500537280008867128e+03
5.500756294758250078e+03
5.500832893866180711e+03
5.501242408511001486e+03
5.501370427732518692e+03
5.501433276220839616e+03
5.501434731497868597e+03
5.501623348273101328e+03
5.501895553505086355e+03
5.501903531318767818e+03
5.502280764094258302e+03
5.502464435076953123e+03
5.502484818740200353e+03
5.502527280689569125e+03
5.502741766870748506e+03
5.503401942303764372e+03
5.503494853708763912e+03
5.503506199983139595e+03
5.503547239240793715e+03
5.503855592314092064e+03
5.504548604473800879e+03
5.504563995481013080e+03
5.504779471754291990e+03
5.504798110792773514e+03
5.504978560131422455e+03
5.505225964424806079e+03
5.506201482954373205e+03
5.506401247983093526e+03
5.507559805010952914e+03
5.507891022953700485e+03
5.507988457464946805e+03
5.507992055453000830e+03
5.508366820570286109e+03
5.508446528989574290e+03
5.508785085475638880e+03
5.508938532853821926e+03
5.509328043400575552e+03
5.509692648811263098e+03
5.509804017552045480e+03
5.510440076994341325e+03
5.510573008151441172e+03
5.510704409803784074e+03
5.511277027532719330e+03
5.511335907365619278e+03
5.511727108852502170e+03
5.511842996760961796e+03
5.512301118888059136e+03
5.512395927495977958e+03
5.512849533129323390e+03
5.513098148763136123e+03
5.513396434862988826e+03
5.513972863447235795e+03
5.513986837544222908e+03
5.514169839884164503e+03
5.514352500289553973e+03
5.514458308398093322e+03
5.514561525670350420e+03
5.514676774396921246e+03
5.514792346519671810e+03
5.514911505125478470e+03
5.515050564334772389e+03
5.515248054927744306e+03
5.515756613016520532e+03
5.516454300313704152e+03
5.517033964030179959e+03
5.517086730251799963e+03
5.517168630728109747e+03
5.517192196441301348e+03
5.517430806066856348e+03
5.517594333872088100e+03
5.517842315085761584e+03
5.517881191508342454e+03
5.518044165176587740e+03
5.518456102321103572e+03
5.518526556706990050e+03
5.518537465432370482e+03
5.518656640875426092e+03
5.518685239737980737e+03
5.519304340543510079e+03
5.519388112933534103e+03
5.520736553483690841e+03
5.520899927716081038e+03
5.521102097287208380e+03
5.521898241914017490e+03
5.522457924545225069e+03
5.522581491216971699e+03
5.522802889148683789e+03
5.523529365067913204e+03
5.523916304386018965e+03
5.523993768420333254e+03
5.524559291742572896e+03
5.524644626009880994e+03
5.525345641831876492e+03
5.526069789840437807e+03
5.526368920105648613e+03
5.526935459264319434e+03
5.526977742829748422e+03
5.527157368250781474e+03
5.527313030104163772e+03
5.528154348722511713e+03
5.528414337582622466e+03
5.528444832597705499e+03
5.528910242112948254e+03
5.529117785404822826e+03
5.529466286985932129e+03
5.529530261459567555e+03
5.529596277727547204e+03
5.529798032307215180e+03
5.530350808115791551e+03
5.530487731905364853e+03
5.530814766186566885e+03
5.530946204792312528e+03
5.531016767446700214e+03
5.531734732284791789e+03
5.531757649704800315e+03
5.531885169002659495e+03
5.531892696157454338e+03
5.532065691891300958e+03
5.532093892725572005e+03
5.532344647514040844e+03
5.532410268095936772e+03
5.533180094910933803e+03
5.533247721693750464e+03
5.534898498933876908e+03
5.535186314379082432e+03
5.535215395659643946e+03
5.535491005404966927e+03
5.535557599540272349e+03
5.535694252429043445e+03
5.535712253106989920e+03
5.536151364377094069e+03
5.537044897861896061e+03
5.537540283043716954e+03
5.537564631443819962e+03
5.537771217409227575e+03
5.537803911398202217e+03
5.537946729272754055e+03
5.539136236726605603e+03
5.540131107694281127e+03
5.541474778828269336e+03
5.541581378566937929e+03
5.541602244635198986e+03
5.541679038238564317e+03
5.541799418809453528e+03
5.542869844055148860e+03
5.543071627659682235e+03
5.543610504567104726e+03
5.544234425384734095e+03
5.544448103564818666e+03
5.544506330598461318e+03
5.544742633325349743e+03
5.544995466465676145e+03
5.545327641250320085e+03
5.546269608983677244e+03
5.546753988464110989e+03
5.546861862628245945e+03
5.547123108341041188e+03
5.547313446531713453e+03
5.547424126386864373e+03
5.547447390677856674e+03
5.547538194018797185e+03
5.547988074168807543e+03
5.548130847411798641e+03
5.548192496491579732e+03
5.548375875360793543e+03
5.548641468919599902e+03
5.548870552160985426e+03
5.549324045086912520e+03
5.549505567393138335e+03
5.550079352243238645e+03
5.550306171604687734e+03
5.550688322608135422e+03
5.550794800386684983e+03
5.550853113192940327e+03
5.551488275682650055e+03
5.551600596293143099e+03
5.551875520349198268e+03
5.552013529179839679e+03
5.552916811669943854e+03
5.553112621988658248e+03
5.553432850175287058e+03
5.553454540824967808e+03
5.553548328198766285e+03
5.554432926600135943e+03
5.554576609233772615e+03
5.554869929380748545e+03
5.555002917781602264e+03
5.555114506407039698e+03
5.556418420878880170e+03
5.556614524851377610e+03
5.556686841993351663e+03
5.556965405990187719e+03
5.557173503011319553e+03
5.557646769062795101e+03
5.557689574379851365e+03
5.557767890573700242e+03
5.557949558198472005e+03
5.558442017182125710e+03
5.558776662285225029e+03
5.559594539971500126e+03
5.559610406050017446e+03
5.560125996178136120e+03
5.560471435256938094e+03
5.561206921431866249e+03
5.561331233338382845e+03
5.562612595366184905e+03
5.562650973133714615e+03
5.562771061022420326e+03
5.562797784640970349e+03
5.562883975371551969e+03
5.562903753004303326e+03
5.563406428030192728e+03
5.563433884611029498e+03
5.563461985285720402e+03
5.563557248727089245e+03
5.563843341139013319e+03
5.563874390280866464e+03
5.564080455734463612e+03
5.564409921666478112e+03
5.565229717911645821e+03
5.565503869125791425e+03
5.565537019073848569e+03
5.566336568359991361e+03
5.566525575141846275e+03
5.566652205698113903e+03
5.567008701246256351e+03
5.567356154739058184e+03
5.567820634769472235e+03
5.568222958804624795e+03
5.568734682381425955e+03
5.569115303864285124e+03
5.569145244172551429e+03
5.569177337376288961e+03
5.569567914351248874e+03
5.569659563077217172e+03
5.569718373403287842e+03
5.569996823280618628e+03
5.570085142691643341e+03
5.570231775379342253e+03
5.570618382494448269e+03
5.571504697829781435e+03
5.571569690298110800e+03
5.571594805603203895e+03
5.571769636169306978e+03
5.571801174957336116e+03
5.572148272075157365e+03
5.572183596660201147e+03
5.572392621186551878e+03
5.572611019447715080e+03
5.572725025056092818e+03
5.572937956937769741e+03
5.573160670837787620e+03
5.574069386117987051e+03
5.574344374491977760e+03
5.574581164198209990e+03
5.575058864659774372e+03
5.575340979493384111e+03
5.575351810794993980e+03
5.576215078580594309e+03
5.576392274511104915e+03
5.576427837454187284e+03
5.576433471136680964e+03
5.576760272029156113e+03
5.576801513385164071e+03
5.577318623414696958e+03
5.577632164041312535e+03
5.578349509724927884e+03
5.578595863734868544e+03
5.579088086053658117e+03
5.579617002317018887e+03
5.579790116704912180e+03
5.579960391946514392e+03
5.580501006529078040e+03
5.580529332633141166e+03
5.581308442488361834e+03
5.581837316664893478e+03
5.582396469358961440e+03
5.582489284122569188e+03
5.582553702757603787e+03
5.582571517291805321e+03
5.583399225990855484e+03
5.583614123897326863e+03
5.583985918149938698e+03
5.584314491927026211e+03
5.584736939694037574e+03
5.585051513035272365e+03
5.585445687077866751e+03
5.586777269382757368e+03
5.587421837971937748e+03
5.587562496522878973e+03
5.587890328432159549e+03
5.588084356572526303e+03
5.588233682945082364e+03
5.588287410276915580e+03
5.588381247989837902e+03
5.588605300027381418e+03
5.588696516167306072e+03
5.589304258051359284e+03
5.589352261202701811e+03
5.589520853047023593e+03
5.589579888855433637e+03
5.589594627894992300e+03
5.590112923026933458e+03
5.590344021952044386e+03
5.590498521066277135e+03
5.591083072628063746e+03
5.591801629050421980e+03
5.591924313611303660e+03
5.592267499451161711e+03
5.592291397236641387e+03
5.592410045767590418e+03
5.592822570120427372e+03
5.592997294102736305e+03
5.593122137513173584e+03
5.593640527655450569e+03
5.593647161749905536e+03
5.593660197264044655e+03
5.593705597552272593e+03
5.593780255440281508e+03
5.594032488324579390e+03
5.594058067205166481e+03
5.594273547242057248e+03
5.594297875692088382e+03
5.594527179531473848e+03
5.594874283385352101e+03
5.595420107610275409e+03
5.595442826378721293e+03
5.595604384601739184e+03
5.595634193587124173e+03
5.595939201086896901e+03
5.596001977325643566e+03
5.596356680703282109e+03
5.596841113224605579e+03
5.597241410656845801e+03
5.598346280915728130e+03
5.598473022172217497e+03
5.598638204656274866e+03
5.599514433714767620e+03
5.599994239709782960e+03
5.600026818392213499e+03
5.600264481700301076e+03
5.600984754300923669e+03
5.601303742453461382e+03
5.601681452290257766e+03
5.601770158528386673e+03
5.602159618175906871e+03
5.602438928880466847e+03
5.603738321220262151e+03
5.603865558685555698e+03
5.603902760247191509e+03
5.604059737045171460e+03
5.604079688618572618e+03
5.604599234184220222e+03
5.604792540433518298e+03
5.604809551432750595e+03
5.604982983126717045e+03
5.605129447433341738e+03
5.605194099768056731e+03
5.606281530298138023e+03
5.606553656522868550e+03
5.606785224525289777e+03
5.607039404381067470e+03
5.607151989603340553e+03
5.607773213819071316e+03
5.608675552291063468e+03
5.608912754961169412e+03
5.609142405147719728e+03
5.609207420050131077e+03
5.609579486018112220e+03
5.610219564108979284e+03
5.610809709845169891e+03
5.611229905319234604e+03
5.612053307228729864e+03
5.612445506322180336e+03
5.613033267571863689e+03
5.613798367694023909e+03
5.613887644667857785e+03
5.614186626972615159e+03
5.614348845835304928e+03
5.614416660542828140e+03
5.614605963750062074e+03
5.614635289094737345e+03
5.614998725440109411e+03
5.615156066917581484e+03
5.615261059053787903e+03
5.615508065674314821e+03
5.615663394118240831e+03
5.615786340045684483e+03
5.615846835077823016e+03
5.615906878813606454e+03
5.616577190978679937e+03
5.616766228984846748e+03
5.618569563489981192e+03
5.618711287146056748e+03
5.618833196497965218e+03
5.619228690555989488e+03
5.619288512448334586e+03
5.619531607526096195e+03
5.619983488760295586e+03
5.620334183339606170e+03
5.620396349355919483e+03
5.620967160890952982e+03
5.623255832169477799e+03
5.623346516984779555e+03
5.623524051348665125e+03
5.623725398995283285e+03
5.623911802437705774e+03
5.623937927766532994e+03
5.624054436388835711e+03
5.624092381406031564e+03
5.624651756538555674e+03
5.625025222484598999e+03
5.625046447138476651e+03
5.625093731513916282e+03
5.625309888461282753e+03
5.625515112443545149e+03
5.626034913072631753e+03
5.626361859808615918e+03
5.626649720609036194e+03
5.626714240080324998e+03
5.626888477158117894e+03
5.627033942093561564e+03
5.627258098239853098e+03
5.627275149815717668e+03
5.627566568540037224e+03
5.627727288418807802e+03
5.627963611211636817e+03
5.628543929062759162e+03
5.628952315682921835e+03
5.629329858711057568e+03
5.629394883477107214e+03
5.631033495669085823e+03
5.631596721076407448e+03
5.631978345623996574e+03
5.632055757072630513e+03
5.632240397612227753e+03
5.633540501974555809e+03
5.633554288455767164e+03
5.633560611301021709e+03
5.633595645322472592e+03
5.633602399468246404e+03
5.633761534421664692e+03
5.634658210813935511e+03
5.635288411436617935e+03
5.635467418399154667e+03
5.635588400016801643e+03
5.636039012719373204e+03
5.636136858881832268e+03
5.636909829094654015e+03
5.636954372545604201e+03
5.636973510066841300e+03
5.637402457205890641e+03
5.637459785600067335e+03
5.637605762382040666e+03
5.637776148010070756e+03
5.638718314490951343e+03
5.639583904777035059e+03
5.639603431772289696e+03
5.639967391280644733e+03
5.640764491018373519e+03
5.641367614340589171e+03
5.641581179162175431e+03
5.641778809847839511e+03
5.642433103984302761e+03
5.642705562680009280e+03
5.642962924511571146e+03
5.643090941200041016e+03
5.643304833078796946e+03
5.643915362142992308e+03
5.644124488670264327e+03
5.644430604404107726e+03
5.644676094154730890e+03
5.644686531312116131e+03
5.645362219077142072e+03
5.646323573234055402e+03
5.646654871745020500e+03
5.646787478303567696e+03
5.646796836813115988e+03
5.647624331272143536e+03
5.647756030301689862e+03
5.648005891101435736e+03
5.648067970147676533e+03
5.649035073392436971e+03
5.650271528892191782e+03
5.650492222009466786e+03
5.650755396353986725e+03
5.650892962504701245e+03
5.651071033594996152e+03
5.651081807487315018e+03
5.651347715977080043e+03
5.652308291327223742e+03
5.653044747844285666e+03
5.653441700110800411e+03
5.653600536606792957e+03
5.654010217005120467e+03
5.654600602685613012e+03
5.655156632881492442e+03
5.655271896645300330e+03
5.655427918324501661e+03
5.655821023719579898e+03
5.656326888098285053e+03
5.656687369852763368e+03
5.656844871778782363e+03
5.657251721987177007e+03
5.657265938129973620e+03
5.658005025872863371e+03
5.658442443702808305e+03
5.658956204510416683e+03
5.659624764536532894e+03
5.660398180000833236e+03
5.660714130743044734e+03
5.661042901665520731e+03
5.661304286218124616e+03
5.661407202369662627e+03
5.661769955507388659e+03
5.661947786214847838e+03
5.662333316461847971e+03
5.662666996304881650e+03
5.662709811882769827e+03
5.662780177633597305e+03
5.663279511948425352e+03
5.663796497779518177e+03
5.663797949704747225e+03
5.663912394721215605e+03
5.663930081372869608e+03
5.664104458755597079e+03
5.665157179079988055e+03
5.665162833595764823e+03
5.665170544488032647e+03
5.665498084018508052e+03
5.665764821271523033e+03
5.665930816606617554e+03
5.666222242190689030e+03
5.666509104840379223e+03
5.666618318565514528e+03
5.666999244774339786e+03
5.667243568294141369e+03
5.667560461314397799e+03
5.667727853260811571e+03
5.668232279519384065e+03
5.668633594130012170e+03
5.668760081747360346e+03
5.668780348887570653e+03
5.669311567941774229e+03
5.670083108138307580e+03
5.670251094084696888e+03
5.670475687862958694e+03
5.670875691969916261e+03
5.670903911750428051e+03
5.670994400269855760e+03
5.671249105186822817e+03
5.671493064534504811e+03
5.671796371877674574e+03
5.672000644384556836e+03
5.672272711188979883e+03
5.672289286000412176e+03
5.672514764211378861e+03
5.672533861707120195e+03
5.672557209150153540e+03
5.672843132510367468e+03
5.672861570974017013e+03
5.672870683003376143e+03
5.673203321975491235e+03
5.674358629091058901e+03
5.675046987607025585e+03
5.675338687833203949e+03
5.676659917150705951e+03
5.676808495186310211e+03
5.677042811345515474e+03
5.677380297126514051e+03
5.677598416159248700e+03
5.678284270544417268e+03
5.678331329522045962e+03
5.678439655804632821e+03
5.679076295995517285e+03
5.679144245873960244e+03
5.679576730705675800e+03
5.679639021990348738e+03
5.679904461939126122e+03
5.680084955769109911e+03
5.680160111955396133e+03
5.680168031444958615e+03
5.680186239538571499e+03
5.680602684419071920e+03
5.680933926843526933e+03
5.681116390069732915e+03
5.681240156344123534e+03
5.681336289137637323e+03
5.681337686036034938e+03
5.682305946809170564e+03
5.682427701545363561e+03
5.682737351559989293e+03
5.683412715247623964e+03
5.683607440336959371e+03
5.683852111438903194e+03
5.684036933017548108e+03
5.684134950970913451e+03
5.684473360716740899e+03
5.684682039385277676e+03
5.685132670227030758e+03
5.685290455935719365e+03
5.686743522952312560e+03
5.687635381417509052e+03
5.687702533082618174e+03
5.687797171352463920e+03
5.688383772710216363e+03
5.689018013510954916e+03
5.689106149786995047e+03
5.689374055740496260e+03
5.689405666934052533e+03
5.689446937641674594e+03
5.689882875569218413e+03
5.690104796639691813e+03
5.690326297011936731e+03
5.690489494398050738e+03
5.691088119824626119e+03
5.692182230000034906e+03
5.692359766098712498e+03
5.692619543281567530e+03
5.692749566934811810e+03
5.692976201760115146e+03
5.693907523930748539e+03
5.693940948931246567e+03
5.694000124679799228e+03
5.694177637141436207e+03
5.694530205359389583e+03
5.694904929211844319e+03
5.695603415606193266e+03
5.696063054082515919e+03
5.696194664759588704e+03
5.696331999641136463e+03
5.696557400197776587e+03
5.696976447382481638e+03
5.697217516574281944e+03
5.697562363404693315e+03
5.697836105479075741e+03
5.698010250264626848e+03
5.698218595014933271e+03
5.698554636187481265e+03
5.698872629585106552e+03
5.698956621577402075e+03
5.699017920317320204e+03
5.699028775495922673e+03
5.699196183491931151e+03
5.699452421367739589e+03
5.699594365480265878e+03
5.699744870033597181e+03
5.700256109231220762e+03
5.700343785188477341e+03
5.701064697559431806e+03
5.701218175886062454e+03
5.701259148249169812e+03
5.702139006066301590e+03
5.702193146596482620e+03
5.702262327814799391e+03
5.702309340886414248e+03
5.702386254383562118e+03
5.702874806313946465e+03
5.702931669425844120e+03
5.702986087714009045e+03
5.703656265303522559e+03
5.703940012112980185e+03
5.704198023051138989e+03
5.704649975007096145e+03
5.704783705935993567e+03
5.704891770535951764e+03
5.705136625739148258e+03
5.705284952142332259e+03
5.705617414138317145e+03
5.705619087618126287e+03
5.705737905187119395e+03
5.706081061701916042e+03
5.706536684928676550e+03
5.706555413162333934e+03
5.706768495227198400e+03
5.706915835033562871e+03
5.706926886804660171e+03
5.707510900871233389e+03
5.707901610524565513e+03
5.708317597428555018e+03
5.708696079028127315e+03
5.708931572222139948e+03
5.709218153895149953e+03
5.709332575256225027e+03
5.709401238203017783e+03
5.709655320964620842e+03
5.709874130598352167e+03
5.709875576029186050e+03
5.709958894519668320e+03
5.710308908765058732e+03
5.710713284708443098e+03
5.710742788325319452e+03
5.711169360525687807e+03
5.711384919071961122e+03
5.712044331008622066e+03
5.712209938576142122e+03
5.712777286191093481e+03
5.713444893201241939e+03
5.713599390614398544e+03
5.713671756484146499e+03
5.713809940842515971e+03
5.714320136903626917e+03
5.715776058064313474e+03
5.716095649202907225e+03
5.716316089800471673e+03
5.716664170046294203e+03
5.717066231506844815e+03
5.717901496704748752e+03
5.718421974942336419e+03
5.718613578126548418e+03
5.718621041012553178e+03
5.718667251795672200e+03
5.718673117847633875e+03
5.718675176982435914e+03
5.718904617207843330e+03
5.718967301775190208e+03
5.719317883939870626e+03
5.719472008864400777e+03
5.719733011023343352e+03
5.720147334714846693e+03
5.720227159861104155e+03
5.720634197309297633e+03
5.721131995791078225e+03
5.721200457092423676e+03
5.722068308693314975e+03
5.722452846441421570e+03
5.722577280392461944e+03
5.722875469303876343e+03
5.722970592546034823e+03
5.723021854123577214e+03
5.723043308291976246e+03
5.723223502267587719e+03
5.723394849896994856e+03
5.723547727340072015e+03
5.723642009413621963e+03
5.723684089450986903e+03
5.723744586284918114e+03
5.723939113967837329e+03
5.724096931706860232e+03
5.724322474844189856e+03
5.724477489116077777e+03
5.724489494955401824e+03
5.724948519939739526e+03
5.725040788554587380e+03
5.725359784588071307e+03
5.725434187118926275e+03
5.725619307640524312e+03
5.726536722205661135e+03
5.726890363446248557e+03
5.726957375400013916e+03
5.727022158884067721e+03
5.727319906796241412e+03
5.727398293309599467e+03
5.727411432168424653e+03
5.727873498398910669e+03
5.727976460935611613e+03
5.729381509614856441e+03
5.729462666714659463e+03
5.729661346516095364e+03
5.729849824276984691e+03
5.730241435460567118e+03
5.730911139292529697e+03
5.730959943571750955e+03
5.731441196861876961e+03
5.731565542242547053e+03
5.731685113578520941e+03
5.732014491560512397e+03
5.732195598142204290e+03
5.732347102155584253e+03
5.732658133993996671e+03
5.732664484809350142e+03
5.733130311392615113e+03
5.733344348240132604e+03
5.733557983903896456e+03
5.733634094501459003e+03
5.734394340906653269e+03
5.734404372713601333e+03
5.734640932553365928e+03
5.734755833101129610e+03
5.734873725806981383e+03
5.735329197682985978e+03
5.735670905303398285e+03
5.735933513965068414e+03
5.736057462433661385e+03
5.736206540353871787e+03
5.736314632851701390e+03
5.736926356020981075e+03
5.737248055964343621e+03
5.737445300712553035e+03
5.737986336507231499e+03
5.738135787557114782e+03
5.739355531176239310e+03
5.739749686879886212e+03
5.740935335481137372e+03
5.741026507084015975e+03
5.741118808792253731e+03
5.741511258544091106e+03
5.741891519768973922e+03
5.742007706840965511e+03
5.742157117254026161e+03
5.742307436580100330e+03
5.743012701320471933e+03
5.743025583670882042e+03
5.743159722842053270e+03
5.743275394234977284e+03
5.743626857728631876e+03
5.743722352762193623e+03
5.744061562749961922e+03
5.744147310289116831e+03
5.744190403713568230e+03
5.744214980279204610e+03
5.744293047791147728e+03
5.744587239140971178e+03
5.744605317707008908e+03
5.744622452961449198e+03
5.745617918333409762e+03
5.746188298231328190e+03
5.746528081881300750e+03
5.747011304338784612e+03
5.747030831200500870e+03
5.747117665229741760e+03
5.747651308614605114e+03
5.748322253420840752e+03
5.748743746013071359e+03
5.748780122521109661e+03
5.748824732334714099e+03
5.748857487491348365e+03
5.748996722914292150e+03
5.749144099078294857e+03
5.749632492005663153e+03
5.749655920681472708e+03
5.749925831379480769e+03
5.750023670587780543e+03
5.750093364668703543e+03
5.750323321841880897e+03
5.750819737689782414e+03
5.750946103768720604e+03
5.750998889024400341e+03
5.751193076625631875e+03
5.751826393803589781e+03
5.752219241222192068e+03
5.752987027807377672e+03
5.753134970603511647e+03
5.753166714991941262e+03
5.753607885685893962e+03
5.754113930662521852e+03
5.754193119967408165e+03
5.754791692710539792e+03
5.754892015024461216e+03
5.755098461634565865e+03
5.755532619128353872e+03
5.755552781653517741e+03
5.755925056563055477e+03
5.756008289238423458e+03
5.756414625944072213e+03
5.756517894721072480e+03
5.757354911729195010e+03
5.757755661545939802e+03
5.757970797445460448e+03
5.759161769169299987e+03
5.759897905994693247e+03
5.759958089182259755e+03
5.760193104887158370e+03
5.760625294493231195e+03
5.761138150589976249e+03
5.761145848114952969e+03
5.761202590953230356e+03
5.761932807638720988e+03
5.762489316925407365e+03
5.763877785144780319e+03
5.764116345846605327e+03
5.764580632209857868e+03
5.764635983086693159e+03
5.764743355925597825e+03
5.765238103081168447e+03
5.765328785564704958e+03
5.765474116434345888e+03
5.766299447257090833e+03
5.766370604375370931e+03
5.766482756471745233e+03
5.766695462764268086e+03
5.766893242436304718e+03
5.767262943662653015e+03
5.767618168295049145e+03
5.767785813255975881e+03
5.767901483531245503e+03
5.768190722171557354e+03
5.768343087202839342e+03
5.768795685092296480e+03
5.768920396235558655e+03
5.768960877360676022e+03
5.768996883987433648e+03
5.769016310324069309e+03
5.769027237612011959e+03
5.769398493692087868e+03
5.769653565055081344e+03
5.769740712065028674e+03
5.770160323091213286e+03
5.770198943637188677e+03
5.770250605858992458e+03
5.770471878339371870e+03
5.770546671002524818e+03
5.770792673135835685e+03
5.770996613843914020e+03
5.771086908776446762e+03
5.771517732656702719e+03
5.771621533608779828e+03
5.772164654464376326e+03
5.772205472767001993e+03
5.772651636914182745e+03
5.772719362875566731e+03
5.772872901546495086e+03
5.773036907331599650e+03
5.773048577755555016e+03
5.773147155780121466e+03
5.773271840426452400e+03
5.774153090703181988e+03
5.774320849210535016e+03
5.775503821158093160e+03
5.775785838180532664e+03
5.776189919493666821e+03
5.776267509024753053e+03
5.776594140351381611e+03
5.776944157910431386e+03
5.777009563939369400e+03
5.777694653229589676e+03
5.778734420089152081e+03
5.779045013142870630e+03
5.779109476635319879e+03
5.779597221019400422e+03
5.779732097045231058e+03
5.779794761813982404e+03
5.780174092521315288e+03
5.780201268723499197e+03
5.780398934638608807e+03
5.780566231862903805e+03
5.780600335388347958e+03
5.780755932051506534e+03
5.780890849565003009e+03
5.780915101224762111e+03
5.781249642101987774e+03
5.781366456115235451e+03
5.782207408211545953e+03
5.782690611004858511e+03
5.783285849885816788e+03
5.783618102018137506e+03
5.783661254697366530e+03
5.783978886496933228e+03
5.784225585223902272e+03
5.784393141141223168e+03
5.784587498142793265e+03
5.784721298653759732e+03
5.785326097171137917e+03
5.785388973581795653e+03
5.785437596720013971e+03
5.785637316086144892e+03
5.785662881360860410e+03
5.785697600874865202e+03
5.786366678813952603e+03
5.786714919883734183e+03
5.787211456771314261e+03
5.787444201773729219e+03
5.787572884137102847e+03
5.787704227264545807e+03
5.787711775299076180e+03
5.788174979067169261e+03
5.788329233384836698e+03
5.788385489905471331e+03
5.788437505202252396e+03
5.788665749590565611e+03
5.788997152835418092e+03
5.789126595956172423e+03
5.789299351778794517e+03
5.789301593803890682e+03
5.789548233836210784e+03
5.790173132416206499e+03
5.790463203986659209e+03
5.790719555948693596e+03
5.791081514126127331e+03
5.791579290482231045e+03
5.792124723925002399e+03
5.793412901071596934e+03
5.793627574772124717e+03
5.793756681397291686e+03
5.793772418123357056e+03
5.794250223837589147e+03
5.794323007912138564e+03
5.794482091704375307e+03
5.795124725217885498e+03
5.795126636182237235e+03
5.795548893979163950e+03
5.795568929437797124e+03
5.795763310766181348e+03
5.795826629614261037e+03
5.796305943165270037e+03
5.796353777690239440e+03
5.796475182108739318e+03
5.797246320888652008e+03
5.797369285276642586e+03
5.797372900688810660e+03
5.797462460129786450e+03
5.797693947656235650e+03
5.798003431142853515e+03
5.798177212109899301e+03
5.798318087004621702e+03
5.798507205698161670e+03
5.799086103747633388e+03
5.799447681976464992e+03
5.799622572654400756e+03
5.800079874252683112e+03
5.800200215647978439e+03
5.800204401227296330e+03
5.800448355466604880e+03
5.800789094566095628e+03
5.801664565874601976e+03
5.802423675788234505e+03
5.802761768852882597e+03
5.802866798878816553e+03
5.803488625427769875e+03
5.804273971307249667e+03
5.804705613762733265e+03
5.804729095948224312e+03
5.804842348787450646e+03
5.805060577593890230e+03
5.805394663575953018e+03
5.805745418279418118e+03
5.805758355379155546e+03
5.806178302972591155e+03
5.806198670863400366e+03
5.806338486088766331e+03
5.806388128332935594e+03
5.806417490384258599e+03
5.806475352109412597e+03
5.806570655199150679e+03
5.806728214498290981e+03
5.806749113600298188e+03
5.807496878576815106e+03
5.807751795167790078e+03
5.807949609627768041e+03
5.808006281356350883e+03
5.808119521535854801e+03
5.808374908372081336e+03
5.808484902384549969e+03
5.808616755051747532e+03
5.808723192543990081e+03
5.808737954584367799e+03
5.808846009141399009e+03
5.808900434994768148e+03
5.809549006703408850e+03
5.810134730202160426e+03
5.810669383056178049e+03
5.810674312006086438e+03
5.810843617090119551e+03
5.810925752391908645e+03
5.811357895994557111e+03
5.811380077234521195e+03
5.811879639741027859e+03
5.812191077783199944e+03
5.812263838721717548e+03
5.812788330648406372e+03
5.813249312741257199e+03
5.813625434532202235e+03
5.813878093146731771e+03
5.813896204760601904e+03
5.814321202930326763e+03
5.814342994587893372e+03
5.814447387972668366e+03
5.814551728968337557e+03
5.815328619920214805e+03
5.815537521275766267e+03
5.816031062580887010e+03
5.816448434388094938e+03
5.816531081565772183e+03
5.816539092783298656e+03
5.816718212885595676e+03
5.817368466385044485e+03
5.817480564276466794e+03
5.817524426281563137e+03
5.817638444090781377e+03
5.817953109476280588e+03
5.818024072905127468e+03
5.818271320838790416e+03
5.819022591378821744e+03
5.819506596589772926e+03
5.820243733294724734e+03
5.820302945931890463e+03
5.820435302283711280e+03
5.821270726751843540e+03
5.821499111663084477e+03
5.821851603873446038e+03
5.821882440167875757e+03
5.822022716157393006e+03
5.822404250099481033e+03
5.822602793637659488e+03
5.822756812415939748e+03
5.822993917765969854e+03
5.823026904978345556e+03
5.823270617696576664e+03
5.823495239040489651e+03
5.824667998331142371e+03
5.825004114129431400e+03
5.825202441979898140e+03
5.825554915995805459e+03
5.826504494055868236e+03
5.826557517710249158e+03
5.826951851858026203e+03
5.826971832447055931e+03
5.827271173588582315e+03
5.827520452084801946e+03
5.827660289316359922e+03
5.827987612042918045e+03
5.828089918257302998e+03
5.828174158869511302e+03
5.828191812970347200e+03
5.828230700865388826e+03
5.828593670794554782e+03
5.828721830236500864e+03
5.828776762378751300e+03
5.829202071444736248e+03
5.829421711100935681e+03
5.829784479861613363e+03
5.829811934774611473e+03
5.829995847069869342e+03
5.830619289063480210e+03
5.831522799707780905e+03
5.831654342913408982e+03
5.831721184422582155e+03
5.831930551166443365e+03
5.832393333716538109e+03
5.833300550124890833e+03
5.833315507991416780e+03
5.833448777279387286e+03
5.833817167699332458e+03
5.834034348909412984e+03
5.834427333838775667e+03
5.834471653966618760e+03
5.834726387150572918e+03
5.834800817830629967e+03
5.835187024371037296e+03
5.835357384166151860e+03
5.835985393901297357e+03
5.836222843293702681e+03
5.836711885326089032e+03
5.836714009547048590e+03
5.836718220204073987e+03
5.837178241377546328e+03
5.837314215449469884e+03
5.837333805379692421e+03
5.837588546229439999e+03
5.837738972332630510e+03
5.838458687562015257e+03
5.838559337700050492e+03
5.838976981318351136e+03
5.839417126875011490e+03
5.840136927807941902e+03
5.840424486325529870e+03
5.840430613334881855e+03
5.840453328864060495e+03
5.840667895652634797e+03
5.840818313559399030e+03
5.841366999271122950e+03
5.841388448559994686e+03
5.841460916273473231e+03
5.841476119937745352e+03
5.841478401683038101e+03
5.841492929130517041e+03
5.842006253799840124e+03
5.842031360351482363e+03
5.842505027098025494e+03
5.842544154047064694e+03
5.842794916458164153e+03
5.843531051412262968e+03
5.843750804218632766e+03
5.843833868621101828e+03
5.843884126249225119e+03
5.843977706701318311e+03
5.843986948038993432e+03
5.844052032557877283e+03
5.844373036613051227e+03
5.844466019138178126e+03
5.844476716532363753e+03
5.845052122373299426e+03
5.845249274217600941e+03
5.845310445402797086e+03
5.846462993482947240e+03
5.846554091998726108e+03
5.846907012648264754e+03
5.847242174835811056e+03
5.847726806819578087e+03
5.847979330231532003e+03
5.848230124727531802e+03
5.848294274415017753e+03
5.849063217506039109e+03
5.849532552130498516e+03
5.849587338979885317e+03
5.850125848750524710e+03
5.850299050983659072e+03
5.850349988568951630e+03
5.850569454120799492e+03
5.851228534402807782e+03
5.851244546918494962e+03
5.851662517028921684e+03
5.851729632700441471e+03
5.851743205055914586e+03
5.851760189558606726e+03
5.851777876347650817e+03
5.851851025696561010e+03
5.852100897148851800e+03
5.852114297714303575e+03
5.852622086829042928e+03
5.852820560859290708e+03
5.852930902049714859e+03
5.853299037580302866e+03
5.853775190080269567e+03
5.853988074737849274e+03
5.854256454276302975e+03
5.854333928440592899e+03
5.854350649457127474e+03
5.854496356418349933e+03
5.854541302038330286e+03
5.854720831324310893e+03
5.854894968498350863e+03
5.855057557661195460e+03
5.855593886826501148e+03
5.855779024346353253e+03
5.856300651884506806e+03
5.856561891829469459e+03
5.856793029939344706e+03
5.856848258193278525e+03
5.856946818943233666e+03
5.856957676082607577e+03
5.857156682112847193e+03
5.857312645996606989e+03
5.857662219337715214e+03
5.857842827906743878e+03
5.857854843031457676e+03
5.858211986991252161e+03
5.858218054226354070e+03
5.858232313667333983e+03
5.858257777102379805e+03
5.858503408030966057e+03
5.858748930286698851e+03
5.858752335954554837e+03
5.859123206392620887e+03
5.859912986366574842e+03
5.859923646697389813e+03
5.860200691724249737e+03
5.860421914624052988e+03
5.860508763830634962e+03
5.860661003339158015e+03
5.860816906298126014e+03
5.860904888369866967e+03
5.861193077701082984e+03
5.861287380224206572e+03
5.861825457826040292e+03
5.862230469848201210e+03
5.862243621239422282e+03
5.862330874936244982e+03
5.862428818291498828e+03
5.863118020449049254e+03
5.863563323645220407e+03
5.863642269821459195e+03
5.863827397588917847e+03
5.863846377362158819e+03
5.864133395921484407e+03
5.864213326049924035e+03
5.864314712453770881e+03
5.864499599558938826e+03
5.864591517508672950e+03
5.864766029966059250e+03
5.864976321155899313e+03
5.864999245646207783e+03
5.865401262809722539e+03
5.865459195879684557e+03
5.866046979150130028e+03
5.866309212248523181e+03
5.866452657111482040e+03
5.866690427161491243e+03
5.867703267779052112e+03
5.868057766270269894e+03
5.868314620610010934e+03
5.868361695929660527e+03
5.868544164101492242e+03
5.868623441269694922e+03
5.868979416156185835e+03
5.869167633848779587e+03
5.869302350361945173e+03
5.869641639465075059e+03
5.869690035431251090e+03
5.869980515262146582e+03
5.870201978870680250e+03
5.870367164491621224e+03
5.870491531378451327e+03
5.870508354730732208e+03
5.870581264070980069e+03
5.870847551556003054e+03
5.871071832733739939e+03
5.871074437484219743e+03
5.871230638975770489e+03
5.871825977774448802e+03
5.871997113930907290e+03
5.872013036400467172e+03
5.872158832188794804e+03
5.872410961175846751e+03
5.873036912549170665e+03
5.873442202128636382e+03
5.874384819588318351e+03
5.874865800464165659e+03
5.875083664842314647e+03
5.875211597347986753e+03
5.875473450081545707e+03
5.876206389341396971e+03
5.876330538781827272e+03
5.876533148292156511e+03
5.876728402744974119e+03
5.877299987725786195e+03
5.877346501386821728e+03
5.877355436134822412e+03
5.877422223869673871e+03
5.877742394269084798e+03
5.878365768708284122e+03
5.878593225553035154e+03
5.878634979440788811e+03
5.878829558301028555e+03
5.878913949810709710e+03
5.878936831892185182e+03
5.879689990897162716e+03
5.879952366342934511e+03
5.880179011073834772e+03
5.880468620646570344e+03
5.880614863064804922e+03
5.881412938166217828e+03
5.881785051902313171e+03
5.881826802166960988e+03
5.881853191734529901e+03
5.882083623851461198e+03
5.882363893162066233e+03
5.882387155143013842e+03
5.882547325969085250e+03
5.882660128388770318e+03
5.882752463813897521e+03
5.882789231787423887e+03
5.882838475803228903e+03
5.882868246571442796e+03
5.883077536557069834e+03
5.883234406823384234e+03
5.883362595844662792e+03
5.883405909232542399e+03
5.883521371752741288e+03
5.883600281267060382e+03
5.883601169199433571e+03
5.883932278786676761e+03
5.884027878456369763e+03
5.884054404815253292e+03
5.884202501711681180e+03
5.884330096450528799e+03
5.884525489946305242e+03
5.884621703228331171e+03
5.884853724482102734e+03
5.885122959001867457e+03
5.885427186949496900e+03
5.886191085636228308e+03
5.886390626751629497e+03
5.886527815828619168e+03
5.886617852784632305e+03
5.886744995708711031e+03
5.887172109857368923e+03
5.887950992179828972e+03
5.888201133127596222e+03
5.888487968544465730e+03
5.889206156493694834e+03
5.889461072922797939e+03
5.889813092989857978e+03
5.890001574552777129e+03
5.890029609384588184e+03
5.890155870265062731e+03
5.890192022532132796e+03
5.890211092024082973e+03
5.890226417284235140e+03
5.890890801545716386e+03
5.891469673908060940e+03
5.891506291465643699e+03
5.891587619730727965e+03
5.891880524553935174e+03
5.892220007792233446e+03
5.892285665954452270e+03
5.892446241241676034e+03
5.892523932750316817e+03
5.892604075402572562e+03
5.892847106482629897e+03
5.892948435349002466e+03
5.893092411863617599e+03
5.893489131223558616e+03
5.894435376906249985e+03
5.894620044733619579e+03
5.894756785390947698e+03
5.895053437788303199e+03
5.895290571572240879e+03
5.895315335093384419e+03
5.895695760466065622e+03
5.895987073427844734e+03
5.896750316285221743e+03
5.896848541933462911e+03
5.897427768281900171e+03
5.897459222464010054e+03
5.897734056486464397e+03
5.898357269919581086e+03
5.898420609935635184e+03
5.898443030656886549e+03
5.898474606412677531e+03
5.898546479396732138e+03
5.898548786903431392e+03
5.898749537508391768e+03
5.899033318091689580e+03
5.899143031575084933e+03
5.899373828402712206e+03
5.900068581261102736e+03
5.900100459804259117e+03
5.900228401802096414e+03
5.900557541533834410e+03
5.900923742227691946e+03
5.900967260357521809e+03
5.901096019749234074e+03
5.901531817908668927e+03
5.901675750022263855e+03
5.902098725968030521e+03
5.903029962371891997e+03
5.903562608937228106e+03
5.903588101496475247e+03
5.903834200744979171e+03
5.904509541024850478e+03
5.904520785619683011e+03
5.904534936363703309e+03
5.904571549938231328e+03
5.904667913011797282e+03
5.904735126057120397e+03
5.904914969408869183e+03
5.904962492864276101e+03
5.905621986912095963e+03
5.906014997881454292e+03
5.906263471658498929e+03
5.907118001578104668e+03
5.907216868268690632e+03
5.908027740629879190e+03
5.908117818438732684e+03
5.908269563646941606e+03
5.908386686232142893e+03
5.909014080105908761e+03
5.909097699479531911e+03
5.909197731095374365e+03
5.909646174373284339e+03
5.909670771568243254e+03
5.909948607324726254e+03
5.909987823814150943e+03
5.910010212289456831e+03
5.910143240907042127e+03
5.910764424166132812e+03
5.911045533148970208e+03
5.911195776559398837e+03
5.911236706269730348e+03
5.911693780908904046e+03
5.911758618268876489e+03
5.911868450987391952e+03
5.912099089089125300e+03
5.912266006775796086e+03
5.912367609209380134e+03
5.912511898806817953e+03
5.912820830915798979e+03
5.913368184441150333e+03
5.913718290585896284e+03
5.914182813362212983e+03
5.914279038846554613e+03
5.914549420361531702e+03
5.914551585782874099e+03
5.914584639398152831e+03
5.915135845659688130e+03
5.915198336112261131e+03
5.915608616144261759e+03
5.915611184850591599e+03
5.915928423905799718e+03
5.915936178740485047e+03
5.915951538405147403e+03
5.916202907727755701e+03
5.916299526013471223e+03
5.916376229228922057e+03
5.916669976856158428e+03
5.916694853188186244e+03
5.916986984502845189e+03
5.917161311494414804e+03
5.917190362132055270e+03
5.917461151714220250e+03
5.917593172662210236e+03
5.917617373847683666e+03
5.917957858082976600e+03
5.918103736409917474e+03
5.918127818767270583e+03
5.918612774542605621e+03
5.918775591938524485e+03
5.918851147928815408e+03
5.919159606301608619e+03
5.919310727498493179e+03
5.919672075061766918e+03
5.919710370044194860e+03
5.919879786605256413e+03
5.919909534283769972e+03
5.920180936419985301e+03
5.920201276363105535e+03
5.920297022465557347e+03
5.920347720183315687e+03
5.920667459480375328e+03
5.920722134968034879e+03
5.921567112190066837e+03
5.921786888623931191e+03
5.921800858768800026e+03
5.921823436637007035e+03
5.921979375441122102e+03
5.922155509404734403e+03
5.922418491683924913e+03
5.922534999266910745e+03
5.922845007173199519e+03
5.923134279043456445e+03
5.923166443235585575e+03
5.923489559538267713e+03
5.923786385371199685e+03
5.923834457160970487e+03
5.923891850846282978e+03
5.923925681921201431e+03
5.924125862818447786e+03
5.924293383779031501e+03
5.925236902484552047e+03
5.925346111093673244e+03
5.925486165253443687e+03
5.925917282974472982e+03
5.925956311154452123e+03
5.926013263573910081e+03
5.926086564175308013e+03
5.926535336791625014e+03
5.926945154729975002e+03
5.927908499339973787e+03
5.928116214654151008e+03
5.928363454549642483e+03
5.928516267328556751e+03
5.928757703128192588e+03
5.929025344266201500e+03
5.929852919840973300e+03
5.930482784339857062e+03
5.931047856925845736e+03
5.931231806463181783e+03
5.931571873020026942e+03
5.931722316636972209e+03
5.931997065811223365e+03
5.932200993872927938e+03
5.932368074974376214e+03
5.932417028766180010e+03
5.932838991784319660e+03
5.932979544659006024e+03
5.933145872468841844e+03
5.933573156079980436e+03
5.933728576743898884e+03
5.933808979514315070e+03
5.934061971660356903e+03
5.934101474287546807e+03
5.934274575646358244e+03
5.934312936323090071e+03
5.934714927967064796e+03
5.934731822849662422e+03
5.934786236723102775e+03
5.935102077905880833e+03
5.935188236118305213e+03
5.935451174934790288e+03
5.935850526434811400e+03
5.935933446958327295e+03
5.936280343938493388e+03
5.936461533321489696e+03
5.936796903108349397e+03
5.936814888206588876e+03
5.936979816316764300e+03
5.937152514351946593e+03
5.937325716458409261e+03
5.937462301899960039e+03
5.937664771141432539e+03
5.937705289306479244e+03
5.937777342058962859e+03
5.938056379392097369e+03
5.938332360276418513e+03
5.938398646288188502e+03
5.938449078481297875e+03
5.938485279847403035e+03
5.938635287453275851e+03
5.938749797685132762e+03
5.938978872422372660e+03
5.939092433668743979e+03
5.939437514401928638e+03
5.940123018997531290e+03
5.940429114662593747e+03
5.940583882722532508e+03
5.940789126480010054e+03
5.941070280420092786e+03
5.941270136709667895e+03
5.941607301048532463e+03
5.941918588000495220e+03
5.942435626495596807e+03
5.942463849154951276e+03
5.942935208021493963e+03
5.942964475711713021e+03
5.943735339516178101e+03
5.943736785120933746e+03
5.943884310583386650e+03
5.943945360296253057e+03
5.944024624296260299e+03
5.944327070123745216e+03
5.944554969687826087e+03
5.944837672096185997e+03
5.945203897014836912e+03
5.945234295152085906e+03
5.945274806354800603e+03
5.945964639377833919e+03
5.946775119648429609e+03
5.946796037715110288e+03
5.947389440396734244e+03
5.948102964494077241e+03
5.948183086461581297e+03
5.948432552780492188e+03
5.948608482673200342e+03
5.948623279718543017e+03
5.948827621255899430e+03
5.949019611658733993e+03
5.949435970273606472e+03
5.949463599402838554e+03
5.949743400009572724e+03
5.949746032385893159e+03
5.949751320009706433e+03
5.949816929339143826e+03
5.949914889320697512e+03
5.950212680378001096e+03
5.950537849002961593e+03
5.951519726546007405e+03
5.951544807169747401e+03
5.951550757597091433e+03
5.951573299911427057e+03
5.952684629624464833e+03
5.952741638578007041e+03
5.953531692294078312e+03
5.954440886790953300e+03
5.954621097777951945e+03
5.954780625131454144e+03
5.954883355953324099e+03
5.955025206399191120e+03
5.955035660416833707e+03
5.955135682008677577e+03
5.955151981313458236e+03
5.955219205375810816e+03
5.955465335114809932e+03
5.955789669831461651e+03
5.955872126317624861e+03
5.955912198634952802e+03
5.956128930600592867e+03
5.956402161075090589e+03
5.956604300605086792e+03
5.956792758118543134e+03
5.956906004644052700e+03
5.957095141713412886e+03
5.957754567033202875e+03
5.958238466958051504e+03
5.958434376421304478e+03
5.958615257092837965e+03
5.958776772402408824e+03
5.959490567829144311e+03
5.959612293627847066e+03
5.959732236706822732e+03
5.960349749020349009e+03
5.961091133549953156e+03
5.962199827661368545e+03
5.962417951566362717e+03
5.962517689250682452e+03
5.962672910000314005e+03
5.963464893082260460e+03
5.963586479042272003e+03
5.963774712923335755e+03
5.963995707468250657e+03
5.964781687118652371e+03
5.964952791184296984e+03
5.965175518930283943e+03
5.966722475024015694e+03
5.966846997119859225e+03
5.966880418537318292e+03
5.966989382250272683e+03
5.967669257984661272e+03
5.968166928816657673e+03
5.968367400863215153e+03
5.968410558307255087e+03
5.968624217420106106e+03
5.968945581792749181e+03
5.969117240511687669e+03
5.969284202502715743e+03
5.969332220476515431e+03
5.969471579460044268e+03
5.969481799347766355e+03
5.969612048872438208e+03
5.969643327908226638e+03
5.969809958676278256e+03
5.970121595569520650e+03
5.970339371785851654e+03
5.970635192592682870e+03
5.970646256595873638e+03
5.971074895590492815e+03
5.971192851562973374e+03
5.971339127565698618e+03
5.971525211328285877e+03
5.971540162453256016e+03
5.971758169137758159e+03
5.971805836732946773e+03
5.971879737771914733e+03
5.971880219186949034e+03
5.972486587046199020e+03
5.972721757908388099e+03
5.972884139064874034e+03
5.973504901298921141e+03
5.973780756521669900e+03
5.974256527240053401e+03
5.974269412903248849e+03
5.974558113427369790e+03
5.974845308044320518e+03
5.974856144422165926e+03
5.975095019154420697e+03
5.975422968680592021e+03
5.975680422933149202e+03
5.975970409931076574e+03
5.976221380707916978e+03
5.976229444236695599e+03
5.976385923504031780e+03
5.976563638010804425e+03
5.976566545675636917e+03
5.976636116939291242e+03
5.976967763545870184e+03
5.977062827080867464e+03
5.977435772914203881e+03
5.978120734815355718e+03
5.978155130663803902e+03
5.978473603931422986e+03
5.978895863337166702e+03
5.979211197957742115e+03
5.979251109467973038e+03
5.979482248544298272e+03
5.979785105151099742e+03
5.979843604491076803e+03
5.979883510597243003e+03
5.980097263622481478e+03
5.980223054781445171e+03
5.980312703892126592e+03
5.980614678219835696e+03
5.981201868937409927e+03
5.981829488129938909e+03
5.982366490528586837e+03
5.982506762532584617e+03
5.982773319567866565e+03
5.983028209875084940e+03
5.983989523789601662e+03
5.984509119306443608e+03
5.984729126678527791e+03
5.985100640000517160e+03
5.985204581042125028e+03
5.985637163439260803e+03
5.985829769146000217e+03
5.986028095020244109e+03
5.986241423815143207e+03
5.986433265727564503e+03
5.986641297148549711e+03
5.986696627572459875e+03
5.987247159306366484e+03
5.987247467361285089e+03
5.987296942316609602e+03
5.987343954826007575e+03
5.987485688443342042e+03
5.987489544921390006e+03
5.987566202384858116e+03
5.988056529002977186e+03
5.988143925468293673e+03
5.988679223410551458e+03
5.989653247370380086e+03
5.989706674968110747e+03
5.989925795041379388e+03
5.989930443025295972e+03
5.990001800011587875e+03
5.990136353476424119e+03
5.990176386757485488e+03
5.990652722129517315e+03
5.990734959282221098e+03
5.990770799180132599e+03
5.990820033769856309e+03
5.991295217363061056e+03
5.991443121081081699e+03
5.991495181385847900e+03
5.991571704795501319e+03
5.991574239037705411e+03
5.991666411290101678e+03
5.991709645433993501e+03
5.991812992068415952e+03
5.991992123850112876e+03
5.992082294640209511e+03
5.992589861594963622e+03
5.992736800903234325e+03
5.993196091533893195e+03
5.993467100574412143e+03
5.994134669590917838e+03
5.994542406815347931e+03
5.994746949538218360e+03
5.995655807070859737e+03
5.996032679215667486e+03
5.996474146707073487e+03
5.996876122242200836e+03
5.996916939766414544e+03
5.996976942726218113e+03
5.996980485438900359e+03
5.997115253309465515e+03
5.997119338827589672e+03
5.997535906586378587e+03
5.997645430569014025e+03
5.997857632555388591e+03
5.998045056511874463e+03
5.998173596469534459e+03
5.998454942118537474e+03
5.998765882727914686e+03
5.998968425854157431e+03
5.999148844283837207e+03
6.000183490546675785e+03
6.000373031659830303e+03
6.000624191752885963e+03
6.001177817096780018e+03
6.001312103730293529e+03
6.001520134349178988e+03
6.002728254090725386e+03
6.002766682076167854e+03
6.002868513855143647e+03
6.002919288046657130e+03
6.003061256185573257e+03
6.003466884304255473e+03
6.003629406509535329e+03
6.003650503614609988e+03
6.003936637668490221e+03
6.003948831429569509e+03
6.004194237551853803e+03
6.004532233676311080e+03
6.004855400679567538e+03
6.004930817379698055e+03
6.005280757110403101e+03
6.005497850563559950e+03
6.005566661720958109e+03
6.006198555478029448e+03
6.006294898885890689e+03
6.006476973342802921e+03
6.006604834700135143e+03
6.006666191855981197e+03
6.006919016099168402e+03
6.007632270339731804e+03
6.007654064659431242e+03
6.008593779393077057e+03
6.008673546979966886e+03
6.009187254671328446e+03
6.009225882152914892e+03
6.009820302181266015e+03
6.009873239086481590e+03
6.010146492515759746e+03
6.010625691984258992e+03
6.010651010615589257e+03
6.011018456671774402e+03
6.011394666288058943e+03
6.012050344185174254e+03
6.012517437856051401e+03
6.012873681798057987e+03
6.013040519797114030e+03
6.013292943371498041e+03
6.013299675240684337e+03
6.013532701885600545e+03
6.013955548903521048e+03
6.013992435277743425e+03
6.014033145057033835e+03
6.014264282664348684e+03
6.014557785473008153e+03
6.014673547583545769e+03
6.015050653049606808e+03
6.015183252227152479e+03
6.015193597933118326e+03
6.015291620645666626e+03
6.015647169255998961e+03
6.015889921682913155e+03
6.015999236951576677e+03
6.016175005136930849e+03
6.016487362395019773e+03
6.016613740244387373e+03
6.016699843816859357e+03
6.016839476406321410e+03
6.016954387316418433e+03
6.017051718323946261e+03
6.017101978394907746e+03
6.017216542382127045e+03
6.017518867217746447e+03
6.017588610126775166e+03
6.017588867729584308e+03
6.017774535719918276e+03
6.017971410301009200e+03
6.018330886945980637e+03
6.018615315790630120e+03
6.018730285208403075e+03
6.018939048097336126e+03
6.019116998006615177e+03
6.019331287665807395e+03
6.019497078101630905e+03
6.019707128802194347e+03
6.019971584190730937e+03
6.020168590671242782e+03
6.020302548967680195e+03
6.020400085094272981e+03
6.020631180591344673e+03
6.020657261282262880e+03
6.021289389985660819e+03
6.021308297400384618e+03
6.022933202685084325e+03
6.022980872507462664e+03
6.023226678999852084e+03
6.023243419789118889e+03
6.023847524505806177e+03
6.024067287540308826e+03
6.024681567202861515e+03
6.024703948723736175e+03
6.025230501339481634e+03
6.025550150013166785e+03
6.025564226070530822e+03
6.025639806889544161e+03
6.026309012748693021e+03
6.026470297585690787e+03
6.026903476997814323e+03
6.027030983915168690e+03
6.027465520725373608e+03
6.027928799562904715e+03
6.027990353507176224e+03
6.028232390621267768e+03
6.028549170024064551e+03
6.028612142369408502e+03
6.029072530403343080e+03
6.029167325377927227e+03
6.029554522040560187e+03
6.029667251994695107e+03
6.029778044792758919e+03
6.029788003889040738e+03
6.029917080019820787e+03
6.030723936938039515e+03
6.031272959665433518e+03
6.031283327349463434e+03
6.031411547058726683e+03
6.031471315904793300e+03
6.031497112537540488e+03
6.031556485463691388e+03
6.031763706442140574e+03
6.031843395846417479e+03
6.031909239908150084e+03
6.032273610814158928e+03
6.032359301533272628e+03
6.032444879403979030e+03
6.032533085325378124e+03
6.032594633739879100e+03
6.033073346004170162e+03
6.033180525444772684e+03
6.033313916187569703e+03
6.033350799826152070e+03
6.033551941452483334e+03
6.033877977386662678e+03
6.033947701976902863e+03
6.034122905824116970e+03
6.034128516513263094e+03
6.034420788378274665e+03
6.034464927323636402e+03
6.034750397502411033e+03
6.035043695043636944e+03
6.035315459724788525e+03
6.035459043154495703e+03
6.035965761247201044e+03
6.036424729593586562e+03
6.036709448629807412e+03
6.036821795863293119e+03
6.036957566412848792e+03
6.037782724905756368e+03
6.037793358245750824e+03
6.038341752838563480e+03
6.038423552695463513e+03
6.038446495368939395e+03
6.038722099592048835e+03
6.038866121328148438e+03
6.038875719002995538e+03
6.038895120147338275e+03
6.038967847889626682e+03
6.038986471223076478e+03
6.039097234068036414e+03
6.039378663327861432e+03
6.039478223115453147e+03
6.039925991751839319e+03
6.040101074659411097e+03
6.040568596235415498e+03
6.040608738528077083e+03
6.040614612992836555e+03
6.041074737743067089e+03
6.041103308606528117e+03
6.041335656202529208e+03
6.041385303140506949e+03
6.041564232733408062e+03
6.041652492764395902e+03
6.041688111222663792e+03
6.042080448490628442e+03
6.042313990075118454e+03
6.042514562474271770e+03
6.042554946575772192e+03
6.042866380257680248e+03
6.042946893499221915e+03
6.043248018116511048e+03
6.043388501437034392e+03
6.043419880001421916e+03
6.044317058519139209e+03
6.044318491755172545e+03
6.044335240043495105e+03
6.044373340903658573e+03
6.044453319098842258e+03
6.044523037014791043e+03
6.044563545452994731e+03
6.044609795489264798e+03
6.044712662752562210e+03
6.044903251671134967e+03
6.044991317839048861e+03
6.045848453317767962e+03
6.046158890836150931e+03
6.046611106781049784e+03
6.046724079556032848e+03
6.047148846897524891e+03
6.047277096646940663e+03
6.047632885886178883e+03
6.047838029336030559e+03
6.048068632806601272e+03
6.048079979712176282e+03
6.048107731681169753e+03
6.048184207940761553e+03
6.048332971555750191e+03
6.049282969770677482e+03
6.049368862985946180e+03
6.049544613632991968e+03
6.049908817293516222e+03
6.049929622998736704e+03
6.049969875025321926e+03
6.050019974341603302e+03
6.050580507371265412e+03
6.050582041886854313e+03
6.050683227435475601e+03
6.051064390464601274e+03
6.051088675275610512e+03
6.051219622833915309e+03
6.051333400001229165e+03
6.051544853490383503e+03
6.051650293639335359e+03
6.051656558266729007e+03
6.051890857380922171e+03
6.052928008980720733e+03
6.053164172480727757e+03
6.053616038761769232e+03
6.053688545140500537e+03
6.054014969990035752e+03
6.054070095545538607e+03
6.054492970967315159e+03
6.054899314980629242e+03
6.055173615369847539e+03
6.055346363149319586e+03
6.055469218566960080e+03
6.055542265512610356e+03
6.055892075452282370e+03
6.055950175021441282e+03
6.056030524881002748e+03
6.056258414383968557e+03
6.056484104669196313e+03
6.056621953709552145e+03
6.056678566634608615e+03
6.056770593284781171e+03
6.056782050050363068e+03
6.057046158873783497e+03
6.057290669327774594e+03
6.057403428810562218e+03
6.057478484905326695e+03
6.057669601358119507e+03
6.057744230331126346e+03
6.057760445317131598e+03
6.059279215452324024e+03
6.059574893467824950e+03
6.060568816839867395e+03
6.060801571892191532e+03
6.060830762810651322e+03
6.061396058893898044e+03
6.061407502386537089e+03
6.061849453389361770e+03
6.062038909907281777e+03
6.062100249467413960e+03
6.062319024660533614e+03
6.062413996279880848e+03
6.062426164455033359e+03
6.062545862022836445e+03
6.063285815775826450e+03
6.063484598204814574e+03
6.063565961834987320e+03
6.063639021261183188e+03
6.064034799673382622e+03
6.064626571082184455e+03
6.064895990705691474e+03
6.065183633630141230e+03
6.065225050276577349e+03
6.065404949559581837e+03
6.065652245085232607e+03
6.065660547698864320e+03
6.065994061469454209e+03
6.066096308613728070e+03
6.066319759514164616e+03
6.066715852859066217e+03
6.067102563616481348e+03
6.067172439462334296e+03
6.067239653898023789e+03
6.067608727596097197e+03
6.067620634430640166e+03
6.068237433141875954e+03
6.068309614027747557e+03
6.068450200314175163e+03
6.068657482747049471e+03
6.069021786331110889e+03
6.069778079692727260e+03
6.069977292436199605e+03
6.070654335466998418e+03
6.070921187685934456e+03
6.070945195776826040e+03
6.071150304389579105e+03
6.071243008501687655e+03
6.071710782944941457e+03
6.071933921653214384e+03
6.072091724854782115e+03
6.072096830547559875e+03
6.072560890834137354e+03
6.072611997832814268e+03
6.072808319536720774e+03
6.073711527745403146e+03
6.073911419588394892e+03
6.074043523546210963e+03
6.074306063533980705e+03
6.074369091825262331e+03
6.074856557275845262e+03
6.074895027827490594e+03
6.074930703857794470e+03
6.075150479065410764e+03
6.075393887617633482e+03
6.075671765723085628e+03
6.075925320966428444e+03
6.076004509341857556e+03
6.076902518504177351e+03
6.077090656169781141e+03
6.077698821989889439e+03
6.077809746350248133e+03
6.077813998566353803e+03
6.078197639534236259e+03
6.078537000330812589e+03
6.078572967562617123e+03
6.078651465522484614e+03
6.079072346460415247e+03
6.079233117053722708e+03
6.079494231875064543e+03
6.079844984078918969e+03
6.079940082362761132e+03
6.080294448710054894e+03
6.080710064632773538e+03
6.080778094941293602e+03
6.080951281445362838e+03
6.081410704507517039e+03
6.081534150357359067e+03
6.081665640251932928e+03
6.082423509732007005e+03
6.082523035541376885e+03
6.082612704442482936e+03
6.082723878175511345e+03
6.082794910101357345e+03
6.082913803594769888e+03
6.083167502226564466e+03
6.083187256880527457e+03
6.083201975381682132e+03
6.083568814034920251e+03
6.083786248738249924e+03
6.084796695827203621e+03
6.085826333461490321e+03
6.086100053723691417e+03
6.086213974576670807e+03
6.086350302090453624e+03
6.086447084838523551e+03
6.086840906601761162e+03
6.087150974159585530e+03
6.087368798469378817e+03
6.087843856531435449e+03
6.087871702645007645e+03
6.088406995631812606e+03
6.088477840153594116e+03
6.088755349563612981e+03
6.088852294380480998e+03
6.088890613535785633e+03
6.088956516117344108e+03
6.089258866018646586e+03
6.089909349414001554e+03
6.090188071961594687e+03
6.090481069889149694e+03
6.091158439196616200e+03
6.091408902025887073e+03
6.091498655490805504e+03
6.091721242204386726e+03
6.091727646946709683e+03
6.091831188047284741e+03
6.091937319405134986e+03
6.092002191506422605e+03
6.092136208461618480e+03
6.092792299645589083e+03
6.093654965046453071e+03
6.093998349645394228e+03
6.094023175865887424e+03
6.094440247840210759e+03
6.094472864258014852e+03
6.094519762578273912e+03
6.094735615031963789e+03
6.095267441885905100e+03
6.095392814833986449e+03
6.095677714629567163e+03
6.095741854660257559e+03
6.096001465728404582e+03
6.096027932722665355e+03
6.096178172124094999e+03
6.096851333319393234e+03
6.096974035183202432e+03
6.097544233869344680e+03
6.097799375560680346e+03
6.097844915135808151e+03
6.098087526081052602e+03
6.098335820748527112e+03
6.098366615591143272e+03
6.098460525161285659e+03
6.098658189759203196e+03
6.098703784135179376e+03
6.098908466011515884e+03
6.098948348827463633e+03
6.098979006252742693e+03
6.099098306809966743e+03
6.099255541461793655e+03
6.099301300794954841e+03
6.099533252701394304e+03
6.099593085648370106e+03
6.099653774970994164e+03
6.100149457110621370e+03
6.100186056986816766e+03
6.100223668660145449e+03
6.100462888043860403e+03
6.100776384487171526e+03
6.101094936732375572e+03
6.101412724799111857e+03
6.102051285116546751e+03
6.102465369556531186e+03
6.102559611581008539e+03
6.102623038791321051e+03
6.102870793065264479e+03
6.102969052490265312e+03
6.103747849135704200e+03
6.103767022674606778e+03
6.103838562021476719e+03
6.104042219795371238e+03
6.104516418030617388e+03
6.105048459590409948e+03
6.105841802779771569e+03
6.105952038662911946e+03
6.106121475833971090e+03
6.106239190904308998e+03
6.106266203410283197e+03
6.106346865234759207e+03
6.106868066246812305e+03
6.107094541763327470e+03
6.107369425663694528e+03
6.107390347667899732e+03
6.107520671608144767e+03
6.107691128906102676e+03
6.107706785007026156e+03
6.107929038509018028e+03
6.107972378248102359e+03
6.108542210410647385e+03
6.109015011298948593e+03
6.109149813080515742e+03
6.109268364343863141e+03
6.109627764090673736e+03
6.109761510944692418e+03
6.110068698559612130e+03
6.110306856760906157e+03
6.110399898434428906e+03
6.110420911565189272e+03
6.110494951687837784e+03
6.110881289284129707e+03
6.111068845747491650e+03
6.111370480342236078e+03
6.111540299315186530e+03
6.111569397172482240e+03
6.111728025352790610e+03
6.111802828648751529e+03
6.111833113736785890e+03
6.112085331693092485e+03
6.112120055049440452e+03
6.112199810107678786e+03
6.112231540486892300e+03
6.112231721194952115e+03
6.112484315171599519e+03
6.112589422611936243e+03
6.112635336017163354e+03
6.113135119251503966e+03
6.113185717311372173e+03
6.113409230062293318e+03
6.113446190385107911e+03
6.113506080978573664e+03
6.113887939923813065e+03
6.114031799614741431e+03
6.114133335529788383e+03
6.114235120377632484e+03
6.114431489444702493e+03
6.115054528353091882e+03
6.115114604850097749e+03
6.115256745616194166e+03
6.115463838265294726e+03
6.115542220893474223e+03
6.115668864033095815e+03
6.115967362119447898e+03
6.116007448391635990e+03
6.116334947233914136e+03
6.116380522703660972e+03
6.116522350161585564e+03
6.116650955114219869e+03
6.116878574531588129e+03
6.118234015053818439e+03
6.118272596350474487e+03
6.118452299929505898e+03
6.118586538320882937e+03
6.118655082932266851e+03
6.119055441102559598e+03
6.119254725462370516e+03
6.119344678536677748e+03
6.120196500531909805e+03
6.120368999883507968e+03
6.120431448599659234e+03
6.120725548277094276e+03
6.121166135197081530e+03
6.121641441866093373e+03
6.122103237671196439e+03
6.122449399470466233e+03
6.122525612249607548e+03
6.122556868729158850e+03
6.122643423717694532e+03
6.123091684067974711e+03
6.123159877936763223e+03
6.123181220144673716e+03
6.123234522872829984e+03
6.123430871227998978e+03
6.123576788368249254e+03
6.124055056313579371e+03
6.124314950806882734e+03
6.125328201487363003e+03
6.125771082449207825e+03
6.125850222063401816e+03
6.125908477049879366e+03
6.126590814182622125e+03
6.126694163356809440e+03
6.127173776246289890e+03
6.127637499790330367e+03
6.127659493440264669e+03
6.128184512438197999e+03
6.128440453413328214e+03
6.128452706238645078e+03
6.128677112322047833e+03
6.128678717705075542e+03
6.128751608327718714e+03
6.128788475358303913e+03
6.128953723111904765e+03
6.128981924335535950e+03
6.129291252751584580e+03
6.129580027009043079e+03
6.129612814057943069e+03
6.129650176552196172e+03
6.129769349780529410e+03
6.130002609110497360e+03
6.130013582980476713e+03
6.130142410955498235e+03
6.130780347267338584e+03
6.130880140441326148e+03
6.131242146831252285e+03
6.131295709417327089e+03
6.131621162253123657e+03
6.131651021425239378e+03
6.131728386471562771e+03
6.131898459711177566e+03
6.132608282529126882e+03
6.132857492873825322e+03
6.133169275797769842e+03
6.133440897310990294e+03
6.133583735051173790e+03
6.133746534621503997e+03
6.134250209285235542e+03
6.134382603384716276e+03
6.134678012780668723e+03
6.134739169768046850e+03
6.134987872910583064e+03
6.135179138731079547e+03
6.135206486581556419e+03
6.135437653800147018e+03
6.135825195557410552e+03
6.135907204080362135e+03
6.136122527728290152e+03
6.136124686181265133e+03
6.136219576899603453e+03
6.136610320051068811e+03
6.136643445478533067e+03
6.136705099950395379e+03
6.136888764938339591e+03
6.137136172280413120e+03
6.137324810214659919e+03
6.137791343697386765e+03
6.137883501532081027e+03
6.138222665178351235e+03
6.138264383007888682e+03
6.138315999158156046e+03
6.138575788023191308e+03
6.138594247699922562e+03
6.138617940568388804e+03
6.138881200073155014e+03
6.138997781735008175e+03
6.139015045759895656e+03
6.139021064215809929e+03
6.139183962516603970e+03
6.139300462083115235e+03
6.139526598874363117e+03
6.139571794553980908e+03
6.139857310898681135e+03
6.140207605385675379e+03
6.140297437256412195e+03
6.140319681334341112e+03
6.140332879495810630e+03
6.140410407876817771e+03
6.140455168808630333e+03
6.140625318130324558e+03
6.141572732974375867e+03
6.141874791293536873e+03
6.142394447334541837e+03
6.142671023026096009e+03
6.142792790597924068e+03
6.143090367328783032e+03
6.143772712511799000e+03
6.143805686764750135e+03
6.144159402947522722e+03
6.144339543248239352e+03
6.144438875291215481e+03
6.144468290333204095e+03
6.145095113752840916e+03
6.145885671705404093e+03
6.145983013106814724e+03
6.146425043159143570e+03
6.146877407116679933e+03
6.147060437566879955e+03
6.147060856261688059e+03
6.147311540951436655e+03
6.147345952293135269e+03
6.147436243070415912e+03
6.147732678259950262e+03
6.148270777922283742e+03
6.148354637087495576e+03
6.148400484668202807e+03
6.148479697301771012e+03
6.148527734997946936e+03
6.149397038326430447e+03
6.149552239957230086e+03
6.149818679751319905e+03
6.149868693342070401e+03
6.150018697977062402e+03
6.150161903139637616e+03
6.150211677148166018e+03
6.150278821324951423e+03
6.150449128660819042e+03
6.150920539043649114e+03
6.151021232653338302e+03
6.151067563897656328e+03
6.151169159487774778e+03
6.151221301157002017e+03
6.151387404879509631e+03
6.151519135253998684e+03
6.151547375588450450e+03
6.151749953896980514e+03
6.151822169540013419e+03
6.151909876068536505e+03
6.151919011395737471e+03
6.152113061081013257e+03
6.152195550203894527e+03
6.152203059696665150e+03
6.152333185820869403e+03
6.152504128804091124e+03
6.153118686756030002e+03
6.153348178812395417e+03
6.153623536181303280e+03
6.154017022058454131e+03
6.154276283718592822e+03
6.154655974774313108e+03
6.154998148740582110e+03
6.155054536892377655e+03
6.155146791146687065e+03
6.155239666096117617e+03
6.155698636929649183e+03
6.155950610146540384e+03
6.156672975470065467e+03
6.156835719915425216e+03
6.157355682796743167e+03
6.157736653060664139e+03
6.157924083118463386e+03
6.158113199048604656e+03
6.158519695020446306e+03
6.159206442318733025e+03
6.159440248787223936e+03
6.159865690992261079e+03
6.160052298754945696e+03
6.160309328657814149e+03
6.160619258227643513e+03
6.160649914626712416e+03
6.160911607117237509e+03
6.161203676523899958e+03
6.161726701562038215e+03
6.161727043506673908e+03
6.161812367647208703e+03
6.161851077135002015e+03
6.161856883053795173e+03
6.162032231676536867e+03
6.162390394876896607e+03
6.162441848223926172e+03
6.162564286131804693e+03
6.162658693465821671e+03
6.162988008111322415e+03
6.163203687408932637e+03
6.163576033878591261e+03
6.163733145967481505e+03
6.164040607774353703e+03
6.164111743086196839e+03
6.164134532498590488e+03
6.164464773196476017e+03
6.164561697621356871e+03
6.165100949328582828e+03
6.165151242231065225e+03
6.165244897635211601e+03
6.165592258581534225e+03
6.166045486075297958e+03
6.166126750901369633e+03
6.166468312852563031e+03
6.166981769454087953e+03
6.167700921022449620e+03
6.167701961695766840e+03
6.168192877543795476e+03
6.168197056050204992e+03
6.168224123362129831e+03
6.169100413527989986e+03
6.169110665825457545e+03
6.169742590255852519e+03
6.169857326219222159e+03
6.170506513795986393e+03
6.170721958677022485e+03
6.171378548532786226e+03
6.171434569724423454e+03
6.171521193348096858e+03
6.171562714941285776e+03
6.171641324149605680e+03
6.171994123371456226e+03
6.172123272763376008e+03
6.172173421810019136e+03
6.172175233187873346e+03
6.172412760860273011e+03
6.172632277959199200e+03
6.172773140225219322e+03
6.172855623752181600e+03
6.173140450460777174e+03
6.173346451881484427e+03
6.173553537722833426e+03
6.173568016559735952e+03
6.173572623414966984e+03
6.173809085197964123e+03
6.174058470974393458e+03
6.174217459842841890e+03
6.174304870874480912e+03
6.175554942449523878e+03
6.175641008706867069e+03
6.176030029148408175e+03
6.176691776662903067e+03
6.176832966181274969e+03
6.177003740482108697e+03
6.177064570688582535e+03
6.177803419774123540e+03
6.178447586782131111e+03
6.178449113207696428e+03
6.178759816058578508e+03
6.179118606282866494e+03
6.179219667356145692e+03
6.179405509450991303e+03
6.179551024215504185e+03
6.179632111240084669e+03
6.180984695835176353e+03
6.181368799381270946e+03
6.181772682963988700e+03
6.182024307097659403e+03
6.182243518350935119e+03
6.182316824351138166e+03
6.182421134309724039e+03
6.182430356055627271e+03
6.182522376581843673e+03
6.182943497393610414e+03
6.183362025557457855e+03
6.183895758619106346e+03
6.184075255456762534e+03
6.184750654639329696e+03
6.184860557567189062e+03
6.185054955382776825e+03
6.185116273831263243e+03
6.185375477051396956e+03
6.185406683604453974e+03
6.185409745254341033e+03
6.185411244168531994e+03
6.185415242500611384e+03
6.185502095183982419e+03
6.186069015760426737e+03
6.186556825645372555e+03
6.186773547066389256e+03
6.186828357702056564e+03
6.187116590783754873e+03
6.187208531151843999e+03
6.187439976621824826e+03
6.187700798977472004e+03
6.187759832884610660e+03
6.187767064661647964e+03
6.187813341139714794e+03
6.187909662592877794e+03
6.188224533381088804e+03
6.188282016399619351e+03
6.188327123178479269e+03
6.188733943044128864e+03
6.188867716798544279e+03
6.188942995711835465e+03
6.189015660644888158e+03
6.189028154836623798e+03
6.189071643714871243e+03
6.189814537290297267e+03
6.190644904663946363e+03
6.190800541196687846e+03
6.190840959128438953e+03
6.190988735533514955e+03
6.191414460344103645e+03
6.192364497070507241e+03
6.192698067585239187e+03
6.192791901199508175e+03
6.192808324964415078e+03
6.192820063581091745e+03
6.192823810390083963e+03
6.193154160843463615e+03
6.193206964990664346e+03
6.193253427050813116e+03
6.193329148054385769e+03
6.193343407793964616e+03
6.193525351058949127e+03
6.193707200534861840e+03
6.194081834724191140e+03
6.194089705206392864e+03
6.194326728385801289e+03
6.194647762950184188e+03
6.194898949040858497e+03
6.194919854627217319e+03
6.195251507651071734e+03
6.195633257165618488e+03
6.195676955332062789e+03
6.196372954252241470e+03
6.196454418716738473e+03
6.196804373877452235e+03
6.196941118166082560e+03
6.197507127655589102e+03
6.197633303546311254e+03
6.197843903486035742e+03
6.197899779507224594e+03
6.197911344644127894e+03
6.198035833278939208e+03
6.198056399249357128e+03
6.198401792516574460e+03
6.198404461893575899e+03
6.198404952024919112e+03
6.198674264256444076e+03
6.198711487318874788e+03
6.198851280087218584e+03
6.199108541673715081e+03
6.199113975756058608e+03
6.200177893794704687e+03
6.200219587368242173e+03
6.200258645467250972e+03
6.200553954440346388e+03
6.201181742916403891e+03
6.201206329399098649e+03
6.201257310999209039e+03
6.201398945215976710e+03
6.201400209330901816e+03
6.201460058716388630e+03
6.201753410789221562e+03
6.202096299234673097e+03
6.202194381694965159e+03
6.203112205544315657e+03
6.203143481198749214e+03
6.203196476388442534e+03
6.203302132430413621e+03
6.203453788023620291e+03
6.203659226725653753e+03
6.203746620821889337e+03
6.203912588783729007e+03
6.204353128821157952e+03
6.204504477033725379e+03
6.204518531116540544e+03
6.204654949845833471e+03
6.204686136529109717e+03
6.204773441127024853e+03
6.204816353320590679e+03
6.205101756521851712e+03
6.205120463346427641e+03
6.205416761166399738e+03
6.205513552712585806e+03
6.205548360184256126e+03
6.205702990900108489e+03
6.205974278406386475e+03
6.205997962194987849e+03
6.206579856202648443e+03
6.207292245345469382e+03
6.207372123340983308e+03
6.207488847179639379e+03
6.207579425901927607e+03
6.207609208545934052e+03
6.207676616878771711e+03
6.207733644372464369e+03
6.208068736791141419e+03
6.208279479018783604e+03
6.208283135123891952e+03
6.208478008932031116e+03
6.209694420783226633e+03
6.209741648910239746e+03
6.209908410287209335e+03
6.210115539942988107e+03
6.210152098703663796e+03
6.210201703453847585e+03
6.210320154932963305e+03
6.210526431677549226e+03
6.210583447372376213e+03
6.210634065051505786e+03
6.211278986046103455e+03
6.211668957108251561e+03
6.211812295187450218e+03
6.211942946165821013e+03
6.212458781391760567e+03
6.212581057302200861e+03
6.212611560164700677e+03
6.212657133961281943e+03
6.212692543781801760e+03
6.213051482220900652e+03
6.213262688275062828e+03
6.213786323804496533e+03
6.213825900617979642e+03
6.213911782577589292e+03
6.213984516714670463e+03
6.214167440798433745e+03
6.214200812557053723e+03
6.214461123203215720e+03
6.214568786932889452e+03
6.214670890641921687e+03
6.214958152866421187e+03
6.214981882669515471e+03
6.215017434804434743e+03
6.215023914873023386e+03
6.215189745506259897e+03
6.215307693162400028e+03
6.215348932842267459e+03
6.215749314533666620e+03
6.215843067952939236e+03
6.216286593145101506e+03
6.216380488045625498e+03
6.216439680107504500e+03
6.216440861361445968e+03
6.216497564845247325e+03
6.217103810427842291e+03
6.217148604546883689e+03
6.217257733996246316e+03
6.217307080448950728e+03
6.217473942855703172e+03
6.217707554674423591e+03
6.217854336600004899e+03
6.217939666138059692e+03
6.218026817219471013e+03
6.218206055122787802e+03
6.218347700752183300e+03
6.219339332689327421e+03
6.219457684580574096e+03
6.219521992075681737e+03
6.219665268015858601e+03
6.219805707419040118e+03
6.219994398379772065e+03
6.220120803517907007e+03
6.220149035826436375e+03
6.220178017089745481e+03
6.220292899982581730e+03
6.220871279014535503e+03
6.220916937015012991e+03
6.221107771737106304e+03
6.221180904937711603e+03
6.221377181243655286e+03
6.221564962311033014e+03
6.221845075686398559e+03
6.221938497797357741e+03
6.222325739321466244e+03
6.222560058025977924e+03
6.222994648096580931e+03
6.223008375146377148e+03
6.223670385520605123e+03
6.223722340965420699e+03
6.223734647400381618e+03
6.223739311025617098e+03
6.223775081399567171e+03
6.224436240033277500e+03
6.224631996546542723e+03
6.224731488419924062e+03
6.224875887023044925e+03
6.224886346669092745e+03
6.225148315348528740e+03
6.225263332954346879e+03
6.225326859132715981e+03
6.225357490935415626e+03
6.225925918332398396e+03
6.226478050991308010e+03
6.226570959359985864e+03
6.226602604630240421e+03
6.226682314050539389e+03
6.227202534201765047e+03
6.227261036039169085e+03
6.227343991708279646e+03
6.227748744349014487e+03
6.228014161788292768e+03
6.228159660631330553e+03
6.228288995328242891e+03
6.228292069359496054e+03
6.228302187055774084e+03
6.228611539016722418e+03
6.228660231877825026e+03
6.228973972054252044e+03
6.229683985206649595e+03
6.229759796081641980e+03
6.229921507070532243e+03
6.230281805837469619e+03
6.230426971565741951e+03
6.230618768403624017e+03
6.230673963027378704e+03
6.230957401703668438e+03
6.231492221158590837e+03
6.231545463630792256e+03
6.231667912015704133e+03
6.232188239946963222e+03
6.232194178880073196e+03
6.232266657346804095e+03
6.232769124716754959e+03
6.233064298727492314e+03
6.233168556000497119e+03
6.233367742749946046e+03
6.233395835616151999e+03
6.233574554616193382e+03
6.233729381937951075e+03
6.233846503941460469e+03
6.233928316583736887e+03
6.233952774305795174e+03
6.233974733731623019e+03
6.234018276965450241e+03
6.234061049057028868e+03
6.234247750023278059e+03
6.234598285653318271e+03
6.234668700141636691e+03
6.234820452407107950e+03
6.234970715663388546e+03
6.235228410173954217e+03
6.235338440068013369e+03
6.235402794218663075e+03
6.235839126738654159e+03
6.236087904889259335e+03
6.236120850817179416e+03
6.236312619265925605e+03
6.236349956455648680e+03
6.237631733824487128e+03
6.237746318211021389e+03
6.237894670717450936e+03
6.238099494310740738e+03
6.238980136949513508e+03
6.239031858170953456e+03
6.239344296765917534e+03
6.239384031267726641e+03
6.239655138060190438e+03
6.239688757577091565e+03
6.239868094872668735e+03
6.240634934148870343e+03
6.240859911719263437e+03
6.241027070729448496e+03
6.241364007642760043e+03
6.241720746562922614e+03
6.241963567387261719e+03
6.242253478891544546e+03
6.242622668706336299e+03
6.242873778274495635e+03
6.242895699621135464e+03
6.243037990503587935e+03
6.243122979820509499e+03
6.243332554302847711e+03
6.243543230831758592e+03
6.243710640862133914e+03
6.243885895094162152e+03
6.244268198421921625e+03
6.244662731225702373e+03
6.244684774604108497e+03
6.245003621782777373e+03
6.245471186105768538e+03
6.245810945380307203e+03
6.246194454014814255e+03
6.246461958277695885e+03
6.246575214176628833e+03
6.246643463871111635e+03
6.246727315373942474e+03
6.246962982654190455e+03
6.247036069341120310e+03
6.247450883146127126e+03
6.247631074681499740e+03
6.248093063166284082e+03
6.248153611997403459e+03
6.248594972988779773e+03
6.248627422123001452e+03
6.248646677131614524e+03
6.248658771950265873e+03
6.248687705163201827e+03
6.248720593864827606e+03
6.249228260043967566e+03
6.249237816851722528e+03
6.249286853266953585e+03
6.249302036696932191e+03
6.249316032269201060e+03
6.249412885114311393e+03
6.249516336083975148e+03
6.249860712539396445e+03
6.250202073922016098e+03
6.250371587061284117e+03
6.251015209642387163e+03
6.251751843153088885e+03
6.251957401019875761e+03
6.252204452585274339e+03
6.252364243653315498e+03
6.252729240645134269e+03
6.252829630845089923e+03
6.252913031001510717e+03
6.252955087997205737e+03
6.253008338661597008e+03
6.253091403853738484e+03
6.253366912713648162e+03
6.253788585808786593e+03
6.254099579927180457e+03
6.254259601038605069e+03
6.254777587949894041e+03
6.254940678240705893e+03
6.255180164490467178e+03
6.255279248229971927e+03
6.255430511357242722e+03
6.255550877628570561e+03
6.255620951348567360e+03
6.255786731242835231e+03
6.255841833327270251e+03
6.256108714194311688e+03
6.256328816034519150e+03
6.256640258734832059e+03
6.257009466938270634e+03
6.257723308335102956e+03
6.258105100442567164e+03
6.258572984491313946e+03
6.258590026847132322e+03
6.259611240450317382e+03
6.259612683630633001e+03
6.259934634190279212e+03
6.260608168469655539e+03
6.260650041810482435e+03
6.260754859194153141e+03
6.260885099534960318e+03
6.261098278111408035e+03
6.261276198254969131e+03
6.261339636324650201e+03
6.261479145285467894e+03
6.261574196627590936e+03
6.261633122637907945e+03
6.262232888315445052e+03
6.262281607977454769e+03
6.262841935405202094e+03
6.262891808900038086e+03
6.263147612481016040e+03
6.263300780355528332e+03
6.263709591562941569e+03
6.264023012665153146e+03
6.264351026542251930e+03
6.264363819739653991e+03
6.264459314412601998e+03
6.264494386372442932e+03
6.264567289484425601e+03
6.264588728349560370e+03
6.264616321283630896e+03
6.264642694267758088e+03
6.264680854970850305e+03
6.264865591993555427e+03
6.264945895911549997e+03
6.264961560562038358e+03
6.265251197553266138e+03
6.265474037163598041e+03
6.265878415358944039e+03
6.266080178912760857e+03
6.266500388033628042e+03
6.266685676707192215e+03
6.266710813239960771e+03
6.266725974998059428e+03
6.266768067475496537e+03
6.266787006621586443e+03
6.267002182408217777e+03
6.267029527256300753e+03
6.267046908772018469e+03
6.267192115884185114e+03
6.267607670708992373e+03
6.268339613794527395e+03
6.268588444246901418e+03
6.268772741619447515e+03
6.268799685504273839e+03
6.268931230715620586e+03
6.269139139893281026e+03
6.269480894890153650e+03
6.269481919533038308e+03
6.269583542290266450e+03
6.269954401802130633e+03
6.270234600056527597e+03
6.270362620752483963e+03
6.270500743689687624e+03
6.270596428287946765e+03
6.270736061761655947e+03
6.270962000374736817e+03
6.270996331580776314e+03
6.271224512562392192e+03
6.271605270698110871e+03
6.271841276270170056e+03
6.271959189635846997e+03
6.272849712882214590e+03
6.272865477232530793e+03
6.273532364107242756e+03
6.273640770576955219e+03
6.273895621929302251e+03
6.274176659719891177e+03
6.274513537843396080e+03
6.274542221855218486e+03
6.274583393673849969e+03
6.274833253160891218e+03
6.274923875430128646e+03
6.275789531513302791e+03
6.276241976102343870e+03
6.276526573508067486e+03
6.276539326951052317e+03
6.276550352990132524e+03
6.276559930654508207e+03
6.276861952346367616e+03
6.276878329552190735e+03
6.277153987257808694e+03
6.277186472947479160e+03
6.277421869559839251e+03
6.277606472129735266e+03
6.277635477683559657e+03
6.277818411836025916e+03
6.277963662430688601e+03
6.278082198834611518e+03
6.278452781719870472e+03
6.278774674572940967e+03
6.279221818908723435e+03
6.279261927874355933e+03
6.279347427333186715e+03
6.279459540422873943e+03
6.280299002465083504e+03
6.280312362114750613e+03
6.280336706028834669e+03
6.280381616423175728e+03
6.280468934555272426e+03
6.281156864662756561e+03
6.281454945613352720e+03
6.281539938785328559e+03
6.281830086868856597e+03
6.282146321090775018e+03
6.282224016923300042e+03
6.282286986377680478e+03
6.282386985118283519e+03
6.282460873811547572e+03
6.282508449450498119e+03
6.282643980919858222e+03
6.283013915698425080e+03
6.283049768911178035e+03
6.283858885184569772e+03
6.284109419077028178e+03
6.284341505508740738e+03
6.284988270263067534e+03
6.285097361690181970e+03
6.285115288313735618e+03
6.285252310268733709e+03
6.285775794395225603e+03
6.285954779073265854e+03
6.286170738338774754e+03
6.286171799828185613e+03
6.286644268434249170e+03
6.286920233830024699e+03
6.286952623870423849e+03
6.286998026527264301e+03
6.287131965856809984e+03
6.287281311334851125e+03
6.287555582454428077e+03
6.287866024289969573e+03
6.287909640165301425e+03
6.287995472471302492e+03
6.288337320555515362e+03
6.288370411167657039e+03
6.288441265357424527e+03
6.288591560932221000e+03
6.288835952648420971e+03
6.288947310076830945e+03
6.289337780483853749e+03
6.289803628838281838e+03
6.289919187562286425e+03
6.290116620968493407e+03
6.290149216540815360e+03
6.290215796299107751e+03
6.290336157580034524e+03
6.291070518728406569e+03
6.291239444781801467e+03
6.291254220445503051e+03
6.291331652509426021e+03
6.291788322418925418e+03
6.292281672158384026e+03
6.292557723321458070e+03
6.292644597734328272e+03
6.292672990330667744e+03
6.292828553733446824e+03
6.292924687282148625e+03
6.293399938068387200e+03
6.293812745899936090e+03
6.293916193036143341e+03
6.294465521375166645e+03
6.294533880983396557e+03
6.294677822361210929e+03
6.294984180772552463e+03
6.295079498663446429e+03
6.295151702562232458e+03
6.295615542080371597e+03
6.295621435044189639e+03
6.295642619701329750e+03
6.295744531744054257e+03
6.295829554044059478e+03
6.296711772526738969e+03
6.296730604361795486e+03
6.296868984548741537e+03
6.297059547138706876e+03
6.297208669769754124e+03
6.297219730912733212e+03
6.297228646661814309e+03
6.297379949623513312e+03
6.297586911240945483e+03
6.298252137504519851e+03
6.298407038989357716e+03
6.298484995836583039e+03
6.298509367501810630e+03
6.298515525982501458e+03
6.299310462542557616e+03
6.299372796537086288e+03
6.299608275909133226e+03
6.299682888594154974e+03
6.299961431482240187e+03
6.300299697680083227e+03
6.300756528510845783e+03
6.301008713496880773e+03
6.301015195972193396e+03
6.301081271966486383e+03
6.301689983514414962e+03
6.302226092364195210e+03
6.302415786487584228e+03
6.302435642111098787e+03
6.302901761654075926e+03
6.302963881992616734e+03
6.303221694539394775e+03
6.303818184506975740e+03
6.304129408000620060e+03
6.304292246938270182e+03
6.304564958907292748e+03
6.305289422680207281e+03
6.305290448715703860e+03
6.305432831186386466e+03
6.305574100216529587e+03
6.306048414635368317e+03
6.306229226917338565e+03
6.306641748882643697e+03
6.306842298206286614e+03
6.306943875308119459e+03
6.307287811019934452e+03
6.307324294446666499e+03
6.307329392792306862e+03
6.307587422696889917e+03
6.307888332200515833e+03
6.308148390436095724e+03
6.308186295195169805e+03
6.309162593444921185e+03
6.309672110998966673e+03
6.309858817738541802e+03
6.310119032237315878e+03
6.310982914752660690e+03
6.311385145878264666e+03
6.311716385523766803e+03
6.312038636723476884e+03
6.312133718436900381e+03
6.312605577379908027e+03
6.312823381957382480e+03
6.313063973353012443e+03
6.313154105613289175e+03
6.313246814733519386e+03
6.313457500855615763e+03
6.313533298656117950e+03
6.313577494161165305e+03
6.313623046825111487e+03
6.313921307573746162e+03
6.314044187170267833e+03
6.314204521423970618e+03
6.314954062234336561e+03
6.315032108981990859e+03
6.315408321909814731e+03
6.315608954084953439e+03
6.315743304248821005e+03
6.315893637990779098e+03
6.315921834651409881e+03
6.315944877651884781e+03
6.316036654194959738e+03
6.316039717237688819e+03
6.316766480475922435e+03
6.317445908396955019e+03
6.317552145434830891e+03
6.318010893900707742e+03
6.318120560637878043e+03
6.318607462605835281e+03
6.318666808613652393e+03
6.318892932043998371e+03
6.318893372395989900e+03
6.318931567457603705e+03
6.318944760572058840e+03
6.319034868262981036e+03
6.319098999972302408e+03
6.319141423229380962e+03
6.319149297607834342e+03
6.319353783221410595e+03
6.319381394425896360e+03
6.319421329822944244e+03
6.319751322649291069e+03
6.320119688562413103e+03
6.320550888930639303e+03
6.320787794839992785e+03
6.320825087577040904e+03
6.321010567599349088e+03
6.321086284208975485e+03
6.321197637802315512e+03
6.321265651742737646e+03
6.321296757345416154e+03
6.321524389267714469e+03
6.321607999719100917e+03
6.321685869765095049e+03
6.322013516923132556e+03
6.322385716670612055e+03
6.322403829845013206e+03
6.322436449350859220e+03
6.322675527721634353e+03
6.322680476668403571e+03
6.322865518033514491e+03
6.323108008911369325e+03
6.323368129678547120e+03
6.323436429236923686e+03
6.323516528091077816e+03
6.323670981775374457e+03
6.324347774737414511e+03
6.324714521723522921e+03
6.324824251166961403e+03
6.325264036221205970e+03
6.325347031273448920e+03
6.325695118174622621e+03
6.325737326478611067e+03
6.325895482045849349e+03
6.325945332645491362e+03
6.326292713648922472e+03
6.326356855297954098e+03
6.326427855213565635e+03
6.326446393275689843e+03
6.326854709938465930e+03
6.327002382133781794e+03
6.327339651970140039e+03
6.327372718234116292e+03
6.327477610243340678e+03
6.327589370195253650e+03
6.327894082933436948e+03
6.328803303634095755e+03
6.329428309872294449e+03
6.329493438071171113e+03
6.330051302160430168e+03
6.330095849757984070e+03
6.330732634869796129e+03
6.331406870485096078e+03
6.331639689002825435e+03
6.331720580377935221e+03
6.331968865122315947e+03
6.332241421190604342e+03
6.333470697715448296e+03
6.333659569341169117e+03
6.333749387344165370e+03
6.333831167546745746e+03
6.333967737675365242e+03
6.334630091995052680e+03
6.334713989870690966e+03
6.334760398257415545e+03
6.334964006314558901e+03
6.335270121141968048e+03
6.335448791560184873e+03
6.335558408646037606e+03
6.335596753412816724e+03
6.336426636699378832e+03
6.336723242005969951e+03
6.337107549620213831e+03
6.337455443529985132e+03
6.337464993972193952e+03
6.337534847894845370e+03
6.337947287796076125e+03
6.337957702894673275e+03
6.338407428858323328e+03
6.338518851540675314e+03
6.338570479380890902e+03
6.339138708425917685e+03
6.339312662743629517e+03
6.339367485533187391e+03
6.339764633731462709e+03
6.340178247949696015e+03
6.340691160456189209e+03
6.340772214687809537e+03
6.341552033347547876e+03
6.341678243973859026e+03
6.341683780782824215e+03
6.343094209521636003e+03
6.343644794879777692e+03
6.343849606143550773e+03
6.343941228023494659e+03
6.344038127831088786e+03
6.344057144592060467e+03
6.344062353890648410e+03
6.344136103520275356e+03
6.344160738329373089e+03
6.344726930618615370e+03
6.344876910874008900e+03
6.345263414047381048e+03
6.345340199954668606e+03
6.345678039033563437e+03
6.345898736003452541e+03
6.346528281258212701e+03
6.346724927939682857e+03
6.347001640304255488e+03
6.347290269515045111e+03
6.347450967122827933e+03
6.347873169836014313e+03
6.348142942895112355e+03
6.348176061216937342e+03
6.348880931690713624e+03
6.348919760208019397e+03
6.349111745441525272e+03
6.349266206237871302e+03
6.349571367063120306e+03
6.349665953932408229e+03
6.349748992811848439e+03
6.350310832796918476e+03
6.351149256536367830e+03
6.351679444306736514e+03
6.351788181080767572e+03
6.351826618197216703e+03
6.351858157496618333e+03
6.352007379063415101e+03
6.352153799346945561e+03
6.353404784166457830e+03
6.353632886265146226e+03
6.353685132089152830e+03
6.355184311848186553e+03
6.355353598679613242e+03
6.355408388848261893e+03
6.355429496526407092e+03
6.355564715445168076e+03
6.355716355650290097e+03
6.355727716861862973e+03
6.355830168581772341e+03
6.355909569279155221e+03
6.357071965142639783e+03
6.357313548196588272e+03
6.357481007255559234e+03
6.357629293560406040e+03
6.357642854608966445e+03
6.357837130745731884e+03
6.357868123104412916e+03
6.357910848664296282e+03
6.357911622388132855e+03
6.358118635858976631e+03
6.358228361786881578e+03
6.358682698875657479e+03
6.358714024478479587e+03
6.358808760511052242e+03
6.359894405754400395e+03
6.360064799125350874e+03
6.360175209024971991e+03
6.360545882459328823e+03
6.360877765710596577e+03
6.360890824249255274e+03
6.361116738579155026e+03
6.361344585075174109e+03
6.361841675463118918e+03
6.362302394507732060e+03
6.362485675819270000e+03
6.362667310273021940e+03
6.362721385590104546e+03
6.363613008657887804e+03
6.364292478648549150e+03
6.364623211578642440e+03
6.365143247351975333e+03
6.365347376198593338e+03
6.365474649753471567e+03
6.365541129305838695e+03
6.365650403276307770e+03
6.365720046557879868e+03
6.365743490469773860e+03
6.365993124196205827e+03
6.366074082129411181e+03
6.366193783403687121e+03
6.366211056165271657e+03
6.366875658505751744e+03
6.367107829429413869e+03
6.367304155911529051e+03
6.367758654486650812e+03
6.368054128650316670e+03
6.368166208229973563e+03
6.368422481832537414e+03
6.368557544312023310e+03
6.368761863348807310e+03
6.368893403397043585e+03
6.369054383661376960e+03
6.369103246689634034e+03
6.369243519407984422e+03
6.369697136859578677e+03
6.369990686267487035e+03
6.370053557577979518e+03
6.370295732414408121e+03
6.370311475921142119e+03
6.370551071737383609e+03
6.370728453859072033e+03
6.370993064364570273e+03
6.371158305340180959e+03
6.371632502495867811e+03
6.371895639904828386e+03
6.371952467417274420e+03
6.372213728934680148e+03
6.372308919700777551e+03
6.372366937532819065e+03
6.372514119627395303e+03
6.372550498486340075e+03
6.372691705099926367e+03
6.372782105086035699e+03
6.372801405099541626e+03
6.373051878221578590e+03
6.373189044425568682e+03
6.373287088361149472e+03
6.374161711113194542e+03
6.374295029542381599e+03
6.374567312105022211e+03
6.375301853632311577e+03
6.375377749040138042e+03
6.375527639636626191e+03
6.375692142227591830e+03
6.375740789256384232e+03
6.376560637204679551e+03
6.376839327288634195e+03
6.377557421563486059e+03
6.377814412022516990e+03
6.377963887934942250e+03
6.378163504232921696e+03
6.378188789362489842e+03
6.378370260305485317e+03
6.378628169153986164e+03
6.379303535318008471e+03
6.379826320760685121e+03
6.380321165632369230e+03
6.380715316524145237e+03
6.380746092291326931e+03
6.380785355942613023e+03
6.381160453240197057e+03
6.381209154276643858e+03
6.381333528580628808e+03
6.381454973319921010e+03
6.381675544529391118e+03
6.381676307815339896e+03
6.381960549501895002e+03
6.381995795987142628e+03
6.382099876230548034e+03
6.382603455041533380e+03
6.383387447139295546e+03
6.383680592591305867e+03
6.383858365623545978e+03
6.383871301611170566e+03
6.384490738006036736e+03
6.384525773502522497e+03
6.384568131179799821e+03
6.384620287363282841e+03
6.384693317356262014e+03
6.384878378724871254e+03
6.385244893467012844e+03
6.385267755191262950e+03
6.385370013023955835e+03
6.385405705739833138e+03
6.385558627885326132e+03
6.385730670065970116e+03
6.385918973528273455e+03
6.385991055854477963e+03
6.386443574583458030e+03
6.386648334009323662e+03
6.386781508117343037e+03
6.386908806179631938e+03
6.386927880608596752e+03
6.387440107229201203e+03
6.387475612053658551e+03
6.387538394017117753e+03
6.387721348068153929e+03
6.387752308508718670e+03
6.387988395962646791e+03
6.388023273005818737e+03
6.388537813201823155e+03
6.388562700263508304e+03
6.388960328806443613e+03
6.389144795606697699e+03
6.390158864915144477e+03
6.390207356017122947e+03
6.391109540738683791e+03
6.391166270391246144e+03
6.391798922627171123e+03
6.392506631768685111e+03
6.392516763870497925e+03
6.392889997112518358e+03
6.393093039463046807e+03
6.393099002140368611e+03
6.393774077657928501e+03
6.393896754748162493e+03
6.394109291420971203e+03
6.394435144743843011e+03
6.394553608654766322e+03
6.394737814900746343e+03
6.394942359491357820e+03
6.394950641973086931e+03
6.395401925818319796e+03
6.395611169708465241e+03
6.395790096098026879e+03
6.395900841370376838e+03
6.395933186714670228e+03
6.395950776987589961e+03
6.395974090542090380e+03
6.396259513507190604e+03
6.396430723592105096e+03
6.396505214000110755e+03
6.396573229074546362e+03
6.396857983250835787e+03
6.397064207488995635e+03
6.397117269296072664e+03
6.397387417193533111e+03
6.397437861236494427e+03
6.397785463186330162e+03
6.397948298298975715e+03
6.398017104943379309e+03
6.398153471405795244e+03
6.398203662419705324e+03
6.398242916014386537e+03
6.398296508976492987e+03
6.398423765369149805e+03
6.398461850571427021e+03
6.398609216165179532e+03
6.398782718766737162e+03
6.399273565703512759e+03
6.399292820831241443e+03
6.399595018362986593e+03
6.399995344549573019e+03
6.400769481035102217e+03
6.400902191556229809e+03
6.401014979184028562e+03
6.401264643930097918e+03
6.401398809393576812e+03
6.401464955154751806e+03
6.401652885474905815e+03
6.401691251157468287e+03
6.401832661721215118e+03
6.401871021841575384e+03
6.401902901563700652e+03
6.402265717340755145e+03
6.402595741586395889e+03
6.402642395189111994e+03
6.402762649697805500e+03
6.402783411138441807e+03
6.403168152975709745e+03
6.403212236584417951e+03
6.403633082838154223e+03
6.403991908310966210e+03
6.404426709675504753e+03
6.404637176559605905e+03
6.404731234634874454e+03
6.405064539039452939e+03
6.405095257761698122e+03
6.405407704299534089e+03
6.406219758538075439e+03
6.406440425784411673e+03
6.406694529849509308e+03
6.407119841625992194e+03
6.407204607499377744e+03
6.407279857705938412e+03
6.407366559217706708e+03
6.407573661632073708e+03
6.407583315684350964e+03
6.407648582074314618e+03
6.407783074729368309e+03
6.407846320155636022e+03
6.408327173698588012e+03
6.408341255131716935e+03
6.408466648761078432e+03
6.408533260331620113e+03
6.408848617418061622e+03
6.409601779083210204e+03
6.409915017676975367e+03
6.409917800014442037e+03
6.410043028426640376e+03
6.410395472081312619e+03
6.410478071469024144e+03
6.410625064351685978e+03
6.410708926914779113e+03
6.411250225378196774e+03
6.411462367334876944e+03
6.411554790811187559e+03
6.411564151376577684e+03
6.412109150920867251e+03
6.412517683233932075e+03
6.413288724042043214e+03
6.413971556585467624e+03
6.414193844009237182e+03
6.414200479141175492e+03
6.414461652742063961e+03
6.414482765394817761e+03
6.414579736760755623e+03
6.414665780286867630e+03
6.415204508918155625e+03
6.415269161411804816e+03
6.415310902720303602e+03
6.415530203682154934e+03
6.415620935555405595e+03
6.415627253425993331e+03
6.415697606932824783e+03
6.415820380035517701e+03
6.416088323855321505e+03
6.416346326617463092e+03
6.416858282511766447e+03
6.417405401610173612e+03
6.417520528885535896e+03
6.417706788144468192e+03
6.417733453253077641e+03
6.417867688749353874e+03
6.418365833518093496e+03
6.418679754554947976e+03
6.418963796092084522e+03
6.418973568393473215e+03
6.419508385880021706e+03
6.419771750900753432e+03
6.420267995479987803e+03
6.420535573548827415e+03
6.420922662810068687e+03
6.421046242584151514e+03
6.421417593433480761e+03
6.421483734239658588e+03
6.421605484087656805e+03
6.421657566437383139e+03
6.421801731984623075e+03
6.422091658473327698e+03
6.422157854905755812e+03
6.422358889027698751e+03
6.422515998005310394e+03
6.422743626562210920e+03
6.422867619875026321e+03
6.422978380005321924e+03
6.423061501585059887e+03
6.423857781185121894e+03
6.424047387448104018e+03
6.424062156823046280e+03
6.424290123549298187e+03
6.424343018222270985e+03
6.424406312894829171e+03
6.424680440059400098e+03
6.424718369783859089e+03
6.424726316302680971e+03
6.424856298280108604e+03
6.424947123710720916e+03
6.425052197778109985e+03
6.425110567353951410e+03
6.425281574190718857e+03
6.425661198673814397e+03
6.425995739536784640e+03
6.426038423698685619e+03
6.426153107422959692e+03
6.426468526835075863e+03
6.426539645785359426e+03
6.426760006465493461e+03
6.426931644382899321e+03
6.427184852182244867e+03
6.427634734965545249e+03
6.427745143953510706e+03
6.427895900041294226e+03
6.427939440068116710e+03
6.427970701413461029e+03
6.428052422810693315e+03
6.428052836668686723e+03
6.428475210077970587e+03
6.429222592464388981e+03
6.429298002620450461e+03
6.429577536403776321e+03
6.429601376642745890e+03
6.429884136358620708e+03
6.430200004978642937e+03
6.430480770109023069e+03
6.430751891680365588e+03
6.430844129974723728e+03
6.430989396268248129e+03
6.431107222829601596e+03
6.431395806468589399e+03
6.431468248364730243e+03
6.431613464665139873e+03
6.431832684388646157e+03
6.432009945901201718e+03
6.432039811385300709e+03
6.432419727324107043e+03
6.432624905156804743e+03
6.432761164733187798e+03
6.432977202407800178e+03
6.432996001943723968e+03
6.433018699750032283e+03
6.433219421218275784e+03
6.433400241251614716e+03
6.433489997020526971e+03
6.434622225254252044e+03
6.434831032592413976e+03
6.434933382469710523e+03
6.436006061374258934e+03
6.436280322960787089e+03
6.436448931731594712e+03
6.436555613410315345e+03
6.436872907753888285e+03
6.436889892537166816e+03
6.437107584144281645e+03
6.437524149537659468e+03
6.437640694607487603e+03
6.438114262627793323e+03
6.438625381387469133e+03
6.438973243645142247e+03
6.439050469850155423e+03
6.439267549856759615e+03
6.439280070727833845e+03
6.439877022335212132e+03
6.439984086840637246e+03
6.440223150077239552e+03
6.440262078680060768e+03
6.440336931141762761e+03
6.440568412840023484e+03
6.440828025497687122e+03
6.441207365292133545e+03
6.442052576322319510e+03
6.442933720888148855e+03
6.442976453675890298e+03
6.444511643953203020e+03
6.444567265817245243e+03
6.444567369381132266e+03
6.444624347469682107e+03
6.444626803357344215e+03
6.444708424939422002e+03
6.444813013871742442e+03
6.445040719297005126e+03
6.445107007879435514e+03
6.445278128833983828e+03
6.445794535369231198e+03
6.445862606555952880e+03
6.446254813450424081e+03
6.446540844674980690e+03
6.447027207364308197e+03
6.447443470325533781e+03
6.447799267749158389e+03
6.447863753863224701e+03
6.447997883038963664e+03
6.448032510168769477e+03
6.448073231601654697e+03
6.448115761338631273e+03
6.448136631076922640e+03
6.448350736438776948e+03
6.448661703856259919e+03
6.449032852676318726e+03
6.449129473103210330e+03
6.449176294784541824e+03
6.449223413847427764e+03
6.449318212943420804e+03
6.449522262813961788e+03
6.449557837243919494e+03
6.449794544424373271e+03
6.449868646780477320e+03
6.449907180865836381e+03
6.449995059481450880e+03
6.450233847282180250e+03
6.450402864127433531e+03
6.450638428735687739e+03
6.450880181124975024e+03
6.450908844239010250e+03
6.452164104503426643e+03
6.452261497527622851e+03
6.452297998935368923e+03
6.452319289203671360e+03
6.452346004407240798e+03
6.452646434547298668e+03
6.452925123484130381e+03
6.452963296428121794e+03
6.453121406615709020e+03
6.453265802467399226e+03
6.453279172978243878e+03
6.453364220237749578e+03
6.453538498282625369e+03
6.453694593376998455e+03
6.454171413764901445e+03
6.454481603876192821e+03
6.454588631289433579e+03
6.454818546708293070e+03
6.455519457236390735e+03
6.455555439782913709e+03
6.456117667797888316e+03
6.456462434758053860e+03
6.456535430014465419e+03
6.456578985841128087e+03
6.456625142748683174e+03
6.456678121358704630e+03
6.457080171917771622e+03
6.457450054140413158e+03
6.457467084826545033e+03
6.457678496948512475e+03
6.457724374228578199e+03
6.458554551347928282e+03
6.458917484042600336e+03
6.458958927251002933e+03
6.459065714346297682e+03
6.459191176999695926e+03
6.459227753155747450e+03
6.459242378427125004e+03
6.460087376317985218e+03
6.460400026467864336e+03
6.460436062629934895e+03
6.460463644640277380e+03
6.460655509338214870e+03
6.460807488293115057e+03
6.460960732087713041e+03
6.460986270856487863e+03
6.461122264770997390e+03
6.461175681601001997e+03
6.461289202981063681e+03
6.461600987905630063e+03
6.461789479150278567e+03
6.461806324802068957e+03
6.462321276239585131e+03
6.463121686849178332e+03
6.463137056978961482e+03
6.463603495200463840e+03
6.463693085497294305e+03
6.463733245621682727e+03
6.463798240626892948e+03
6.463802025460076038e+03
6.464374333102994569e+03
6.464637693710965323e+03
6.464996694634264713e+03
6.465349380442095935e+03
6.465421342471770004e+03
6.465563982635591856e+03
6.465811729848863251e+03
6.465948983901416796e+03
6.466716860737467869e+03
6.467036843075654360e+03
6.468001309223177486e+03
6.468700898217532995e+03
6.469097609890504827e+03
6.469418580119698163e+03
6.469780124607614198e+03
6.470078985653904965e+03
6.470508827654278321e+03
6.470571645942064606e+03
6.470574654206999185e+03
6.471171212739116527e+03
6.471512895587539788e+03
6.471597583592012597e+03
6.471741968381612423e+03
6.471977871079285251e+03
6.472081735837140513e+03
6.472373473959170951e+03
6.472473775253370150e+03
6.472614511082982972e+03
6.472728565114869525e+03
6.472892645966717282e+03
6.472921408030617386e+03
6.473083572793188068e+03
6.473534326755809161e+03
6.473737555561157933e+03
6.473888558274943534e+03
6.473889171070984048e+03
6.474170107077236025e+03
6.474311497251373112e+03
6.474332556509551978e+03
6.474507175424304478e+03
6.474996143473131269e+03
6.475205753960353832e+03
6.475790753609968306e+03
6.476382671516479604e+03
6.476647467974487881e+03
6.476741944763317406e+03
6.476925856359631325e+03
6.477321212894311429e+03
6.477329639781597507e+03
6.478003097156541116e+03
6.478042859956291068e+03
6.478379536184693279e+03
6.478535139247381267e+03
6.478636644812353552e+03
6.478651264585831086e+03
6.478664784121756384e+03
6.478665210369746092e+03
6.479036469004331593e+03
6.479085418878545170e+03
6.479137313153264586e+03
6.479163808255798358e+03
6.479304638408341816e+03
6.479413746740106944e+03
6.479475879155115763e+03
6.479721453100572035e+03
6.479759127306332630e+03
6.480167296818188333e+03
6.480329118411752461e+03
6.480338822979080760e+03
6.480542942657094500e+03
6.480868901833921882e+03
6.481140230403656460e+03
6.481168590043431323e+03
6.481673603109228679e+03
6.481731550986712136e+03
6.481755890515169085e+03
6.481903591645383131e+03
6.481986675542874764e+03
6.482004463857387236e+03
6.482057911080883969e+03
6.482117397751707358e+03
6.482347131642416571e+03
6.482418685591533176e+03
6.482442882714944972e+03
6.482510577208870927e+03
6.482719850776349631e+03
6.482773893112733276e+03
6.482850478917174769e+03
6.482874388891080343e+03
6.483092334462028703e+03
6.483142653406103818e+03
6.483278286836408370e+03
6.483429242168366727e+03
6.483798374145600064e+03
6.484067791443454553e+03
6.484079420630823734e+03
6.484646525802797441e+03
6.484937680549888682e+03
6.485745465472297838e+03
6.486102858395164731e+03
6.486336780873542921e+03
6.486547225891732523e+03
6.486806344108964367e+03
6.486807972785993115e+03
6.486845676857458784e+03
6.486921310020755300e+03
6.486977692707840106e+03
6.487158762485199077e+03
6.487206281998339364e+03
6.487506899679447997e+03
6.487909532364271399e+03
6.488068703943215041e+03
6.488589364670668147e+03
6.488760047234898593e+03
6.488765691626584157e+03
6.489449732002049132e+03
6.489506936167968888e+03
6.489906365861405902e+03
6.490515321060746828e+03
6.490695321347681784e+03
6.490721033476580487e+03
6.491613174528862146e+03
6.491899280036952405e+03
6.491968930824975359e+03
6.492617144021221975e+03
6.493357540701108519e+03
6.493699773363703571e+03
6.493708160515175223e+03
6.493940556129465222e+03
6.494639587373666473e+03
6.495049059755293456e+03
6.495143719583451457e+03
6.495350516738125407e+03
6.495475770680341157e+03
6.495597256159756398e+03
6.495619745905582931e+03
6.495632502154780923e+03
6.495752997836026225e+03
6.496175336482004241e+03
6.496456700150454708e+03
6.496639710442928845e+03
6.496959920970900384e+03
6.497163959900540249e+03
6.498984191057345015e+03
6.499265391683664348e+03
6.499578877296738028e+03
6.499660200051003812e+03
6.499779009366204264e+03
6.500509004185632875e+03
6.500685923237190764e+03
6.500844301467008336e+03
6.500939618332384271e+03
6.501154079585629916e+03
6.501298344608494517e+03
6.501730320588702853e+03
6.501889251933544983e+03
6.502169561358216015e+03
6.502263048116294158e+03
6.502422518231426693e+03
6.502744459924827424e+03
6.502997491348495714e+03
6.503230405333890303e+03
6.503558953631082659e+03
6.504346221699133821e+03
6.504409672674168178e+03
6.504721848586595115e+03
6.505027977125400866e+03
6.505401488224758396e+03
6.505460502008054391e+03
6.505601634576406468e+03
6.505870808434745413e+03
6.506126541631111650e+03
6.506411140065938525e+03
6.506505959862068266e+03
6.506823512529153959e+03
6.506843878118579596e+03
6.506846746898087076e+03
6.507070000024356887e+03
6.507275346582309794e+03
6.507353143373226885e+03
6.507570694225086299e+03
6.508019107881760647e+03
6.508267346754817481e+03
6.508592432428059510e+03
6.508727501397654123e+03
6.508748554608645463e+03
6.508768395439014057e+03
6.508908380074942215e+03
6.508959238081266449e+03
6.509584591803336480e+03
6.509782438600616842e+03
6.510091677694343161e+03
6.510118073890589585e+03
6.510294601806547689e+03
6.510562006336293052e+03
6.511495391543274309e+03
6.511913762970912103e+03
6.511968244296899684e+03
6.512070270502716085e+03
6.512296314935436385e+03
6.512577992286600420e+03
6.512619699769459658e+03
6.512741097467827785e+03
6.512778628133850361e+03
6.512813379092966898e+03
6.512870314919417979e+03
6.512930185182465721e+03
6.513006819450055445e+03
6.513031228377849402e+03
6.513362148220207018e+03
6.513763279585978125e+03
6.513871737109451715e+03
6.513975909375380979e+03
6.514430807549777455e+03
6.514760863074970075e+03
6.514840518946070915e+03
6.514888299146051395e+03
6.515181506756201088e+03
6.515521883309507757e+03
6.515672944597563401e+03
6.515781415520764313e+03
6.516264922352436770e+03
6.516644255622839410e+03
6.516822230331486026e+03
6.517067787598325594e+03
6.517222926537120657e+03
6.517268471192051038e+03
6.517308811968965529e+03
6.517872776552211690e+03
6.517941279654132813e+03
6.517971212498337991e+03
6.518337446607869424e+03
6.518999493296991204e+03
6.519130888306107408e+03
6.519255531955639526e+03
6.519635940123189357e+03
6.520032448143197144e+03
6.520093219578770004e+03
6.520234590319325434e+03
6.520610294919758417e+03
6.520637175502626633e+03
6.521026903599426987e+03
6.521093878716345898e+03
6.521283348519639731e+03
6.521384402484995917e+03
6.521412541504261753e+03
6.521465671662102977e+03
6.521571311590468213e+03
6.522371309141158235e+03
6.522543872779954654e+03
6.522561145529086389e+03
6.522771033222737060e+03
6.523224133231517953e+03
6.523404217927359241e+03
6.523425207915571264e+03
6.523545496058035496e+03
6.523684171552873522e+03
6.523740314629802924e+03
6.524301531024047108e+03
6.524702416274543793e+03
6.525321143654403386e+03
6.525369056672424449e+03
6.525481460496942418e+03
6.525511788053794589e+03
6.525613301064788175e+03
6.525614078341758614e+03
6.526075607699848661e+03
6.526260559765604739e+03
6.526386534829682205e+03
6.526550577688598423e+03
6.527441538452786517e+03
6.527735728675277642e+03
6.527797070573520614e+03
6.528160196402908696e+03
6.528588851666786468e+03
6.528725886493716644e+03
6.528988065767684020e+03
6.529572996858227270e+03
6.529637534174059510e+03
6.529741226409266346e+03
6.530302629911183431e+03
6.530322242955812726e+03
6.530695200052921791e+03
6.530718442014351240e+03
6.531011794704637396e+03
6.531302231582965760e+03
6.531414056616068592e+03
6.531853483270400829e+03
6.531880062107926278e+03
6.531909569611715597e+03
6.532044361013562593e+03
6.532119521081337552e+03
6.532290035334045569e+03
6.532403030512035912e+03
6.532442916252675786e+03
6.532542829213602090e+03
6.532624354489927100e+03
6.532648725490823381e+03
6.533211938763164653e+03
6.533272508111715069e+03
6.533741177039280046e+03
6.534504362387885521e+03
6.534871243075367602e+03
6.534902561981448343e+03
6.535431960942715705e+03
6.535460493598166067e+03
6.535498852017665740e+03
6.535633509255671925e+03
6.535761487677931655e+03
6.535888178652509851e+03
6.535909180980724159e+03
6.536063759346288862e+03
6.536443204190372853e+03
6.536929646338399834e+03
6.537008028492685298e+03
6.537147706874498908e+03
6.537859496130741718e+03
6.538181611959586917e+03
6.538811146459068368e+03
6.538845152406922352e+03
6.539097787193722070e+03
6.539129792120204002e+03
6.539225991386647365e+03
6.539518844700897716e+03
6.539785142300294865e+03
6.540266031143753935e+03
6.540393679456641621e+03
6.540404143188513444e+03
6.540757960458994603e+03
6.541288039133134589e+03
6.541408735511949999e+03
6.541675274743088266e+03
6.541783466614246208e+03
6.541990836517577918e+03
6.542139848613502181e+03
6.542403426029031834e+03
6.542497919676468882e+03
6.542520689939268777e+03
6.542833213163590699e+03
6.543631361659226968e+03
6.543819014829476146e+03
6.544174831969825391e+03
6.544409353836004811e+03
6.544543379227735386e+03
6.545188278476596679e+03
6.546476508445744003e+03
6.546501379310404445e+03
6.546793904143889449e+03
6.546885096006664753e+03
6.547244821559967022e+03
6.547342513873350981e+03
6.547480151292238588e+03
6.547949808690302234e+03
6.547991144331301257e+03
6.548161440026020500e+03
6.548565422539511928e+03
6.548745420946545892e+03
6.549223966416167059e+03
6.549561122805289415e+03
6.549943591158727941e+03
6.549957241330694160e+03
6.549968779196341529e+03
6.550060370132777280e+03
6.550109165098207995e+03
6.550172512177356111e+03
6.550378721588494955e+03
6.550676582667877483e+03
6.550968910591461281e+03
6.551144229397535128e+03
6.551655475279313578e+03
6.551818191335974007e+03
6.551821003168352036e+03
6.552739922163787924e+03
6.552758115386282952e+03
6.552977844194322643e+03
6.553107721031419715e+03
6.553216899836140328e+03
6.553444815771643334e+03
6.553572631152249414e+03
6.553575538727154708e+03
6.553616084277738992e+03
6.553787809626904163e+03
6.553862330963688692e+03
6.554017622636958549e+03
6.554913913374118238e+03
6.555243799941036741e+03
6.555639815885815551e+03
6.555644395155602979e+03
6.555750073163843808e+03
6.556375730642844246e+03
6.556888892639691221e+03
6.557008140997969349e+03
6.557283370597667272e+03
6.557285249930483587e+03
6.557379196100559966e+03
6.557423421667483126e+03
6.557711510863889998e+03
6.557858586333916719e+03
6.557870276643334364e+03
6.558601941680576601e+03
6.558687758866263721e+03
6.558702483589162512e+03
6.558785430527828794e+03
6.558907788336052363e+03
6.559728818969048007e+03
6.559997077208671726e+03
6.560312684334862752e+03
6.560373339521778689e+03
6.560572689611236456e+03
6.560588179643859803e+03
6.560699822385540756e+03
6.560837730852121240e+03
6.561072497474100601e+03
6.561199343285627037e+03
6.561435619385652899e+03
6.562002392281379798e+03
6.562213774302349520e+03
6.562373854916202617e+03
6.562922546573844556e+03
6.563111588712991761e+03
6.563161003228201480e+03
6.563191857093617728e+03
6.563938562248037670e+03
6.563945993011635437e+03
6.564615155089789369e+03
6.564704283551925982e+03
6.564821051694673770e+03
6.565197765021722262e+03
6.565448908543701691e+03
6.565516125908990034e+03
6.565679728454950236e+03
6.566565414811010669e+03
6.566801283606434481e+03
6.566878938940858461e+03
6.566988036484595796e+03
6.567227390102697427e+03
6.567330943250311066e+03
6.567387878011018984e+03
6.567590973832681811e+03
6.567753446333558713e+03
6.568002885841257012e+03
6.568127252483113807e+03
6.568404352299799939e+03
6.568543721047370127e+03
6.568544147691518447e+03
6.568668519098063371e+03
6.568765151120263909e+03
6.568909368624328636e+03
6.569063472548984464e+03
6.569088936513185217e+03
6.569148658448284550e+03
6.569596915126333442e+03
6.569601826669091679e+03
6.569875564938628486e+03
6.570311549320206723e+03
6.570493253331093001e+03
6.570631939715493900e+03
6.570640160534101597e+03
6.570893017085237261e+03
6.571059367773837948e+03
6.571232371637290271e+03
6.571475526103279662e+03
6.571731628735657978e+03
6.572648164229080066e+03
6.573068159784734235e+03
6.573322127071944124e+03
6.573350875354506570e+03
6.573464714491551604e+03
6.573609076935412304e+03
6.573864523566809112e+03
6.573973267735090303e+03
6.574367483306446957e+03
6.574407277412469739e+03
6.574516718932846743e+03
6.574874640984790858e+03
6.575222077827824251e+03
6.575605253382989758e+03
6.575968254245689423e+03
6.576004733098801808e+03
6.576100068501680653e+03
6.576410220809855673e+03
6.576568740772992896e+03
6.576971815118456107e+03
6.577393413774724650e+03
6.577446480579350464e+03
6.577546445517163193e+03
6.577839851631970305e+03
6.577992590260033467e+03
6.578082186936032485e+03
6.578178697738091614e+03
6.578443566268692848e+03
6.578617259397613452e+03
6.578989072734152614e+03
6.579099429958936526e+03
6.579461799047259774e+03
6.579473295905572741e+03
6.579613750871586490e+03
6.579705569370373269e+03
6.579886812642623227e+03
6.580068693480820002e+03
6.580743827544817577e+03
6.581321240968626626e+03
6.581498933572955139e+03
6.581526555629630820e+03
6.583319308503042521e+03
6.583588873481215160e+03
6.583721526596836156e+03
6.583937428377164906e+03
6.583952513487582110e+03
6.584030185649066880e+03
6.584174363011878995e+03
6.584448841506091412e+03
6.584462118544639452e+03
6.584640248903290740e+03
6.584739645874999042e+03
6.585050502228928053e+03
6.585421654713047246e+03
6.585464434103021631e+03
6.585841375669182526e+03
6.585846018535074109e+03
6.585920335881137362e+03
6.585964809151855661e+03
6.585982917233619446e+03
6.586067042016029518e+03
6.586426103683787005e+03
6.587434058669795377e+03
6.588265838767491914e+03
6.588362370366858158e+03
6.588919233828905817e+03
6.589065041448916418e+03
6.589142690886299533e+03
6.589647281531335466e+03
6.589747327332489476e+03
6.590626032732840940e+03
6.590700562242645901e+03
6.590839058863749415e+03
6.590857968191966393e+03
6.591297644557143940e+03
6.591308739373529534e+03
6.591418880096849534e+03
6.591554116284236443e+03
6.591654890456112298e+03
6.591698613093118183e+03
6.591861397446571573e+03
6.591877713122669775e+03
6.591880443751110761e+03
6.592534352113717432e+03
6.592647149499316583e+03
6.592881480131111857e+03
6.593354126198417362e+03
6.593387384086351631e+03
6.593429435794713754e+03
6.593900439126719903e+03
6.594138490532949618e+03
6.594373380204717250e+03
6.594456304372888553e+03
6.594740653736008426e+03
6.595024534579928513e+03
6.595047961739932362e+03
6.595471274740473746e+03
6.595699806907352468e+03
6.596550920978462273e+03
6.596631594208538445e+03
6.596907860335956684e+03
6.597097828358059814e+03
6.597217173166133762e+03
6.597413765534488448e+03
6.598329053760081479e+03
6.598369670462572685e+03
6.598396266887432830e+03
6.598724468117859033e+03
6.598771992115902322e+03
6.598820086558439471e+03
6.598845237159041062e+03
6.598946659853046185e+03
6.598967021770425163e+03
6.598980273616472914e+03
6.599096070267258256e+03
6.599144831927450468e+03
6.599170521476276008e+03
6.599203364785049416e+03
6.599369355826264837e+03
6.599475537055876885e+03
6.599647817854274763e+03
6.599789842789049544e+03
6.600748636080248616e+03
6.600825298666176423e+03
6.600950194241519966e+03
6.601311193435803943e+03
6.601806612110522110e+03
6.601934832889410245e+03
6.602604362767892781e+03
6.602998132457571046e+03
6.603052500776780107e+03
6.603216840868315558e+03
6.603380833856819663e+03
6.603510788043267894e+03
6.603907584093877631e+03
6.604084244176829998e+03
6.604123150407287540e+03
6.604310207755016563e+03
6.604441026845539454e+03
6.604676275432609145e+03
6.604722183335014961e+03
6.604956818935957926e+03
6.605013328121317500e+03
6.605265815267493963e+03
6.605338467003847654e+03
6.605464209279592978e+03
6.605504962936228367e+03
6.605709676077821314e+03
6.605763159922054001e+03
6.605829801722549746e+03
6.605858784089075925e+03
6.606156753513754666e+03
6.606295494526885705e+03
6.606492206992375031e+03
6.606696861869315399e+03
6.606786467138130320e+03
6.607013272618632982e+03
6.607450322244004383e+03
6.607824986005416577e+03
6.607871636634698916e+03
6.608457094648961174e+03
6.608726285576692135e+03
6.609467864718400051e+03
6.609690573874604524e+03
6.610003109357687208e+03
6.610093146763128971e+03
6.610229358500026137e+03
6.610285540677960853e+03
6.611024062987065918e+03
6.611427813476858319e+03
6.611479243496790332e+03
6.611492166597435244e+03
6.611716853644931689e+03
6.611898391492281007e+03
6.612072126483185457e+03
6.612250063605919422e+03
6.612638321085898497e+03
6.612920227891829200e+03
6.612925264847059225e+03
6.613460238918780306e+03
6.613657649939923431e+03
6.613938443166573052e+03
6.614369406440227067e+03
6.614549210668181331e+03
6.614714966480966723e+03
6.614783625008726631e+03
6.615480762932694233e+03
6.615832374779784914e+03
6.615891532446110432e+03
6.616049462426605714e+03
6.616191789765273825e+03
6.616211877704370636e+03
6.616953282277356266e+03
6.617258035114396080e+03
6.617277548624954761e+03
6.617543779084773632e+03
6.617820892167231250e+03
6.618332123540680186e+03
6.618801640410590153e+03
6.618808691665914921e+03
6.619020596981941708e+03
6.619152413696730036e+03
6.619569798380245629e+03
6.619794270934863562e+03
6.619813661191801657e+03
6.620054165945302884e+03
6.620461870422817810e+03
6.620710325039300187e+03
6.620834347816320587e+03
6.621273993235797207e+03
6.621579945444409532e+03
6.621754648901268411e+03
6.621783255778824241e+03
6.622052483040802144e+03
6.622095130381602758e+03
6.622427354016534082e+03
6.622596012763366161e+03
6.622615276393126805e+03
6.623313592706666896e+03
6.623385020829276073e+03
6.623489180096071323e+03
6.623553365463223599e+03
6.623911421833638087e+03
6.623995787382208619e+03
6.624714375606383328e+03
6.625092927174980105e+03
6.625693399762218178e+03
6.626041372114390470e+03
6.626093625319263083e+03
6.626204396544429073e+03
6.626328442343666211e+03
6.626357104074403651e+03
6.626872901188328797e+03
6.627145887554866022e+03
6.627155969384763921e+03
6.627187331016064491e+03
6.627706937471778474e+03
6.627963441232461264e+03
6.628297228995531441e+03
6.628345162553689079e+03
6.628578619687637001e+03
6.628661893649193189e+03
6.629015950065338984e+03
6.630337451734946626e+03
6.630422443871259020e+03
6.630637109406064155e+03
6.630965877436733535e+03
6.631251217998611537e+03
6.631525678551733108e+03
6.631618042185258673e+03
6.631761976671756202e+03
6.632806180006491559e+03
6.632933368517217787e+03
6.633028591578566193e+03
6.633096689063723716e+03
6.633181725582199761e+03
6.633264182579545377e+03
6.633633046256525631e+03
6.634456820800553032e+03
6.634668838942000548e+03
6.635728299056026117e+03
6.636075532045972977e+03
6.636097997219260833e+03
6.636109428534068684e+03
6.636659028548770948e+03
6.636866336838416828e+03
6.636973881675086886e+03
6.637172409179083843e+03
6.637260988189132149e+03
6.637291391044475859e+03
6.637417131015677114e+03
6.637471171597260764e+03
6.637471183388150166e+03
6.638153159457563561e+03
6.638941667599763605e+03
6.639049078163300692e+03
6.639737037260063516e+03
6.639858524528257476e+03
6.639885681229789952e+03
6.639965578212037144e+03
6.639976951749903492e+03
6.640110804632900908e+03
6.640310884167606673e+03
6.640521106891780619e+03
6.640528366978593112e+03
6.640906138533227022e+03
6.641035003176155442e+03
6.641580449429460714e+03
6.641586319010247280e+03
6.641637141705290560e+03
6.641913057194747125e+03
6.642184907064684921e+03
6.642315276321070996e+03
6.642323676455812347e+03
6.643472652121851752e+03
6.643846404682263710e+03
6.644245192421180036e+03
6.644702563023495713e+03
6.644956476175588250e+03
6.645196346598189848e+03
6.645289497939088506e+03
6.645330047752379869e+03
6.645770558019800774e+03
6.646218238119160560e+03
6.646457999256474068e+03
6.646965202478356332e+03
6.647492859415173371e+03
6.647847190149363087e+03
6.648061426318663507e+03
6.648271585189049802e+03
6.648492100701232630e+03
6.648548598380487419e+03
6.648639583582551495e+03
6.649014436939364714e+03
6.649302180368480549e+03
6.650137458455639717e+03
6.650432058361840063e+03
6.650686260557560672e+03
6.650721540767029182e+03
6.651261130151542602e+03
6.651271138552958291e+03
6.651759510206132290e+03
6.652260452602944497e+03
6.652559356271448451e+03
6.652593273154391682e+03
6.652782489743478436e+03
6.652826327480760483e+03
6.652828944080237306e+03
6.653487978490965361e+03
6.653589513938065465e+03
6.653863161238249631e+03
6.654262211466423651e+03
6.654949696348166071e+03
6.655044961308007260e+03
6.655193549283272660e+03
6.655543962521835056e+03
6.655880154693868462e+03
6.656195585910572845e+03
6.656243799249576114e+03
6.656876679329315266e+03
6.657028226906424607e+03
6.657096366946805574e+03
6.657310643328022707e+03
6.657315745937846259e+03
6.657478190370898119e+03
6.657949563336531355e+03
6.658028877503987133e+03
6.658200544324563452e+03
6.658344669219138268e+03
6.658892339968622764e+03
6.658924226044410716e+03
6.659384934914684891e+03
6.659558607115624000e+03
6.659598190551395419e+03
6.660014589946089473e+03
6.660379080678268110e+03
6.660678263305203473e+03
6.661110987496972484e+03
6.661784593415159179e+03
6.662259040623840519e+03
6.662480346380270930e+03
6.662499857246561078e+03
6.662610124842542973e+03
6.662840529541570504e+03
6.662888966385404274e+03
6.663306922901651888e+03
6.663423904732771007e+03
6.663559961919690977e+03
6.663653536532672661e+03
6.663936840031667089e+03
6.663970459633659630e+03
6.664011572206458368e+03
6.664348162316814523e+03
6.664698947945224063e+03
6.664855599713599986e+03
6.665146064950556138e+03
6.665215531283181917e+03
6.665399491316530657e+03
6.665634204678807691e+03
6.665728446810034256e+03
6.666183999505063184e+03
6.666610771911137817e+03
6.666827434064131921e+03
6.667008099820272037e+03
6.667117719750985088e+03
6.667131770725562092e+03
6.667290788047492242e+03
6.667419493251509266e+03
6.669126199606987029e+03
6.669595151120211995e+03
6.669641685709600097e+03
6.669803453046625691e+03
6.670299537589802640e+03
6.670634047665499565e+03
6.671052011060823133e+03
6.671177546290407008e+03
6.671962217710815821e+03
6.672411191401200995e+03
6.673014983778182796e+03
6.673242035608499464e+03
6.673623177626238430e+03
6.673655217146538234e+03
6.673822242683048898e+03
6.674268620066030053e+03
6.674614704593658644e+03
6.675040187144772972e+03
6.675168526970393941e+03
6.675395690587894933e+03
6.675909463059641894e+03
6.676619212249333941e+03
6.676798686157972952e+03
6.677007202159818917e+03
6.677095098746244730e+03
6.677239599759577686e+03
6.677347708780782341e+03
6.677675285379415072e+03
6.677902636676684779e+03
6.678130570027050453e+03
6.678237415657336896e+03
6.678522951654930694e+03
6.678693552613793145e+03
6.680269086924452495e+03
6.680552412590375752e+03
6.681250811308699667e+03
6.681328482923964657e+03
6.681533632262490755e+03
6.681764818518493485e+03
6.681886460292141237e+03
6.682262281518072996e+03
6.682497338936975211e+03
6.682693269072683506e+03
6.682865450553284973e+03
6.683433374227306558e+03
6.683618413000614055e+03
6.684232622178073143e+03
6.684258200003703678e+03
6.684535648981367558e+03
6.684555287555846917e+03
6.684633481831079735e+03
6.685175487275516389e+03
6.685833606968359163e+03
6.686143281230439243e+03
6.686676549544754380e+03
6.686950638713891749e+03
6.687075366057271822e+03
6.687382947544933813e+03
6.687654299825405360e+03
6.688124040487668026e+03
6.688208921446531349e+03
6.688337067826235398e+03
6.688697571552929730e+03
6.689038842144049340e+03
6.689610270403316463e+03
6.689800937156809596e+03
6.690007921639468805e+03
6.690133613865006737e+03
6.690292654623122871e+03
6.690527267175069028e+03
6.690651046007502373e+03
6.690736613949303319e+03
6.690781686272611296e+03
6.691213580890742378e+03
6.691533641903522948e+03
6.691631250688456930e+03
6.691914868147710877e+03
6.692162516046957535e+03
6.692708043786129565e+03
6.693000003363463293e+03
6.693109012765224179e+03
6.693158870802601996e+03
6.693226982461067564e+03
6.693529215495638709e+03
6.693798763003773274e+03
6.693875481196565488e+03
6.694098272752700723e+03
6.694281029466276777e+03
6.694368672138460170e+03
6.694463317775324867e+03
6.694559803996305163e+03
6.694661781218956094e+03
6.694679650585672789e+03
6.694749448545917403e+03
6.694853415262862654e+03
6.694965239843287236e+03
6.695497563916880608e+03
6.695946086040254158e+03
6.696558556916971611e+03
6.696696549681081706e+03
6.697400663368037385e+03
6.697496222867125653e+03
6.697571469632012850e+03
6.697655394489379432e+03
6.698731029314330954e+03
6.698893949024317408e+03
6.698970288044719382e+03
6.699077474510656430e+03
6.699328287600106705e+03
6.699680915623963301e+03
6.700025400433804862e+03
6.700132437680869771e+03
6.700255152712640665e+03
6.700348000203465745e+03
6.700462582839884817e+03
6.700839144144943930e+03
6.701037836617743778e+03
6.701112506546443910e+03
6.701567343766493650e+03
6.701893596921604512e+03
6.702313240557063182e+03
6.702564396616834529e+03
6.703194892818329208e+03
6.703204112481356788e+03
6.703471438498230782e+03
6.703562130250599694e+03
6.704052991369641859e+03
6.705285997418213810e+03
6.705341344078697148e+03
6.705545374626042758e+03
6.705703923548402599e+03
6.706564984239467776e+03
6.706628559152384696e+03
6.707591060362372446e+03
6.707779132417679648e+03
6.707845035548163651e+03
6.707963403700150593e+03
6.708082115919903117e+03
6.708137816132025364e+03
6.708317909483458607e+03
6.708586221494469100e+03
6.709258410387565164e+03
6.709595868949452779e+03
6.709710159058521640e+03
6.709904455412599418e+03
6.709968515961447338e+03
6.710138726831076383e+03
6.710332401646279322e+03
6.711481529790256900e+03
6.711677592568426007e+03
6.711818011450228369e+03
6.712314835414385925e+03
6.712340066739166105e+03
6.713011560724777155e+03
6.713030322061323204e+03
6.713124952165496325e+03
6.713466871651814472e+03
6.713937078443386781e+03
6.714230271647315931e+03
6.714324231192691514e+03
6.715936924200172143e+03
6.716515513394022491e+03
6.716824062764731025e+03
6.717118311920821725e+03
6.717365449512426494e+03
6.717882038345220280e+03
6.718054203799086281e+03
6.718281310435284468e+03
6.718343232294635527e+03
6.718503501004109239e+03
6.718821556175006663e+03
6.719294957496903407e+03
6.719444785180298823e+03
6.719646459422263433e+03
6.719697875001073953e+03
6.720220576534105021e+03
6.720258953845914220e+03
6.720320793197034618e+03
6.720992966397873715e+03
6.721165070065826512e+03
6.721291397418796805e+03
6.721312860214873581e+03
6.721449640195567554e+03
6.721475314010641341e+03
6.721543931507427260e+03
6.721678863130741775e+03
6.721968451027098126e+03
6.722086134742276954e+03
6.722485053966958731e+03
6.722813724531069056e+03
6.723094088292881679e+03
6.723346991386591981e+03
6.723402237124506428e+03
6.723651914042883618e+03
6.724304432529487713e+03
6.725581085215190797e+03
6.725980151541431042e+03
6.726871989556176231e+03
6.727102922885354019e+03
6.727325747750292066e+03
6.728146812344902173e+03
6.728625222389493501e+03
6.728689792706029039e+03
6.728997762007292295e+03
6.730086025593829618e+03
6.730118483932383242e+03
6.730685943830984797e+03
6.731021003338391893e+03
6.731208918855532829e+03
6.731312893925021854e+03
6.731430206637314768e+03
6.732083751252235743e+03
6.732109179353639774e+03
6.734052376339589500e+03
6.734554712165469937e+03
6.734733132259575541e+03
6.734741561143339823e+03
6.735245823437602667e+03
6.735265857439530919e+03
6.735651886677132097e+03
6.735766398584570197e+03
6.736100954090129562e+03
6.736228063381299762e+03
6.736589954324203063e+03
6.736644051717792536e+03
6.737195986863212966e+03
6.738003629124212239e+03
6.739342843715201525e+03
6.739779834990327799e+03
6.739835825780327468e+03
6.739934126927667421e+03
6.740271108483989337e+03
6.740349701811523119e+03
6.740874211005547295e+03
6.740894676999487274e+03
6.741118905853191791e+03
6.741124042813443339e+03
6.741239824480742755e+03
6.741551839153457877e+03
6.741562376031387430e+03
6.741949514470221402e+03
6.742326958286639638e+03
6.742645141854985923e+03
6.743101837907318441e+03
6.743364898389597329e+03
6.743449608983007238e+03
6.743466634464934941e+03
6.743708087692720255e+03
6.744343307938792350e+03
6.744624959666143695e+03
6.744676121568186318e+03
6.744862536591806929e+03
6.745005199016664847e+03
6.745515800428642251e+03
6.746048828381226485e+03
6.746634725305415486e+03
6.746896757361509117e+03
6.747158021107641616e+03
6.747856301671480651e+03
6.748451720345962713e+03
6.748810442821879406e+03
6.748877993412551405e+03
6.748912442391856530e+03
6.749139241045263589e+03
6.749230996056904587e+03
6.749547068110324290e+03
6.749579409719104660e+03
6.749677229507786251e+03
6.750199992066815867e+03
6.750321096212182965e+03
6.750416330401465530e+03
6.750619374600470110e+03
6.750684038780558694e+03
6.751103272026318336e+03
6.751123108612418946e+03
6.751311747941746034e+03
6.751508631416099888e+03
6.751749581141721137e+03
6.752027345407130269e+03
6.752242306399022709e+03
6.752455464986061088e+03
6.752485931917477501e+03
6.752701386468617784e+03
6.753293074687667286e+03
6.753331291954285007e+03
6.753407636620005178e+03
6.753600256984247608e+03
6.754274134284857610e+03
6.754612299223402260e+03
6.754626734402074362e+03
6.754894796654735728e+03
6.755507479890579816e+03
6.756018772555384203e+03
6.756053820569556592e+03
6.756491458977195180e+03
6.756912400384461762e+03
6.756998278113913329e+03
6.757262315684309215e+03
6.757561820837126106e+03
6.758596749653056577e+03
6.758622303461933370e+03
6.759256895219919897e+03
6.759320405946708888e+03
6.759346119269775954e+03
6.759789823208634516e+03
6.759803317977374718e+03
6.760110449152965884e+03
6.760539060095908098e+03
6.760571801074420364e+03
6.760634699894229925e+03
6.760898947585831593e+03
6.761246445850257260e+03
6.761374410059321235e+03
6.761387889493229522e+03
6.761429080641851215e+03
6.761483171863448661e+03
6.762398657780940994e+03
6.762843268694432481e+03
6.763108907542542511e+03
6.763144652052799756e+03
6.763273386295084492e+03
6.763364356113743270e+03
6.763692337978069190e+03
6.764226015561916938e+03
6.764300470353703531e+03
6.764383891221183148e+03
6.764617046504721657e+03
6.765288666425617521e+03
6.765460274893907808e+03
6.765494020829414694e+03
6.765559090750349242e+03
6.765568541849744179e+03
6.765655721751194505e+03
6.765655832680420644e+03
6.765723140060402329e+03
6.766205105732286029e+03
6.766851020414926097e+03
6.767249627903984219e+03
6.767301571410769611e+03
6.767362894760654854e+03
6.767432532364957297e+03
6.767486623931225040e+03
6.767595903579002879e+03
6.767982131711002694e+03
6.768179421212334091e+03
6.768417111946311707e+03
6.768508012455442440e+03
6.768586242752960970e+03
6.768756853081374175e+03
6.768774316129399267e+03
6.769008914268295484e+03
6.769587722855369066e+03
6.770658239208352825e+03
6.771308517375136034e+03
6.771921197555079743e+03
6.772378874911299135e+03
6.772449008056707498e+03
6.772486465665856485e+03
6.772525711767711982e+03
6.772730574465685095e+03
6.773045936277375404e+03
6.773091496433038628e+03
6.773541276904116785e+03
6.774056328991359806e+03
6.774602784264573529e+03
6.774815610639906481e+03
6.775108974841024974e+03
6.775151178150696978e+03
6.775258390600368330e+03
6.775278878181838081e+03
6.775332439242190958e+03
6.775728107511267808e+03
6.775845097248908132e+03
6.776042991790599444e+03
6.776582275708156885e+03
6.776663399142091293e+03
6.776988193942826911e+03
6.777131184233674503e+03
6.778194225962143719e+03
6.778203810272425471e+03
6.778480453049211974e+03
6.778750469070217150e+03
6.778858934016747298e+03
6.779187299868362061e+03
6.779553923840032439e+03
6.779660993168052300e+03
6.780106405652724789e+03
6.780163871700310665e+03
6.780735978949078344e+03
6.780784883080406871e+03
6.781028957548430299e+03
6.781051651034886163e+03
6.781178485315593207e+03
6.781879819059711735e+03
6.782228628276345262e+03
6.782244545234703764e+03
6.782771506671576390e+03
6.782822375098891825e+03
6.782886085139663919e+03
6.783123361108099743e+03
6.783161228192019735e+03
6.783192619989533341e+03
6.783285530830883545e+03
6.783485364826248770e+03
6.783869531094454942e+03
6.784393989744870851e+03
6.784579610391291681e+03
6.784745669936961349e+03
6.784889000067822963e+03
6.785230913967020570e+03
6.785399618549096886e+03
6.785683948841645361e+03
6.786090927013014152e+03
6.786735562347103951e+03
6.787142179176262289e+03
6.787692620565563629e+03
6.787701963716627688e+03
6.788014524031154906e+03
6.788019026006635613e+03
6.788041089073642070e+03
6.788522248931565628e+03
6.788717279567889818e+03
6.788736665801699928e+03
6.789121955568313751e+03
6.789155095564199655e+03
6.789473432843726187e+03
6.789760130641331671e+03
6.790089731179834416e+03
6.790136459672187812e+03
6.790148336083182585e+03
6.790688416750708711e+03
6.790930603372044061e+03
6.791361849922042893e+03
6.791482685826043053e+03
6.791734538516941029e+03
6.791953051883368971e+03
6.792207380285010004e+03
6.792289318799199464e+03
6.792345938658047089e+03
6.792790132045756764e+03
6.793211781757922836e+03
6.793494678615942576e+03
6.793672091061951505e+03
6.793879013112218672e+03
6.794078009389705585e+03
6.794255696189713490e+03
6.794278535283904603e+03
6.794331296524201207e+03
6.794545002561038018e+03
6.794591210741486975e+03
6.795579917842725081e+03
6.795598542199071744e+03
6.795848519466600919e+03
6.796492896918607585e+03
6.796576449251730082e+03
6.797685254101634200e+03
6.797855986400986694e+03
6.797923328480837881e+03
6.798694657332637689e+03
6.798780150864085044e+03
6.798995353102343870e+03
6.799094696851211665e+03
6.799166950703277507e+03
6.799756963217363591e+03
6.799854999855177084e+03
6.799912957257721246e+03
6.800759234813640433e+03
6.800924435306346822e+03
6.801191323897934126e+03
6.801368423357001120e+03
6.801499664941108676e+03
6.801837212839808672e+03
6.802338385033312079e+03
6.802548728729299910e+03
6.803497861389379068e+03
6.804187178520821362e+03
6.804332849593278297e+03
6.804433762835946254e+03
6.804467260388818431e+03
6.804653050109851392e+03
6.804774501642724317e+03
6.805074249997413062e+03
6.805378815034898253e+03
6.805551807090464536e+03
6.805805020793986841e+03
6.805822789278650816e+03
6.805886028785113012e+03
6.806027780124739365e+03
6.806066135577719251e+03
6.806580562894833747e+03
6.806667932409734021e+03
6.806802259402863456e+03
6.806902260330853096e+03
6.806906604198687091e+03
6.806932636798820567e+03
6.806955488623890233e+03
6.807443754672473915e+03
6.807631619344175306e+03
6.807670162393626015e+03
6.807962933394542233e+03
6.808103110935576296e+03
6.808686840857474635e+03
6.808688323620907795e+03
6.808999940299098853e+03
6.809340925471583432e+03
6.809387913326377202e+03
6.809685979355920608e+03
6.809878935845320484e+03
6.810038868736785844e+03
6.810056016303579781e+03
6.810383701838912202e+03
6.810410958519784799e+03
6.810502475095429872e+03
6.810532731146266087e+03
6.810908584961383895e+03
6.811134301510399382e+03
6.811800722870157188e+03
6.812090453973796684e+03
6.812483047697171060e+03
6.812921157757656147e+03
6.813372177540882149e+03
6.813500153095703354e+03
6.813516477518171087e+03
6.813632679856073082e+03
6.813762316663084675e+03
6.813950628900084666e+03
6.814787671241819226e+03
6.815184891579631767e+03
6.815318360176380338e+03
6.815517720535153785e+03
6.815917750680212521e+03
6.816073620232494250e+03
6.816096063985810360e+03
6.816279764502573016e+03
6.816319532190866084e+03
6.816531083195342944e+03
6.816795100398466275e+03
6.816892558052586537e+03
6.817624689235934966e+03
6.817669559199260220e+03
6.817759413247941666e+03
6.817860836291730266e+03
6.818274734968491430e+03
6.818628437499714892e+03
6.818661087929149289e+03
6.819177429928985475e+03
6.819397253002331126e+03
6.819839015907346038e+03
6.819982708750192614e+03
6.820222774708088764e+03
6.820297594048499377e+03
6.820603596544260654e+03
6.820925073532935130e+03
6.821016493087920935e+03
6.821028178419630422e+03
6.821443885340217093e+03
6.821527530372864931e+03
6.822109371646828549e+03
6.822258788988531705e+03
6.822790284860256179e+03
6.822893740346687082e+03
6.823049585734929678e+03
6.823111848595007359e+03
6.823128802275867201e+03
6.823566038007455063e+03
6.823995429851278459e+03
6.824401094690661012e+03
6.824848651638502815e+03
6.825236452936200294e+03
6.825412279607403434e+03
6.825623831258873906e+03
6.825660814785122056e+03
6.825787997230284418e+03
6.825983018139390879e+03
6.826328108747978149e+03
6.826379159567337410e+03
6.827060010587345459e+03
6.827264807143166763e+03
6.827874225004521577e+03
6.827995010789625667e+03
6.828136931807959627e+03
6.828488091836788044e+03
6.828812016966985539e+03
6.828956961215848423e+03
6.829104930134918504e+03
6.829676471293104441e+03
6.829871670523926696e+03
6.830797351171104310e+03
6.831695908012125983e+03
6.831750589705411585e+03
6.831841922222596622e+03
6.832055175681388391e+03
6.832169600690046536e+03
6.832429262919672510e+03
6.832910238539716374e+03
6.833566637973461184e+03
6.833809750724362857e+03
6.834244389325588600e+03
6.834658525520421790e+03
6.834709738545348046e+03
6.834751690784807579e+03
6.834876495882268500e+03
6.834979259636932511e+03
6.835391974340679553e+03
6.836368893913417196e+03
6.836676579724230578e+03
6.836687500503103365e+03
6.837166871628791341e+03
6.837385448677619934e+03
6.837903817463809901e+03
6.838036819414725869e+03
6.838190317813090587e+03
6.838468124911949417e+03
6.839239347111786628e+03
6.839493940129003931e+03
6.839797550177586345e+03
6.839903640982443903e+03
6.839960581358563104e+03
6.840703199694586147e+03
6.841386732462121472e+03
6.841493581420362716e+03
6.841658058721510315e+03
6.842055180341629239e+03
6.842612593446223400e+03
6.842983502745871192e+03
6.843335361822208142e+03
6.843338281219192140e+03
6.844253668991213999e+03
6.844353863884921338e+03
6.844382005312476394e+03
6.844410527719996026e+03
6.844572582320868605e+03
6.844600943247329269e+03
6.845111933582753409e+03
6.845234854342889776e+03
6.845366322638625206e+03
6.845471408457578946e+03
6.845684512293401895e+03
6.845785512222606485e+03
6.845819353411662632e+03
6.846466710137397968e+03
6.847072283205392523e+03
6.847231237156566749e+03
6.847564498471371735e+03
6.847665713825305829e+03
6.848004908181351311e+03
6.848598541336325980e+03
6.848847790945506858e+03
6.848905713466910129e+03
6.849021929461673608e+03
6.849060099196943156e+03
6.849143108605987436e+03
6.849460885952806166e+03
6.849466406454473145e+03
6.849626495304249147e+03
6.849747711016842914e+03
6.849827116761311117e+03
6.849859803721050412e+03
6.850574084665650844e+03
6.851279870251731154e+03
6.851344677243034312e+03
6.851427668012085633e+03
6.851533315851664156e+03
6.851971186366969960e+03
6.852037847973675525e+03
6.852604655915552030e+03
6.852786785242746191e+03
6.852788159658789482e+03
6.853223620314670370e+03
6.853352975480185705e+03
6.853371344300569945e+03
6.853448587486374890e+03
6.853533723921348610e+03
6.853728793835341094e+03
6.853868496934623181e+03
6.853869626437460283e+03
6.853932362545004253e+03
6.853955859563170634e+03
6.854030159857999024e+03
6.854179495171489179e+03
6.854385172418225011e+03
6.854388777386760012e+03
6.854603869412567292e+03
6.855107431571860616e+03
6.855187993444083986e+03
6.855331033789543653e+03
6.855359126243628452e+03
6.855596165455431219e+03
6.856417378235531032e+03
6.857135385187170868e+03
6.858014963908864956e+03
6.858110170401579126e+03
6.858178567414784993e+03
6.858240360999663608e+03
6.858443443390381617e+03
6.858902364449760171e+03
6.858940188756948373e+03
6.858991850093384528e+03
6.859625110588835923e+03
6.859831968391362352e+03
6.860034836134696889e+03
6.860185165766733917e+03
6.860230680696319723e+03
6.860348374119410437e+03
6.860393931731924567e+03
6.860857824995198825e+03
6.860947202666109661e+03
6.861006758156751857e+03
6.861386290720400211e+03
6.861500672780854075e+03
6.861521726373649471e+03
6.861523913157767311e+03
6.861727962897125508e+03
6.862484997447084424e+03
6.862491061343358524e+03
6.863061913048146380e+03
6.863234545095292560e+03
6.863984022861938683e+03
6.864018809459445947e+03
6.864146154794081667e+03
6.864185649648507024e+03
6.864187054792506387e+03
6.864328318915033378e+03
6.864484482296951683e+03
6.864634706158246445e+03
6.864659933585240651e+03
6.865231206884463063e+03
6.865271623525396535e+03
6.865416381826686120e+03
6.865519365275000382e+03
6.866245556012200723e+03
6.867124942246511637e+03
6.868228132066915350e+03
6.868386080720420068e+03
6.868608462855775542e+03
6.868642681725717921e+03
6.869005796851761261e+03
6.869989955938856838e+03
6.870154647738941094e+03
6.870263969696454296e+03
6.870941922142254043e+03
6.871402031259521209e+03
6.871468983441937780e+03
6.871542644893730539e+03
6.871675375379220895e+03
6.871703890613093790e+03
6.871882571876805741e+03
6.871924539792131327e+03
6.872359960119827520e+03
6.872903076571525162e+03
6.872982316017711128e+03
6.873418361042185097e+03
6.873471942041309376e+03
6.873620417966495552e+03
6.873712984119215434e+03
6.873767331563598418e+03
6.873807712033324606e+03
6.873909929416136947e+03
6.873932636075865048e+03
6.874598021079627870e+03
6.875414270964434763e+03
6.875535501578136973e+03
6.875601951773389374e+03
6.875629363108268080e+03
6.876078779398486404e+03
6.876085783390924917e+03
6.876578301189110789e+03
6.876658451590311415e+03
6.876986780470885606e+03
6.877430605930770980e+03
6.877441643757493694e+03
6.877525989745841798e+03
6.877924163575109560e+03
6.878540595718546683e+03
6.879005717645848563e+03
6.879291874272853420e+03
6.879413915781286050e+03
6.879595505361742653e+03
6.879687772761950328e+03
6.880088833209919358e+03
6.880124290574919542e+03
6.880169691391191009e+03
6.880669668060665572e+03
6.881015843798205424e+03
6.881031620906125681e+03
6.881145901897729345e+03
6.881296135667393173e+03
6.881947992793274352e+03
6.882159215004589896e+03
6.882310291136863270e+03
6.882660198442964429e+03
6.882714409420261291e+03
6.883106125994015201e+03
6.883141412697521446e+03
6.883368979074675735e+03
6.883419038497809197e+03
6.883778358388823108e+03
6.884126497425808338e+03
6.884201553624232474e+03
6.884332809440241363e+03
6.884358831490488228e+03
6.884515327881785197e+03
6.884701436001832008e+03
6.884738304274921575e+03
6.884745916004415449e+03
6.885319632043248930e+03
6.885565141728338858e+03
6.886150191562487635e+03
6.886257219100435577e+03
6.886925886653318230e+03
6.887002661123847247e+03
6.887030465164454654e+03
6.887047811324784561e+03
6.887290888199530855e+03
6.887800550485175336e+03
6.888032111750568220e+03
6.889208487249731661e+03
6.889421267880590676e+03
6.889459379821590119e+03
6.889568297851707030e+03
6.889720110370868497e+03
6.889996101398322935e+03
6.890009285038296184e+03
6.890134685211408396e+03
6.890661941604781532e+03
6.890837570046212022e+03
6.891046188777516363e+03
6.891186253706053321e+03
6.891195489914336576e+03
6.891388473591880938e+03
6.891654982571577420e+03
6.891785838966891788e+03
6.891857318845422924e+03
6.892307579884766710e+03
6.892599729031973766e+03
6.892872309880972352e+03
6.893058440638968932e+03
6.893104277879968322e+03
6.893502069838975331e+03
6.893770078149058463e+03
6.893982071571734195e+03
6.894196257468761360e+03
6.894244974748590721e+03
6.894423096110371262e+03
6.894776343465539867e+03
6.894782997421423715e+03
6.895192067454711832e+03
6.895252992868464389e+03
6.895422482141002547e+03
6.895653687116543551e+03
6.895874956941564960e+03
6.896486576806171797e+03
6.896722192910354352e+03
6.896809392765559096e+03
6.897112356890163937e+03
6.897821191342645761e+03
6.897889500545796182e+03
6.897902410885249083e+03
6.898025011532138706e+03
6.898216787030433807e+03
6.899046434968854555e+03
6.899122463073943436e+03
6.899127605283074445e+03
6.899421376077671084e+03
6.899970293102769574e+03
6.900014437168293625e+03
6.900092122510126501e+03
6.900801298010299433e+03
6.900818623353904513e+03
6.901040537773048527e+03
6.901725978696990751e+03
6.901954894707562744e+03
6.902776176065089203e+03
6.902976962148926759e+03
6.903272098595338321e+03
6.903371694799612669e+03
6.903634581032880305e+03
6.903881067682606954e+03
6.904551895251550377e+03
6.904566741447447384e+03
6.904984868018148518e+03
6.905079225077297451e+03
6.905824667962970125e+03
6.906285651088357554e+03
6.906582440279269576e+03
6.906628124131432742e+03
6.906884528831983516e+03
6.907096311929493822e+03
6.908171130775263919e+03
6.908589511420092094e+03
6.908757252148340740e+03
6.909470248922963947e+03
6.909490685163879789e+03
6.910153311249900980e+03
6.910590676354220705e+03
6.911050745130991345e+03
6.911245784137601731e+03
6.912040515130483072e+03
6.912443958868335358e+03
6.913001619990744075e+03
6.913494341323652407e+03
6.913637767677115335e+03
6.914028004143349790e+03
6.914086211769720649e+03
6.914248267404696890e+03
6.914403559682757987e+03
6.914499641936697117e+03
6.914666468851555692e+03
6.915235091771025509e+03
6.915955602440144503e+03
6.916132538384615145e+03
6.916166054528149289e+03
6.916387886629945569e+03
6.916427815833091699e+03
6.916590205898504792e+03
6.917585691184073767e+03
6.917641360166491722e+03
6.917668897628314880e+03
6.917741823604677847e+03
6.918261799587420683e+03
6.918420905788606433e+03
6.918907820949461893e+03
6.918976209262287739e+03
6.919095411100388446e+03
6.919356723329293345e+03
6.919582315410497358e+03
6.921807601775639341e+03
6.921894814419285467e+03
6.922558966262873582e+03
6.922593697037138554e+03
6.922810218992590308e+03
6.923392327056543763e+03
6.924358377246097007e+03
6.924417617405387318e+03
6.924436264420320185e+03
6.924457419278575799e+03
6.924547176853790916e+03
6.924694589486198311e+03
6.925509736050581523e+03
6.926119410993889687e+03
6.926202124234183430e+03
6.926207944399241569e+03
6.926785769675380834e+03
6.927487945349786969e+03
6.928249142655849028e+03
6.929043616978542559e+03
6.929110733552977763e+03
6.929310890304944223e+03
6.930529738965409706e+03
6.930982849659570093e+03
6.931100740644670623e+03
6.931480265554321704e+03
6.932007021164781690e+03
6.932099991445079468e+03
6.932133754594537095e+03
6.932203587350372800e+03
6.932249796297673129e+03
6.932455997197398574e+03
6.932860981493211511e+03
6.933635775048809592e+03
6.934398961842588506e+03
6.934593756654602657e+03
6.934755611490410047e+03
6.934780053197251618e+03
6.935221218709079949e+03
6.936483634487160089e+03
6.936822283937694920e+03
6.937354640650086367e+03
6.937790032891405644e+03
6.937832994401042015e+03
6.938212809758355434e+03
6.938671516164491550e+03
6.939421611541639322e+03
6.940570612648441966e+03
6.941339931613197223e+03
6.941817352119105635e+03
6.942368857379172368e+03
6.943122376805915337e+03
6.943652893693596525e+03
6.944224129945328059e+03
6.944426351412048461e+03
6.944442365316712312e+03
6.944640632138536603e+03
6.945292704454163868e+03
6.945553033693582620e+03
6.946478906053416722e+03
6.947512169189742053e+03
6.947655622847896666e+03
6.947748059316668332e+03
6.947772718202967553e+03
6.948168713342452975e+03
6.948325274075133166e+03
6.948363724175511379e+03
6.948371042530393424e+03
6.948457176689777953e+03
6.948775893528933921e+03
6.948849643748839298e+03
6.949009206570272909e+03
6.949511199156025214e+03
6.950938501480703962e+03
6.951336726594169704e+03
6.951429942353456681e+03
6.951873240897156393e+03
6.952250304276336465e+03
6.952542190165844659e+03
6.952568253905108577e+03
6.952617100492083409e+03
6.952842340162253095e+03
6.953450584806851111e+03
6.954041108139661446e+03
6.954152135953318975e+03
6.954698628766521324e+03
6.954728005646734346e+03
6.954840009073689544e+03
6.954937037935354965e+03
6.955499909250594101e+03
6.956174084681617387e+03
6.957281035305230034e+03
6.957331931428043390e+03
6.958586145304802812e+03
6.958712944300820709e+03
6.959562060848367764e+03
6.959828657491187187e+03
6.960104809154580835e+03
6.960570646019981723e+03
6.961145604055464901e+03
6.961466168607532381e+03
6.962029757830110611e+03
6.962978228183847932e+03
6.963022487037022984e+03
6.963035305869707372e+03
6.963889635000430644e+03
6.963941542607713018e+03
6.964633196133536330e+03
6.965995648541433184e+03
6.966771933386590717e+03
6.966983738079720752e+03
6.967102679431935940e+03
6.967385074937460558e+03
6.968158624406310992e+03
6.968242693993887769e+03
6.968576117611444715e+03
6.968946126157513390e+03
6.969055047400200237e+03
6.969110299027444853e+03
6.969770562321999023e+03
6.970071269414021117e+03
6.970107010691413961e+03
6.970467049791545833e+03
6.970580831354011934e+03
6.970592519422611076e+03
6.970615502085992375e+03
6.971728617895984826e+03
6.972819765734931025e+03
6.972853290900134198e+03
6.972950272057718394e+03
6.973113508884355724e+03
6.973539649450353863e+03
6.973770912768979542e+03
6.973823581485665272e+03
6.974119993627262375e+03
6.974263286105413499e+03
6.974293835113696332e+03
6.975874378349330073e+03
6.976061598755753039e+03
6.978187954001122307e+03
6.978250684794904373e+03
6.979069166755654805e+03
6.979708591968445035e+03
6.980802599924926653e+03
6.981538125787102217e+03
6.981978736366674639e+03
6.982465527482219841e+03
6.982487733119070981e+03
6.982969443724687153e+03
6.983575551854120022e+03
6.984288315951906043e+03
6.984388438658473206e+03
6.984600770827860288e+03
6.984740769098249075e+03
6.985227018095642052e+03
6.985374221714294436e+03
6.985382163548112658e+03
6.985836272347136401e+03
6.987046090487991933e+03
6.987257992182879207e+03
6.987285127665638356e+03
6.987523550472350507e+03
6.987555589774977307e+03
6.987592802599669085e+03
6.987714033814579125e+03
6.987824947556101506e+03
6.988684308063253411e+03
6.988794964114862523e+03
6.988864578495511523e+03
6.989091287205471417e+03
6.989283427416427912e+03
6.989392365703993164e+03
6.990349661100377489e+03
6.990651378991586171e+03
6.991000614718495854e+03
6.991177105083979768e+03
6.991443940384330745e+03
6.992029746195885309e+03
6.992176494338643352e+03
6.992291282430026513e+03
6.992307673095921928e+03
6.992514512057920911e+03
6.993685672766776406e+03
6.993920396793770124e+03
6.994200112683637599e+03
6.994353711111783923e+03
6.995221598747691132e+03
6.995955911678913253e+03
6.996520954893888302e+03
6.996531171074549093e+03
6.997598348029242516e+03
6.997684352138238864e+03
6.997934832525410457e+03
6.999421429418236585e+03
6.999458307309449083e+03
6.999813474579712420e+03
6.999911527019601635e+03
7.001198633050077660e+03
7.001367643378038338e+03
7.001672460985117141e+03
7.002116012972544922e+03
7.002221806713303522e+03
7.002502211985384747e+03
7.002633923667584895e+03
7.002736885588990845e+03
7.003949931305054633e+03
7.004073996111269480e+03
7.004142179128432872e+03
7.004295884274989476e+03
7.004411683026462015e+03
7.004746620440355400e+03
7.004955416109118232e+03
7.005254347215653979e+03
7.005394176246556526e+03
7.006081582870945567e+03
7.006411127437262621e+03
7.006572858303106841e+03
7.007019398433692004e+03
7.008027028744065319e+03
7.008240117977750742e+03
7.008254977883807442e+03
7.008821060436262997e+03
7.008960883432996525e+03
7.009446312665254482e+03
7.009452318371481851e+03
7.009460282796123465e+03
7.010373281344821407e+03
7.011214069093713078e+03
7.011488285531520887e+03
7.012343369476376211e+03
7.012419604035936572e+03
7.012592352608548026e+03
7.012710232326625373e+03
7.013084973349917163e+03
7.013531426414534508e+03
7.013664470820586757e+03
7.014416298922069473e+03
7.014689104488288649e+03
7.015252966561325593e+03
7.015295290637511243e+03
7.015401187439229943e+03
7.016168873886890651e+03
7.016207546912388352e+03
7.016923255088092446e+03
7.017320663745425918e+03
7.017608116823693308e+03
7.017620415915711419e+03
7.017646996572369062e+03
7.018040015622083956e+03
7.018228094571620204e+03
7.018356778360878707e+03
7.018726155067078253e+03
7.018731249650111749e+03
7.019357405471177117e+03
7.019992844726142721e+03
7.020682387207069041e+03
7.021293329406132216e+03
7.021881210494185325e+03
7.022203125651056325e+03
7.022531003067617348e+03
7.022768278225229551e+03
7.023498331550996227e+03
7.023981953213660745e+03
7.024208377126607957e+03
7.024273275456301235e+03
7.024349257541684892e+03
7.024750215080408452e+03
7.025016984340800263e+03
7.025060935009330933e+03
7.025072089567042894e+03
7.025082604881317820e+03
7.025661968008605982e+03
7.025709425125238340e+03
7.025986627244335978e+03
7.026128686842135721e+03
7.026164579736015185e+03
7.026508114115454191e+03
7.027331281200267767e+03
7.027451759432780818e+03
7.028143177532993832e+03
7.028577782128551007e+03
7.028745751365569049e+03
7.028932450332409644e+03
7.029200306859852390e+03
7.029745016459832186e+03
7.029947465804159037e+03
7.030268333097891627e+03
7.030287530829089519e+03
7.030491412749510346e+03
7.030905397188957068e+03
7.031431436894273247e+03
7.031441271410870286e+03
7.031730241724792904e+03
7.032012440296261047e+03
7.032034772273032104e+03
7.032292616533922228e+03
7.032589606593414828e+03
7.032716735132236863e+03
7.033724586920421643e+03
7.033900207716191289e+03
7.034068248016972575e+03
7.034500902437453988e+03
7.034679433630053609e+03
7.034920350320991929e+03
7.035937622071081933e+03
7.036378832086415969e+03
7.036620841064899651e+03
7.036936020958718473e+03
7.037420658710641874e+03
7.037441508877242086e+03
7.037884798761584534e+03
7.037972676586548005e+03
7.037979658987616858e+03
7.038211658076411368e+03
7.039500603908008088e+03
7.039601768019615520e+03
7.039656001594245026e+03
7.039794534611445670e+03
7.039876816273048462e+03
7.040528982148574869e+03
7.040530583612127884e+03
7.040592419575065833e+03
7.041139494785280476e+03
7.041141375322508793e+03
7.041745507611414723e+03
7.042218937246352652e+03
7.043114981315065052e+03
7.043171962442679614e+03
7.043578613578787554e+03
7.043906026386145641e+03
7.044337207010914426e+03
7.044749812459724126e+03
7.044930327628173472e+03
7.045796548369771699e+03
7.046000585102651712e+03
7.046418737974041505e+03
7.046574343492513435e+03
7.046641772320482232e+03
7.046668014936371947e+03
7.046781755992825310e+03
7.046790592151060991e+03
7.046833554369374724e+03
7.046887149423052506e+03
7.047491614834214488e+03
7.047964453078678162e+03
7.048329660248696200e+03
7.048355868891085265e+03
7.049450524706203396e+03
7.049900187534432007e+03
7.050203122441643245e+03
7.050671392106468375e+03
7.051463040430679939e+03
7.051752258737717966e+03
7.052655493574964567e+03
7.052768644154432877e+03
7.053538475010357615e+03
7.054215736588063919e+03
7.054355999486502697e+03
7.054583887233625319e+03
7.054692560220234554e+03
7.054890546262877251e+03
7.055188948767022339e+03
7.056076675384028022e+03
7.056145024317164825e+03
7.056171032060964535e+03
7.056323908831204790e+03
7.056536823373339757e+03
7.056574761204695278e+03
7.056664103888317186e+03
7.056841784901694155e+03
7.056918272691915263e+03
7.056973271792717242e+03
7.057675827809790462e+03
7.057862603017204492e+03
7.057957959952552301e+03
7.058186017210105092e+03
7.058638383541124313e+03
7.058839455591440128e+03
7.059522819484392130e+03
7.059726100659991062e+03
7.060738993856083653e+03
7.061431697567769334e+03
7.061697602727588674e+03
7.061702471268089539e+03
7.063133192651966056e+03
7.063432678701607074e+03
7.063578638174057232e+03
7.064198622702944704e+03
7.064214370040830545e+03
7.065041902447595021e+03
7.065114970592511781e+03
7.065623008884374030e+03
7.066058688634840109e+03
7.066264414595664675e+03
7.067442818532196725e+03
7.067852590031198815e+03
7.067951040856077270e+03
7.068410705165510080e+03
7.068666974953262979e+03
7.069515475887121283e+03
7.069632820054535841e+03
7.069914540183061945e+03
7.070248259844318454e+03
7.070261210260625376e+03
7.070640104665127183e+03
7.071628382018451703e+03
7.071724313391899159e+03
7.071997729166719182e+03
7.072679324630038536e+03
7.073412033488640191e+03
7.073491994834318575e+03
7.074035109912609187e+03
7.074699486670202532e+03
7.074829534033063283e+03
7.075536697517146422e+03
7.075599162567018539e+03
7.075781168906251878e+03
7.075883054525885200e+03
7.076095644902036838e+03
7.076215857227642118e+03
7.076692630428456141e+03
7.076875286326005153e+03
7.077205843914675825e+03
7.077453065930700177e+03
7.077506842122932539e+03
7.078502933255520475e+03
7.078839416438478111e+03
7.079048466409572029e+03
7.079140045565228320e+03
7.079513682959848666e+03
7.080447885892482191e+03
7.080913370789864530e+03
7.080916280379744421e+03
7.081145165690481917e+03
7.081387431660676157e+03
7.081620040125157175e+03
7.082356245332337494e+03
7.082371237289144119e+03
7.082818729029671886e+03
7.082840040931941985e+03
7.082910549645463107e+03
7.083246662149177610e+03
7.083877455156822180e+03
7.084204624468375187e+03
7.084355603902455186e+03
7.084536986895484915e+03
7.084588235726561834e+03
7.085081741414414864e+03
7.086101659218599707e+03
7.086165797578464662e+03
7.087217532833205041e+03
7.087317829288752364e+03
7.087516071891110187e+03
7.088182992178954009e+03
7.088416359345127603e+03
7.089013416192406112e+03
7.089021944958284621e+03
7.089127939414097455e+03
7.089373716228486046e+03
7.090619867243734006e+03
7.090721807259055822e+03
7.090933508354627520e+03
7.092121835075901799e+03
7.092325885187897256e+03
7.092707947115033676e+03
7.093198341856259503e+03
7.093281859790902672e+03
7.093392601981904591e+03
7.093409015505335447e+03
7.094433176337292025e+03
7.094453867479612200e+03
7.094946700994990351e+03
7.095051694071753445e+03
7.095239142516024003e+03
7.095477781944216986e+03
7.095478174234138351e+03
7.095737444546386541e+03
7.095861927891048254e+03
7.095940731834472899e+03
7.095994567430743700e+03
7.096176410977725027e+03
7.096428758551875035e+03
7.096852689289925365e+03
7.097266462750001665e+03
7.097359051681491110e+03
7.097551934157719188e+03
7.097864098527791612e+03
7.098081834828651154e+03
7.098218691044752632e+03
7.098249389558115581e+03
7.098325130180656743e+03
7.098898768919670147e+03
7.099397824061729807e+03
7.099789685492110038e+03
7.100342571571659391e+03
7.100394791348818217e+03
7.100598926943505830e+03
7.100761201486729988e+03
7.102351133629871583e+03
7.102515575487595925e+03
7.102988382841889688e+03
7.103320979874234581e+03
7.104105657645567589e+03
7.104245126986061223e+03
7.104383559094439988e+03
7.104488249507932778e+03
7.104637786651960596e+03
7.104997629760765449e+03
7.105857450145380426e+03
7.105930239570761842e+03
7.106355655512646081e+03
7.107086858980074794e+03
7.107769197454299501e+03
7.107933317864117271e+03
7.107939652558080525e+03
7.108016258284593277e+03
7.108653142937482698e+03
7.108866574501460491e+03
7.109422610619475563e+03
7.109755012497088501e+03
7.109771698330667277e+03
7.110085329620788798e+03
7.110240744390583131e+03
7.110619277408185553e+03
7.110749135047173695e+03
7.111600565043390816e+03
7.111670460622670362e+03
7.112114791476896244e+03
7.112265849342065849e+03
7.112328091747621329e+03
7.112726004427155203e+03
7.113158751794988348e+03
7.113257002039884355e+03
7.113735229413593515e+03
7.114010266069220961e+03
7.114236840548322107e+03
7.114804092279852739e+03
7.114915967365473080e+03
7.114964720406987908e+03
7.115472607881636577e+03
7.115651924461700219e+03
7.115716619333059498e+03
7.116545921163163257e+03
7.116656583742702423e+03
7.116683429710904420e+03
7.116960042817966496e+03
7.117356851573676977e+03
7.117560118978725768e+03
7.117566948835540643e+03
7.117951037822088438e+03
7.118288187171302525e+03
7.118825997976276994e+03
7.119387115819766223e+03
7.119464604761569717e+03
7.120498650079326580e+03
7.121517649585843174e+03
7.121882999580998330e+03
7.121972613476665174e+03
7.122178259842856278e+03
7.122527843067288813e+03
7.122590011594287716e+03
7.122653711488546833e+03
7.122712914861791432e+03
7.122761148736639370e+03
7.123370158563095174e+03
7.124024964754604298e+03
7.124273435842792424e+03
7.124716683662521973e+03
7.124787873499330999e+03
7.124986530331223548e+03
7.125010229384070954e+03
7.125291977900131315e+03
7.125319404939729793e+03
7.125469089533073202e+03
7.125677377942147359e+03
7.126664317752408351e+03
7.128200891450266681e+03
7.128452192902956995e+03
7.128800344916292488e+03
7.129354968310839467e+03
7.129390798285491655e+03
7.129985239238794748e+03
7.130103508205526850e+03
7.130390248952369802e+03
7.130544368786191626e+03
7.130613272630223946e+03
7.130672831864242653e+03
7.131164694208070614e+03
7.131411233661667211e+03
7.131471051145360434e+03
7.131696613567909480e+03
7.132414493403357483e+03
7.132416649594373666e+03
7.132458080608995260e+03
7.132598694286028149e+03
7.132669451540244154e+03
7.133382990848227564e+03
7.133427067154621909e+03
7.133573836240564560e+03
7.133662094476789207e+03
7.133767995324677031e+03
7.133817916273266746e+03
7.133989057479500843e+03
7.134548782542993649e+03
7.134613890888897004e+03
7.135473646335218291e+03
7.135580268302665900e+03
7.135748497167079222e+03
7.135865469192781347e+03
7.136703252916448946e+03
7.136778899097385874e+03
7.137110467459526262e+03
7.137356929668990233e+03
7.137895674994484580e+03
7.137971909952170790e+03
7.138171320039807142e+03
7.138613493399107938e+03
7.138672582167789187e+03
7.138890568926984088e+03
7.138997512154951437e+03
7.139150331667611681e+03
7.139161971511809497e+03
7.139935857438032144e+03
7.140452511820042673e+03
7.140750610159631833e+03
7.140763070692966721e+03
7.141905292741630547e+03
7.142043505124421245e+03
7.143177948263102735e+03
7.143718572523814146e+03
7.143931613818357619e+03
7.143955401059878568e+03
7.144725476237133989e+03
7.144771375914437158e+03
7.144938076029849981e+03
7.145229422764160518e+03
7.145353932918129431e+03
7.145913486825997097e+03
7.146342638069603709e+03
7.146357827509084018e+03
7.147058512794374110e+03
7.147299701320574968e+03
7.148093648245208897e+03
7.148497873827824151e+03
7.149043009515778067e+03
7.150482240964113771e+03
7.150752907460446295e+03
7.150800911642589199e+03
7.151152675091846504e+03
7.151568109019405711e+03
7.151856616716663666e+03
7.151982245144074113e+03
7.152052889346900884e+03
7.152121996669114196e+03
7.152407879687799323e+03
7.152736261311754788e+03
7.153717569873636421e+03
7.154077025432938171e+03
7.154236805569005810e+03
7.154482380200168336e+03
7.154748921043085829e+03
7.155628505414113533e+03
7.156326122814418341e+03
7.156360560090503895e+03
7.156463315042274189e+03
7.157029166261839237e+03
7.157066386261607477e+03
7.157330127859922868e+03
7.158061691162018178e+03
7.158106004251108970e+03
7.158252480929242665e+03
7.158477105831750123e+03
7.158609262288053287e+03
7.158922199577172250e+03
7.158991285930617778e+03
7.159499883781815697e+03
7.159672518809135909e+03
7.159853376493515498e+03
7.160306663154342459e+03
7.160576742468300836e+03
7.160932139875056237e+03
7.161248193075490235e+03
7.162664361739629385e+03
7.163051821822556121e+03
7.163533473885323474e+03
7.163545754327073155e+03
7.163780587825940529e+03
7.163957030652796675e+03
7.164726362546085511e+03
7.165176762588378551e+03
7.165770713304768833e+03
7.166042959697820152e+03
7.166096327361597105e+03
7.166491545688993938e+03
7.166921692869125764e+03
7.167042793043966412e+03
7.167098857602710268e+03
7.167259487110733062e+03
7.167275184169470776e+03
7.167683965756944417e+03
7.168343587430033040e+03
7.168598153983173688e+03
7.168817006249395490e+03
7.168824768189777387e+03
7.169496605907410412e+03
7.169697316815628255e+03
7.169807759902852013e+03
7.170029043438935332e+03
7.170046425434296907e+03
7.170376439130879589e+03
7.170825304492223040e+03
7.171124679223017665e+03
7.171242224671290387e+03
7.171377304755950718e+03
7.172083800944598806e+03
7.172327997372141908e+03
7.172627045079986601e+03
7.172891376691996811e+03
7.173154802979602209e+03
7.173590573958967980e+03
7.173610310109990678e+03
7.174068766751790463e+03
7.174342531802701160e+03
7.174529972282358358e+03
7.174786978639703193e+03
7.175115477612113864e+03
7.175239567666440962e+03
7.175468416708981749e+03
7.175818452362603239e+03
7.175970637697969323e+03
7.176133987168735985e+03
7.176184169385104724e+03
7.176184825267693668e+03
7.176202528871888717e+03
7.176696918443601135e+03
7.176719408229752844e+03
7.176742960134293753e+03
7.177941361367897116e+03
7.178092071237530035e+03
7.178155423518062889e+03
7.178238384073028101e+03
7.178909249599633768e+03
7.179071847312916361e+03
7.179222665484428035e+03
7.179475096893078444e+03
7.179539296339799876e+03
7.180023428865525602e+03
7.180685806898597548e+03
7.181396558316617302e+03
7.181631483304317044e+03
7.181747769766535384e+03
7.181891757464873081e+03
7.181994985617247949e+03
7.182280642837594314e+03
7.182658901650718690e+03
7.182777064283073742e+03
7.183245272769845542e+03
7.183340685843461870e+03
7.183610392443601086e+03
7.184132884243676926e+03
7.185187340781095372e+03
7.185341113932536246e+03
7.185462644026649286e+03
7.185705451187716790e+03
7.185866283865458172e+03
7.186271658995487996e+03
7.186585984154849029e+03
7.188017482729432231e+03
7.188177686356853883e+03
7.188678499541370002e+03
7.188714098168111377e+03
7.188771865848358175e+03
7.188795642068228517e+03
7.189206216887168921e+03
7.189667125729212785e+03
7.189893212667723674e+03
7.190495761869630769e+03
7.190523236607345098e+03
7.190621246668423737e+03
7.190877100936379975e+03
7.190985614345156137e+03
7.191142993932534409e+03
7.191322199479746814e+03
7.191447616941964043e+03
7.192303747493186165e+03
7.192421084177251942e+03
7.192497139580608746e+03
7.192695639417381244e+03
7.192880941509885815e+03
7.193091948817655975e+03
7.193447062691046995e+03
7.194018694616185712e+03
7.194027814157782814e+03
7.194222817567559105e+03
7.194627095257286783e+03
7.194871569857907161e+03
7.195128640370670837e+03
7.195178460510485820e+03
7.195217871715623005e+03
7.195528657001938882e+03
7.195644525171480382e+03
7.195672388971303917e+03
7.195740405224556525e+03
7.196266148658469319e+03
7.196309757828325019e+03
7.196806504538255467e+03
7.197154534635064010e+03
7.198069499805994383e+03
7.198834551057873796e+03
7.198966232452764416e+03
7.199134090203821870e+03
7.199214748147611317e+03
7.199250751044359276e+03
7.199596175582662909e+03
7.199896892686901992e+03
