0.000000
0.004472
0.025389
0.039196
0.040518
0.070241
0.339794
0.555536
0.584037
0.619066
0.847148
0.900194
0.948208
1.036860
1.249468
1.363605
1.570829
1.574722
1.669464
1.742192
1.779740
1.943979
2.088235
2.099255
2.168218
2.293214
2.388859
2.427043
2.485578
2.517873
2.609633
2.615045
2.732809
2.746979
2.823937
2.840119
2.903297
3.019076
3.038331
3.086687
3.203479
3.245450
3.251143
3.308203
3.327265
3.330237
3.342087
3.359536
3.438892
3.532853
3.568470
3.581907
3.763962
3.809130
3.979802
4.004916
4.016112
4.030228
4.103242
4.121221
4.133971
4.286562
4.313536
4.370701
4.439567
4.545618
4.766075
4.802122
4.846453
4.877260
4.927724
5.030148
5.274879
5.352972
5.374206
5.519143
5.584776
5.651677
5.656846
5.678621
5.697556
5.756443
5.761057
5.803689
5.848001
5.865707
5.875107
5.929609
6.025713
6.090966
6.114389
6.150878
6.316565
6.356882
6.375253
6.403554
6.426711
6.439063
6.470934
6.509049
6.525996
6.546093
6.689209
6.751568
6.830314
6.831313
6.838690
6.910834
6.922734
6.925173
6.930623
6.934944
6.968535
7.029016
7.045345
7.190231
7.200638
7.242811
7.289384
7.350832
7.575464
7.672393
7.686567
7.725046
7.727055
7.776725
7.853885
7.853924
7.960518
8.026887
8.038177
8.053358
8.059316
8.085127
8.106898
8.135454
8.161902
8.195561
8.212744
8.251843
8.289598
8.304767
8.339872
8.343710
8.416429
8.418714
8.440792
8.499294
8.572603
8.611551
8.617483
8.629811
8.633382
8.852288
8.858805
8.858952
8.970077
8.973724
9.079094
9.087801
9.094739
9.095491
9.116747
9.124195
9.311461
9.318855
9.321190
9.479353
9.486939
9.509141
9.600369
9.600468
9.623975
9.725827
9.817935
9.862149
9.939028
9.984102
10.049703
10.313846
10.430280
10.441015
10.569244
10.572177
10.580695
10.679543
10.687567
10.714007
10.730835
10.784859
10.861352
10.878181
11.016678
11.144094
11.147547
11.260443
11.387400
11.651228
11.697661
11.701604
11.719043
11.722065
11.723748
11.751542
11.779890
11.832149
12.083628
12.097159
12.148497
12.174062
12.175362
12.265659
12.396304
12.545186
12.553302
12.559001
12.668465
12.750917
12.835703
12.877185
12.927790
12.972895
12.975921
13.023557
13.047040
13.115884
13.166640
13.181431
13.199978
13.254988
13.285898
13.414945
13.437014
13.453831
13.555469
13.659650
13.735091
13.877381
13.893346
13.895067
13.937476
14.004486
14.201173
14.259213
14.360829
14.388864
14.493814
14.563665
14.594360
14.627918
14.643395
14.857237
14.893068
15.004860
15.019182
15.020564
15.038000
15.105621
15.121997
15.140536
15.259960
15.396664
15.416535
15.449437
15.497145
15.529762
15.536103
15.628343
15.658987
15.808634
15.882460
15.918916
15.935116
15.994769
16.056993
16.107267
16.152270
16.227173
16.247863
16.332865
16.344014
16.475245
16.635672
16.683000
16.816780
16.891242
16.944185
16.992285
17.001152
17.160844
17.225930
17.253945
17.274897
17.277071
17.395927
17.484645
17.526452
17.583811
17.609747
17.628583
17.637685
17.670730
17.674944
17.733950
17.825700
17.827750
17.853602
17.871830
17.901403
17.906733
17.909473
17.921087
17.970176
17.973711
17.993436
18.044118
18.056211
18.137955
18.146005
18.275244
18.358077
18.401305
18.511501
18.512643
18.528459
18.530994
18.566912
18.573192
18.884488
18.993328
19.018571
19.032569
19.111008
19.264516
19.308694
19.328962
19.398339
19.452661
19.478468
19.498338
19.548530
19.606047
19.713836
19.741024
19.845633
19.898079
19.929775
19.965159
20.063808
20.191319
20.238091
20.257393
20.381647
20.452726
20.478194
20.668382
20.753391
20.807039
20.849281
20.875664
20.918016
20.935748
21.031707
21.061908
21.123547
21.134317
21.199032
21.399021
21.476855
21.535533
21.561210
21.633402
21.792388
21.854297
21.906002
21.908817
21.992578
22.033072
22.041377
22.091645
22.134574
22.145440
22.147624
22.151119
22.162145
22.172928
22.217915
22.235065
22.261705
22.265589
22.276903
22.332823
22.350893
22.368810
22.401622
22.416721
22.421586
22.427519
22.428542
22.485625
22.662711
22.695082
22.812798
22.868368
22.908870
22.941210
22.958293
23.030394
23.067978
23.091538
23.280669
23.306964
23.345070
23.406243
23.525238
23.538405
23.597785
23.611322
23.615330
23.640540
23.789404
23.800635
23.876907
23.897870
23.899708
24.078932
24.135170
24.196786
24.314754
24.359352
24.372642
24.424758
24.472474
24.481358
24.526252
24.640034
24.787149
24.809639
24.868190
24.939155
24.994233
25.284079
25.381165
25.396029
25.447047
25.535529
25.541704
25.675929
25.772387
25.820579
25.879244
25.952999
26.063152
26.068907
26.180005
26.180949
26.212937
26.287330
26.287520
26.317225
26.379233
26.436921
26.474767
26.500775
26.801405
26.856734
26.912612
26.928072
27.007390
27.103031
27.137473
27.145252
27.147835
27.164479
27.169326
27.200859
27.278831
27.331214
27.341339
27.367412
27.433199
27.488165
27.492497
27.603713
27.632473
27.704920
27.754370
27.825631
27.909083
27.945590
28.020850
28.115601
28.142318
28.159054
28.180153
28.186445
28.208859
28.234216
28.295354
28.335223
28.339276
28.467828
28.532354
28.696538
28.720546
28.721821
28.724273
28.727833
28.782610
28.826839
28.884252
28.953371
29.045466
29.114853
29.203715
29.224728
29.404746
29.404909
29.440883
29.562799
29.568560
29.569387
29.590946
29.679030
29.853465
29.924278
29.996784
30.072745
30.106013
30.106904
30.165580
30.204042
30.211495
30.214531
30.216374
30.256074
30.303547
30.359441
30.363655
30.399980
30.450576
30.469999
30.585262
30.590921
30.698537
30.727425
30.777438
30.790704
30.793563
30.818155
30.950236
31.032813
31.040496
31.059173
31.115056
31.169477
31.220352
31.228116
31.257027
31.280009
31.290295
31.324212
31.370962
31.429997
31.501634
31.631671
31.716054
31.856065
31.897046
31.906072
31.944115
31.952405
31.957959
31.972846
31.980997
31.982225
32.154214
32.243464
32.289602
32.305587
32.346187
32.387719
32.433058
32.479343
32.492884
32.579750
32.580452
32.614101
32.639340
32.753162
32.770977
32.822178
32.867042
32.944422
32.947301
33.175609
33.210411
33.234387
33.274715
33.290020
33.316881
33.433454
33.478767
33.502220
33.575377
33.655347
33.737551
33.762856
33.932504
33.977050
33.979155
34.138645
34.150615
34.335543
34.452597
34.736846
34.799006
34.828089
34.903357
34.930154
34.977461
34.993141
35.093081
35.095155
35.113755
35.133107
35.153768
35.295580
35.313786
35.332750
35.394458
35.456597
35.594572
35.611805
35.685754
35.715010
35.729604
35.760505
35.762662
35.924946
35.959523
36.090203
36.093898
36.123482
36.136835
36.142795
36.149577
36.387980
36.438837
36.468498
36.487301
36.559261
36.573449
36.590834
36.598792
36.655810
36.660976
36.695120
36.697522
36.761917
36.770189
36.816035
36.958192
36.961134
36.973014
36.998933
37.057961
37.146684
37.238449
37.259420
37.259435
37.267902
37.289692
37.337195
37.348301
37.389854
37.406328
37.457516
37.474580
37.489039
37.707318
37.712171
37.731902
37.778340
37.849697
37.923582
37.927995
38.005384
38.102621
38.155555
38.208037
38.249685
38.284750
38.289869
38.355369
38.471799
38.485525
38.600557
38.675600
38.748119
38.755842
38.773840
38.774699
38.824768
38.849553
38.991402
39.035314
39.088096
39.220162
39.261502
39.360661
39.448595
39.593044
39.601624
39.638968
39.643008
39.655588
39.678818
39.896411
39.910148
39.921069
39.935843
39.946047
40.130056
40.147940
40.164198
40.236547
40.236930
40.250321
40.288769
40.317575
40.355393
40.516073
40.539166
40.651916
40.853654
40.986178
41.157693
41.186145
41.304943
41.334164
41.371312
41.500733
41.506309
41.601835
41.628599
41.654410
41.732569
42.067840
42.134899
42.196196
42.199663
42.321080
42.330023
42.374103
42.379447
42.441336
42.479363
42.605042
42.644104
42.656629
42.678604
42.679270
42.777038
42.779231
42.935198
42.951865
42.978024
43.010104
43.044200
43.104073
43.162425
43.192479
43.279580
43.293856
43.443396
43.465660
43.470581
43.473671
43.531473
43.545265
43.625769
43.635605
43.665996
43.770041
43.798130
43.890527
43.935531
44.056683
44.066645
44.076213
44.143269
44.197861
44.257486
44.259059
44.291504
44.317069
44.428170
44.436756
44.482540
44.574622
44.587230
44.597503
44.599824
44.719345
44.772924
44.817925
44.818823
44.872631
44.946137
44.949327
44.973605
44.978860
45.071968
45.187576
45.198383
45.253367
45.361869
45.407898
45.412447
45.508567
45.675316
45.679149
45.745352
45.753323
45.936521
45.984957
45.998039
46.013498
46.167793
46.212214
46.253515
46.278978
46.344200
46.378995
46.416326
46.620303
46.701845
46.718626
46.746559
46.756136
46.844426
46.968499
47.000134
47.001337
47.022618
47.034418
47.163849
47.191191
47.381505
47.411769
47.444798
47.536499
47.589569
47.591688
47.611699
47.630635
47.631732
47.639175
47.784863
47.786433
47.906512
47.919977
47.948723
47.989779
48.002795
48.182753
48.343835
48.404659
48.502651
48.511173
48.516551
48.744097
48.810047
48.837738
48.860959
48.896332
48.917157
49.023216
49.369407
49.372412
49.438954
49.577799
49.633983
49.702066
49.708272
49.916796
49.924089
50.007453
50.018418
50.058748
50.062836
50.102269
50.108439
50.110993
50.131405
50.152352
50.211856
50.241675
50.293117
50.300842
50.306711
50.313559
50.536470
50.657707
50.661107
50.662253
50.664808
50.695118
50.708208
50.736000
50.744788
50.838667
50.954949
51.043395
51.185010
51.212971
51.322647
51.361657
51.372003
51.439414
51.835174
51.878860
51.927981
51.941897
51.996042
52.227541
52.236963
52.358590
52.446999
52.456622
52.500161
52.516780
52.565229
52.642044
52.663639
52.743809
52.792718
52.836782
52.861363
52.889206
52.918253
52.925662
53.103109
53.112296
53.176962
53.197966
53.480342
53.659815
53.774837
53.784036
53.801529
53.911601
53.941189
54.022826
54.099530
54.103945
54.109939
54.147682
54.246175
54.335417
54.406386
54.423720
54.565617
54.591210
54.614379
54.665699
54.704176
54.706633
54.750354
54.807555
54.934691
54.963843
55.126923
55.276996
55.375063
55.521962
55.596303
55.630550
55.686250
55.739281
55.745314
55.747249
55.948796
56.080480
56.088415
56.137082
56.142039
56.161054
56.183270
56.271121
56.319317
56.370910
56.372077
56.410337
56.512063
56.659491
56.694244
56.694387
56.704575
56.817523
56.908118
56.974068
57.095769
57.106978
57.145212
57.181852
57.506290
57.508368
57.522273
57.543473
57.581860
57.593025
57.597285
57.654731
57.666641
57.672672
57.746235
57.851628
57.905104
57.947699
57.961130
58.022107
58.046474
58.135705
58.198061
58.387987
58.411740
58.414029
58.456120
58.512849
58.604332
58.673683
58.783236
58.908426
58.929949
58.989087
59.057361
59.096035
59.142764
59.270656
59.365449
59.367151
59.376808
59.396802
59.438308
59.592674
59.613138
59.640468
59.711065
59.735164
59.774771
59.809636
59.812368
59.823723
59.861934
59.991573
60.103569
60.150274
60.198725
60.276510
60.307464
60.327335
60.361266
60.403416
60.476197
60.776603
60.884351
60.929208
61.002846
61.027346
61.204816
61.226649
61.241056
61.272675
61.286434
61.286816
61.543233
61.558017
61.643829
61.644145
61.655355
61.660497
61.690785
61.746576
61.775142
61.903402
61.987522
62.008391
62.120009
62.148130
62.151922
62.221318
62.250340
62.407100
62.422394
62.446487
62.460374
62.469640
62.508764
62.518745
62.537639
62.643134
62.729175
62.825751
62.870564
62.914741
62.929463
62.930232
63.087438
63.142099
63.151892
63.159393
63.304189
63.313844
63.351362
63.442080
63.533977
63.606103
63.627296
63.635410
63.652913
63.680800
63.692463
63.769859
63.773098
63.845655
63.880954
63.896385
63.953006
63.991261
63.994771
64.020341
64.022685
64.089205
64.092863
64.112454
64.167201
64.172291
64.193171
64.199454
64.241285
64.270126
64.270598
64.349388
64.352461
64.353013
64.403942
64.421483
64.514020
64.614964
64.633511
64.763388
64.778998
64.788450
64.898022
64.931080
64.950831
64.955357
64.971591
65.101446
65.171594
65.209952
65.218531
65.306499
65.334850
65.385702
65.387221
65.452697
65.512079
65.524731
65.598222
65.660466
65.787404
65.826236
65.858328
65.877465
65.892604
65.978908
65.993910
66.052781
66.060211
66.154103
66.159182
66.261447
66.340114
66.415386
66.463333
66.566147
66.589640
66.627054
66.681405
66.699817
66.750804
66.818707
66.883117
66.914249
67.008028
67.096137
67.182654
67.187045
67.253041
67.264106
67.278660
67.280887
67.315392
67.410675
67.412013
67.641005
67.698609
67.713337
67.741246
67.800504
67.828660
67.845626
67.918027
67.982134
68.035832
68.063910
68.163898
68.232359
68.234979
68.250437
68.337083
68.538554
68.552659
68.553248
68.569466
68.581012
68.674704
68.826796
68.850697
68.905867
68.934978
69.127467
69.128568
69.130935
69.139447
69.196546
69.402984
69.599619
69.653237
69.677248
69.692584
69.778493
69.796720
69.832584
69.868415
70.044008
70.046862
70.063744
70.071016
70.087590
70.119907
70.214130
70.222219
70.337978
70.351718
70.385895
70.447964
70.464837
70.488954
70.530148
70.598924
70.621916
70.719830
70.836379
70.845053
70.853243
70.922973
70.949733
71.034438
71.091352
71.136599
71.156641
71.282338
71.347935
71.538088
71.554715
71.561838
71.596855
71.656891
71.719358
71.815980
71.832335
71.843216
71.977006
72.038549
72.063217
72.074875
72.193255
72.244608
72.273722
72.326434
72.375187
72.465774
72.603159
72.632224
72.651278
72.658429
72.852531
72.990660
72.996208
73.006485
73.179091
73.243397
73.320655
73.334796
73.348790
73.410388
73.460995
73.495433
73.520793
73.641941
73.716311
73.726164
73.806264
73.882469
73.914688
73.928690
73.984971
74.063629
74.126217
74.298091
74.399356
74.442990
74.506312
74.531798
74.616397
74.694787
74.737894
74.750290
74.791695
74.881855
75.118837
75.218888
75.334586
75.336345
75.361406
75.499710
75.564390
75.584009
75.584736
75.612708
75.648344
75.792462
75.822611
75.995319
76.078073
76.255405
76.421647
76.501840
76.569961
76.659599
76.739959
76.882524
76.905768
76.934482
76.968778
77.044390
77.064400
77.186324
77.227566
77.237640
77.274088
77.288248
77.297238
77.309645
77.428248
77.554548
77.581611
77.595372
77.656380
77.745149
77.764358
77.791056
77.806662
77.813243
77.850773
78.021882
78.032610
78.034137
78.093401
78.117666
78.123890
78.167449
78.174395
78.244870
78.371004
78.377058
78.396166
78.461106
78.512096
78.588208
78.647302
78.807194
78.874500
78.936232
78.949678
79.043685
79.066014
79.090789
79.165006
79.270029
79.346767
79.395744
79.483200
79.508452
79.642490
79.658530
79.686404
79.715101
79.720591
79.761048
79.869264
80.052533
80.076632
80.093864
80.108584
80.335619
80.427039
80.428336
80.449000
80.471351
80.476687
80.550422
80.713844
80.761879
80.818868
80.882452
81.035682
81.405346
81.423598
81.452046
81.466972
81.517258
81.549171
81.564823
81.626672
81.744847
81.750999
81.763509
81.773642
81.802872
81.870266
81.908893
81.915847
81.916038
81.916912
82.179798
82.206758
82.220162
82.230692
82.235682
82.336334
82.427000
82.429647
82.456606
82.499208
82.578148
82.602822
82.633675
82.670030
82.687822
82.721968
82.736576
82.754428
82.803765
82.881177
82.884994
82.887427
82.896414
83.025210
83.109783
83.226673
83.280213
83.338355
83.467243
83.500277
83.601754
83.748949
83.827438
83.858429
83.943976
83.948724
84.002989
84.019151
84.032977
84.054489
84.088370
84.110196
84.131037
84.142336
84.169044
84.186212
84.189516
84.210695
84.367653
84.531480
84.552232
84.735890
84.762476
84.763380
84.763420
84.828428
84.864482
84.871071
84.921912
84.925732
84.931619
84.957789
84.974630
84.999602
85.007427
85.247538
85.250195
85.270461
85.285230
85.376719
85.484332
85.562739
85.568479
85.580486
85.619380
85.679704
85.727281
85.819462
85.828053
85.847986
85.920316
86.013703
86.044413
86.164550
86.174142
86.186712
86.191616
86.200610
86.212539
86.234800
86.334163
86.351741
86.418460
86.427819
86.463087
86.539986
86.561476
86.566979
86.669344
86.792187
86.858174
87.112396
87.145179
87.200986
87.263785
87.293110
87.298402
87.308501
87.320350
87.341503
87.341707
87.345242
87.401355
87.418468
87.453497
87.518187
87.610086
87.738108
87.743379
87.834407
87.849564
87.891094
87.963973
87.971102
88.028432
88.051965
88.128245
88.175892
88.281038
88.305670
88.344596
88.461646
88.487998
88.499771
88.661709
88.679659
88.692440
88.750057
88.764079
88.764825
88.815750
88.842665
88.854827
88.860572
88.920636
88.991280
89.024518
89.027286
89.042130
89.108516
89.144495
89.186262
89.192668
89.253231
89.326277
89.446038
89.454734
89.505841
89.625578
89.691256
89.693546
89.762963
89.958584
90.021152
90.047881
90.070319
90.074877
90.108109
90.423052
90.501822
90.680936
90.723558
90.724077
90.746643
90.781330
90.785629
90.898063
90.927372
90.977708
91.005226
91.178769
91.255941
91.262735
91.309101
91.395471
91.529109
91.602312
91.613557
91.627774
91.690489
91.753773
91.812999
91.844233
91.959440
92.079508
92.175105
92.188160
92.304892
92.349308
92.370200
92.377813
92.425159
92.447031
92.562673
92.599663
92.619481
92.636211
92.674012
92.778639
92.787261
92.870781
92.916598
92.959182
93.034709
93.042736
93.069745
93.096828
93.097206
93.110400
93.127963
93.221412
93.312404
93.344007
93.363734
93.439032
93.449755
93.588836
93.606076
93.670774
93.686116
93.745011
93.883937
93.917437
93.932013
94.077148
94.111789
94.210615
94.224420
94.337050
94.368477
94.385403
94.529628
94.600270
94.712744
94.718860
94.794065
94.799047
94.841463
94.862282
94.871717
95.245931
95.299243
95.465122
95.521142
95.532572
95.534408
95.543036
95.548260
95.665063
95.723243
95.761986
95.796191
95.893265
95.894067
95.907304
95.940193
95.951589
95.996861
96.072313
96.261373
96.301771
96.327335
96.331820
96.425901
96.450111
96.462452
96.625258
96.693580
96.710557
96.725767
96.733410
96.742864
96.843699
96.910414
96.937004
96.954561
96.957193
97.052403
97.058083
97.058231
97.099604
97.127861
97.157010
97.244331
97.308968
97.352013
97.374787
97.405450
97.617580
97.720965
97.796841
97.800384
97.829514
97.849578
97.889956
97.900588
97.934276
97.957089
97.985538
97.992647
98.005186
98.006782
98.040671
98.120013
98.197151
98.217082
98.270863
98.342796
98.348528
98.556008
98.579810
98.685316
98.720237
98.733249
98.762310
98.768154
98.783958
98.797352
98.867632
98.892858
98.959619
99.055052
99.078072
99.150863
99.203277
99.251449
99.252802
99.279097
99.285328
99.289352
99.342305
99.378244
99.398351
99.618917
99.638590
99.716742
99.725438
99.741618
99.748475
99.757805
99.878110
99.903640
100.047284
100.153837
100.162196
100.166756
100.190463
100.228863
100.359184
100.446396
100.541301
100.581413
100.599952
100.631369
100.634150
100.642794
100.655628
100.768779
100.834788
100.846094
100.857462
100.867347
101.116434
101.255474
101.263644
101.319116
101.464812
101.565514
101.591569
101.610057
101.634958
101.645088
101.687956
101.689833
101.744507
101.751765
101.774254
101.823556
101.889161
101.908714
101.953700
102.114556
102.165438
102.218113
102.261611
102.320947
102.360713
102.383691
102.383847
102.434293
102.577082
102.593643
102.634823
102.651744
102.661791
102.907597
102.951568
103.066299
103.084348
103.089405
103.137891
103.140857
103.279375
103.475817
103.502470
103.605462
103.619195
103.696196
103.772053
103.774816
103.790117
103.821208
103.916597
103.941607
103.974044
104.064271
104.153438
104.228562
104.236467
104.324127
104.335113
104.337393
104.483184
104.501731
104.567154
104.639699
104.649837
104.652654
104.663249
104.695050
104.736618
104.776491
104.832467
104.834364
104.842325
105.002354
105.016838
105.043999
105.057847
105.069351
105.089614
105.112816
105.334552
105.390723
105.447071
105.509097
105.611297
105.650898
105.760372
105.854549
105.906853
105.929105
105.980897
105.982177
106.025573
106.055179
106.131052
106.131336
106.155870
106.198264
106.217834
106.242622
106.338245
106.536840
106.545474
106.551381
106.599707
106.604331
106.637437
106.645549
106.670500
106.748843
106.754166
107.042141
107.052401
107.059070
107.159771
107.236094
107.245364
107.275862
107.417393
107.470583
107.512092
107.523584
107.628750
107.666305
107.696001
107.723196
107.729790
107.822238
107.858475
107.889191
107.904217
107.972618
108.013637
108.091686
108.185626
108.261389
108.273550
108.315951
108.557625
108.600585
108.677228
108.708324
108.739805
108.802737
108.925068
109.025653
109.116923
109.232044
109.263758
109.419127
109.443085
109.482311
109.644783
109.661764
109.811822
109.812969
109.921237
109.952121
110.054064
110.067453
110.091043
110.300208
110.311806
110.343620
110.348514
110.412000
110.435987
110.439994
110.575254
110.602982
110.628049
110.747577
110.787102
110.832657
110.938800
111.043366
111.125730
111.147351
111.269447
111.481820
111.570663
111.688299
111.702424
111.739933
111.762395
111.786359
111.801758
111.852207
111.911492
111.934353
111.950514
111.999009
112.147438
112.182979
112.198398
112.272498
112.309731
112.383444
112.425410
112.445646
112.559724
112.693844
112.852783
112.935030
112.976108
113.063539
113.072887
113.099207
113.104460
113.120987
113.241269
113.262216
113.347162
113.399422
113.432696
113.502324
113.523843
113.536986
113.562372
113.579303
113.741598
113.837339
113.885094
113.999615
114.052505
114.097671
114.169876
114.251982
114.299222
114.376123
114.415433
114.610721
114.648709
114.654167
114.656058
114.669270
114.697456
114.778816
114.798427
114.825769
114.898181
114.912877
115.073151
115.078100
115.082124
115.102362
115.108773
115.152370
115.174305
115.251101
115.305227
115.315005
115.324946
115.339114
115.433971
115.543171
115.581456
115.600716
115.745485
115.745792
115.781260
115.882743
115.901528
115.929606
115.931986
115.936272
115.976243
116.070651
116.098178
116.100247
116.130829
116.170052
116.170350
116.175706
116.187747
116.300576
116.328611
116.340720
116.402538
116.412617
116.448828
116.451000
116.520029
116.522763
116.632862
116.636280
116.637823
116.775183
116.775280
116.802284
116.867426
116.891155
117.001874
117.131224
117.356431
117.479490
117.507162
117.557769
117.600948
117.606960
117.610166
117.632999
117.652568
117.702437
117.738147
117.760455
117.795825
117.852421
117.890295
117.924368
117.949028
117.961974
117.974794
118.076394
118.095051
118.201303
118.206185
118.283060
118.362119
118.395226
118.415256
118.511333
118.613188
118.627249
118.669313
118.677574
118.680791
118.702115
118.717973
118.907367
118.960672
119.024710
119.111001
119.148126
119.289488
119.323333
119.430023
119.444216
119.472622
119.477925
119.514707
119.560239
119.564658
119.575278
119.591723
119.596547
119.721679
119.778007
119.869698
120.067335
120.103073
120.268383
120.287219
120.314903
120.524902
120.677329
120.701069
120.876631
121.089169
121.097058
121.115839
121.216077
121.310839
121.311874
121.410878
121.426618
121.540829
121.572541
121.598399
121.620980
121.621984
121.668366
121.671501
121.678797
121.680107
121.730663
121.737176
121.741233
121.762360
121.785493
121.793943
121.911441
121.942553
121.946679
122.011776
122.058240
122.071801
122.181928
122.381130
122.424465
122.426280
122.452766
122.480835
122.513256
122.584709
122.628099
122.745615
122.748749
122.863182
122.870053
122.918891
122.973387
123.028534
123.146757
123.173382
123.195962
123.206030
123.240618
123.274251
123.331673
123.399760
123.412393
123.418531
123.491789
123.500118
123.555668
123.600635
123.625265
123.628856
123.688057
123.846800
123.856908
123.907287
124.235635
124.251565
124.274766
124.288987
124.328484
124.331796
124.453050
124.642341
124.743512
124.812067
124.824683
124.904246
124.976715
125.015998
125.054458
125.078918
125.107773
125.158706
125.191549
125.342296
125.348243
125.354975
125.363338
125.382411
125.492866
125.551426
125.568842
125.574703
125.627846
125.629252
125.652799
125.658216
125.688518
125.690489
125.846658
125.847537
125.977342
125.997840
126.001887
126.097699
126.158828
126.178752
126.273199
126.363590
126.439802
126.463133
126.741701
126.779037
126.850613
126.909987
126.912416
126.919386
127.013214
127.015442
127.040146
127.128982
127.129353
127.149856
127.284293
127.309599
127.309881
127.425548
127.486830
127.488154
127.489330
127.491026
127.517292
127.558562
127.597518
127.642239
127.672502
127.710023
127.744664
127.785056
127.790628
127.814428
127.944214
127.947765
127.984664
128.148502
128.207374
128.213826
128.241152
128.279966
128.420642
128.427414
128.562896
128.615333
128.725749
128.753616
128.776377
128.806678
128.924099
128.970471
129.025117
129.136102
129.159555
129.175712
129.212837
129.246363
129.308811
129.316325
129.490053
129.735021
129.735303
129.739287
129.784813
129.860560
129.870124
129.943900
130.095754
130.098951
130.145237
130.247379
130.272386
130.407892
130.526058
130.609758
130.754927
130.785114
130.884908
130.914929
131.058361
131.131421
131.132969
131.143281
131.458095
131.504115
131.532945
131.602687
131.618970
131.692003
131.766081
131.806652
131.860656
131.955043
131.991999
132.011820
132.018218
132.192447
132.200226
132.279387
132.534678
132.656713
132.698687
132.720300
132.727364
132.770293
132.880583
132.897501
132.912612
132.952876
132.989394
133.006645
133.022895
133.089164
133.117678
133.171920
133.181283
133.240107
133.257391
133.282013
133.297613
133.299361
133.354810
133.489773
133.523194
133.547939
133.669424
133.832576
133.934078
133.960451
133.964326
134.100353
134.112958
134.139143
134.286797
134.387751
134.471963
134.481002
134.537660
134.719849
134.799470
134.864398
134.959418
135.161040
135.161404
135.232039
135.366294
135.645233
135.716886
135.721660
135.724348
135.785929
135.793566
135.796913
135.837321
135.877301
135.965772
136.034219
136.198527
136.256567
136.297390
136.339568
136.380699
136.419447
136.459039
136.470466
136.515905
136.577242
136.587128
136.661667
136.775722
136.778290
136.786793
136.796297
136.879908
136.966645
137.075137
137.097828
137.136052
137.171038
137.203327
137.246670
137.521492
137.671897
137.730314
137.754667
137.763069
137.795726
137.826612
138.019555
138.127917
138.286637
138.442430
138.742452
138.761441
138.779419
138.803051
138.818841
138.819608
138.823964
138.859134
138.937951
138.953165
138.985924
139.166098
139.208691
139.225690
139.266063
139.359024
139.390066
139.428042
139.428664
139.444325
139.468920
139.561573
139.594255
139.708627
139.718522
139.759078
139.841369
139.863670
140.013994
140.032197
140.095720
140.105973
140.136216
140.136645
140.155502
140.165719
140.184669
140.190617
140.247985
140.287877
140.367141
140.443768
140.595168
140.748484
140.899433
141.146066
141.204164
141.272603
141.307226
141.332435
141.368103
141.380649
141.403833
141.729247
141.737903
141.840214
141.863169
141.934051
142.024120
142.103102
142.131792
142.151785
142.169637
142.223739
142.239384
142.286126
142.388215
142.391627
142.434322
142.442627
142.457042
142.478243
142.515646
142.519722
142.634552
142.676937
142.779725
143.100840
143.176138
143.176395
143.262044
143.266023
143.448550
143.511649
143.571007
143.657004
143.773601
143.797757
143.843506
143.912985
144.003836
144.120826
144.134668
144.134737
144.172291
144.216547
144.265022
144.285724
144.355011
144.483592
144.515363
144.589977
144.662504
144.739786
144.745862
144.749055
145.000010
145.264821
145.308328
145.328133
145.377758
145.473143
145.531202
145.538621
145.636732
145.657403
145.664893
145.670997
145.711816
145.956735
146.021503
146.080220
146.124463
146.169690
146.316972
146.364042
146.398608
146.477777
146.637782
147.061076
147.115326
147.243404
147.277016
147.306797
147.345907
147.420608
147.428704
147.539485
147.597562
147.720428
147.775605
147.795612
147.834101
147.930362
148.021771
148.192743
148.318120
148.331987
148.341920
148.435313
148.450029
148.567535
148.580876
148.628263
148.642057
148.692719
148.704657
148.812962
148.850228
148.905194
148.966785
148.966976
148.995575
149.026087
149.033555
149.067218
149.242642
149.294612
149.305970
149.348500
149.359307
149.367002
149.446280
149.472384
149.510284
149.564937
149.588730
149.589314
149.631847
149.663770
149.678722
149.679368
149.720857
149.738633
149.795210
149.801546
149.827550
149.842926
149.943239
149.988306
150.034365
150.173341
150.212043
150.215043
150.216310
150.260979
150.302366
150.312819
150.360440
150.398139
150.445430
150.512965
150.626005
150.647012
150.710892
150.833347
150.926429
150.959940
150.963308
151.026718
151.053390
151.099561
151.136392
151.167066
151.232890
151.267424
151.534296
151.700293
151.879828
151.961703
152.046561
152.090870
152.115108
152.129962
152.150860
152.261579
152.293126
152.320386
152.330095
152.391091
152.433741
152.522640
152.628753
152.724905
152.725836
152.749218
152.825764
152.870971
152.901940
152.909355
152.925569
152.953282
152.975993
153.059110
153.067744
153.122615
153.139533
153.242109
153.319085
153.413507
153.570904
153.617296
153.635488
153.666007
153.781318
153.790353
153.903699
153.909384
153.924997
153.980325
153.987586
153.988951
154.090474
154.121854
154.185904
154.249978
154.346548
154.349124
154.422917
154.496010
154.656247
154.679321
154.714670
154.785282
154.832132
154.873179
154.928728
154.935328
155.058071
155.102122
155.134015
155.229472
155.238656
155.263314
155.281930
155.368266
155.450859
155.461322
155.587861
155.627006
155.717237
155.740934
155.760123
155.779462
155.808716
155.813040
155.842746
156.040300
156.053550
156.136549
156.173957
156.199202
156.230044
156.265768
156.346802
156.386237
156.425282
156.429840
156.433266
156.598266
156.605719
156.676115
156.727501
156.772848
156.842981
156.912800
156.936755
156.991079
156.998543
157.004356
157.016446
157.069917
157.124829
157.241850
157.294524
157.421437
157.514618
157.544665
157.590552
157.747993
157.866636
157.946460
157.963615
157.998315
158.049298
158.078728
158.093506
158.095233
158.102358
158.121481
158.166292
158.212844
158.249901
158.278557
158.358383
158.382572
158.399068
158.587771
158.619943
158.963762
159.067535
159.128000
159.195516
159.250050
159.336849
159.372157
159.374216
159.397998
159.470864
159.562579
159.710993
159.750595
159.777923
159.782652
159.875182
159.920209
160.061516
160.169603
160.193949
160.207916
160.261256
160.348447
160.415354
160.423061
160.454905
160.622756
160.674282
160.829682
160.858064
160.881316
161.222252
161.222758
161.270216
161.364357
161.426504
161.429597
161.467884
161.469110
161.527961
161.556425
161.714247
161.816495
161.845327
161.861247
161.940920
161.969436
161.971126
162.029654
162.060911
162.118012
162.146542
162.247803
162.278675
162.296946
162.364466
162.365954
162.444164
162.479638
162.535585
162.556367
162.614363
162.701978
162.738245
162.783920
162.812139
162.831660
162.835425
162.841835
162.920293
163.157821
163.167928
163.244937
163.248499
163.302895
163.357427
163.416054
163.577106
163.617718
163.663193
163.785679
163.830680
163.861100
163.933774
163.939704
164.033000
164.105317
164.183204
164.186075
164.228351
164.272132
164.292068
164.569107
164.598685
164.620897
164.651783
164.661725
164.681240
164.682812
164.918667
165.052184
165.151043
165.177734
165.267076
165.462628
165.579968
165.649566
165.690064
165.786492
165.826976
165.944687
166.075456
166.134947
166.169887
166.282342
166.315357
166.335145
166.353353
166.467672
166.478040
166.622158
166.674289
166.729338
166.772413
166.858089
166.911622
167.009763
167.046881
167.113856
167.118880
167.178398
167.190428
167.381403
167.456861
167.582357
167.584893
167.585111
167.590430
167.602679
167.639867
167.744334
167.791358
168.043348
168.043567
168.079810
168.093686
168.128507
168.271266
168.278548
168.306847
168.328080
168.425652
168.573285
168.637527
168.720355
168.726020
168.745996
168.753081
168.824933
168.825491
168.842006
168.860949
168.966307
169.021736
169.164165
169.220789
169.236399
169.241917
169.335873
169.354770
169.464020
169.561126
169.586786
169.588658
169.661199
169.736019
169.745224
169.783177
169.819293
169.830544
170.336399
170.378781
170.380923
170.649726
170.651922
170.754269
170.822246
170.834230
170.838201
170.852321
170.885531
170.936042
171.199436
171.221460
171.307943
171.423220
171.528607
171.618494
171.630109
171.744205
171.753777
171.783886
171.790246
171.835989
171.860682
171.955487
171.964667
171.970617
172.112558
172.127696
172.143839
172.150784
172.162257
172.213594
172.303322
172.319960
172.422924
172.517733
172.542902
172.577391
172.654056
172.656200
172.710960
172.715224
172.720748
172.841405
172.894882
172.956770
173.038702
173.087545
173.099825
173.147479
173.208800
173.250202
173.330286
173.363514
173.471879
173.477937
173.489015
173.496662
173.517276
173.545871
173.657830
173.781856
173.817363
173.845190
173.848217
173.867604
173.868061
173.964458
173.981528
173.994512
174.037077
174.089937
174.191563
174.196011
174.216608
174.370012
174.388778
174.530435
174.541477
174.576206
174.580004
174.709451
174.770293
174.923167
174.955669
175.159326
175.296061
175.316110
175.377442
175.448180
175.479545
175.533617
175.584594
175.736622
175.809360
175.872671
175.918095
175.956968
176.050600
176.196017
176.239724
176.254634
176.255120
176.297591
176.323855
176.383751
176.416163
176.453296
176.477558
176.529526
176.533157
176.576317
176.649466
176.661484
176.721828
176.775246
176.866222
176.898244
176.904830
176.974722
177.160506
177.168301
177.423461
177.436389
177.546496
177.626984
177.712605
177.785324
177.854767
177.871418
177.899138
178.002452
178.031957
178.047937
178.114460
178.131302
178.138809
178.161467
178.476186
178.495862
178.622753
178.900607
178.902945
178.909634
179.006791
179.017944
179.052296
179.211871
179.271981
179.341988
179.383439
179.406779
179.510717
179.564647
179.568008
179.621911
179.632025
179.803062
179.819879
179.840528
179.859292
179.863258
179.940309
179.971883
180.012725
180.028783
180.028988
180.037361
180.106674
180.146445
180.173598
180.219644
180.229398
180.303648
180.318209
180.377084
180.433025
180.478216
180.521219
180.544416
180.576409
180.626354
180.626967
180.677042
180.756651
180.833147
180.847751
180.873185
180.939327
180.969119
181.017169
181.020093
181.113942
181.124499
181.150619
181.163257
181.166609
181.232894
181.299205
181.316508
181.327318
181.369237
181.430475
181.468646
181.474310
181.726985
181.755173
181.817241
181.817458
181.910285
181.917189
181.955885
181.975119
182.084901
182.091520
182.144392
182.224989
182.250988
182.279381
182.321789
182.465434
182.521051
182.544556
182.554790
182.684605
182.715294
182.722069
182.776044
182.801858
182.904704
182.959947
182.987432
183.009844
183.018206
183.083085
183.119725
183.313278
183.449649
183.457417
183.522376
183.593201
183.599753
183.702365
183.763699
183.769447
183.851189
184.007211
184.048832
184.106618
184.108108
184.154226
184.265793
184.275214
184.304608
184.354613
184.519674
184.541692
184.558559
184.575821
184.661900
184.798792
184.801201
184.810618
184.880812
184.890776
184.898973
184.910666
184.930937
184.969611
184.984715
184.985208
185.017908
185.083189
185.130824
185.133488
185.485576
185.501472
185.540305
185.550518
185.634600
185.665132
185.700062
185.804361
185.815605
185.861835
186.001134
186.008078
186.081515
186.147734
186.150904
186.184134
186.194283
186.233411
186.338898
186.437101
186.491990
186.501419
186.626506
186.657984
186.661506
186.758736
186.768406
186.888349
186.900137
186.921819
186.931034
186.943588
186.959340
187.036552
187.067003
187.108928
187.150195
187.208378
187.221389
187.312897
187.387491
187.399106
187.410077
187.419304
187.517400
187.545839
187.599530
187.764070
187.843950
187.973901
188.045295
188.129603
188.130506
188.142767
188.256777
188.311219
188.559126
188.598866
188.621644
188.627209
188.685352
188.780831
188.854646
188.920184
188.951019
189.058274
189.176872
189.281494
189.309917
189.329972
189.358064
189.377489
189.379523
189.458987
189.476208
189.505617
189.616480
189.634939
189.686110
189.719225
189.731764
189.815724
189.832700
189.862872
189.869268
189.879808
189.976368
190.013616
190.022318
190.134347
190.193941
190.311379
190.315548
190.316699
190.372615
190.390286
190.463057
190.472651
190.575461
190.649629
190.658963
190.737056
190.740189
190.834691
190.860175
190.860782
190.968791
191.042782
191.077253
191.207048
191.318070
191.320184
191.397833
191.408750
191.410301
191.498847
191.709127
191.745699
191.890094
191.912288
191.918860
192.032530
192.050614
192.152068
192.217818
192.300463
192.315742
192.350953
192.427840
192.460280
192.477372
192.502820
192.525164
192.533182
192.547172
192.552402
192.582905
192.616127
192.626843
192.656367
192.738534
192.753757
192.791116
192.849294
192.872235
192.914211
192.919069
192.932340
192.956980
192.993250
193.000587
193.088629
193.095515
193.258383
193.276092
193.295578
193.333610
193.383977
193.395145
193.435554
193.479534
193.549199
193.560420
193.658846
193.685275
193.823981
193.833989
193.836895
193.841781
193.848746
193.865764
193.940415
193.943316
193.944436
193.969937
194.081358
194.109734
194.198361
194.248584
194.330983
194.333105
194.342645
194.400053
194.499498
194.516256
194.566572
194.573866
194.605780
194.636450
194.651735
194.698021
194.977036
195.000110
195.000839
195.152722
195.208503
195.328118
195.374452
195.425836
195.571169
195.609549
195.617669
195.626469
195.633778
195.638314
195.893106
195.940795
195.999968
196.015451
196.034433
196.055760
196.138202
196.158628
196.176833
196.210608
196.243269
196.292881
196.353211
196.429952
196.545309
196.577499
196.589067
196.662240
196.715101
196.916424
196.940107
197.003034
197.015574
197.119882
197.241497
197.300513
197.322645
197.359303
197.419358
197.457194
197.578593
197.619800
197.635942
197.706592
197.804750
197.816178
197.839113
197.958232
197.984382
198.015008
198.077447
198.085840
198.107769
198.114508
198.124997
198.149130
198.226658
198.292571
198.303233
198.307475
198.316823
198.366579
198.369714
198.379051
198.387828
198.408547
198.414837
198.454989
198.477558
198.503010
198.584994
198.593534
198.666096
198.677059
198.698254
198.888264
198.897541
199.078676
199.106011
199.108217
199.150202
199.173412
199.199598
199.241866
199.257411
199.417702
199.444506
199.451500
199.461238
199.462567
199.551348
199.582918
199.635577
199.773963
200.020358
200.089403
200.129047
200.172044
200.180522
200.216666
200.277458
200.301500
200.412060
200.506507
200.522945
200.523790
200.641109
200.721839
200.724347
200.754958
200.784263
200.812239
200.821643
200.862267
200.876644
200.941136
200.958335
201.025313
201.046534
201.097084
201.225937
201.254341
201.261600
201.421504
201.424604
201.578144
201.584538
201.773372
201.834602
202.016889
202.026308
202.187299
202.214757
202.223154
202.264648
202.267672
202.276005
202.422655
202.439358
202.470229
202.482117
202.532825
202.698186
202.758388
202.811834
202.879981
202.939703
202.944527
202.991368
202.999716
203.054312
203.101722
203.229325
203.246394
203.322286
203.339312
203.390784
203.467079
203.516090
203.518499
203.554087
203.609134
203.620651
203.623264
203.697759
203.959752
204.026301
204.033052
204.048716
204.180567
204.260157
204.266785
204.294242
204.399010
204.433152
204.530518
204.589976
204.651652
204.671458
204.686276
204.795654
204.852050
204.879755
204.935646
204.970663
205.032026
205.054337
205.273311
205.368429
205.695663
205.711560
205.857268
206.020892
206.033424
206.043503
206.131443
206.168241
206.199149
206.441980
206.476747
206.542217
206.640836
206.647623
206.781131
206.783045
206.901756
207.043538
207.044739
207.091173
207.160014
207.166847
207.170889
207.211865
207.364739
207.622817
207.952992
207.973385
208.001103
208.011193
208.061785
208.163416
208.309799
208.324279
208.394185
208.403661
208.418065
208.423754
208.455417
208.460618
208.508322
208.557744
208.571629
208.580491
208.621807
208.626305
208.631206
208.659413
208.789918
208.899312
209.050018
209.063977
209.175738
209.213347
209.248281
209.284586
209.291330
209.380743
209.484766
209.525438
209.588903
209.624700
209.646719
209.686704
209.705755
209.726601
209.838029
209.848655
209.905113
209.942563
209.956734
210.013004
210.015568
210.029935
210.104413
210.112433
210.166192
210.204471
210.223274
210.371463
210.384760
210.447559
210.494626
210.536734
210.542298
210.716802
210.733427
210.743047
210.744360
210.785565
210.868875
210.881449
210.888537
210.937087
211.004283
211.128990
211.157441
211.191841
211.399949
211.407634
211.442875
211.469173
211.492141
211.500609
211.642904
211.646859
211.647715
211.658119
211.696961
211.719849
211.817133
211.883221
211.889523
211.943948
211.976807
212.045671
212.046539
212.303678
212.304509
212.471054
212.526689
212.638313
212.652208
212.674788
212.747794
212.818368
212.871627
212.931364
212.936870
213.014265
213.039352
213.062488
213.154566
213.167122
213.168110
213.187484
213.471161
213.521997
213.606676
213.655247
213.810158
213.883249
213.938676
213.952602
213.989350
214.068587
214.074845
214.104066
214.119614
214.128844
214.400140
214.541458
214.572994
214.638414
214.726913
214.748338
214.776901
214.815496
214.886886
215.075119
215.078361
215.111895
215.158052
215.178198
215.320092
215.358262
215.440211
215.527829
215.546875
215.612135
215.615716
215.671908
215.738987
215.763776
215.854903
215.862961
215.871876
216.000266
216.023011
216.099025
216.139061
216.172206
216.213977
216.388254
216.414119
216.445482
216.509869
216.540935
216.686705
216.721763
216.753193
216.836961
216.869623
216.877819
217.111588
217.265151
217.287831
217.448763
217.494864
217.579554
217.660487
217.737970
217.834642
217.902363
217.923972
217.979836
218.120975
218.236623
218.268885
218.359827
218.493320
218.509936
218.551634
218.559587
218.567595
218.579542
218.612040
218.621636
218.634643
218.697704
218.838260
218.861393
218.908412
218.915424
218.932930
218.990638
219.065457
219.094875
219.143340
219.191006
219.256440
219.393515
219.450776
219.538768
219.585560
219.693463
219.706104
219.881086
219.988714
220.024848
220.041167
220.050651
220.113497
220.133253
220.248871
220.278167
220.285693
220.290209
220.321963
220.388473
220.514570
220.555745
220.609998
220.612252
220.632927
220.649362
220.710412
220.787538
220.902466
220.907147
220.985675
221.037534
221.039479
221.173373
221.202972
221.330436
221.442544
221.505953
221.638704
221.698291
221.833843
221.850197
221.911831
221.969184
222.018783
222.121970
222.241269
222.264906
222.307585
222.397046
222.576729
222.633646
222.691210
222.741297
222.838011
222.839584
222.938106
222.993800
222.997758
223.114362
223.179855
223.332709
223.361403
223.537086
223.572017
223.730794
223.742214
223.758332
223.875203
223.966482
224.015083
224.026344
224.036431
224.087251
224.147627
224.164301
224.314194
224.324096
224.437278
224.527423
224.528289
224.633999
224.678527
224.744365
224.748376
224.786569
224.787540
224.848636
224.884191
224.892960
224.897128
224.917797
225.096185
225.225850
225.258170
225.270504
225.270582
225.321279
225.451809
225.633507
225.861253
225.878019
225.879229
225.891968
225.896834
226.034506
226.061715
226.075698
226.108389
226.109723
226.161954
226.197905
226.241086
226.323448
226.327431
226.379624
226.429594
226.448680
226.504967
226.568924
226.581317
226.669697
226.697782
226.718368
226.811634
226.894291
226.911104
226.955883
227.004333
227.030856
227.035994
227.036971
227.044847
227.213382
227.218521
227.314129
227.523888
227.532155
227.582871
227.589198
227.655617
227.703308
227.729240
227.785458
227.838588
227.884767
228.047263
228.103952
228.126340
228.142482
228.185495
228.219486
228.229146
228.231661
228.267719
228.411152
228.579983
228.595632
228.647037
228.661548
228.910944
228.920629
228.961847
229.159756
229.167367
229.192965
229.326539
229.354814
229.361403
229.424045
229.560807
229.764422
229.853372
229.871320
229.903504
229.932942
229.946359
230.091797
230.118234
230.153501
230.237499
230.257275
230.461520
230.477351
230.544218
230.561281
230.766107
230.788551
230.807113
230.886951
230.911778
230.932013
231.023076
231.126695
231.321439
231.375555
231.403086
231.501036
231.525870
231.533224
231.558954
231.773162
231.824245
231.888174
231.920624
231.959523
232.058977
232.092672
232.103483
232.107170
232.107930
232.154354
232.168221
232.185326
232.199067
232.216996
232.224943
232.226528
232.254318
232.389565
232.423691
232.598819
232.945307
232.981288
232.991140
233.088228
233.107146
233.114839
233.156566
233.439160
233.538910
233.543333
233.546114
233.601095
233.688365
233.694307
233.793940
233.853271
233.889162
233.915782
233.974750
233.975963
233.979454
233.985753
234.028808
234.036941
234.094031
234.107343
234.154294
234.195759
234.221134
234.360719
234.401144
234.423876
234.515244
234.557199
234.562087
234.583871
234.735678
234.815036
234.856629
234.857652
234.930277
234.997571
235.172647
235.176901
235.218137
235.418220
235.448735
235.451696
235.547950
235.577922
235.643356
235.671555
235.689714
235.728430
235.771373
235.774512
235.799420
235.826504
235.841879
235.856575
236.077683
236.180512
236.181924
236.194652
236.273451
236.320210
236.420640
236.613447
236.617327
236.816144
236.832111
236.958744
237.063004
237.107409
237.110165
237.120460
237.256550
237.304608
237.322937
237.323531
237.369081
237.375734
237.515247
237.520938
237.535866
237.573348
237.810099
237.974934
237.977341
237.992789
238.000143
238.025016
238.152137
238.155034
238.191544
238.327191
238.636269
238.682211
238.726225
238.792639
238.850034
238.873498
239.034820
239.050600
239.061351
239.098437
239.121539
239.131930
239.179543
239.196777
239.228109
239.318701
239.337758
239.514462
239.553151
239.593017
239.610086
239.620307
239.640881
239.924397
240.006339
240.086937
240.171637
240.180548
240.293285
240.308543
240.396052
240.399439
240.455749
240.522653
240.530916
240.549619
240.576750
240.639896
240.738502
240.796517
240.821663
240.830192
240.910708
240.960804
241.039156
241.097916
241.209237
241.299366
241.350441
241.414540
241.578241
241.749051
241.762069
241.766467
241.819934
241.835128
242.040876
242.042977
242.091806
242.094818
242.199527
242.249840
242.253960
242.260769
242.501307
242.514067
242.528875
242.532769
242.601394
242.762143
242.793692
242.834878
242.840967
242.925120
243.038769
243.161570
243.189442
243.204552
243.209899
243.225221
243.257510
243.290869
243.345785
243.382798
243.400493
243.457526
243.556313
243.837110
243.838087
243.910368
243.977776
244.002703
244.031574
244.088499
244.137972
244.161132
244.335480
244.342892
244.435818
244.466747
244.472480
244.569478
244.571802
244.590565
244.646762
244.759930
244.805215
244.824249
244.836582
244.842744
244.848050
244.868387
244.888709
244.926860
244.933438
244.949436
244.949692
244.953388
245.035742
245.080807
245.200066
245.200731
245.207599
245.213399
245.325052
245.328848
245.359234
245.516498
245.551413
245.559587
245.561041
245.596161
245.612747
245.659826
245.687578
245.790982
245.806006
245.806956
245.933746
245.984267
246.033290
246.050799
246.057109
246.095498
246.110655
246.129854
246.173333
246.251078
246.273132
246.335994
246.375468
246.418195
246.490625
246.521910
246.576695
246.618333
246.645621
246.649698
246.714643
246.756997
246.785097
246.786653
246.821602
246.825586
246.831466
246.931626
246.937862
247.111874
247.114884
247.123671
247.196717
247.253893
247.259003
247.423363
247.453345
247.466939
247.501842
247.532437
247.636277
247.690875
247.712005
247.730534
247.735811
247.757839
247.808529
247.831044
247.858919
247.899985
247.929727
247.937146
247.950220
247.995705
248.030577
248.043040
248.043576
248.137032
248.165022
248.171919
248.176392
248.184352
248.217603
248.266481
248.280288
248.359405
248.407501
248.512905
248.604442
248.653111
248.718975
248.763647
248.767308
248.918584
248.966749
249.055625
249.166765
249.200790
249.220514
249.220815
249.325567
249.399464
249.458818
249.560225
249.611267
249.759704
249.801925
249.886277
249.899756
249.930956
249.935093
249.949036
249.955422
249.979363
250.029441
250.041026
250.091610
250.103430
250.131309
250.154368
250.179053
250.314169
250.541842
250.571744
250.588694
250.619909
250.619977
250.725174
250.832672
250.873745
250.909845
250.958112
250.987185
250.996764
251.063469
251.067791
251.242497
251.269076
251.282703
251.336946
251.377611
251.516096
251.534523
251.612202
251.626200
251.626840
251.646553
251.673518
252.008380
252.036824
252.093438
252.220412
252.232676
252.249538
252.251486
252.284011
252.313501
252.357875
252.401338
252.445498
252.456450
252.495053
252.534916
252.619465
252.649161
252.807346
252.834733
252.845334
252.877480
252.890487
252.960199
253.036218
253.262103
253.330856
253.421392
253.481544
253.561874
253.567786
253.678990
253.980267
254.033303
254.100898
254.131552
254.156700
254.256740
254.273689
254.305197
254.332256
254.359454
254.389615
254.480072
254.568140
254.752680
254.762550
254.807338
254.874726
254.905932
254.948724
254.955794
255.008669
255.080965
255.094599
255.113987
255.325122
255.340245
255.342520
255.348647
255.380092
255.403255
255.575372
255.577916
255.629566
255.637375
255.641322
255.783944
255.799492
255.840807
255.915648
256.044008
256.085522
256.095832
256.115093
256.245062
256.326641
256.410277
256.427638
256.440198
256.655815
256.731323
256.767880
256.793734
256.968558
256.989675
257.149921
257.188181
257.228840
257.236173
257.342795
257.349690
257.775409
257.816106
257.844648
257.909175
257.935689
257.966696
258.010824
258.066671
258.102151
258.123572
258.180087
258.213309
258.526135
258.564114
258.577415
258.641141
258.700918
258.779807
258.832913
258.881343
258.887151
259.157707
259.237781
259.249359
259.334178
259.351840
259.357842
259.416210
259.503172
259.510125
259.545599
259.679212
259.750816
259.753911
260.050735
260.097456
260.183712
260.231829
260.240940
260.389619
260.401602
260.419746
260.586769
260.701726
260.744472
260.981560
261.104455
261.176964
261.208506
261.373705
261.388068
261.469363
261.494489
261.572557
261.646232
261.737469
261.782283
261.786076
261.798748
261.830724
262.002871
262.027191
262.087521
262.195287
262.219241
262.317558
262.371366
262.398330
262.545413
262.726395
262.773180
262.810235
262.827843
262.860545
262.950222
262.980135
263.053217
263.071899
263.196515
263.267259
263.327633
263.544058
263.594474
264.038944
264.069753
264.076253
264.104400
264.179580
264.196434
264.229921
264.242929
264.243920
264.480425
264.484503
264.493276
264.654242
264.714869
264.793073
264.913997
264.925865
264.957730
265.012653
265.048054
265.076908
265.084476
265.117673
265.317219
265.317555
265.326362
265.434147
265.500017
265.524738
265.685093
265.725838
266.031016
266.125960
266.195317
266.210596
266.233521
266.359113
266.362520
266.485256
266.559240
266.559885
266.600038
266.688208
266.791367
266.814634
266.851271
266.880013
266.996041
267.074181
267.138751
267.151980
267.161898
267.178139
267.208543
267.210355
267.222347
267.239959
267.285182
267.342474
267.348482
267.573922
267.659045
267.766735
267.871411
267.912476
268.046876
268.109038
268.314394
268.366647
268.420104
268.456844
268.480217
268.506221
268.512050
268.561507
268.572491
268.655070
268.834963
268.869922
268.896617
268.995484
269.001641
269.002039
269.096310
269.105268
269.118080
269.175418
269.193702
269.205315
269.462568
269.465461
269.493903
269.505935
269.548149
269.557657
269.594698
269.629179
269.651386
269.696149
269.703779
269.767267
269.798169
269.810412
270.098798
270.143501
270.247279
270.277506
270.330938
270.392401
270.407829
270.413789
270.547258
270.643421
270.690680
270.698929
270.782011
270.839852
270.860489
270.860825
270.922105
270.987487
271.080660
271.089515
271.145646
271.177652
271.209072
271.233007
271.259122
271.318173
271.422561
271.534408
271.552413
271.591374
271.623044
271.698704
271.798397
271.835612
271.917013
272.009620
272.010112
272.122527
272.167860
272.211533
272.236718
272.252362
272.308314
272.325557
272.343692
272.370419
272.578288
272.611143
272.719220
272.733758
272.795390
272.833591
272.854289
272.922223
272.923116
273.175669
273.195136
273.199204
273.266037
273.337469
273.337539
273.351582
273.360405
273.389115
273.443747
273.444883
273.463532
273.515110
273.531070
273.627617
273.657427
273.788472
274.058956
274.082074
274.171578
274.192933
274.274669
274.331354
274.339034
274.450319
274.474965
274.541411
274.562088
274.566406
274.654065
274.692762
274.774586
274.870687
274.902462
274.928115
275.241766
275.252295
275.253371
275.299806
275.399621
275.418693
275.429511
275.497727
275.538974
275.641310
275.650753
275.774350
275.797693
275.848989
275.865428
275.890861
275.896321
275.931237
276.117718
276.123824
276.135141
276.225558
276.348285
276.349345
276.362260
276.369098
276.418049
276.504262
276.529707
276.613758
276.686480
276.895264
276.949982
277.069744
277.160235
277.184125
277.193969
277.213606
277.243648
277.276119
277.278945
277.662293
277.688627
277.689484
277.862945
277.904762
277.965998
278.007940
278.043138
278.099169
278.292582
278.353185
278.382688
278.620723
278.652131
278.723971
278.761508
278.764310
278.926876
279.055713
279.114417
279.308303
279.355499
279.388115
279.553145
279.597518
279.607976
279.753070
279.786256
279.829454
279.937938
279.957245
279.997908
279.998927
280.134685
280.180068
280.354950
280.401168
280.476162
280.547583
280.570223
280.603777
280.623316
280.684595
280.730589
280.747062
280.804737
280.859521
280.977400
281.020609
281.057616
281.062045
281.145413
281.198983
281.280916
281.288926
281.392508
281.414799
281.440537
281.452555
281.506825
281.544549
281.586803
281.684228
281.760039
281.901814
281.923718
282.085860
282.108939
282.321053
282.369036
282.381305
282.429080
282.491439
282.552202
282.678792
282.833569
282.851929
282.856579
282.947087
283.005145
283.018606
283.049277
283.064938
283.179681
283.283150
283.394002
283.536628
283.675096
283.780024
283.808006
283.826994
283.828696
283.902068
283.919127
283.945608
284.102687
284.171629
284.177278
284.207382
284.243150
284.303185
284.439556
284.601163
284.675793
284.739122
284.742176
284.756717
284.917695
284.935424
284.939213
284.944422
285.155309
285.196699
285.197353
285.382796
285.455098
285.499329
285.574214
285.577703
285.578908
285.649566
285.685483
285.800788
285.868177
285.906788
285.909632
285.960679
286.131259
286.159645
286.181858
286.264570
286.281299
286.319573
286.335454
286.470975
286.795479
286.822301
286.866290
286.924955
286.942389
286.965555
287.027558
287.066532
287.097027
287.152613
287.162440
287.191576
287.221120
287.228762
287.229442
287.249775
287.377286
287.412155
287.422177
287.472099
287.678995
287.685464
287.738302
287.785014
287.870101
287.898085
287.980383
288.132375
288.135741
288.229237
288.254536
288.269585
288.470269
288.487812
288.500537
288.549821
288.800537
288.858718
288.866177
289.149311
289.204410
289.234717
289.241583
289.272799
289.316488
289.402058
289.408706
289.429114
289.450375
289.544280
289.560610
289.581823
289.585766
289.639424
289.910532
289.911428
289.970257
290.101829
290.102437
290.119784
290.179590
290.298579
290.325213
290.534538
290.564371
290.651478
290.755239
291.087771
291.181147
291.298054
291.328479
291.339480
291.372733
291.388176
291.398594
291.544669
291.563235
291.599249
291.666434
291.668534
291.734319
291.912918
291.987517
292.040797
292.071217
292.095965
292.138632
292.186168
292.187365
292.286880
292.335286
292.435937
292.680100
292.732787
292.844162
292.874660
292.908132
292.962097
293.017182
293.142349
293.175803
293.193073
293.195441
293.255660
293.265286
293.295767
293.428492
293.502875
293.555407
293.582072
293.592745
293.641227
293.656660
293.737458
293.811479
293.882181
293.917437
293.934027
293.961172
294.056430
294.080471
294.084292
294.209159
294.283382
294.320916
294.332912
294.371546
294.395355
294.461101
294.505272
294.591501
294.752257
294.781428
294.963410
295.232035
295.251330
295.311375
295.407485
295.517730
295.528195
295.622480
295.631629
295.640161
295.671801
295.696752
295.735587
295.749400
295.864343
295.950787
296.016061
296.358297
296.365164
296.509812
296.550003
296.593162
296.630666
296.695844
296.742449
296.996366
297.096440
297.136393
297.246579
297.248277
297.326334
297.335464
297.464794
297.471126
297.481818
297.493625
297.585917
297.588396
297.701427
297.706454
297.754573
297.792312
297.843096
297.855771
297.874263
297.914042
298.061021
298.121349
298.169639
298.197615
298.294637
298.306121
298.310204
298.350385
298.435188
298.569625
299.073862
299.101572
299.108035
299.162789
299.187743
299.194844
299.238345
299.290257
299.349055
299.361721
299.405965
299.482394
299.492020
299.601052
299.611834
299.647052
299.708053
299.790107
299.819569
299.846445
299.875613
299.886556
299.968591
299.987180
299.996201
300.020942
300.086838
300.211316
300.231449
300.275072
300.341969
300.406428
300.424099
300.498516
300.527734
300.614962
300.633027
300.756424
300.765262
300.794825
300.857018
300.869319
300.877259
300.896341
300.930047
301.200879
301.270822
301.289971
301.343339
301.605928
301.623374
301.641990
301.653796
301.713143
301.769229
301.795702
301.918751
301.989100
302.005409
302.005816
302.040708
302.061028
302.069898
302.079997
302.105181
302.150530
302.190568
302.237661
302.269373
302.355101
302.440978
302.477773
302.489460
302.560077
302.656531
302.667142
302.772722
302.811937
302.871256
302.910200
302.985951
303.043475
303.075395
303.084741
303.092089
303.215421
303.265817
303.425860
303.512131
303.555575
303.573108
303.592054
303.615367
303.635684
303.678285
303.704454
303.741671
303.770444
303.892235
303.936252
303.959870
304.099666
304.235742
304.307491
304.410003
304.410570
304.476919
304.554625
304.568714
304.716115
304.717734
304.727405
304.759679
304.776634
304.838628
305.027334
305.053437
305.073658
305.101306
305.134529
305.215821
305.264384
305.324947
305.360130
305.417277
305.449585
305.539609
305.574287
305.589278
305.609139
305.610003
305.659776
305.681989
305.773967
305.827535
305.973911
305.976071
306.003720
306.070111
306.153471
306.173535
306.329346
306.336078
306.372804
306.375879
306.390649
306.451346
306.473588
306.638914
306.668227
306.679384
306.684341
306.781164
306.856494
306.872785
306.878771
306.919756
307.247795
307.306029
307.452496
307.458238
307.496137
307.587158
307.619210
307.640413
307.671010
307.671217
307.748437
307.867376
307.898895
307.947000
307.964248
307.994602
308.057894
308.065728
308.072456
308.087486
308.129446
308.135725
308.294651
308.366253
308.412778
308.484086
308.540838
308.609072
308.639926
308.760968
308.803043
308.857076
308.872482
308.917285
308.978274
308.997768
309.028691
309.085069
309.117764
309.150914
309.176476
309.209533
309.216762
309.295315
309.351540
309.466614
309.512718
309.566486
309.594274
309.604475
309.654236
309.811225
309.854089
310.113063
310.148879
310.195838
310.265136
310.331865
310.388265
310.461314
310.507191
310.537403
310.545836
310.550380
310.561913
310.604638
310.751295
310.785498
310.799964
310.823512
310.890449
310.894944
310.955697
310.993678
311.040667
311.042223
311.063779
311.078363
311.203811
311.328233
311.422416
311.461900
311.587877
311.637971
311.779541
311.864192
311.937633
311.989730
312.017021
312.061043
312.099286
312.149778
312.179083
312.204785
312.270162
312.343479
312.370006
312.376071
312.387788
312.551052
312.587373
312.610385
312.674703
312.697458
312.731201
312.732763
312.738167
312.833237
312.855948
312.897091
312.927021
312.939838
312.945883
312.946395
312.968867
313.021574
313.096455
313.177433
313.216247
313.394437
313.419343
313.456883
313.509553
313.525775
313.606487
313.650520
313.697166
313.741471
313.769690
313.896262
313.905429
313.969656
314.025157
314.054721
314.167967
314.221665
314.228685
314.639071
314.658346
314.710294
314.811977
314.854111
314.965016
315.013893
315.094154
315.121466
315.271335
315.302249
315.450585
315.512369
315.543735
315.646921
315.697302
315.737468
315.798467
315.818102
316.062923
316.227730
316.337804
316.471045
316.474201
316.507951
316.642460
316.664602
316.857306
316.893973
316.955695
316.969630
316.975379
317.019527
317.061667
317.124621
317.132477
317.285318
317.388319
317.461630
317.696972
317.757360
317.764187
317.836903
317.891512
317.949893
317.959156
317.986427
318.021927
318.025143
318.102610
318.148195
318.164822
318.230803
318.349742
318.368510
318.474366
318.516147
318.652715
318.822919
318.935609
318.982399
318.997898
319.033147
319.057981
319.068330
319.079622
319.182398
319.190178
319.230895
319.334616
319.397256
319.443017
319.459113
319.579002
319.599681
319.638129
319.765731
319.836227
319.852002
320.038019
320.043849
320.056201
320.078764
320.141368
320.167550
320.215804
320.254829
320.263743
320.501239
320.512330
320.599110
320.631751
320.819606
320.853692
320.915889
320.985544
321.027175
321.036400
321.104047
321.131032
321.285433
321.328282
321.422551
321.533890
321.537422
321.570728
321.677314
321.753373
321.800481
321.893058
321.953377
321.990559
322.032712
322.055183
322.144603
322.207465
322.287548
322.287559
322.308170
322.310175
322.346018
322.446556
322.452934
322.632310
322.761465
322.766404
322.775963
322.795122
322.849126
322.936015
322.971362
323.226908
323.280890
323.287321
323.314016
323.375664
323.380523
323.398487
323.467797
323.545361
323.585960
323.595202
323.610365
323.611093
323.630725
323.649014
323.670012
323.709649
323.821522
323.821711
323.850178
323.921021
323.923137
323.928133
323.952738
324.020127
324.229862
324.344455
324.411699
324.784458
324.833472
324.859609
324.971805
325.024042
325.030667
325.265813
325.562278
325.683987
325.725108
325.725627
325.887939
325.903825
325.915513
325.969902
325.985725
326.068338
326.070448
326.170543
326.187496
326.265295
326.283163
326.301009
326.325416
326.350258
326.409450
326.513290
326.523095
326.533206
326.540228
326.558201
326.566872
326.735030
326.788695
326.867512
326.891282
326.925796
327.019078
327.031709
327.042759
327.064172
327.096044
327.134449
327.250802
327.274561
327.302143
327.306606
327.377724
327.617229
327.626141
327.632822
327.655271
327.699894
327.757869
327.790529
327.793068
327.828016
327.881664
327.882921
327.965364
328.023919
328.034589
328.080074
328.180184
328.274903
328.275731
328.314791
328.385176
328.388510
328.409412
328.418838
328.445031
328.564685
328.598918
328.607121
328.648816
328.672665
328.695868
328.778159
328.905877
328.926697
328.953352
329.074442
329.077734
329.099887
329.122663
329.138321
329.197479
329.336822
329.413357
329.473282
329.485090
329.505004
329.568610
329.621789
329.670425
329.683620
329.690012
329.690290
329.763250
329.814458
329.934855
329.934968
330.001294
330.011672
330.022552
330.027691
330.033436
330.177146
330.179805
330.245023
330.252386
330.296460
330.301243
330.309611
330.315993
330.331053
330.385112
330.404145
330.464440
330.477616
330.512756
330.531179
330.595734
330.603260
330.663044
330.669540
330.738662
330.762825
330.763774
330.779121
330.836251
330.843883
331.053369
331.141861
331.213087
331.287968
331.422280
331.424635
331.545009
331.584923
331.585391
331.635177
331.644850
331.657089
331.658684
331.687471
331.768050
331.795082
331.874160
331.876953
331.916057
331.944908
331.989536
332.010434
332.089085
332.106375
332.142518
332.185195
332.264881
332.303409
332.341806
332.443279
332.494333
332.522087
332.634983
332.720984
332.746276
332.751356
332.770493
332.813843
332.824474
332.845063
332.900703
332.939912
333.001954
333.006512
333.063793
333.108808
333.160685
333.169424
333.244142
333.338692
333.407686
333.459402
333.469485
333.480615
333.588246
333.640733
333.712057
333.774281
333.869195
333.913665
333.969286
334.057097
334.072425
334.259197
334.266185
334.466788
334.495210
334.533799
334.587551
334.613785
334.624134
334.672437
334.808420
334.911523
334.926777
334.997838
335.041987
335.046645
335.055045
335.085118
335.112980
335.262966
335.304019
335.325378
335.327920
335.338241
335.368699
335.372953
335.525914
335.530443
335.563692
335.571081
335.602257
335.649329
335.777051
335.841562
335.898878
335.917185
336.008186
336.009662
336.013386
336.268441
336.276054
336.410421
336.488896
336.719807
336.825589
336.957267
337.040359
337.055826
337.068722
337.076648
337.124512
337.148896
337.160329
337.163092
337.217392
337.262723
337.278634
337.412160
337.439715
337.534701
337.534710
337.562708
337.578198
337.591506
337.785243
337.788232
337.877361
337.940792
337.943875
337.960323
338.007093
338.074700
338.091414
338.112430
338.246453
338.450149
338.670715
338.721423
338.757921
338.796702
338.812789
338.826884
338.852636
338.906871
339.017494
339.167640
339.189532
339.239907
339.266532
339.323193
339.371956
339.376634
339.398290
339.404298
339.422494
339.484310
339.516881
339.538548
339.620698
339.745387
339.991017
340.106732
340.107351
340.121567
340.144236
340.144659
340.145639
340.199111
340.298662
340.354831
340.355226
340.377159
340.390390
340.463027
340.481330
340.600789
340.607770
340.626958
340.709275
340.742339
340.844529
340.878825
340.881580
340.902628
341.000707
341.004871
341.007525
341.017254
341.026988
341.053037
341.197171
341.199658
341.245776
341.272770
341.305871
341.335425
341.400374
341.418766
341.485321
341.501975
341.547696
341.665696
341.689532
341.732997
341.773508
341.810972
341.987483
342.042513
342.232913
342.269823
342.275953
342.282880
342.363602
342.387904
342.388014
342.401314
342.438678
342.469588
342.502284
342.507711
342.523588
342.546009
342.606229
342.614494
342.629509
342.787152
343.025713
343.042511
343.201791
343.237639
343.320774
343.330907
343.388660
343.397181
343.468153
343.556137
343.589205
343.672341
343.754554
343.771495
343.811722
343.916610
344.102836
344.202221
344.323408
344.489647
344.540474
344.571459
344.581601
344.609421
344.665701
344.678907
344.711572
344.767729
344.771650
344.788864
344.792264
344.847788
344.853721
344.949393
344.968089
345.003610
345.050800
345.225946
345.308090
345.384970
345.419544
345.454889
345.468342
345.486882
345.490699
345.636217
345.636921
345.676348
345.740088
345.814857
345.817639
345.865063
345.903126
345.962984
346.059866
346.060672
346.168342
346.231355
346.246681
346.328332
346.350904
346.440513
346.546973
346.560709
346.637349
346.662534
346.733379
346.757066
346.791885
346.852118
346.854015
346.897485
346.939845
347.026829
347.067654
347.188155
347.219522
347.261229
347.289115
347.289565
347.315637
347.319354
347.383221
347.412933
347.425682
347.565844
347.587983
347.624191
347.716962
347.784362
347.800177
347.889579
347.936040
347.982838
347.997397
348.076039
348.116666
348.117869
348.249611
348.377247
348.440625
348.484698
348.488489
348.662779
348.756907
348.777741
348.872028
348.973884
348.979603
348.981473
348.985895
349.124426
349.199978
349.237132
349.237852
349.269286
349.293714
349.461635
349.575182
349.592267
349.766929
349.913750
349.917189
349.931465
349.963379
350.013031
350.040594
350.070956
350.071439
350.271073
350.283126
350.373155
350.388875
350.389869
350.436566
350.504888
350.506912
350.556509
350.558303
350.580067
350.631556
350.637793
350.686001
350.711729
350.719548
350.751314
350.753669
350.804266
350.805459
350.875223
351.029282
351.098335
351.121838
351.137738
351.138396
351.146531
351.146946
351.164442
351.193561
351.233041
351.268435
351.303417
351.316243
351.335689
351.374036
351.449435
351.481316
351.483924
351.510053
351.525277
351.533255
351.594733
351.684964
351.706091
351.716648
351.718598
351.724447
351.839544
351.883037
351.930815
351.954676
351.974192
352.039317
352.081161
352.117273
352.127185
352.157111
352.298512
352.400182
352.440298
352.469129
352.601537
352.774493
352.781174
352.940091
352.940622
352.957286
352.997826
353.054981
353.160076
353.237401
353.264741
353.277640
353.358545
353.399227
353.432456
353.432560
353.451899
353.462138
353.559528
353.565892
353.579550
353.583241
353.598947
353.623936
353.641090
353.724717
353.864119
353.919755
353.962825
354.084201
354.187122
354.224335
354.258865
354.325747
354.377259
354.398880
354.527760
354.583145
354.598806
354.635268
354.716137
354.722057
354.828061
354.926209
354.926231
354.965487
354.991387
355.029448
355.123513
355.139791
355.158459
355.207874
355.266498
355.415818
355.432880
355.433689
355.563444
355.602272
355.713043
355.841986
355.903107
355.927107
355.933648
355.969125
355.992114
356.009592
356.076599
356.093400
356.106785
356.185864
356.229617
356.232737
356.485527
356.576629
356.615551
356.656323
356.656603
356.767625
356.773667
356.795990
357.070476
357.144729
357.159734
357.365940
357.423829
357.468382
357.480630
357.545627
357.554076
357.569322
357.638051
357.731060
357.783546
357.814076
357.900169
357.992510
358.105180
358.120410
358.156776
358.206238
358.264626
358.274471
358.301539
358.305677
358.364752
358.410140
358.436979
358.499310
358.512521
358.529358
358.556851
358.561353
358.562154
358.597538
358.651662
358.671245
358.725832
358.775853
358.824379
358.865998
358.930810
358.966974
359.019261
359.077150
359.105556
359.106747
359.125690
359.195803
359.268962
359.313137
359.362007
359.386435
359.399230
359.410395
359.461178
359.473094
359.575183
359.645967
359.674520
359.799707
359.837360
360.044766
360.116052
360.124454
360.326019
360.348842
360.508155
360.521231
360.580768
360.663788
360.664239
360.667806
360.753846
360.803180
360.963318
360.969127
361.084299
361.099243
361.143696
361.165083
361.243348
361.246011
361.264329
361.432911
361.436761
361.492198
361.626462
361.629501
361.691707
361.753298
361.766962
361.802654
361.906731
362.016405
362.118581
362.240550
362.245424
362.246681
362.308093
362.315572
362.317099
362.431495
362.446574
362.451023
362.567621
362.582780
362.719556
362.777281
362.830652
362.843612
362.957213
362.989189
363.129107
363.136750
363.181993
363.207501
363.234948
363.236023
363.374214
363.376054
363.401612
363.576249
363.604349
363.663391
363.677699
363.713000
363.738878
363.810898
363.897192
363.903641
363.971943
363.988082
364.003757
364.017882
364.114915
364.178978
364.312118
364.330078
364.335656
364.470822
364.498995
364.507149
364.535296
364.548418
364.565752
364.578943
364.682099
364.772204
364.838120
364.877786
364.945635
364.956591
364.977400
365.025270
365.067075
365.071853
365.123892
365.188370
365.195134
365.288546
365.360084
365.381823
365.405342
365.416992
365.430489
365.430796
365.432101
365.531655
365.534718
365.556675
365.594160
365.628359
365.655568
365.712342
365.774463
365.860860
365.892866
365.896268
365.957932
365.974940
366.093863
366.109228
366.219042
366.221875
366.227819
366.299499
366.302758
366.395051
366.426832
366.499088
366.512802
366.568285
366.568381
366.576859
366.626640
366.722946
366.762873
366.808661
366.858923
366.963902
366.977646
366.983831
367.044369
367.046999
367.153896
367.212550
367.273808
367.279571
367.294995
367.451193
367.502079
367.504919
367.724319
367.810965
367.850676
367.884051
367.912025
368.054819
368.063422
368.088925
368.112455
368.123796
368.199107
368.294575
368.329435
368.344348
368.365185
368.387727
368.426350
368.453350
368.578472
368.609632
368.738936
368.743392
368.755427
368.807307
368.810468
368.980678
369.060757
369.062726
369.079592
369.172683
369.227200
369.277371
369.434985
369.437244
369.450435
369.533217
369.546058
369.555843
369.617695
369.662949
369.663430
369.712056
369.767994
369.813907
369.852309
369.857907
369.914330
369.957397
370.009783
370.058660
370.102762
370.204623
370.215756
370.302083
370.370038
370.392158
370.435252
370.456002
370.484759
370.529908
370.611169
370.731441
370.734802
370.749987
370.750964
370.915874
370.922397
370.994401
371.247391
371.354981
371.370954
371.402631
371.503165
371.548697
371.590434
371.599256
371.656047
371.656101
371.675895
371.713461
371.788926
371.791863
371.891325
371.892355
371.938926
372.005778
372.083949
372.128001
372.143320
372.234731
372.256386
372.362101
372.387371
372.424898
372.550801
372.712782
373.099784
373.236548
373.324860
373.360334
373.412435
373.465195
373.522859
373.584518
373.604414
373.616408
373.633205
373.640970
373.692522
373.709517
373.733075
373.764871
373.799702
373.815668
373.856441
373.961101
373.963803
373.972090
374.012407
374.063275
374.082176
374.152935
374.194531
374.204972
374.230600
374.264601
374.278697
374.404439
374.416683
374.417001
374.418806
374.745518
374.939765
375.094097
375.106952
375.230324
375.416672
375.546172
375.572604
375.613119
375.719353
375.737849
375.758853
375.766791
375.785110
375.846884
375.897607
375.911655
375.920820
375.922830
375.939917
376.078598
376.108532
376.152003
376.290922
376.374645
376.378005
376.475391
376.546208
376.571798
376.685216
376.738143
376.785763
376.907238
376.982913
377.123694
377.183050
377.195159
377.232662
377.275867
377.278380
377.286854
377.350922
377.425420
377.444211
377.515489
377.551877
377.561641
377.563030
377.617999
377.653758
377.716536
377.762356
377.797348
377.859301
377.880254
377.887712
377.906935
377.941149
377.944904
377.948717
377.995045
378.033917
378.044580
378.068506
378.176138
378.201664
378.257585
378.381181
378.415277
378.443809
378.505903
378.524816
378.633724
378.714806
378.877557
378.929585
378.980740
378.985410
379.060224
379.088540
379.095184
379.100340
379.218015
379.273257
379.520441
379.531063
379.553485
379.705273
379.705809
379.750687
379.767742
379.798155
379.849592
379.853815
379.867483
379.880884
379.886077
379.892442
379.905660
379.936748
379.943153
379.966065
380.018827
380.055512
380.094834
380.237090
380.324225
380.339788
380.450394
380.507158
380.758691
380.804861
380.814877
380.855819
380.897846
380.921018
381.005359
381.405979
381.413296
381.424886
381.500683
381.605472
381.677160
381.732090
381.882773
382.053521
382.126046
382.131283
382.155806
382.312483
382.315863
382.351231
382.351850
382.408042
382.533698
382.588844
382.683606
382.781354
382.787792
382.843834
382.865009
382.868718
382.895566
382.931435
383.059990
383.136072
383.139842
383.163561
383.291926
383.361899
383.363005
383.500914
383.547823
383.698369
383.723596
383.803477
383.849181
383.853581
383.884771
383.941539
384.028908
384.104929
384.148653
384.203570
384.281151
384.330211
384.439347
384.491290
384.502917
384.535944
384.585434
384.628179
384.660291
384.703634
384.716103
384.758788
384.786071
384.801146
384.806115
384.840977
384.912281
384.914379
385.019302
385.073318
385.172789
385.212858
385.252912
385.298805
385.323819
385.392255
385.422451
385.467900
385.556923
385.580317
385.637800
385.669487
385.748117
385.768076
385.840251
385.844022
385.964426
386.031500
386.106098
386.114479
386.169716
386.189747
386.260351
386.260396
386.267174
386.513454
386.578145
386.599538
386.609137
386.627849
386.648546
386.716449
386.858549
386.884597
386.925329
386.963955
386.989755
387.059745
387.203823
387.261475
387.348145
387.355958
387.360948
387.482728
387.509903
387.526425
387.558943
387.581554
387.682977
387.690370
387.837951
387.852882
388.099673
388.175667
388.264087
388.275137
388.289029
388.378255
388.394117
388.398104
388.431762
388.444774
388.564535
388.565487
388.569591
388.569897
388.572652
388.577167
388.642549
388.735031
388.784004
388.837950
388.928112
388.959318
388.970528
389.062001
389.178918
389.194495
389.276080
389.377989
389.406268
389.415846
389.424364
389.455191
389.504449
389.603492
389.685860
389.803462
389.825256
389.828054
389.843843
389.953107
389.972875
389.994563
390.000170
390.004409
390.027751
390.036635
390.049169
390.100043
390.242697
390.436487
390.504903
390.658591
390.717715
390.783808
390.813576
390.868941
390.931398
391.027793
391.042079
391.066670
391.074417
391.122875
391.152428
391.157812
391.160303
391.227761
391.342774
391.386457
391.420503
391.449247
391.469702
391.491786
391.598321
391.763309
391.823323
391.877098
391.958940
391.997941
392.229689
392.276316
392.315267
392.315919
392.451954
392.472153
392.514446
392.597189
392.925196
392.956395
392.969620
392.971086
393.009350
393.110317
393.111073
393.194374
393.197386
393.203002
393.296687
393.364814
393.372783
393.439811
393.546041
393.663119
393.683433
393.705183
393.815665
393.835490
393.857022
393.954635
394.062353
394.097688
394.375389
394.380555
394.412257
394.433986
394.492867
394.509979
394.678070
394.692491
394.694124
394.705820
394.730410
394.831547
394.930292
394.948708
394.953135
394.964839
394.985044
395.037832
395.053615
395.065198
395.088116
395.089440
395.107528
395.253294
395.265299
395.273211
395.387820
395.418513
395.433853
395.449138
395.468125
395.526371
395.584484
395.731569
395.766173
395.781676
395.809594
395.827273
395.889112
396.052431
396.076707
396.095017
396.174244
396.244581
396.260512
396.272654
396.319365
396.388431
396.463469
396.683877
396.687983
396.712992
396.716403
396.777492
396.837527
396.847659
396.899778
396.986203
396.989316
397.042074
397.075836
397.116914
397.120957
397.164681
397.361156
397.417508
397.597058
397.599655
397.619896
397.706846
397.762641
397.826684
397.845289
397.950735
398.005724
398.126253
398.149821
398.160061
398.199300
398.265762
398.323335
398.527574
398.537789
398.579310
398.684755
398.694910
398.709020
398.761728
398.768309
398.805997
398.831234
398.877842
398.908053
399.055617
399.125401
399.233012
399.243623
399.314704
399.334817
399.411453
399.526014
399.584368
399.620324
399.641411
399.711692
399.774135
399.831309
399.870266
399.880293
400.007492
400.012143
400.039849
400.125729
400.201284
400.202711
400.205524
400.249324
400.290480
400.303375
400.311858
400.319608
400.372416
400.390360
400.455140
400.496839
400.555627
400.560573
400.591319
400.615947
400.654376
400.657048
400.664586
400.722351
400.767098
400.999496
401.017684
401.086051
401.125563
401.236771
401.242268
401.279904
401.284050
401.370587
401.514925
401.552834
401.599834
401.848855
401.901487
401.958801
402.006594
402.029667
402.099100
402.182560
402.213537
402.265647
402.297730
402.310535
402.366087
402.389827
402.408270
402.464339
402.467565
402.469135
402.517406
402.588967
402.610023
402.670855
402.722998
402.769049
402.782384
402.782969
402.787211
402.870460
402.935256
402.956452
402.976840
402.978211
402.988864
402.991652
403.245393
403.315436
403.365913
403.486090
403.518262
403.540410
403.634556
403.642368
403.727718
403.767426
403.840401
403.959043
403.963670
403.996192
404.066834
404.134962
404.140269
404.249823
404.254913
404.302414
404.346105
404.438010
404.466799
404.480614
404.490729
404.496656
404.523064
404.569362
404.620589
404.664209
404.707053
404.777766
404.863533
404.998001
405.223923
405.236353
405.342030
405.404417
405.465204
405.471596
405.473481
405.498517
405.535434
405.585281
405.600865
405.910908
405.969949
405.971532
405.989698
406.081004
406.138918
406.175847
406.220950
406.238848
406.289801
406.295265
406.438189
406.480562
406.544027
406.636449
406.669721
406.744943
406.748248
406.788928
406.889059
406.989746
407.007449
407.072524
407.096400
407.190986
407.210207
407.424295
407.463909
407.553056
407.655205
407.661812
407.692512
407.749254
407.825632
407.956144
407.962834
408.010422
408.012630
408.112463
408.212506
408.331916
408.335293
408.345877
408.429055
408.459364
408.465048
408.466892
408.474626
408.478402
408.574289
408.590532
408.653714
408.699505
408.715724
408.767836
408.792891
408.978718
409.011450
409.115683
409.188072
409.307900
409.328611
409.471183
409.538133
409.553109
409.609016
409.699037
409.805329
409.812533
409.874065
409.935073
410.023731
410.030799
410.057135
410.091401
410.107598
410.114676
410.120640
410.137519
410.183999
410.206826
410.252035
410.378293
410.445499
410.472638
410.568346
410.641705
410.757034
410.766950
410.903315
411.011910
411.251354
411.352614
411.389430
411.431747
411.432491
411.475730
411.483830
411.546172
411.553517
411.728503
411.779784
411.810966
411.811034
411.854613
411.885575
411.885688
412.020378
412.071093
412.141739
412.163266
412.167056
412.207939
412.410120
412.425439
412.459081
412.481354
412.511899
412.538445
412.709771
412.727057
412.750649
412.777343
412.825812
412.879393
412.928096
412.965872
413.011389
413.078683
413.094482
413.097254
413.122174
413.173315
413.174356
413.230747
413.231237
413.237536
413.240135
413.305186
413.321343
413.378302
413.416604
413.441932
413.443704
413.446917
413.454396
413.541394
413.626934
413.841906
413.870093
413.947573
413.953247
414.062433
414.140219
414.210704
414.348477
414.368365
414.502665
414.517600
414.579106
414.601879
414.618894
414.675327
414.758529
414.762399
414.789286
414.790858
414.877417
414.897797
414.913298
414.918729
414.948183
414.955584
414.981984
415.071387
415.145927
415.244819
415.259034
415.272031
415.375152
415.438421
415.515032
415.567371
415.584138
415.615263
415.681367
415.691239
415.733824
415.738162
415.788029
415.851526
415.920444
415.928718
415.934381
415.937321
415.955591
415.965606
416.065373
416.128376
416.210932
416.294424
416.458773
416.494084
416.561247
416.591028
416.605574
416.608965
416.620130
416.745020
416.797420
416.861183
416.864729
416.896393
416.945199
416.954588
416.990224
417.113139
417.130725
417.166786
417.190413
417.222435
417.300222
417.357081
417.386657
417.431690
417.453200
417.474869
417.497440
417.536080
417.631516
417.633056
417.702085
417.824763
417.875408
417.895014
417.979323
417.998439
418.021449
418.055536
418.095507
418.126797
418.236296
418.253541
418.324018
418.400860
418.401550
418.543133
418.643913
418.779505
418.803794
418.851937
418.884036
419.025282
419.138205
419.174194
419.199942
419.418897
419.490429
419.526678
419.531150
419.578027
419.611607
419.661052
419.695351
419.789630
419.819508
419.946189
420.003828
420.102984
420.154808
420.301792
420.355295
420.376547
420.377819
420.410325
420.521217
420.579176
420.653413
420.759256
420.805413
420.864050
421.002671
421.023966
421.075193
421.153444
421.347801
421.446259
421.473379
421.520704
421.583634
421.658766
421.764495
421.796433
421.892614
421.943652
421.979172
421.996999
422.144858
422.174038
422.175037
422.217525
422.217918
422.307834
422.319624
422.367958
422.400516
422.410674
422.416131
422.418647
422.469904
422.573762
422.616115
422.634481
422.659249
422.667273
422.683545
422.726021
422.797211
422.834166
422.914364
422.915485
422.942584
423.037735
423.186926
423.205891
423.223956
423.298767
423.310266
423.406750
423.453619
423.454366
423.473218
423.506398
423.514236
423.577024
423.656806
423.692362
423.704285
423.721477
424.032398
424.066663
424.070364
424.164154
424.174013
424.238458
424.324833
424.402995
424.493841
424.561202
424.652386
424.675858
424.683552
424.717467
424.778029
424.784890
424.790655
424.807940
424.889687
424.920194
424.923348
424.944863
425.004084
425.024877
425.060938
425.100033
425.105837
425.125922
425.138228
425.139530
425.177715
425.224312
425.428413
425.435377
425.487074
425.488328
425.539068
425.550573
425.584709
425.942487
425.954994
425.980813
426.011904
426.103578
426.104955
426.168073
426.216892
426.258489
426.298308
426.415871
426.442132
426.469731
426.520121
426.525607
426.546610
426.598745
426.747116
426.785980
426.791572
426.799277
426.918749
426.930007
426.968589
426.968922
426.998520
427.070310
427.093357
427.112947
427.166540
427.183266
427.220628
427.281254
427.324810
427.575192
427.583265
427.670175
427.735990
427.791624
427.816328
427.957528
427.961697
428.234614
428.261460
428.361547
428.376270
428.397565
428.465473
428.585457
428.640715
428.708208
428.838936
428.845000
428.975383
429.040729
429.085529
429.241398
429.307034
429.316347
429.363008
429.412021
429.563622
429.581077
429.673308
429.743258
429.750980
429.808693
429.866908
429.879890
429.907494
430.024025
430.027309
430.100632
430.143677
430.285513
430.288002
430.318790
430.389565
430.442294
430.532927
430.534099
430.599978
430.658447
430.698125
431.165911
431.172142
431.276674
431.303967
431.312419
431.345511
431.371587
431.488231
431.494914
431.595657
431.674311
431.742449
431.771594
431.920354
431.956350
431.978572
432.021163
432.023870
432.052045
432.109542
432.229225
432.236008
432.260519
432.578529
432.662587
432.754796
433.116382
433.144290
433.173135
433.185996
433.265616
433.328272
433.451211
433.452510
433.482686
433.645087
433.678774
433.743216
433.798758
433.812165
433.924653
433.962360
433.977482
433.983568
433.996015
434.119217
434.138723
434.236061
434.259631
434.386276
434.454304
434.461166
434.550625
434.677420
434.771870
434.790539
434.930125
434.930944
434.945289
435.207909
435.336440
435.459239
435.479148
435.634202
435.658102
435.736331
435.782919
435.789475
435.810756
435.968630
436.024533
436.096622
436.135298
436.162790
436.187859
436.225034
436.232692
436.340503
436.517146
436.596910
436.601646
436.619495
436.643583
436.651920
436.830157
436.861703
436.944549
437.079966
437.099732
437.119439
437.120296
437.339924
437.355925
437.479188
437.484187
437.573996
437.648829
437.798178
437.807517
437.818413
437.834452
437.837123
437.904991
437.920494
438.022448
438.106269
438.133519
438.184537
438.238824
438.256633
438.277202
438.305435
438.318643
438.346539
438.352603
438.371188
438.486800
438.602083
438.637182
438.682826
438.710844
438.758695
438.814595
438.854875
438.909840
439.039919
439.053522
439.058738
439.193910
439.206287
439.431231
439.443297
439.510587
439.528934
439.539699
439.579166
439.686489
439.759388
439.784336
439.789383
439.849203
439.896592
439.978696
440.199680
440.310440
440.448537
440.500449
440.522379
440.583785
440.584612
440.775075
440.793471
440.822029
440.872086
441.133923
441.140604
441.219816
441.275103
441.299590
441.319608
441.361598
441.547435
441.620944
441.667839
441.881182
441.954152
441.968647
441.994933
442.128199
442.241185
442.475301
442.523372
442.524915
442.691839
442.761829
442.768574
442.772342
442.811033
442.814964
442.843181
442.903557
442.968079
442.973133
443.091120
443.126796
443.129478
443.155494
443.172445
443.177137
443.242548
443.249310
443.274981
443.291919
443.312123
443.396742
443.448846
443.572983
443.589549
443.631336
443.752462
443.759035
443.764452
443.770662
443.851573
443.861301
444.230881
444.261698
444.284389
444.296895
444.349865
444.398725
444.480757
444.490154
444.557078
444.583401
444.712815
444.727127
444.749982
444.833343
444.843140
444.910220
444.941133
445.044738
445.073850
445.074517
445.078979
445.093176
445.172521
445.324081
445.451462
445.469444
445.608576
445.629110
445.658028
445.661490
445.680232
445.682869
445.693131
445.706950
445.721850
445.723614
445.818622
445.830819
445.896968
445.911563
445.941099
446.071876
446.081593
446.110273
446.225157
446.249258
446.267579
446.357836
446.386603
446.425649
446.471753
446.594453
446.640745
446.676608
446.697705
446.725450
446.824936
446.828836
446.866761
446.871096
446.922282
446.931932
447.078192
447.093692
447.099606
447.129877
447.129923
447.217387
447.259117
447.267522
447.394679
447.453750
447.482224
447.601957
447.725415
447.862133
447.868702
447.922226
447.924893
447.954040
447.957724
447.964128
447.974148
448.008963
448.067529
448.077140
448.104434
448.114443
448.116408
448.126554
448.129904
448.131442
448.375537
448.601823
448.656333
448.705993
448.719861
448.720047
448.767359
448.771294
448.838384
448.905144
448.924717
448.963200
449.023478
449.127831
449.289982
449.300904
449.356749
449.470721
449.473458
449.479490
449.526801
449.597766
449.621496
449.642544
449.672281
449.812963
449.825266
449.872207
449.898222
449.916276
449.925870
450.076303
450.095851
450.135595
450.157519
450.191336
450.321785
450.339971
450.351560
450.479490
450.497007
450.502010
450.534162
450.572592
450.612836
450.687032
450.706058
450.717004
450.725349
450.839793
450.892369
450.914377
450.949946
451.131838
451.144537
451.199609
451.204405
451.261242
451.267983
451.284105
451.312787
451.316789
451.450020
451.481336
451.496649
451.503582
451.586721
451.661801
451.667079
451.684785
451.758797
451.774324
451.793088
451.904194
451.908294
452.057199
452.061294
452.069445
452.120079
452.141843
452.151762
452.157000
452.261759
452.294095
452.391163
452.395028
452.534177
452.549270
452.549615
452.610757
452.668926
452.671745
452.712692
452.735650
452.943199
452.964479
453.102001
453.133760
453.215964
453.251574
453.298363
453.366460
453.443259
453.596018
453.610935
453.674786
453.719123
453.818906
453.907382
453.932657
454.143486
454.192453
454.207946
454.226538
454.272579
454.319294
454.335813
454.344458
454.351060
454.365992
454.415865
454.490977
454.592019
454.638115
454.695658
454.741587
454.814824
454.816840
454.888472
454.909091
454.922537
455.004741
455.073060
455.149217
455.191508
455.288611
455.340813
455.570864
455.635201
455.660736
455.681546
455.793896
455.840476
455.863417
455.881218
455.997723
456.057778
456.105906
456.135123
456.262115
456.376658
456.415427
456.470940
456.491960
456.545717
456.590774
456.597353
456.615439
456.642448
456.832218
456.834115
456.902621
457.105842
457.130938
457.135800
457.174545
457.204106
457.215475
457.223352
457.246007
457.273503
457.295101
457.360758
457.395517
457.403311
457.578442
457.604383
457.651610
457.651772
457.680591
457.690312
457.713902
457.746985
457.768552
457.804014
457.864772
457.918528
458.075680
458.097236
458.124552
458.207447
458.232949
458.347806
458.376022
458.454150
458.501591
458.677312
458.702535
458.867005
458.914744
458.974258
458.991571
459.044413
459.089367
459.189108
459.424753
459.448470
459.518749
459.635460
459.669845
459.673123
459.712605
459.725942
459.779650
459.789514
459.876796
459.968752
459.983716
459.987027
459.999135
460.169727
460.299193
460.349267
460.369343
460.401448
460.423991
460.457814
460.465174
460.478117
460.602795
460.614724
460.619257
460.781449
460.900492
460.993802
461.112157
461.136503
461.303979
461.304409
461.474077
461.511103
461.568448
461.668444
461.690481
461.747170
461.919961
461.959242
462.000813
462.043448
462.093534
462.103418
462.111045
462.137950
462.158629
462.361845
462.409603
462.464795
462.486059
462.643949
462.726257
462.743181
462.868207
462.924953
463.028019
463.067133
463.080009
463.090624
463.159808
463.205699
463.283904
463.461615
463.534256
463.535896
463.544903
463.558182
463.605801
463.639425
463.669885
463.738343
463.742538
463.743066
463.790580
463.852715
463.958036
463.967421
463.981714
463.993564
464.008603
464.028197
464.136507
464.219825
464.257365
464.336211
464.347337
464.381181
464.413409
464.447015
464.461167
464.461830
464.504373
464.543215
464.558286
464.565529
464.657858
464.669775
464.679585
464.826668
464.858512
465.003290
465.075496
465.109399
465.225830
465.310788
465.348393
465.372418
465.440181
465.472790
465.496136
465.607967
465.637245
465.680633
465.695981
465.777597
465.891966
465.975607
466.024117
466.061129
466.337268
466.436467
466.598024
466.602156
466.606994
466.628794
466.672593
466.717810
466.750477
466.766548
466.909688
466.985395
466.993738
467.029970
467.072653
467.074704
467.098234
467.128704
467.149129
467.203446
467.343912
467.350390
467.394543
467.395903
467.445710
467.506323
467.526169
467.544450
467.570473
467.673032
467.712376
467.715510
467.843373
467.856838
467.968179
467.994806
468.021139
468.071091
468.097983
468.102940
468.211011
468.217079
468.243550
468.317164
468.342519
468.373439
468.555470
468.567482
468.828553
468.926509
468.956773
469.075406
469.138712
469.209107
469.269864
469.279605
469.305806
469.442257
469.453282
469.513902
469.518437
469.609117
469.649123
469.724107
469.765836
469.811208
469.896200
469.910278
469.913198
469.946954
470.053915
470.058664
470.066826
470.107483
470.188143
470.242675
470.252877
470.267296
470.306030
470.320657
470.394550
470.468942
470.472409
470.564699
470.580953
470.656452
470.665435
470.718839
470.735767
470.752874
470.785648
470.800261
470.835753
470.869906
471.012264
471.030022
471.246793
471.334247
471.367201
471.489576
471.497132
471.571773
471.664303
471.666115
471.706535
471.707737
471.710086
471.734382
471.765653
471.796868
471.908557
471.914184
471.932066
472.008251
472.040203
472.266080
472.282093
472.299225
472.329834
472.433667
472.508463
472.561237
472.581940
472.608131
472.625420
472.646735
472.656197
472.862375
472.925962
472.941641
472.989269
473.004666
473.066908
473.114756
473.220423
473.221824
473.301459
473.302821
473.396010
473.418220
473.460487
473.566096
473.566957
473.570932
473.609000
473.698551
473.725413
473.771142
473.774400
473.836879
473.869379
473.879102
473.885526
473.904969
473.934903
473.937168
473.957568
473.959944
474.013703
474.283346
474.401522
474.419848
474.558938
474.617071
474.810912
474.869479
474.876262
474.890239
474.901529
474.932711
474.934626
475.008640
475.125771
475.154451
475.208910
475.219186
475.241118
475.250307
475.312978
475.374793
475.403337
475.552144
475.554703
475.595579
475.606159
475.660829
475.818548
475.836827
475.854597
475.897492
475.981954
475.995010
476.196788
476.292135
476.297089
476.297523
476.299278
476.320459
476.460887
476.494235
476.528886
476.554172
476.568307
476.635965
476.667908
476.788014
476.910154
476.915051
476.940828
476.969151
477.008566
477.011205
477.033473
477.067628
477.086860
477.114391
477.121820
477.132801
477.146269
477.147977
477.201987
477.250391
477.275269
477.312618
477.369120
477.414989
477.524083
477.542973
477.784595
477.833152
477.843857
477.938944
477.973228
478.022966
478.103677
478.137277
478.162216
478.165637
478.170380
478.236568
478.326431
478.414593
478.415542
478.453917
478.699261
478.902349
478.982586
478.998814
479.085382
479.094091
479.109635
479.119238
479.142450
479.178730
479.339833
479.386410
479.395833
479.501674
479.547002
479.601866
479.715131
479.791193
479.878346
479.954571
480.119169
480.140189
480.164344
480.228021
480.329320
480.355253
480.370331
480.414988
480.467567
480.488345
480.497838
480.508172
480.550779
480.596776
480.680686
480.695148
480.705773
480.707802
480.784708
480.872401
480.887409
480.923177
481.038336
481.050860
481.079592
481.229503
481.284084
481.329298
481.337050
481.381613
481.387883
481.467445
481.567452
481.573446
481.670376
481.720359
481.781315
481.841348
481.891410
481.959196
481.986398
482.073359
482.085011
482.130711
482.177436
482.196998
482.320671
482.356745
482.470264
482.636454
482.734280
482.784558
482.784720
482.807193
482.833461
482.878036
483.039913
483.047939
483.080109
483.103295
483.105932
483.220103
483.223134
483.342197
483.380312
483.418113
483.443534
483.459631
483.512367
483.545679
483.554673
483.568232
483.589966
483.608821
483.645033
483.671903
483.756593
483.794403
483.864825
484.084654
484.185734
484.349555
484.388146
484.425785
484.435922
484.584646
484.592610
484.595203
484.596568
484.637805
484.832760
484.897881
484.901825
484.929657
484.934174
484.992929
485.082305
485.149091
485.255877
485.285430
485.309469
485.485294
485.531066
485.633966
485.706491
485.723469
485.739897
485.757040
485.796605
485.830532
485.847927
485.856456
485.959077
485.960152
486.068263
486.162602
486.255715
486.336528
486.397021
486.402878
486.465368
486.495095
486.638258
486.692811
486.697261
486.784504
486.790915
486.881780
486.978224
486.993351
487.001899
487.026426
487.064087
487.131877
487.136711
487.171968
487.172337
487.257149
487.288671
487.361648
487.363588
487.405731
487.496387
487.522496
487.602116
487.690834
487.729722
487.800585
487.819893
487.919595
487.925562
487.943646
488.031208
488.038146
488.081756
488.106120
488.178567
488.231100
488.409973
488.410124
488.418274
488.423852
488.433600
488.441913
488.576615
488.628972
488.633282
488.707312
488.717850
488.721367
488.738443
488.772108
488.915020
488.948954
488.963365
488.997615
489.052027
489.114312
489.129232
489.143067
489.156112
489.162735
489.262390
489.265082
489.281015
489.314354
489.379154
489.471141
489.475995
489.566212
489.580667
489.689717
489.697446
490.058551
490.120538
490.128688
490.130771
490.196836
490.215676
490.267272
490.470662
490.508045
490.540758
490.563048
490.571822
490.802463
490.864798
490.891606
490.906531
490.990779
491.037588
491.060283
491.101865
491.101903
491.342151
491.347429
491.518588
491.524398
491.542896
491.554173
491.718699
491.733065
491.817501
491.836365
491.963698
491.988508
492.005056
492.069576
492.168161
492.334774
492.364263
492.533873
492.629426
492.705031
492.739318
492.852272
492.912454
493.043413
493.120633
493.137848
493.143935
493.208743
493.214716
493.271731
493.344879
493.418503
493.462592
493.472235
493.517951
493.583897
493.677750
493.683595
493.757107
493.909461
493.935757
493.959869
493.962082
493.972649
494.024171
494.035706
494.083147
494.106069
494.126082
494.193800
494.199003
494.219144
494.236780
494.236840
494.293156
494.417492
494.440977
494.495593
494.618728
494.732821
494.776935
494.910540
494.913549
494.913904
495.026344
495.055823
495.208803
495.343186
495.404888
495.520316
495.574368
495.577911
495.621817
495.624166
495.641752
495.648697
495.738165
495.752510
495.796349
495.805491
495.825550
495.847315
495.886731
495.900692
496.000595
496.076667
496.081880
496.130126
496.144277
496.186259
496.195130
496.230392
496.253131
496.268724
496.438853
496.490775
496.535877
496.539830
496.574966
496.646861
496.704359
496.910326
496.920125
496.928664
496.931234
497.061589
497.110765
497.120011
497.183611
497.212905
497.253709
497.257617
497.342192
497.405772
497.413336
497.413777
497.426570
497.432329
497.483798
497.539841
497.618395
497.722572
497.766226
497.802346
497.803874
497.912082
497.942430
497.951028
498.019760
498.057965
498.064821
498.067626
498.090581
498.136816
498.180810
498.435930
498.556136
498.631123
498.671522
498.674505
498.719671
498.776492
498.791237
498.808927
498.847423
498.870232
498.893965
499.004960
499.021353
499.022694
499.333030
499.359144
499.406713
499.581309
499.691547
499.706753
499.722449
499.735976
499.825913
499.869251
499.882937
499.936759
500.005803
500.038080
500.071400
500.272936
500.306772
500.376206
500.406812
500.460439
500.493342
500.565088
500.575709
500.651593
500.715887
500.741950
500.790493
500.876147
501.027885
501.059942
501.108920
501.182572
501.315636
501.351104
501.390860
501.415507
501.439149
501.451359
501.478495
501.574437
501.624057
501.685994
501.803539
501.807439
501.844020
501.867180
501.928602
501.934675
501.997701
502.024144
502.100176
502.158474
502.160249
502.166759
502.190867
502.193810
502.216091
502.263260
502.306994
502.357264
502.403489
502.433235
502.467972
502.470138
502.487533
502.506659
502.547169
502.574322
502.627023
502.628679
502.660321
502.740150
502.799418
502.861971
502.914714
503.017820
503.056576
503.108355
503.168323
503.250871
503.287999
503.292669
503.345902
503.355156
503.360130
503.416618
503.462641
503.464784
503.747518
503.773568
503.824998
503.857368
503.857537
503.865299
503.931691
503.999973
504.043032
504.117341
504.150774
504.151286
504.151823
504.157848
504.248445
504.288648
504.440385
504.455190
504.521814
504.613379
504.620488
504.648184
504.664304
504.688344
504.702236
504.705224
504.753305
504.806466
504.865054
504.948204
504.962582
504.965905
505.063216
505.095163
505.291621
505.297960
505.302262
505.328853
505.465347
505.503522
505.575114
505.638246
505.725072
505.761338
505.779040
505.787239
505.790484
505.795728
505.879838
505.922768
505.934410
505.961585
505.964146
505.976761
506.094190
506.154715
506.189530
506.216356
506.233953
506.247195
506.247684
506.279687
506.279706
506.301543
506.361802
506.404612
506.477229
506.494293
506.525646
506.580549
506.610327
506.669184
506.758392
506.760173
506.837425
506.847916
506.852125
506.863120
506.893659
506.949773
507.018155
507.035737
507.040479
507.106714
507.150037
507.150293
507.156072
507.252723
507.284140
507.384279
507.400259
507.538089
507.550501
507.561268
507.570948
507.638769
507.732002
507.743031
507.781473
507.944035
507.991011
508.018289
508.029137
508.087971
508.145205
508.170314
508.185618
508.228097
508.243299
508.384169
508.409652
508.412256
508.469897
508.489454
508.514105
508.514184
508.553697
508.576520
508.642835
508.683840
508.707099
509.128759
509.162432
509.241203
509.256608
509.280901
509.300059
509.374344
509.415842
509.444889
509.513608
509.525199
509.535238
509.584580
509.689621
509.711350
509.716707
509.727509
509.780688
509.814043
509.863628
509.876530
509.905215
510.029899
510.095762
510.159171
510.183401
510.474456
510.485041
510.573947
510.700504
510.715238
510.722946
510.751253
510.760347
510.805358
510.847799
510.869276
511.147453
511.160590
511.175631
511.209259
511.305502
511.307671
511.322899
511.388928
511.408026
511.419701
511.464496
511.485013
511.491048
511.618747
511.643829
511.717963
511.720807
511.728487
511.731588
511.736874
511.744810
511.782711
511.817043
511.824635
511.941172
511.956508
512.072281
512.115117
512.122109
512.295940
512.480377
512.505635
512.555061
512.615764
512.647101
512.677503
512.747092
512.795001
512.815953
512.834962
512.976940
513.055572
513.066828
513.070202
513.114925
513.143080
513.182652
513.265290
513.286106
513.305007
513.357882
513.381297
513.499171
513.558193
513.663894
513.708152
513.724607
513.780510
514.018213
514.075628
514.109990
514.145315
514.178201
514.193811
514.289509
514.421353
514.427480
514.503888
514.585354
514.589167
514.702221
514.715132
514.722070
514.827164
514.860073
514.878822
514.928522
514.979481
515.052154
515.057944
515.072151
515.217842
515.286447
515.307121
515.387661
515.406494
515.439634
515.453177
515.535624
515.579628
515.723735
515.996629
516.151870
516.155032
516.181202
516.233597
516.276556
516.280681
516.293213
516.319248
516.331608
516.332332
516.426365
516.517011
516.620617
516.699351
516.731686
516.755481
516.821782
516.909743
516.939928
516.954568
517.000878
517.020338
517.132682
517.293436
517.353921
517.366961
517.415788
517.489704
517.507044
517.546258
517.610237
517.616971
517.617105
517.644003
517.671997
517.757015
517.771237
517.819918
517.867871
517.905402
517.972306
517.985518
518.016666
518.264399
518.361294
518.391354
518.424021
518.447851
518.460063
518.546377
518.550363
518.634162
518.634434
518.750881
518.846468
518.854987
518.921601
518.956305
519.015232
519.051773
519.090502
519.104011
519.170494
519.373745
519.441744
519.446345
519.476687
519.561413
519.575506
519.617382
519.619325
519.724055
519.854565
519.878395
519.968923
519.974800
520.031719
520.037187
520.041909
520.048519
520.065259
520.116122
520.123378
520.163281
520.274644
520.296887
520.427171
520.478523
520.555934
520.580905
520.583961
520.618836
520.631477
520.680936
520.699488
520.731558
520.737960
520.770619
520.856230
520.868222
520.879751
520.932923
520.953991
520.986814
521.054070
521.056597
521.069186
521.083354
521.127906
521.258623
521.284711
521.367915
521.414024
521.516174
521.580218
521.624011
521.646285
521.738917
521.780333
521.788662
521.897820
521.917168
522.149272
522.299270
522.303138
522.331073
522.345470
522.404771
522.456793
522.543367
522.600338
522.616739
522.644795
522.695422
522.700988
522.719167
522.758880
522.869753
522.933006
522.966239
523.037669
523.108284
523.119604
523.143105
523.143457
523.147108
523.184102
523.470685
523.591051
523.619972
523.642134
523.661536
523.702054
523.741909
523.823718
523.840686
523.840814
523.899180
523.987466
524.169833
524.322718
524.429277
524.451775
524.457014
524.457267
524.457596
524.588543
524.593316
524.606662
524.635670
524.636317
524.660820
524.719164
524.865525
524.891580
525.010645
525.093115
525.114004
525.174548
525.189099
525.200703
525.252235
525.311136
525.319609
525.358341
525.556680
525.588751
525.595084
525.665816
525.689223
525.721527
525.814571
525.861659
525.939290
525.958952
525.971938
525.975837
526.016492
526.060725
526.128066
526.194878
526.472690
526.492570
526.626991
526.707794
526.779349
527.046060
527.082181
527.115485
527.230546
527.244441
527.255670
527.316122
527.466557
527.544367
527.590917
527.729960
527.883171
527.894144
528.064453
528.118558
528.142372
528.175338
528.272919
528.299463
528.331188
528.401654
528.527713
528.609037
528.633419
528.659909
528.725706
528.786480
528.793246
528.822424
528.829340
528.839606
529.036317
529.198503
529.260542
529.331851
529.390327
529.485650
529.603708
529.709679
529.736954
529.769350
529.823235
529.882655
529.953374
529.954212
530.024557
530.218382
530.219705
530.282560
530.326971
530.415358
530.426105
530.451710
530.567361
530.629117
530.654013
530.832402
530.875956
530.907972
530.939040
530.939420
530.958724
531.091127
531.203005
531.236397
531.242813
531.248042
531.260731
531.275685
531.389634
531.446312
531.554723
531.570550
531.591993
531.602060
531.623617
531.897379
531.912153
531.930692
531.939681
532.072299
532.084109
532.441847
532.460334
532.463417
532.592101
532.600549
532.722098
532.725103
532.751597
532.793405
532.795735
532.796909
532.884958
532.899547
533.036827
533.114992
533.171949
533.231126
533.243298
533.448979
533.486267
533.592268
533.595713
533.651445
533.662581
533.716790
533.768162
533.784786
533.799954
533.859251
533.940704
533.973157
534.184780
534.226147
534.261572
534.274854
534.301508
534.353373
534.397390
534.403820
534.552152
534.587269
534.621949
534.668768
534.671464
534.817269
534.829109
534.847584
534.894784
534.930946
535.015608
535.058964
535.094207
535.111504
535.323159
535.343175
535.353018
535.390924
535.487348
535.584283
535.716838
535.749206
535.792799
535.826061
536.025748
536.282613
536.319703
536.342438
536.576627
536.588996
536.598200
536.600880
536.613022
536.665567
536.723837
536.759568
536.768483
536.769666
536.851751
536.890348
536.896591
536.900003
536.904677
536.956372
536.977825
537.027178
537.164529
537.270044
537.281425
537.376432
537.486165
537.546709
537.669804
537.698441
537.704928
537.709985
537.716040
537.788029
537.834744
537.944484
538.012315
538.042206
538.215223
538.220920
538.244309
538.296361
538.308124
538.418803
538.477970
538.576648
538.642537
538.720598
538.726522
538.734060
538.873025
538.905923
539.010639
539.028565
539.300319
539.337597
539.384763
539.385340
539.495410
539.548584
539.622997
539.664557
539.763215
539.845317
539.938109
539.965038
539.981606
540.029985
540.062501
540.082939
540.114994
540.215708
540.327353
540.349932
540.375090
540.424319
540.435596
540.435829
540.469237
540.473545
540.491291
540.598321
540.621179
540.662385
540.673118
540.760958
540.781155
540.794359
540.807334
540.812992
540.922778
540.953720
540.963269
541.064626
541.248796
541.266002
541.353997
541.378559
541.394750
541.399433
541.419770
541.511142
541.536614
541.753769
541.794488
541.858425
541.864153
541.902701
542.068775
542.090505
542.120527
542.140605
542.186789
542.219551
542.241051
542.246859
542.297484
542.342541
542.352949
542.440229
542.574577
542.721261
542.819986
542.860293
542.958816
543.012893
543.053139
543.075792
543.113188
543.126873
543.148914
543.279813
543.303781
543.367798
543.395898
543.437954
543.494110
543.568112
543.657186
543.674372
543.688432
543.694183
543.735744
543.835742
543.920669
544.206040
544.229632
544.281863
544.335397
544.337050
544.402291
544.409368
544.429719
544.461106
544.529219
544.541461
544.574774
544.580291
544.599304
544.802521
544.829082
544.948459
544.969029
545.076189
545.076839
545.125867
545.219236
545.257344
545.319317
545.374463
545.420825
545.491380
545.561776
545.579844
545.584472
545.625085
545.655081
545.660070
545.701730
545.807200
545.907630
545.913707
545.938970
545.954367
546.064789
546.080485
546.197097
546.238679
546.247403
546.328086
546.374861
546.378111
546.398820
546.417874
546.425626
546.437481
546.471577
546.509646
546.519349
546.608218
546.635902
546.651897
546.676640
546.758255
546.821085
546.856683
546.864840
546.880903
547.004353
547.010465
547.039638
547.129783
547.183277
547.270211
547.340306
547.345323
547.432466
547.437413
547.474116
547.590682
547.641322
547.725961
547.770336
547.868609
547.917422
547.952532
547.954916
548.026742
548.044200
548.124797
548.281270
548.449849
548.534720
548.625477
548.653343
548.673498
548.679052
548.736438
548.840388
548.875450
548.912799
548.975631
549.083065
549.091503
549.243868
549.271551
549.409600
549.452123
549.454537
549.565073
549.586723
549.670589
549.693187
549.855359
550.113779
550.194469
550.263144
550.308363
550.369167
550.443123
550.463102
550.543609
550.574825
550.645802
550.719640
550.775673
550.847450
550.938159
551.054678
551.180339
551.192213
551.275878
551.280819
551.298625
551.318754
551.342032
551.362311
551.394229
551.418732
551.450884
551.608831
551.751951
551.824127
551.872122
551.996635
552.074683
552.181568
552.185655
552.221429
552.243909
552.308385
552.349975
552.393138
552.425873
552.505190
552.587260
552.604805
552.642989
552.659500
552.665213
552.798758
552.833066
552.864637
552.887712
552.929444
552.943573
553.010011
553.081446
553.118675
553.129299
553.199393
553.220483
553.497404
553.536708
553.651961
553.664228
553.765687
553.769174
553.802840
553.824343
553.844514
553.859175
553.944938
553.958820
554.103298
554.204276
554.360246
554.468525
554.481622
554.489270
554.509647
554.516636
554.563440
554.576575
554.584602
554.628897
554.664544
554.683956
555.067190
555.116450
555.170536
555.224908
555.244003
555.270703
555.299227
555.338080
555.401165
555.488852
555.620208
555.646259
555.701231
555.800385
555.808125
555.921791
555.963915
555.981895
556.047728
556.112712
556.122503
556.134343
556.204525
556.253570
556.324624
556.338473
556.370365
556.380649
556.397561
556.458168
556.495141
556.531018
556.557927
556.572602
556.581824
556.626052
556.657918
556.746976
556.747260
556.818322
556.840429
556.910239
556.973602
557.021230
557.046285
557.117680
557.186590
557.245890
557.296041
557.375513
557.486835
557.597286
557.609467
557.733772
557.769734
557.852168
557.897015
557.916975
558.069849
558.091914
558.141598
558.156519
558.197902
558.205384
558.206123
558.235565
558.341619
558.343164
558.371928
558.397870
558.455803
558.545699
558.625472
558.634857
558.653803
558.670149
558.705808
558.748393
558.771504
558.786324
558.788944
558.946606
558.974069
559.072328
559.081855
559.089916
559.092785
559.169536
559.204095
559.209433
559.271819
559.295734
559.296412
559.319324
559.327562
559.347741
559.416060
559.518226
559.532683
559.535809
559.603630
559.621869
559.635948
559.755850
559.760126
559.761209
559.854996
559.902582
559.938824
559.982549
560.047327
560.257604
560.364957
560.427215
560.732190
560.749852
560.751266
560.924795
561.009513
561.050329
561.130248
561.151683
561.159542
561.347487
561.410613
561.413215
561.494300
561.516638
561.583027
561.583078
561.603052
561.651797
561.658375
561.677489
561.727025
561.754176
561.805182
561.814254
561.840685
561.845120
561.862771
561.928262
562.090760
562.162617
562.196748
562.211537
562.392465
562.461633
562.547392
562.550199
562.552972
562.580924
562.773568
562.886012
562.949251
562.962712
563.051157
563.051516
563.085135
563.187239
563.215514
563.217582
563.246419
563.301878
563.322294
563.417562
563.483230
563.559266
563.656347
563.690627
563.694918
563.726221
563.750218
563.781833
563.840173
563.901724
563.973539
563.999980
564.015038
564.020986
564.126764
564.305449
564.307255
564.363610
564.408347
564.478893
564.554231
564.567468
564.637536
564.687331
564.773106
564.851060
564.857167
565.006411
565.014505
565.208319
565.216462
565.229108
565.286113
565.377221
565.407991
565.505903
565.540653
565.545703
565.649360
565.653010
565.659755
565.728986
565.760526
565.889538
566.148927
566.156531
566.188371
566.238484
566.239836
566.244099
566.400323
566.459920
566.469896
566.514811
566.563659
566.605203
566.611869
566.614985
566.618805
566.622488
566.632632
566.679280
566.701774
566.736070
566.773732
566.800122
567.033864
567.040224
567.096457
567.129406
567.335515
567.344879
567.429793
567.442519
567.475465
567.588942
567.828572
567.868750
568.030044
568.051160
568.116298
568.139062
568.148468
568.288047
568.302716
568.354787
568.411655
568.447710
568.470757
568.485262
568.524530
568.532476
568.581417
568.744525
568.816937
568.835221
568.961379
569.043753
569.092987
569.105281
569.107559
569.185932
569.212845
569.261548
569.322481
569.327867
569.444450
569.484456
569.573099
569.573636
569.606089
569.705061
569.879315
569.951593
570.008681
570.096899
570.102594
570.136801
570.163475
570.181552
570.193063
570.210267
570.237677
570.292258
570.449947
570.509372
570.646858
570.696425
570.741079
570.818474
570.840781
570.944253
570.947509
570.999918
571.084198
571.164769
571.185647
571.205926
571.229795
571.298501
571.309391
571.329061
571.347943
571.347976
571.365114
571.373978
571.374473
571.387427
571.391228
571.586125
571.640481
571.691683
571.720425
571.836613
571.889159
571.912110
571.950829
571.953640
572.016712
572.069367
572.159115
572.256839
572.426432
572.491038
572.495599
572.500236
572.562590
572.596020
572.701513
572.707153
572.757780
572.768203
572.794801
572.813011
572.845196
572.986684
573.041143
573.048397
573.091745
573.179550
573.201368
573.319643
573.340634
573.351332
573.382958
573.434535
573.496462
573.544699
573.572932
573.639972
573.720713
573.724881
573.799061
573.834115
573.838025
573.846602
573.875003
573.887889
573.893384
573.896951
573.922299
574.020025
574.032744
574.084733
574.119153
574.186174
574.225891
574.248486
574.302804
574.303650
574.409528
574.455315
574.507358
574.510808
574.518119
574.692452
574.698938
574.768059
574.769007
574.776391
574.792126
574.833708
574.845295
574.872349
574.944640
574.946747
574.946953
575.050098
575.059926
575.108785
575.167107
575.216359
575.254744
575.262919
575.282289
575.369509
575.372493
575.507750
575.545470
575.591011
575.675526
575.718501
575.728921
575.733985
575.739393
575.749658
575.769274
575.789861
575.807662
575.814614
575.840713
575.910545
576.125975
576.214369
576.254231
576.436303
576.664084
576.679867
576.681105
576.684262
576.699409
576.747304
576.760803
576.839710
576.922032
576.928521
576.931696
577.019539
577.123532
577.186334
577.651306
577.682613
577.745598
577.827835
577.835228
577.878065
577.975555
577.981690
578.004184
578.161418
578.166783
578.264370
578.275250
578.304559
578.420229
578.538589
578.563624
578.569252
578.594889
578.595482
578.609203
578.654675
578.777357
578.780063
578.796598
578.800127
578.814288
578.983789
579.012762
579.172039
579.308331
579.473950
579.512711
579.528264
579.608820
579.616765
579.712558
579.750359
579.781960
579.786852
579.815031
579.890902
579.895467
579.930471
580.045182
580.095136
580.142103
580.169073
580.185230
580.208762
580.224311
580.288924
580.337840
580.395306
580.426093
580.499626
580.577635
580.593064
580.605752
580.635763
580.673865
580.741860
580.753804
580.789622
580.825499
580.902241
580.955059
581.075749
581.101834
581.214311
581.215926
581.230174
581.299294
581.348612
581.377973
581.553335
581.799760
581.805701
581.829066
581.974887
582.007676
582.135317
582.321056
582.398813
582.432361
582.525589
582.574514
582.725704
582.849566
582.949761
583.005750
583.018011
583.047559
583.070988
583.132403
583.132819
583.136573
583.144922
583.228015
583.233873
583.314544
583.396810
583.405371
583.524656
583.556902
583.616785
583.645135
583.697719
583.710340
583.802771
583.865633
583.961955
583.979647
583.988727
584.018146
584.076924
584.091365
584.156019
584.195930
584.240010
584.290172
584.362796
584.435430
584.463326
584.653572
584.684101
584.743756
584.797287
584.871942
584.984881
585.021649
585.031013
585.131138
585.154895
585.267405
585.270685
585.295519
585.346181
585.352069
585.413508
585.502569
585.503362
585.558757
585.572703
585.721402
585.723430
585.745632
585.794840
585.838811
585.843574
585.847940
585.848448
585.852890
585.867975
585.918776
585.936439
585.939354
586.015803
586.024509
586.046311
586.076690
586.187196
586.209552
586.248463
586.301656
586.348341
586.356020
586.425018
586.445083
586.527392
586.577115
586.613370
586.626123
586.665617
586.934522
587.161262
587.206283
587.240744
587.256273
587.284513
587.306808
587.322809
587.403814
587.579551
587.669034
587.731212
587.758168
587.796451
587.815010
587.818974
587.997622
588.122471
588.136908
588.160034
588.259718
588.355739
588.397723
588.440709
588.472729
588.566469
588.861464
588.905994
588.950426
589.053714
589.083860
589.086994
589.148342
589.175452
589.200216
589.267887
589.376199
589.390698
589.402776
589.415765
589.463824
589.481300
589.604073
589.879535
589.948831
590.093303
590.119195
590.203167
590.227873
590.237415
590.314801
590.318272
590.322097
590.351151
590.368927
590.414316
590.564144
590.564570
590.644665
590.656113
590.717110
590.778018
590.839517
590.853033
590.885434
590.928632
590.948620
591.038278
591.039966
591.064932
591.106407
591.288510
591.299667
591.428989
591.453290
591.494623
591.611085
591.620237
591.633813
591.634910
591.730995
591.739722
591.897495
591.977515
591.993324
592.023208
592.068650
592.212511
592.264055
592.412851
592.456425
592.652965
592.708257
592.813517
592.849945
592.939440
592.953261
593.027061
593.097489
593.097873
593.167065
593.214529
593.304625
593.327596
593.348424
593.375622
593.455613
593.482270
593.712279
593.735875
593.777251
593.820302
593.822859
594.252682
594.329156
594.338436
594.429553
594.447753
594.451620
594.525695
594.542984
594.581450
594.592352
594.738812
594.749903
594.763379
594.785962
594.842065
594.863693
594.949757
594.972715
595.015785
595.016184
595.110007
595.128826
595.136341
595.390329
595.411329
595.520500
595.647431
595.672753
595.719057
595.720265
595.741096
595.815864
595.874385
595.965202
596.028429
596.060381
596.086072
596.127277
596.150630
596.155345
596.285625
596.402204
596.424398
596.431416
596.451176
596.458301
596.530286
596.594102
596.595572
596.633202
596.737220
596.737979
596.791818
596.837424
596.871679
596.890633
596.931715
596.983568
596.997769
597.230147
597.260143
597.290763
597.367321
597.434980
597.468995
597.484101
597.649928
597.692541
597.715334
597.735518
597.771816
597.788088
597.816469
597.823759
597.942852
597.953323
597.997716
598.008613
598.030475
598.067884
598.074583
598.092574
598.105069
598.110474
598.146110
598.172538
598.207975
598.228194
598.229327
598.355306
598.395941
598.462275
598.488895
598.528381
598.551113
598.641610
598.701198
598.789067
598.798157
598.900856
598.933149
598.949264
599.042630
599.187013
599.194123
599.203181
599.289849
599.412497
599.481385
599.500798
599.515828
599.549807
599.568697
599.657853
599.739105
599.876093
599.903742
