0.000000
0.061891
0.084811
0.117781
0.126712
0.126940
0.136315
0.140790
0.155328
0.157045
0.180090
0.191881
0.198017
0.226054
0.262327
0.272256
0.306980
0.397228
0.413574
0.424512
0.450247
0.457662
0.507037
0.514673
0.584199
0.683729
0.685614
0.692713
0.692736
0.724677
0.731277
0.790735
0.848086
0.883966
0.934012
0.937252
0.954820
1.021092
1.048017
1.049985
1.062710
1.086877
1.112653
1.177068
1.197847
1.217244
1.228061
1.294379
1.302980
1.309268
1.318822
1.322801
1.339338
1.411116
1.443513
1.497621
1.555288
1.578384
1.582626
1.610853
1.616007
1.643460
1.682053
1.842902
1.901627
1.936510
1.937749
1.947259
2.024700
2.045876
2.049664
2.082871
2.112698
2.113739
2.209792
2.211263
2.235939
2.237611
2.252752
2.326100
2.348709
2.353612
2.373354
2.437092
2.477264
2.490427
2.561007
2.571810
2.630574
2.638109
2.671887
2.684079
2.692464
2.709265
2.757056
2.794621
2.833885
2.870895
2.881741
2.885890
2.909660
2.924337
2.927737
2.933043
2.956746
2.978621
3.041013
3.083059
3.086589
3.120622
3.169647
3.194417
3.283906
3.301296
3.378873
3.416613
3.417315
3.439222
3.464161
3.487473
3.495376
3.500131
3.541999
3.567881
3.579031
3.582502
3.635860
3.638074
3.653988
3.654616
3.671471
3.678659
3.690729
3.719085
3.731343
3.802031
3.810477
3.812982
3.837885
3.853802
3.868444
3.922613
3.928011
3.973188
3.977382
4.087764
4.093909
4.131570
4.155246
4.206036
4.250666
4.252936
4.299380
4.321481
4.336287
4.398498
4.419811
4.443198
4.559915
4.599833
4.622409
4.634261
4.671155
4.735621
4.745342
4.757638
4.763353
4.766193
4.803936
4.820930
4.878862
4.933006
5.020891
5.031058
5.050437
5.059020
5.091184
5.196225
5.216084
5.235831
5.238071
5.256918
5.288644
5.313940
5.333304
5.334669
5.374344
5.394899
5.398398
5.410537
5.460816
5.517359
5.575479
5.679543
5.700659
5.713074
5.720949
5.750178
5.750672
5.756618
5.767252
5.788596
5.790499
5.808365
5.850116
5.855818
5.873399
5.891411
5.905634
5.959247
6.004022
6.004040
6.015252
6.025754
6.092515
6.124520
6.125841
6.159214
6.164142
6.323815
6.366302
6.502263
6.507527
6.522413
6.558560
6.610536
6.611626
6.621464
6.637921
6.704173
6.712917
6.716462
6.722955
6.763926
6.778696
6.875592
6.914317
6.954218
6.977877
6.999056
7.031003
7.042272
7.170555
7.185132
7.188073
7.207487
7.236352
7.319417
7.330736
7.331782
7.331950
7.334302
7.348426
7.366138
7.382768
7.384043
7.422510
7.448347
7.455308
7.517302
7.525981
7.558572
7.641693
7.644822
7.657842
7.733808
7.761778
7.777595
7.788055
7.837310
7.841387
7.841933
7.890783
7.895299
8.094954
8.177788
8.194261
8.207120
8.216384
8.235511
8.270953
8.277521
8.279387
8.311580
8.383125
8.407900
8.432693
8.457850
8.477925
8.479652
8.505642
8.538387
8.616793
8.696740
8.712321
8.721528
8.727523
8.803947
8.811868
8.871347
8.904482
8.923693
8.950741
8.954219
8.968918
9.010742
9.066744
9.170009
9.238357
9.293543
9.373642
9.397634
9.398129
9.416503
9.416739
9.423575
9.526298
9.610306
9.610585
9.649379
9.671322
9.758993
9.792313
9.812353
9.822052
9.893977
9.909449
9.931411
9.938205
9.963078
10.014432
10.067548
10.111236
10.130832
10.132595
10.164130
10.220695
10.313085
10.314863
10.327234
10.357411
10.383415
10.398868
10.452137
10.509188
10.510245
10.513089
10.537260
10.577220
10.582257
10.599616
10.621297
10.636982
10.685401
10.697893
10.755787
10.760682
10.825376
11.014419
11.015607
11.068026
11.077016
11.092618
11.095010
11.135238
11.230912
11.272510
11.280867
11.371387
11.376720
11.407040
11.460160
11.502532
11.505082
11.529751
11.531644
11.586968
11.666623
11.697753
11.741860
11.750697
11.794100
11.824688
11.827935
11.864096
11.885251
11.894040
11.911553
11.917824
11.927179
11.928075
11.936983
11.940901
11.950878
11.960617
12.069262
12.080414
12.125769
12.141417
12.142471
12.165647
12.172020
12.203691
12.224468
12.228323
12.280659
12.373855
12.375744
12.395747
12.420339
12.531492
12.565092
12.583613
12.609735
12.615153
12.714690
12.722903
12.762661
12.793045
12.853636
12.858353
12.879134
12.893447
13.002290
13.008233
13.062538
13.064071
13.135168
13.161930
13.200943
13.228367
13.230605
13.251900
13.268331
13.301866
13.309739
13.312296
13.337888
13.352033
13.381099
13.388378
13.495748
13.510700
13.563991
13.596383
13.616546
13.618079
13.633186
13.645186
13.692506
13.720429
13.758111
13.774825
13.803083
13.809464
13.826109
13.829966
13.875467
13.898805
13.937726
13.953316
13.996217
14.004794
14.005127
14.068194
14.114893
14.120734
14.131082
14.160629
14.166104
14.175831
14.203557
14.238550
14.240492
14.249387
14.300266
14.322686
14.389238
14.429924
14.473236
14.483385
14.490036
14.495537
14.526156
14.614146
14.614937
14.639240
14.644248
14.677433
14.699579
14.728032
14.786210
14.860863
14.959823
14.966191
14.994414
15.006802
15.022550
15.086944
15.149362
15.164638
15.178770
15.183151
15.197399
15.218269
15.225514
15.234007
15.308065
15.321974
15.326677
15.332124
15.377751
15.428749
15.436582
15.436883
15.453799
15.485254
15.543697
15.624576
15.625556
15.668786
15.743355
15.745986
15.782705
15.788782
15.830287
15.832275
15.853226
15.889546
15.929847
15.957207
15.978367
16.012125
16.114586
16.143188
16.202771
16.228055
16.311159
16.311578
16.344321
16.353465
16.431006
16.446214
16.489291
16.514269
16.573568
16.721935
16.759700
16.769321
16.800973
16.812543
16.827883
16.832913
16.871210
16.915549
16.974211
16.974866
16.979717
17.027756
17.060615
17.081691
17.151456
17.156793
17.208576
17.269391
17.350703
17.396256
17.413922
17.415688
17.419229
17.443926
17.585224
17.623972
17.628569
17.662050
17.667518
17.714038
17.728982
17.859646
17.873382
17.962892
17.970616
18.040137
18.045794
18.167575
18.197844
18.393411
18.487352
18.492014
18.505162
18.544660
18.544697
18.567650
18.617377
18.640379
18.702223
18.706943
18.733099
18.774539
18.786414
18.804569
18.831122
18.916072
18.956323
18.978806
18.991792
18.994457
19.067872
19.105202
19.117825
19.125165
19.126461
19.127685
19.154970
19.169520
19.314121
19.367697
19.372354
19.406379
19.421616
19.469277
19.497811
19.528823
19.530676
19.532389
19.596203
19.654460
19.699824
19.753527
19.768805
19.790724
19.802384
19.812348
19.852939
19.875165
19.912749
19.957921
20.036100
20.049029
20.099614
20.103548
20.104384
20.142512
20.145775
20.164576
20.173199
20.218293
20.238581
20.260529
20.268089
20.296282
20.329618
20.377745
20.379780
20.420374
20.445877
20.483330
20.490038
20.637795
20.686340
20.761153
20.820515
20.845915
20.859436
20.863584
20.869757
20.898375
20.931030
20.960238
20.964540
20.980361
21.050803
21.087266
21.090068
21.113519
21.138446
21.150203
21.168013
21.183622
21.209881
21.209960
21.275150
21.282794
21.347176
21.363774
21.400201
21.401833
21.475193
21.535336
21.644371
21.685986
21.686323
21.703836
21.840804
21.858985
21.916885
21.955530
21.988484
21.993666
22.029787
22.047941
22.054755
22.063365
22.068386
22.070756
22.086712
22.143380
22.259317
22.338658
22.355768
22.421949
22.423109
22.477094
22.485000
22.494960
22.645725
22.692507
22.740282
22.777010
22.849281
23.000223
23.092050
23.165290
23.177669
23.178511
23.232508
23.391054
23.395004
23.408962
23.455872
23.507604
23.510280
23.512196
23.530458
23.552530
23.596389
23.601152
23.674682
23.689107
23.761026
23.784836
23.814737
23.839732
23.876519
23.918612
23.944372
23.985027
24.026273
24.061065
24.103899
24.126216
24.146405
24.152369
24.189740
24.251398
24.252361
24.268872
24.272830
24.276250
24.282780
24.285845
24.319518
24.339055
24.345591
24.346229
24.385441
24.395211
24.398117
24.409474
24.412604
24.455459
24.473872
24.492064
24.514150
24.546204
24.568631
24.589240
24.594991
24.697670
24.765508
24.768926
24.786539
24.792016
24.793741
24.888824
24.910120
24.975403
25.006168
25.032226
25.032873
25.070895
25.074346
25.080741
25.082909
25.154070
25.245168
25.286677
25.354989
25.375694
25.537680
25.583566
25.657238
25.697266
25.697780
25.706620
25.773550
25.782256
25.789910
25.858204
25.868566
25.874085
25.914041
25.941194
25.972299
26.058196
26.126872
26.138997
26.149826
26.198343
26.208703
26.212943
26.232653
26.348538
26.354713
26.374626
26.377419
26.379695
26.457738
26.524541
26.607113
26.681087
26.810195
26.814792
26.893792
26.909727
26.939940
26.957239
27.007832
27.010664
27.022799
27.067153
27.085884
27.108681
27.135420
27.157663
27.179456
27.200390
27.203740
27.272911
27.322645
27.348618
27.494667
27.516990
27.527291
27.535960
27.557053
27.557512
27.574724
27.579554
27.593049
27.602985
27.652781
27.658239
27.687061
27.696984
27.839599
27.843822
27.846789
27.878062
27.918969
27.931794
27.940400
27.946151
27.947200
27.971606
27.979092
28.027872
28.030737
28.048913
28.072720
28.076433
28.135018
28.157044
28.302122
28.348158
28.420522
28.445092
28.447746
28.459105
28.553341
28.561106
28.565063
28.582196
28.596363
28.643811
28.651569
28.658718
28.679903
28.712291
28.720055
28.732699
28.790608
28.810964
28.835768
28.857321
28.868898
28.894379
28.975705
29.022439
29.023934
29.030453
29.038194
29.162135
29.172590
29.188570
29.258763
29.276221
29.280576
29.290357
29.310638
29.422053
29.445140
29.517479
29.553993
29.557567
29.562979
29.588271
29.680448
29.731565
29.869503
29.992855
30.005471
30.061751
30.085962
30.108234
30.131895
30.160254
30.197065
30.205159
30.243370
30.251754
30.326968
30.348438
30.357361
30.394176
30.414946
30.452353
30.475167
30.504712
30.605774
30.638294
30.779379
30.817360
30.833650
30.931717
30.937831
30.951276
30.961188
30.968967
30.987595
30.991035
31.007208
31.021126
31.024202
31.053463
31.053910
31.100831
31.137914
31.151719
31.154707
31.155809
31.193251
31.211628
31.228750
31.229887
31.244311
31.259652
31.282383
31.290147
31.364183
31.384128
31.428284
31.463655
31.493710
31.502296
31.505703
31.525166
31.573658
31.575910
31.587360
31.587508
31.610008
31.627606
31.635251
31.660509
31.666841
31.689516
31.692344
31.710153
31.711784
31.719031
31.734232
31.808573
31.813211
31.894954
31.902251
31.921066
31.926787
31.936383
31.948900
32.028051
32.029565
32.078427
32.081984
32.148174
32.177875
32.180551
32.220921
32.238978
32.244901
32.271284
32.278763
32.284497
32.289390
32.308629
32.351015
32.374041
32.388466
32.402684
32.446116
32.556565
32.594117
32.650215
32.670983
32.678483
32.714710
32.723626
32.726749
32.740534
32.791486
32.822110
32.833058
32.855313
32.916082
32.933536
32.972591
33.056407
33.070208
33.154157
33.173430
33.219646
33.253429
33.268262
33.281650
33.287923
33.354346
33.396631
33.405229
33.433587
33.448318
33.470104
33.480354
33.500779
33.508650
33.535390
33.538218
33.605751
33.607502
33.738636
33.841838
33.873442
33.876762
33.882293
33.882941
33.924933
33.940067
34.056610
34.146104
34.183578
34.215358
34.226257
34.277344
34.320568
34.345805
34.372534
34.388595
34.394896
34.480063
34.497084
34.513500
34.514089
34.530262
34.533295
34.582170
34.594952
34.624663
34.627113
34.629964
34.662759
34.696093
34.723744
34.892490
34.904920
34.912332
34.934130
34.949558
34.997970
35.013268
35.017143
35.025223
35.060153
35.073648
35.132052
35.163389
35.193400
35.228973
35.334457
35.405098
35.414133
35.430016
35.474060
35.514577
35.554667
35.641617
35.793769
35.794019
35.857610
35.914090
35.918276
36.069386
36.132243
36.140120
36.184747
36.185274
36.190924
36.244699
36.267802
36.383869
36.385661
36.400784
36.405903
36.440039
36.505312
36.510816
36.538432
36.597103
36.617511
36.620782
36.687673
36.688154
36.706327
36.721721
36.836177
36.842019
36.873563
36.939355
36.958805
37.017129
37.053459
37.066503
37.073751
37.095710
37.100216
37.154285
37.221919
37.227260
37.231265
37.276053
37.299357
37.317558
37.320205
37.358322
37.362611
37.365977
37.389546
37.424150
37.487433
37.547987
37.596501
37.619966
37.641166
37.665311
37.670789
37.684057
37.702878
37.703187
37.706252
37.725398
37.743042
37.755877
37.820492
37.864044
37.866238
37.880551
37.953716
37.987693
38.010981
38.018047
38.074269
38.083756
38.209749
38.222287
38.228633
38.274900
38.275742
38.275803
38.329160
38.380392
38.385793
38.395268
38.397103
38.456635
38.468507
38.492995
38.509168
38.511516
38.515268
38.583779
38.586732
38.587920
38.599382
38.610148
38.638962
38.830241
38.858199
38.923472
38.982688
39.024919
39.026691
39.029795
39.078691
39.154590
39.164995
39.185293
39.197783
39.286736
39.300381
39.322030
39.409037
39.447659
39.537232
39.543911
39.565294
39.572270
39.618419
39.625856
39.670290
39.711401
39.764538
39.772350
39.778531
39.814961
39.847208
39.871495
39.885630
39.900392
39.900844
39.949699
39.955701
39.960950
39.984012
39.988542
40.087660
40.180393
40.214071
40.260485
40.325714
40.379826
40.387412
40.423613
40.484555
40.541414
40.570917
40.587942
40.597752
40.628939
40.635579
40.678274
40.690427
40.708549
40.733051
40.750920
40.756446
40.842812
40.858954
40.859104
40.866518
40.898556
40.903513
40.955983
40.970448
40.987907
40.995460
41.032584
41.054635
41.059469
41.165264
41.220040
41.229168
41.315816
41.326552
41.363538
41.416884
41.541349
41.571488
41.610592
41.720217
41.731310
41.888398
41.972204
41.982002
42.003888
42.089034
42.100645
42.116210
42.147139
42.267220
42.280022
42.333187
42.345973
42.346411
42.433249
42.453764
42.530678
42.533060
42.577530
42.598306
42.603425
42.634203
42.667380
42.692013
42.735966
42.833990
42.863014
42.945148
42.947449
43.015613
43.023427
43.034870
43.132412
43.141897
43.204770
43.215420
43.299939
43.302113
43.314057
43.368886
43.412953
43.439112
43.453388
43.465391
43.498497
43.557912
43.585615
43.724473
43.761217
43.852529
43.860719
43.895962
43.975010
44.018571
44.029374
44.029925
44.124008
44.208284
44.211661
44.219245
44.277556
44.288091
44.302548
44.309923
44.320376
44.379628
44.387673
44.412980
44.421251
44.480387
44.486502
44.492895
44.499808
44.552896
44.618160
44.681856
44.736531
44.774163
44.784220
44.841417
44.868566
44.912447
44.913559
44.939086
44.944527
44.999751
45.022560
45.027722
45.056779
45.075309
45.107490
45.120942
45.152353
45.175179
45.182996
45.192223
45.268628
45.294168
45.370703
45.374621
45.379284
45.409943
45.415265
45.472396
45.479979
45.552630
45.604389
45.678605
45.715652
45.724925
45.744913
45.776873
45.778913
45.782422
45.795341
45.816839
45.824923
45.858181
45.889305
45.895531
45.969321
45.982652
46.027816
46.054701
46.062823
46.086053
46.095220
46.153393
46.205182
46.248796
46.284024
46.292410
46.341868
46.387009
46.403402
46.446697
46.483936
46.493591
46.505857
46.534738
46.540745
46.589442
46.619052
46.636647
46.650954
46.653500
46.734062
46.749121
46.826695
46.873940
46.944100
46.955229
46.966110
47.083640
47.117469
47.136598
47.143864
47.171328
47.215178
47.270580
47.285603
47.351603
47.417651
47.464083
47.476942
47.481061
47.487355
47.490498
47.498129
47.515304
47.542591
47.546095
47.643658
47.661461
47.739688
47.825981
47.832083
47.851188
47.954060
47.959352
47.994140
48.041271
48.166538
48.193573
48.237194
48.245889
48.250560
48.287941
48.323206
48.346040
48.354279
48.356218
48.389841
48.396545
48.405009
48.408314
48.412445
48.447576
48.455526
48.458345
48.486914
48.587784
48.589384
48.690279
48.699672
48.715934
48.729037
48.747043
48.776650
48.801597
48.801682
48.866879
48.875571
48.916275
48.961479
48.981932
48.998565
49.061563
49.130854
49.187952
49.236948
49.315273
49.343965
49.403536
49.435113
49.451001
49.461650
49.537521
49.538251
49.601184
49.620900
49.656309
49.661280
49.669693
49.690687
49.691004
49.710036
49.754545
49.757754
49.782755
49.792865
49.846641
49.926193
49.948798
49.960384
50.011235
50.030977
50.177425
50.209586
50.302686
50.360027
50.373833
50.383407
50.445767
50.496978
50.504472
50.515388
50.527783
50.563644
50.580680
50.584755
50.613076
50.617183
50.617251
50.620072
50.669552
50.690108
50.690937
50.717140
50.776970
50.779109
50.818885
50.831706
50.836152
50.847838
50.879724
50.897619
50.934511
50.950845
51.084971
51.085828
51.089928
51.157393
51.240791
51.258972
51.278381
51.394843
51.409871
51.420643
51.485707
51.603847
51.639773
51.645850
51.654608
51.735473
51.764029
51.814663
51.898671
51.910617
51.947195
51.983171
52.020159
52.024496
52.029207
52.153929
52.201498
52.314810
52.340148
52.350252
52.373814
52.406150
52.428093
52.476004
52.513885
52.570283
52.663593
52.756208
52.793612
52.813419
52.842737
52.861125
52.905589
52.921520
52.926015
52.929851
53.005858
53.011214
53.023827
53.046271
53.084716
53.095816
53.113787
53.141420
53.151242
53.186234
53.196407
53.232917
53.239538
53.265388
53.314393
53.319344
53.345313
53.367959
53.378365
53.410004
53.488988
53.494160
53.499376
53.551917
53.604172
53.617976
53.627085
53.713768
53.729983
53.736733
53.750475
53.796418
53.828197
53.847171
53.881323
53.896366
54.016627
54.109545
54.117106
54.130940
54.157147
54.174373
54.198091
54.208714
54.223019
54.262354
54.281926
54.325193
54.348946
54.375941
54.398498
54.455534
54.459927
54.465659
54.467809
54.477759
54.479303
54.522126
54.542875
54.570285
54.624683
54.678522
54.693373
54.734592
54.755973
54.838333
54.889503
54.937592
54.943905
54.961810
54.994298
54.996225
55.011401
55.057505
55.066455
55.130188
55.188204
55.190385
55.200299
55.205725
55.275272
55.319841
55.324460
55.343987
55.354926
55.373592
55.422976
55.459165
55.531938
55.601404
55.690129
55.699630
55.778110
55.839871
55.841810
55.858245
55.925578
55.944136
55.953783
56.005601
56.006441
56.069098
56.122121
56.127970
56.204755
56.317034
56.324783
56.355419
56.448240
56.487371
56.496654
56.504034
56.575505
56.584526
56.615988
56.657325
56.681382
56.786032
56.788483
56.848863
56.854358
56.865128
56.872572
56.916722
56.920546
56.934022
56.948280
56.958145
56.961525
57.025045
57.064306
57.071349
57.122704
57.124798
57.174307
57.202339
57.240312
57.292024
57.424346
57.431825
57.431947
57.447129
57.456588
57.460245
57.471644
57.529390
57.561620
57.565505
57.566121
57.578412
57.591415
57.598222
57.600254
57.684692
57.705511
57.736114
57.745001
57.760089
57.771077
57.794847
57.811264
57.854967
57.904671
57.966682
57.976243
57.982040
57.983382
57.990466
57.996859
58.028304
58.119966
58.122574
58.147881
58.245169
58.263814
58.266691
58.270944
58.289852
58.302290
58.374686
58.444164
58.444397
58.507041
58.514826
58.526736
58.573431
58.579807
58.608270
58.657481
58.702286
58.727955
58.756912
58.762245
58.843582
58.899088
58.901400
58.905617
58.960154
58.963063
59.067221
59.070640
59.103903
59.217304
59.257588
59.317738
59.330477
59.334409
59.496287
59.529031
59.678383
59.707863
59.771439
59.800633
59.820038
59.821184
59.842363
59.859344
59.871674
59.930199
59.968548
60.004479
60.051398
60.168413
60.226609
60.332304
60.342180
60.346732
60.393364
60.403574
60.404959
60.418726
60.499989
60.551613
60.612873
60.639392
60.681506
60.688749
60.689596
60.701871
60.732800
60.736607
60.762916
60.765330
60.777461
60.847035
60.860300
60.897065
60.947712
60.952730
60.986177
61.021080
61.021085
61.055686
61.087195
61.158818
61.219960
61.221385
61.268014
61.295724
61.425517
61.438079
61.460016
61.472144
61.515631
61.622426
61.654607
61.656665
61.679509
61.700078
61.816330
61.848803
61.996781
61.997247
61.998553
62.001340
62.003373
62.096889
62.191870
62.254916
62.278868
62.289652
62.295652
62.309107
62.314988
62.356926
62.390096
62.397855
62.406177
62.433016
62.462877
62.482410
62.536386
62.541767
62.572714
62.628024
62.635505
62.659111
62.670184
62.673865
62.812899
62.914265
62.924000
63.095850
63.124937
63.132265
63.173333
63.266614
63.319718
63.326916
63.353289
63.362324
63.401568
63.416200
63.418816
63.470411
63.494393
63.542381
63.620711
63.640257
63.678306
63.685946
63.749482
63.794984
63.871892
63.877673
63.885587
63.886003
63.916980
63.922451
63.923164
63.926877
63.962636
63.991647
64.023250
64.026966
64.058385
64.085418
64.130048
64.152023
64.164550
64.166671
64.191060
64.203354
64.255235
64.329338
64.339101
64.346869
64.351020
64.355381
64.392532
64.455108
64.455392
64.523499
64.526406
64.527531
64.530513
64.554486
64.626780
64.687557
64.756410
64.766219
64.803423
64.823206
64.892404
64.904419
64.938288
64.971761
65.004821
65.078958
65.107297
65.118642
65.119484
65.134903
65.183739
65.200142
65.271096
65.282035
65.298938
65.305108
65.311944
65.352057
65.363463
65.419660
65.497774
65.548400
65.573315
65.579186
65.610882
65.617528
65.642394
65.691879
65.750050
65.765339
65.777841
65.792578
65.805513
65.834996
65.850700
65.882713
65.886346
65.886974
65.909537
65.960487
66.020261
66.028262
66.066223
66.081383
66.084518
66.100571
66.110679
66.124127
66.132709
66.210578
66.219819
66.242323
66.243293
66.271883
66.284429
66.295460
66.346139
66.367723
66.370722
66.373428
66.396753
66.451588
66.515142
66.588110
66.636567
66.642483
66.695227
66.704537
66.726667
66.762406
66.799194
66.809859
66.825780
66.839280
66.856340
66.883623
66.904899
66.909006
66.914116
66.919616
66.923354
66.953307
66.961400
66.995784
66.996143
67.039172
67.046658
67.174787
67.244245
67.253890
67.276737
67.355098
67.398186
67.403077
67.422194
67.424008
67.434690
67.458604
67.461807
67.524731
67.616853
67.626582
67.679098
67.759686
67.781444
67.789910
67.792039
67.801163
67.805178
67.815733
67.826659
67.909684
67.952939
67.966385
68.006084
68.031220
68.179117
68.182804
68.188096
68.199503
68.243298
68.268938
68.283404
68.296679
68.303302
68.405794
68.411884
68.432234
68.512591
68.698056
68.701372
68.710348
68.773519
68.821089
68.858668
68.864501
68.940013
68.958340
68.971371
68.991929
68.992407
69.006385
69.039343
69.108521
69.178080
69.200050
69.204754
69.257016
69.285884
69.313464
69.345644
69.402077
69.569362
69.584813
69.631860
69.632085
69.674260
69.702969
69.738672
69.803658
69.838597
69.949845
69.973542
69.973663
70.002038
70.011129
70.095492
70.099095
70.204741
70.233340
70.242672
70.287053
70.358851
70.388322
70.536673
70.541574
70.542566
70.639182
70.652566
70.656914
70.665135
70.683077
70.691687
70.696058
70.719537
70.817664
70.830497
70.833676
70.854555
70.865362
70.899490
70.935386
70.940045
70.952193
71.009554
71.028538
71.103887
71.145292
71.177126
71.209839
71.218169
71.224152
71.235375
71.250683
71.270831
71.330179
71.338031
71.351441
71.389609
71.473764
71.497368
71.501355
71.516569
71.562090
71.680725
71.689868
71.695898
71.715214
71.748247
71.774767
71.794913
71.807558
71.808986
71.808998
71.852739
71.867727
71.880465
71.988076
72.000601
72.037706
72.051195
72.126927
72.139513
72.185737
72.287642
72.336673
72.341377
72.357621
72.360292
72.431624
72.469549
72.493942
72.614643
72.616756
72.619779
72.639487
72.724544
72.725928
72.792443
72.861958
72.879429
72.904744
72.907283
72.908616
72.915145
72.963084
72.990635
73.038176
73.067201
73.075328
73.081970
73.155968
73.202679
73.255308
73.267238
73.269582
73.294455
73.322458
73.376053
73.458812
73.496102
73.513766
73.554045
73.562532
73.566926
73.608509
73.666904
73.755565
73.767727
73.803292
73.806951
73.834201
73.839751
73.863587
73.875619
73.908932
73.919490
73.971780
74.064559
74.080949
74.130343
74.153431
74.163386
74.239197
74.247556
74.258104
74.259912
74.263183
74.266525
74.311230
74.345660
74.345992
74.354062
74.367827
74.418052
74.450131
74.484554
74.486841
74.515463
74.539238
74.558090
74.582576
74.627089
74.627663
74.681272
74.681799
74.817201
74.832254
74.864782
74.878741
74.887822
74.941701
74.950391
74.963556
75.032905
75.054029
75.081292
75.089190
75.144343
75.287862
75.290706
75.364209
75.401802
75.403521
75.405879
75.407901
75.418125
75.500557
75.522158
75.575179
75.610436
75.692916
75.718619
75.740607
75.770414
75.791684
75.803881
75.870149
75.907648
75.946339
75.964388
75.972641
76.053923
76.081625
76.120311
76.192252
76.221439
76.227386
76.233555
76.242148
76.291365
76.344067
76.431742
76.441813
76.516305
76.574998
76.598815
76.606771
76.611458
76.661976
76.744656
76.777350
76.813719
76.818983
76.824121
76.862956
76.869391
76.894807
76.924647
76.929735
76.955795
76.979471
76.989150
76.993797
77.023536
77.034233
77.083206
77.150083
77.171078
77.181125
77.198364
77.202700
77.232773
77.246142
77.360795
77.381637
77.393841
77.425694
77.432970
77.458538
77.462487
77.509124
77.550753
77.569476
77.616606
77.637564
77.638261
77.700525
77.722601
77.797328
77.855984
77.876731
77.879565
77.896713
77.929253
77.929441
78.026979
78.132931
78.151762
78.155974
78.186673
78.208177
78.284048
78.337833
78.349248
78.419104
78.474230
78.513203
78.556356
78.589906
78.622998
78.642652
78.653177
78.738762
78.794325
78.797905
78.847645
78.860371
78.870040
78.913312
78.987561
79.068859
79.079692
79.136355
79.147694
79.158728
79.166111
79.225440
79.286180
79.314692
79.336942
79.373139
79.377652
79.399118
79.426928
79.428381
79.467838
79.473585
79.486012
79.545545
79.600044
79.653999
79.673760
79.676535
79.681173
79.691148
79.708286
79.816583
79.823028
79.836094
79.857082
79.907614
79.961972
80.110466
80.129184
80.145651
80.208251
80.289283
80.290796
80.295400
80.305407
80.310371
80.333878
80.382982
80.510850
80.554823
80.585923
80.586232
80.640110
80.644670
80.679275
80.708245
80.714455
80.764983
80.783622
80.820166
80.834867
80.863867
80.896987
80.928308
80.977104
80.978844
80.989492
80.990507
81.035590
81.095689
81.099665
81.103553
81.108493
81.142801
81.183116
81.187592
81.196030
81.200726
81.260660
81.304368
81.317613
81.362911
81.389195
81.459802
81.490098
81.502462
81.519147
81.554715
81.583580
81.659055
81.675758
81.684117
81.692453
81.903549
81.913298
81.917363
81.987432
82.009515
82.033580
82.052952
82.080060
82.132409
82.139462
82.143847
82.186540
82.195421
82.209570
82.214190
82.230426
82.294502
82.368512
82.381217
82.384499
82.387598
82.435431
82.450204
82.469843
82.485184
82.510042
82.517458
82.581858
82.585722
82.654455
82.667466
82.667549
82.705517
82.706759
82.760059
82.811580
82.826866
82.832360
82.845018
82.867730
82.893701
82.931675
82.970583
83.000270
83.056187
83.115312
83.195536
83.242943
83.259741
83.273159
83.326098
83.352107
83.356370
83.395676
83.408694
83.411669
83.423389
83.554631
83.558118
83.567233
83.598627
83.644226
83.661864
83.666441
83.743063
83.749086
83.796170
83.852185
83.861000
83.884784
83.939349
83.945653
83.963101
84.045413
84.068850
84.071139
84.099632
84.122074
84.135759
84.154446
84.166901
84.180868
84.209453
84.312159
84.349233
84.351851
84.355798
84.365915
84.386030
84.389833
84.455177
84.496685
84.596848
84.606392
84.735090
84.781998
84.849144
84.850422
84.896766
84.905361
84.912864
84.922503
85.032755
85.045669
85.102515
85.121421
85.134909
85.149658
85.156186
85.183851
85.192042
85.213959
85.309855
85.326332
85.337840
85.360223
85.362781
85.385315
85.396857
85.437614
85.439815
85.446756
85.452936
85.462821
85.468893
85.469406
85.472187
85.491887
85.585306
85.612928
85.613327
85.625322
85.660692
85.670904
85.681473
85.706592
85.745233
85.776700
85.781141
85.803393
85.832858
85.844772
85.859796
85.904061
85.905791
85.909197
85.916535
85.936352
85.944074
85.968723
85.990093
86.018130
86.044279
86.135297
86.142494
86.142761
86.142876
86.172141
86.172870
86.236913
86.237776
86.329590
86.351526
86.373826
86.382320
86.412563
86.412957
86.430613
86.453447
86.468624
86.480250
86.481679
86.560042
86.583904
86.714123
86.759261
86.759765
86.778902
86.789679
86.810643
86.822726
86.855924
86.868959
86.881725
86.952658
86.974179
86.984751
87.002693
87.006349
87.221121
87.221624
87.244812
87.271765
87.329264
87.332383
87.460383
87.469428
87.476685
87.478255
87.561791
87.572878
87.574835
87.581159
87.602611
87.703602
87.737454
87.757244
87.781887
87.825638
87.829346
87.878711
87.900591
88.019300
88.028250
88.031855
88.063985
88.064568
88.069978
88.110661
88.121156
88.134307
88.137532
88.157241
88.172813
88.178272
88.200816
88.210360
88.211846
88.213506
88.253790
88.260132
88.282421
88.321577
88.405846
88.429656
88.435385
88.483828
88.486788
88.510451
88.530297
88.603529
88.603952
88.635363
88.659224
88.682324
88.740714
88.746135
88.761611
88.804806
88.847908
88.969750
88.991626
89.008910
89.057038
89.084541
89.155852
89.172735
89.215778
89.271238
89.361329
89.366842
89.392453
89.438345
89.451924
89.504497
89.504858
89.577652
89.651150
89.733710
89.736822
89.788557
89.791435
89.865266
89.940451
89.983461
90.025371
90.035212
90.050251
90.094239
90.115206
90.151762
90.249477
90.263535
90.327840
90.341001
90.353396
90.502572
90.508918
90.537093
90.592767
90.603321
90.657334
90.710680
90.762391
90.817455
90.838342
90.864808
90.895681
90.914994
90.973358
90.984078
90.995470
91.060282
91.091026
91.092962
91.107896
91.156998
91.251742
91.272299
91.335512
91.364741
91.429388
91.448836
91.496865
91.511308
91.513700
91.554488
91.568985
91.678780
91.681459
91.683184
91.731615
91.760893
91.773265
91.786330
91.825113
91.968568
91.986500
92.019064
92.030149
92.033015
92.034918
92.055478
92.061406
92.137913
92.154155
92.180885
92.183745
92.225073
92.272156
92.366040
92.371660
92.450965
92.477560
92.478673
92.501691
92.598797
92.649207
92.669861
92.685602
92.729733
92.855078
92.909436
92.961267
93.077448
93.099807
93.113250
93.157768
93.170380
93.182082
93.185527
93.214741
93.227662
93.239376
93.240629
93.245795
93.278519
93.411121
93.433176
93.532186
93.536119
93.579014
93.580092
93.609781
93.630010
93.667814
93.734912
93.743617
93.778662
93.808894
93.811837
93.818809
93.823744
93.844881
93.897397
93.908768
93.916537
93.916949
93.983511
94.030882
94.054656
94.055136
94.056966
94.067174
94.099372
94.114362
94.117739
94.169256
94.185717
94.229054
94.266369
94.289468
94.297546
94.305432
94.329700
94.340314
94.358279
94.457351
94.463734
94.513007
94.597407
94.662571
94.672817
94.702196
94.731471
94.766509
94.769297
94.917911
94.922835
94.933843
94.993729
95.008690
95.021855
95.029564
95.058922
95.088896
95.096034
95.136607
95.160890
95.261480
95.270523
95.282752
95.329917
95.340984
95.386608
95.416988
95.428937
95.484856
95.628589
95.696293
95.710209
95.711145
95.763707
95.768488
95.771859
95.875301
95.878099
95.891076
95.934377
95.969943
96.001715
96.011981
96.085982
96.100774
96.186338
96.294228
96.348418
96.355072
96.371769
96.373671
96.394659
96.402073
96.412512
96.414373
96.460459
96.493094
96.524607
96.641440
96.648345
96.735257
96.736297
96.777326
96.852567
96.866246
96.870648
96.916348
96.932221
96.942959
96.944881
96.970757
97.011081
97.050327
97.077996
97.110073
97.124280
97.124953
97.143644
97.166378
97.172072
97.265420
97.269128
97.291657
97.291736
97.320980
97.331076
97.340155
97.345236
97.357302
97.386274
97.426830
97.446837
97.464736
97.495839
97.557505
97.601216
97.658194
97.692246
97.841218
97.896583
97.908016
97.958903
97.987337
97.990386
97.991784
98.000494
98.021634
98.045300
98.047771
98.099115
98.151555
98.162982
98.185279
98.196538
98.203476
98.235068
98.255452
98.378182
98.404544
98.525996
98.534206
98.653608
98.657110
98.690331
98.713876
98.747937
98.762443
98.781109
98.803308
98.827300
98.838007
98.842572
98.870995
98.904556
98.943215
98.970396
99.082086
99.092928
99.119119
99.119292
99.124737
99.149712
99.170946
99.206178
99.237804
99.319539
99.319541
99.414913
99.448596
99.461547
99.462394
99.533558
99.554215
99.597665
99.717713
99.731701
99.763520
99.770915
99.772618
99.783550
99.812068
99.827739
99.909808
99.919767
99.925587
99.984825
100.022150
100.082541
100.084244
100.089937
100.144866
100.178915
100.187034
100.206818
100.225512
100.266322
100.274019
100.343613
100.366814
100.438415
100.454297
100.458093
100.465846
100.511266
100.643435
100.759559
100.790490
100.831290
100.902456
100.941399
100.959779
101.081115
101.083484
101.085384
101.092333
101.157096
101.159360
101.164600
101.172762
101.176913
101.194839
101.238875
101.309347
101.316876
101.335155
101.335559
101.414599
101.450676
101.491942
101.505539
101.526658
101.546861
101.581550
101.618600
101.660132
101.690485
101.726638
101.738440
101.745470
101.841338
101.880941
101.897731
101.900615
101.933314
101.962900
102.045987
102.108344
102.115816
102.116482
102.119448
102.161591
102.237547
102.248588
102.280439
102.304741
102.307504
102.308118
102.397032
102.411553
102.439354
102.457851
102.485279
102.654332
102.660482
102.703138
102.703549
102.783657
102.834843
102.852555
102.890707
102.901878
102.918582
102.943352
102.983223
103.015246
103.108613
103.110976
103.162283
103.169462
103.174182
103.187437
103.213160
103.216596
103.252584
103.295884
103.304993
103.316944
103.435349
103.505652
103.572094
103.578481
103.585936
103.589122
103.596758
103.597588
103.598916
103.635292
103.644414
103.663674
103.694255
103.698082
103.704939
103.750159
103.766180
103.775868
103.806896
103.830609
103.854069
103.882283
103.910949
103.949556
103.971865
103.977997
103.994500
104.006852
104.025355
104.061158
104.116612
104.151408
104.213503
104.234020
104.275543
104.336791
104.367612
104.369717
104.371602
104.390329
104.448950
104.465376
104.483710
104.491394
104.515056
104.539918
104.541772
104.545132
104.568337
104.593296
104.611852
104.634135
104.639769
104.645443
104.698448
104.724941
104.734753
104.769368
104.776329
104.844855
104.862294
104.878919
104.973870
105.010513
105.020500
105.090241
105.187522
105.190410
105.220790
105.229438
105.257730
105.300758
105.349626
105.356270
105.391587
105.419510
105.434465
105.448985
105.495266
105.495857
105.505894
105.541675
105.578043
105.623656
105.627021
105.633462
105.660149
105.663478
105.696896
105.745975
105.748369
105.834534
105.847430
105.851127
105.858280
105.858833
105.925176
106.026362
106.118455
106.124727
106.135274
106.182550
106.198804
106.229480
106.240439
106.261762
106.299565
106.349337
106.398974
106.404241
106.425013
106.498516
106.533811
106.542858
106.561697
106.646661
106.651268
106.786846
106.819751
106.856475
106.888702
106.899637
106.943902
106.966078
106.973152
107.016632
107.028687
107.046979
107.058575
107.083014
107.153957
107.202973
107.243829
107.283927
107.284503
107.294575
107.312314
107.319274
107.322514
107.324766
107.373705
107.387155
107.406649
107.428323
107.428354
107.482206
107.483206
107.493925
107.498893
107.616051
107.618912
107.648458
107.651256
107.734784
107.735089
107.735626
107.761769
107.783213
107.795916
107.816982
107.838107
107.934485
107.937039
107.956612
108.016752
108.036426
108.128410
108.136966
108.219757
108.224927
108.283975
108.290567
108.298260
108.298341
108.348903
108.361565
108.377084
108.394331
108.470866
108.642756
108.650784
108.694306
108.713956
108.758414
108.762872
108.769019
108.769461
108.775765
108.813265
108.819441
108.851737
108.879102
108.892800
108.917481
108.922955
108.945607
108.948238
108.968110
109.010484
109.060911
109.087960
109.099549
109.112006
109.131026
109.136406
109.230254
109.231752
109.292268
109.302723
109.368546
109.372611
109.434839
109.565003
109.573833
109.590790
109.640969
109.703709
109.722268
109.726013
109.739904
109.753430
109.772013
109.793483
109.827462
109.832426
109.897834
109.921325
110.010985
110.024957
110.044654
110.083489
110.120058
110.165354
110.184135
110.283543
110.398648
110.446866
110.503622
110.504638
110.516888
110.527187
110.555495
110.557071
110.562044
110.644916
110.656452
110.688772
110.694402
110.754115
110.764461
110.773455
110.880219
110.996250
111.027639
111.031417
111.071847
111.163385
111.169364
111.286145
111.296652
111.328858
111.355231
111.406666
111.435769
111.444794
111.481918
111.769997
111.823409
111.833567
111.838287
111.840295
111.852906
111.924955
111.927641
111.976473
112.033733
112.113430
112.115934
112.160815
112.180539
112.202526
112.217617
112.236213
112.278080
112.299701
112.311980
112.367507
112.371721
112.376369
112.384574
112.403401
112.416597
112.464181
112.519047
112.520420
112.538051
112.630347
112.697522
112.717946
112.733829
112.816274
112.881573
112.908358
112.934100
113.057053
113.136706
113.145537
113.174856
113.228548
113.233865
113.377539
113.387624
113.407032
113.471694
113.484434
113.544606
113.554849
113.617380
113.680102
113.708895
113.736539
113.746461
113.812362
113.873628
113.941267
113.963710
113.989152
114.010011
114.030368
114.047947
114.134268
114.137701
114.167567
114.177771
114.213194
114.239742
114.258795
114.270419
114.287948
114.411324
114.414205
114.478203
114.480946
114.485884
114.618093
114.623943
114.824680
114.855473
114.862867
114.913813
114.924138
114.949355
114.958785
114.981089
114.986980
115.016110
115.045177
115.086477
115.108190
115.163210
115.291526
115.292009
115.308250
115.312443
115.338457
115.373564
115.398884
115.399780
115.400250
115.407549
115.420275
115.425926
115.427188
115.455403
115.681978
115.712565
115.719364
115.734033
115.746257
115.750482
115.750853
115.751485
115.766189
115.857273
115.906018
115.914596
115.976992
115.978740
116.046421
116.079473
116.098390
116.100441
116.197977
116.215733
116.295119
116.322241
116.326029
116.395578
116.421405
116.451381
116.456773
116.474468
116.480258
116.483604
116.495399
116.615322
116.680504
116.696786
116.721442
116.723602
116.729665
116.858675
116.891716
116.921342
117.032259
117.085342
117.107162
117.168859
117.180211
117.183932
117.204848
117.205414
117.208582
117.220709
117.299889
117.325515
117.343881
117.358156
117.462400
117.474650
117.515485
117.523896
117.629633
117.632789
117.633956
117.636887
117.776676
117.838448
117.891739
117.904405
117.938654
117.962787
118.017454
118.017681
118.050892
118.084943
118.100826
118.109410
118.111142
118.111751
118.145159
118.168408
118.274285
118.302231
118.316770
118.332838
118.384162
118.387328
118.413488
118.414700
118.428467
118.476111
118.503392
118.526306
118.532115
118.585797
118.625509
118.668762
118.780997
118.921286
118.926207
118.937457
118.966280
118.970535
119.019102
119.049518
119.057202
119.093744
119.110754
119.142202
119.165026
119.165796
119.201851
119.219000
119.279998
119.306764
119.367445
119.405253
119.430314
119.463264
119.469419
119.484699
119.526406
119.538940
119.550267
119.550726
119.553111
119.558778
119.628411
119.718352
119.765450
119.852983
119.924378
119.994913
119.999797
120.010228
120.019324
120.055911
120.058405
120.060009
120.091662
120.156587
120.185384
120.200671
120.205870
120.211373
120.243454
120.276887
120.294922
120.364492
120.364500
120.366375
120.385743
120.409206
120.426995
120.448020
120.519224
120.573488
120.652098
120.657417
120.694099
120.725423
120.730915
120.775631
120.795295
120.807408
120.837239
120.974838
120.991767
121.003056
121.015097
121.019495
121.036472
121.046979
121.066502
121.088397
121.091116
121.135372
121.183976
121.191071
121.200899
121.272924
121.279491
121.304808
121.379993
121.414555
121.468897
121.485316
121.552268
121.572084
121.608261
121.633399
121.714493
121.718638
121.740283
121.751280
121.757090
121.757735
121.777149
121.778206
121.886809
121.908035
121.917557
121.993086
122.073423
122.088022
122.089209
122.101801
122.187249
122.197444
122.233416
122.237880
122.241150
122.256498
122.268714
122.291470
122.293928
122.338362
122.488222
122.491712
122.506278
122.569760
122.614128
122.638885
122.708102
122.727973
122.728546
122.738293
122.839287
122.840061
122.889913
122.892153
122.922864
122.928440
122.986366
122.993234
122.994457
123.063313
123.073359
123.082966
123.132195
123.132232
123.207435
123.270316
123.332187
123.354366
123.406770
123.435532
123.471301
123.566314
123.568642
123.595049
123.687603
123.721896
123.737803
123.740547
123.759763
123.783297
123.838107
123.844687
123.896976
123.901571
123.906121
123.924637
123.954016
123.971560
123.978011
123.988557
124.003201
124.056597
124.088493
124.165405
124.213191
124.311343
124.316504
124.341538
124.397381
124.441298
124.454429
124.534180
124.577513
124.583607
124.587299
124.594123
124.607955
124.638768
124.651081
124.658915
124.697094
124.731222
124.755231
124.757284
124.773610
124.776904
124.791429
124.841095
124.848999
124.851026
124.932304
124.979710
125.015337
125.024402
125.043825
125.063592
125.065461
125.111959
125.122410
125.138144
125.261722
125.292472
125.293023
125.297662
125.312850
125.323031
125.329592
125.346075
125.424243
125.469761
125.471280
125.511075
125.572027
125.601338
125.647873
125.662562
125.692287
125.768168
125.818858
125.819519
125.838244
126.040762
126.086656
126.131421
126.152634
126.203492
126.218723
126.231375
126.296872
126.306229
126.345228
126.349490
126.387891
126.409145
126.419965
126.454605
126.486625
126.516870
126.541980
126.573448
126.582486
126.584423
126.602965
126.622945
126.656226
126.662514
126.720141
126.759807
126.810209
126.815475
126.861296
126.893985
126.940536
127.038362
127.076881
127.082431
127.090473
127.117914
127.130906
127.226508
127.276774
127.290314
127.296303
127.305385
127.494775
127.521134
127.549990
127.588543
127.643443
127.666505
127.691355
127.698886
127.732254
127.737435
127.755132
127.774408
127.813131
127.835967
127.841566
127.882851
127.974268
127.980616
128.037849
128.069306
128.097796
128.124686
128.183353
128.201615
128.245009
128.287477
128.287513
128.309284
128.323632
128.355901
128.358181
128.384445
128.392741
128.497674
128.544371
128.575221
128.582423
128.687867
128.713143
128.737921
128.766030
128.774873
128.813411
128.919216
128.950826
128.984214
129.067588
129.108200
129.124302
129.166010
129.280166
129.327462
129.372386
129.378774
129.393605
129.409682
129.500888
129.536535
129.548973
129.557557
129.640821
129.688653
129.697551
129.697780
129.701141
129.730213
129.756059
129.827048
129.892319
129.903620
129.935498
129.973939
130.001649
130.037777
130.043292
130.045412
130.140760
130.144111
130.177391
130.186220
130.217604
130.217695
130.223244
130.243397
130.272539
130.284598
130.312035
130.369757
130.408841
130.548660
130.579947
130.581155
130.618797
130.663725
130.670019
130.697319
130.713422
130.716721
130.731924
130.796008
130.796576
130.885865
130.944408
130.962651
130.971178
130.999266
131.059638
131.077590
131.150537
131.165176
131.227195
131.234679
131.395501
131.408032
131.429696
131.510339
131.548129
131.585079
131.585342
131.599521
131.604384
131.628279
131.663826
131.664756
131.668692
131.699930
131.719109
131.773228
131.778653
131.804608
131.824265
131.880380
131.884517
132.006319
132.028083
132.048490
132.063409
132.099702
132.211148
132.219954
132.238682
132.252690
132.453838
132.482958
132.520753
132.562482
132.583442
132.611613
132.669362
132.722593
132.752834
132.789521
132.803552
132.865593
133.045303
133.050793
133.107539
133.140088
133.182890
133.188993
133.284293
133.285958
133.383435
133.398422
133.509146
133.558917
133.559351
133.593567
133.599067
133.611592
133.714866
133.769668
133.786236
133.842244
133.957832
134.025977
134.048563
134.088986
134.118661
134.154974
134.156700
134.187190
134.233333
134.251821
134.270690
134.313972
134.327698
134.367078
134.402755
134.425100
134.475537
134.491137
134.516920
134.542489
134.551927
134.559945
134.579547
134.588366
134.590232
134.595184
134.599523
134.604974
134.669805
134.692390
134.748307
134.765142
134.870771
134.904397
134.924298
134.928690
134.975945
134.986629
135.013078
135.034765
135.057891
135.101858
135.107078
135.140995
135.176502
135.211459
135.235471
135.273311
135.275766
135.323050
135.351647
135.410510
135.414155
135.433586
135.463786
135.576219
135.583553
135.608534
135.621885
135.664018
135.664862
135.680967
135.709430
135.847826
135.859662
135.885475
135.959920
135.976422
135.984791
135.997497
136.097601
136.135437
136.229446
136.313276
136.338806
136.356476
136.392948
136.471963
136.501232
136.551500
136.653939
136.705250
136.726449
136.740618
136.741659
136.789926
136.809553
136.920383
136.944203
136.972724
137.007322
137.033494
137.047983
137.061424
137.103671
137.172417
137.231352
137.258389
137.287447
137.325629
137.380076
137.433832
137.552359
137.577249
137.660587
137.717779
137.789095
137.796560
137.862645
137.911027
137.953211
137.984210
137.992212
138.032926
138.036280
138.047073
138.082036
138.110873
138.116950
138.125903
138.126189
138.144154
138.197978
138.201150
138.237194
138.251020
138.259924
138.278596
138.285745
138.290734
138.413810
138.430722
138.451393
138.452491
138.456582
138.524587
138.558616
138.569391
138.578551
138.584243
138.591110
138.634518
138.748875
138.798393
138.835369
138.853937
138.868745
138.907342
138.931273
138.964132
139.001654
139.007978
139.078705
139.089600
139.113268
139.122620
139.142325
139.165001
139.174116
139.180688
139.189871
139.221316
139.237585
139.246771
139.274663
139.426089
139.448526
139.452811
139.489239
139.489549
139.491568
139.554163
139.607257
139.635752
139.641264
139.643332
139.661767
139.682066
139.722884
139.749877
139.770851
139.784659
139.809273
139.839941
139.863153
139.887820
139.934975
140.052614
140.053844
140.156935
140.166983
140.206528
140.344812
140.366126
140.378733
140.434024
140.472221
140.485395
140.519167
140.548139
140.575359
140.600060
140.635375
140.641732
140.709679
140.744565
140.747783
140.752002
140.780305
140.840440
140.862357
140.940996
140.947128
140.949427
141.000277
141.079027
141.095063
141.108015
141.154473
141.220165
141.298213
141.321301
141.323889
141.329503
141.429900
141.518469
141.544866
141.613951
141.646707
141.669360
141.690991
141.788425
141.803690
141.873293
141.877107
141.877155
141.950710
141.952403
141.960262
142.013701
142.042143
142.082611
142.136499
142.198865
142.270276
142.295648
142.537392
142.550031
142.614121
142.625622
142.689865
142.707619
142.767198
142.810582
142.813834
142.871559
142.895508
142.914122
142.939353
142.982011
143.032303
143.033232
143.056697
143.066050
143.094175
143.115042
143.175100
143.180632
143.190105
143.218949
143.234438
143.279035
143.289043
143.297674
143.377744
143.405882
143.410620
143.444677
143.450464
143.463349
143.509773
143.514789
143.520098
143.547194
143.667350
143.719626
143.772492
143.803333
143.846920
143.847088
143.889559
143.891515
143.932727
143.939740
143.943508
143.945729
143.957618
144.012051
144.016879
144.064250
144.208175
144.209603
144.229249
144.240042
144.294341
144.300888
144.312432
144.314103
144.370729
144.385686
144.507885
144.599677
144.601347
144.605630
144.641641
144.652765
144.674864
144.684162
144.752336
144.762258
144.765144
144.815782
144.956204
144.959748
144.959804
144.969148
145.012839
145.031443
145.100274
145.115667
145.116716
145.153576
145.157020
145.276838
145.310656
145.485805
145.503753
145.532645
145.621514
145.701742
145.708764
145.727337
145.843301
145.864608
145.889404
145.904047
145.978028
146.018080
146.065994
146.131934
146.135804
146.167513
146.227351
146.253824
146.316779
146.340141
146.341791
146.372798
146.440508
146.459122
146.461853
146.494565
146.524743
146.529936
146.560003
146.562876
146.570634
146.644650
146.701280
146.791791
146.792386
146.854300
146.897688
146.899964
146.944814
146.955034
146.989602
146.995113
146.999598
147.016786
147.079615
147.082709
147.085004
147.114123
147.165057
147.209395
147.213849
147.215648
147.246334
147.291193
147.302502
147.304885
147.385232
147.433968
147.486676
147.499129
147.504439
147.529233
147.542123
147.603478
147.614177
147.621858
147.660458
147.696602
147.701241
147.707453
147.708938
147.752555
147.840635
147.876889
147.900631
147.914903
148.024261
148.050219
148.065442
148.076177
148.134055
148.205194
148.207902
148.223448
148.258642
148.288602
148.309957
148.323700
148.424490
148.428602
148.450887
148.477738
148.481685
148.524478
148.525654
148.539682
148.539867
148.661988
148.670375
148.677596
148.729205
148.731331
148.739587
148.747461
148.750645
148.819497
148.820461
148.860687
148.879531
148.891811
148.988683
149.027044
149.090764
149.125418
149.131313
149.139079
149.171797
149.228721
149.245366
149.302971
149.359283
149.375309
149.408023
149.460633
149.468177
149.468211
149.487543
149.498872
149.537799
149.539153
149.555213
149.580929
149.582141
149.592094
149.621349
149.668100
149.689781
149.755271
149.840770
149.841950
149.851997
149.926647
149.967071
149.995714
150.050929
150.051871
150.139543
150.306051
150.322206
150.381369
150.460809
150.460835
150.510450
150.563180
150.597157
150.609991
150.643904
150.645433
150.663329
150.744717
150.753317
150.756892
150.778235
150.854337
150.866844
150.886224
150.889563
150.964158
150.973971
151.016059
151.048597
151.111894
151.177863
151.225471
151.262800
151.314084
151.393746
151.406050
151.424204
151.425011
151.426512
151.489925
151.490160
151.555849
151.631963
151.666298
151.673429
151.698578
151.725395
151.781293
151.792391
151.830623
151.891459
151.908978
151.943608
152.032837
152.047455
152.130667
152.183087
152.201884
152.211206
152.233359
152.234676
152.294507
152.329901
152.344248
152.373962
152.390000
152.404715
152.417028
152.418168
152.470985
152.498308
152.515062
152.528069
152.590130
152.608413
152.625534
152.629855
152.666472
152.679780
152.686793
152.690506
152.764700
152.780672
152.800931
152.803483
152.831110
152.921216
152.958251
152.980233
153.017422
153.043626
153.104492
153.113205
153.144946
153.160997
153.169503
153.373310
153.421235
153.436857
153.494813
153.541833
153.613067
153.651678
153.681145
153.695247
153.702734
153.774492
153.795010
153.795771
153.841338
153.970485
154.179957
154.200849
154.254205
154.291636
154.308331
154.331427
154.346971
154.354127
154.424700
154.440175
154.469079
154.489142
154.503222
154.531404
154.653471
154.681568
154.735522
154.737072
154.758774
154.765820
154.769294
154.801357
154.893521
154.919750
154.947948
154.961221
155.012893
155.037306
155.046980
155.078741
155.112390
155.191377
155.324939
155.354180
155.363477
155.388601
155.424529
155.425210
155.445522
155.458072
155.477678
155.477835
155.496509
155.498711
155.504047
155.506705
155.545672
155.561286
155.561912
155.613124
155.687506
155.727476
155.782294
155.794920
155.846240
155.866031
155.904014
155.923173
155.939645
155.944670
156.091038
156.125479
156.126128
156.144123
156.161950
156.177679
156.256184
156.256575
156.271860
156.310045
156.365713
156.368069
156.373773
156.515626
156.677646
156.713079
156.714820
156.731852
156.746311
156.781448
156.887547
156.977016
156.996818
157.046675
157.047515
157.071678
157.106665
157.109606
157.150727
157.172853
157.194165
157.197499
157.214860
157.222320
157.243762
157.247630
157.264740
157.302830
157.321131
157.321240
157.408916
157.440155
157.452852
157.470138
157.483512
157.561574
157.589644
157.643626
157.725741
157.889967
157.979088
158.021498
158.081113
158.106735
158.153004
158.183435
158.187976
158.217558
158.308902
158.323442
158.325204
158.338011
158.346070
158.418257
158.568328
158.581888
158.592045
158.613756
158.618988
158.620302
158.649414
158.673294
158.882962
158.889987
158.903301
158.913743
158.930696
158.952265
158.962742
159.006095
159.014975
159.034271
159.037588
159.051978
159.075658
159.128664
159.140024
159.155431
159.210799
159.257499
159.298971
159.318967
159.346413
159.351547
159.387280
159.461960
159.524164
159.526803
159.581906
159.585855
159.662529
159.663211
159.667169
159.683135
159.712847
159.727376
159.751944
159.759558
159.766433
159.767963
159.810632
159.823831
159.826799
159.880036
159.908562
159.909330
159.916906
159.925462
159.937687
159.986583
159.994734
160.004837
160.007067
160.015043
160.029448
160.089379
160.090391
160.163813
160.164437
160.169797
160.319540
160.393173
160.395211
160.408117
160.519078
160.540943
160.548048
160.572354
160.577571
160.640927
160.689652
160.788767
160.798654
160.804475
160.811439
160.852192
160.877693
160.938104
160.950339
160.976508
160.998727
161.114674
161.115889
161.152466
161.169513
161.174094
161.214653
161.220148
161.226025
161.235214
161.279923
161.280204
161.381247
161.382127
161.429887
161.438613
161.440185
161.445603
161.452130
161.463702
161.514011
161.522091
161.536339
161.564022
161.578712
161.626340
161.674053
161.707565
161.725889
161.748047
161.765888
161.774127
161.840745
161.954651
162.064329
162.099205
162.149919
162.155386
162.203555
162.204949
162.263029
162.266168
162.411642
162.464772
162.495745
162.502270
162.509188
162.539451
162.578223
162.626046
162.701039
162.714785
162.794270
162.814385
162.833438
162.870447
162.926479
163.040064
163.052720
163.122047
163.125900
163.308833
163.418550
163.436230
163.491934
163.511603
163.546473
163.574871
163.581536
163.586162
163.591919
163.622020
163.709085
163.784955
163.785918
163.793618
163.801501
163.829968
163.883580
163.893863
163.910215
163.934446
163.944057
163.960729
163.980316
163.988618
163.999730
164.001791
164.022927
164.082392
164.115553
164.136324
164.197328
164.271192
164.304869
164.355870
164.372029
164.385362
164.445256
164.472607
164.508331
164.508406
164.516558
164.517490
164.521667
164.527860
164.568621
164.592470
164.642923
164.687403
164.757576
164.760081
164.784822
164.798066
164.850839
164.889492
164.920381
164.985447
164.986381
165.030591
165.044770
165.087976
165.107711
165.114528
165.208265
165.236445
165.325221
165.361782
165.368243
165.411702
165.447228
165.454818
165.471247
165.524245
165.543948
165.565979
165.642394
165.665107
165.693170
165.706242
165.785538
165.808489
165.825061
165.830523
165.838834
165.839270
165.868517
165.886807
165.887270
165.918703
165.945789
165.968540
166.040316
166.081565
166.082615
166.106906
166.109910
166.182718
166.216465
166.222206
166.252523
166.317448
166.332441
166.391299
166.419157
166.419427
166.427074
166.445342
166.453100
166.489956
166.495523
166.502298
166.559294
166.614919
166.666864
166.714731
166.855948
166.868873
166.915402
166.917662
166.936528
166.944653
166.978219
167.055684
167.080787
167.085297
167.144751
167.164662
167.242005
167.284544
167.305347
167.308514
167.329341
167.368772
167.376698
167.379028
167.501790
167.512007
167.548853
167.595234
167.657472
167.688454
167.695196
167.714603
167.763989
167.783702
167.809839
167.814464
167.842779
167.860137
167.901406
167.924144
167.927164
167.939166
167.963311
167.987991
167.989101
167.989422
168.008229
168.016973
168.034553
168.174026
168.188679
168.226624
168.357523
168.361561
168.422369
168.437916
168.529907
168.534938
168.556938
168.587902
168.644254
168.687929
168.732076
168.748175
168.762318
168.774533
168.788678
168.819483
168.869344
168.890121
168.904887
168.910847
168.932774
169.011211
169.050443
169.052881
169.066305
169.067370
169.067931
169.073737
169.100719
169.108487
169.130250
169.134397
169.156304
169.158618
169.182070
169.194307
169.228771
169.332383
169.429400
169.437005
169.440141
169.442225
169.518379
169.561422
169.574508
169.613513
169.617778
169.618569
169.684340
169.685697
169.717256
169.754526
169.761901
169.766266
169.851958
169.862496
169.928476
169.964490
169.978305
169.978373
169.989463
170.000908
170.001259
170.005918
170.026747
170.039541
170.069195
170.129947
170.167115
170.187921
170.192836
170.220547
170.249711
170.259069
170.260948
170.306745
170.329326
170.339946
170.359794
170.429327
170.485997
170.548178
170.653914
170.671142
170.679872
170.700940
170.716197
170.743218
170.749654
170.788100
170.800953
170.810782
170.973582
171.004287
171.041874
171.064714
171.064863
171.070424
171.092962
171.093201
171.104141
171.139380
171.149221
171.231217
171.249304
171.268366
171.287375
171.315822
171.357842
171.362738
171.394951
171.452567
171.468900
171.470992
171.542775
171.548211
171.616848
171.632638
171.665229
171.704458
171.711709
171.759599
171.794926
171.840744
171.855554
171.878367
171.911467
171.935500
171.962446
172.006185
172.010103
172.035187
172.044495
172.066193
172.084826
172.137444
172.238623
172.246343
172.266829
172.323765
172.327388
172.394578
172.412536
172.425234
172.442948
172.492150
172.572603
172.590758
172.615271
172.659728
172.668078
172.680412
172.714594
172.810315
172.810576
172.816710
172.838378
172.982578
173.027944
173.041827
173.201391
173.217251
173.245257
173.287588
173.306205
173.387091
173.409952
173.430579
173.457644
173.558162
173.673192
173.678890
173.703826
173.722511
173.741056
173.796302
173.814477
173.966987
173.973762
174.092852
174.187745
174.200109
174.220587
174.243983
174.257762
174.265619
174.343688
174.423816
174.509220
174.532136
174.542681
174.588780
174.630357
174.637603
174.668215
174.705743
174.743746
174.762928
174.776046
174.791801
174.808072
174.852084
174.862191
174.898666
174.903229
174.939778
174.972583
175.004394
175.030245
175.054339
175.077293
175.091864
175.113674
175.134409
175.157457
175.166630
175.198249
175.232153
175.238652
175.304601
175.347249
175.388969
175.401080
175.425867
175.433797
175.444296
175.473269
175.475991
175.518633
175.553800
175.573673
175.579997
175.597771
175.620313
175.656144
175.658127
175.663519
175.682252
175.748255
175.763191
175.790898
175.825693
175.876576
175.949689
175.967848
176.027764
176.036415
176.069713
176.099335
176.110050
176.111866
176.124796
176.180472
176.339358
176.376269
176.435134
176.465238
176.574584
176.605899
176.619525
176.635623
176.676745
176.693400
176.729709
176.769011
176.782275
176.853618
176.907652
176.917959
176.944802
176.954182
176.979103
177.023883
177.040512
177.062735
177.075563
177.082006
177.092845
177.223828
177.237689
177.275265
177.330876
177.455729
177.464535
177.528688
177.541979
177.604803
177.610664
177.624084
177.637987
177.645178
177.663890
177.778453
177.787222
177.955645
178.020805
178.041919
178.108787
178.138748
178.182783
178.262968
178.299003
178.299297
178.356832
178.375217
178.387665
178.440397
178.462473
178.467916
178.502429
178.539260
178.588211
178.613317
178.639648
178.688265
178.708490
178.756777
178.788057
178.834442
178.838668
178.892729
178.913010
178.926485
178.929623
178.959342
179.073012
179.078557
179.086629
179.102638
179.147405
179.195796
179.236279
179.255269
179.309446
179.323491
179.356424
179.364038
179.427511
179.513970
179.544096
179.574578
179.588520
179.630688
179.678443
179.712753
179.725196
179.739762
179.746883
179.760801
179.820790
179.840758
179.843381
179.858586
179.922377
179.958512
179.985664
179.989575
179.991392
180.006791
180.052941
180.055193
180.074451
180.074919
180.157768
180.175766
180.218096
180.219086
180.226685
180.256972
180.342674
180.425627
180.439755
180.515346
180.524346
180.531924
180.571589
180.580262
180.617822
180.639659
180.669261
180.713652
180.732579
180.778323
180.821459
180.841041
180.843359
180.890998
180.958943
180.978965
181.040776
181.069343
181.154123
181.169426
181.174015
181.348749
181.390724
181.413801
181.474594
181.478468
181.487562
181.504922
181.514955
181.550673
181.710349
181.719206
181.841734
181.879302
181.942700
181.945065
182.023843
182.045702
182.049293
182.063989
182.067530
182.079760
182.087638
182.235951
182.260822
182.277168
182.279969
182.318110
182.376714
182.423585
182.472839
182.498857
182.603915
182.636051
182.651381
182.681091
182.707140
182.720969
182.755199
182.759210
182.836161
182.858455
182.902205
182.912858
182.935100
182.948164
182.960965
182.962816
182.972109
182.982561
183.006064
183.009551
183.097351
183.111381
183.114829
183.128409
183.133094
183.193166
183.223139
183.230977
183.237625
183.249923
183.282546
183.329704
183.402650
183.406038
183.445745
183.522479
183.560712
183.566789
183.589586
183.603457
183.608924
183.636345
183.655313
183.658395
183.664174
183.716514
183.736360
183.864503
183.884395
183.942157
183.967005
184.040962
184.044511
184.111168
184.116343
184.131693
184.149850
184.156725
184.167128
184.184078
184.189816
184.206136
184.295523
184.362904
184.412303
184.429546
184.434952
184.479019
184.521326
184.539463
184.564246
184.700084
184.725740
184.756195
184.780438
184.799259
184.883937
184.909154
184.918018
184.919181
184.936458
184.964825
184.972444
184.973542
185.001707
185.011077
185.069953
185.105834
185.106700
185.159636
185.174377
185.180831
185.230087
185.259932
185.283789
185.334512
185.346688
185.387737
185.409090
185.428833
185.432965
185.490917
185.618866
185.697231
185.723200
185.746331
185.766806
185.793697
185.864343
185.876476
185.882766
185.926967
185.957301
185.960685
185.973087
186.031746
186.036205
186.039119
186.126781
186.127733
186.164604
186.193023
186.260738
186.260751
186.285253
186.308326
186.315234
186.327472
186.394202
186.419691
186.445305
186.562474
186.571274
186.624967
186.671026
186.679562
186.688104
186.702147
186.702525
186.708418
186.749803
186.772693
186.786839
186.805089
186.863638
186.865533
186.875580
186.881727
186.896098
186.916002
186.929439
186.962657
186.972010
187.005724
187.013319
187.031038
187.088499
187.100533
187.115907
187.161364
187.247271
187.250922
187.261318
187.279304
187.289489
187.307371
187.327806
187.338692
187.344058
187.345761
187.356265
187.360763
187.368990
187.381295
187.421401
187.421550
187.428237
187.452228
187.466342
187.516922
187.565794
187.585531
187.585776
187.609830
187.691711
187.761573
187.770348
187.777546
187.779521
188.031790
188.036229
188.061255
188.095695
188.101136
188.177278
188.228053
188.246007
188.253687
188.286847
188.297602
188.314629
188.319036
188.323292
188.394064
188.399600
188.406713
188.418388
188.427570
188.432147
188.432502
188.437813
188.446697
188.496167
188.501748
188.547065
188.590660
188.595905
188.601191
188.610267
188.644942
188.671410
188.742328
188.782885
188.811402
188.815272
188.830790
188.835129
188.880432
188.912686
188.929870
188.959874
188.960506
188.993449
189.018223
189.054628
189.186766
189.205147
189.231865
189.248291
189.323685
189.328647
189.337432
189.356327
189.418153
189.419960
189.424167
189.443784
189.494894
189.500905
189.556898
189.560868
189.581295
189.643267
189.645114
189.653620
189.653697
189.741159
189.746532
189.896120
189.903760
189.920241
189.959499
189.963032
189.999240
189.999520
190.018695
190.037593
190.088802
190.095956
190.102164
190.107146
190.150989
190.159574
190.168436
190.218276
190.280953
190.304385
190.396242
190.422510
190.465814
190.579739
190.632641
190.684671
190.705409
190.720247
190.722401
190.757091
190.803884
190.804744
190.814009
190.857923
190.865786
190.876197
190.931555
190.997993
191.055238
191.140447
191.150270
191.180759
191.199608
191.215987
191.237992
191.263197
191.308965
191.311582
191.331419
191.376670
191.384219
191.482613
191.497616
191.522877
191.534892
191.560947
191.597958
191.618304
191.711232
191.715836
191.756105
191.777389
191.807212
191.865882
191.877921
191.899122
191.989686
192.016526
192.035764
192.056762
192.089528
192.092176
192.098244
192.127131
192.197677
192.198108
192.200301
192.222457
192.252406
192.269274
192.288668
192.296098
192.316703
192.317826
192.379842
192.399827
192.416577
192.417711
192.447320
192.447719
192.487651
192.557224
192.589587
192.619229
192.662936
192.712165
192.766685
192.897633
192.901215
192.956966
192.957765
192.973031
192.988625
193.056690
193.103809
193.148091
193.152458
193.167892
193.177629
193.183503
193.185230
193.213624
193.259808
193.268836
193.319698
193.320710
193.326322
193.346534
193.370656
193.402881
193.408218
193.408266
193.409737
193.427111
193.464500
193.489079
193.513454
193.526888
193.541589
193.572069
193.694214
193.694956
193.801252
193.842701
193.897021
193.898471
193.901749
193.916632
193.929859
193.943162
194.049928
194.064147
194.083410
194.230150
194.248380
194.255603
194.263057
194.268746
194.270002
194.339836
194.346354
194.356242
194.392226
194.393086
194.406542
194.411931
194.416259
194.416892
194.477027
194.485844
194.508954
194.515865
194.547654
194.563454
194.566104
194.576663
194.584741
194.626902
194.628775
194.640373
194.675579
194.697286
194.771050
194.780630
194.796642
194.801869
194.813543
194.821006
194.823096
194.968498
194.999634
195.058489
195.177983
195.228903
195.278175
195.292762
195.297465
195.353740
195.413167
195.427944
195.427972
195.436828
195.470989
195.483518
195.500978
195.540075
195.609428
195.620227
195.626464
195.661188
195.718857
195.739751
195.751238
195.772271
195.809463
195.813060
195.876171
195.877564
195.901688
195.934093
195.950302
195.999822
196.012052
196.045318
196.048084
196.204696
196.235604
196.242877
196.243415
196.265148
196.283872
196.385467
196.403897
196.470110
196.540110
196.552699
196.594549
196.597315
196.654507
196.661911
196.687904
196.704709
196.708393
196.708500
196.749752
196.763592
196.776483
196.798877
196.823615
196.895028
196.923319
196.940824
196.952658
196.990475
197.023870
197.066365
197.068081
197.128433
197.141055
197.145909
197.194452
197.243017
197.270590
197.356519
197.391512
197.395227
197.401485
197.436805
197.556153
197.562373
197.564144
197.596229
197.620540
197.658781
197.668683
197.684687
197.734666
197.763136
197.850806
198.019781
198.025272
198.028907
198.036939
198.060055
198.078394
198.089186
198.137562
198.151494
198.155326
198.196999
198.223931
198.258511
198.265195
198.281832
198.292316
198.297027
198.303315
198.337107
198.456811
198.483846
198.532370
198.581761
198.583063
198.593329
198.755023
198.811948
198.823348
198.834370
198.840168
198.876034
199.030121
199.065341
199.077683
199.132905
199.170906
199.183707
199.204802
199.212876
199.262930
199.297736
199.315080
199.324267
199.332700
199.421951
199.483027
199.502549
199.510850
199.515544
199.540572
199.574533
199.595563
199.630526
199.680314
199.701708
199.722077
199.736549
199.776892
199.798069
199.938224
199.956783
199.970863
199.980556
200.029906
200.032664
200.082512
200.086451
200.126091
200.150537
200.171014
200.199526
200.215068
200.235534
200.271535
200.272766
200.293539
200.297894
200.304912
200.315443
200.333297
200.347944
200.353751
200.397441
200.429481
200.440435
200.457142
200.473899
200.480609
200.513124
200.521772
200.528106
200.546941
200.563790
200.597998
200.599993
200.623498
200.700405
200.715165
200.733514
200.781826
200.788950
200.789006
200.796280
200.811065
200.825413
200.838305
200.864665
200.887910
200.909733
200.931887
200.995656
201.074674
201.122909
201.139841
201.173487
201.198556
201.215636
201.237285
201.331155
201.334894
201.346508
201.397875
201.413346
201.434685
201.480312
201.503014
201.548259
201.557981
201.566253
201.574330
201.582031
201.587401
201.598846
201.633111
201.787340
201.938906
201.947444
202.097847
202.137841
202.174583
202.349622
202.380100
202.429318
202.636209
202.683610
202.690882
202.782562
202.903409
202.919521
202.927730
202.930066
202.971771
203.030387
203.034726
203.044243
203.044389
203.051526
203.057681
203.089008
203.094504
203.108720
203.125952
203.130502
203.149415
203.254694
203.274584
203.321936
203.332266
203.342715
203.380100
203.428744
203.466553
203.480067
203.515295
203.530809
203.538998
203.592348
203.670384
203.760232
203.774871
203.791770
203.814885
203.837060
203.840993
203.879284
203.952875
203.953339
203.960333
204.050846
204.060558
204.107451
204.177456
204.272267
204.301651
204.361869
204.362059
204.422024
204.449326
204.459696
204.465823
204.476509
204.542807
204.637883
204.709661
204.725500
204.733735
204.739873
204.744253
204.761913
204.836654
204.885405
204.893786
204.979344
205.020592
205.062606
205.082777
205.171930
205.213556
205.219691
205.258054
205.303439
205.322442
205.365704
205.406332
205.433758
205.445855
205.525423
205.571288
205.663722
205.674369
205.788175
205.804390
205.837416
205.852247
205.961582
205.965970
205.976076
205.980415
206.030815
206.045385
206.049478
206.057213
206.057318
206.101495
206.105226
206.105904
206.107904
206.160657
206.194044
206.213828
206.266028
206.462437
206.534171
206.539161
206.561743
206.609313
206.658461
206.662442
206.679167
206.693063
206.730688
206.740803
206.752841
206.818659
206.849073
206.853697
206.853886
206.964040
207.056423
207.073863
207.112344
207.112371
207.130578
207.212522
207.231070
207.303847
207.314365
207.325913
207.330186
207.350661
207.356384
207.364535
207.388563
207.389298
207.391301
207.406511
207.410314
207.410800
207.500373
207.510598
207.525443
207.595898
207.634054
207.662854
207.696841
207.712927
207.713924
207.719878
207.742762
207.761284
207.801450
207.814455
207.889137
207.912229
207.923567
207.932193
207.957566
207.973750
208.070710
208.072879
208.113680
208.120937
208.122619
208.164762
208.293570
208.299129
208.417920
208.424527
208.431899
208.435907
208.441263
208.456810
208.458221
208.561749
208.593030
208.594815
208.600637
208.639777
208.682462
208.702483
208.713087
208.727114
208.728080
208.730996
208.773310
208.790374
208.837006
208.868695
208.909632
208.919973
208.932273
208.945631
209.001523
209.058719
209.067783
209.071340
209.103150
209.103842
209.140976
209.149140
209.157134
209.165069
209.212468
209.238441
209.246356
209.278195
209.317355
209.385421
209.392700
209.401003
209.404361
209.415388
209.440204
209.563663
209.594656
209.618503
209.651605
209.661560
209.663783
209.786048
209.866700
209.869519
209.880515
209.892061
209.928760
209.929822
209.951461
209.981898
210.019854
210.047142
210.048266
210.063820
210.092492
210.095447
210.096592
210.133405
210.144619
210.147464
210.151431
210.167987
210.173213
210.190349
210.270630
210.285076
210.285657
210.334759
210.350064
210.367449
210.382470
210.392719
210.490660
210.497754
210.570168
210.596363
210.616178
210.623431
210.624685
210.645395
210.736931
210.759907
210.760023
210.815577
210.874131
210.890950
210.898362
210.906550
210.914172
210.976682
210.996252
211.002426
211.014579
211.020405
211.050310
211.055400
211.192668
211.275475
211.306421
211.318956
211.341651
211.373468
211.420698
211.480202
211.563079
211.569870
211.574662
211.577688
211.579527
211.603744
211.629740
211.675528
211.704298
211.704907
211.784859
211.801972
211.840779
211.873515
211.878005
211.881364
211.986490
212.013840
212.090399
212.123984
212.129373
212.163708
212.243341
212.293668
212.306406
212.345325
212.358299
212.403340
212.414942
212.496596
212.514468
212.578116
212.579788
212.632779
212.657155
212.682903
212.695580
212.708251
212.783016
212.825228
212.862505
212.889521
212.907694
212.909680
212.979632
213.081127
213.088276
213.092145
213.093592
213.143188
213.144187
213.181485
213.205545
213.219084
213.357847
213.376764
213.418034
213.426095
213.483742
213.501228
213.542266
213.572111
213.608220
213.618547
213.656663
213.765833
213.776758
213.777169
213.804216
213.807999
213.825636
213.838482
213.923346
213.926165
213.940357
213.940551
213.947806
214.006673
214.011541
214.024340
214.047765
214.060475
214.081055
214.102338
214.119621
214.188610
214.250125
214.262801
214.293161
214.378251
214.383856
214.417126
214.432839
214.455944
214.570056
214.657409
214.688521
214.803065
214.804854
214.838226
214.842006
214.851831
214.855072
214.894117
214.896683
214.935626
214.960845
215.040865
215.053161
215.099020
215.146969
215.149247
215.166129
215.181242
215.190100
215.211017
215.251510
215.280785
215.340857
215.387226
215.394393
215.446031
215.456189
215.460273
215.477818
215.535215
215.535402
215.572270
215.596118
215.601544
215.642131
215.687575
215.775360
215.786523
215.799055
215.810523
215.850342
215.857165
215.882685
215.920980
215.932004
215.964561
215.978626
216.080704
216.170597
216.199665
216.243181
216.328964
216.365221
216.365905
216.371135
216.384350
216.415368
216.503740
216.523719
216.526386
216.570700
216.577691
216.610782
216.618892
216.662181
216.706716
216.735104
216.775786
216.816465
216.941710
217.061971
217.067165
217.094031
217.105218
217.117761
217.118004
217.123418
217.220575
217.243874
217.262892
217.308859
217.356432
217.412126
217.470518
217.516217
217.561929
217.619241
217.679805
217.698247
217.710102
217.756557
217.765413
217.804580
217.809471
217.852667
217.878345
217.927076
217.950544
217.989587
218.028449
218.085377
218.106040
218.248834
218.260433
218.268128
218.279583
218.306898
218.324527
218.342294
218.343406
218.377662
218.433105
218.455193
218.471834
218.483917
218.514493
218.518160
218.536953
218.538820
218.546051
218.551744
218.651694
218.655376
218.701217
218.716850
218.734649
218.757999
218.759155
218.805928
218.823113
218.871500
218.880996
218.906108
218.919984
218.931462
218.979475
219.005710
219.055160
219.071078
219.086588
219.091012
219.097631
219.149840
219.150296
219.157769
219.220129
219.318945
219.333582
219.354578
219.404954
219.420798
219.500586
219.505187
219.551189
219.590665
219.590897
219.609465
219.654160
219.757953
219.786880
219.824641
219.876902
219.878329
219.979362
219.981546
219.985990
219.990862
220.001842
220.019336
220.026750
220.055764
220.065193
220.065285
220.084351
220.092649
220.101359
220.117151
220.133527
220.164293
220.259137
220.269350
220.309581
220.324184
220.350917
220.479482
220.507643
220.546351
220.547576
220.630136
220.666704
220.682370
220.731947
220.864405
220.868258
220.884771
220.910590
220.916903
220.928567
220.933945
220.961123
221.027544
221.052179
221.054444
221.069989
221.087577
221.105344
221.161347
221.226116
221.242926
221.275322
221.404589
221.422504
221.502523
221.555632
221.564155
221.583952
221.668285
221.685120
221.711000
221.750938
221.754508
221.820223
221.822669
221.829216
221.888009
221.894220
221.912974
221.940433
222.045121
222.049321
222.057379
222.079097
222.101063
222.115517
222.125863
222.194306
222.202887
222.236728
222.242679
222.277174
222.278517
222.323914
222.351980
222.379808
222.502148
222.532687
222.592410
222.670404
222.746410
222.762460
222.765201
222.785412
222.799176
222.859299
222.886964
222.908095
222.963895
222.972832
222.981114
222.995795
223.000804
223.012024
223.034133
223.072208
223.085676
223.095853
223.315221
223.373462
223.392466
223.419865
223.494366
223.510455
223.570719
223.583474
223.610989
223.622565
223.646504
223.661124
223.701633
223.716522
223.776847
223.783261
223.791915
223.849907
223.932445
223.983259
224.013208
224.038336
224.047440
224.092859
224.128319
224.129956
224.295191
224.316585
224.327260
224.346848
224.362007
224.394744
224.399174
224.455096
224.470861
224.499352
224.637280
224.640880
224.667112
224.782785
224.797737
224.827108
224.850351
224.851232
224.869695
224.870252
224.876792
224.878911
224.957590
224.957822
225.016228
225.031999
225.082873
225.153868
225.199512
225.240185
225.257633
225.263155
225.272268
225.280301
225.341846
225.347586
225.401686
225.433254
225.446916
225.464392
225.492126
225.571210
225.610363
225.613410
225.619918
225.737680
225.751009
225.755218
225.768321
225.773808
225.779830
225.782953
225.792927
225.819112
225.864687
225.872288
225.908231
226.033391
226.085274
226.113308
226.118138
226.127744
226.142640
226.174625
226.201197
226.208029
226.254163
226.300107
226.331043
226.332293
226.405764
226.420767
226.426677
226.435500
226.440299
226.442899
226.458806
226.476264
226.509285
226.542783
226.553283
226.632673
226.668973
226.700550
226.713746
226.716264
226.867580
226.909541
227.044696
227.045834
227.047783
227.107932
227.124495
227.266975
227.351847
227.353653
227.364096
227.391462
227.424578
227.455912
227.529441
227.597028
227.601504
227.673233
227.678529
227.690969
227.705317
227.706410
227.718729
227.720007
227.743380
227.803326
227.828118
227.841591
227.850490
227.856128
227.856277
227.864462
227.893270
227.903125
227.930885
227.934629
227.934951
227.976445
227.985847
227.991027
228.008968
228.073346
228.116581
228.148517
228.163428
228.258209
228.271476
228.290459
228.329667
228.331793
228.340536
228.360510
228.395474
228.474212
228.494267
228.553765
228.590704
228.614514
228.617732
228.622715
228.707801
228.776536
228.789827
228.832050
228.833439
228.861184
229.020599
229.034469
229.055326
229.056730
229.074390
229.079033
229.089429
229.091552
229.149832
229.166089
229.170804
229.206222
229.238445
229.246127
229.267281
229.269031
229.294956
229.346262
229.395153
229.431532
229.456105
229.483916
229.506081
229.571713
229.636425
229.636666
229.688599
229.696894
229.769923
229.785258
229.794196
229.805822
229.845743
229.851944
229.889792
229.895935
229.983544
229.998721
230.024945
230.025955
230.026081
230.062847
230.066627
230.092383
230.094037
230.136303
230.164624
230.229215
230.299116
230.303730
230.308639
230.323992
230.357757
230.435194
230.463834
230.519700
230.555190
230.577486
230.610595
230.711804
230.722502
230.736730
230.754081
230.759389
230.796662
230.821163
230.858138
230.902570
230.910285
230.944603
231.030574
231.035780
231.036725
231.067012
231.145439
231.145630
231.317897
231.320011
231.348274
231.377753
231.380262
231.396173
231.422987
231.432339
231.478666
231.491296
231.493269
231.532761
231.538169
231.555409
231.564331
231.581858
231.606467
231.610551
231.665702
231.675413
231.732634
231.738788
231.744366
231.755094
231.911922
231.941887
231.958949
231.969940
232.001055
232.077620
232.110645
232.117712
232.128333
232.145019
232.147908
232.186879
232.249821
232.309966
232.404457
232.422933
232.428838
232.431916
232.501734
232.505679
232.512090
232.524542
232.577420
232.665690
232.689575
232.740971
232.764072
232.770573
232.772653
232.784336
232.819649
232.982120
232.982728
233.027051
233.028584
233.042931
233.082379
233.103661
233.127884
233.130179
233.176953
233.237165
233.250617
233.265504
233.281694
233.285411
233.293562
233.359650
233.409052
233.508770
233.543628
233.631192
233.652470
233.657339
233.708694
233.761378
233.814705
233.846055
233.879382
233.967857
233.984201
234.002401
234.060314
234.074004
234.076359
234.090451
234.098624
234.147503
234.167420
234.188632
234.213179
234.328316
234.337782
234.426787
234.455920
234.568513
234.569661
234.593169
234.595421
234.631871
234.642516
234.644388
234.703513
234.746210
234.791038
234.809224
234.862091
234.901035
234.955254
234.982326
235.043488
235.094058
235.175722
235.219589
235.272805
235.298801
235.354704
235.434620
235.556332
235.561539
235.601467
235.626176
235.629962
235.646588
235.650050
235.656694
235.751425
235.752284
235.774252
235.783815
235.797880
235.870513
235.942901
235.958692
235.964940
236.027832
236.058856
236.061588
236.075173
236.097021
236.106571
236.110088
236.144358
236.145173
236.181978
236.197877
236.216801
236.292115
236.340886
236.413111
236.432400
236.450396
236.451091
236.451519
236.469586
236.475722
236.511941
236.557045
236.593337
236.602114
236.610398
236.622657
236.650588
236.658041
236.689126
236.731379
236.747132
236.752599
236.756763
236.758639
236.781672
236.804187
236.808720
236.870302
237.008658
237.089082
237.102413
237.123830
237.125040
237.141775
237.158600
237.171552
237.181428
237.264903
237.274957
237.280263
237.357060
237.391728
237.395113
237.479265
237.481946
237.508218
237.542439
237.563436
237.569879
237.587810
237.593270
237.595931
237.643057
237.648649
237.655879
237.668996
237.744274
237.751028
237.768442
237.828256
237.833185
237.958730
237.978029
238.017614
238.036474
238.069601
238.122908
238.127043
238.166471
238.220981
238.228790
238.241882
238.246925
238.249031
238.326619
238.328165
238.361090
238.363121
238.435573
238.540352
238.574013
238.577762
238.595730
238.602430
238.604904
238.637132
238.749977
238.750112
238.758437
238.765585
238.793892
238.800999
238.851489
238.894592
238.899140
238.912966
238.954072
239.011925
239.065361
239.076982
239.099584
239.126651
239.135685
239.183829
239.223700
239.262960
239.266553
239.308073
239.308550
239.319948
239.353212
239.354617
239.405344
239.409549
239.524539
239.551215
239.650452
239.665553
239.732828
239.752414
239.769571
239.781596
239.804822
239.923179
240.112516
240.192020
240.198999
240.229578
240.350426
240.550657
240.577883
240.598183
240.634229
240.636109
240.645665
240.704965
240.815836
240.849178
240.908894
240.923639
240.947185
240.948885
240.957229
240.960986
240.975455
240.990991
240.998311
241.053365
241.097890
241.100277
241.168809
241.189158
241.233519
241.246478
241.287327
241.312627
241.323220
241.365897
241.385541
241.406290
241.411421
241.424815
241.437804
241.483828
241.532928
241.537809
241.558739
241.566464
241.586290
241.596383
241.603114
241.607937
241.627633
241.676357
241.690572
241.739602
241.760193
241.768573
241.774220
241.777257
241.777409
241.809064
241.820835
241.835310
241.844479
241.846365
241.847688
241.858944
241.882164
241.896447
241.913884
241.984065
242.042451
242.069200
242.370767
242.383622
242.425814
242.457583
242.581336
242.638977
242.642676
242.646057
242.710569
242.735844
242.740954
242.748731
242.755464
242.756795
242.845620
242.920209
242.940810
243.027972
243.081040
243.107444
243.133618
243.146537
243.158904
243.238599
243.283403
243.313656
243.324962
243.341396
243.343099
243.369423
243.413914
243.416768
243.444815
243.484154
243.485299
243.559703
243.606687
243.607013
243.662885
243.680191
243.753931
243.755929
243.824619
243.838458
243.868058
243.871819
243.885215
243.889078
243.928685
243.941988
243.949211
243.965711
244.017196
244.043317
244.054802
244.057741
244.076378
244.098434
244.104425
244.108580
244.163150
244.169966
244.209350
244.234863
244.313202
244.333875
244.369087
244.403919
244.480292
244.554950
244.591017
244.629536
244.779462
244.786355
244.799637
244.917497
244.974740
244.999142
245.050864
245.098983
245.099817
245.130583
245.182705
245.185433
245.189820
245.212429
245.215782
245.237263
245.344516
245.345812
245.366656
245.403659
245.430645
245.436989
245.464053
245.484981
245.494701
245.499684
245.550425
245.617284
245.644113
245.657771
245.686373
245.706786
245.771600
245.782451
245.792027
245.877889
245.882053
245.915075
245.972416
246.030905
246.123384
246.151514
246.182892
246.245149
246.247998
246.283894
246.395090
246.411618
246.435140
246.486228
246.533032
246.555764
246.584008
246.588210
246.596307
246.608024
246.614243
246.629832
246.679497
246.685739
246.742981
246.756311
246.758856
246.787352
246.811940
246.826613
246.830672
246.844090
246.844104
246.896664
246.981787
247.032281
247.075362
247.148874
247.161792
247.226762
247.227373
247.262355
247.381996
247.480902
247.636315
247.652114
247.728865
247.732468
247.746594
247.765423
247.796270
247.844320
247.881020
247.897894
247.935900
248.076777
248.087109
248.138848
248.165326
248.183491
248.200357
248.236199
248.293215
248.315752
248.452832
248.455105
248.471088
248.508843
248.557959
248.564125
248.665919
248.714385
248.719727
248.738687
248.749285
248.779042
248.781875
248.802590
248.804908
248.809792
248.809951
248.812729
248.876741
248.880167
248.881687
248.913381
248.922298
249.031860
249.105589
249.225144
249.248560
249.321683
249.354426
249.433693
249.444527
249.487350
249.495777
249.507026
249.575386
249.673671
249.695721
249.770729
249.770792
249.797990
249.845713
249.852706
249.916146
249.939079
249.948463
249.949782
249.962333
250.070229
250.116113
250.157831
250.213878
250.240647
250.303749
250.308374
250.331041
250.364410
250.381500
250.388152
250.398679
250.418016
250.448254
250.504204
250.597148
250.721086
250.725943
250.767759
250.769196
250.769399
250.789379
250.795543
250.800577
250.808852
250.857155
250.864638
250.943821
250.972460
251.015774
251.136486
251.165926
251.222832
251.230916
251.252137
251.257293
251.292814
251.333373
251.485506
251.582331
251.592238
251.594960
251.652293
251.689639
251.728235
251.823903
251.851432
251.863443
251.871997
252.038711
252.066866
252.084867
252.094724
252.134351
252.163684
252.171234
252.254755
252.306869
252.330386
252.331473
252.382881
252.390283
252.443853
252.505062
252.564272
252.576555
252.607118
252.654437
252.663504
252.678280
252.684139
252.686351
252.689915
252.691600
252.703758
252.714386
252.736603
252.799538
252.825359
252.829415
252.964306
252.987308
252.989616
252.999391
253.012571
253.025298
253.060772
253.100624
253.103916
253.105537
253.128772
253.148835
253.157314
253.214238
253.225036
253.228884
253.246727
253.267662
253.287271
253.332372
253.355172
253.381337
253.412095
253.511713
253.532123
253.552254
253.578357
253.663869
253.664529
253.683885
253.719102
253.722402
253.752247
253.788732
253.826588
253.853630
253.889812
253.900398
253.901966
253.920699
253.933752
253.942590
254.037471
254.095533
254.139560
254.191689
254.197011
254.241996
254.355442
254.437919
254.465892
254.475850
254.498568
254.511161
254.513826
254.573996
254.688377
254.707004
254.708876
254.736901
254.758871
254.759214
254.759872
254.801851
254.828833
254.845575
254.868419
254.874800
254.921706
254.950788
254.966148
254.981227
255.001654
255.040595
255.043217
255.050311
255.104157
255.106182
255.158557
255.229469
255.236892
255.239736
255.276697
255.307114
255.309199
255.310983
255.433643
255.497742
255.505860
255.546194
255.567874
255.571255
255.604874
255.630589
255.636180
255.647195
255.651183
255.669720
255.700615
255.772546
255.784424
255.787268
255.787294
255.808018
255.860091
255.865025
255.929401
255.945825
255.981198
256.010306
256.060891
256.122116
256.134050
256.149150
256.169477
256.343305
256.432112
256.442841
256.601370
256.675843
256.721566
256.792166
256.835309
256.841026
256.848318
256.866985
256.986188
256.991511
257.025308
257.036367
257.042081
257.073003
257.076807
257.122177
257.177954
257.236616
257.238014
257.375871
257.415865
257.446661
257.475771
257.522579
257.604757
257.632156
257.706005
257.715340
257.793155
257.862220
257.957778
257.995248
258.003163
258.048317
258.067254
258.134666
258.156899
258.163129
258.168897
258.169022
258.179539
258.202635
258.223618
258.232031
258.236884
258.263697
258.314223
258.315718
258.343659
258.352140
258.352530
258.370906
258.379628
258.415404
258.418616
258.426163
258.438892
258.468078
258.480600
258.490558
258.499327
258.629884
258.637707
258.673212
258.723872
258.801270
258.821387
258.836134
258.844264
259.029828
259.037946
259.042358
259.139321
259.153353
259.202429
259.212146
259.295449
259.326357
259.371971
259.375583
259.381273
259.407680
259.423706
259.432580
259.465952
259.490034
259.492500
259.500596
259.522115
259.567583
259.628080
259.630762
259.639986
259.674962
259.675158
259.678089
259.687943
259.741029
259.791694
259.804416
259.808091
259.817334
259.835113
259.840976
259.853608
259.879489
259.904742
259.941145
259.973476
259.978015
260.041445
260.150553
260.241240
260.268270
260.302297
260.345034
260.370653
260.375703
260.390903
260.395116
260.412133
260.431586
260.433479
260.470635
260.518209
260.536822
260.612763
260.618242
260.643858
260.689142
260.704830
260.730448
260.736253
260.749768
260.757608
260.795081
260.805423
260.826655
260.855934
260.858567
260.930981
260.936540
260.941000
260.973156
260.983376
260.987292
260.994050
261.052105
261.089615
261.100421
261.104796
261.205619
261.239630
261.301499
261.344704
261.361093
261.373564
261.377910
261.378100
261.421965
261.440798
261.501159
261.530223
261.560806
261.620221
261.693773
261.714541
261.741705
261.800925
261.836373
261.859624
261.883069
261.998389
262.011189
262.023193
262.064293
262.104548
262.270519
262.275858
262.293485
262.320208
262.325782
262.332421
262.362357
262.409458
262.432764
262.437762
262.462083
262.495367
262.552122
262.598309
262.733109
262.735306
262.751208
262.759769
262.775385
262.885294
263.034775
263.039062
263.084914
263.089837
263.140953
263.165801
263.175123
263.195934
263.271700
263.282942
263.315208
263.319826
263.321602
263.367542
263.403735
263.446434
263.484202
263.541899
263.574433
263.593021
263.632070
263.675502
263.731968
263.748663
263.830234
263.840341
263.891959
263.955848
263.999950
264.009627
264.062246
264.086795
264.206535
264.225095
264.243995
264.259553
264.292146
264.297401
264.399739
264.419989
264.461107
264.491152
264.587905
264.604237
264.604878
264.609921
264.700219
264.703040
264.715401
264.724417
264.733299
264.741869
264.773432
264.783684
264.854488
264.895054
264.936125
264.938055
264.955088
264.962578
264.964249
264.976307
265.075208
265.092975
265.098302
265.137396
265.180354
265.272466
265.279307
265.279904
265.317924
265.350591
265.351978
265.361224
265.362305
265.401011
265.406393
265.415694
265.436464
265.463533
265.504735
265.554122
265.639219
265.646288
265.661581
265.671153
265.700304
265.706836
265.736886
265.792561
265.808412
265.842131
265.868254
265.878318
265.909841
265.924058
265.928350
265.928365
265.936429
265.939968
265.974655
265.986893
266.017297
266.030458
266.041013
266.043239
266.101369
266.130153
266.168026
266.185684
266.188794
266.191294
266.217178
266.236866
266.294288
266.329524
266.337931
266.347228
266.366280
266.406099
266.481670
266.492336
266.496723
266.526414
266.526718
266.583346
266.698494
266.731133
266.734399
266.741400
266.786210
266.788824
266.870916
266.897565
266.926643
267.007021
267.011200
267.093664
267.159445
267.176076
267.194098
267.201222
267.206338
267.211314
267.228845
267.236416
267.258238
267.378098
267.386081
267.420537
267.424781
267.504573
267.508780
267.510511
267.540740
267.566677
267.575341
267.602229
267.612492
267.631315
267.637723
267.674902
267.706554
267.739237
267.759632
267.814254
267.814743
267.838375
267.879189
267.883474
267.905367
268.051253
268.097240
268.103799
268.152217
268.162538
268.186513
268.231250
268.243831
268.343159
268.354779
268.374698
268.392660
268.401344
268.463652
268.490569
268.571827
268.599390
268.664441
268.673714
268.676671
268.684304
268.685159
268.722154
268.725526
268.870576
268.876281
268.926522
268.987045
269.106944
269.219041
269.234938
269.236750
269.247933
269.319258
269.358534
269.363346
269.382233
269.414199
269.474512
269.478618
269.488565
269.496388
269.506562
269.522532
269.525816
269.551038
269.595716
269.605324
269.638713
269.646863
269.681327
269.697011
269.705721
269.754150
269.829711
269.896109
269.986226
270.029794
270.058867
270.110115
270.135468
270.137017
270.138845
270.147030
270.166182
270.190631
270.263098
270.277046
270.294749
270.316084
270.376547
270.416148
270.473495
270.499265
270.541240
270.552390
270.598191
270.599253
270.629104
270.682560
270.705203
270.743154
270.747820
270.811005
270.871499
270.888179
270.906767
270.939410
270.959237
270.965021
270.966963
270.968806
271.003394
271.017450
271.036870
271.101767
271.135990
271.151835
271.171351
271.273427
271.403945
271.444265
271.448069
271.520012
271.561931
271.599381
271.610251
271.656742
271.713104
271.718139
271.727911
271.755961
271.907851
271.933589
271.945539
272.005897
272.025458
272.057856
272.062291
272.099955
272.128200
272.135815
272.222780
272.246876
272.321718
272.370144
272.380080
272.385353
272.388435
272.426533
272.439535
272.451786
272.470083
272.493706
272.523865
272.544380
272.559395
272.614885
272.619198
272.663020
272.706473
272.736698
272.748565
272.769662
272.801346
272.841323
272.870131
272.909188
272.924064
272.968587
273.064718
273.065116
273.087724
273.091714
273.101344
273.175017
273.204625
273.281332
273.333604
273.336397
273.343653
273.374038
273.413540
273.433777
273.445895
273.453345
273.489769
273.533585
273.556164
273.566832
273.616752
273.628253
273.629977
273.659944
273.701509
273.701595
273.724578
273.725812
273.730137
273.754840
273.848128
273.928019
273.932290
273.987465
274.006594
274.019552
274.033269
274.048589
274.080310
274.152598
274.164234
274.177819
274.201851
274.257277
274.308090
274.315268
274.315785
274.321688
274.327345
274.349424
274.352622
274.420540
274.442120
274.492308
274.494745
274.643782
274.672195
274.703339
274.732804
274.783389
274.793410
274.799894
274.840980
274.878977
274.947102
275.076314
275.113207
275.143383
275.183115
275.211134
275.217986
275.233102
275.263235
275.286151
275.443775
275.450017
275.488945
275.539343
275.605585
275.654205
275.672676
275.715745
275.720669
275.730455
275.740442
275.741301
275.758979
275.832624
275.875062
275.885304
275.944652
276.026893
276.068084
276.131454
276.137486
276.162397
276.165427
276.168894
276.188099
276.247940
276.258503
276.275884
276.283340
276.311786
276.326023
276.337111
276.347700
276.371568
276.380676
276.428479
276.444504
276.496688
276.520415
276.593181
276.606872
276.681143
276.695949
276.773599
276.793863
276.931217
276.970738
277.032942
277.039358
277.048573
277.061856
277.094428
277.113562
277.125755
277.141176
277.176231
277.177055
277.220201
277.240377
277.242124
277.257416
277.296673
277.312068
277.340758
277.376922
277.387436
277.403858
277.414411
277.429989
277.481547
277.532399
277.547769
277.592618
277.613466
277.644134
277.654262
277.654561
277.672889
277.682721
277.717173
277.729194
277.840665
277.887377
277.920813
277.961438
277.989545
278.035994
278.076114
278.076235
278.134825
278.147681
278.178301
278.195879
278.202021
278.206084
278.251400
278.288086
278.292034
278.307558
278.311889
278.329320
278.373430
278.375143
278.376586
278.442081
278.495997
278.500471
278.503476
278.713641
278.713972
278.738485
278.758431
278.760645
278.887581
278.929630
279.173428
279.212209
279.296570
279.323465
279.337038
279.364845
279.367742
279.382613
279.438222
279.470906
279.505828
279.519419
279.554524
279.559371
279.632693
279.633856
279.645596
279.658837
279.674725
279.680169
279.699483
279.834805
279.886688
279.890987
279.896273
279.899033
279.900873
279.923612
279.994410
280.026838
280.066341
280.072163
280.113765
280.127873
280.133169
280.138496
280.150856
280.214795
280.236611
280.249640
280.309155
280.316720
280.333346
280.366005
280.370102
280.404568
280.424431
280.435273
280.447254
280.489328
280.504956
280.549421
280.565105
280.603033
280.670725
280.671082
280.678049
280.681777
280.687135
280.716527
280.717025
280.785018
280.815831
280.826509
280.868991
280.898935
280.927936
281.013000
281.044197
281.068966
281.110063
281.117790
281.123785
281.133439
281.193059
281.197356
281.221232
281.276677
281.301765
281.335308
281.400324
281.452061
281.459656
281.479698
281.539756
281.585872
281.627348
281.646597
281.647157
281.674236
281.678608
281.754250
281.763322
281.765529
281.795909
281.893175
281.911663
281.919214
281.921519
281.937681
281.938070
281.944849
281.945155
281.974551
282.065736
282.102327
282.106645
282.116962
282.127494
282.133761
282.238071
282.277253
282.282642
282.298794
282.310472
282.327170
282.355278
282.386292
282.435019
282.449169
282.465802
282.477964
282.479527
282.559342
282.666567
282.687903
282.776160
282.802940
282.803916
282.836148
282.846663
282.880621
282.917403
282.941146
282.944338
283.006277
283.149047
283.202831
283.208349
283.248138
283.322065
283.330600
283.339309
283.351652
283.367712
283.369475
283.419267
283.452078
283.496142
283.507985
283.518556
283.603315
283.753996
283.770454
283.789124
283.907454
284.011724
284.107635
284.167156
284.180661
284.187998
284.191382
284.194325
284.244443
284.266290
284.275507
284.279758
284.319793
284.328685
284.375138
284.394746
284.398055
284.404507
284.442573
284.457544
284.476529
284.476886
284.519153
284.549605
284.558187
284.567390
284.597383
284.633840
284.719687
284.736652
284.787345
284.816899
284.830179
284.840275
284.901597
285.004864
285.028304
285.035137
285.139116
285.185879
285.358986
285.405064
285.456285
285.561513
285.623205
285.640145
285.650762
285.659869
285.721948
285.725678
285.732719
285.812430
285.818767
286.000234
286.013753
286.016123
286.020844
286.035366
286.048203
286.154536
286.217406
286.235318
286.238657
286.287794
286.325490
286.328706
286.340582
286.343887
286.349995
286.359202
286.368249
286.373182
286.380534
286.412286
286.471384
286.488446
286.498525
286.535847
286.554054
286.578882
286.582045
286.595026
286.619481
286.639493
286.706218
286.743508
286.771821
286.832220
286.890414
286.905267
286.909127
286.927904
286.927927
287.016255
287.088649
287.103080
287.104596
287.112974
287.160279
287.172341
287.279676
287.308561
287.337359
287.349752
287.360074
287.385317
287.478655
287.540894
287.556075
287.579467
287.619502
287.620955
287.650965
287.700114
287.713519
287.741627
287.782559
287.868801
287.897379
287.900712
287.928868
287.972460
287.991326
287.994913
288.022258
288.044790
288.050878
288.142071
288.192097
288.252548
288.253001
288.284082
288.302997
288.334266
288.389728
288.411778
288.450259
288.491052
288.534788
288.537296
288.563345
288.573380
288.622390
288.675486
288.692607
288.701246
288.705778
288.731482
288.751897
288.755296
288.788987
288.790776
288.793128
288.826364
288.830160
288.851544
288.866736
288.873986
288.895421
288.905845
288.908906
289.008460
289.087520
289.142250
289.161844
289.200343
289.281604
289.316154
289.327294
289.336278
289.337440
289.349226
289.379328
289.402889
289.404688
289.429229
289.464634
289.482932
289.535565
289.620853
289.713709
289.750495
289.800874
289.870842
289.871819
289.911093
289.923198
290.014453
290.094678
290.161785
290.218311
290.262152
290.264383
290.304593
290.348135
290.355929
290.357043
290.401609
290.454532
290.456994
290.480100
290.557221
290.575198
290.607041
290.708916
290.776004
290.795147
290.795756
290.828681
290.839148
290.839942
290.842693
290.878017
290.908735
290.916480
290.964542
291.010480
291.046343
291.056446
291.067460
291.079887
291.120458
291.188459
291.209483
291.210700
291.217279
291.244803
291.271077
291.283347
291.445644
291.585077
291.606422
291.668303
291.754130
291.792773
291.793515
291.914465
291.977203
291.985953
291.990474
292.013677
292.041242
292.043130
292.161246
292.279308
292.279520
292.292820
292.294618
292.371624
292.448734
292.470035
292.470405
292.519272
292.571729
292.591559
292.737257
292.775697
292.816932
292.846641
292.921381
292.968216
293.025820
293.051461
293.061888
293.083214
293.100679
293.120236
293.126022
293.186793
293.188051
293.239719
293.328545
293.401523
293.419806
293.422155
293.435322
293.507350
293.542236
293.551025
293.603806
293.624476
293.751551
293.871887
293.896255
293.904102
293.911227
293.930682
293.943260
294.011438
294.292643
294.409283
294.463347
294.500840
294.536990
294.602008
294.632197
294.651166
294.679217
294.719944
294.733761
294.741280
294.767403
294.793491
294.808335
294.835086
294.837844
294.839210
294.849127
294.872436
294.885159
294.891173
294.928480
294.944794
294.945119
294.974721
294.982077
295.008947
295.031060
295.088676
295.099247
295.132695
295.172557
295.209296
295.211867
295.261356
295.286774
295.288737
295.321611
295.323020
295.468952
295.472135
295.474698
295.520458
295.536174
295.557004
295.566548
295.590508
295.595334
295.607223
295.620331
295.697900
295.702686
295.719249
295.746934
295.750668
295.793580
295.822046
295.853870
295.906135
295.925305
295.937346
295.957590
295.980858
296.016256
296.029184
296.029830
296.039788
296.059423
296.082588
296.094982
296.142519
296.217282
296.242330
296.272093
296.273460
296.277239
296.296774
296.314909
296.346892
296.353471
296.473654
296.484795
296.487461
296.499041
296.509001
296.541007
296.563796
296.622625
296.668823
296.730723
296.755856
296.764525
296.775768
296.781960
296.826789
296.849001
296.904319
296.910542
296.948716
296.979014
296.982549
297.106911
297.270631
297.288585
297.333175
297.347722
297.360411
297.392661
297.412407
297.412952
297.478766
297.481534
297.499683
297.621325
297.687197
297.706115
297.780480
297.798378
297.830293
297.889990
297.941551
297.945314
298.018784
298.045766
298.092640
298.140953
298.162762
298.166014
298.261663
298.271842
298.279191
298.281657
298.282607
298.374952
298.483379
298.532971
298.629667
298.667578
298.677449
298.758096
298.758098
298.788111
298.807880
298.945273
298.955410
299.079974
299.132715
299.282331
299.309613
299.348467
299.378269
299.403481
299.449917
299.472621
299.536928
299.618558
299.647035
299.715719
299.717370
299.788409
299.836785
299.863447
299.870279
299.896343
299.899276
299.915712
299.920977
299.955673
299.971116
299.982648
300.049623
300.065556
300.157512
300.176840
300.275036
300.276727
300.338757
300.345509
300.361047
300.365675
300.404992
300.423395
300.455140
300.589254
300.592118
300.616239
300.620268
300.624626
300.680006
300.708745
300.730488
300.735942
300.758763
300.759712
300.798717
300.799738
300.811267
300.864948
300.872744
300.876848
300.916479
300.948968
300.965454
300.995068
301.002496
301.014836
301.064464
301.087861
301.098088
301.110580
301.176382
301.193421
301.236749
301.294265
301.295835
301.315021
301.325384
301.330173
301.374343
301.381611
301.381935
301.411005
301.429690
301.470404
301.526935
301.539698
301.641775
301.755573
301.764688
301.790917
301.843686
301.875329
301.911290
301.934485
301.942232
301.962056
302.096227
302.106873
302.159187
302.167023
302.218752
302.229031
302.281355
302.346140
302.419288
302.430060
302.470317
302.532102
302.559204
302.590412
302.604157
302.605824
302.621795
302.775024
302.776877
302.782050
302.857114
302.864247
302.887333
302.887579
302.962350
302.998767
303.028393
303.030094
303.054207
303.118078
303.143155
303.174428
303.209467
303.263147
303.270736
303.286010
303.316678
303.317887
303.319066
303.395421
303.436182
303.444653
303.483094
303.507049
303.509389
303.527978
303.549089
303.565430
303.568880
303.577677
303.625026
303.688505
303.700490
303.737201
303.737465
303.744451
303.778214
303.817116
303.887317
303.938537
303.946240
303.978013
304.013937
304.016487
304.030392
304.038530
304.081499
304.143813
304.159122
304.168015
304.214158
304.280778
304.280922
304.287559
304.324056
304.329276
304.363149
304.416829
304.472499
304.478207
304.498623
304.569741
304.582575
304.629128
304.660939
304.708422
304.757106
304.793007
304.866146
305.054828
305.071922
305.179857
305.217955
305.244877
305.264881
305.282005
305.282397
305.291386
305.347445
305.369542
305.423270
305.457458
305.499681
305.501594
305.530349
305.581727
305.588005
305.595360
305.647113
305.677514
305.717180
305.738738
305.751818
305.759332
305.762861
305.777576
305.886737
305.889738
305.892279
305.940546
305.942286
305.948648
305.954929
305.972378
305.975267
305.980105
306.025727
306.094452
306.100796
306.125613
306.127115
306.127172
306.203002
306.207175
306.220158
306.382490
306.401118
306.412302
306.425428
306.433238
306.510089
306.568548
306.591127
306.606878
306.631926
306.659045
306.668276
306.696502
306.700746
306.704214
306.751487
306.799113
306.832897
306.842360
306.899813
307.097859
307.155286
307.209813
307.217565
307.253535
307.275427
307.281426
307.319152
307.356360
307.388596
307.503935
307.511098
307.515087
307.623278
307.688365
307.688415
307.703264
307.815893
307.818936
307.822821
307.828963
307.844231
307.850737
307.878399
307.893283
307.947786
307.955708
308.004512
308.028567
308.080494
308.115194
308.147614
308.187614
308.204351
308.228271
308.230970
308.239372
308.335973
308.369220
308.419991
308.441083
308.448835
308.500269
308.546484
308.590687
308.594194
308.619967
308.630242
308.722835
308.752535
308.753050
308.772710
308.804503
308.817889
308.831066
308.890208
308.969087
308.975092
309.008389
309.009006
309.010220
309.011116
309.014674
309.043507
309.073773
309.082651
309.092644
309.109438
309.142314
309.154003
309.155903
309.164353
309.202952
309.222535
309.275481
309.325842
309.369920
309.399664
309.425429
309.427411
309.438690
309.462894
309.469926
309.473126
309.531904
309.570201
309.591055
309.618208
309.627980
309.649772
309.666944
309.698583
309.728961
309.729268
309.731977
309.748747
309.794240
309.803201
309.878430
309.890969
309.905797
309.961110
309.977136
310.004001
310.207569
310.249955
310.338495
310.355654
310.381630
310.416369
310.473276
310.508924
310.530648
310.559398
310.583825
310.592255
310.658598
310.697115
310.782476
310.794372
310.801307
310.806137
310.813599
310.870714
310.959039
310.961625
310.985624
311.090423
311.092269
311.094655
311.114532
311.141976
311.187830
311.208620
311.223161
311.261307
311.286353
311.315415
311.318322
311.339195
311.367589
311.377342
311.390228
311.433840
311.441604
311.445297
311.470612
311.532828
311.561520
311.565257
311.584241
311.618459
311.660932
311.770981
311.771827
311.783224
311.804068
311.823846
311.836035
311.903854
311.918756
311.995152
312.043671
312.049258
312.063594
312.099318
312.103342
312.126883
312.152149
312.208451
312.298680
312.299021
312.316854
312.370244
312.391079
312.396506
312.435775
312.462798
312.484725
312.505766
312.511722
312.531062
312.549017
312.566016
312.627934
312.633523
312.650077
312.822969
312.852384
312.861138
312.942099
313.028550
313.042313
313.060960
313.130400
313.181468
313.215264
313.241324
313.297714
313.327954
313.330117
313.339529
313.410858
313.472625
313.648582
313.699250
313.710177
313.723876
313.767572
313.788727
313.834444
313.888713
313.891814
313.896123
313.909430
314.015902
314.065836
314.093837
314.099641
314.137586
314.192179
314.210161
314.249982
314.272405
314.290023
314.302328
314.362637
314.369797
314.415151
314.483239
314.487770
314.493029
314.513495
314.563704
314.571231
314.586553
314.629227
314.667778
314.704481
314.767545
314.803705
314.836113
314.853777
314.856563
314.877712
314.903054
314.908420
314.969606
315.008387
315.029603
315.046636
315.075464
315.111655
315.118390
315.194811
315.211814
315.215056
315.283947
315.297194
315.321032
315.321445
315.321958
315.328164
315.352307
315.430006
315.496243
315.517679
315.545926
315.569321
315.665609
315.701998
315.757763
315.760207
315.765369
315.771920
315.773472
315.777912
315.897325
315.914236
315.918035
315.956636
315.981846
315.989163
315.996584
316.036361
316.073947
316.089323
316.103723
316.110871
316.140945
316.146452
316.215894
316.219874
316.228103
316.285844
316.293512
316.304333
316.319638
316.333524
316.339752
316.393279
316.417488
316.512659
316.562482
316.577953
316.589874
316.595392
316.635471
316.636098
316.636306
316.643183
316.668924
316.683243
316.691776
316.734874
316.738428
316.783876
316.856635
316.896667
316.896676
316.914131
316.980506
317.025234
317.071826
317.083146
317.150867
317.151697
317.202127
317.211472
317.298032
317.332893
317.333526
317.341624
317.350492
317.368183
317.439264
317.473256
317.475329
317.484346
317.500091
317.579035
317.579913
317.592128
317.601828
317.605113
317.667595
317.704429
317.709527
317.784046
317.796544
317.808641
317.836155
317.870525
317.889958
317.913814
317.919926
317.937351
317.980698
318.041908
318.081452
318.086031
318.135421
318.151179
318.176798
318.178548
318.249757
318.279839
318.340721
318.343097
318.366681
318.386694
318.411300
318.459733
318.460495
318.475694
318.499388
318.502834
318.503718
318.510387
318.517958
318.571473
318.574114
318.610209
318.735422
318.823890
318.837153
318.850391
318.898624
318.919103
318.949092
319.002675
319.051550
319.058987
319.059309
319.075729
319.124864
319.134827
319.147959
319.157578
319.184248
319.356094
319.365755
319.384691
319.417954
319.424711
319.434625
319.446002
319.499103
319.505497
319.518658
319.538903
319.593205
319.606193
319.736618
319.757063
319.773632
319.790221
319.805615
319.822633
319.966710
319.968591
319.977313
319.988789
320.013659
320.015532
320.095235
320.122098
320.123149
320.127572
320.196335
320.218602
320.223842
320.240559
320.247502
320.249007
320.252429
320.263926
320.286485
320.289123
320.293181
320.324558
320.371183
320.378515
320.427830
320.431206
320.457908
320.458708
320.468451
320.486592
320.508209
320.529336
320.557285
320.564659
320.571908
320.672681
320.685465
320.718266
320.750056
320.760581
320.831991
320.866473
320.875252
320.937181
320.950949
321.067007
321.075596
321.180814
321.184182
321.234455
321.276987
321.281324
321.319028
321.355964
321.363803
321.374040
321.377078
321.456834
321.470483
321.473039
321.486408
321.491791
321.494513
321.509724
321.524838
321.577558
321.618882
321.628679
321.631971
321.654273
321.725921
321.734242
321.782589
321.801021
321.827733
321.854709
321.863683
321.863927
321.879938
321.880678
322.013053
322.057669
322.065518
322.065713
322.068251
322.092220
322.277309
322.292978
322.296880
322.303143
322.333027
322.367579
322.408513
322.431641
322.450143
322.457114
322.460589
322.466864
322.601293
322.675460
322.691285
322.691804
322.709790
322.735124
322.815495
322.819543
322.913010
322.934174
322.934453
322.941272
322.968521
322.989285
323.021685
323.038722
323.045067
323.077725
323.078052
323.096847
323.110042
323.120042
323.149008
323.236770
323.262303
323.276407
323.282476
323.397282
323.432150
323.441286
323.465137
323.467309
323.535324
323.562982
323.593461
323.671546
323.725789
323.737269
323.757738
323.768347
323.786367
323.815026
323.829065
323.874691
323.928305
324.112628
324.115036
324.249696
324.387787
324.414887
324.431312
324.434467
324.440334
324.545556
324.547918
324.573202
324.625179
324.632893
324.642314
324.646804
324.700371
324.709177
324.738645
324.771944
324.778983
324.822712
324.822738
324.840986
324.863181
324.876865
324.924067
324.971654
324.981188
325.012688
325.026469
325.029771
325.057740
325.072369
325.088925
325.089467
325.126778
325.150305
325.174782
325.180211
325.186358
325.314311
325.320260
325.351965
325.354102
325.404133
325.416541
325.476467
325.515002
325.537586
325.597547
325.599055
325.631641
325.639091
325.651768
325.691174
325.692655
325.782041
325.782249
325.923126
325.934794
325.940660
325.968908
326.013901
326.019205
326.039924
326.047960
326.077883
326.155041
326.165935
326.171690
326.224230
326.254338
326.299746
326.318231
326.330247
326.344026
326.347365
326.364976
326.389922
326.392309
326.412482
326.430466
326.452036
326.473088
326.493922
326.502267
326.532680
326.619641
326.645957
326.651655
326.697471
326.699798
326.734731
326.751476
326.787558
326.851026
326.863078
326.874448
326.937071
326.979711
326.996061
327.042083
327.044957
327.059864
327.064995
327.137585
327.161059
327.202613
327.208827
327.219914
327.273683
327.288082
327.529369
327.579092
327.591635
327.621080
327.636713
327.766574
327.771506
327.781406
327.835666
327.872815
327.878203
327.906835
327.928429
327.931935
327.970373
327.994616
327.997884
328.070644
328.117625
328.189982
328.201982
328.206265
328.258211
328.328503
328.360634
328.379904
328.395978
328.417561
328.425851
328.439930
328.472774
328.480017
328.490781
328.497665
328.500224
328.500489
328.512669
328.527082
328.633453
328.636570
328.687479
328.726993
328.741372
328.741876
328.745718
328.759316
328.775086
328.865381
328.903439
328.957281
328.960387
329.036826
329.082305
329.127453
329.130085
329.174098
329.210594
329.236458
329.242681
329.279457
329.282237
329.316672
329.317455
329.320373
329.336600
329.352917
329.432582
329.455917
329.501676
329.516001
329.607885
329.621711
329.686977
329.692934
329.707533
329.756821
329.765488
329.784543
329.797683
329.807546
329.855305
329.877970
329.888730
329.934792
329.948544
329.949450
329.988536
330.050395
330.073137
330.076513
330.145776
330.170789
330.170948
330.179822
330.192414
330.242297
330.259216
330.340486
330.364341
330.376023
330.444224
330.487359
330.492374
330.531819
330.537748
330.582013
330.596673
330.628032
330.766231
330.795276
330.838873
330.921990
330.956485
331.012672
331.034387
331.035756
331.152249
331.189221
331.223981
331.347455
331.410469
331.417189
331.448309
331.472268
331.483093
331.503690
331.516322
331.529366
331.541610
331.544579
331.611392
331.623634
331.664602
331.750371
331.765038
331.794739
331.839228
331.872228
331.968423
332.000135
332.008350
332.096677
332.125857
332.132182
332.137480
332.157546
332.163894
332.202690
332.219516
332.284999
332.291330
332.338632
332.417439
332.425310
332.493302
332.494677
332.534636
332.535140
332.538505
332.640304
332.682627
332.724677
332.757960
332.788433
332.798767
332.823161
332.935951
332.947335
333.015016
333.018546
333.043937
333.049776
333.052189
333.060625
333.063008
333.110513
333.139902
333.167961
333.196274
333.245992
333.272627
333.281898
333.296153
333.305126
333.308864
333.325439
333.327059
333.384529
333.453631
333.465849
333.508768
333.535064
333.563173
333.645191
333.648286
333.696153
333.721168
333.775767
333.871663
333.968817
333.992685
334.075146
334.137531
334.156728
334.225609
334.230147
334.234382
334.249245
334.275230
334.285360
334.296141
334.298559
334.298697
334.311714
334.437188
334.449574
334.464145
334.497478
334.516381
334.541273
334.634121
334.726041
334.729643
334.733771
334.750488
334.786420
334.800359
334.863282
334.869351
334.899392
334.900496
334.979427
335.026063
335.076557
335.096071
335.181518
335.183460
335.209463
335.239894
335.241034
335.266851
335.275585
335.311006
335.392354
335.459989
335.507208
335.522478
335.579414
335.615329
335.656843
335.683816
335.721351
335.748873
335.758804
335.943983
335.967438
335.995462
336.033355
336.077417
336.096620
336.152599
336.161433
336.196101
336.262635
336.294019
336.368772
336.374720
336.420569
336.428328
336.468798
336.487044
336.488621
336.504319
336.523089
336.547527
336.598475
336.635125
336.635219
336.647780
336.667736
336.671552
336.719034
336.740722
336.764522
336.789591
336.829824
336.847021
336.935796
336.982896
336.995311
337.047936
337.052802
337.061275
337.068134
337.105815
337.133543
337.176741
337.180286
337.192288
337.206522
337.218141
337.227958
337.349932
337.358730
337.360000
337.396291
337.397184
337.409673
337.426575
337.488376
337.620030
337.633094
337.710632
337.730958
337.773307
337.797565
337.799530
337.831990
337.868850
337.945611
337.952013
338.060988
338.069886
338.092233
338.128266
338.151242
338.153262
338.167678
338.200663
338.240815
338.293617
338.300136
338.310987
338.317864
338.319880
338.326439
338.333206
338.352045
338.357208
338.472939
338.483674
338.519781
338.569703
338.581709
338.601221
338.661869
338.671691
338.701769
338.711320
338.769574
338.797978
338.810763
338.864101
338.886201
338.943289
339.048152
339.059507
339.091544
339.106606
339.169443
339.205692
339.283849
339.332014
339.362218
339.414537
339.490926
339.494616
339.564610
339.668220
339.688613
339.706328
339.749772
339.763403
339.776843
339.811470
339.841669
339.844393
339.872507
339.877451
339.889371
339.903979
339.929272
339.971829
339.995683
340.031189
340.229994
340.256457
340.275295
340.307580
340.354280
340.375728
340.459388
340.466313
340.512942
340.514919
340.570392
340.572032
340.653249
340.715690
340.721433
340.816553
340.870337
340.896729
340.944053
341.030571
341.044204
341.046755
341.054162
341.082200
341.146951
341.193941
341.238448
341.260987
341.283369
341.298868
341.299388
341.364906
341.368403
341.385660
341.387013
341.401484
341.500597
341.517784
341.591335
341.781499
341.825059
341.831103
341.870014
341.889510
341.893078
341.918136
341.981732
341.988202
342.061239
342.067419
342.090856
342.103265
342.123846
342.160167
342.166454
342.170254
342.177153
342.219068
342.315835
342.352402
342.356311
342.365750
342.420504
342.457758
342.555302
342.593623
342.634483
342.638183
342.664719
342.675800
342.706703
342.743142
342.814264
342.835993
342.888424
342.948757
342.994145
343.013754
343.025706
343.058728
343.072218
343.099114
343.113135
343.127127
343.214517
343.266774
343.327306
343.333074
343.340148
343.345648
343.376481
343.385245
343.412508
343.483176
343.558112
343.561688
343.581778
343.584286
343.597064
343.600365
343.633467
343.665868
343.669258
343.713324
343.761715
343.766652
343.770201
343.781833
343.789096
343.801995
343.812344
343.863094
343.876122
343.964288
343.989804
344.006842
344.044127
344.067832
344.155397
344.200231
344.234055
344.250508
344.360260
344.360672
344.370543
344.374803
344.477430
344.487004
344.528693
344.531691
344.541952
344.588115
344.588620
344.639814
344.667438
344.678869
344.693537
344.695008
344.697891
344.712829
344.749524
344.776801
344.814498
344.820385
344.824417
344.853492
344.879989
344.882062
344.897532
344.931859
344.947563
344.960517
344.979498
345.013676
345.017832
345.033971
345.088080
345.136146
345.165755
345.193796
345.203856
345.263563
345.310084
345.394274
345.487478
345.581897
345.640531
345.643779
345.657071
345.666439
345.687275
345.691706
345.727198
345.746576
345.794487
345.834981
345.888960
345.900936
345.917283
345.984372
346.022165
346.059874
346.088036
346.117020
346.158578
346.161559
346.171589
346.203681
346.239089
346.278349
346.278980
346.279267
346.298450
346.332997
346.338637
346.392759
346.456242
346.461821
346.462172
346.475624
346.506012
346.532664
346.566861
346.640870
346.684166
346.688078
346.692257
346.713959
346.751519
346.767563
346.787046
346.791880
346.795744
346.799547
346.818311
346.819325
346.862017
346.909086
347.007451
347.007831
347.051405
347.051441
347.053560
347.084878
347.138580
347.171252
347.178381
347.219361
347.256365
347.294054
347.309003
347.309149
347.311789
347.328155
347.328587
347.332090
347.389497
347.406468
347.447329
347.455990
347.469838
347.472444
347.485526
347.499041
347.580367
347.582259
347.627167
347.634556
347.740707
347.754393
347.761588
347.777628
347.789695
347.803099
347.805919
347.814871
347.817847
347.828935
347.879609
347.910959
347.977670
347.993735
348.002059
348.073506
348.097876
348.124683
348.131777
348.164843
348.183093
348.203888
348.285649
348.305618
348.327814
348.354247
348.369431
348.397273
348.435396
348.446762
348.488001
348.610774
348.618150
348.624989
348.687732
348.717184
348.736137
348.741816
348.757916
348.848567
348.886784
349.029336
349.084150
349.118964
349.151592
349.161404
349.163599
349.286157
349.286359
349.333995
349.383931
349.438296
349.445108
349.455725
349.494855
349.507451
349.514834
349.550983
349.578692
349.626199
349.748324
349.762327
349.819165
349.828757
349.837894
349.857282
349.912869
349.984144
349.998172
350.031664
350.067715
350.094826
350.114009
350.135668
350.146154
350.189400
350.237419
350.340108
350.352890
350.358061
350.395641
350.450366
350.461894
350.498651
350.499394
350.556340
350.604905
350.609182
350.663446
350.682682
350.703076
350.717833
350.729523
350.735620
350.737239
350.765695
350.820463
350.826497
350.860442
350.957913
350.970692
350.991077
350.995512
351.007008
351.008604
351.013721
351.049392
351.092782
351.120448
351.132957
351.135878
351.144321
351.163771
351.240114
351.255010
351.298660
351.342628
351.349289
351.379194
351.388068
351.391164
351.459595
351.469556
351.541976
351.548512
351.550708
351.581036
351.661853
351.667759
351.696106
351.786316
351.805348
351.821677
351.848213
351.853912
351.854142
351.867738
351.884844
351.900129
351.915361
351.955991
351.969179
351.986271
352.040279
352.081999
352.135605
352.147202
352.171942
352.189761
352.247965
352.262578
352.288463
352.325330
352.355717
352.400947
352.414153
352.447198
352.462139
352.533470
352.567199
352.624620
352.648716
352.693508
352.734055
352.808277
352.827462
352.838232
352.847174
352.861662
352.872691
352.907364
352.925173
352.928891
352.947992
352.966108
352.971609
352.996001
353.074312
353.103151
353.115073
353.119285
353.159162
353.231888
353.266451
353.295778
353.387039
353.404999
353.424146
353.515458
353.519676
353.523476
353.530335
353.543076
353.546004
353.546572
353.565893
353.643173
353.661779
353.672660
353.695495
353.804043
353.836082
353.900178
353.940723
354.012423
354.012780
354.023248
354.027505
354.080099
354.111211
354.116201
354.122692
354.199646
354.213790
354.250365
354.283602
354.294956
354.301698
354.309195
354.326489
354.366861
354.428927
354.438842
354.443344
354.445232
354.456511
354.484795
354.531815
354.545899
354.554688
354.580920
354.590668
354.658667
354.719979
354.723836
354.783891
354.851214
354.852208
354.859863
354.895284
354.929325
354.932548
354.971723
354.977842
355.004465
355.058137
355.064020
355.109711
355.175185
355.183125
355.239084
355.248719
355.255907
355.355246
355.355585
355.387135
355.406295
355.446021
355.562337
355.577050
355.637208
355.655046
355.680389
355.808124
355.818895
355.945304
355.964956
355.982546
355.983098
356.005550
356.016216
356.073255
356.110551
356.114425
356.155007
356.185740
356.194895
356.223112
356.225186
356.236612
356.321360
356.332357
356.356248
356.429134
356.466114
356.513353
356.523628
356.528155
356.540621
356.541144
356.611525
356.624717
356.690703
356.711377
356.723111
356.746930
356.759965
356.809332
356.816366
356.852416
356.866925
356.870101
356.927873
356.942695
356.960153
356.996591
357.005616
357.026228
357.034616
357.086498
357.092289
357.126691
357.155820
357.200460
357.216194
357.246289
357.326131
357.333703
357.342761
357.350461
357.450286
357.453290
357.518788
357.538983
357.656220
357.656352
357.660134
357.684694
357.708369
357.709965
357.716212
357.717867
357.721808
357.728890
357.761843
357.771916
357.785043
357.786088
357.827362
357.842609
357.844805
357.927642
357.952702
357.965900
357.973620
358.035767
358.160880
358.205608
358.208859
358.224780
358.225855
358.273915
358.313840
358.317500
358.335409
358.343797
358.399601
358.505909
358.554209
358.576286
358.631774
358.664357
358.753102
358.755458
358.793002
358.828074
358.838626
358.945160
358.981552
359.002436
359.022677
359.111799
359.146290
359.186665
359.222924
359.233675
359.249553
359.271572
359.408802
359.445873
359.497746
359.526877
359.527214
359.592456
359.612231
359.666554
359.727157
359.742847
359.792839
359.835080
359.849577
359.891129
359.892809
359.901708
359.992465
360.005775
360.042001
360.098690
360.111768
360.125370
360.149216
360.169001
360.189011
360.211454
360.282446
360.305875
360.327591
360.386274
360.408931
360.415935
360.434184
360.484087
360.490082
360.497973
360.516396
360.527207
360.600495
360.636783
360.641721
360.652136
360.662513
360.739857
360.759721
360.800810
360.829748
360.882267
360.882755
361.008598
361.071272
361.102185
361.108718
361.110425
361.120521
361.146871
361.174718
361.204994
361.238038
361.244783
361.247248
361.247857
361.343628
361.372952
361.395001
361.498557
361.515439
361.533551
361.556796
361.557215
361.725500
361.795158
361.799376
361.799947
361.871170
361.905465
361.984566
362.057307
362.082564
362.165532
362.172037
362.223866
362.253133
362.263672
362.304445
362.317190
362.334611
362.366617
362.390480
362.473256
362.483429
362.529876
362.565719
362.740407
362.802779
362.806356
362.817219
362.848983
362.916450
362.917800
362.932130
362.956968
362.966346
362.978888
363.013088
363.015213
363.045751
363.052209
363.054294
363.095631
363.131986
363.189768
363.204786
363.304554
363.339960
363.372507
363.412147
363.467876
363.471318
363.484951
363.504402
363.530985
363.547977
363.601188
363.601566
363.630131
363.637208
363.740099
363.765764
363.818337
363.818394
363.827319
363.898711
363.917672
363.937183
363.978416
364.001861
364.047804
364.050912
364.107850
364.111618
364.120025
364.123716
364.197765
364.243677
364.251622
364.258649
364.261324
364.275176
364.313681
364.338057
364.375242
364.483122
364.494973
364.521118
364.535644
364.570403
364.601925
364.635414
364.639484
364.655714
364.666712
364.694457
364.753781
364.781070
364.802694
364.891976
364.897196
364.898606
364.959253
365.041410
365.074924
365.080012
365.089717
365.117700
365.125721
365.132408
365.239165
365.250857
365.289851
365.340110
365.434487
365.434792
365.451747
365.501718
365.558423
365.582597
365.676409
365.700408
365.714694
365.738933
365.750064
365.759401
365.765268
365.768679
365.813766
365.840797
365.853753
365.933648
365.953726
365.979310
366.008140
366.033732
366.065659
366.113224
366.182975
366.187908
366.256300
366.264895
366.276619
366.314502
366.367362
366.407626
366.422150
366.439448
366.464140
366.475697
366.478284
366.503173
366.553799
366.590755
366.619766
366.661395
366.681344
366.690205
366.716632
366.779076
366.782041
366.794082
366.844858
366.853299
366.858824
367.083999
367.109153
367.210284
367.250871
367.251293
367.261725
367.265846
367.334137
367.363122
367.383227
367.402761
367.448866
367.521481
367.524593
367.537990
367.539230
367.575255
367.581489
367.642297
367.652290
367.653729
367.685540
367.708621
367.709458
367.739775
367.796959
367.804194
367.807891
367.900389
367.931989
367.932896
367.940245
367.961262
367.961952
368.015868
368.046396
368.105322
368.108056
368.133559
368.255382
368.277766
368.471935
368.542521
368.690949
368.744587
368.772584
368.775349
368.795876
368.823610
368.830476
368.902975
368.908490
368.910413
368.924242
368.963848
368.991097
368.999284
369.010046
369.050695
369.115203
369.156067
369.179077
369.197534
369.225542
369.250687
369.296074
369.347421
369.355289
369.361071
369.391886
369.394126
369.424140
369.529163
369.562287
369.615451
369.672678
369.672951
369.739660
369.798795
369.810291
369.835095
369.837220
369.840936
369.899396
369.996004
370.065296
370.094590
370.192717
370.234419
370.238967
370.332985
370.341187
370.345883
370.350512
370.392732
370.399102
370.400608
370.443711
370.444300
370.480072
370.480507
370.555708
370.698970
370.787205
370.831735
370.847148
370.942643
370.952385
370.986520
371.009058
371.010521
371.086608
371.088062
371.133092
371.142668
371.150946
371.165561
371.204399
371.233769
371.236776
371.249678
371.347186
371.364790
371.412240
371.443468
371.494992
371.526979
371.535943
371.560212
371.610455
371.620939
371.622348
371.623100
371.685057
371.708380
371.721199
371.794563
371.820644
371.823490
371.857474
371.860022
371.864003
371.900107
371.906739
371.922763
371.927447
371.944483
371.953186
371.969044
372.130897
372.133332
372.141199
372.204295
372.216743
372.261772
372.265761
372.281723
372.323210
372.360855
372.406600
372.453196
372.518316
372.584683
372.646912
372.647216
372.665353
372.670233
372.684211
372.689760
372.723830
372.733046
372.753323
372.801268
372.806676
372.840203
372.878653
372.933069
372.946046
372.982992
373.060482
373.077397
373.085699
373.121192
373.133963
373.140114
373.184955
373.195751
373.218863
373.253635
373.274455
373.315945
373.326400
373.462621
373.494275
373.567987
373.664233
373.667986
373.671206
373.701329
373.785636
373.819586
373.835126
373.845793
373.848484
373.864026
373.872046
373.904053
373.934631
373.965658
373.991856
374.195799
374.209832
374.245115
374.315422
374.349994
374.356035
374.357868
374.382478
374.391135
374.474358
374.514696
374.592707
374.609101
374.637083
374.703351
374.761399
374.794587
374.825394
374.832093
374.840169
374.843981
374.851759
374.876561
374.963237
375.030421
375.031167
375.049770
375.130319
375.178273
375.209531
375.298206
375.326759
375.361181
375.383288
375.398176
375.411426
375.419436
375.467693
375.488426
375.617446
375.658369
375.672149
375.677047
375.735081
375.737713
375.771324
375.833879
375.854524
375.877872
375.902773
375.915260
375.915643
375.950665
375.978005
376.005290
376.026801
376.042782
376.046153
376.077347
376.141393
376.144952
376.174787
376.184513
376.226373
376.288953
376.291515
376.320714
376.392165
376.397728
376.401388
376.409597
376.432368
376.504447
376.538981
376.580812
376.612326
376.626041
376.674050
376.692701
376.739787
376.761461
376.765511
376.771194
376.807765
376.832705
376.836603
376.879793
376.904989
377.062628
377.070439
377.110078
377.137732
377.173207
377.261038
377.343932
377.353715
377.365470
377.405807
377.423581
377.435871
377.500542
377.502005
377.523680
377.524390
377.540602
377.579611
377.605539
377.629571
377.716754
377.740688
377.743170
377.745473
377.753658
377.788020
377.811252
377.836142
377.860013
377.861801
377.901920
377.912349
377.924032
377.936124
378.027493
378.032994
378.036698
378.058021
378.082063
378.106694
378.133924
378.136735
378.201662
378.236434
378.294215
378.399900
378.402839
378.416506
378.464513
378.473621
378.479808
378.495914
378.502236
378.503011
378.504150
378.526305
378.561166
378.562444
378.568126
378.596411
378.623094
378.644390
378.653430
378.653936
378.669650
378.679127
378.711083
378.737624
378.760038
378.773506
378.776623
378.784343
378.786755
378.827068
378.837340
378.926136
378.928456
379.010449
379.025092
379.026278
379.048688
379.083829
379.087000
379.119235
379.123448
379.179802
379.226242
379.230118
379.260511
379.301027
379.308154
379.317236
379.324969
379.353066
379.366381
379.503260
379.546198
379.566797
379.727296
379.732981
379.749015
379.795759
379.821766
379.843777
379.860218
379.868741
379.878373
379.906952
379.922830
379.934756
379.955343
380.045433
380.071424
380.087022
380.169837
380.177411
380.199635
380.204286
380.314674
380.328523
380.331222
380.336326
380.389501
380.417319
380.436511
380.445686
380.448449
380.515852
380.537348
380.540653
380.550081
380.571843
380.615269
380.684453
380.687352
380.727781
380.762173
380.809074
380.834415
381.021068
381.044483
381.076357
381.122451
381.179993
381.331652
381.375236
381.424910
381.444770
381.460938
381.494412
381.514011
381.542682
381.588890
381.623573
381.624096
381.656720
381.683058
381.728356
381.765614
381.875242
381.885877
381.929734
381.948593
382.039426
382.039651
382.057624
382.145220
382.154582
382.183674
382.186154
382.197479
382.212707
382.299742
382.334741
382.354378
382.356936
382.357120
382.385000
382.389833
382.416200
382.447581
382.460174
382.478280
382.501936
382.512937
382.527821
382.671658
382.682652
382.695879
382.720028
382.728988
382.729414
382.795947
382.861796
382.915051
382.963405
383.011752
383.036219
383.139066
383.198016
383.217780
383.280014
383.299977
383.316113
383.368261
383.406022
383.406065
383.409703
383.439741
383.464628
383.516783
383.521306
383.587982
383.588241
383.593269
383.595631
383.613783
383.638110
383.639433
383.643584
383.711910
383.713796
383.717738
383.725569
383.799689
383.855126
383.855224
383.862572
383.869930
383.878398
383.912985
383.976648
384.015333
384.034784
384.037280
384.058923
384.060984
384.089050
384.101774
384.124567
384.138914
384.153524
384.160536
384.168108
384.197554
384.239667
384.276538
384.343813
384.347832
384.353527
384.356838
384.365147
384.388163
384.454118
384.532756
384.563940
384.576106
384.577958
384.605453
384.616674
384.619410
384.622919
384.673706
384.722981
384.737093
384.786446
384.787290
384.817765
384.886057
384.958850
385.026190
385.076769
385.090181
385.115677
385.236701
385.258576
385.327585
385.380933
385.386988
385.441988
385.480052
385.492405
385.502494
385.520867
385.532980
385.539287
385.561335
385.565011
385.600149
385.610506
385.624609
385.626499
385.631955
385.682840
385.688451
385.756428
385.782866
385.831004
385.843512
385.852915
385.930011
385.980006
385.991418
386.005094
386.018754
386.025973
386.035797
386.038787
386.042311
386.069090
386.168973
386.208950
386.215229
386.250327
386.254614
386.261673
386.289338
386.323727
386.334185
386.347457
386.363052
386.377195
386.410713
386.429270
386.450491
386.476517
386.502603
386.536883
386.575807
386.601169
386.650805
386.722206
386.755224
386.761252
386.775224
386.872103
386.885631
386.960500
386.990452
387.020563
387.027585
387.116834
387.138904
387.244263
387.249480
387.289166
387.313111
387.342919
387.348738
387.356278
387.366928
387.374445
387.451706
387.457773
387.487788
387.504420
387.515177
387.576181
387.601122
387.660357
387.872782
387.890258
387.963826
387.997989
388.043286
388.192694
388.198792
388.201382
388.218729
388.221493
388.226486
388.261869
388.305295
388.325236
388.351777
388.361255
388.375542
388.447141
388.449157
388.503284
388.515322
388.520779
388.539713
388.567692
388.620720
388.623947
388.645248
388.687208
388.699820
388.715378
388.758396
388.769374
388.813713
388.814820
388.828627
388.831106
388.835104
388.849447
388.880438
388.929933
388.953127
388.973247
389.050250
389.056250
389.068557
389.090854
389.106456
389.137370
389.158562
389.160225
389.160648
389.265007
389.271234
389.284665
389.293950
389.322684
389.330009
389.395925
389.397299
389.433220
389.438898
389.542066
389.554454
389.578325
389.580768
389.602114
389.614533
389.630196
389.642756
389.658464
389.724145
389.864330
389.866327
389.880021
389.951184
389.975987
390.037981
390.093594
390.106477
390.111904
390.116560
390.146573
390.161882
390.163315
390.207465
390.258632
390.270166
390.293963
390.334252
390.355234
390.399278
390.521176
390.547447
390.591484
390.702534
390.719369
390.772812
390.793007
390.802338
390.806432
390.817288
390.865415
390.900895
390.938976
390.965860
391.034822
391.060144
391.160619
391.183547
391.212759
391.227276
391.235498
391.240364
391.266667
391.270434
391.278111
391.290241
391.360143
391.371045
391.426721
391.473828
391.498659
391.527606
391.529568
391.596253
391.599529
391.612606
391.620952
391.638573
391.645719
391.691314
391.724098
391.757232
391.777030
391.813953
391.864291
391.870834
391.928984
391.969903
391.976184
391.998722
392.026881
392.083102
392.116184
392.131622
392.139135
392.175244
392.240830
392.250596
392.279092
392.323943
392.328488
392.330914
392.384990
392.424606
392.429286
392.461303
392.483043
392.545698
392.587401
392.595997
392.625962
392.665408
392.678229
392.709579
392.724399
392.729902
392.756180
392.781976
392.793522
392.919436
392.935519
392.954256
392.970421
393.013127
393.025740
393.040953
393.062849
393.248749
393.268052
393.276917
393.288806
393.296983
393.314754
393.385865
393.386599
393.391520
393.400007
393.403690
393.487310
393.510113
393.513357
393.580795
393.630419
393.686488
393.807355
393.809850
393.867910
393.875079
393.875471
393.890421
393.890818
393.898570
393.904113
393.994073
394.012972
394.024938
394.066316
394.103276
394.106559
394.125057
394.270319
394.300578
394.306869
394.336410
394.347400
394.380129
394.402374
394.406400
394.427599
394.434076
394.466162
394.495310
394.512862
394.541937
394.549408
394.623927
394.657769
394.664676
394.665214
394.687166
394.706686
394.751966
394.779936
394.821298
394.823389
394.866125
394.866214
394.874614
394.886833
394.891320
394.893842
394.953230
394.968514
394.980512
394.985936
395.023938
395.029703
395.037177
395.048521
395.060299
395.069852
395.091144
395.096894
395.110608
395.133400
395.146778
395.178089
395.189300
395.248844
395.348965
395.396755
395.490771
395.516058
395.524469
395.546095
395.588800
395.588878
395.603806
395.622559
395.640374
395.643743
395.681342
395.712405
395.768436
395.782771
395.783102
395.788185
395.862948
395.879357
395.881276
395.894944
395.906496
395.921638
395.966901
395.974081
395.984252
395.997290
396.021606
396.025275
396.052452
396.074983
396.115903
396.146545
396.147814
396.161191
396.170120
396.201991
396.209156
396.224946
396.245995
396.259009
396.278919
396.327613
396.345212
396.348878
396.349753
396.365320
396.389533
396.403381
396.413458
396.516420
396.535553
396.540992
396.550932
396.573621
396.593790
396.594359
396.595144
396.615892
396.701899
396.707008
396.729520
396.805128
396.843262
396.863926
396.868113
396.873230
396.882701
396.908340
396.921846
396.966250
396.969930
396.981449
397.036026
397.062293
397.094782
397.108265
397.124777
397.136504
397.158511
397.189045
397.214281
397.244004
397.254869
397.328853
397.365757
397.366362
397.385953
397.392915
397.462682
397.473504
397.477016
397.486545
397.496105
397.510469
397.537193
397.548824
397.558192
397.577890
397.584337
397.653300
397.698491
397.788726
397.858394
397.874781
397.903092
398.049507
398.068743
398.070692
398.094369
398.123249
398.187168
398.190690
398.251049
398.270016
398.323762
398.350832
398.382023
398.479383
398.549394
398.568669
398.590103
398.603546
398.641804
398.648573
398.652488
398.652682
398.654023
398.684971
398.768417
398.790069
398.795353
398.809344
398.823635
398.823889
398.970612
398.986828
399.000244
399.012843
399.033083
399.033579
399.033753
399.043739
399.090991
399.166772
399.175403
399.244276
399.249313
399.274504
399.312953
399.313522
399.431914
399.432902
399.488061
399.504850
399.508184
399.528402
399.546589
399.549291
399.550927
399.553689
399.560444
399.572160
399.573072
399.583337
399.589900
399.624839
399.628548
399.658765
399.660990
399.705914
399.724978
399.743321
399.780114
399.798835
399.809293
399.842589
399.914710
399.928975
399.943086
399.952446
399.969168
399.973863
400.059820
400.063187
400.072025
400.073221
400.082807
400.133132
400.147285
400.214406
400.224087
400.258259
400.263358
400.267423
400.307287
400.331034
400.371393
400.380612
400.391769
400.411730
400.501645
400.528576
400.533607
400.536764
400.662011
400.664433
400.684990
400.763176
400.766199
400.831587
400.832153
400.917417
400.962997
400.969309
400.974095
401.007494
401.032397
401.049104
401.087567
401.101573
401.127912
401.149726
401.174998
401.279619
401.361433
401.373635
401.394333
401.413445
401.558035
401.584997
401.625027
401.637539
401.644297
401.690016
401.769562
401.859334
401.866731
401.870526
401.914850
402.012767
402.033176
402.136718
402.140714
402.285023
402.351762
402.404078
402.436396
402.474564
402.487165
402.514967
402.524378
402.537182
402.552515
402.572658
402.579812
402.590584
402.650130
402.728872
402.753151
402.784820
402.849616
402.858359
402.866327
402.882019
402.949394
402.971782
403.003474
403.022533
403.041876
403.083055
403.147347
403.247961
403.254741
403.398301
403.458151
403.501640
403.516111
403.540819
403.581847
403.587139
403.624806
403.625529
403.654769
403.725447
403.731404
403.736033
403.751675
403.759164
403.812132
403.814001
403.876958
403.881119
404.024282
404.034997
404.054408
404.077848
404.090176
404.091728
404.106814
404.110026
404.120673
404.172673
404.186192
404.228305
404.282796
404.344424
404.347357
404.372688
404.374443
404.388076
404.431236
404.472825
404.529686
404.552941
404.611856
404.671063
404.685718
404.707565
404.720105
404.823123
404.836309
404.897401
404.987027
405.025197
405.090373
405.103487
405.210513
405.246132
405.256454
405.325606
405.362823
405.384378
405.401657
405.404822
405.482330
405.513546
405.554397
405.685328
405.701333
405.714766
405.953353
405.998760
406.002820
406.008695
406.039783
406.075782
406.109047
406.151956
406.154520
406.165163
406.167258
406.243648
406.262848
406.321635
406.358896
406.415539
406.470190
406.491301
406.514209
406.578900
406.590536
406.621317
406.633561
406.651603
406.682956
406.728258
406.794623
406.824263
406.863065
406.883305
406.885405
406.908770
406.909907
406.913434
406.978818
407.024502
407.052980
407.119437
407.119479
407.120207
407.141174
407.168223
407.173329
407.192455
407.259048
407.275544
407.299380
407.305951
407.339930
407.342727
407.391527
407.400853
407.480268
407.517932
407.534608
407.542452
407.557949
407.622060
407.628148
407.646536
407.660165
407.671038
407.680961
407.696883
407.783026
407.786612
407.873899
407.925149
407.999691
408.009706
408.043657
408.064959
408.077304
408.099319
408.123955
408.170056
408.174247
408.198474
408.228780
408.425810
408.437110
408.448422
408.494162
408.509534
408.591604
408.677902
408.681162
408.691639
408.697691
408.711992
408.767189
408.773259
408.780571
408.822605
408.829015
408.954604
408.992099
409.037941
409.058385
409.069454
409.069484
409.085951
409.157759
409.161407
409.177765
409.199875
409.224582
409.287716
409.331764
409.348231
409.350098
409.439033
409.527954
409.563762
409.584278
409.584927
409.629128
409.664719
409.678621
409.706557
409.737779
409.738948
409.740274
409.747726
409.759989
409.779563
409.796302
409.798337
409.800418
409.800655
409.815197
409.834538
409.868310
409.919175
409.942674
410.000871
410.032680
410.044384
410.069771
410.076199
410.111162
410.166117
410.185123
410.198901
410.203720
410.240903
410.254671
410.281294
410.396009
410.400155
410.414424
410.438411
410.442077
410.570809
410.635184
410.651910
410.699229
410.709156
410.747656
410.754790
410.765626
410.785651
410.816291
410.843652
410.863251
410.885754
410.899427
410.979786
410.996031
411.035845
411.123631
411.153379
411.200113
411.205983
411.210308
411.214105
411.219201
411.220586
411.229394
411.293472
411.347947
411.370724
411.381798
411.452624
411.478681
411.543234
411.576391
411.584404
411.592517
411.613514
411.631609
411.659848
411.670900
411.685069
411.743533
411.751644
411.753259
411.859411
411.880064
411.933615
411.940279
411.940574
411.988198
412.012401
412.072183
412.117862
412.123625
412.160182
412.216070
412.256715
412.260776
412.314167
412.339053
412.426646
412.467270
412.515526
412.575729
412.600263
412.623022
412.626383
412.626424
412.632386
412.736216
412.756583
412.787429
412.824925
412.833369
412.835231
412.839457
412.857828
412.881506
412.924232
412.950694
412.965200
413.116370
413.164713
413.205562
413.210544
413.279911
413.288181
413.398160
413.411895
413.421055
413.544136
413.558459
413.623407
413.625877
413.630341
413.698514
413.739553
413.780388
413.798868
413.816277
413.923139
413.947233
413.967778
413.975648
413.983235
413.986531
413.987983
414.020501
414.032118
414.041830
414.047709
414.059160
414.068452
414.075209
414.102474
414.114914
414.188330
414.190660
414.198698
414.256949
414.281860
414.321138
414.339793
414.349830
414.355199
414.393665
414.393722
414.405402
414.416208
414.418144
414.434366
414.446874
414.481279
414.481976
414.515563
414.556340
414.629286
414.630090
414.646496
414.668018
414.690403
414.697579
414.722135
414.725378
414.728899
414.806384
414.836449
414.885865
414.904023
414.904361
414.959670
415.017368
415.096173
415.151493
415.262990
415.298931
415.302131
415.361272
415.402677
415.403708
415.492123
415.506043
415.524474
415.599679
415.620849
415.699186
415.709393
415.757465
415.766121
415.778233
415.809463
415.811033
415.849525
415.896555
415.927158
415.937458
415.940842
415.968723
416.017032
416.039778
416.049363
416.049657
416.077798
416.110565
416.128159
416.132408
416.137709
416.179845
416.183265
416.255783
416.325491
416.331750
416.346611
416.442318
416.465538
416.619714
416.661259
416.687214
416.722590
416.766107
416.808968
416.827592
416.864799
416.893643
416.975176
417.018471
417.035583
417.080743
417.087515
417.141384
417.152144
417.164165
417.171003
417.193269
417.260549
417.315064
417.315768
417.363441
417.404781
417.419313
417.440359
417.450155
417.466614
417.476526
417.559257
417.562804
417.567846
417.579245
417.654466
417.658065
417.677887
417.706252
417.744854
417.912719
417.944081
417.966813
418.005465
418.049217
418.067715
418.087158
418.088337
418.099661
418.130985
418.137541
418.284934
418.328863
418.335214
418.480248
418.553661
418.596239
418.616903
418.811742
418.830190
418.844714
418.869141
418.882455
418.894562
418.908619
418.965025
418.993858
419.015426
419.040887
419.041323
419.061379
419.075890
419.088220
419.122131
419.128058
419.136155
419.156405
419.174410
419.182212
419.202052
419.218150
419.307338
419.307782
419.342532
419.358440
419.368195
419.442997
419.483585
419.495044
419.508876
419.629253
419.639693
419.684308
419.742085
419.759333
419.773697
419.778318
419.868058
419.871291
419.878888
419.879552
419.907510
419.931097
419.932437
419.940334
419.943942
419.965662
419.970049
419.976510
420.029499
420.064920
420.065674
420.090179
420.109254
420.214092
420.217297
420.297557
420.377174
420.395986
420.418478
420.440065
420.446339
420.447828
420.449091
420.457445
420.484854
420.495724
420.561913
420.711781
420.766663
420.772040
420.838344
420.846191
420.925444
420.947842
420.960608
420.981955
421.019907
421.023683
421.024533
421.065535
421.126805
421.139521
421.165476
421.170972
421.178356
421.191914
421.208308
421.219551
421.251961
421.311589
421.381706
421.390574
421.449115
421.474268
421.514139
421.541463
421.559394
421.574715
421.656133
421.673164
421.676158
421.719118
421.734917
421.751854
421.760345
421.808532
421.822350
421.838571
421.886495
421.972686
421.987706
421.992436
422.060443
422.064111
422.094215
422.133787
422.177345
422.208428
422.222587
422.229756
422.231543
422.330561
422.352476
422.406815
422.461565
422.528407
422.551806
422.565172
422.598261
422.600583
422.615124
422.649567
422.658372
422.706839
422.714614
422.722593
422.870188
422.903905
422.944322
422.945077
422.947730
422.951140
422.988728
422.995660
423.015368
423.069235
423.088183
423.169877
423.178994
423.183926
423.254209
423.276144
423.353925
423.387981
423.421982
423.431657
423.432203
423.503911
423.524938
423.549899
423.556224
423.558539
423.573007
423.615433
423.661809
423.679205
423.697064
423.738256
423.742274
423.761296
423.911667
423.927633
423.941845
423.944884
423.953585
423.987744
424.004834
424.016002
424.025311
424.069146
424.116253
424.119701
424.140002
424.164432
424.181903
424.200869
424.266038
424.286801
424.299243
424.300479
424.338984
424.367649
424.440154
424.468214
424.475004
424.550241
424.561114
424.566356
424.681052
424.758314
424.769865
424.776763
424.782342
424.806887
424.862122
424.863995
424.882790
424.922227
424.922676
424.941594
424.964667
424.974738
424.997080
425.056614
425.058946
425.144746
425.161407
425.180135
425.200145
425.270110
425.271937
425.305178
425.316451
425.326640
425.326691
425.352344
425.359551
425.501040
425.532587
425.564181
425.596598
425.622285
425.642154
425.670367
425.690407
425.698414
425.715397
425.765858
425.787948
425.869669
425.905216
425.973423
426.046726
426.069171
426.098132
426.105046
426.183021
426.185899
426.192897
426.312303
426.333866
426.367621
426.430896
426.526170
426.536267
426.557597
426.568530
426.578654
426.595156
426.600260
426.644314
426.662391
426.663909
426.706866
426.707527
426.708554
426.713298
426.713871
426.722828
426.822690
426.829945
426.917215
426.979416
427.023768
427.046960
427.062214
427.083382
427.088482
427.149283
427.166217
427.167597
427.209957
427.244785
427.296269
427.300181
427.307103
427.336205
427.343111
427.435849
427.498326
427.543300
427.586224
427.598581
427.604363
427.659218
427.693185
427.698020
427.726546
427.776943
427.785535
427.820534
427.833226
427.851899
427.863369
427.889456
427.940803
427.992069
428.031998
428.044828
428.046368
428.049386
428.077575
428.078724
428.134870
428.207136
428.235261
428.254550
428.282634
428.315471
428.329096
428.343513
428.349375
428.349862
428.352553
428.369618
428.452969
428.460146
428.492269
428.497553
428.543145
428.565636
428.570418
428.597813
428.605469
428.616505
428.682452
428.720876
428.744371
428.782775
428.825641
428.840146
428.842192
428.862502
428.914334
428.918288
428.933479
428.955722
428.955905
429.015284
429.042935
429.043250
429.089469
429.103984
429.123977
429.151469
429.221965
429.223998
429.236976
429.237112
429.259848
429.287785
429.366914
429.402634
429.438641
429.488108
429.517303
429.521449
429.558154
429.560155
429.565815
429.608568
429.645315
429.698733
429.725463
429.799440
429.824906
429.839388
429.901339
429.972549
430.020254
430.064261
430.110353
430.126301
430.133041
430.159828
430.178352
430.191236
430.196648
430.217403
430.230465
430.242063
430.249477
430.265728
430.272391
430.276147
430.283194
430.314421
430.350086
430.352862
430.409202
430.455126
430.456011
430.479826
430.500985
430.507204
430.569213
430.621940
430.635548
430.636203
430.711663
430.720922
430.745085
430.750130
430.799579
430.959955
431.001732
431.043912
431.055050
431.066645
431.115941
431.229984
431.273146
431.281670
431.314289
431.401833
431.434323
431.516904
431.530835
431.681795
431.731964
431.759186
431.759891
431.768467
431.775774
431.796981
431.828993
431.871198
431.995267
431.995754
432.022086
432.054169
432.060377
432.091714
432.102893
432.106747
432.162854
432.164282
432.167969
432.179466
432.179869
432.229475
432.240801
432.258743
432.292332
432.292568
432.336858
432.352314
432.412688
432.413008
432.443044
432.464617
432.478275
432.484615
432.705323
432.712658
432.752100
432.773249
432.773633
432.780431
432.889656
432.916753
432.933273
432.946232
433.001649
433.046118
433.058318
433.066545
433.073877
433.088884
433.105978
433.148785
433.265908
433.268090
433.326278
433.332514
433.340884
433.382270
433.409315
433.498099
433.506528
433.549142
433.589701
433.640237
433.670744
433.702149
433.777169
433.820491
433.858490
433.880419
433.972581
433.990932
434.022962
434.062105
434.148681
434.149840
434.155117
434.202729
434.211368
434.278474
434.282056
434.292565
434.298279
434.325405
434.332022
434.345565
434.428636
434.459999
434.475309
434.511536
434.527985
434.582785
434.582803
434.600194
434.613899
434.627825
434.648872
434.652583
434.765008
434.770853
434.823385
434.830123
434.832526
434.838222
434.855094
434.868733
434.897919
434.906470
434.945110
434.991503
435.000872
435.034020
435.079353
435.172001
435.178605
435.196999
435.207171
435.302272
435.313221
435.334743
435.346119
435.355410
435.359052
435.364671
435.369124
435.370291
435.379153
435.392750
435.413987
435.432352
435.450678
435.477675
435.504458
435.517723
435.573505
435.581091
435.582219
435.619832
435.635563
435.685995
435.727783
435.747892
435.761678
435.761884
435.767153
435.805723
435.831173
435.832070
435.838058
435.986035
436.004242
436.037339
436.054363
436.071477
436.132715
436.203848
436.228002
436.237784
436.247045
436.270174
436.273613
436.284332
436.285969
436.292723
436.320079
436.341549
436.385766
436.600624
436.702120
436.718191
436.746844
436.833030
436.862765
436.875953
436.989891
437.088932
437.112922
437.115437
437.169103
437.199027
437.210406
437.229942
437.289395
437.312967
437.319501
437.344333
437.366826
437.496702
437.537513
437.544780
437.628721
437.637657
437.648719
437.686242
437.722156
437.766256
437.770920
437.898970
437.916966
438.043469
438.060612
438.090944
438.125641
438.181082
438.320895
438.322526
438.325257
438.344494
438.430013
438.464486
438.478826
438.481781
438.529720
438.572973
438.578740
438.605227
438.611644
438.637015
438.652156
438.684288
438.687233
438.733700
438.804594
438.870890
438.922549
438.940190
438.955331
438.990874
438.995973
439.000719
439.021686
439.037917
439.040809
439.043066
439.064306
439.074524
439.110837
439.120068
439.187559
439.214903
439.288416
439.301124
439.309131
439.357695
439.400051
439.406661
439.410723
439.422717
439.425125
439.434734
439.471384
439.498950
439.506572
439.558533
439.632837
439.661102
439.672637
439.689942
439.724163
439.760305
439.768648
439.832300
439.878202
439.911824
439.914727
439.964937
439.970767
440.019839
440.072880
440.100329
440.102117
440.170453
440.231511
440.234923
440.238702
440.247589
440.269754
440.292554
440.304721
440.313610
440.313659
440.322622
440.374271
440.380981
440.410922
440.441782
440.496074
440.504871
440.515260
440.517308
440.525318
440.547525
440.552580
440.568560
440.572987
440.630159
440.643796
440.646871
440.704671
440.711937
440.759333
440.764349
440.807607
440.812383
440.839190
440.884661
440.921391
440.946385
440.965321
441.005893
441.010350
441.076871
441.129644
441.139200
441.140965
441.146309
441.152658
441.155969
441.176415
441.188303
441.196328
441.234840
441.239028
441.271055
441.278965
441.279872
441.354021
441.382475
441.391688
441.409262
441.416954
441.461190
441.468455
441.536111
441.547573
441.562267
441.571613
441.574243
441.578058
441.595481
441.627503
441.636593
441.645412
441.658087
441.664412
441.669047
441.709010
441.751608
441.774796
441.824888
441.900843
441.919827
441.924740
441.970575
441.998848
442.063638
442.083129
442.147253
442.160997
442.227429
442.240863
442.250036
442.286792
442.333244
442.340166
442.404692
442.416284
442.425458
442.458657
442.493303
442.505155
442.533284
442.564918
442.577320
442.605418
442.620033
442.625443
442.766562
442.772817
442.789863
442.827336
442.835742
442.927994
442.935874
442.947122
442.955858
442.971247
443.178714
443.194979
443.213840
443.241975
443.274000
443.284481
443.291252
443.291533
443.311679
443.319776
443.340439
443.340549
443.351171
443.354884
443.370241
443.383019
443.390166
443.392563
443.418261
443.439552
443.441981
443.455791
443.524871
443.530784
443.532593
443.568346
443.621650
443.670946
443.708479
443.716566
443.764430
443.778025
443.812133
443.876297
443.928126
443.934826
443.947738
443.983926
444.017424
444.021375
444.033948
444.054647
444.084132
444.168199
444.231163
444.255858
444.265885
444.272935
444.317237
444.342826
444.345009
444.386309
444.438898
444.467292
444.486727
444.541190
444.555505
444.645172
444.665442
444.722158
444.868819
444.878547
444.897178
444.905334
444.906284
444.930816
444.980827
444.997111
445.000353
445.003695
445.037303
445.044181
445.056079
445.110586
445.135199
445.167694
445.240540
445.288180
445.289823
445.301730
445.336685
445.338509
445.356277
445.401492
445.550119
445.586977
445.614596
445.631186
445.661235
445.662506
445.683271
445.792182
445.824046
445.877912
445.890426
445.911063
445.915287
445.916826
445.958030
446.038027
446.054382
446.094277
446.126399
446.127567
446.150141
446.157999
446.201122
446.262265
446.293857
446.295790
446.304142
446.360768
446.395586
446.405317
446.405910
446.411714
446.417851
446.426179
446.438825
446.535542
446.556287
446.564390
446.601484
446.619165
446.673176
446.698176
446.754976
446.759717
446.797465
446.878812
446.946280
446.946798
446.980236
446.989500
447.037893
447.120767
447.159927
447.215946
447.288657
447.308872
447.349826
447.350008
447.378324
447.387584
447.411699
447.434602
447.445950
447.459705
447.505039
447.534277
447.620477
447.635728
447.779735
447.788989
447.804798
447.819440
447.826330
447.914507
447.915538
447.958153
447.979031
447.985306
447.991762
448.057809
448.059455
448.063507
448.076539
448.097064
448.101996
448.107704
448.148152
448.173087
448.207473
448.230049
448.246470
448.272567
448.328361
448.341390
448.361784
448.394768
448.477783
448.479130
448.515433
448.545723
448.598119
448.614544
448.642084
448.679280
448.686934
448.723442
448.727091
448.747383
448.877961
448.918703
448.926469
449.030875
449.038878
449.071116
449.127493
449.131659
449.136208
449.141673
449.143539
449.151965
449.170402
449.177068
449.218751
449.255173
449.285623
449.314724
449.340110
449.352787
449.354653
449.417246
449.421089
449.584103
449.591238
449.656919
449.658173
449.725355
449.729011
449.804110
449.817433
449.859061
449.893043
449.924095
450.016156
450.089328
450.096324
450.131488
450.147930
450.155683
450.197659
450.199087
450.241067
450.254618
450.266410
450.315955
450.316933
450.339006
450.407286
450.434111
450.454452
450.471548
450.556116
450.568885
450.598397
450.644816
450.653158
450.662923
450.667221
450.700050
450.706909
450.720758
450.750643
450.760068
450.782415
450.839711
450.848057
450.919237
450.929374
450.990696
451.017076
451.059467
451.081183
451.092752
451.102476
451.102976
451.109059
451.167973
451.170075
451.171502
451.178036
451.214446
451.454717
451.476627
451.489731
451.535782
451.584822
451.591295
451.611446
451.616338
451.675540
451.751754
451.756152
451.775879
451.802835
451.815528
451.917169
451.994893
452.071206
452.128136
452.134641
452.163505
452.179698
452.195754
452.222494
452.270245
452.300411
452.323919
452.330477
452.339566
452.348616
452.356835
452.397615
452.402928
452.407765
452.421291
452.440880
452.561738
452.591522
452.668751
452.732918
452.734755
452.748294
452.751559
452.762572
452.779936
452.784780
452.800580
452.806842
452.807946
452.853967
452.900282
452.960304
453.043724
453.063993
453.065971
453.091506
453.093813
453.139773
453.169214
453.194196
453.233647
453.306457
453.307074
453.319886
453.375810
453.391638
453.421646
453.439902
453.443704
453.445792
453.453612
453.453708
453.457587
453.482713
453.496455
453.576847
453.609843
453.655965
453.728944
453.730949
453.826470
453.838983
453.910450
453.927749
453.946753
453.986780
454.007778
454.061084
454.159398
454.304996
454.319484
454.397291
454.429390
454.467027
454.473336
454.474549
454.543198
454.568239
454.585183
454.587386
454.588577
454.589442
454.598761
454.600512
454.625650
454.630755
454.650299
454.658876
454.671749
454.751416
454.776141
454.838021
454.857037
454.912429
454.972902
454.986518
454.999212
455.015544
455.053816
455.067876
455.142145
455.149518
455.180951
455.203328
455.269709
455.332983
455.366137
455.407991
455.479348
455.529291
455.530162
455.536264
455.545364
455.550516
455.569970
455.591341
455.605006
455.624427
455.732966
455.789226
455.812188
455.855077
455.909297
455.956164
455.993926
456.068648
456.084223
456.116770
456.135502
456.136034
456.142740
456.162038
456.166432
456.171236
456.209048
456.215411
456.258824
456.269254
456.279644
456.321323
456.361370
456.371984
456.374787
456.399523
456.409004
456.424940
456.446037
456.467828
456.468760
456.471935
456.501338
456.523467
456.542372
456.553653
456.667538
456.686178
456.689394
456.708311
456.709289
456.746114
456.753184
456.782588
456.818605
456.846411
456.852185
456.857655
456.885235
456.885348
456.945729
456.948189
456.975941
457.022574
457.031877
457.094317
457.116163
457.135897
457.152346
457.211167
457.264478
457.269539
457.274171
457.334604
457.335846
457.339396
457.359525
457.458652
457.469746
457.480257
457.532589
457.540314
457.544828
457.560728
457.581868
457.597078
457.652417
457.662046
457.737997
457.765273
457.775612
457.804090
457.822390
457.834194
457.897752
457.932259
457.935934
457.943899
457.989063
458.027720
458.030257
458.037159
458.053099
458.103010
458.110072
458.141921
458.200038
458.268520
458.290240
458.294575
458.309202
458.310864
458.324818
458.393304
458.403349
458.476795
458.505141
458.526084
458.554029
458.561371
458.577836
458.668994
458.704427
458.721316
458.729172
458.794719
458.817667
458.855517
458.888631
458.895615
458.900771
458.964910
459.014856
459.026556
459.038990
459.044794
459.087059
459.106326
459.106449
459.135487
459.138786
459.194009
459.237217
459.251559
459.275695
459.290016
459.304857
459.322417
459.348733
459.368960
459.382088
459.384363
459.405178
459.455534
459.456366
459.469664
459.487015
459.507201
459.520413
459.522620
459.523748
459.548532
459.555355
459.584442
459.594021
459.721060
459.756580
459.762137
459.788657
459.802744
459.810731
459.924727
460.070896
460.097894
460.098046
460.111805
460.122948
460.131201
460.194830
460.243218
460.260689
460.273452
460.323929
460.354562
460.400595
460.417668
460.421717
460.448828
460.489032
460.490538
460.524449
460.557797
460.558487
460.586980
460.615827
460.617660
460.663080
460.723790
460.777635
460.835544
460.947143
460.975636
460.975825
460.984046
460.987773
461.088135
461.206163
461.241681
461.247322
461.254919
461.295341
461.305951
461.387122
461.542036
461.563655
461.574316
461.644490
461.729339
461.732695
461.811282
461.812396
461.833522
461.837522
461.864626
461.876827
461.937527
461.951817
461.956242
461.959656
461.989563
461.994680
462.002344
462.033347
462.082793
462.171458
462.213831
462.282571
462.326740
462.408846
462.495693
462.502874
462.581879
462.597769
462.608215
462.643872
462.771141
462.772721
462.810741
462.820816
462.846913
462.885455
462.924177
462.945419
462.976028
463.004551
463.023103
463.070593
463.117659
463.195367
463.224987
463.353530
463.376508
463.414472
463.424105
463.439302
463.440658
463.505136
463.555855
463.558049
463.597246
463.655388
463.720734
463.742126
463.814974
463.858932
463.889155
463.909816
463.914919
463.989139
463.992046
464.008444
464.020192
464.067791
464.070763
464.112132
464.171388
464.202829
464.206968
464.209436
464.227304
464.270441
464.283523
464.387600
464.397156
464.402950
464.404032
464.414069
464.477288
464.565316
464.573904
464.583573
464.607276
464.634562
464.636244
464.717899
464.746581
464.749619
464.797512
464.811765
464.830161
464.956819
465.041173
465.083748
465.169560
465.222735
465.372917
465.374250
465.405761
465.428467
465.438178
465.441009
465.443956
465.468747
465.476770
465.483170
465.545829
465.591814
465.630210
465.636457
465.721035
465.733134
465.746178
465.749235
465.774467
465.796563
465.805228
465.828422
465.916297
465.917160
465.961151
466.001598
466.005907
466.052547
466.138468
466.175642
466.249139
466.255349
466.302633
466.303093
466.370773
466.399257
466.425944
466.439632
466.474292
466.541588
466.564819
466.579610
466.589822
466.615229
466.642345
466.701183
466.719173
466.719304
466.737749
466.740849
466.748783
466.796852
466.867792
466.877595
466.892712
466.907432
466.961694
467.076129
467.079158
467.088817
467.098136
467.123382
467.136837
467.148134
467.259871
467.275838
467.291002
467.302549
467.310713
467.338317
467.387353
467.399093
467.418998
467.444482
467.455685
467.519389
467.550578
467.558580
467.574607
467.678186
467.698269
467.716390
467.760981
467.835688
467.852557
467.858814
467.912531
467.924094
467.945577
468.001598
468.045612
468.099902
468.102631
468.149070
468.324747
468.344239
468.355114
468.371052
468.419837
468.521655
468.536760
468.536868
468.544633
468.584311
468.597870
468.607127
468.709565
468.739743
468.753339
468.792153
468.795155
468.810054
468.844457
468.847033
468.852236
468.860444
468.917020
468.921453
468.922181
468.958863
468.961657
469.010116
469.012492
469.060876
469.122422
469.132290
469.203768
469.221003
469.311762
469.342852
469.366603
469.379487
469.391028
469.410121
469.418224
469.424924
469.545649
469.548348
469.561631
469.585681
469.599564
469.615471
469.666173
469.681658
469.683829
469.755205
469.852649
469.858727
469.882991
469.945911
469.997754
470.027996
470.031794
470.047443
470.061636
470.065078
470.065492
470.083715
470.091414
470.108801
470.134530
470.134614
470.156979
470.191190
470.197029
470.235997
470.239433
470.288381
470.332670
470.364172
470.371447
470.432820
470.443720
470.521544
470.567229
470.599470
470.741349
470.773744
470.817455
470.844671
470.853756
470.853812
470.858505
470.858746
470.904910
470.960699
471.023644
471.050754
471.097742
471.098463
471.198407
471.227348
471.285998
471.294467
471.301987
471.391790
471.411722
471.439289
471.452762
471.454359
471.510126
471.527281
471.621595
471.644952
471.671719
471.685749
471.753703
471.759470
471.785429
471.848690
471.892488
471.894613
471.966455
472.054989
472.069835
472.072720
472.120121
472.156164
472.190197
472.218665
472.220699
472.241680
472.275340
472.282729
472.294578
472.333910
472.412248
472.416972
472.458661
472.495053
472.513949
472.610713
472.612504
472.618694
472.633355
472.676245
472.755060
472.761818
472.774142
472.814876
472.820547
472.825085
472.835683
472.914137
472.914857
472.935436
472.937256
472.950792
473.007070
473.076044
473.099178
473.136510
473.163352
473.164536
473.167863
473.179185
473.222351
473.248787
473.277273
473.330116
473.336438
473.361704
473.410389
473.432640
473.454575
473.493319
473.522505
473.524832
473.567264
473.641952
473.671204
473.758028
473.758291
473.765105
473.812247
473.816263
473.835272
473.889556
473.900703
474.012392
474.022376
474.025648
474.107602
474.198755
474.260202
474.274951
474.325222
474.334652
474.344325
474.354926
474.418746
474.430516
474.444299
474.546412
474.613267
474.620506
474.650305
474.662442
474.699443
474.730605
474.803062
474.813946
474.824830
474.894418
474.937534
475.039309
475.156175
475.204846
475.242716
475.243058
475.267260
475.308840
475.385444
475.397976
475.478641
475.503614
475.520315
475.535723
475.580185
475.589499
475.629089
475.641444
475.645976
475.682961
475.714352
475.714607
475.726184
475.728827
475.917601
475.920985
475.932111
476.034377
476.043284
476.052254
476.075214
476.106105
476.125389
476.133197
476.181489
476.195053
476.250748
476.268550
476.363212
476.416017
476.423655
476.471580
476.491885
476.494815
476.625073
476.638539
476.657953
476.681580
476.734902
476.753789
476.767042
476.898176
476.981142
477.000546
477.008440
477.040073
477.053009
477.060552
477.080883
477.088955
477.144908
477.163236
477.171180
477.184792
477.212389
477.214933
477.247963
477.265040
477.288841
477.307224
477.343903
477.384700
477.385815
477.398311
477.475114
477.492816
477.540924
477.639600
477.646327
477.730032
477.767892
477.807899
477.819681
477.820667
477.833559
477.847363
477.950021
478.034854
478.101553
478.129969
478.171179
478.240090
478.267699
478.341382
478.396551
478.445008
478.519560
478.526543
478.544455
478.588611
478.593108
478.636978
478.701685
478.704292
478.720606
478.780365
478.781389
478.784274
478.784541
478.786164
478.805020
478.817220
478.831797
478.842046
478.887830
478.895398
478.910133
478.954748
478.970234
479.079534
479.207338
479.213735
479.214367
479.217885
479.246475
479.259330
479.284163
479.300839
479.364569
479.440395
479.454010
479.456054
479.466469
479.482341
479.483478
479.531556
479.630678
479.645128
479.653811
479.666002
479.708011
479.717589
479.789320
479.806659
479.828040
479.829810
479.886905
479.908893
479.951977
479.970539
479.977227
480.068257
480.081173
480.108632
480.109271
480.127131
480.140625
480.155365
480.159554
480.167090
480.219610
480.253337
480.253529
480.273047
480.277920
480.290335
480.307716
480.308861
480.321221
480.337861
480.345229
480.361480
480.460987
480.474608
480.494578
480.569887
480.591540
480.598993
480.616449
480.652326
480.725540
480.794111
480.819629
480.917304
480.926147
480.938168
480.941445
481.038041
481.091963
481.130899
481.138787
481.160120
481.202294
481.239588
481.351876
481.376266
481.404063
481.405900
481.410971
481.434269
481.462531
481.467829
481.534662
481.546690
481.560294
481.562156
481.577875
481.646523
481.815708
481.860361
481.870533
481.931370
481.944384
481.954327
481.984824
482.009513
482.038172
482.068990
482.085143
482.096258
482.116206
482.142632
482.150554
482.164973
482.174029
482.192780
482.277687
482.335700
482.386774
482.487547
482.518727
482.531068
482.576424
482.591900
482.599467
482.615779
482.617197
482.625969
482.717728
482.762749
482.769778
482.802782
482.881898
482.943198
482.985853
482.999371
483.069750
483.115228
483.132421
483.219684
483.227161
483.233714
483.319928
483.331588
483.390047
483.441472
483.457615
483.522105
483.526273
483.551081
483.574353
483.635337
483.654260
483.665773
483.773610
483.780037
483.857613
483.858220
483.890196
483.936334
483.985330
484.020341
484.021424
484.076738
484.105498
484.113407
484.136044
484.148093
484.150117
484.179091
484.198060
484.226475
484.279292
484.293448
484.345401
484.460633
484.467200
484.510358
484.583915
484.710683
484.792990
484.806852
484.860004
484.903474
484.946086
485.032995
485.062335
485.099250
485.135316
485.143615
485.156002
485.173374
485.183871
485.199133
485.205598
485.292357
485.300961
485.306548
485.328440
485.337077
485.362603
485.399651
485.444939
485.445078
485.461367
485.483703
485.488959
485.490598
485.495512
485.514187
485.552961
485.587082
485.718091
485.719480
485.738084
485.765712
485.829999
485.883829
485.925183
486.002602
486.016902
486.143251
486.188035
486.192440
486.237301
486.259679
486.268121
486.289346
486.316364
486.359484
486.376557
486.424267
486.444393
486.488505
486.500161
486.539432
486.566869
486.568633
486.587676
486.601176
486.605957
486.611399
486.642211
486.667902
486.749637
486.775135
486.860138
486.887168
486.891452
486.897770
486.925912
486.935416
487.029887
487.036443
487.058598
487.114217
487.114700
487.124479
487.173533
487.178579
487.219383
487.227141
487.234273
487.254945
487.271551
487.276023
487.344186
487.347927
487.353069
487.359429
487.432079
487.448730
487.472847
487.539574
487.607953
487.617008
487.681174
487.763489
487.819103
487.936419
487.998583
488.006032
488.068525
488.070067
488.076216
488.101189
488.105611
488.108011
488.115206
488.143187
488.166195
488.222501
488.233112
488.262787
488.289637
488.297824
488.303731
488.333573
488.394794
488.396488
488.398998
488.401193
488.413335
488.466121
488.508488
488.575956
488.583705
488.721001
488.737223
488.824879
488.842877
488.930041
488.962113
488.962470
488.972340
488.975599
488.996644
489.042113
489.063158
489.064193
489.092053
489.127461
489.142508
489.164581
489.168998
489.192822
489.209190
489.255043
489.273127
489.312810
489.315249
489.326353
489.333930
489.339468
489.358811
489.406358
489.479557
489.510606
489.518178
489.607468
489.611844
489.732508
489.737796
489.744957
489.757713
489.760322
489.761786
489.801361
489.802911
489.818226
489.899788
489.938117
489.939307
489.972468
489.989755
490.026563
490.044251
490.103775
490.152700
490.161560
490.233519
490.296262
490.304811
490.307631
490.308443
490.324795
490.352785
490.364437
490.365750
490.434906
490.450824
490.455981
490.467744
490.503694
490.505439
490.563663
490.567943
490.571974
490.577492
490.631184
490.640889
490.710406
490.833475
490.930753
490.956510
490.982044
491.013207
491.057866
491.058075
491.075640
491.077954
491.097891
491.117392
491.144022
491.146946
491.152359
491.175044
491.276099
491.321251
491.359873
491.398601
491.398869
491.440914
491.528798
491.529195
491.548881
491.549559
491.551837
491.591370
491.695281
491.697550
491.722953
491.825320
491.856944
491.921446
491.923211
491.959497
492.053481
492.066029
492.090455
492.090577
492.101599
492.119205
492.124044
492.140408
492.160458
492.197306
492.267613
492.294960
492.347454
492.437130
492.439210
492.488062
492.505434
492.577065
492.642778
492.660598
492.754797
492.761392
492.823405
492.835140
492.842136
492.872128
493.000803
493.008063
493.018561
493.031038
493.038653
493.088474
493.143766
493.146453
493.295807
493.420278
493.445768
493.447487
493.502346
493.538876
493.582988
493.601237
493.601248
493.639397
493.643451
493.653852
493.750910
493.789820
493.799615
493.804383
493.838263
493.864611
493.877590
493.896125
493.899226
493.906801
493.911631
493.932204
493.960721
494.019623
494.030542
494.047941
494.051231
494.056983
494.086336
494.086947
494.128920
494.144073
494.150007
494.241512
494.246210
494.277197
494.370535
494.384501
494.484008
494.490078
494.502240
494.572668
494.577825
494.609509
494.623105
494.625548
494.745077
494.754312
494.774655
494.827872
494.833773
494.860409
494.906439
494.922908
494.943270
494.949876
494.962384
494.968999
494.977944
495.009810
495.015911
495.016542
495.028945
495.032410
495.047697
495.071143
495.078762
495.113205
495.149087
495.204216
495.242670
495.350957
495.387563
495.393160
495.397218
495.424881
495.467591
495.480200
495.493594
495.589562
495.683093
495.727980
495.729406
495.844937
495.861862
495.879539
495.889663
495.921497
495.993725
496.076700
496.122722
496.142098
496.258641
496.389880
496.471909
496.568100
496.616982
496.637139
496.648768
496.696148
496.700600
496.799244
496.809800
496.892269
496.969689
496.987978
497.005371
497.014481
497.053342
497.116510
497.147340
497.158168
497.269237
497.283413
497.284756
497.294484
497.378890
497.411456
497.440865
497.468853
497.504962
497.511965
497.553250
497.580910
497.594482
497.601992
497.620648
497.625404
497.627736
497.678121
497.700661
497.707779
497.747352
497.847495
497.866012
497.887629
498.022897
498.040408
498.043661
498.044319
498.047262
498.105288
498.108139
498.108989
498.116801
498.118610
498.124173
498.149809
498.171565
498.192205
498.216128
498.224330
498.269746
498.306508
498.336936
498.342551
498.363461
498.420625
498.424142
498.497632
498.514490
498.525770
498.551178
498.561589
498.563694
498.565946
498.602825
498.610303
498.626524
498.627194
498.674370
498.677728
498.688067
498.695611
498.740316
498.757135
498.835294
498.865946
498.945874
498.959255
498.987198
499.069605
499.134006
499.149709
499.179084
499.189196
499.227048
499.296042
499.322241
499.344628
499.354421
499.435695
499.455616
499.475779
499.493331
499.523251
499.530142
499.552189
499.583609
499.611860
499.624607
499.643860
499.652108
499.674397
499.694400
499.704454
499.777846
499.793073
499.795982
499.864782
499.919505
499.951622
499.955620
499.991418
500.025183
500.052742
500.137270
500.228562
500.342880
500.373610
500.377961
500.432940
500.445601
500.462367
500.473716
500.484412
500.530519
500.544954
500.612809
500.669087
500.704411
500.733735
500.742540
500.772453
500.779025
500.816288
500.848291
500.849475
500.918492
500.923331
500.928621
500.935853
500.976336
500.999772
501.030676
501.095984
501.161443
501.170498
501.226869
501.241987
501.315775
501.343450
501.425482
501.432276
501.485166
501.516340
501.524485
501.531232
501.534611
501.646502
501.679656
501.712578
501.730472
501.736584
501.760881
501.813356
501.872578
501.935440
501.950956
501.980533
501.981549
501.985995
502.096719
502.099413
502.127248
502.154241
502.161809
502.182044
502.184936
502.187732
502.223815
502.224413
502.251308
502.260690
502.276534
502.312864
502.315479
502.329164
502.330161
502.345517
502.474802
502.474999
502.491277
502.537906
502.558365
502.596719
502.685849
502.729226
502.774136
502.798178
502.821842
502.822996
502.879412
502.914176
503.054990
503.144344
503.194352
503.208020
503.272591
503.279982
503.315530
503.343177
503.346211
503.439702
503.454529
503.454975
503.501979
503.522739
503.545917
503.554393
503.601657
503.677948
503.704564
503.725586
503.749120
503.814777
503.819219
503.827988
503.848756
503.928745
503.933913
504.002757
504.016179
504.095696
504.104934
504.106789
504.126823
504.178321
504.276958
504.283887
504.386856
504.440353
504.504146
504.529352
504.531292
504.532605
504.550641
504.591133
504.593882
504.624871
504.653041
504.682807
504.748820
504.873417
504.908108
504.912715
504.916539
504.919966
504.938921
505.042548
505.045147
505.056451
505.058892
505.067284
505.096899
505.103112
505.110796
505.114098
505.156357
505.156441
505.164719
505.205123
505.214052
505.231291
505.243562
505.245089
505.266495
505.306046
505.462172
505.568785
505.578983
505.603993
505.616240
505.645687
505.651321
505.656197
505.658872
505.687216
505.738737
505.798164
505.811282
505.819882
505.826562
505.875351
506.029645
506.031740
506.050773
506.081398
506.089022
506.111735
506.131062
506.154668
506.307919
506.310217
506.314339
506.327769
506.344614
506.346490
506.436650
506.438789
506.475557
506.493846
506.504491
506.519262
506.520057
506.573401
506.574771
506.635789
506.680251
506.729076
506.735826
506.793654
506.840732
506.852761
506.873741
506.897300
506.938874
506.983796
507.008762
507.049356
507.107516
507.143375
507.170793
507.207897
507.236700
507.291465
507.378100
507.394429
507.401248
507.424203
507.429348
507.450803
507.466939
507.490943
507.491565
507.532188
507.551051
507.596797
507.600019
507.601346
507.607301
507.614815
507.658967
507.665779
507.692261
507.717191
507.895547
507.902138
507.905746
507.912229
507.935682
507.942084
507.953936
507.973651
507.995089
508.072445
508.080658
508.101888
508.153836
508.179529
508.259087
508.292800
508.337998
508.366662
508.372823
508.402571
508.469376
508.479219
508.543957
508.552362
508.552477
508.582404
508.618457
508.627364
508.634270
508.653214
508.664251
508.665627
508.668490
508.680000
508.695754
508.722344
508.803329
508.855153
508.865904
508.868317
508.888075
508.940857
508.949511
508.953744
508.965820
509.001695
509.009725
509.049976
509.053064
509.088768
509.165290
509.193829
509.240403
509.251534
509.273633
509.285527
509.291906
509.293423
509.294020
509.303399
509.317472
509.331322
509.351948
509.352948
509.365997
509.389293
509.407642
509.413183
509.530666
509.533670
509.535156
509.556215
509.560240
509.619376
509.667801
509.682980
509.702047
509.747451
509.809818
509.820068
509.855510
509.936381
509.967232
509.980113
510.033333
510.107363
510.153278
510.273655
510.312411
510.356819
510.365412
510.369145
510.416331
510.461203
510.480562
510.519865
510.520491
510.552112
510.555095
510.557750
510.578424
510.600715
510.654243
510.729142
510.757762
510.866660
510.924203
510.946953
510.954144
510.969226
510.973597
510.981607
511.015457
511.019216
511.055542
511.061247
511.062373
511.083411
511.086634
511.141500
511.142446
511.200315
511.210341
511.239137
511.251546
511.306144
511.322945
511.357790
511.364653
511.376979
511.442807
511.445389
511.485375
511.544467
511.592170
511.664550
511.672610
511.696857
511.716156
511.771136
511.818298
511.830911
511.832794
511.905897
511.910732
511.950114
511.999200
512.005285
512.019323
512.028805
512.031765
512.056151
512.107210
512.144345
512.150751
512.267412
512.349471
512.375951
512.395947
512.398484
512.405248
512.412117
512.432716
512.440089
512.453174
512.538369
512.556404
512.571790
512.583676
512.622030
512.643409
512.670664
512.692199
512.717068
512.727838
512.735081
512.749702
512.846126
512.871115
512.888491
512.913187
512.923236
512.957211
512.967547
512.973780
513.101195
513.106044
513.189125
513.191202
513.207121
513.216123
513.296092
513.405408
513.468227
513.487562
513.530793
513.557382
513.558717
513.606793
513.633718
513.749688
513.809311
513.856568
513.860564
513.864846
513.885075
513.897598
513.971006
514.015658
514.077397
514.123907
514.160549
514.165369
514.174221
514.194479
514.211712
514.244862
514.256943
514.264607
514.279626
514.298684
514.324900
514.383266
514.383726
514.416190
514.540247
514.561388
514.561598
514.565142
514.610106
514.636367
514.652249
514.681392
514.740300
514.760122
514.776745
514.785615
514.806033
514.817911
514.864303
514.873686
514.888500
514.920712
514.946387
514.974488
514.983629
515.051424
515.057397
515.057662
515.068376
515.069895
515.112497
515.137818
515.178542
515.245156
515.246407
515.276118
515.322571
515.386508
515.388540
515.391668
515.399968
515.434448
515.441068
515.467126
515.533008
515.543630
515.548494
515.564070
515.595915
515.618156
515.631218
515.634298
515.679622
515.736543
515.745595
515.758983
515.772434
515.788680
515.815880
515.869062
515.881436
515.895003
515.919847
515.985461
516.025508
516.030207
516.063044
516.078266
516.091529
516.131886
516.144409
516.150022
516.193760
516.248759
516.254830
516.260788
516.265772
516.304422
516.306073
516.319714
516.365244
516.366845
516.371679
516.441498
516.542276
516.547211
516.557978
516.559828
516.566673
516.614117
516.615018
516.634518
516.635067
516.638701
516.809712
516.815665
516.868873
516.875201
516.885266
516.891850
516.893161
516.958817
517.002689
517.040726
517.059941
517.063293
517.088015
517.091061
517.132674
517.151711
517.159600
517.169969
517.187952
517.190159
517.265687
517.294343
517.307116
517.334672
517.387968
517.501407
517.545941
517.553660
517.567662
517.578120
517.583462
517.645986
517.714792
517.738907
517.838627
517.855263
517.873149
517.875637
517.882101
517.891172
517.894882
517.915897
517.968506
517.971234
518.017455
518.022259
518.193624
518.206224
518.207117
518.235157
518.254698
518.265810
518.269205
518.319247
518.326138
518.329947
518.357273
518.456633
518.471996
518.533313
518.534297
518.617002
518.671309
518.757510
518.874421
518.923485
518.925721
518.956217
518.987985
518.992172
519.044449
519.082160
519.088118
519.147431
519.161903
519.177215
519.184997
519.205411
519.306644
519.331119
519.332051
519.375782
519.376907
519.379590
519.413831
519.517370
519.517796
519.591768
519.601286
519.613902
519.623872
519.640918
519.651326
519.658149
519.737134
519.740446
519.756113
519.812613
519.868253
519.906364
519.915017
519.957731
520.062918
520.064094
520.104174
520.167529
520.191528
520.214668
520.260705
520.264902
520.288872
520.291896
520.311036
520.346830
520.353681
520.394470
520.423982
520.516436
520.554086
520.561804
520.580725
520.614765
520.622579
520.716475
520.749898
520.755781
520.795287
520.806409
520.819292
520.822951
520.843689
520.859994
520.926608
520.938217
520.966560
521.016034
521.055476
521.101098
521.124619
521.151992
521.158766
521.162725
521.243076
521.374234
521.376120
521.398551
521.437475
521.490358
521.554172
521.578851
521.606350
521.616454
521.674438
521.717132
521.745735
521.830017
521.873325
521.876233
521.884593
521.888211
521.919885
521.929788
521.956724
521.972526
522.003006
522.003009
522.010937
522.026261
522.053586
522.057510
522.134488
522.189671
522.212116
522.213099
522.223599
522.225974
522.257635
522.290052
522.297388
522.314453
522.338037
522.431433
522.435148
522.477770
522.492846
522.565917
522.585664
522.609286
522.657132
522.696790
522.698168
522.757626
522.762148
522.779016
522.818491
523.029410
523.058416
523.065133
523.082879
523.086523
523.192018
523.219871
523.243461
523.285066
523.286598
523.426128
523.432287
523.446427
523.480940
523.515225
523.517168
523.561504
523.652249
523.732005
523.746633
523.749702
523.756513
523.776920
523.777094
523.789295
523.806984
523.825835
523.836865
523.867117
523.873930
523.948162
523.988509
524.132849
524.144151
524.147309
524.158131
524.231070
524.260154
524.274853
524.312111
524.403732
524.493135
524.501035
524.506978
524.515895
524.558130
524.578884
524.580146
524.588995
524.597811
524.645314
524.653781
524.781692
524.787920
524.825297
524.838406
524.843495
524.850073
524.856048
524.859252
524.889743
524.896458
524.898985
524.911584
524.989655
525.008825
525.094669
525.131908
525.151921
525.184989
525.207247
525.214928
525.226351
525.277571
525.314399
525.351020
525.437972
525.497678
525.571227
525.597837
525.600206
525.660855
525.695623
525.703589
525.734065
525.748003
525.786828
525.796137
525.801109
525.816556
525.930773
525.945253
525.970488
525.978555
525.982041
525.996233
526.030626
526.063392
526.071568
526.115642
526.201388
526.229045
526.268707
526.286859
526.318507
526.319611
526.336799
526.411177
526.432957
526.446368
526.468963
526.478059
526.558048
526.586101
526.626385
526.641682
526.645143
526.645893
526.656082
526.715132
526.754158
526.760909
526.791583
526.810609
526.821319
526.846696
526.865153
526.928326
526.935348
526.958756
526.974922
526.977389
527.033042
527.118490
527.120972
527.186937
527.202991
527.218846
527.247165
527.275261
527.364643
527.445220
527.448880
527.458988
527.478899
527.499095
527.509255
527.521962
527.528713
527.624488
527.642508
527.725493
527.732094
527.764058
527.813437
527.870003
527.880199
527.902188
527.931187
528.062158
528.133657
528.150679
528.182550
528.192043
528.209851
528.256023
528.291385
528.293604
528.345485
528.354473
528.391666
528.405186
528.443608
528.455425
528.478570
528.494875
528.592540
528.638209
528.675624
528.717873
528.719691
528.726254
528.731832
528.736004
528.754413
528.802187
528.814830
528.859021
528.860409
528.875830
528.944069
528.955436
529.114473
529.119235
529.164303
529.194417
529.206399
529.220811
529.223992
529.286614
529.329183
529.333288
529.340790
529.342326
529.345543
529.365060
529.372544
529.386823
529.419443
529.508207
529.512039
529.539976
529.540863
529.560852
529.582657
529.601446
529.688409
529.698097
529.724994
529.750467
529.768947
529.792710
529.806346
529.839039
529.839777
529.891488
529.901822
529.986488
529.995623
529.999203
530.016981
530.029816
530.059832
530.068700
530.089369
530.093277
530.166065
530.239194
530.290721
530.301371
530.370813
530.397052
530.411271
530.479664
530.487545
530.491062
530.501949
530.541155
530.543662
530.568569
530.663752
530.719032
530.755194
530.782420
530.791486
530.834793
530.853602
530.862288
530.886778
530.892394
530.898262
530.906421
530.919002
530.925169
530.935819
530.956114
530.963822
530.988063
530.988934
531.001821
531.059774
531.075162
531.078170
531.094808
531.230534
531.238047
531.240470
531.258705
531.271564
531.414525
531.451025
531.476430
531.547693
531.613084
531.677779
531.709346
531.718116
531.725748
531.732311
531.763348
531.772250
531.784290
531.814218
531.838013
531.881054
531.894616
531.895125
531.918599
531.929242
531.951794
531.955159
531.959343
531.990065
531.999612
532.006697
532.007997
532.078340
532.171354
532.204702
532.259180
532.261918
532.277922
532.331540
532.341457
532.363398
532.403785
532.439806
532.483773
532.491584
532.518544
532.628587
532.662875
532.692933
532.765673
532.778397
532.786661
532.792503
532.808506
532.846194
532.867884
532.901634
532.932823
532.965269
532.992539
532.995010
533.070225
533.071745
533.102517
533.165692
533.188829
533.212391
533.230594
533.253237
533.285352
533.290701
533.323142
533.328409
533.334796
533.344353
533.353175
533.424770
533.447998
533.466734
533.489479
533.498259
533.640654
533.640781
533.661791
533.674188
533.686682
533.716629
533.729079
533.813857
533.888904
533.932975
533.960802
533.972868
533.974433
533.993087
534.001892
534.044293
534.051216
534.111786
534.152276
534.183481
534.242916
534.253055
534.274721
534.296354
534.296722
534.323913
534.345866
534.438614
534.448579
534.505550
534.509819
534.530028
534.549965
534.650231
534.673337
534.684729
534.685190
534.723481
534.731328
534.731893
534.857562
534.862157
534.889969
534.898732
534.907816
534.912409
534.951918
535.011202
535.019371
535.089663
535.096443
535.183521
535.212575
535.277273
535.314871
535.348393
535.365658
535.374076
535.382000
535.402844
535.423098
535.428528
535.458484
535.467656
535.545435
535.584079
535.612656
535.618476
535.630958
535.658316
535.658659
535.757153
535.760352
535.761679
535.784148
535.796137
535.815272
535.828874
535.837246
535.898611
535.908685
535.910833
535.913012
535.924452
535.980033
536.030778
536.032633
536.075626
536.108460
536.112674
536.206978
536.333631
536.356073
536.359821
536.421527
536.437677
536.437778
536.549479
536.586558
536.604542
536.616113
536.678012
536.680009
536.683097
536.722531
536.729493
536.834081
536.841176
536.849654
536.909868
536.914665
536.952967
536.970006
536.987139
536.987414
537.000693
537.021940
537.056105
537.063703
537.081311
537.093798
537.153692
537.159562
537.209334
537.218207
537.246152
537.256957
537.258952
537.283925
537.289427
537.296126
537.341904
537.351961
537.361290
537.374292
537.374833
537.461588
537.634653
537.686880
537.715261
537.716891
537.782801
537.872965
537.986685
538.144343
538.169208
538.188858
538.193849
538.199771
538.282173
538.307193
538.312978
538.350880
538.361978
538.384348
538.469244
538.469918
538.507575
538.512074
538.548016
538.584634
538.594236
538.597386
538.657730
538.695392
538.736711
538.742470
538.743990
538.753848
538.765365
538.781287
538.788724
538.797352
538.807582
538.812998
538.849513
538.858965
538.907643
538.979765
539.012737
539.014555
539.029714
539.061558
539.097656
539.108015
539.140563
539.187845
539.201865
539.248919
539.270130
539.291279
539.345252
539.379674
539.413491
539.521387
539.546977
539.547881
539.598148
539.629532
539.643918
539.673209
539.687614
539.687651
539.728796
539.796418
539.801071
539.801703
539.851568
539.874177
539.894654
539.991504
540.003551
540.163646
540.185816
540.336777
540.371145
540.439999
540.541467
540.562832
540.589386
540.589418
540.639682
540.680996
540.692242
540.699469
540.715211
540.745993
540.817192
540.823933
540.846942
540.891871
540.899323
540.942020
541.000819
541.032860
541.034196
541.046033
541.056806
541.057581
541.063289
541.107955
541.143249
541.161758
541.181140
541.187878
541.200929
541.235824
541.259768
541.281496
541.285036
541.336814
541.370229
541.376949
541.419936
541.491861
541.522991
541.577998
541.583547
541.625743
541.627195
541.683000
541.709563
541.726577
541.809366
541.892238
541.923848
541.984813
542.007952
542.025044
542.031571
542.086373
542.096334
542.178521
542.183186
542.240056
542.247000
542.253349
542.291061
542.297494
542.297562
542.386119
542.450008
542.470880
542.477870
542.497315
542.497753
542.577439
542.579798
542.581993
542.596920
542.681603
542.691929
542.701470
542.724293
542.732595
542.743682
542.773889
542.775847
542.871309
542.872442
542.908344
542.951099
542.953047
542.969809
542.976052
542.978609
542.992946
543.012483
543.068547
543.078347
543.098142
543.117423
543.149983
543.153531
543.161485
543.183053
543.188103
543.191709
543.202807
543.235044
543.244435
543.275864
543.277021
543.284285
543.284733
543.301997
543.310719
543.312730
543.348315
543.350168
543.361540
543.390451
543.409382
543.428049
543.441547
543.442289
543.503190
543.510222
543.547197
543.562873
543.569080
543.592921
543.659351
543.676641
543.694726
543.744136
543.803964
543.844215
543.875288
543.877190
543.910322
543.914124
543.954658
543.998089
544.046394
544.098144
544.160540
544.162457
544.233652
544.313714
544.415035
544.464165
544.500316
544.519693
544.544698
544.548360
544.574227
544.578723
544.586926
544.606446
544.610882
544.647959
544.656612
544.691389
544.718042
544.753736
544.899941
544.960194
544.972115
545.024748
545.075332
545.133782
545.135873
545.148569
545.170995
545.173723
545.185726
545.214023
545.303236
545.438224
545.463879
545.485411
545.493884
545.519594
545.519996
545.539974
545.565614
545.580207
545.581682
545.662470
545.702026
545.706149
545.718372
545.766696
545.772661
545.785720
545.786036
545.814541
545.822806
545.840668
545.847666
545.890612
545.913789
545.922585
545.934229
545.964554
545.978049
545.998063
546.013669
546.020384
546.053411
546.151451
546.153669
546.209143
546.241611
546.262701
546.263460
546.278628
546.291196
546.309385
546.334420
546.424776
546.453198
546.474695
546.478573
546.568029
546.610554
546.615712
546.616485
546.642565
546.646286
546.692329
546.707878
546.726758
546.813742
546.821810
546.863487
546.876946
546.900159
546.981581
547.062539
547.079121
547.108073
547.187065
547.221299
547.263317
547.272803
547.379554
547.415202
547.460442
547.465061
547.483856
547.488793
547.512300
547.521996
547.535880
547.598526
547.602889
547.625188
547.702538
547.708218
547.736102
547.758237
547.813148
547.843927
547.913651
547.932929
547.942217
547.974492
548.002939
548.006334
548.081492
548.095451
548.098015
548.131879
548.136310
548.211412
548.271493
548.302770
548.372701
548.373119
548.379616
548.407704
548.445803
548.468826
548.479630
548.550597
548.573714
548.574871
548.600670
548.623625
548.645439
548.689263
548.738660
548.753523
548.759369
548.770969
548.793304
548.799253
548.805699
548.894276
548.904172
548.991593
549.039173
549.066554
549.077115
549.131091
549.279711
549.286888
549.296625
549.297130
549.371111
549.422164
549.503763
549.551784
549.554106
549.619329
549.630511
549.640011
549.660016
549.660213
549.721575
549.721885
549.744393
549.759309
549.762426
549.786094
549.852334
549.884811
549.976899
549.988850
550.061568
550.070412
550.165291
550.169217
550.171964
550.180011
550.191166
550.198778
550.209870
550.213871
550.243196
550.308720
550.310208
550.356099
550.448812
550.451640
550.457187
550.468997
550.494524
550.495266
550.587640
550.601747
550.676165
550.683873
550.686758
550.736509
550.766719
550.779107
550.826852
550.851192
550.858344
550.862310
550.881176
550.973727
550.979237
550.991135
551.001136
551.019375
551.042389
551.050183
551.055400
551.078920
551.098997
551.196838
551.208949
551.223959
551.288914
551.315027
551.318341
551.360757
551.384771
551.407028
551.416713
551.523091
551.571753
551.627810
551.636569
551.725132
551.727898
551.730528
551.750130
551.761490
551.793149
551.845226
551.865539
551.987516
551.992914
552.004062
552.056122
552.075537
552.112422
552.113661
552.128328
552.141660
552.142783
552.212689
552.225744
552.359853
552.415449
552.421628
552.442816
552.453028
552.456845
552.463474
552.512996
552.544097
552.563126
552.715978
552.749532
552.781786
552.805051
552.814703
552.851145
552.898135
553.060973
553.139300
553.172897
553.199729
553.227019
553.254513
553.341570
553.414603
553.459850
553.483163
553.492606
553.545894
553.582296
553.603147
553.646251
553.696128
553.723215
553.804604
553.840001
553.847750
553.852063
553.856579
553.865846
553.884385
553.960493
554.046164
554.063061
554.117467
554.126499
554.131649
554.135850
554.172406
554.224841
554.228589
554.253534
554.280854
554.354041
554.354530
554.394701
554.424174
554.431111
554.475860
554.529499
554.533011
554.540541
554.567733
554.574526
554.583500
554.615372
554.625938
554.678760
554.691019
554.845872
554.898964
554.920020
554.923572
554.960918
554.982559
554.988525
555.017573
555.028031
555.083848
555.091945
555.147199
555.236210
555.250814
555.300126
555.321877
555.353753
555.373908
555.394486
555.394598
555.407727
555.453108
555.453715
555.465205
555.465607
555.510395
555.545859
555.688990
555.712569
555.747101
555.813338
555.866197
555.919133
555.960357
555.971427
556.010947
556.047925
556.071277
556.165700
556.216420
556.229155
556.258881
556.289606
556.411246
556.425008
556.433458
556.448252
556.448296
556.489056
556.523651
556.535160
556.568143
556.570433
556.600982
556.759349
556.763440
556.878587
556.964870
557.000674
557.009089
557.057234
557.096638
557.117996
557.133856
557.165952
557.176169
557.178491
557.194080
557.232350
557.280736
557.342946
557.361095
557.370862
557.386820
557.405834
557.475938
557.477138
557.509162
557.528072
557.548473
557.582981
557.593134
557.621981
557.672931
557.678603
557.686468
557.694976
557.776243
557.784863
557.795540
557.823029
557.913438
558.052281
558.096474
558.133940
558.149481
558.160837
558.164221
558.164555
558.171345
558.219856
558.258243
558.322346
558.325826
558.335940
558.339840
558.353052
558.367393
558.367627
558.416838
558.420953
558.435584
558.435698
558.475556
558.480281
558.487439
558.492980
558.499181
558.502193
558.534741
558.572384
558.577595
558.747902
558.770879
558.809762
558.817020
558.868849
558.878038
558.887899
558.927249
558.972969
559.033087
559.037706
559.054002
559.080089
559.080890
559.102974
559.148119
559.178351
559.178685
559.183298
559.199590
559.243849
559.322863
559.333957
559.369383
559.415835
559.416797
559.417469
559.434554
559.435944
559.492938
559.544505
559.675352
559.687173
559.715189
559.732071
559.801503
559.805586
559.821336
559.889642
559.980606
560.007787
560.036456
560.054911
560.060748
560.153168
560.223877
560.240972
560.305765
560.338872
560.418283
560.428265
560.430314
560.432865
560.437711
560.443529
560.460199
560.467909
560.496757
560.570700
560.572627
560.739394
560.781219
560.818789
560.822836
560.873199
560.873808
560.893057
560.923166
560.932895
560.949174
560.949315
560.955904
560.958594
560.972590
560.973381
560.982981
561.007030
561.024090
561.092668
561.101156
561.112722
561.138063
561.139836
561.198395
561.203612
561.223123
561.232328
561.350642
561.355829
561.401391
561.496936
561.585150
561.609152
561.635268
561.639733
561.647611
561.680625
561.683331
561.703118
561.760034
561.824465
561.863830
561.882913
561.893842
561.900329
561.907313
561.919922
561.929253
561.929401
561.936995
561.946401
561.981220
561.998618
562.004470
562.044405
562.045918
562.066296
562.125194
562.169524
562.180880
562.235107
562.255991
562.278592
562.341272
562.361525
562.366429
562.374289
562.381894
562.388674
562.391878
562.394207
562.405988
562.428788
562.450008
562.506508
562.566189
562.587824
562.605293
562.611973
562.627182
562.671262
562.682423
562.750001
562.751137
562.802928
562.824142
562.887805
562.934733
562.941130
562.994568
562.995030
563.003352
563.022345
563.151929
563.204496
563.219588
563.239025
563.251014
563.272062
563.279010
563.287424
563.371633
563.568928
563.675124
563.757985
563.769269
563.769304
563.786799
563.791799
563.802816
563.863382
563.863463
563.920222
563.929252
563.961051
564.002257
564.019004
564.076126
564.076422
564.079743
564.097056
564.151354
564.163631
564.163746
564.179862
564.210004
564.217292
564.268637
564.299149
564.352675
564.354030
564.410825
564.416507
564.423626
564.425661
564.434932
564.502587
564.521506
564.539586
564.550060
564.559686
564.599014
564.637970
564.653561
564.695093
564.707506
564.771765
564.805833
564.809297
564.811365
564.842416
564.892174
564.904954
564.907891
564.916580
564.968290
564.992950
565.121106
565.122200
565.125983
565.144503
565.156014
565.189238
565.197200
565.230736
565.242691
565.258762
565.342130
565.349504
565.362727
565.371986
565.406617
565.409011
565.410901
565.430058
565.469785
565.531243
565.541971
565.664455
565.723641
565.737420
565.740485
565.771747
565.805457
565.843536
565.911334
565.914892
565.964110
566.013335
566.039275
566.047153
566.083122
566.108007
566.110045
566.114234
566.137781
566.141520
566.151460
566.219533
566.233858
566.273458
566.274710
566.287742
566.306331
566.307532
566.330733
566.372592
566.416516
566.495427
566.588894
566.602827
566.609248
566.634678
566.663217
566.686027
566.723910
566.757641
566.787011
566.796618
566.852915
566.889025
566.900561
566.925991
566.952789
566.992111
567.082312
567.105169
567.161010
567.175744
567.210033
567.220469
567.229972
567.297119
567.301141
567.302548
567.384514
567.421963
567.592644
567.604927
567.667216
567.671977
567.688150
567.707385
567.753327
567.768310
567.844289
567.855322
567.873487
567.873990
567.892684
567.909664
567.917529
567.959826
567.973303
567.976235
567.984059
567.993474
568.003945
568.139904
568.156828
568.167562
568.169535
568.169997
568.178899
568.299926
568.335671
568.434289
568.446305
568.581798
568.593295
568.605449
568.639171
568.660815
568.665916
568.689998
568.702451
568.731996
568.733835
568.747150
568.747771
568.753106
568.759758
568.790511
568.791748
568.806319
568.812733
568.821577
568.850964
568.870531
568.956487
568.958975
568.982216
569.020495
569.051712
569.079706
569.109933
569.249871
569.253737
569.297290
569.382609
569.406663
569.438852
569.444616
569.451769
569.456163
569.471525
569.529872
569.642513
569.649530
569.670180
569.717469
569.748067
569.789572
569.790285
569.836292
569.872069
569.893896
569.915864
569.934099
569.958943
569.971306
569.978296
570.012745
570.034980
570.035691
570.046884
570.051657
570.063846
570.130664
570.144616
570.229830
570.243145
570.269472
570.277121
570.327915
570.363739
570.423773
570.445136
570.449868
570.470422
570.508789
570.535115
570.547076
570.573830
570.601773
570.609741
570.619717
570.635430
570.679683
570.683700
570.867237
570.932765
570.957614
570.976903
570.985580
571.010010
571.049392
571.078980
571.132554
571.175064
571.241123
571.248214
571.260495
571.291412
571.302740
571.313948
571.330368
571.394340
571.398069
571.401836
571.503421
571.535111
571.554051
571.554825
571.580781
571.586205
571.602351
571.653155
571.687790
571.753696
571.773715
571.797871
571.806510
571.816013
571.913195
571.929357
571.982819
571.985504
572.058660
572.062681
572.087298
572.141281
572.145657
572.149228
572.178081
572.250907
572.253745
572.262196
572.308328
572.311526
572.478436
572.500960
572.515767
572.585435
572.606178
572.661996
572.673762
572.821816
572.843494
572.843568
572.878653
572.963282
572.965616
573.030386
573.045461
573.070247
573.072983
573.097812
573.103119
573.112152
573.185780
573.190204
573.190815
573.209935
573.214274
573.254543
573.332760
573.332881
573.375854
573.384488
573.423698
573.431096
573.432517
573.467777
573.497186
573.501364
573.541410
573.551018
573.552044
573.552114
573.593252
573.627086
573.667190
573.674718
573.700913
573.705787
573.711543
573.794429
573.797333
573.815082
573.827999
573.854437
573.909150
573.909268
573.917238
573.950545
573.968727
574.054836
574.075639
574.092537
574.183368
574.205910
574.293790
574.322104
574.322453
574.326573
574.345432
574.348818
574.407562
574.458996
574.463565
574.476749
574.513046
574.544262
574.563106
574.596369
574.617073
574.646777
574.652876
574.659050
574.705332
574.710271
574.728355
574.730441
574.785651
574.861525
574.878267
575.006526
575.019220
575.048644
575.050646
575.059662
575.068310
575.072432
575.079555
575.142914
575.143452
575.169032
575.235107
575.242470
575.318630
575.393665
575.473210
575.511757
575.525498
575.548094
575.548520
575.555091
575.567023
575.659083
575.667129
575.669969
575.678474
575.696080
575.752122
575.757247
575.787911
575.793989
575.820945
575.831400
575.855175
575.874605
575.933073
575.947348
575.984862
575.995377
576.028112
576.042535
576.056158
576.063052
576.089971
576.144230
576.233807
576.272820
576.298178
576.310304
576.356257
576.383643
576.402309
576.417142
576.450685
576.473481
576.480486
576.562541
576.568918
576.617593
576.622095
576.630038
576.649517
576.708644
576.733255
576.785475
576.821205
576.860456
576.865038
576.899383
576.900300
576.915033
576.928269
576.935191
576.943680
576.952449
576.964588
577.133716
577.175865
577.184895
577.185017
577.252898
577.306447
577.422615
577.477499
577.526239
577.587209
577.593195
577.602104
577.621503
577.642573
577.645463
577.734660
577.764442
577.805483
577.807938
577.832318
577.856446
577.881296
577.911248
577.933305
577.963878
578.011101
578.019063
578.023001
578.036433
578.119828
578.121812
578.157529
578.166574
578.181246
578.193483
578.197440
578.209125
578.222714
578.345118
578.358847
578.367413
578.378061
578.384847
578.392587
578.448093
578.550219
578.560382
578.607029
578.609973
578.653251
578.670070
578.688195
578.705003
578.802952
578.818858
578.829803
578.912775
578.918595
578.933234
578.957639
578.970110
578.998973
579.039641
579.102307
579.168020
579.229772
579.258239
579.305639
579.309418
579.342440
579.359762
579.365232
579.447649
579.468442
579.475073
579.633503
579.636421
579.719653
579.740795
579.776048
579.849602
579.877012
579.892340
579.909126
579.990640
580.029654
580.067901
580.187660
580.324045
580.460795
580.527992
580.544984
580.553995
580.602791
580.655738
580.700156
580.725598
580.740122
580.880997
580.889427
580.924832
581.027817
581.131628
581.162394
581.169564
581.183154
581.213957
581.252241
581.277560
581.292756
581.312261
581.432641
581.469881
581.499542
581.578038
581.584487
581.606874
581.611855
581.616233
581.618136
581.645854
581.702426
581.745043
581.900459
581.942337
581.948528
581.950442
581.957005
581.978638
582.001254
582.018782
582.025666
582.048656
582.106146
582.131070
582.192620
582.220331
582.226047
582.359329
582.359945
582.362305
582.373100
582.384200
582.397568
582.469943
582.560206
582.579995
582.620270
582.731250
582.751768
582.812750
582.843720
582.849171
582.887754
582.952835
582.965158
582.974968
582.975468
583.004041
583.021387
583.030416
583.047009
583.055806
583.075539
583.113461
583.159107
583.166498
583.218933
583.236147
583.277067
583.289965
583.321303
583.340011
583.355602
583.371025
583.483230
583.496795
583.509532
583.544971
583.553837
583.557254
583.574656
583.589784
583.595013
583.595261
583.628527
583.759838
583.766245
583.768740
583.772243
583.777960
583.784295
583.822250
583.823931
583.854771
583.883962
583.984820
583.991548
584.001328
584.023218
584.034237
584.034525
584.043144
584.051503
584.060569
584.092901
584.127898
584.250207
584.290867
584.295065
584.343457
584.386391
584.421271
584.468910
584.528034
584.539057
584.569632
584.611205
584.634071
584.695203
584.710939
584.712299
584.739631
584.740901
584.819012
584.850850
584.867433
584.872246
584.904390
584.923947
584.959861
585.009709
585.024678
585.043459
585.051105
585.053621
585.121348
585.197040
585.207984
585.301496
585.304836
585.332554
585.369505
585.434257
585.497539
585.554917
585.573100
585.732615
585.758022
585.827013
585.873013
585.892258
585.915797
585.952148
585.970319
586.062719
586.091750
586.139674
586.175475
586.185943
586.191590
586.207233
586.238968
586.251603
586.312920
586.357815
586.394915
586.466347
586.478869
586.492359
586.568667
586.658655
586.711950
586.720194
586.788615
586.804659
586.808651
586.840270
586.869705
586.871122
586.874910
586.925505
586.943389
586.951295
586.973703
586.988933
587.011700
587.156808
587.227181
587.253531
587.315318
587.330133
587.337306
587.341670
587.345847
587.370243
587.383818
587.397172
587.403875
587.428545
587.432151
587.458082
587.462617
587.492721
587.508668
587.515360
587.536955
587.560496
587.635964
587.679274
587.707450
587.879986
587.888468
587.912352
588.004099
588.033412
588.037604
588.050498
588.055364
588.097191
588.106923
588.162357
588.165785
588.194601
588.232722
588.247206
588.290285
588.337504
588.354055
588.488490
588.495335
588.500087
588.554186
588.603599
588.607685
588.607880
588.621364
588.636076
588.636145
588.678948
588.705466
588.823855
588.827305
588.838586
588.841909
588.883269
588.885834
588.912040
588.965953
589.067042
589.109709
589.121678
589.130274
589.131223
589.171612
589.177035
589.208391
589.221865
589.297583
589.298015
589.340175
589.384909
589.415577
589.460955
589.463970
589.540520
589.558580
589.560469
589.563002
589.594451
589.609847
589.704633
589.767515
589.810807
589.826223
589.865809
589.906688
589.947774
589.961004
590.021460
590.074954
590.081887
590.103199
590.112248
590.113412
590.119809
590.142742
590.149800
590.175254
590.178404
590.205822
590.210244
590.240895
590.243069
590.260623
590.291864
590.326500
590.337117
590.350049
590.352622
590.353937
590.374275
590.398685
590.485083
590.501358
590.508041
590.524866
590.577888
590.602716
590.612848
590.638558
590.681039
590.783440
590.789745
590.826047
590.836501
590.877010
590.886084
590.915341
590.983661
590.984744
591.036362
591.047092
591.058496
591.062684
591.084249
591.095987
591.101777
591.108629
591.142527
591.155371
591.169034
591.175232
591.201116
591.224963
591.249288
591.295564
591.314960
591.390883
591.405289
591.409559
591.478323
591.548882
591.585049
591.617032
591.675500
591.709920
591.720255
591.744884
591.759018
591.855612
591.859120
591.867353
591.872413
591.928805
591.956721
591.979227
591.985414
592.011012
592.042770
592.081281
592.084916
592.096984
592.118937
592.119931
592.138672
592.242583
592.272684
592.396819
592.401034
592.417249
592.421569
592.456414
592.489920
592.498780
592.504629
592.510284
592.544004
592.640750
592.677501
592.679798
592.738802
592.743152
592.769579
592.876918
592.944836
592.956287
593.019287
593.025724
593.064201
593.077676
593.081258
593.085473
593.089641
593.203583
593.205650
593.214142
593.298742
593.310364
593.317546
593.370863
593.439510
593.444251
593.462525
593.494909
593.541253
593.546181
593.691630
593.698774
593.713699
593.723522
593.734440
593.869841
593.940235
593.953713
594.047074
594.052208
594.067821
594.176787
594.204685
594.265358
594.303156
594.318917
594.351699
594.363926
594.374562
594.381839
594.421950
594.432637
594.443590
594.465112
594.473095
594.520385
594.541428
594.551170
594.576810
594.584292
594.606720
594.668567
594.679546
594.684232
594.709445
594.710316
594.728696
594.754343
594.807942
594.818446
594.882738
594.923274
594.936772
594.963813
595.047835
595.057858
595.066002
595.165603
595.330194
595.356511
595.369495
595.425846
595.445536
595.470133
595.522964
595.532262
595.643417
595.676665
595.679379
595.686163
595.687419
595.717171
595.723013
595.858437
595.858640
595.868168
595.874855
595.879038
595.910909
595.926738
595.971612
596.012728
596.172070
596.189809
596.196666
596.231963
596.383335
596.434652
596.437550
596.438970
596.516971
596.588077
596.613651
596.627385
596.686140
596.710512
596.750707
596.757658
596.783331
596.830087
596.884974
596.911160
596.918584
596.923069
596.939155
596.953312
596.987837
596.998375
597.021941
597.027801
597.035551
597.053143
597.084108
597.129489
597.177181
597.220776
597.301338
597.383418
597.453408
597.524900
597.584574
597.587219
597.623010
597.636542
597.640723
597.650775
597.667269
597.716914
597.718488
597.719948
597.755308
597.790378
597.803426
597.807542
597.825219
597.854583
597.858888
597.868615
597.908294
597.986278
598.010464
598.044882
598.059549
598.089176
598.096292
598.101954
598.104235
598.111716
598.135181
598.147490
598.168925
598.207373
598.260478
598.308988
598.335048
598.424376
598.432054
598.445478
598.493070
598.610772
598.611005
598.624602
598.638057
598.662428
598.741672
598.746212
598.756972
598.801883
598.805535
598.807958
598.825933
598.878710
598.906115
598.933008
598.943731
598.969469
598.991665
599.005796
599.011948
599.027388
599.040094
599.040332
599.086055
599.087635
599.109542
599.124028
599.149862
599.150122
599.187820
599.197306
599.226395
599.313854
599.353388
599.388364
599.439520
599.503782
599.542670
599.557243
599.602288
599.624963
599.661380
599.691373
599.772864
599.783883
599.794310
599.805111
599.836911
599.875550
599.883904
599.950496
