1.518475153865606053e+00
1.656635137080719744e+00
2.085639159357211003e+00
2.759115484988894362e+00
3.251295444089508102e+00
3.406093430225720642e+00
3.646342406944902415e+00
4.318046588926760521e+00
4.363399700364578138e+00
4.636984958660228529e+00
4.976348678356846023e+00
5.433055146252153023e+00
5.466547695464917922e+00
6.021359333317910512e+00
6.175348288740734048e+00
6.981580720747759372e+00
7.294789929436151787e+00
7.605223024637252749e+00
7.625738023228556983e+00
7.910092349175601001e+00
7.953393162486543488e+00
8.634802894001690987e+00
9.150074981714828581e+00
9.428755706020275795e+00
1.005973042073381407e+01
1.031655633456551868e+01
1.078268213902262573e+01
1.100496086717937061e+01
1.106608420635983947e+01
1.120445662476432602e+01
1.179364195232968093e+01
1.221864069569104139e+01
1.223254246642917487e+01
1.226058487994365898e+01
1.294797358517283392e+01
1.356560103185682209e+01
1.356818667316142069e+01
1.359120293161335624e+01
1.363391410243736068e+01
1.380079260652582462e+01
1.393512381599931693e+01
1.544362537499680599e+01
1.550451635058230870e+01
1.554706104672807143e+01
1.689098270455120598e+01
1.691264899527813270e+01
1.726762800499328421e+01
1.742508365045983965e+01
1.832338795645912555e+01
1.901249114183032418e+01
1.906750508580709180e+01
1.951547789558385659e+01
1.994888021003324852e+01
2.080839026254963642e+01
2.117062422012895340e+01
2.135659453806869479e+01
2.182890190925805740e+01
2.213896942061965945e+01
2.221339552022710961e+01
2.236519310393124726e+01
2.275899843259917432e+01
2.309397294863789796e+01
2.332039108949545181e+01
2.353691440267978763e+01
2.407012369849266165e+01
2.440463419256992950e+01
2.452770958466157225e+01
2.505021500960062752e+01
2.523204183449923121e+01
2.524198949851464846e+01
2.545131422555757439e+01
2.560423949813039712e+01
2.607608642622710704e+01
2.654775061557585047e+01
2.661076012711668426e+01
2.708693101632249167e+01
2.736183091460711125e+01
2.738600303584006923e+01
2.793083034176976298e+01
2.810243034842774179e+01
2.819458195226069819e+01
2.833288822677851826e+01
2.915294813123055917e+01
2.930163420191516011e+01
2.935024819530044482e+01
3.023340041322799721e+01
3.033680283683707302e+01
3.044146285980963285e+01
3.053474178612112411e+01
3.093716065077978072e+01
3.215160340193281741e+01
3.236742809799133624e+01
3.301557735830302676e+01
3.318952108656216637e+01
3.335924469184540442e+01
3.361167065041570368e+01
3.404205637217672376e+01
3.406727765988870260e+01
3.445104742176106072e+01
3.476071785753891419e+01
3.482179215207487033e+01
3.506941221250922069e+01
3.512010492828176211e+01
3.525787403313146484e+01
3.544944828649687452e+01
3.564537488042157776e+01
3.587827378149051327e+01
3.592863954577536845e+01
3.595961020010484077e+01
3.619076133018024422e+01
3.661147045343364681e+01
3.728916704566341878e+01
3.811815379556543348e+01
3.824659869959472758e+01
3.827409083866912454e+01
3.841375168733173240e+01
3.866391657319476849e+01
3.874782454544849486e+01
4.020456853519222307e+01
4.032440308169227450e+01
4.091144267603092999e+01
4.125628324379797363e+01
4.164815179482304330e+01
4.178162179901617890e+01
4.184815819561254813e+01
4.193171298788684709e+01
4.202520457095720730e+01
4.227726749242879123e+01
4.289750461585075669e+01
4.346846162736692776e+01
4.412204427871137824e+01
4.497522820463213122e+01
4.512506733105845314e+01
4.550246391982535243e+01
4.557080805368830312e+01
4.585774175529960672e+01
4.600542093482405903e+01
4.630881458226069469e+01
4.679835610086079356e+01
4.680559213273095764e+01
4.693111280132581697e+01
4.820441197786669818e+01
4.824241542524959669e+01
4.836638617620132408e+01
4.848861422838412949e+01
4.878508180346739209e+01
4.888032812442890673e+01
4.909678285971135381e+01
4.927973937929787951e+01
5.068051892164936589e+01
5.084782400582774642e+01
5.115723710618745912e+01
5.126627621701974391e+01
5.169596136048895119e+01
5.196056097300455434e+01
5.198829602125373128e+01
5.201207858842644782e+01
5.230992870149743368e+01
5.310314528302404824e+01
5.313320382211468029e+01
5.323186313391684621e+01
5.436991984969804292e+01
5.447931504042770001e+01
5.454749016213018820e+01
5.456402531974345038e+01
5.502135295603014242e+01
5.535630580691319835e+01
5.545633665765811315e+01
5.595555311995627079e+01
5.597010721539172806e+01
5.597101766581074855e+01
5.611312456725701026e+01
5.643634791712839416e+01
5.768670564260123257e+01
5.857289633941334728e+01
5.873734043678893357e+01
5.879485872574355909e+01
5.961470446025172265e+01
5.990213464750792127e+01
6.048819601432335702e+01
6.190011552173775300e+01
6.280479700101309248e+01
6.343440209896339610e+01
6.370173320348284562e+01
6.388924845267322183e+01
6.474630824905295867e+01
6.663234314121908142e+01
6.707875155583579385e+01
6.728079283816794032e+01
6.794873255938138357e+01
6.838054876258250658e+01
6.859284165103881037e+01
6.863944964748674238e+01
6.877541856979244983e+01
6.966380854404519596e+01
7.116803752079835022e+01
7.117472624904002032e+01
7.129126319771989984e+01
7.186856720009173216e+01
7.204368563345792609e+01
7.255568727013550756e+01
7.261658145345012372e+01
7.272291972452407549e+01
7.274115109041889582e+01
7.319689301372507373e+01
7.378731851535243891e+01
7.420443052295929931e+01
7.431929685034724287e+01
7.454674194433972900e+01
7.478766874466248282e+01
7.507286944937860085e+01
7.553468874760925189e+01
7.553971767208582833e+01
7.573108330320621917e+01
7.639219642912915731e+01
7.737084811348195501e+01
7.738248831454667709e+01
7.747331648968750528e+01
7.763399448000507164e+01
7.956071030451764159e+01
8.077296928481429461e+01
8.124967537862227118e+01
8.140470953216876637e+01
8.202212157921186986e+01
8.306329444416111585e+01
8.321435489433980592e+01
8.357710170958758056e+01
8.359393927098342658e+01
8.398016908378285450e+01
8.399372809808525631e+01
8.423170873225673461e+01
8.428035290621423314e+01
8.428895687766909361e+01
8.455643243201997450e+01
8.461037177139193943e+01
8.513277173961733979e+01
8.545214831324028637e+01
8.552855060815413424e+01
8.571362588455822618e+01
8.596237563848532659e+01
8.658916597207672794e+01
8.692543587413041450e+01
8.736874205941256832e+01
8.764339456056544009e+01
8.796323150941935864e+01
8.807755327934800960e+01
8.833466762087570601e+01
9.026349294503090448e+01
9.041336224924262410e+01
9.127267288786131871e+01
9.138413075201120250e+01
9.285828488589832830e+01
9.329469651469865710e+01
9.351332282682328412e+01
9.351662033866446677e+01
9.430679432289799990e+01
9.507660154688329612e+01
9.540104249155916705e+01
9.569268908812838959e+01
9.579409127712446548e+01
9.601488030918352479e+01
9.623401949152075474e+01
9.662374967495348699e+01
9.670615349241688818e+01
9.688694188237379024e+01
9.696087960622656965e+01
9.710377092127309595e+01
9.755499660802411199e+01
9.759909922897929846e+01
9.761990944778031576e+01
9.824920565337438916e+01
9.859936361097479107e+01
9.862548308625245852e+01
9.926940745579474878e+01
1.004716843971258413e+02
1.009812834581761791e+02
1.012845514210883806e+02
1.013985470554607389e+02
1.017089373146102105e+02
1.022410620759053472e+02
1.023199053150775484e+02
1.026245246147722412e+02
1.037001849971589564e+02
1.037087980511758332e+02
1.044766401069901036e+02
1.046604799628985916e+02
1.047628723837982676e+02
1.051762676419790949e+02
1.052745037656236065e+02
1.060056684078158469e+02
1.067918035953784823e+02
1.068290177693538681e+02
1.070259980080767832e+02
1.074488154098521449e+02
1.075397185632817809e+02
1.076491452370507460e+02
1.078473453659265431e+02
1.080571924233788650e+02
1.089246889195905226e+02
1.090888807137881997e+02
1.092809583144226337e+02
1.099085529881075161e+02
1.103147409178300506e+02
1.103349398157759680e+02
1.106740918709317185e+02
1.110476100766333190e+02
1.111416308374145956e+02
1.111926441200672713e+02
1.116054257378349490e+02
1.122812387268360936e+02
1.123837843879413612e+02
1.124611738571112198e+02
1.126748857919832005e+02
1.128778756592747357e+02
1.129390100634148837e+02
1.130833288274722719e+02
1.131852489313867949e+02
1.142672569893064605e+02
1.151673664119634282e+02
1.155293185805775806e+02
1.158307913402322811e+02
1.160206038901612260e+02
1.164509778619565736e+02
1.166031869068445985e+02
1.167605036202489401e+02
1.176732135299196926e+02
1.177335322267906150e+02
1.179293174000281255e+02
1.189628346963810515e+02
1.191861871681101803e+02
1.193566797137224853e+02
1.195514203192120277e+02
1.202554250290919668e+02
1.210448598637191111e+02
1.226858833242809652e+02
1.231148769106889205e+02
1.231190480968984531e+02
1.235522742441805661e+02
1.237853030734279400e+02
1.244458507012995483e+02
1.252233009446336922e+02
1.254729108871856624e+02
1.258800187283369780e+02
1.272666027740928882e+02
1.276309315849250368e+02
1.281323365878768925e+02
1.282623055075648892e+02
1.284552444951943073e+02
1.286982082125055058e+02
1.294978638689038064e+02
1.295835055926347366e+02
1.301554947713919148e+02
1.312424766071187321e+02
1.316914262116908390e+02
1.317404725710655384e+02
1.320457481218803935e+02
1.324591504120131162e+02
1.342237100470364055e+02
1.345336565934959197e+02
1.351632405930280640e+02
1.363623194303319792e+02
1.366970258357138732e+02
1.368209952651107812e+02
1.374758671474549772e+02
1.377407268714783868e+02
1.382336304098177209e+02
1.386017410932398093e+02
1.387604148399443602e+02
1.388039357008819366e+02
1.391095214819946477e+02
1.396794054397380478e+02
1.405981925982378868e+02
1.406079479384910940e+02
1.414728565650475218e+02
1.416644775485847845e+02
1.420415312341696961e+02
1.421884920788617137e+02
1.422521487261975608e+02
1.443420305564452519e+02
1.453568955573063874e+02
1.468358280832688934e+02
1.474847625350496969e+02
1.476348879238614700e+02
1.477553081456591713e+02
1.477854281978608810e+02
1.477875312872577354e+02
1.481386789093172354e+02
1.483260914107744384e+02
1.485530730333810538e+02
1.491745517677156272e+02
1.495326596787171809e+02
1.504548884061598812e+02
1.507911279315576394e+02
1.508037069686584459e+02
1.508161170277437577e+02
1.509408775740263025e+02
1.510251812564570741e+02
1.515757117343571565e+02
1.517666036653398010e+02
1.522831136053364958e+02
1.525712073494108267e+02
1.532241907732697257e+02
1.534027196582813417e+02
1.535032326346998275e+02
1.536279174897842950e+02
1.541968467479432263e+02
1.542703315240834741e+02
1.548901044903585955e+02
1.554988957091210295e+02
1.556371865230098308e+02
1.560204063533432475e+02
1.560490503335980179e+02
1.560923102711379897e+02
1.566729780164413057e+02
1.568198488145982310e+02
1.569196274307358010e+02
1.569293532510446312e+02
1.573534168710764050e+02
1.574269294896713518e+02
1.583103327258899640e+02
1.588951735068019389e+02
1.594063894704443953e+02
1.596340455795946980e+02
1.597768297654757532e+02
1.597851799365069496e+02
1.600383275928964508e+02
1.607324052224275306e+02
1.608289099032361094e+02
1.611319625455643347e+02
1.618026725746952081e+02
1.621905364830319627e+02
1.627933904122729984e+02
1.628088249474745339e+02
1.628173330042788507e+02
1.630658583341965766e+02
1.636850367947804727e+02
1.640130838029838856e+02
1.646201368099758326e+02
1.647679994118361435e+02
1.648586646971206733e+02
1.655720516323456764e+02
1.661562853203962220e+02
1.663062157534202186e+02
1.665602434798387037e+02
1.666295116807882266e+02
1.670288679041789237e+02
1.670403787375050513e+02
1.675212749207415186e+02
1.682813914606158789e+02
1.683831592708488643e+02
1.704925810006414792e+02
1.709669054613949584e+02
1.710183510268094835e+02
1.712334914006735573e+02
1.714838068409699474e+02
1.720313664369858202e+02
1.723419339539735802e+02
1.726422533627636824e+02
1.730711653879077403e+02
1.734840422988521880e+02
1.743714664267836838e+02
1.750106295291478773e+02
1.750175384298361507e+02
1.750968335552616111e+02
1.752942935769300732e+02
1.757326743820389936e+02
1.758689496050391767e+02
1.760523354062637509e+02
1.769753060563899112e+02
1.772499781707032298e+02
1.772678829564725334e+02
1.777243706586127416e+02
1.780777360662145838e+02
1.782392146056405409e+02
1.786916221823532851e+02
1.793699936433255289e+02
1.795975452591109729e+02
1.803345035229626490e+02
1.817324458070661422e+02
1.818523903352640048e+02
1.819287178978769930e+02
1.822634555704315176e+02
1.828693001939690532e+02
1.831860127324897860e+02
1.834362706303943469e+02
1.835162238703056801e+02
1.835558684167138495e+02
1.840245587807369532e+02
1.845021680097509318e+02
1.847550294156649500e+02
1.854384721373687626e+02
1.854654189948783198e+02
1.854764314590887864e+02
1.860218267785540434e+02
1.860397793404610240e+02
1.860928654060394081e+02
1.866260100683620351e+02
1.868671427457000789e+02
1.869894380482673739e+02
1.872713987741976212e+02
1.877579747142709152e+02
1.882674240252190430e+02
1.883124159214253552e+02
1.883701168472723282e+02
1.886828540339651852e+02
1.888195914405787619e+02
1.893415877991788534e+02
1.895511636509397704e+02
1.896917491780738487e+02
1.899304371819803805e+02
1.900202562950177310e+02
1.900211269531270375e+02
1.900589132282684091e+02
1.905280952602931279e+02
1.909231233791341253e+02
1.912289704494619684e+02
1.912672414065639259e+02
1.922624234409643691e+02
1.923442898655891895e+02
1.926094938462863411e+02
1.927257834618946788e+02
1.929864655327059495e+02
1.935518371228349679e+02
1.936416887721503315e+02
1.937751723994803683e+02
1.947630906348190649e+02
1.948898697141644050e+02
1.949891792333295371e+02
1.955883778507801480e+02
1.972838676901030226e+02
1.976080894856835073e+02
1.979952138102537162e+02
1.980592130153193864e+02
1.987566853061945835e+02
1.990505307324167461e+02
1.995591662088600344e+02
2.002673215563081612e+02
2.005929659773292997e+02
2.014719586778398934e+02
2.015102053217570131e+02
2.016406642217635579e+02
2.017555368231115267e+02
2.032693085526847199e+02
2.037306957433468710e+02
2.044508166671787706e+02
2.049020320249070437e+02
2.052699079536470776e+02
2.054193517661637713e+02
2.071184485888095992e+02
2.072813214307397800e+02
2.075685593078079876e+02
2.081845333401300024e+02
2.087246066953851482e+02
2.087922618281093889e+02
2.088089390024919112e+02
2.090211496092451853e+02
2.091047222985803842e+02
2.094485142059235443e+02
2.102907394377359935e+02
2.105900631773110092e+02
2.107452251961327931e+02
2.109056876685533553e+02
2.110973578140070970e+02
2.112239304297670799e+02
2.118726681469488540e+02
2.120572031542851335e+02
2.124217733388136367e+02
2.136537664042607503e+02
2.139734361668984945e+02
2.140048757653657390e+02
2.143787768100187066e+02
2.160109609638222992e+02
2.166757705179198865e+02
2.167356345784515952e+02
2.177158525165079936e+02
2.177867036610718117e+02
2.178274001167984579e+02
2.184649045835578818e+02
2.187021504122961915e+02
2.188818535014192150e+02
2.192602425610932642e+02
2.195981825434215295e+02
2.205213131411657344e+02
2.213690750087305616e+02
2.222305853262613198e+02
2.223361947870177175e+02
2.231838877718030858e+02
2.236318422552990057e+02
2.238134637796269999e+02
2.239474215354072442e+02
2.242412814401269543e+02
2.242828140528753238e+02
2.244779071150975085e+02
2.251844254922575033e+02
2.252613203374492059e+02
2.257123588313040159e+02
2.260134555776824925e+02
2.263628622254047116e+02
2.265411767020856928e+02
2.266653415629145911e+02
2.273538331393107228e+02
2.280683579669059782e+02
2.282355145850692395e+02
2.284531895152416610e+02
2.284858845986152858e+02
2.287376057222071495e+02
2.306962245541531615e+02
2.308478799575810569e+02
2.309980659295832481e+02
2.312901539863682956e+02
2.313811040057837261e+02
2.316734307889972229e+02
2.316955175206917943e+02
2.325398470083343625e+02
2.329238882225990608e+02
2.331440747782310439e+02
2.339626637572871459e+02
2.350959038223429332e+02
2.355527884179040825e+02
2.365791633673592287e+02
2.367513715822015001e+02
2.368854428383661741e+02
2.374737131177545564e+02
2.382075567810887833e+02
2.384433910624945270e+02
2.385558584306110959e+02
2.385801935579670499e+02
2.387378008308303095e+02
2.391886097338660875e+02
2.394885536900325462e+02
2.398231196727127781e+02
2.406590942262118915e+02
2.410442791154545716e+02
2.411016230697343303e+02
2.418603839379184137e+02
2.420504217801791924e+02
2.422320465492187509e+02
2.424361138693250837e+02
2.425192044349383309e+02
2.428083466435540743e+02
2.429623337563904499e+02
2.430340184037542315e+02
2.431659992345498722e+02
2.438398701772507593e+02
2.438703027390232592e+02
2.441385059120846108e+02
2.443405447766807299e+02
2.443724160694146406e+02
2.446384285364502489e+02
2.449798318414731284e+02
2.451216212847839699e+02
2.451666600603647623e+02
2.454044297767479463e+02
2.463771914016038522e+02
2.465580177871068770e+02
2.467611728769506954e+02
2.467801681978974671e+02
2.479372398323224900e+02
2.486212527455788006e+02
2.491858223363187506e+02
2.497327922401265141e+02
2.505907486767713976e+02
2.507940361536617502e+02
2.514986114133413651e+02
2.525486330274816282e+02
2.526356769407126137e+02
2.534625932908363666e+02
2.539356875203554580e+02
2.547670231482533723e+02
2.548942172032234339e+02
2.553410014550570679e+02
2.556544500955620265e+02
2.559028366402080223e+02
2.566381752033021826e+02
2.569469523564966948e+02
2.575238255529035314e+02
2.582191749769030480e+02
2.587091126240235326e+02
2.589310277626780703e+02
2.594167128765159873e+02
2.596521377681940521e+02
2.598191668501224854e+02
2.598528437324805509e+02
2.601216955740310937e+02
2.605797384568380721e+02
2.614381770563153395e+02
2.616371726832454669e+02
2.620735872320331623e+02
2.629960807975035095e+02
2.630296910285248373e+02
2.631601622439324615e+02
2.632018060142942772e+02
2.632119215783866366e+02
2.632416040581159109e+02
2.661259272795351762e+02
2.661638227728979587e+02
2.663112548274899041e+02
2.670016025452698614e+02
2.670791351672748988e+02
2.671581842219684972e+02
2.673429341094213214e+02
2.676139665531339915e+02
2.677676995469933559e+02
2.681677749152872821e+02
2.684482051282946600e+02
2.685620513061597876e+02
2.686569685488601635e+02
2.688273899770479716e+02
2.690296273879275759e+02
2.690365229718035494e+02
2.691330779857731272e+02
2.691647273859980487e+02
2.695662565581237686e+02
2.698723719823705665e+02
2.701254171489991336e+02
2.703474031472966885e+02
2.707658720038700153e+02
2.712476083481245155e+02
2.716051925868191006e+02
2.716145929257791067e+02
2.719063155284208051e+02
2.719416332893640629e+02
2.722699421778278861e+02
2.724797657899961223e+02
2.725351684000884802e+02
2.727961206236346356e+02
2.732781553481527226e+02
2.739721657669413730e+02
2.744593170661345312e+02
2.762617201595439838e+02
2.765622705069350218e+02
2.774080854835688115e+02
2.779762875484483402e+02
2.784955687763176115e+02
2.788127967382757220e+02
2.788587432743477734e+02
2.789092957027719422e+02
2.792271976810694127e+02
2.798185450062039763e+02
2.808464322482342936e+02
2.810189966210203352e+02
2.815021370463113612e+02
2.818496824692567202e+02
2.819496370840425357e+02
2.820690724274872991e+02
2.821375753058742930e+02
2.824394426329575367e+02
2.828729111737557673e+02
2.834297189647284085e+02
2.841745732151576362e+02
2.841850018835446008e+02
2.846656611759999578e+02
2.848561870972926613e+02
2.849399739875772184e+02
2.850185901152414658e+02
2.851234452229676322e+02
2.851821440812668129e+02
2.861785731007761910e+02
2.862153081776166914e+02
2.864595841989582254e+02
2.883571691471742611e+02
2.886517645423625709e+02
2.887341884826333853e+02
2.887945244033775225e+02
2.889667618321834084e+02
2.890859931267758611e+02
2.895080731999537988e+02
2.896896099223678220e+02
2.899964457131008544e+02
2.907907606857297083e+02
2.908411299826106529e+02
2.908753883293675813e+02
2.909636480122916851e+02
2.909729556485983153e+02
2.909743193443809446e+02
2.915346248162882148e+02
2.919031664257336729e+02
2.923184422998499485e+02
2.927556238387603571e+02
2.940097725856431339e+02
2.947135850725819068e+02
2.956951362331802216e+02
2.958003191468612840e+02
2.958632233438808612e+02
2.959545746378939270e+02
2.959918735503526364e+02
2.960660809801551636e+02
2.961828387944833594e+02
2.969880697169835457e+02
2.970161550312789700e+02
2.971515426002019922e+02
2.978894388357900880e+02
2.989910511221715979e+02
2.999153019858391644e+02
3.013896069013808301e+02
3.019157615150500646e+02
3.029312542257550831e+02
3.032987485975441473e+02
3.034861619724301818e+02
3.039005770532207862e+02
3.039283369765000771e+02
3.053621804200241172e+02
3.055172029642400275e+02
3.059131613263092504e+02
3.063808232551161268e+02
3.066370654586991691e+02
3.067407924960352261e+02
3.073202344669613808e+02
3.073760749376404533e+02
3.076159066981034584e+02
3.079596611621458919e+02
3.081287977510450560e+02
3.087741849103677509e+02
3.091957506617418403e+02
3.093402248653534343e+02
3.093549405183853764e+02
3.094758434476926254e+02
3.097578538473755998e+02
3.099609326374099965e+02
3.101837935757396281e+02
3.109649003544284369e+02
3.111022904146477686e+02
3.118280434105517429e+02
3.118856476045071418e+02
3.126279568909085356e+02
3.137226101437538546e+02
3.140897900325165324e+02
3.154277440452751193e+02
3.155913850954417512e+02
3.164284916466094160e+02
3.173528029690189101e+02
3.181056251971691609e+02
3.192626811225402435e+02
3.196069022396827108e+02
3.197125918285057082e+02
3.201229432165282560e+02
3.202051804406315227e+02
3.203511177315515965e+02
3.216595226937527627e+02
3.217340663383676542e+02
3.225413345207426232e+02
3.228392578470900389e+02
3.230859604887627370e+02
3.235735491465062523e+02
3.240344539154025369e+02
3.243138647722943801e+02
3.244889946091768707e+02
3.247143136847528240e+02
3.248396003775379199e+02
3.256049004235931648e+02
3.256525592563403961e+02
3.260960279734230198e+02
3.263599497434499881e+02
3.268233006936778793e+02
3.274460512193264776e+02
3.274746219979902548e+02
3.298324178278035674e+02
3.307529183972037572e+02
3.312325745953721707e+02
3.313703521003200763e+02
3.314790535254524571e+02
3.319794759401315218e+02
3.320941916480875307e+02
3.331422339394184178e+02
3.339714137522265673e+02
3.351924566887183232e+02
3.353253248670423545e+02
3.361700657331836624e+02
3.373988043609800798e+02
3.375557376607651463e+02
3.386609602420335818e+02
3.388544763848412344e+02
3.390258720391896077e+02
3.393734633047162674e+02
3.398147262129181172e+02
3.410455892756884282e+02
3.410656890206421963e+02
3.418068222218472556e+02
3.420339527299357769e+02
3.422571061139399262e+02
3.427486628704539839e+02
3.445988183259339053e+02
3.453173675342700903e+02
3.457617128742783734e+02
3.461687719019565179e+02
3.465720737792137243e+02
3.468457792098570849e+02
3.475815315879220861e+02
3.478634040339564990e+02
3.482279688144924421e+02
3.490871463575007283e+02
3.498850106268238278e+02
3.501101838276225635e+02
3.502447746777208977e+02
3.515037857544910480e+02
3.521685747658461878e+02
3.526113835870348794e+02
3.529160959518669642e+02
3.529584096016524768e+02
3.534107900609254216e+02
3.535633986163001055e+02
3.541726035382000646e+02
3.544306305269391828e+02
3.545784391485813103e+02
3.546353747066098094e+02
3.555398786515859229e+02
3.556576547109363560e+02
3.559314786432763640e+02
3.572063161991000015e+02
3.598627352787435711e+02
3.600450732734430517e+02
3.601574180101010256e+02
3.614952886247463084e+02
3.615418921446021727e+02
3.619263815281809684e+02
3.623658765438082128e+02
3.629716779286757173e+02
3.639314112075250023e+02
3.644821135772270395e+02
3.654761663595192545e+02
3.657641962074133062e+02
3.660549605849433874e+02
3.661458627210525947e+02
3.662308838366280952e+02
3.663628325458806785e+02
3.665916485798848043e+02
3.671452844467869454e+02
3.673321715509981686e+02
3.673814468819945773e+02
3.685364223993896076e+02
3.689863817673258382e+02
3.690026511863109135e+02
3.692009435153275945e+02
3.693224389764214379e+02
3.695015104150330103e+02
3.698878424260901170e+02
3.700823253149729908e+02
3.714548343140179441e+02
3.716331437304907013e+02
3.726135047587582676e+02
3.729516572998362562e+02
3.736047329043963146e+02
3.739206099717320626e+02
3.741309702030439439e+02
3.749004026577557624e+02
3.773048665533640929e+02
3.773663056299607206e+02
3.778270300293877426e+02
3.779261351280978829e+02
3.779410743192479458e+02
3.786792132899475405e+02
3.796800127766118180e+02
3.801084810508264127e+02
3.804190922468628742e+02
3.806032078154838132e+02
3.806980213305292864e+02
3.812234019430661647e+02
3.816435411689888042e+02
3.816921979558106841e+02
3.819778580994627646e+02
3.820879998844997658e+02
3.822165662061618150e+02
3.822645607046010241e+02
3.861114399524738019e+02
3.861716974962245104e+02
3.866081210312099756e+02
3.874987736127909557e+02
3.879443190783039768e+02
3.883397278625752733e+02
3.888924361367970164e+02
3.891365146869525233e+02
3.892047022117652091e+02
3.902890700840448517e+02
3.931085876770721370e+02
3.945871013491831150e+02
3.956257508796209663e+02
3.957301419729766963e+02
3.970830657448623811e+02
3.979383924731975526e+02
4.000497515073432737e+02
4.002731672450882456e+02
4.005356562777425893e+02
4.005591724937702907e+02
4.010687375313320331e+02
4.018350577628418137e+02
4.019624891304198400e+02
4.025452055093628019e+02
4.025616498116058324e+02
4.037649170858870207e+02
4.039037983097883853e+02
4.040859605688683018e+02
4.043427623706579084e+02
4.050375777500190111e+02
4.051880793627542516e+02
4.052135446355130171e+02
4.063866472922329649e+02
4.067018149394847342e+02
4.082921690820080585e+02
4.087181697349899423e+02
4.105579031171283759e+02
4.118065551036942225e+02
4.119927948839258534e+02
4.139077224501800742e+02
4.149415584748492165e+02
4.152979941479044896e+02
4.167886842125929547e+02
4.177480669220054779e+02
4.188726056707976113e+02
4.190769828604788358e+02
4.191550588855364481e+02
4.192783193888382698e+02
4.194506080772829932e+02
4.197008111610390984e+02
4.202289182625978015e+02
4.205792740827726561e+02
4.225359639212095999e+02
4.226202513294289247e+02
4.228002018945128953e+02
4.228234956573721206e+02
4.243872371181071230e+02
4.252742327354785061e+02
4.253300346502001048e+02
4.256311574676219607e+02
4.256776348513643597e+02
4.259181950778366854e+02
4.264071006831210298e+02
4.264273651777493797e+02
4.272392013907158343e+02
4.275640513407700496e+02
4.278543906707918723e+02
4.283319401207587021e+02
4.290917684698388257e+02
4.297004403127805858e+02
4.304482015811238398e+02
4.308379587405950133e+02
4.322288240814684741e+02
4.337708119130244881e+02
4.338017318873867225e+02
4.352518114212396085e+02
4.354161072989026025e+02
4.356653822669421743e+02
4.356954853554900637e+02
4.357318548398080225e+02
4.359866504244082535e+02
4.365660447245403475e+02
4.387868870217948825e+02
4.402204533749609254e+02
4.416200835329997858e+02
4.419629720074671582e+02
4.422642649972391382e+02
4.428151206597299279e+02
4.439626860911726567e+02
4.439816504151370395e+02
4.441520841773486836e+02
4.441759731979943808e+02
4.444567054537650392e+02
4.462293594748541068e+02
4.465929571213997633e+02
4.468274890929421304e+02
4.474783640224310375e+02
4.485439581041922565e+02
4.486473948618595387e+02
4.487627205236312307e+02
4.489098741603709186e+02
4.494587149359416571e+02
4.495103318218439199e+02
4.496664460354068069e+02
4.506585030993727514e+02
4.522403201282508576e+02
4.538065533049525584e+02
4.553134930154134281e+02
4.556514171378216247e+02
4.556753115848512721e+02
4.573170807982739916e+02
4.577070546908057622e+02
4.579207982808339921e+02
4.586811402081635833e+02
4.610923268680240881e+02
4.612186808813768266e+02
4.618473877126011757e+02
4.619956139147566319e+02
4.623799736028330472e+02
4.623889005903211000e+02
4.624902643982600807e+02
4.625702842135074206e+02
4.642777128461208349e+02
4.652572111827417984e+02
4.656141542555940305e+02
4.662534007547379815e+02
4.666090652812893609e+02
4.678920993924653544e+02
4.678946050460742185e+02
4.694523399787849485e+02
4.697195891987373102e+02
4.699213920890691725e+02
4.702622544784674119e+02
4.703835691657887992e+02
4.728865080500439717e+02
4.729549426542760671e+02
4.740258623513433349e+02
4.741765050834130761e+02
4.745914205743196135e+02
4.746511380528819473e+02
4.749124682909076682e+02
4.770692000607261321e+02
4.770884827544423388e+02
4.773826307234787691e+02
4.777223353978553178e+02
4.778819804525109589e+02
4.785233792100764276e+02
4.786155051960131459e+02
4.788809635446159518e+02
4.790528546750667829e+02
4.792239306510924735e+02
4.800061644357911064e+02
4.801550581300959948e+02
4.809456328399164704e+02
4.820145139148567637e+02
4.823210384636577146e+02
4.840234167632123103e+02
4.847589564546913721e+02
4.849950943562214434e+02
4.850780755127226485e+02
4.854467202954357390e+02
4.855834134645552922e+02
4.862746553302431494e+02
4.872446723547402030e+02
4.877674129311027400e+02
4.878660964894246490e+02
4.882516389655110061e+02
4.895440581050005449e+02
4.896792863758590784e+02
4.897865679401844545e+02
4.900434659478441972e+02
4.902017109298834043e+02
4.909290748630910457e+02
4.915577842992256592e+02
4.930733085589574785e+02
4.931998629717047606e+02
4.948939946977105251e+02
4.950977059040810673e+02
4.954261165055592642e+02
4.955000476127655133e+02
4.958238323555624447e+02
4.963533642843405573e+02
4.965725941917065143e+02
4.975355503975276861e+02
4.976123326502628288e+02
4.976350100132152079e+02
4.976771825730453997e+02
4.990612116050131704e+02
4.991013496087944077e+02
4.995110023638766279e+02
5.004255409711938682e+02
5.015678230796185062e+02
5.034048457677190527e+02
5.038941848079209649e+02
5.040422315280901557e+02
5.040684727293873948e+02
5.041497906224138887e+02
5.049776290978787756e+02
5.049886129819515190e+02
5.056695861686914100e+02
5.063657166902439712e+02
5.065207189283207754e+02
5.068394907411797021e+02
5.076829693553557377e+02
5.081046677344465934e+02
5.084089412563280348e+02
5.084945658379627957e+02
5.088061854161376800e+02
5.088866327634419235e+02
5.089952471630676882e+02
5.092260801740519582e+02
5.092414385007850797e+02
5.107394911632311505e+02
5.116725517547065465e+02
5.119427179460703883e+02
5.121715902940195519e+02
5.124516265935844785e+02
5.125088930145104769e+02
5.127181558352749562e+02
5.142260796397283684e+02
5.147916686542192792e+02
5.157137715552736381e+02
5.157605334816792038e+02
5.166800795566977058e+02
5.170260341065754801e+02
5.174300314586284912e+02
5.181507209298923726e+02
5.184566268610809630e+02
5.194768565265995903e+02
5.196674659228683595e+02
5.197716291630750902e+02
5.209332706874167798e+02
5.212503744329244455e+02
5.212746904766675016e+02
5.214100849279111571e+02
5.228119563599943831e+02
5.230524768874822712e+02
5.248955495228774453e+02
5.249881411197533225e+02
5.258149918672924059e+02
5.274715427112273574e+02
5.274789587787067831e+02
5.283071972828996650e+02
5.283083707506084465e+02
5.290817382479282287e+02
5.301564866793380588e+02
5.304820241593554329e+02
5.311222253423379698e+02
5.312736611237465922e+02
5.312765533932156359e+02
5.326582850085031851e+02
5.329790558375225373e+02
5.338753420700260222e+02
5.339536185453430335e+02
5.339552966680049622e+02
5.359035043246656187e+02
5.369095521427436779e+02
5.372169494516890609e+02
5.384428646249788244e+02
5.389611872928528555e+02
5.392278064820784493e+02
5.392677301911564882e+02
5.396349707320996458e+02
5.398247636906937714e+02
5.399565767841945672e+02
5.399748256119568168e+02
5.401760097327248786e+02
5.405184249209376048e+02
5.408560345794033992e+02
5.419683443584349334e+02
5.428548224174634242e+02
5.444475341239536874e+02
5.447499374971853285e+02
5.451893309887481109e+02
5.452330685215322319e+02
5.453901072357186877e+02
5.457306953022598464e+02
5.474042897775448182e+02
5.477450251694287999e+02
5.486746422452032448e+02
5.489225411121605021e+02
5.490659593700975165e+02
5.496402533873225593e+02
5.504790710397896873e+02
5.511039985091016433e+02
5.516694259337803032e+02
5.533648195605211413e+02
5.534349684350663665e+02
5.547586954695957502e+02
5.551745187282725738e+02
5.553620742146306384e+02
5.567089404318857078e+02
5.580367191567613645e+02
5.585356863040551616e+02
5.586127952967940473e+02
5.586382851796352043e+02
5.593074749518910949e+02
5.601882602879406932e+02
5.604817516225141389e+02
5.605403927693738524e+02
5.605869503866831565e+02
5.609689086186384657e+02
5.610296621702789253e+02
5.612907371238256928e+02
5.614610418457128844e+02
5.615350699776604415e+02
5.615530583235695303e+02
5.618837507629225456e+02
5.621031342559016366e+02
5.621670232687545194e+02
5.624105018052598552e+02
5.632382587891140702e+02
5.635889959065473249e+02
5.637354922686494092e+02
5.642612277596786043e+02
5.651357654890277900e+02
5.657933244708560778e+02
5.666244239606930932e+02
5.678015133230924221e+02
5.682297611037403158e+02
5.683656680682274782e+02
5.684449968181583017e+02
5.689007455563360054e+02
5.694162868322141549e+02
5.700055925544315869e+02
5.742896419681496809e+02
5.743235837774880110e+02
5.744537703204300669e+02
5.746464892764125807e+02
5.751940726386728784e+02
5.759566849238281065e+02
5.762525647852116890e+02
5.762543543447060301e+02
5.767498143531886399e+02
5.773188586129590476e+02
5.775744952246998309e+02
5.776705538720328832e+02
5.783256849585638975e+02
5.796084316530052547e+02
5.803101044307044276e+02
5.808636738731070182e+02
5.810489217974273970e+02
5.811685461709353149e+02
5.817203095538689013e+02
5.828195322405376828e+02
5.830847760502797428e+02
5.832178019059840608e+02
5.832799467340300907e+02
5.834196066874230837e+02
5.838346386400897927e+02
5.845359920886469354e+02
5.849883551850675758e+02
5.850712061462406837e+02
5.852590686751231033e+02
5.866954494689259718e+02
5.883210952408364847e+02
5.888976011576983183e+02
5.904580283744164717e+02
5.906633565857074473e+02
5.907307890422433729e+02
5.913174735496103267e+02
5.920466907532190817e+02
5.924379486440349183e+02
5.927595767457394231e+02
5.943558534082270626e+02
5.951932943879485265e+02
5.952250407597884987e+02
5.953206542110656301e+02
5.954523596887004260e+02
5.959987779801439274e+02
5.963004023989940379e+02
5.963167169208095402e+02
5.973505878410929881e+02
5.984723467939305692e+02
5.989001748170226165e+02
5.990622755537842750e+02
5.991373500473133618e+02
5.993802331600012394e+02
6.014819942803228514e+02
6.017275981494365169e+02
6.022688624934426116e+02
6.054697748029084323e+02
6.070915758139009313e+02
6.076926197419306845e+02
6.089920769618033773e+02
6.091161179090510132e+02
6.108481141574286539e+02
6.110014280800628512e+02
6.118030622005528585e+02
6.120327574237447834e+02
6.124718577151176078e+02
6.130237598564457357e+02
6.144636116581667693e+02
6.171260568267944109e+02
6.180427027802355724e+02
6.180802170868682879e+02
6.202837690776644877e+02
6.208271528238279870e+02
6.219587771305331216e+02
6.220490241990038385e+02
6.238258106966959531e+02
6.256974748789291425e+02
6.262928240291515749e+02
6.267373296348049507e+02
6.281702147368255282e+02
6.286605941504004704e+02
6.287143666560484689e+02
6.290029348940158798e+02
6.304262485347649090e+02
6.312328948152498924e+02
6.319779090923972262e+02
6.320630769284231292e+02
6.335758858193183869e+02
6.360627166111825090e+02
6.365658280010842418e+02
6.366329742030080752e+02
6.383140450905704029e+02
6.385182868362376212e+02
6.392620982155049205e+02
6.394703055381779677e+02
6.409319257670199477e+02
6.418953764268939040e+02
6.445029602886266957e+02
6.457248039991252426e+02
6.490571617755068701e+02
6.501125723702849655e+02
6.502857648864952580e+02
6.504042623234590792e+02
6.509273715262622773e+02
6.525908827072978511e+02
6.531449368342157413e+02
6.539049326610726212e+02
6.542930858128469254e+02
6.543448048604041105e+02
6.544315043086880905e+02
6.575601974156228380e+02
6.587333957050637991e+02
6.602801065977168946e+02
6.605560356368845305e+02
6.617523630110305248e+02
6.631986567016999743e+02
6.636134519724679421e+02
6.647025457193151396e+02
6.650219400272326311e+02
6.679969206680964362e+02
6.681808881789454517e+02
6.684239315846797354e+02
6.695841288347926366e+02
6.701136245731298686e+02
6.703926245566360649e+02
6.708151390039391799e+02
6.710611676923446112e+02
6.712629974771632533e+02
6.712632392622982707e+02
6.730446889728898441e+02
6.741693223209531425e+02
6.746142817762889763e+02
6.769688351104091453e+02
6.770329703161523867e+02
6.774400298103382738e+02
6.789337709732528765e+02
6.809248834550968468e+02
6.817872002200601855e+02
6.822481999679417868e+02
6.824418106644408226e+02
6.830483391705154190e+02
6.854618705885768577e+02
6.909385067835985410e+02
6.921869894778859589e+02
6.923789824773572263e+02
6.933923097468010610e+02
6.948468314930250926e+02
6.970114686346562394e+02
6.973001259346126517e+02
6.973757489700810765e+02
6.975570192674084637e+02
6.981099484689716519e+02
6.999005739174593828e+02
7.011009529293859259e+02
7.023743482878469422e+02
7.042714572716946577e+02
7.054868061718902936e+02
7.060264137908154680e+02
7.064988917495811620e+02
7.077700108199296665e+02
7.080409222414557462e+02
7.099384604614193677e+02
7.113116288953808635e+02
7.119755374888020469e+02
7.139357340537688970e+02
7.140586856357571151e+02
7.165674303811036907e+02
7.172717987716544030e+02
7.173244609955281703e+02
7.181593216962475026e+02
7.188518074827766213e+02
7.196468342690701547e+02
7.197947747427924696e+02
7.212420964953098519e+02
7.212956304312876910e+02
7.220723882168612136e+02
7.233085409420114047e+02
7.240647304576054921e+02
7.265162780620365766e+02
7.271214760946288607e+02
7.284598844776844544e+02
7.292662570985418142e+02
7.306749944438798821e+02
7.315846257568771307e+02
7.331250657913712985e+02
7.335915765007996470e+02
7.346080867867592588e+02
7.351112808774555560e+02
7.355303036211687413e+02
7.356597084850305919e+02
7.361368624150917412e+02
7.364219566901576854e+02
7.390482131401716970e+02
7.395616836851154403e+02
7.423892627249441603e+02
7.437545632889192575e+02
7.450636940159773758e+02
7.457615277558977596e+02
7.460006824274108794e+02
7.466539740770761000e+02
7.476833569344104262e+02
7.490300576577508309e+02
7.491524292025281966e+02
7.521704426065177813e+02
7.544452061789070285e+02
7.546788085737750862e+02
7.557179372724810946e+02
7.557245355408654177e+02
7.559321845668052902e+02
7.562873931816126287e+02
7.575490151001180266e+02
7.593508584003095621e+02
7.598873359654005526e+02
7.600807640180635190e+02
7.607483053419243788e+02
7.617483830025763609e+02
7.619871390841678931e+02
7.620035743813532463e+02
7.633467293882548574e+02
7.640092238142210590e+02
7.650679626468785273e+02
7.673350252110074052e+02
7.686890447633729764e+02
7.701048782960003791e+02
7.701936658886710347e+02
7.711829239916488632e+02
7.735160751019227519e+02
7.736026225717180296e+02
7.740517107681996549e+02
7.756063093190256268e+02
7.759825389526422441e+02
7.777050985780086876e+02
7.778852554304781961e+02
7.783429005558518838e+02
7.804835460438994232e+02
7.810345780144133414e+02
7.821282108266342448e+02
7.823715278380334439e+02
7.831001349932755602e+02
7.832942966552975577e+02
7.851434959812090710e+02
7.853541720603641352e+02
7.858471038028843623e+02
7.868899750690447945e+02
7.870757064008279258e+02
7.871577974029719371e+02
7.894680660277560946e+02
7.899454126782067078e+02
7.917359813446500993e+02
7.925914501329798441e+02
7.942424142463809176e+02
7.952632107141582765e+02
7.953698931124475848e+02
7.970209993623876699e+02
7.973535913809107569e+02
7.976656410697971751e+02
7.985517569548135270e+02
7.991413582865415037e+02
7.994735173461654085e+02
8.000592772638312908e+02
8.002649697874411459e+02
8.002780156690754438e+02
8.004638395665049302e+02
8.008460865594570350e+02
8.017806354675378770e+02
8.020297299974752150e+02
8.029540157331739465e+02
8.043353561894948598e+02
8.049744084868937080e+02
8.068580253094683030e+02
8.070014672461996952e+02
8.077308453973108726e+02
8.077877856678493345e+02
8.085433662142781941e+02
8.086401620069586897e+02
8.114042288209940352e+02
8.120331650656337388e+02
8.126234093228929396e+02
8.127138785167297783e+02
8.147474894046265490e+02
8.148452022669580401e+02
8.152793296974529085e+02
8.154369228679482831e+02
8.173016451386223480e+02
8.175772981245409028e+02
8.191951530717738024e+02
8.199339067245842898e+02
8.209206045196921195e+02
8.210621234832545952e+02
8.215347627753978941e+02
8.265811261490423476e+02
8.268489986685738131e+02
8.286855404329846806e+02
8.294649784626384417e+02
8.320419377059802173e+02
8.341576545731585384e+02
8.346084263011157418e+02
8.347156452174820060e+02
8.386349882369187299e+02
8.393440946575904036e+02
8.401069523467084537e+02
8.409077693497990822e+02
8.417010458850159011e+02
8.417977649325474658e+02
8.423537825823775620e+02
8.438957216148280622e+02
8.453502648525064842e+02
8.457566578280370777e+02
8.467842955541035508e+02
8.478202890757585237e+02
8.486650097647827806e+02
8.514345868944330959e+02
8.519583908600161521e+02
8.526099883129263617e+02
8.532511346907591587e+02
8.563155280108737770e+02
8.588391232629685419e+02
8.590000948715476170e+02
8.601094488367346003e+02
8.603754883560065991e+02
8.604426763132515816e+02
8.604813841539776149e+02
8.606714953436154474e+02
8.612249703817533373e+02
8.612260351011777857e+02
8.620269714244982424e+02
8.635546683904043448e+02
8.640237262684374855e+02
8.652619390045223327e+02
8.682572623992355147e+02
8.694091646849960853e+02
8.700069370194032672e+02
8.702105592033775565e+02
8.727097561996922650e+02
8.737090036850072465e+02
8.781002903772886157e+02
8.781103634388920227e+02
8.781533458438357229e+02
8.792846086520933113e+02
8.801625052583715387e+02
8.803308080416543362e+02
8.809817076884884273e+02
8.810873469093188532e+02
8.833842658422070144e+02
8.854210026619971359e+02
8.855435356269716749e+02
8.866571087864804213e+02
8.872875853516140978e+02
8.888780625712738583e+02
8.895356089308136234e+02
8.908236967005861970e+02
8.909463135235633899e+02
8.909736138321811723e+02
8.914185282124918785e+02
8.931522552663951728e+02
8.959890368876540379e+02
8.962948691208173386e+02
8.963356560644662068e+02
8.973767981106564093e+02
8.977450506475125849e+02
8.982418083663502557e+02
8.998241177311999763e+02
9.033093793285942184e+02
9.036325425704662848e+02
9.036362323931680294e+02
9.057576830469170091e+02
9.062834883092738210e+02
9.077435720848460505e+02
9.115279046886975038e+02
9.125018701807152866e+02
9.125853670294908397e+02
9.173341682989099581e+02
9.174491386516427838e+02
9.184048881332004157e+02
9.186875394390187921e+02
9.199956121682070034e+02
9.204516928156480162e+02
9.213770183295775951e+02
9.216253007996019733e+02
9.242757849153756524e+02
9.246515002429282504e+02
9.254376048137410180e+02
9.294247742352733894e+02
9.295186949140191928e+02
9.303137433031939736e+02
9.316994052785231588e+02
9.329208596032510741e+02
9.349099193656428497e+02
9.364154818267286373e+02
9.364159254478219054e+02
9.384287239098599684e+02
9.392131130220598152e+02
9.397574018225545842e+02
9.405498867464468731e+02
9.411329117186996882e+02
9.426748106061588715e+02
9.439121976486746917e+02
9.450145994081952949e+02
9.450507002451124663e+02
9.456074559385943985e+02
9.520573544959526089e+02
9.522328006002253460e+02
9.524515881781237567e+02
9.555586703602403986e+02
9.583867535462295564e+02
9.617061786586665448e+02
9.625531543072007707e+02
9.645605616051711877e+02
9.648114547528798539e+02
9.673846835531555826e+02
9.717540312647777228e+02
9.723604372798624809e+02
9.764011866138152982e+02
9.779439626235102878e+02
9.795139284975011833e+02
9.878466110102893936e+02
9.886334332432261363e+02
9.889606743862965459e+02
9.909825442702787086e+02
9.914037417294122179e+02
9.918760862359835073e+02
9.935448399255778895e+02
9.946220687244037890e+02
9.974027780670179482e+02
1.001480251798349514e+03
1.003829917961335696e+03
1.004910968923754808e+03
1.005975422550619214e+03
1.010260326687459383e+03
1.010327805263186860e+03
1.012766485543730823e+03
1.014186988042974008e+03
1.014581891895868807e+03
1.018342883571010589e+03
1.019094455122285012e+03
1.019598908331693906e+03
1.020894053629548466e+03
1.024238925758678079e+03
1.024846199453928421e+03
1.027825015167111360e+03
1.029749363499039646e+03
1.031280937216617531e+03
1.031853506589872950e+03
1.034160762151450626e+03
1.034935394646396844e+03
1.036313200367988202e+03
1.037834030521795967e+03
1.037940127130796100e+03
1.038443239387420363e+03
1.042805438810629994e+03
1.044403245490597101e+03
1.046118575645680721e+03
1.046356213177908785e+03
1.046472341106533349e+03
1.049089044871749138e+03
1.050769822939032792e+03
1.051842558852073125e+03
1.052826638444936862e+03
1.053666576243802410e+03
1.054703828308949369e+03
1.055522406583561178e+03
1.058112439173495432e+03
1.059090639974747546e+03
1.060593039435777428e+03
1.064387846692107814e+03
1.064858860768505110e+03
1.074726797462173863e+03
1.080178300008185261e+03
1.080564476890896685e+03
1.081875881325293221e+03
1.084180075428018426e+03
1.084503890411659995e+03
1.084565831469303248e+03
1.085876386469348972e+03
1.087168750887491569e+03
1.087399070656279036e+03
1.091000904650162283e+03
1.091160443042484076e+03
1.092247894407061949e+03
1.092291623203599556e+03
1.093171276062339302e+03
1.095060327719445922e+03
1.096943582199450702e+03
1.097806176661734753e+03
1.098090815910401489e+03
1.098411183321124327e+03
1.104068333762505972e+03
1.106440411825962656e+03
1.107648402508239542e+03
1.108485326670738459e+03
1.108510568657565955e+03
1.114897016418804697e+03
1.120084314168420633e+03
1.121207123216339824e+03
1.121230130616445649e+03
1.121252507837702069e+03
1.124421953828859614e+03
1.128086946936640516e+03
1.129311798666520872e+03
1.129442940270898589e+03
1.130766944351440088e+03
1.130791468092401828e+03
1.132390134191336301e+03
1.132396059354354520e+03
1.134228475820531912e+03
1.135504963151116954e+03
1.136071015876588490e+03
1.137009130892118492e+03
1.139614257496372375e+03
1.140461133564896954e+03
1.141777620035286418e+03
1.143530936427041297e+03
1.144191080851805737e+03
1.145234912547357453e+03
1.146744169090308333e+03
1.148261368670062211e+03
1.152261473827776854e+03
1.153307124821884827e+03
1.155427487323528794e+03
1.158604344681786642e+03
1.160417007032235233e+03
1.163392296133520858e+03
1.165981264572139935e+03
1.167625406682070206e+03
1.168535322211960874e+03
1.170528597640627140e+03
1.175817591964325175e+03
1.176827157154018323e+03
1.178425092097814968e+03
1.179178564393174838e+03
1.186600405951178345e+03
1.186950419489844080e+03
1.187872993296310142e+03
1.188934533476752222e+03
1.189746648345965923e+03
1.190358010453509223e+03
1.190546633278315085e+03
1.192683060257974375e+03
1.192762126473015996e+03
1.193991098807655135e+03
1.195103677579023952e+03
1.197647404446993733e+03
1.198459895150930151e+03
1.199009056155893177e+03
1.200965479081283547e+03
1.201568884062873849e+03
1.202799485948127995e+03
1.210593406482071714e+03
1.212952120739103520e+03
1.217565278773193768e+03
1.219456078344890557e+03
1.223117483740299349e+03
1.226580128903885225e+03
1.227897191946939756e+03
1.229753429876164773e+03
1.235500857277016166e+03
1.236450412890275402e+03
1.239518632036368672e+03
1.244235758011885082e+03
1.244666415099733513e+03
1.248021490486371931e+03
1.249444444718831164e+03
1.253228630840912047e+03
1.256407420384624857e+03
1.259241146957981300e+03
1.260744168049571272e+03
1.261210690388669718e+03
1.264053409893201660e+03
1.266183585813363379e+03
1.272207813549751563e+03
1.274003659356486878e+03
1.275672306052008480e+03
1.280946216038464399e+03
1.285772036771747935e+03
1.289264535395646135e+03
1.291681264647064381e+03
1.298079484901423712e+03
1.298457826082793417e+03
1.300271495608818213e+03
1.306615370605721864e+03
1.306647903132407237e+03
1.310382225390625308e+03
1.310492859152054507e+03
1.315149885579913189e+03
1.317457709453348798e+03
1.320448294758386510e+03
1.322971466908886441e+03
1.323786552254587150e+03
1.326374415988221699e+03
1.330205809852162474e+03
1.331821496908335575e+03
1.332059699386647253e+03
1.334583189286362767e+03
1.338161849182241895e+03
1.338467242325936922e+03
1.344291866965837016e+03
1.349476704679036175e+03
1.351755807885548620e+03
1.352508164074884007e+03
1.355180716932482937e+03
1.362671161647554527e+03
1.363508075669081563e+03
1.366267954239604933e+03
1.366525484790685823e+03
1.368198028324851293e+03
1.368445376387857095e+03
1.369506597857704946e+03
1.373995136228439378e+03
1.376460680084517207e+03
1.377104307137631849e+03
1.377913300256035200e+03
1.379467588219121581e+03
1.381046299978936531e+03
1.383881874748357632e+03
1.384795635078053692e+03
1.385876801237952122e+03
1.390853209412469823e+03
1.390887406193774495e+03
1.392697657771568174e+03
1.392769559860557365e+03
1.393743243796561728e+03
1.396848551304321518e+03
1.402940381167908754e+03
1.406665590615027213e+03
1.408685443949042110e+03
1.412304280422274815e+03
1.416621281460821137e+03
1.417793972995588774e+03
1.417938514533901525e+03
1.418547203148483959e+03
1.419840463429875172e+03
1.419921388808902520e+03
1.420698934271757025e+03
1.423720134819369605e+03
1.426512578623883428e+03
1.428297228008428192e+03
1.428336461112947291e+03
1.432934233949917370e+03
1.435137535345619199e+03
1.435469093133440310e+03
1.435695485424069602e+03
1.436584489401721839e+03
1.438259199383125178e+03
1.440021290609747894e+03
1.441496699904230809e+03
1.444784081690585253e+03
1.445335598957083448e+03
1.447514823054018507e+03
1.451940685690685086e+03
1.452210908403360008e+03
1.452599565867018555e+03
1.453954301607083380e+03
1.458410998909030695e+03
1.461996874758242257e+03
1.462995228548460091e+03
1.465858734139522312e+03
1.466077470062780776e+03
1.475677960091866225e+03
1.479933999403067219e+03
1.481216419949135798e+03
1.482922751323412285e+03
1.487422044035813997e+03
1.495400921857352387e+03
1.497542985404809087e+03
1.498900301288174205e+03
1.499504253417884911e+03
1.506547019032646858e+03
1.507257529167406574e+03
1.507859012559619487e+03
1.510084080054984724e+03
1.515586973266280438e+03
1.515677363785807074e+03
1.517116416345376365e+03
1.518681931764565661e+03
1.518795961036606286e+03
1.519609847269315651e+03
1.520300508570000375e+03
1.520687404906926304e+03
1.524180454127137409e+03
1.524517603724033506e+03
1.534228735466379931e+03
1.534430661560765202e+03
1.540043991724783154e+03
1.540606224683305754e+03
1.541773611335278474e+03
1.545374048620480380e+03
1.547672450300806076e+03
1.549732362048982623e+03
1.555342875940091744e+03
1.555830425353883129e+03
1.559429289827922048e+03
1.567595078985370492e+03
1.574093639721599857e+03
1.574863859954851932e+03
1.575289998402089395e+03
1.576959018733274434e+03
1.577789027659732028e+03
1.578047337288615381e+03
1.578511705120771694e+03
1.581584917838589263e+03
1.581921242991843656e+03
1.584656122407960083e+03
1.589617672076631834e+03
1.600353386622579592e+03
1.604202997877652706e+03
1.604851911626045649e+03
1.608670632495686505e+03
1.623328680780211926e+03
1.623529662475352552e+03
1.625637995722248434e+03
1.628897043821680427e+03
1.631055210784553765e+03
1.634921952735161994e+03
1.637456066021367860e+03
1.637490192458596994e+03
1.637771963279087458e+03
1.638688668300182144e+03
1.639179746006500864e+03
1.644890661625606526e+03
1.645408886139014157e+03
1.646271358102015256e+03
1.648938345706589871e+03
1.653750794631099552e+03
1.655423629871644607e+03
1.657017273412309805e+03
1.659726204682565140e+03
1.663061465202793897e+03
1.663629560822071653e+03
1.668050455038552627e+03
1.668366836484757414e+03
1.669599076371483079e+03
1.682558181808939935e+03
1.683067544843292353e+03
1.695292040145286137e+03
1.696252380442222375e+03
1.697086546880141896e+03
1.699136905852676819e+03
1.700706701198732389e+03
1.712350529168930507e+03
1.716844290962545074e+03
1.718381792092129672e+03
1.718852468595719074e+03
1.719246289494218900e+03
1.725412525808713781e+03
1.727819478725389217e+03
1.729653869697332993e+03
1.733013167086554404e+03
1.735883459815210017e+03
1.740792992938713041e+03
1.741921085169851722e+03
1.749509113102732044e+03
1.752580070037542555e+03
1.754992611444198701e+03
1.755184817352341270e+03
1.758041908004830475e+03
1.761819075145380566e+03
1.769950003706181633e+03
1.771876374156310931e+03
1.771931236003323193e+03
1.781046738609927615e+03
1.782203773534602078e+03
1.783709444100084738e+03
1.786984386325037349e+03
1.789018330264065071e+03
1.791601598889461002e+03
1.794389127149173873e+03
1.803782255992727642e+03
1.808150226367667983e+03
1.819561377378147654e+03
1.820892344448721815e+03
1.823821975392908826e+03
1.825039225496814879e+03
1.830191243557060034e+03
1.831642109986989226e+03
1.837879422469350857e+03
1.842213458414627439e+03
1.842591596928298259e+03
1.845631284966681960e+03
1.847386446850604443e+03
1.848670021734743841e+03
1.849411906029688680e+03
1.849786468588735488e+03
1.852128477940723087e+03
1.852464431152787711e+03
1.855267451771407877e+03
1.856223583229274709e+03
1.860604700520746974e+03
1.861129937738306808e+03
1.861464382245213756e+03
1.871638863414461866e+03
1.871962233826783404e+03
1.883071346213342622e+03
1.886141387425372614e+03
1.894305033955124600e+03
1.895028503120257938e+03
1.897531204629509602e+03
1.899064519461449208e+03
1.900562414211261739e+03
1.904382423474650068e+03
1.905712483982896401e+03
1.907339479597632590e+03
1.914126002252268790e+03
1.918791141798736362e+03
1.925328293782529954e+03
1.928246906376184597e+03
1.932097025510504636e+03
1.935105293671623713e+03
1.935371803254296537e+03
1.937779559151964122e+03
1.939179413043699924e+03
1.941350369679844334e+03
1.941386150219449291e+03
1.948263734175089894e+03
1.949343752410287152e+03
1.951562032072991542e+03
1.955815757851181161e+03
1.956998889358422275e+03
1.958219886636802812e+03
1.959908660173842009e+03
1.961610539385814263e+03
1.962238126495663437e+03
1.967926705091514805e+03
1.973278009764347189e+03
1.984589407520940540e+03
1.986278570243529430e+03
1.990242641488721119e+03
1.990374725265091001e+03
1.990401381976182392e+03
1.995344275464502289e+03
1.996287765697488567e+03
1.997034031417288134e+03
2.000375999641088129e+03
2.002853268622630139e+03
2.005898159005829257e+03
2.008769735450640837e+03
2.013072839586993496e+03
2.013604206099234261e+03
2.015806086710747650e+03
2.019448947102108832e+03
2.024647901088992057e+03
2.027025451706590502e+03
2.031603742892997161e+03
2.032683555277598316e+03
2.037856325710151850e+03
2.037978405131476393e+03
2.039374247884768238e+03
2.041081060632460549e+03
2.045719054158496874e+03
2.046491069313141452e+03
2.046630948180067662e+03
2.047793463812424534e+03
2.048474775731165664e+03
2.052434265925428008e+03
2.056721177671735859e+03
2.057153777099626041e+03
2.057453115947148945e+03
2.061173527513802128e+03
2.063349023445612147e+03
2.063874556485458925e+03
2.064578327491393338e+03
2.064724910522201753e+03
2.067077415905340786e+03
2.068196913002361271e+03
2.071842976429729788e+03
2.072766061758467913e+03
2.074527020522113162e+03
2.089342996170243623e+03
2.090137984577751013e+03
2.093731481404546230e+03
2.095056441814566824e+03
2.095233095710949328e+03
2.095496896842262686e+03
2.103721210883194544e+03
2.105401966680136411e+03
2.109956806368727939e+03
2.110401080017944878e+03
2.112607402551421728e+03
2.114442850793505841e+03
2.119092272785992918e+03
2.123690748657248605e+03
2.128157185447006668e+03
2.128960341058632366e+03
2.133216177997894647e+03
2.133296840764044191e+03
2.133774117123581163e+03
2.134479899117869991e+03
2.155599053858614297e+03
2.163793312911328940e+03
2.171853050972861638e+03
2.172568148477651903e+03
2.178086057269801131e+03
2.183782826536323228e+03
2.184011198865146980e+03
2.184456359524479012e+03
2.187665469138569279e+03
2.189171342312585239e+03
2.189975733452095483e+03
2.190379578227999900e+03
2.191183920372217017e+03
2.191425328615840044e+03
2.191593203009019362e+03
2.195083976337335571e+03
2.214120164691122682e+03
2.226764528493583384e+03
2.229128223096297006e+03
2.230378788257613451e+03
2.233014004313756232e+03
2.234116663141927802e+03
2.238107481360577822e+03
2.240630389639351961e+03
2.253796425943515715e+03
2.255233905526512444e+03
2.256433706713076845e+03
2.262209542993472951e+03
2.263994466056336478e+03
2.268132189294131877e+03
2.271531705614496786e+03
2.274842050525046943e+03
2.277966471032215395e+03
2.279507245289327784e+03
2.279693552453163193e+03
2.280577029304539337e+03
2.292864573017612202e+03
2.295948837159384766e+03
2.299495471042798727e+03
2.300341404967921790e+03
2.300760078881423397e+03
2.301219693571750213e+03
2.308245172052949329e+03
2.311105793238238675e+03
2.318001297621096910e+03
2.321971236230079285e+03
2.322957959619480789e+03
2.326188571079035228e+03
2.329819432960590802e+03
2.332163896719046988e+03
2.336534202975989501e+03
2.338373483610057065e+03
2.341472033052431470e+03
2.348786039795026682e+03
2.348818399457653868e+03
2.349412054315712794e+03
2.355679162317354439e+03
2.356708828151261969e+03
2.357502503039736439e+03
2.359369082856801015e+03
2.361361344678915430e+03
2.361826151869838213e+03
2.363693670084679979e+03
2.367690749441895605e+03
2.367756986986453740e+03
2.370868498557596013e+03
2.372158509211748878e+03
2.372888045830977717e+03
2.373231048493174512e+03
2.375422965659745387e+03
2.381491445534544710e+03
2.388843107122207584e+03
2.393040098553197822e+03
2.398631254857392832e+03
2.400040407901345588e+03
2.400469531557441769e+03
2.401145976797574804e+03
2.401308980895092645e+03
2.401651739748126147e+03
2.402299209794767648e+03
2.402658985534040767e+03
2.403039355208322831e+03
2.403511983219271315e+03
2.404294583300118120e+03
2.405734828328929325e+03
2.407005628898455598e+03
2.407634327971725270e+03
2.408261015960839813e+03
2.409286737275803262e+03
2.411016408750246228e+03
2.411698803772473639e+03
2.411837859867269799e+03
2.413121721692684332e+03
2.413694623650715130e+03
2.414055572558280801e+03
2.414455803717989056e+03
2.415067803439192176e+03
2.415340614432629991e+03
2.416299610446871156e+03
2.417294274659707298e+03
2.417857410104331393e+03
2.418737278085721300e+03
2.418806886486559961e+03
2.419802953242072363e+03
2.419933153306732493e+03
2.421279664840132227e+03
2.421302299359976587e+03
2.421513566654295118e+03
2.421532741867953973e+03
2.421694942577381426e+03
2.421870550610371083e+03
2.423058622582849239e+03
2.423294800401481552e+03
2.424054004224571145e+03
2.426127830038731645e+03
2.426581414190903615e+03
2.426786857357672034e+03
2.430567716419804128e+03
2.431267440842504129e+03
2.431609476675257156e+03
2.432407726239207477e+03
2.432779263092886595e+03
2.433299429637394496e+03
2.434151518042980570e+03
2.434346291419771660e+03
2.434841688060157594e+03
2.436167524921107088e+03
2.436307500145557697e+03
2.436876203539616199e+03
2.436900988537123794e+03
2.437446244190054585e+03
2.439195703147038785e+03
2.439446735969394467e+03
2.440148508899907938e+03
2.440330538822436665e+03
2.441759010403708544e+03
2.442007229265995193e+03
2.442165890273508012e+03
2.442641137138037266e+03
2.442778243224572634e+03
2.442855086190251768e+03
2.442862788401823309e+03
2.444638790821534712e+03
2.446243512953546087e+03
2.446337924166997254e+03
2.448007480938957997e+03
2.450058060509625648e+03
2.450085926624159583e+03
2.458387151011461356e+03
2.458829313821518099e+03
2.460142354658520617e+03
2.460393632346730101e+03
2.460966927325825964e+03
2.462097773531528219e+03
2.462664817201549340e+03
2.463211489160160909e+03
2.465367766276497150e+03
2.465720642730557302e+03
2.467808699344800061e+03
2.468324920830963038e+03
2.469715296916814168e+03
2.471230040512441974e+03
2.472579504094658660e+03
2.474047160760570478e+03
2.476317474252553893e+03
2.477282166100116683e+03
2.477800469195128244e+03
2.481074307639235030e+03
2.481117985915357622e+03
2.481422814134014516e+03
2.482419457655855695e+03
2.482614352276625596e+03
2.482730270475406996e+03
2.482850867346269752e+03
2.483044292337391653e+03
2.483627961724365832e+03
2.484204964654792093e+03
2.484301349672613924e+03
2.485282227878255071e+03
2.485735066657760854e+03
2.486521631345623518e+03
2.486773431591796452e+03
2.488046646962436625e+03
2.488385818903857853e+03
2.488512212296247071e+03
2.488587148214382978e+03
2.489415662591833097e+03
2.489818676511504236e+03
2.489869703386162200e+03
2.490699974805448164e+03
2.491894049633463965e+03
2.492811815358834792e+03
2.493365248519018223e+03
2.494004375275542770e+03
2.494190015213205697e+03
2.494881044918792213e+03
2.495276038578334919e+03
2.495660045496341809e+03
2.496448710374364509e+03
2.499404102130915362e+03
2.501658194801625541e+03
2.502116131276351553e+03
2.502181249974387356e+03
2.502734393650413949e+03
2.502950205951797670e+03
2.503566942840507636e+03
2.503763238221357369e+03
2.504183111709152399e+03
2.504646160190843602e+03
2.506431387550795080e+03
2.507344225234064652e+03
2.507614657625103973e+03
2.508015139770293445e+03
2.508070175640128582e+03
2.508555927961541784e+03
2.508575997251359695e+03
2.509378118459262168e+03
2.510715906528274900e+03
2.511351727031288192e+03
2.512365866106036265e+03
2.512598972375880749e+03
2.513195416188958006e+03
2.515151664913493732e+03
2.515262013895739983e+03
2.515353398293443661e+03
2.515653571421076776e+03
2.515962152046908159e+03
2.516294641636693996e+03
2.516396027984060765e+03
2.516844568470726244e+03
2.518372822679294131e+03
2.518541322979295728e+03
2.519104512371157398e+03
2.520533640196297256e+03
2.520861984789791222e+03
2.521530808358269951e+03
2.522131946737688395e+03
2.522262909309729366e+03
2.522275262572145039e+03
2.522888668468569449e+03
2.523306322579663629e+03
2.525684337056242839e+03
2.526548453561649239e+03
2.526610278038291654e+03
2.528979323217044566e+03
2.529158801538662374e+03
2.529295566153989057e+03
2.529818740805911602e+03
2.530145225872958690e+03
2.531744944990124623e+03
2.532132405093727357e+03
2.533213124760660776e+03
2.533925854920474649e+03
2.534495716610826548e+03
2.534804922611892835e+03
2.536200486358834496e+03
2.536870952686662804e+03
2.537309881547788336e+03
2.537556902664567133e+03
2.538802681519618091e+03
2.541748006501954023e+03
2.542663811246047771e+03
2.542931095903137248e+03
2.543053040495345158e+03
2.544612317433624867e+03
2.545022230791943912e+03
2.545676909897819314e+03
2.545800148139280736e+03
2.546288342900163116e+03
2.546300120586379307e+03
2.546669349537735343e+03
2.547697644000354558e+03
2.548063974102035445e+03
2.548144212137078739e+03
2.549008626845383787e+03
2.550120343713060265e+03
2.550187280421125251e+03
2.550925185233950742e+03
2.551636535373134848e+03
2.551879817848560833e+03
2.552223581615342482e+03
2.553129746701269596e+03
2.553338741771168770e+03
2.553382638660225439e+03
2.553709133263737385e+03
2.553800317786925007e+03
2.554971788533793642e+03
2.556050967693225175e+03
2.556772979801023666e+03
2.560015988629608728e+03
2.560190241764329130e+03
2.562422282204275689e+03
2.562511443723001321e+03
2.562907375187298840e+03
2.565750290222366857e+03
2.566113445607403264e+03
2.567312647875013226e+03
2.567592718935127778e+03
2.570813208354684775e+03
2.571614593010790486e+03
2.572058685436672022e+03
2.573159966020365118e+03
2.573183708769939585e+03
2.574140280298108792e+03
2.574659623978234322e+03
2.575759436536055546e+03
2.576619456639396049e+03
2.577509148691897735e+03
2.578098237362561576e+03
2.580195319964506780e+03
2.580322250040069775e+03
2.580882862943838518e+03
2.581047928813013641e+03
2.581138635884816267e+03
2.581733774835807253e+03
2.582371564227210911e+03
2.583234021322730314e+03
2.583772040503445623e+03
2.584081234271237463e+03
2.585119954835340195e+03
2.586198143947375229e+03
2.587021787447832139e+03
2.587435158836820847e+03
2.587870296426319328e+03
2.587977753327963001e+03
2.588867309067521091e+03
2.589813563624580183e+03
2.590231209412899261e+03
2.590828813922862537e+03
2.590920411055022214e+03
2.591070695236423035e+03
2.592142812652753037e+03
2.593244766442774562e+03
2.593746715885945378e+03
2.594345233797158471e+03
2.595667277863641630e+03
2.595687494577581674e+03
2.597562154701016425e+03
2.599915624073461913e+03
2.600571794016874264e+03
2.601889986718329510e+03
2.603046389657218697e+03
2.603136191920502824e+03
2.603600987001769681e+03
2.604785166367020793e+03
2.605976974047781823e+03
2.606105779950972646e+03
2.606316612729168355e+03
2.606482270734070880e+03
2.606521505547641027e+03
2.607747848000767590e+03
2.607759729461132338e+03
2.610677629809499194e+03
2.610762150460442172e+03
2.610790131925654805e+03
2.611157127490299445e+03
2.611675758793147452e+03
2.612092946236714852e+03
2.612125943180009472e+03
2.613913815190295736e+03
2.614185789751976699e+03
2.614209793340056876e+03
2.616642970636771679e+03
2.616812087309468552e+03
2.617191916639828378e+03
2.618752046264834462e+03
2.621360855568459101e+03
2.622142839586055743e+03
2.622271216845621439e+03
2.623078174852968004e+03
2.624593570237860149e+03
2.625353414342525411e+03
2.626028376677090819e+03
2.626864084185052889e+03
2.628311337075234860e+03
2.628539457413309265e+03
2.628570543781460856e+03
2.629358338396415093e+03
2.629834779838675786e+03
2.630676834632292412e+03
2.632603845120940605e+03
2.634547159003480829e+03
2.636679741532801927e+03
2.636695547976238231e+03
2.637152938282465584e+03
2.638263198764821482e+03
2.638354663347224687e+03
2.639514102155505952e+03
2.640775703873943712e+03
2.641044822989065324e+03
2.641187552265756040e+03
2.641331162303851670e+03
2.642470563002766539e+03
2.646359484765067918e+03
2.646726712100483383e+03
2.646760438315258853e+03
2.647137115266388264e+03
2.648012207922446123e+03
2.648255676631890765e+03
2.648540789834735278e+03
2.650094988581275629e+03
2.650243379100202674e+03
2.651801547706800648e+03
2.652813570648166660e+03
2.653681308896972041e+03
2.653776431903319462e+03
2.654090656262118046e+03
2.656188590086626391e+03
2.657268701298385167e+03
2.659064256754363669e+03
2.659673143687365609e+03
2.660990747894305514e+03
2.662109578039903681e+03
2.662266757405552653e+03
2.663127174305456720e+03
2.664094428644677919e+03
2.665039428895818219e+03
2.666521101692604134e+03
2.666597724079619638e+03
2.667029110555142324e+03
2.667561643443220419e+03
2.667927061558624700e+03
2.670024954904944025e+03
2.670735992185752366e+03
2.671833300639749268e+03
2.672283300766966477e+03
2.672836383281172402e+03
2.672982943156317560e+03
2.673986084272871267e+03
2.674990570752362146e+03
2.677914782019026006e+03
2.678768416089556013e+03
2.679526115829844912e+03
2.682517713485677632e+03
2.683212628147619398e+03
2.684306407789341392e+03
2.685159315775861160e+03
2.685231812319401342e+03
2.686518153445496864e+03
2.686534562187510346e+03
2.686775648686595559e+03
2.686814143083579893e+03
2.687039944645285686e+03
2.687234405711428735e+03
2.688340645622277862e+03
2.689205222135310578e+03
2.689208654149654194e+03
2.689223524947032274e+03
2.689814251538603003e+03
2.689925215759922139e+03
2.691459807270315196e+03
2.693694334552442797e+03
2.694221803075028674e+03
2.694296213448805702e+03
2.695203948963139283e+03
2.696410789846677744e+03
2.697845051699720898e+03
2.698154516669909299e+03
2.699346256704593543e+03
2.700003490426609915e+03
2.700009215653614774e+03
2.700196017228389792e+03
2.700333628258856152e+03
2.700406087714640307e+03
2.700442146625893201e+03
2.700597640565721122e+03
2.701594042700503906e+03
2.701913713021977401e+03
2.702063388665894763e+03
2.702352477231574994e+03
2.702495982668157467e+03
2.702509104563057008e+03
2.702711540723787493e+03
2.702716248474111126e+03
2.702977146338350849e+03
2.702993632997534860e+03
2.703085348780707591e+03
2.703243325090558756e+03
2.703390760976706588e+03
2.703425395036222199e+03
2.703630935032832440e+03
2.703647031443215837e+03
2.703869240936857750e+03
2.704104724428204463e+03
2.704123666203403445e+03
2.704314433821625698e+03
2.704408016596486050e+03
2.704533205264342541e+03
2.704618467507392324e+03
2.704860119201840007e+03
2.704873032962836078e+03
2.704977744189779514e+03
2.705084299466874199e+03
2.705265709009988768e+03
2.705437212313719101e+03
2.705738689931185945e+03
2.705743460399050946e+03
2.705746645665376036e+03
2.705798289275280240e+03
2.706280235348020142e+03
2.706573998632502480e+03
2.706727766748616432e+03
2.707078489393658856e+03
2.707112326093355477e+03
2.707491498635115022e+03
2.707558024187768751e+03
2.707706893460822357e+03
2.707730879629305491e+03
2.708355672246322229e+03
2.708595728273296572e+03
2.708750929093579543e+03
2.709007801598817878e+03
2.709031161663395778e+03
2.709139105892687894e+03
2.709344727838017207e+03
2.709523129611896366e+03
2.709733033814155988e+03
2.709797718235348839e+03
2.710102921162339044e+03
2.710401811267819994e+03
2.710473465796867004e+03
2.710805645487428137e+03
2.711271327119672151e+03
2.711678988997700344e+03
2.711681405006299883e+03
2.711693796198338987e+03
2.711780824272495920e+03
2.711817550107845818e+03
2.712017735715208346e+03
2.712041657725610094e+03
2.712077400902769568e+03
2.712105248057910103e+03
2.712473687953978242e+03
2.712574565014877408e+03
2.712726689462067498e+03
2.713169982792901465e+03
2.713473389698684969e+03
2.713499046370627184e+03
2.714884312001651324e+03
2.714993708597903606e+03
2.715072902946894828e+03
2.715104858090805919e+03
2.715125032080662550e+03
2.715171931147268879e+03
2.715186741680722207e+03
2.715388154694364857e+03
2.715500616497388364e+03
2.715550739735918796e+03
2.715596805593312183e+03
2.715706506056241778e+03
2.715829577357880680e+03
2.716004399096669204e+03
2.716390326000291680e+03
2.716681656504138118e+03
2.716852823204231754e+03
2.716975696844014692e+03
2.717004129649750666e+03
2.717064419333294154e+03
2.717093618099210289e+03
2.717108074201085856e+03
2.717319647767535116e+03
2.717353334834147972e+03
2.717427585624104722e+03
2.717982990258392419e+03
2.718433887039236197e+03
2.718542538206766949e+03
2.718611029088634496e+03
2.718660967849411009e+03
2.718718220579483386e+03
2.718757888722853750e+03
2.718769452665835615e+03
2.719201903982586373e+03
2.719708457686309885e+03
2.719849556650332033e+03
2.719938997732881489e+03
2.719969418374266752e+03
2.720092083607581571e+03
2.720104961325363092e+03
2.720170254027168539e+03
2.720176774190210381e+03
2.720250764005146721e+03
2.720505960092987607e+03
2.720535135769805038e+03
2.720537615800073581e+03
2.720614103317188437e+03
2.720702277783844693e+03
2.720713771894379988e+03
2.720818225771255129e+03
2.721032441892376937e+03
2.721147583692943499e+03
2.721310466713200640e+03
2.721347485552029866e+03
2.721924468608104689e+03
2.722231626772460004e+03
2.722675084156220237e+03
2.722681512185025440e+03
2.722709918192936129e+03
2.722871765392069392e+03
2.723040914494326444e+03
2.723091500814262417e+03
2.723093840119489869e+03
2.723536744895136962e+03
2.723681820883966793e+03
2.724344753560871595e+03
2.724368890442001884e+03
2.724479616001451632e+03
2.724681697283118410e+03
2.724821050685457067e+03
2.725057474404005461e+03
2.725066301253206802e+03
2.725238298677814782e+03
2.725369613429171295e+03
2.725406502562591868e+03
2.725516915646772304e+03
2.725531045835935402e+03
2.725809647109882917e+03
2.726105165490836498e+03
2.726515484095355532e+03
2.726963055520848229e+03
2.727417445899533050e+03
2.727620095824742748e+03
2.727708158433413701e+03
2.727787644915410056e+03
2.728132957877105127e+03
2.728325669298144476e+03
2.728475381046500843e+03
2.728489582568513015e+03
2.728608276381900851e+03
2.728619783193963030e+03
2.728993450286325697e+03
2.730073669116863130e+03
2.730293432045328245e+03
2.730411869265947644e+03
2.730541104884860943e+03
2.730567930261880974e+03
2.730754789219942268e+03
2.730770388775076754e+03
2.730852777647242874e+03
2.730979502662514733e+03
2.731030234458145060e+03
2.731336355430045387e+03
2.731603645344399865e+03
2.731617965432341407e+03
2.731645028238310715e+03
2.731762295463938699e+03
2.731771741321127138e+03
2.732413367812921933e+03
2.733129559023330785e+03
2.733453663696383046e+03
2.733477899987174169e+03
2.733991051418239294e+03
2.734543853518560354e+03
2.734618392653675073e+03
2.734907545549348924e+03
2.734974922366709052e+03
2.735161171704070057e+03
2.735265390045065942e+03
2.735465586687326777e+03
2.735550787079445399e+03
2.735593129722474259e+03
2.735612728652733495e+03
2.735967328041813744e+03
2.736062168736172680e+03
2.736116273636726874e+03
2.736134201998969729e+03
2.737310519700153236e+03
2.737645889039745271e+03
2.737664936969543305e+03
2.737665064428796086e+03
2.737786558913807312e+03
2.737800608359198122e+03
2.738047206765125793e+03
2.738360040366725116e+03
2.738497758656629230e+03
2.738903693467270386e+03
2.739024200948684211e+03
2.739292122898252273e+03
2.739514508573728108e+03
2.739962977240988494e+03
2.740282455270682476e+03
2.740372880131232250e+03
2.740637861038407209e+03
2.740980271095351782e+03
2.741144546445822925e+03
2.742097355458054608e+03
2.742240884667802675e+03
2.742367063011944992e+03
2.742852589444299610e+03
2.742900336799717934e+03
2.742984437610792156e+03
2.743223635803959951e+03
2.743930876980844914e+03
2.744076577075131354e+03
2.744088812876462725e+03
2.744182669065627124e+03
2.744190913283691316e+03
2.744774840922442309e+03
2.745141681301799053e+03
2.745429694310988907e+03
2.745478522440029792e+03
2.745614570227347485e+03
2.746107312853261192e+03
2.746169971408131914e+03
2.746347661201477877e+03
2.746448583779315868e+03
2.746477593343032822e+03
2.746860452379179605e+03
2.746861970605986699e+03
2.746895091212658372e+03
2.746943014801080153e+03
2.747043811595041916e+03
2.747181962453914821e+03
2.747847678762407668e+03
2.748067680292951991e+03
2.748109621835923008e+03
2.748138784281367862e+03
2.748203875413553760e+03
2.748365643592536799e+03
2.748408840316615169e+03
2.748410207516515129e+03
2.748501430871088360e+03
2.748576901989664293e+03
2.748798244531645651e+03
2.748809923142569914e+03
2.748837296761868856e+03
2.748905734144465896e+03
2.748910601079477146e+03
2.749321658723663404e+03
2.749585347042887406e+03
2.749724453089566396e+03
2.749724933946046804e+03
2.750196391200317976e+03
2.750207109671034232e+03
2.750247326728232110e+03
2.750461096729955443e+03
2.750918528573076856e+03
2.750964301815220551e+03
2.751212508993743995e+03
2.751280920726254408e+03
2.751508172311635008e+03
2.751757163083908836e+03
2.752048815106506481e+03
2.752394155768899054e+03
2.752536942039106179e+03
2.752566531631748148e+03
2.752647488214407076e+03
2.753069085247195289e+03
2.753775976721784446e+03
2.753776683572336879e+03
2.753806803086772106e+03
2.753809404603663097e+03
2.754354983715024900e+03
2.754484190326980752e+03
2.754533660165208403e+03
2.754851333960645206e+03
2.755032658921030361e+03
2.755389737204210633e+03
2.755581106614997225e+03
2.755694011470372971e+03
2.755719921601555598e+03
2.755840769326004192e+03
2.755991981939304878e+03
2.756316721707675697e+03
2.756376114244596920e+03
2.756562181724775201e+03
2.756980840937268113e+03
2.757032294935118443e+03
2.757182949922334956e+03
2.757277975521492863e+03
2.757477883720447608e+03
2.758030602886944962e+03
2.758158920381067674e+03
2.758492559970086859e+03
2.758549955165595293e+03
2.758572180886947535e+03
2.758749925240280845e+03
2.758873715011849526e+03
2.758925764761605024e+03
2.758996075485887559e+03
2.759077711336028642e+03
2.759697641687831037e+03
2.759764582468215849e+03
2.759781100940040233e+03
2.760084605360287696e+03
2.760458513401893924e+03
2.760676254157360290e+03
2.760789790240602997e+03
2.761041822749278708e+03
2.761294915019690961e+03
2.761334511739281879e+03
2.761404032717185146e+03
2.761599881612040008e+03
2.761875634150845599e+03
2.762122742763256610e+03
2.762262280861711133e+03
2.762717812112053707e+03
2.762755639622378567e+03
2.763095566885738208e+03
2.763152081899602763e+03
2.763237930465008503e+03
2.763337782767411227e+03
2.763369549441879371e+03
2.763490769570958491e+03
2.763598216409597626e+03
2.763734183158641827e+03
2.764321944897949379e+03
2.764408766239006582e+03
2.764473791110918683e+03
2.764722203752936366e+03
2.765300219874161030e+03
2.765367413888023293e+03
2.765462260365651673e+03
2.765612940097074897e+03
2.765614166671961812e+03
2.765614683899378178e+03
2.765866176968940636e+03
2.766033397771425825e+03
2.766133801273625522e+03
2.766151279030694241e+03
2.766255834888902882e+03
2.766371608933819061e+03
2.766622761207996064e+03
2.766708391424451293e+03
2.766802823736925347e+03
2.767288044985513352e+03
2.767295567656057756e+03
2.767614380402029838e+03
2.767823721303168895e+03
2.767837599374901401e+03
2.767881729000956057e+03
2.767956487810831732e+03
2.768470609048109509e+03
2.768603033881082411e+03
2.768662638745049662e+03
2.768809733111301739e+03
2.768879448226190561e+03
2.768948017739285660e+03
2.768998126188972037e+03
2.769124998635204975e+03
2.769414190913054426e+03
2.769442564129589300e+03
2.769605454092643413e+03
2.769751797662349418e+03
2.769999846794798032e+03
2.770122237611023138e+03
2.770143849927919291e+03
2.770261011277900252e+03
2.770327680003454589e+03
2.770492021498786016e+03
2.771079997471994375e+03
2.771243567025677294e+03
2.771443996099708784e+03
2.772089737035109920e+03
2.772119673868051905e+03
2.772159475554044548e+03
2.772448945577060385e+03
2.772450188397850070e+03
2.772461052510504487e+03
2.772567988233866799e+03
2.772593139095113656e+03
2.772606623994263373e+03
2.773019004965559361e+03
2.773605694249863518e+03
2.773981090493407464e+03
2.773997584741621722e+03
2.774202094745724935e+03
2.774267931083965777e+03
2.774512878110940164e+03
2.774515082622962382e+03
2.774702620832727007e+03
2.774900685822069136e+03
2.774987083919286306e+03
2.775140369637749700e+03
2.775263729967210111e+03
2.775267913707330536e+03
2.775300414978690242e+03
2.775350780264520381e+03
2.775693578120906295e+03
2.775857435475033526e+03
2.775907902276076129e+03
2.775930461753882810e+03
2.775981715056814664e+03
2.776344399485477879e+03
2.776600912128973050e+03
2.776938918305029802e+03
2.777577477340435053e+03
2.777613492646632494e+03
2.777862534952826991e+03
2.777872934782514676e+03
2.777901251685124407e+03
2.777948441382089641e+03
2.777971493772849954e+03
2.778070979395568884e+03
2.778314557870454337e+03
2.778974203955403482e+03
2.779218595408115561e+03
2.779282878947591598e+03
2.779390508077607137e+03
2.779597841266639989e+03
2.779648922228721858e+03
2.779674849887581786e+03
2.779778535189635477e+03
2.780220608357262336e+03
2.780277803018391296e+03
2.780452310323474194e+03
2.780560126820282221e+03
2.780568650236092708e+03
2.780656054314657922e+03
2.780853558687681925e+03
2.781193182594529844e+03
2.781241898411091825e+03
2.781282809494909543e+03
2.781328876129219680e+03
2.781447600762813181e+03
2.781489954382310771e+03
2.781583811825534667e+03
2.781586367819459610e+03
2.781599581603306888e+03
2.782092125358231442e+03
2.782221476802657435e+03
2.782411144514367606e+03
2.782571754311102268e+03
2.782586464035558038e+03
2.782776808314164100e+03
2.782895732539755954e+03
2.783103757297793436e+03
2.783239403917486015e+03
2.783355832826913684e+03
2.783510544498797117e+03
2.783592918934511090e+03
2.784314925050066904e+03
2.784484812631689692e+03
2.784741727911000908e+03
2.784743623193107851e+03
2.784748819791855567e+03
2.785362415703079932e+03
2.785712270298266958e+03
2.785727497377811687e+03
2.785955864678137004e+03
2.786222878939674047e+03
2.786238499469175167e+03
2.786289818713103614e+03
2.786383602802797668e+03
2.786665481672749593e+03
2.786756233888785118e+03
2.786831856485846401e+03
2.787013659588731116e+03
2.787151351701425938e+03
2.787438274048138283e+03
2.787714933123657829e+03
2.787992583234169615e+03
2.788006026432302860e+03
2.788220238653033448e+03
2.788590443271549702e+03
2.788747229248960593e+03
2.788779608830984671e+03
2.788907284053986587e+03
2.788967973661779070e+03
2.789186161284397713e+03
2.789187237092200121e+03
2.789815012111604574e+03
2.789940158269570929e+03
2.789982620933106773e+03
2.790313823350294115e+03
2.790725853383561116e+03
2.790874718649957686e+03
2.790879271692128896e+03
2.790985767254785060e+03
2.791182753676508128e+03
2.791259615890884106e+03
2.791723187234187208e+03
2.791929846811011430e+03
2.791939040412846225e+03
2.792032979856642214e+03
2.792164925106381361e+03
2.792331271587944684e+03
2.792338749504223870e+03
2.792540484446845312e+03
2.792936357762729585e+03
2.792942062596740470e+03
2.793559157375064842e+03
2.793563830729117399e+03
2.793833396763106066e+03
2.793872218264094499e+03
2.794148042467324558e+03
2.794162649016740943e+03
2.794163422954508405e+03
2.794475533376668864e+03
2.794571830394835160e+03
2.794688203129005160e+03
2.794731945374848692e+03
2.795264910077276454e+03
2.796348645790786122e+03
2.796500996897864752e+03
2.796908203726228294e+03
2.797059123745647412e+03
2.797298813205455190e+03
2.797353540052602511e+03
2.797563358882863213e+03
2.797587185508524271e+03
2.797588540206909329e+03
2.797876175412343855e+03
2.797991774827773497e+03
2.798022762609012261e+03
2.798038411757333051e+03
2.798082307301002402e+03
2.798453844839283647e+03
2.798469931703501970e+03
2.799085400250625298e+03
2.799405665620894979e+03
2.799469409720158183e+03
2.799591451420753856e+03
2.799657309934681507e+03
2.799736847144613421e+03
2.800088518751059837e+03
2.800214989700630667e+03
2.800320353696624807e+03
2.800583715023488821e+03
2.800683136280953022e+03
2.801161972669725401e+03
2.801203664030727850e+03
2.801236283689268475e+03
2.801425322809878253e+03
2.801791580192870242e+03
2.801991559137974491e+03
2.802123466834277679e+03
2.802287571430667413e+03
2.802395593785015535e+03
2.802571583431647014e+03
2.802632286259078228e+03
2.802793543956756366e+03
2.802819277628372220e+03
2.803016010653293051e+03
2.803187305967305747e+03
2.803525123653970240e+03
2.803557662548263124e+03
2.803602585673466365e+03
2.803741829523127308e+03
2.803957250385815314e+03
2.804255638594126594e+03
2.804428677950486417e+03
2.805156160285848728e+03
2.805245732800504811e+03
2.805365816204634484e+03
2.805887551035707020e+03
2.805915117480090885e+03
2.806136747620930691e+03
2.806281398165164774e+03
2.806327484637916314e+03
2.806399861495524874e+03
2.806418567019063630e+03
2.806469305045966394e+03
2.806477398263103169e+03
2.806595924542166358e+03
2.806978852795861712e+03
2.807065792551333288e+03
2.807108803191003517e+03
2.807136347790150921e+03
2.807573538457461837e+03
2.807586474586077202e+03
2.807762624094807052e+03
2.808128048142446005e+03
2.808142351542466258e+03
2.808322417902311372e+03
2.808421133720155922e+03
2.808767938967728242e+03
2.809446741062339697e+03
2.809704224478411561e+03
2.810217218609121119e+03
2.810335796326845866e+03
2.810504164138305441e+03
2.810534675974973652e+03
2.810784231064662436e+03
2.810872259828031929e+03
2.811282302447329585e+03
2.811333881529038536e+03
2.811440178787313016e+03
2.811517219920703155e+03
2.811521788471899072e+03
2.811651976574069067e+03
2.811752679466039808e+03
2.811759982127865442e+03
2.811936785526715084e+03
2.812037383539811344e+03
2.812176314103844106e+03
2.812364473013874431e+03
2.812416591152212732e+03
2.812640678539949931e+03
2.813351764118156098e+03
2.813712145614910696e+03
2.813728214601580930e+03
2.813925456875795135e+03
2.813993723689618491e+03
2.814155312960968331e+03
2.814297382100519826e+03
2.814839629330916523e+03
2.815306511557240356e+03
2.815383322793630668e+03
2.815679277753999941e+03
2.816182323427452502e+03
2.816196755392594241e+03
2.816347826975079442e+03
2.816449711838098665e+03
2.816617904362964055e+03
2.816769141507536460e+03
2.816821481693662463e+03
2.817309860738219413e+03
2.817522735168683539e+03
2.817557811956407932e+03
2.817573168883172912e+03
2.817628073071372000e+03
2.817737455868843881e+03
2.817819222981424900e+03
2.817868532667953787e+03
2.817931172267820330e+03
2.817958560308376491e+03
2.818371694595677127e+03
2.818539272283450828e+03
2.818546589241691436e+03
2.818577794629347409e+03
2.818781167858785011e+03
2.818966104596988771e+03
2.819097648662242136e+03
2.819283713565861035e+03
2.819305324329916402e+03
2.819350987650646857e+03
2.819359710905227985e+03
2.819401587886351081e+03
2.819710595292730432e+03
2.819855635376080500e+03
2.820063682754901492e+03
2.820211250050339913e+03
2.820438533726713104e+03
2.820566159967218937e+03
2.820608165066472338e+03
2.820721877789793325e+03
2.820811116298368233e+03
2.820962326839975503e+03
2.820963189955146845e+03
2.821080300708477353e+03
2.821286924176460616e+03
2.821358215672160895e+03
2.821977161207841618e+03
2.822041440285517183e+03
2.822324431500819628e+03
2.822445507260009435e+03
2.822536674422544820e+03
2.822823621545105652e+03
2.822901316012797906e+03
2.823357142760847182e+03
2.823357455398375805e+03
2.823359246664763759e+03
2.823391191619869460e+03
2.823587428510230438e+03
2.823683918349499436e+03
2.823951755162315749e+03
2.824092802475590361e+03
2.824447696656405697e+03
2.824732531056996777e+03
2.824951329571163569e+03
2.824969748544687718e+03
2.825158025569372967e+03
2.825300098745098239e+03
2.825443436448839748e+03
2.825500159230683948e+03
2.825582182475498939e+03
2.825754862770636464e+03
2.825781498349806498e+03
2.825834398187193983e+03
2.825888214842042998e+03
2.826788759104082601e+03
2.826818591068179558e+03
2.827000543245959307e+03
2.827455252860426299e+03
2.827568455631308098e+03
2.827836371385669281e+03
2.827919507040486678e+03
2.828245936227080165e+03
2.828280400111001200e+03
2.828537371154638549e+03
2.828610606295930211e+03
2.828683300029043494e+03
2.828718710790799832e+03
2.828987285933946623e+03
2.828995564236317932e+03
2.829370160937467517e+03
2.829390511902304297e+03
2.829605678278351661e+03
2.829703867921004075e+03
2.829830063879778663e+03
2.829844800662840953e+03
2.830041669826690395e+03
2.830074837789784397e+03
2.830153176856573282e+03
2.830206291812627569e+03
2.830320995701983065e+03
2.830984256930629726e+03
2.831098765699686282e+03
2.831298398444460872e+03
2.831453583974503545e+03
2.831763180374915009e+03
2.831922145952372375e+03
2.832610026279337035e+03
2.832632110403916158e+03
2.832688141635340799e+03
2.832763654444423537e+03
2.832839440963121433e+03
2.832910111901285745e+03
2.833175836351913404e+03
2.833231067071985763e+03
2.833662491622567359e+03
2.834014358177556005e+03
2.834302027623125468e+03
2.834711630379037615e+03
2.835017591827867363e+03
2.835076273842867067e+03
2.835388233908776328e+03
2.835521842794433269e+03
2.836196973359909862e+03
2.836255098821011870e+03
2.836303626920296665e+03
2.836429302765798184e+03
2.836551597520096948e+03
2.837378698330208408e+03
2.837398727701071493e+03
2.837497078376272839e+03
2.837529427239431243e+03
2.837682154979046118e+03
2.837737206986004367e+03
2.837875217164086735e+03
2.837899461120798151e+03
2.838514843143935650e+03
2.839194509450066107e+03
2.839228547836051348e+03
2.839271555921767686e+03
2.839502855257928331e+03
2.839601080181845646e+03
2.839854477338267316e+03
2.839889823881945631e+03
2.839892926842051111e+03
2.840007936265322314e+03
2.840304363745462979e+03
2.840420716270286903e+03
2.840732163314273748e+03
2.840996480447381145e+03
2.841288075730420132e+03
2.841684541248894675e+03
2.842142948519383935e+03
2.842176366034830608e+03
2.842276506293086186e+03
2.842678857546602558e+03
2.842900719990329435e+03
2.843070031940390891e+03
2.843205119436720452e+03
2.843224856844105943e+03
2.843547321032156560e+03
2.843558510975856734e+03
2.844267043980902599e+03
2.844639629675952619e+03
2.844911909267666942e+03
2.844954258994100655e+03
2.845196810453924172e+03
2.845206171752821319e+03
2.845223120913060484e+03
2.845361398524003107e+03
2.845528397993862200e+03
2.845839145564477349e+03
2.846179606230015452e+03
2.846350295563203872e+03
2.846548689797971747e+03
2.846817761221976525e+03
2.846887338615073531e+03
2.847328718814949752e+03
2.847760614214286761e+03
2.847770721225989291e+03
2.847845875359847469e+03
2.847859375334233846e+03
2.848877625864708534e+03
2.849261955643830788e+03
2.849438983064412696e+03
2.849668699360782739e+03
2.849987697589436721e+03
2.850033825622987933e+03
2.850083560562327875e+03
2.850107833864668009e+03
2.850181071346412409e+03
2.850382693387718973e+03
2.850455388105049678e+03
2.850728186149912744e+03
2.850789372789039135e+03
2.850939741765461804e+03
2.851438679491358471e+03
2.851652628116959022e+03
2.851690246026587829e+03
2.851779496295867375e+03
2.851787372320479335e+03
2.852076131388550493e+03
2.852117894021615484e+03
2.852341519187633821e+03
2.852667166677316800e+03
2.852956202865137129e+03
2.853174227237867854e+03
2.854156339262030087e+03
2.854228632765377824e+03
2.854338398321968270e+03
2.854480004973977884e+03
2.854501697912916825e+03
2.854758570813698498e+03
2.855009515567880499e+03
2.855388158313773602e+03
2.855402419921387263e+03
2.855610298314178635e+03
2.855709684038864452e+03
2.855767371234061557e+03
2.856388814296241890e+03
2.856434707250064093e+03
2.856437891616441448e+03
2.856753054325676658e+03
2.857420691298429574e+03
2.857641092206768008e+03
2.858303239866508648e+03
2.858897917183685877e+03
2.858982176079070086e+03
2.859281303523628139e+03
2.859388205505279529e+03
2.859436474256791371e+03
2.859471645806019296e+03
2.859561529951504781e+03
2.859687562785436512e+03
2.859751219924794441e+03
2.860666144463901674e+03
2.860696979804273724e+03
2.860780523655635534e+03
2.861406811609170745e+03
2.861499582976714009e+03
2.861728365820802537e+03
2.862088959537092251e+03
2.862089822028449817e+03
2.862271501151424218e+03
2.862412326272231439e+03
2.862528289280268837e+03
2.863259598751110843e+03
2.863276189834109118e+03
2.863303466290296456e+03
2.863344699840078647e+03
2.863349087731159671e+03
2.863929094823354262e+03
2.863937562518437517e+03
2.863973142609688693e+03
2.864008704621639026e+03
2.864443560818406695e+03
2.864525748898068741e+03
2.864657599523206954e+03
2.864661840462779764e+03
2.864960568832861554e+03
2.865199013832255332e+03
2.865347988574911597e+03
2.865798680333024549e+03
2.865812122715563419e+03
2.866011356924931533e+03
2.866857207789003496e+03
2.866939391204646654e+03
2.866973528550645824e+03
2.867035473278456266e+03
2.867063532951628986e+03
2.867112153982510335e+03
2.867201150871902428e+03
2.867717785483980606e+03
2.868203488481684872e+03
2.868621838320771531e+03
2.868656643319357499e+03
2.869018605213791943e+03
2.869022509345156323e+03
2.869175870026687335e+03
2.869222208650055109e+03
2.869269545005360669e+03
2.869525593735826988e+03
2.869723485183986668e+03
2.869734466452298875e+03
2.869854207367521212e+03
2.869981577671638661e+03
2.870318195379316421e+03
2.870392289194824116e+03
2.870861933870130997e+03
2.871263225051842710e+03
2.871378140981129036e+03
2.871523794943124813e+03
2.871598763485078052e+03
2.871782169864606658e+03
2.871912660185704681e+03
2.872184959820703170e+03
2.872286272527063375e+03
2.872607751938729507e+03
2.873010719657326717e+03
2.873057214339809889e+03
2.873064360393362676e+03
2.873136775811496136e+03
2.873289526303326966e+03
2.873342115075325637e+03
2.873367333808226704e+03
2.873489519826108335e+03
2.873547752468798990e+03
2.873642026353581969e+03
2.873794339998581563e+03
2.874026650400836388e+03
2.874209725366285511e+03
2.874285113966453991e+03
2.874486687896758212e+03
2.874520994226355924e+03
2.874814334803404563e+03
2.874877817041278831e+03
2.874939065729874983e+03
2.874957241283129406e+03
2.874975717693766910e+03
2.875114076319409378e+03
2.875131834154233729e+03
2.875334672927227984e+03
2.875362933977837656e+03
2.875669118637990323e+03
2.875676305161783603e+03
2.876080951967672263e+03
2.876275761332820366e+03
2.876505666294945968e+03
2.876836196845409177e+03
2.877191350198391319e+03
2.877339090977554861e+03
2.877852054152433084e+03
2.877947465711840323e+03
2.878038414811417169e+03
2.878068280613635579e+03
2.878272548192579052e+03
2.878454213850573069e+03
2.878539502471704509e+03
2.878563850238062514e+03
2.878590979778246947e+03
2.878824586571491636e+03
2.879055563066327977e+03
2.879073207163996813e+03
2.879146591797090423e+03
2.879300484810810758e+03
2.879713376145114580e+03
2.879790634841831434e+03
2.880273601697726008e+03
2.880466163789947132e+03
2.880542020183634122e+03
2.880734832589976577e+03
2.880945036036884176e+03
2.881058641950336096e+03
2.881091160167812632e+03
2.881691366797023420e+03
2.881799090181307747e+03
2.882019517415230894e+03
2.882054086662041755e+03
2.882140584265072903e+03
2.882325636675816895e+03
2.882325804928695561e+03
2.882495850002331281e+03
2.882909227545784688e+03
2.883002225123845619e+03
2.883164026504627145e+03
2.883439083367698458e+03
2.883549306030966363e+03
2.883838750660953338e+03
2.883987505466213861e+03
2.884091370896815079e+03
2.884191091897570004e+03
2.884538742162359995e+03
2.884890145777717407e+03
2.885035082355762370e+03
2.885131783328597066e+03
2.885751820609751121e+03
2.885816990809950767e+03
2.885857860010890818e+03
2.886142135515591235e+03
2.886387734714883209e+03
2.886702979385173876e+03
2.886724092469798961e+03
2.886789160079597423e+03
2.886806862284939143e+03
2.886826020971952403e+03
2.887094633487079591e+03
2.887122925459202634e+03
2.887199545658694660e+03
2.887384214434359365e+03
2.887462229882099564e+03
2.887599050986336351e+03
2.888198680527203578e+03
2.888527936984376083e+03
2.888946196330412477e+03
2.889074165836847442e+03
2.889276537068748894e+03
2.889412597814475248e+03
2.889425676365513027e+03
2.889684646091292052e+03
2.889717397298516062e+03
2.889718876939652546e+03
2.890113479929658752e+03
2.890309106661506121e+03
2.890624307058572867e+03
2.890782098048013268e+03
2.890786412149118405e+03
2.890912284460012415e+03
2.891306474068780517e+03
2.891332242553677588e+03
2.892184555064666256e+03
2.892289658429627252e+03
2.892451344376875568e+03
2.892520319189567545e+03
2.893423574573045698e+03
2.893449781206694297e+03
2.893937622491378988e+03
2.894470040642353979e+03
2.894495402235628717e+03
2.894551446035606205e+03
2.894591687030644607e+03
2.894629615847815785e+03
2.894796697373064490e+03
2.894852678912234296e+03
2.894936414029290063e+03
2.895491928143183031e+03
2.896239821108361866e+03
2.896302601647816118e+03
2.896395206059786233e+03
2.896552114357301434e+03
2.896922881050197248e+03
2.896989322112362970e+03
2.897018845416482236e+03
2.897026819042367151e+03
2.897109149470232296e+03
2.897206044651038610e+03
2.897430665416947704e+03
2.897447947289272179e+03
2.897598406481929942e+03
2.897615291618106767e+03
2.897713623039669528e+03
2.897826888624599178e+03
2.897851794495398281e+03
2.897853230592230830e+03
2.897907081879142424e+03
2.898304276274196127e+03
2.898500177888756753e+03
2.898505286519956826e+03
2.898515604793186867e+03
2.898533319741491596e+03
2.898550375534199247e+03
2.898574089791103688e+03
2.898590683438160340e+03
2.898730203510320280e+03
2.898914157541026725e+03
2.899057078174035723e+03
2.899147342455817579e+03
2.899265815496690266e+03
2.899516796701989279e+03
2.899938914258050772e+03
2.899980143713985854e+03
2.900054217391697421e+03
2.900163701158254298e+03
2.900328177480945669e+03
2.900360372010244191e+03
2.901327947125792889e+03
2.901347242013906452e+03
2.901381247568739582e+03
2.901443744600162063e+03
2.901715152987510919e+03
2.901738149407508445e+03
2.901752178802094932e+03
2.901810898262669525e+03
2.901829384323740214e+03
2.901861500579424046e+03
2.901927639273365003e+03
2.902093625242472172e+03
2.902151669481001591e+03
2.902198262443719159e+03
2.902205975717637557e+03
2.902239088660819107e+03
2.902435890650222973e+03
2.902698870662121863e+03
2.902746877531222253e+03
2.902807886415764187e+03
2.902908320361817459e+03
2.902945124856181337e+03
2.903082234899051400e+03
2.903217938966661677e+03
2.903231421368488554e+03
2.903259484165105277e+03
2.903262680237685800e+03
2.903343960093013266e+03
2.903549990487791547e+03
2.903886099820532309e+03
2.903889954718542867e+03
2.903909165050003594e+03
2.904033565634091701e+03
2.904657506776529772e+03
2.904759737861316353e+03
2.905159935550602768e+03
2.905540292962345120e+03
2.905633164966570348e+03
2.906413667122238621e+03
2.906589488792362772e+03
2.906726296124468718e+03
2.906793123630807258e+03
2.907265192965247024e+03
2.907316743821778346e+03
2.907603376783996282e+03
2.907622094107310659e+03
2.907706291846324348e+03
2.907707676738317332e+03
2.908026638416892638e+03
2.908085417242138647e+03
2.908184877153047182e+03
2.908378628175985796e+03
2.908392287668118115e+03
2.908846843541377439e+03
2.908928942110832395e+03
2.909140741767542750e+03
2.909149107641394039e+03
2.909162814572890966e+03
2.909349835651551075e+03
2.909684648546215612e+03
2.909891870886636752e+03
2.910183448918335671e+03
2.910341878325242305e+03
2.910350958477077711e+03
2.910521482163177097e+03
2.910632236234137963e+03
2.910643828854548701e+03
2.911109933888715204e+03
2.911366328408233585e+03
2.911461303013014458e+03
2.911541743671169115e+03
2.911638249085046027e+03
2.911873848766578703e+03
2.911988960963612953e+03
2.912219100009878275e+03
2.912316405080258392e+03
2.912629696568746112e+03
2.912796248541782916e+03
2.912831659390192272e+03
2.913516841723814650e+03
2.913641113764181682e+03
2.913786399929553681e+03
2.913962064984785229e+03
2.914215817013438027e+03
2.914297990720499456e+03
2.914327249221372767e+03
2.914415650050610566e+03
2.914425982933183604e+03
2.914530048385110149e+03
2.914814991972643384e+03
2.914919133587429769e+03
2.915499352611601353e+03
2.915536184196765134e+03
2.915621885356059011e+03
2.916821325671641262e+03
2.917033098706473538e+03
2.917034345355000369e+03
2.917379486054288463e+03
2.917501822889735649e+03
2.918117028484617094e+03
2.918511256301893809e+03
2.918633416335194397e+03
2.918658432680983879e+03
2.918681760031547128e+03
2.918694318496744927e+03
2.918803438226399066e+03
2.919066515327174784e+03
2.919074756858871297e+03
2.919445907910934693e+03
2.919448939212941696e+03
2.919720314717513702e+03
2.919809715177083945e+03
2.919820042435849700e+03
2.919900032166786787e+03
2.920245377712493791e+03
2.920309702947665755e+03
2.920333179622677562e+03
2.920477754218468363e+03
2.920960568500437603e+03
2.921227825731203211e+03
2.921365495450381786e+03
2.921375218006207433e+03
2.921385284219277764e+03
2.921579237439699227e+03
2.921616945217969715e+03
2.921660003139909804e+03
2.921720092781811672e+03
2.922492435550812843e+03
2.922568898087614343e+03
2.922675956159725956e+03
2.922864448100381651e+03
2.924123480138708601e+03
2.924233321979007997e+03
2.924455173614654086e+03
2.924506756099721770e+03
2.924515304902869502e+03
2.924993339535621089e+03
2.925079729181652510e+03
2.925230894763316883e+03
2.925281939508995492e+03
2.925353141086212872e+03
2.925524097718752273e+03
2.925719364691136434e+03
2.925740501275948191e+03
2.926041633197879037e+03
2.926160424812973815e+03
2.926274477904624291e+03
2.926279492004106942e+03
2.926876137426730111e+03
2.927019050120570228e+03
2.927114434409587830e+03
2.927184893482650295e+03
2.927193062140331676e+03
2.927614596349176281e+03
2.927632876127197505e+03
2.927701584756579450e+03
2.927787752075541903e+03
2.928048278937047598e+03
2.928172692736584850e+03
2.928255399279234553e+03
2.928302377048617473e+03
2.928690787350287792e+03
2.928734087602460477e+03
2.929306015930927970e+03
2.929332218422651295e+03
2.929609009157412402e+03
2.929664025154758292e+03
2.929954514859775372e+03
2.929958194866488157e+03
2.930270288555375373e+03
2.930574399273960807e+03
2.930834668224614234e+03
2.931047463527128912e+03
2.931336844755565835e+03
2.931488073293582147e+03
2.931831425899523765e+03
2.931842871987101262e+03
2.931876444562834422e+03
2.931942562175601324e+03
2.932197413445828715e+03
2.932573215550484747e+03
2.933114785695526734e+03
2.933407572943395735e+03
2.933730775918736072e+03
2.933855010427218986e+03
2.933946265203020630e+03
2.934109650902064459e+03
2.934112837071294052e+03
2.934189515227667016e+03
2.934396556724191669e+03
2.934587993147387806e+03
2.934959523989587979e+03
2.934989394886814353e+03
2.935121475322570859e+03
2.935127952745232051e+03
2.935556862944522436e+03
2.935861695678317574e+03
2.936211587444781799e+03
2.936216108025699668e+03
2.936264725757633641e+03
2.936787854495905776e+03
2.937467460777410906e+03
2.937657358440502776e+03
2.937778443962740312e+03
2.937778534886514990e+03
2.937827434071843982e+03
2.937942862199021874e+03
2.938145431172411918e+03
2.938777916143050788e+03
2.938872435162410511e+03
2.939004419157411576e+03
2.939319679004463978e+03
2.939487959162755942e+03
2.940001044529104547e+03
2.940294210121009655e+03
2.940433732866886203e+03
2.940792093705878870e+03
2.940843280447350025e+03
2.940900621587350997e+03
2.941061297838780774e+03
2.941141467145042498e+03
2.941144363558034001e+03
2.941324217903242243e+03
2.941348392729546504e+03
2.941527095548698981e+03
2.941629012913793758e+03
2.941629698789995928e+03
2.941694641609002701e+03
2.941714357700465371e+03
2.941999515908044941e+03
2.942008055908421738e+03
2.942089647265197982e+03
2.942121271160011020e+03
2.942146661209464582e+03
2.942521721668107148e+03
2.942707092087503042e+03
2.942977326090869610e+03
2.943263574302375673e+03
2.943337130980041366e+03
2.943742146313251396e+03
2.944117003116668457e+03
2.944237705677348458e+03
2.944401301412996872e+03
2.944481918562161809e+03
2.945033839951690879e+03
2.945092172181551177e+03
2.945138442604675674e+03
2.945191593663971162e+03
2.945222354191832892e+03
2.945514127433860722e+03
2.945622068845215381e+03
2.946020250616694739e+03
2.946208848230033709e+03
2.946294305189742317e+03
2.946416508870208418e+03
2.946549283975607977e+03
2.946653966044927074e+03
2.946714363355606110e+03
2.946895141512530245e+03
2.946981963804008956e+03
2.947065667983545609e+03
2.947087083224691924e+03
2.947305134174805062e+03
2.947341455281364688e+03
2.947422971204102396e+03
2.947624699237184359e+03
2.947713285468199956e+03
2.947819405364485647e+03
2.947965322257439311e+03
2.948057568291826101e+03
2.948190644921173771e+03
2.948251895961966511e+03
2.948265915682214199e+03
2.948566679371824193e+03
2.949284751316520669e+03
2.949455499933666943e+03
2.949709061898298387e+03
2.949849113036481413e+03
2.949878914672268365e+03
2.950093203142551829e+03
2.950371537076688128e+03
2.950484161708321153e+03
2.950644067722658292e+03
2.950747778373154688e+03
2.950835310962174844e+03
2.951135888349195739e+03
2.951210123931045018e+03
2.951372512455541255e+03
2.951446492496592782e+03
2.951469126324540412e+03
2.951547550152907661e+03
2.951699198315403009e+03
2.951754118494089653e+03
2.951940481999327858e+03
2.952032423531759832e+03
2.952272613120871938e+03
2.952997850336364991e+03
2.953094899215547230e+03
2.953263697585843147e+03
2.953399772727067102e+03
2.953461404326568754e+03
2.953536255448810607e+03
2.954066167328685879e+03
2.954118248095169747e+03
2.954216379171411972e+03
2.954412626880445259e+03
2.954432770504688961e+03
2.954527613727157586e+03
2.954833921867720619e+03
2.954987799150961564e+03
2.955104400335968421e+03
2.955172358404534862e+03
2.955345220627794333e+03
2.955764226373791189e+03
2.956135476511400157e+03
2.956492205868442397e+03
2.956509060485980626e+03
2.956961167124377880e+03
2.957406981302168788e+03
2.957629283804841634e+03
2.957645031350446516e+03
2.957938402443493942e+03
2.958507271136203599e+03
2.958660892097456781e+03
2.958792141344753873e+03
2.958899049407661551e+03
2.959329974060509358e+03
2.959397676557442082e+03
2.959588727672673485e+03
2.959668714951661059e+03
2.959828690083507354e+03
2.959830463613350275e+03
2.960031106351800190e+03
2.960522857184080294e+03
2.961158089880815169e+03
2.961200710237655130e+03
2.961206536637231693e+03
2.961424210257256163e+03
2.961857826469699376e+03
2.962085558621164637e+03
2.962221531991555366e+03
2.962764925055117146e+03
2.962895829942693581e+03
2.963205135939851516e+03
2.963241013996344464e+03
2.963755731780374390e+03
2.963799064703542172e+03
2.964047021376445628e+03
2.964291901691897237e+03
2.964507183553052528e+03
2.964767963031704312e+03
2.964874444955616582e+03
2.964898147448931923e+03
2.964982080427867004e+03
2.965376066468884346e+03
2.965456535308801449e+03
2.965825832644055026e+03
2.965828030593962467e+03
2.965854531638803564e+03
2.966435456680210791e+03
2.966738377182003205e+03
2.966855793313128743e+03
2.966974012908858640e+03
2.967042341218804268e+03
2.967064500790852435e+03
2.967115296256579768e+03
2.967122855165798683e+03
2.967256660494943844e+03
2.967767468245942382e+03
2.968228290759975152e+03
2.968603826745950755e+03
2.968668854439551524e+03
2.968702433285633560e+03
2.968706983279984797e+03
2.969209759737279455e+03
2.969375756087299578e+03
2.969380588033121057e+03
2.969389394054336663e+03
2.969515939975210586e+03
2.969568181402451955e+03
2.970079233360620947e+03
2.970288268707140560e+03
2.970532208563868608e+03
2.970582059024744922e+03
2.970723909985831142e+03
2.971272987422269580e+03
2.971307932498157243e+03
2.971826118144378142e+03
2.972351554165060406e+03
2.972369638133885928e+03
2.972468546610096837e+03
2.972530365563812666e+03
2.972752579216075901e+03
2.973181715164326306e+03
2.973401757023589198e+03
2.974136533161977695e+03
2.974364599154567713e+03
2.974518219755166683e+03
2.974926163359619750e+03
2.975180419973304197e+03
2.975245752939596969e+03
2.975471726002630930e+03
2.975519262624467501e+03
2.975527929643622429e+03
2.975859307396814984e+03
2.976221895102790768e+03
2.976229982539007324e+03
2.976298356328972659e+03
2.976392253663892461e+03
2.977858220529534719e+03
2.977939139386855459e+03
2.978133188657528081e+03
2.978137134559334754e+03
2.978454629434185335e+03
2.978589168634618090e+03
2.978657864953669559e+03
2.978741856004638976e+03
2.978743415163506143e+03
2.979119526050797504e+03
2.979466474292844396e+03
2.979766463525793370e+03
2.979813152439828627e+03
2.979877458770901740e+03
2.979961526327791944e+03
2.980124826900440894e+03
2.980291234250247271e+03
2.980329911626032299e+03
2.980418974646490369e+03
2.980645354058248813e+03
2.980884186440678150e+03
2.981389569430168194e+03
2.981494718595394716e+03
2.981544647464246282e+03
2.981558935041939094e+03
2.981720543835087483e+03
2.982151185863820956e+03
2.982235356150932603e+03
2.982336243760102207e+03
2.982507595997409226e+03
2.982817295728233603e+03
2.983110477846066260e+03
2.983334574808291109e+03
2.983420877634923727e+03
2.983777393209626098e+03
2.983936953945121786e+03
2.984020118677018672e+03
2.984026873407672156e+03
2.984127200132555572e+03
2.984148438870074187e+03
2.985137751172588651e+03
2.985278578350764292e+03
2.985426966253669889e+03
2.985428943108549902e+03
2.985433447698927466e+03
2.985447213053036194e+03
2.985666535709278378e+03
2.985844505100752031e+03
2.986369778657643110e+03
2.987274304525144998e+03
2.987289493881776252e+03
2.987336940296461307e+03
2.987380236317031176e+03
2.987435402675830119e+03
2.987958840814036648e+03
2.988040681321634111e+03
2.988188092653959757e+03
2.988276044078647374e+03
2.988447697372233506e+03
2.988830505075961810e+03
2.989008096133811250e+03
2.989043984242298393e+03
2.989049772266276705e+03
2.989504610836341726e+03
2.989590817089119810e+03
2.989724162945924036e+03
2.990053649939785828e+03
2.990110582576843626e+03
2.990328439580868690e+03
2.990419743615227617e+03
2.990422914435220264e+03
2.990561199509967537e+03
2.990796543685253710e+03
2.990917089839393157e+03
2.990977957603557115e+03
2.991077132917816925e+03
2.991202963622923107e+03
2.991345272210485746e+03
2.991923039373689335e+03
2.991923448891699991e+03
2.992014785749446219e+03
2.992140124007145005e+03
2.992258333144907283e+03
2.992407178814565668e+03
2.992602940043720992e+03
2.992804146983763985e+03
2.993102086331683040e+03
2.993183979769934012e+03
2.993192372397450981e+03
2.993506436117057092e+03
2.993557640516742140e+03
2.993745466530184785e+03
2.994110622282655640e+03
2.994170468118217286e+03
2.994335372360380916e+03
2.994343119537546499e+03
2.994353351028688394e+03
2.994357758749234563e+03
2.995070161954098694e+03
2.995457520828742872e+03
2.996200847573863939e+03
2.996526298189044155e+03
2.996835339289516924e+03
2.997032653826059686e+03
2.997099691138094386e+03
2.997203747119729996e+03
2.997398370469266411e+03
2.997588824171592933e+03
2.997774538646328892e+03
2.997976504626889437e+03
2.998445788189785162e+03
2.998670670147206238e+03
2.998689332849664879e+03
2.998847302049633527e+03
2.999154706170885220e+03
2.999171369971080821e+03
2.999288489220647079e+03
2.999324816703060151e+03
2.999667783609987055e+03
2.999867310975131659e+03
3.000068111465476704e+03
3.000179381650438700e+03
3.000283024580289293e+03
3.000428502923753058e+03
3.001149087150096875e+03
3.001175512485327999e+03
3.001256233088387489e+03
3.001759418366148566e+03
3.001814112955193650e+03
3.001855146792268897e+03
3.001939307336913316e+03
3.002094678564104470e+03
3.002127543832311403e+03
3.002205913366327877e+03
3.002207348887624448e+03
3.002238942125165977e+03
3.002548673582162792e+03
3.002585700777533930e+03
3.002726110485365098e+03
3.002729454384232668e+03
3.002948265770936359e+03
3.002973208647345928e+03
3.002990770420355602e+03
3.003014094316449700e+03
3.003153967362496132e+03
3.003214589308607628e+03
3.003600908181804698e+03
3.003968643871588029e+03
3.003984361037574217e+03
3.004158640773858224e+03
3.004204355257817042e+03
3.004258990341516892e+03
3.004808446936536711e+03
3.004837393911664549e+03
3.005001465179890147e+03
3.005073839976482304e+03
3.005090738794639947e+03
3.005249464196216650e+03
3.005408702687673667e+03
3.005424327661705775e+03
3.005895444824054266e+03
3.005991879773408527e+03
3.006041354684787166e+03
3.006302747095908217e+03
3.006311070738140643e+03
3.006344947004824917e+03
3.006554013595860397e+03
3.006594544442886672e+03
3.006619844604687387e+03
3.006769353511604095e+03
3.007183879581144993e+03
3.007201513453466760e+03
3.007393321390896745e+03
3.007445163433544622e+03
3.007559728446321060e+03
3.007604581279181730e+03
3.007751691666003353e+03
3.007982509823305463e+03
3.008131995700869993e+03
3.008352315378775984e+03
3.008436451883377231e+03
3.008789832931025558e+03
3.009106141659901368e+03
3.009741231507524390e+03
3.009745979007049300e+03
3.010027071730651187e+03
3.010313057505517463e+03
3.010329392571994504e+03
3.010547775081358395e+03
3.010677069241942718e+03
3.010902224494872826e+03
3.010938315247685750e+03
3.011013883044920021e+03
3.011258597259541148e+03
3.011269868863194006e+03
3.011520263197903205e+03
3.011687353904539123e+03
3.011701926228845423e+03
3.011779515494597945e+03
3.011808563945918650e+03
3.011825275536109075e+03
3.011939138200695652e+03
3.011943431833726208e+03
3.011976759769125238e+03
3.011984391985828097e+03
3.012085655633399710e+03
3.012100155641535821e+03
3.012324709486666507e+03
3.012449197652972089e+03
3.012930032684497291e+03
3.013219758471114346e+03
3.013376427820243407e+03
3.013458167288315053e+03
3.013545409323687636e+03
3.013675547384600577e+03
3.014159010509213658e+03
3.014334409404421422e+03
3.014508813314634153e+03
3.014608454519978750e+03
3.014629895643942291e+03
3.014701393491382078e+03
3.014744517103553335e+03
3.014766274362228614e+03
3.014788347829324721e+03
3.014792696132947185e+03
3.014881772504844776e+03
3.014958043919749343e+03
3.015052605095992021e+03
3.015096879880399229e+03
3.015345061686119152e+03
3.015349651933642690e+03
3.015367288921293948e+03
3.015379037752799377e+03
3.015497207134392283e+03
3.015607126508833971e+03
3.015683730980627843e+03
3.015699857190199054e+03
3.015812936956031535e+03
3.015823185648665003e+03
3.015847768172580800e+03
3.015848005909416770e+03
3.015880780670645436e+03
3.016090437456249219e+03
3.016149157472537809e+03
3.016352783224115683e+03
3.016369622484809497e+03
3.016383090964040548e+03
3.016419812077495862e+03
3.016423494677878352e+03
3.016489892051946754e+03
3.016530460547649454e+03
3.016607945081522757e+03
3.016722256076232497e+03
3.016777905038467907e+03
3.016864171637963409e+03
3.016867288455291600e+03
3.016987667213267287e+03
3.017100716265580104e+03
3.017217553106482228e+03
3.017471349246082355e+03
3.017537396171062937e+03
3.017876129205943016e+03
3.017885197603397501e+03
3.017928682253515490e+03
3.018068083470089277e+03
3.018271662970554644e+03
3.018583955573696585e+03
3.018612425086966141e+03
3.018729398183334069e+03
3.018872242805407041e+03
3.018976022669603935e+03
3.019080430913339114e+03
3.019138366876079544e+03
3.019228413310852829e+03
3.019469783861522956e+03
3.019583027269939066e+03
3.019687826453345224e+03
3.019816592346648122e+03
3.019997948946991983e+03
3.020185383876454580e+03
3.020281424841714852e+03
3.020411194227500800e+03
3.020455985929638700e+03
3.020532212772787716e+03
3.020626171926746338e+03
3.020711081073412515e+03
3.021020608716356946e+03
3.021160691277887054e+03
3.021165019112968366e+03
3.021208982455309979e+03
3.021346703663372864e+03
3.021663955600556164e+03
3.021756695086344280e+03
3.021799676274346893e+03
3.021820484333600689e+03
3.021820878533158975e+03
3.021869535561496377e+03
3.021925527307845186e+03
3.022009220237880982e+03
3.022222472163134171e+03
3.022468752600595053e+03
3.022583614995502103e+03
3.022623652797836257e+03
3.022658125807766282e+03
3.023027418566621236e+03
3.023090754902405024e+03
3.023156259067940482e+03
3.023245087966644860e+03
3.023356955882630700e+03
3.023363696727387378e+03
3.023552960536082992e+03
3.023588013296927329e+03
3.023784085389357642e+03
3.023914521956185581e+03
3.024019020758689749e+03
3.024031717982880764e+03
3.024056027043634003e+03
3.024174243685954025e+03
3.024184621550880365e+03
3.024434163867347706e+03
3.024442169313882459e+03
3.024472477683409579e+03
3.024581531711443859e+03
3.024771647410583228e+03
3.024966919862421491e+03
3.024977297415189696e+03
3.025263903353129535e+03
3.025429846327900123e+03
3.025489886966840004e+03
3.025620745287262253e+03
3.025620909048816429e+03
3.025834833151912335e+03
3.025839641719104293e+03
3.025840731464711098e+03
3.025937252136045572e+03
3.025985928256407988e+03
3.026011970278691933e+03
3.026090106076780103e+03
3.026225042361324995e+03
3.026233950539965463e+03
3.026336471117448127e+03
3.026440329293007380e+03
3.026442673017237666e+03
3.026519090144027359e+03
3.026573501890993157e+03
3.026631980086869589e+03
3.026801970687560242e+03
3.026841936843115946e+03
3.026895669370703672e+03
3.026910275704453852e+03
3.026927850168046916e+03
3.027125693337498433e+03
3.027216264824349309e+03
3.027397720300067249e+03
3.027405972817066868e+03
3.027426597545141249e+03
3.027734855111119941e+03
3.027905222778802454e+03
3.028067822073700881e+03
3.028454757975946904e+03
3.029008367936270133e+03
3.029089701289627556e+03
3.029210068137366306e+03
3.029213018732401451e+03
3.029283011432697549e+03
3.029402305434222399e+03
3.029527256730410500e+03
3.029564055423882564e+03
3.029743833683286994e+03
3.029771299475904470e+03
3.029848400661889173e+03
3.029873914062008680e+03
3.030046499252030117e+03
3.030349685883930761e+03
3.030554179542714792e+03
3.030563629241867147e+03
3.030699653860218859e+03
3.031042519093975443e+03
3.031293926205564730e+03
3.031398132103944135e+03
3.031620413218938666e+03
3.031695103634679072e+03
3.031738956081839660e+03
3.031741507456954423e+03
3.031848106064240255e+03
3.031864148276536980e+03
3.031987085680979362e+03
3.032013545730706483e+03
3.032040211200709109e+03
3.032046297889197376e+03
3.032108740263311574e+03
3.032235165788672475e+03
3.032520111814986649e+03
3.032604761812407560e+03
3.032704084692278684e+03
3.032844709820697972e+03
3.032958934122234950e+03
3.033181079661948388e+03
3.033719108152803983e+03
3.033750939157989706e+03
3.033777139958758198e+03
3.033852163355065386e+03
3.033969366977737536e+03
3.033973035491946121e+03
3.034093811609016029e+03
3.034189766135772516e+03
3.034422587501457656e+03
3.034899518139978227e+03
3.035024370830638873e+03
3.035119323894558875e+03
3.035250552063711893e+03
3.035391745088418247e+03
3.035742201598814518e+03
3.035763132852172021e+03
3.035814303401459256e+03
3.035985882519290953e+03
3.036109072862995617e+03
3.036113444851660006e+03
3.036144546731540231e+03
3.036390899401660135e+03
3.036411577364585810e+03
3.036749358589796884e+03
3.036974237439765602e+03
3.036985133789683914e+03
3.036995547322587754e+03
3.037034959743106356e+03
3.037153808011745241e+03
3.037303752429261294e+03
3.037575369328862507e+03
3.037693047723694235e+03
3.037833042503587421e+03
3.037834596712623352e+03
3.037841297404845591e+03
3.037991137655512375e+03
3.038040539738028201e+03
3.038061848418928093e+03
3.038083324126491789e+03
3.038133147260107307e+03
3.038504977984408470e+03
3.038670775522049553e+03
3.038719537448718711e+03
3.038721374079264478e+03
3.038814185090010142e+03
3.038957104025364515e+03
3.039095396427387186e+03
3.039096129951700732e+03
3.039105939012979434e+03
3.039190314467207827e+03
3.039215197076927325e+03
3.039386391601447485e+03
3.039506071030862131e+03
3.039512860561906564e+03
3.039653897326161314e+03
3.039680614529544528e+03
3.039741196902577940e+03
3.039902939672198499e+03
3.039954637700257081e+03
3.039985277424651940e+03
3.040024900656962018e+03
3.040108696319830869e+03
3.040133443498190445e+03
3.040330028210864839e+03
3.040493545821492717e+03
3.040565194113856251e+03
3.040687984802194023e+03
3.040698440148113150e+03
3.040723755929970139e+03
3.040816870329492758e+03
3.041190009814671157e+03
3.041437587942074060e+03
3.041511478416166938e+03
3.041519275790437405e+03
3.041776221235411413e+03
3.041835070861548047e+03
3.041996213016529055e+03
3.042359719061155374e+03
3.042415066264902180e+03
3.042654412916205274e+03
3.042766966509934718e+03
3.042835691000365387e+03
3.042844291341860298e+03
3.042918585817020812e+03
3.043040837105405899e+03
3.043160389902998759e+03
3.043162846616934075e+03
3.043272006335430888e+03
3.043293613106244266e+03
3.043330945246523243e+03
3.043598007726151081e+03
3.043654644836207808e+03
3.043688594011627174e+03
3.043806305789088583e+03
3.043828969662396048e+03
3.043982490108001002e+03
3.043984367147952526e+03
3.044008534204554508e+03
3.044148975328483630e+03
3.044387500232821822e+03
3.044552034493104202e+03
3.044814490867929635e+03
3.044972775974141769e+03
3.045379285338802674e+03
3.045423133180825516e+03
3.045433656580607021e+03
3.045522873885915942e+03
3.045594054742215576e+03
3.045943350025186646e+03
3.046023864716726621e+03
3.046135111653964941e+03
3.046356248997155490e+03
3.046435810453833710e+03
3.046452418394236702e+03
3.046707779326779928e+03
3.046731978174051164e+03
3.046755460965433031e+03
3.046908642493462594e+03
3.046983844467794825e+03
3.047028128595491580e+03
3.047070787243836094e+03
3.047161165067086131e+03
3.047621029012292638e+03
3.047899904810145017e+03
3.047924838070183341e+03
3.047963929009932599e+03
3.048258088045529348e+03
3.048295329506212511e+03
3.048434305809876150e+03
3.048437350219272048e+03
3.048508365982196210e+03
3.048753319589236980e+03
3.049006334922946735e+03
3.049010027519525920e+03
3.049084861241482940e+03
3.049118687363751178e+03
3.049219076479600517e+03
3.049281134836778620e+03
3.049286052981722605e+03
3.049369817528800468e+03
3.049419268824318351e+03
3.049649932399096542e+03
3.049855499882924960e+03
3.049868808615497528e+03
3.049876599104910383e+03
3.049951064114854489e+03
3.049961554049180904e+03
3.050036200555102369e+03
3.050054573461673499e+03
3.050269961791351761e+03
3.050344378693808721e+03
3.050406015657803437e+03
3.050435429279317759e+03
3.050470973732547463e+03
3.050483576552313934e+03
3.050624831519468898e+03
3.050643001735369126e+03
3.050657539011118388e+03
3.050657786810110792e+03
3.050748568152725966e+03
3.050966121965717321e+03
3.051138753474492660e+03
3.051244111891863213e+03
3.051325790057148424e+03
3.051503458512965153e+03
3.051548838107297343e+03
3.051715908631550064e+03
3.052189111771001535e+03
3.052193219856540964e+03
3.052322780133449669e+03
3.052349545919386401e+03
3.052434385462480350e+03
3.052435496365009840e+03
3.052767085025598590e+03
3.053124676619187085e+03
3.053146056966787455e+03
3.053499453728464687e+03
3.053555936781779565e+03
3.053709491232475102e+03
3.053728481798454595e+03
3.053749175487045250e+03
3.054047594319785730e+03
3.054197262393391156e+03
3.054235545168713998e+03
3.054267570413669546e+03
3.054529079328358421e+03
3.054545295851201445e+03
3.054844016561767603e+03
3.055143866844544391e+03
3.055213431615064110e+03
3.055230397008287127e+03
3.055274595471802058e+03
3.055290419085029498e+03
3.055337715317964921e+03
3.055451519384107542e+03
3.055583055100062211e+03
3.055733086409612497e+03
3.055925941456192504e+03
3.055977029061950361e+03
3.056072188935035228e+03
3.056137281123150387e+03
3.056204037398036689e+03
3.056469659930713533e+03
3.056490757475131886e+03
3.056549955838668211e+03
3.056758737717106669e+03
3.056962598728775902e+03
3.056980423098305891e+03
3.057038629895611848e+03
3.057114535889110357e+03
3.057318641803907667e+03
3.057372638722836200e+03
3.057604825422010890e+03
3.057607010740903206e+03
3.057677375540427420e+03
3.057694731835304992e+03
3.057747945190747942e+03
3.057802918946010323e+03
3.058001770083615611e+03
3.058452147496609086e+03
3.058482830691048093e+03
3.058487481449589268e+03
3.058637400110520048e+03
3.058713792029894648e+03
3.058794055410528472e+03
3.058888290693319959e+03
3.058946090086863478e+03
3.059006459193846695e+03
3.059154894590420099e+03
3.059266771703543327e+03
3.059307090934346434e+03
3.059458915926500595e+03
3.059589484158560936e+03
3.059593373069221798e+03
3.059728025980777602e+03
3.059747069279120296e+03
3.059765905751122773e+03
3.059900921412193838e+03
3.060273401905656556e+03
3.060352569686663628e+03
3.060538484475737278e+03
3.060688184747461037e+03
3.061053332499565840e+03
3.061060462166069101e+03
3.061198381082816013e+03
3.061219316563980101e+03
3.061226298346728072e+03
3.061272631910528617e+03
3.061276940380918859e+03
3.061440722716862638e+03
3.061493769847773365e+03
3.061738313096826460e+03
3.061764596453496324e+03
3.061794010763088409e+03
3.061796455256541776e+03
3.062045367940018878e+03
3.062253448615463640e+03
3.062494617002555515e+03
3.062729209376884228e+03
3.062791822750262781e+03
3.062804519815229469e+03
3.062907083229060390e+03
3.063032157873705728e+03
3.063035332782064415e+03
3.063228929828972014e+03
3.063290967185985210e+03
3.063429377399673285e+03
3.063452024784530295e+03
3.063514311644391455e+03
3.063523758615725910e+03
3.063539444964450922e+03
3.063624371243213318e+03
3.064062856347102297e+03
3.064198403609494108e+03
3.064638872182718842e+03
3.064809432117921460e+03
3.064899833289247908e+03
3.065235879665170614e+03
3.065276381979493181e+03
3.065309939657169707e+03
3.065334240530270563e+03
3.065631512523264064e+03
3.065890478578370676e+03
3.066141144299811003e+03
3.066146291824424679e+03
3.066195317886524663e+03
3.066533847580064048e+03
3.067080764497101427e+03
3.067314893939938429e+03
3.067397219292529826e+03
3.067548307264779396e+03
3.067699374915616318e+03
3.067736865645188573e+03
3.068031787595893547e+03
3.068093561841456449e+03
3.068178316067898777e+03
3.068244481108061791e+03
3.068499375710583081e+03
3.069220377062116313e+03
3.069324255862348764e+03
3.069623573359849615e+03
3.069667407270403146e+03
3.069686896228935893e+03
3.069818504674665746e+03
3.069857567062828366e+03
3.069863743845544377e+03
3.069870551594844528e+03
3.069905689319050452e+03
3.069956266326485093e+03
3.070070208320583333e+03
3.070107134647609200e+03
3.070297519695157916e+03
3.070426326517491361e+03
3.070509389643575560e+03
3.070614978569507457e+03
3.070704760372765577e+03
3.070942473671608241e+03
3.070982934812252097e+03
3.071016142756149748e+03
3.071077198169016810e+03
3.071244991550815030e+03
3.071437452976199438e+03
3.071486901165927520e+03
3.071501163188399005e+03
3.071625531325807060e+03
3.071653548121082167e+03
3.071699304063465206e+03
3.071719915222508916e+03
3.071810950902613968e+03
3.071945985661976920e+03
3.072045478806604478e+03
3.072073505539291091e+03
3.072201154427145866e+03
3.072241144821951821e+03
3.072349564292328523e+03
3.072480382930728865e+03
3.072497676245755429e+03
3.072706108541028698e+03
3.072937359126800402e+03
3.072953994079267886e+03
3.073032785029623028e+03
3.073040113220028161e+03
3.073084437594658084e+03
3.073198590705741481e+03
3.073396516381414131e+03
3.073636338761679326e+03
3.073745576106772205e+03
3.073754232748020058e+03
3.073904474172690698e+03
3.073996934053433506e+03
3.074057108278720079e+03
3.074088350097567854e+03
3.074238894369943864e+03
3.074289492921431702e+03
3.074343732872071996e+03
3.074486243889253728e+03
3.074561946278227879e+03
3.074581465383992054e+03
3.074637536621753043e+03
3.074693069748409471e+03
3.074923253768806717e+03
3.074991867260649087e+03
3.075107618871256818e+03
3.075357601381340373e+03
3.075599466493221371e+03
3.075651863248659083e+03
3.075694420840545718e+03
3.075696823279123691e+03
3.075851220207086953e+03
3.075959672103842877e+03
3.075960349010993014e+03
3.076399129766988608e+03
3.076699866999544156e+03
3.076857454331806366e+03
3.076994162155828690e+03
3.077118807656762783e+03
3.077145705332728539e+03
3.077243764947740601e+03
3.077289599629058557e+03
3.077432292952024454e+03
3.077468043977994967e+03
3.077490128738277690e+03
3.077567179092073729e+03
3.077637722509356990e+03
3.077671282437941954e+03
3.078014412075729979e+03
3.078254773788626608e+03
3.078348729753257885e+03
3.078399905365615268e+03
3.078682296544495330e+03
3.078722512946790630e+03
3.078808643100580412e+03
3.079065443849033272e+03
3.079514186222785156e+03
3.079551222355006757e+03
3.079568556750802600e+03
3.079705669459879118e+03
3.079830410561192366e+03
3.080038364830149476e+03
3.080300531158289232e+03
3.080399180065313431e+03
3.080414156213591468e+03
3.080442968883576214e+03
3.080486160128331903e+03
3.080579679874379053e+03
3.080639284509059507e+03
3.080658463493702129e+03
3.080748471297488777e+03
3.080831833891096721e+03
3.080889002630154664e+03
3.080922739762130277e+03
3.081167776946397225e+03
3.081205081290519502e+03
3.081515279669453776e+03
3.081694619154324755e+03
3.082042354612493909e+03
3.082099915476437218e+03
3.082196429840991641e+03
3.082263866737243916e+03
3.082399760936371422e+03
3.082529664467737348e+03
3.082670032892753625e+03
3.083026239585392432e+03
3.083120774914019876e+03
3.083256841470717973e+03
3.083367337796326865e+03
3.083608294778557593e+03
3.083702487104339070e+03
3.083739141232280872e+03
3.083930079266112443e+03
3.084100425765423552e+03
3.084136519428016527e+03
3.084180243971374694e+03
3.084385369065910254e+03
3.084443190735275948e+03
3.084547500988641787e+03
3.084575506679175305e+03
3.084765080255591783e+03
3.084829637118029495e+03
3.084985321047773141e+03
3.085255288713518439e+03
3.085402421653939200e+03
3.085555978803014114e+03
3.085561740804124383e+03
3.085621220539026581e+03
3.085687796568673093e+03
3.085840512737494464e+03
3.085883958633582097e+03
3.086053993694159999e+03
3.086166362761545315e+03
3.086177308463120426e+03
3.086220760153644733e+03
3.086253359815127624e+03
3.086455357787858702e+03
3.086690557476317736e+03
3.086745100336245287e+03
3.086918395121464528e+03
3.087263056269474873e+03
3.087358936498987077e+03
3.087408321851323308e+03
3.087573352049342247e+03
3.087674687021816226e+03
3.087796529300222574e+03
3.088175028151480092e+03
3.088410410965658230e+03
3.088445171504029986e+03
3.088853029667699502e+03
3.088897740569940197e+03
3.088983744647127878e+03
3.089164234153528923e+03
3.089295083270484156e+03
3.089357819517063490e+03
3.089393170648753312e+03
3.089419860351001262e+03
3.089481736270236979e+03
3.089677845029500077e+03
3.089826937440931943e+03
3.089969277898360815e+03
3.089978819241920064e+03
3.090020124871632106e+03
3.090289895889486615e+03
3.090352676099207656e+03
3.090476060962065276e+03
3.090498672489344699e+03
3.090739895238441022e+03
3.090830282285227440e+03
3.090832538481590291e+03
3.090919728352530456e+03
3.090965935153275041e+03
3.091015663088739984e+03
3.091120513867530008e+03
3.091228390791385209e+03
3.091292277546259356e+03
3.091347127306209131e+03
3.091470937315519222e+03
3.091529906045857842e+03
3.091924634805311143e+03
3.092126323008074451e+03
3.092303726843384538e+03
3.092345745007835831e+03
3.092505636502859488e+03
3.092675316853129971e+03
3.092810568624003736e+03
3.092838772933854671e+03
3.092840864726580094e+03
3.092907513331556856e+03
3.093070585123411547e+03
3.093092544631364035e+03
3.093111266732435979e+03
3.093453689704195767e+03
3.093495874996394832e+03
3.093619213395606039e+03
3.093656920970738611e+03
3.093779407472490220e+03
3.093850259257265861e+03
3.093875864408646976e+03
3.094110937427146837e+03
3.094248619151091589e+03
3.094376290024219998e+03
3.094609122979835320e+03
3.094659954198940795e+03
3.094689964610145580e+03
3.094700544349219854e+03
3.094780746715690839e+03
3.094830393464091230e+03
3.094937139262324763e+03
3.095071241316187297e+03
3.095082786530184421e+03
3.095411883508355913e+03
3.095645196861901240e+03
3.095767589335856428e+03
3.095916254801956256e+03
3.096004833926217543e+03
3.096089622749022965e+03
3.096120385842064479e+03
3.096170275804949597e+03
3.096185971965067893e+03
3.096220074693471361e+03
3.096256362824953158e+03
3.096299113692269202e+03
3.096620260558719110e+03
3.096842938034355029e+03
3.096943565183825285e+03
3.097057384121111227e+03
3.097851076238476253e+03
3.097866152094279641e+03
3.098021667170590263e+03
3.098351459655010331e+03
3.098352851365745664e+03
3.098365198205477554e+03
3.098476526783201280e+03
3.098646785354582789e+03
3.098722133838218269e+03
3.098813780790622786e+03
3.098859124132199213e+03
3.099046785094681127e+03
3.099274429734058685e+03
3.099485054732350363e+03
3.099600210635303938e+03
3.099651756618519812e+03
3.099728007652309316e+03
3.099818842953113744e+03
3.099989957961157415e+03
3.100132979120939126e+03
3.100213664525987951e+03
3.100231395625969071e+03
3.100257814251932814e+03
3.100332758135431050e+03
3.100436712567203813e+03
3.100463487041095505e+03
3.100611481865238602e+03
3.100622044048904172e+03
3.100744909392460158e+03
3.100897018281099918e+03
3.101163747121885535e+03
3.101199182653729622e+03
3.101207723507183800e+03
3.101243113713891489e+03
3.101399634308546865e+03
3.101510359777564645e+03
3.101552063827642087e+03
3.101619886732329633e+03
3.101647044726842068e+03
3.101772198352151008e+03
3.102001315817967679e+03
3.102288592092896579e+03
3.102373334927316137e+03
3.102471116109470586e+03
3.102492333807180330e+03
3.102554712575177291e+03
3.102620830397266673e+03
3.102639780033568513e+03
3.102667657433671593e+03
3.102718536988757933e+03
3.102777324843339557e+03
3.102878898827758803e+03
3.102908013777007454e+03
3.102982646719334298e+03
3.103227485354832424e+03
3.103378978718091730e+03
3.103505051977369931e+03
3.103644256117033819e+03
3.103673875761243835e+03
3.103688111110847785e+03
3.104015628370773356e+03
3.104087685113275711e+03
3.104100700623660032e+03
3.104186542291709429e+03
3.104346704229913939e+03
3.104415586643196093e+03
3.104649572237588927e+03
3.104884319642316768e+03
3.104981356071214122e+03
3.105002060541953597e+03
3.105055957299588499e+03
3.105212936397625072e+03
3.105494961702571800e+03
3.105512945387642503e+03
3.105669292521223724e+03
3.105698116275762004e+03
3.105744314083005520e+03
3.105758772390155173e+03
3.105930866681516818e+03
3.106041957618216202e+03
3.106219368706528257e+03
3.106364462648582048e+03
3.106439186896916453e+03
3.106449556662948908e+03
3.106504579840874158e+03
3.106585192271076721e+03
3.106631801209218338e+03
3.106658939145602289e+03
3.106787332041192258e+03
3.106820189735743497e+03
3.106858183038413699e+03
3.106967676353066508e+03
3.107031147104775300e+03
3.107094728840599146e+03
3.107157700197913528e+03
3.107343374800677793e+03
3.107441914958743382e+03
3.107622753162866502e+03
3.107827148049244897e+03
3.107902668366920352e+03
3.108017970579217945e+03
3.108364817692743600e+03
3.108462056328886774e+03
3.108499824958512818e+03
3.108530493576769913e+03
3.108688047000061488e+03
3.108750595359454110e+03
3.108894852121161421e+03
3.108976605502743041e+03
3.109021179599827974e+03
3.109369928255959167e+03
3.109610052465195622e+03
3.109808479723954406e+03
3.109885915861956619e+03
3.109965356213767791e+03
3.110003663910894375e+03
3.110016572578139858e+03
3.110039496193880495e+03
3.110202154583183983e+03
3.110475032218540036e+03
3.110617546641253739e+03
3.110740858142761226e+03
3.111069655705372952e+03
3.111147431117854467e+03
3.111292113777650684e+03
3.111381276151618295e+03
3.111551035369926012e+03
3.111613070343662002e+03
3.111624676488868772e+03
3.111692129571914393e+03
3.111797138968244326e+03
3.112005948309549694e+03
3.112447477304999211e+03
3.112596403731904047e+03
3.112746365702382263e+03
3.112791366578741872e+03
3.112857140630886533e+03
3.112877798799126595e+03
3.113002932128838893e+03
3.113060064104156481e+03
3.113095850186052303e+03
3.113116179300509430e+03
3.113160534737291528e+03
3.113204543169093540e+03
3.113208953038995332e+03
3.113494682149577784e+03
3.113611006674347664e+03
3.113686772943752203e+03
3.113921221446494656e+03
3.114285553507042550e+03
3.114484949732740461e+03
3.114637048337991928e+03
3.114641842449770593e+03
3.114708999318488168e+03
3.114835230120912001e+03
3.114850018430530781e+03
3.114964609784175536e+03
3.115019142317477872e+03
3.115082712106547660e+03
3.115205722189487460e+03
3.115354744111879882e+03
3.115517416715688341e+03
3.115665750447500614e+03
3.115815280695550882e+03
3.115886311543663396e+03
3.115938769298380521e+03
3.116012117113193199e+03
3.116042172615564141e+03
3.116166942363061935e+03
3.116391826319365919e+03
3.116762585587031481e+03
3.116816933900061940e+03
3.116830404023301980e+03
3.117071564875198419e+03
3.117275228052348666e+03
3.117543268385151350e+03
3.117665338030062230e+03
3.117936539462123619e+03
3.117944138848204602e+03
3.117996201115556687e+03
3.118066600831894448e+03
3.118090656083232716e+03
3.118126542469622109e+03
3.118257148379972477e+03
3.118343817251657129e+03
3.118516001357038931e+03
3.118800289915684516e+03
3.118816343230640086e+03
3.118893787649466049e+03
3.119338032278729315e+03
3.119799774059766605e+03
3.119994905488070344e+03
3.120093850851898424e+03
3.120098960523227561e+03
3.120106988051948974e+03
3.120291098006505308e+03
3.120562881371021831e+03
3.120678124105062579e+03
3.120757906647042546e+03
3.120821845424049116e+03
3.121044290708099652e+03
3.121055997732063588e+03
3.121490576212856467e+03
3.121559142772598989e+03
3.121597608194086206e+03
3.121626847541746429e+03
3.121641502899125499e+03
3.121693577834171265e+03
3.121714327254284399e+03
3.121899669289130543e+03
3.121909921583238429e+03
3.121924960972205554e+03
3.121938815385621638e+03
3.122032124571601344e+03
3.122209657263849749e+03
3.122222364406405632e+03
3.122333410321848987e+03
3.122368271034057216e+03
3.122609868681280204e+03
3.122754776237546594e+03
3.122901860787755595e+03
3.123091116561798572e+03
3.123149614109213871e+03
3.123179609171480024e+03
3.123204789903084929e+03
3.123219463047303634e+03
3.123236642999883315e+03
3.123244918670228344e+03
3.123282765705032944e+03
3.123334025098454731e+03
3.123338183477813800e+03
3.123343300943995928e+03
3.123605321685497074e+03
3.124054959086987765e+03
3.124099657074962124e+03
3.124242320464699787e+03
3.124532153056479729e+03
3.124543696197823920e+03
3.124632900177626652e+03
3.124688334608746572e+03
3.124745570405523267e+03
3.124848283921847269e+03
3.125149283692710469e+03
3.125214882540141843e+03
3.125218434698744204e+03
3.125312570091892667e+03
3.125390552404166101e+03
3.125395225652074259e+03
3.125516860013500263e+03
3.125608542998305438e+03
3.125677087437875798e+03
3.125679893395183626e+03
3.125690932133857132e+03
3.125729841875125658e+03
3.125800404125786372e+03
3.126003301288698822e+03
3.126074880542262690e+03
3.126220968770584932e+03
3.126390264490009486e+03
3.126513785257774998e+03
3.126657670164203410e+03
3.126805985897227856e+03
3.126883063122467320e+03
3.127131035979276930e+03
3.127311607816090600e+03
3.127438254399423386e+03
3.127651697781552684e+03
3.127949924172558440e+03
3.128068418346990711e+03
3.128131513608102978e+03
3.128239958450006725e+03
3.128262556607913666e+03
3.128300725747250908e+03
3.128505540170654058e+03
3.128744847587496679e+03
3.128902009006544176e+03
3.128949377253900821e+03
3.129042819629047699e+03
3.129102952106721659e+03
3.129103959711660082e+03
3.129160746273911172e+03
3.129542128532333209e+03
3.129620185519985171e+03
3.129634871040578673e+03
3.129831445302545490e+03
3.129851976317151639e+03
3.130108299396114035e+03
3.130359288991348421e+03
3.130504378302066925e+03
3.130578683896966140e+03
3.130618897019925498e+03
3.130821144065793760e+03
3.130873807907147238e+03
3.131315047480062276e+03
3.131329516496438373e+03
3.131334443189885860e+03
3.131369966142873636e+03
3.131413222771614983e+03
3.131739198241455142e+03
3.131868882531869531e+03
3.131956691914150269e+03
3.132180934217752565e+03
3.132199465027288170e+03
3.132550111440586534e+03
3.132556112427319022e+03
3.132619863935422472e+03
3.132773203779844607e+03
3.132796454478129817e+03
3.132808110590230626e+03
3.132938203596874246e+03
3.133031730850813346e+03
3.133255022063509841e+03
3.133372050320828748e+03
3.133413833057500597e+03
3.133455729848262308e+03
3.133655344347948358e+03
3.133747664948105012e+03
3.133765985957942576e+03
3.133897907995968581e+03
3.134017940610792266e+03
3.134062258560131795e+03
3.134190826875780203e+03
3.134391496914657182e+03
3.134425646184923153e+03
3.134711328110988688e+03
3.134723554240462818e+03
3.134875005876078831e+03
3.134941197211328472e+03
3.134983102280657931e+03
3.135105115734237643e+03
3.135339020939352395e+03
3.135664530030515380e+03
3.135847441585297929e+03
3.135865008124653286e+03
3.136024869187280274e+03
3.136187649914357735e+03
3.136487063918320928e+03
3.136618471574382056e+03
3.136639671601908503e+03
3.136670034597032554e+03
3.136694864831963059e+03
3.137066421521180018e+03
3.137329383811240405e+03
3.137370088538121308e+03
3.137408584975160466e+03
3.137461441575664594e+03
3.137509043827891674e+03
3.137555568656104697e+03
3.137791106463922006e+03
3.137803096678187103e+03
3.137803803051846899e+03
3.137868893251656573e+03
3.137884425519877823e+03
3.137889826306938176e+03
3.137982585388188909e+03
3.138098715192829331e+03
3.138106611940448147e+03
3.138201837496497774e+03
3.138213651404482789e+03
3.138220080072502242e+03
3.138269501461974414e+03
3.139142947402312984e+03
3.139180879036467104e+03
3.139195625232114253e+03
3.139510900266272984e+03
3.139583259382777214e+03
3.139717673300249317e+03
3.139912378351364623e+03
3.140004946749259034e+03
3.140178298802250538e+03
3.140316184791345222e+03
3.140567098377340244e+03
3.140707481915364951e+03
3.140712224255446017e+03
3.140822052596777212e+03
3.140941296434604283e+03
3.141210299847318311e+03
3.141487909558578394e+03
3.141494847225178546e+03
3.141521951255531803e+03
3.141570753169356976e+03
3.142030697812506332e+03
3.142247383763723974e+03
3.142292599460528891e+03
3.142330474244152356e+03
3.142335953953357148e+03
3.142360068786732427e+03
3.142430701813095311e+03
3.142526961860030497e+03
3.142530102207515938e+03
3.142532509479550754e+03
3.142642714569819873e+03
3.143051663319937234e+03
3.143095017785296022e+03
3.143132945308178023e+03
3.143360206473940707e+03
3.144055054578566342e+03
3.144167982250880414e+03
3.144383385365771119e+03
3.144570050132993401e+03
3.144605201933079570e+03
3.144747918158298944e+03
3.144780370698456409e+03
3.144969622762630479e+03
3.144988285489897407e+03
3.145049425532040914e+03
3.145140761958194162e+03
3.145158065659293243e+03
3.145163179369277714e+03
3.145251909649022309e+03
3.145263941804292699e+03
3.145505396257212396e+03
3.145521872742808682e+03
3.145569136729606726e+03
3.145580022702786664e+03
3.145587190218514479e+03
3.145690289524002310e+03
3.145765681856883930e+03
3.145852096231465111e+03
3.145944829719726840e+03
3.146212442376373474e+03
3.146370058583790524e+03
3.146453302593244189e+03
3.146685277931535438e+03
3.146714520134784834e+03
3.146893222809609597e+03
3.146935760396472233e+03
3.147093746822948560e+03
3.147305928800672973e+03
3.147399129573639129e+03
3.147578407211738977e+03
3.147600518829624889e+03
3.147710114610374603e+03
3.147887091496757876e+03
3.147894813137426809e+03
3.147909037547640764e+03
3.148311243313727573e+03
3.148379115829127841e+03
3.148447785480163930e+03
3.148871766570244290e+03
3.148954626669181380e+03
3.149023028401795273e+03
3.149456789752193799e+03
3.149499908488271103e+03
3.149690383266237859e+03
3.150017477757326105e+03
3.150173795229249208e+03
3.150185859700179208e+03
3.150262981766879875e+03
3.150509749801927683e+03
3.150560859307351166e+03
3.150583621539552496e+03
3.150711545991628554e+03
3.150835032554004101e+03
3.150862656019675342e+03
3.150940066424495853e+03
3.150966124457590468e+03
3.151003539181846008e+03
3.151115830376987105e+03
3.151239852575531586e+03
3.151336782500806748e+03
3.151350877216450499e+03
3.151391186393230328e+03
3.151473435375041845e+03
3.151534666723202008e+03
3.151656237517046975e+03
3.151709023134412291e+03
3.151777740043918129e+03
3.151813407723550881e+03
3.151841955808393323e+03
3.152327351456570796e+03
3.152543710592407933e+03
3.152611795264880129e+03
3.152668221020964211e+03
3.152687712126614315e+03
3.152852661967260701e+03
3.152917822586453894e+03
3.153138039403932453e+03
3.153171122618551180e+03
3.153328146441719582e+03
3.153334091546850232e+03
3.153512234134410392e+03
3.153534136970843974e+03
3.153581589204578449e+03
3.153626573009599269e+03
3.153678169162878021e+03
3.153717846219632065e+03
3.153784573230960177e+03
3.153862422691580377e+03
3.154055360022531204e+03
3.154112356564591209e+03
3.154422658127034083e+03
3.154550108515976717e+03
3.154557667841464081e+03
3.154884989759302243e+03
3.155139567603191608e+03
3.155181650926293059e+03
3.155403129412829458e+03
3.155404604672556161e+03
3.155423249412103360e+03
3.155461719654756052e+03
3.155509639000596053e+03
3.155568506599719967e+03
3.155624354134412897e+03
3.155793807792691041e+03
3.155883502740902259e+03
3.156163151191457473e+03
3.156413106442122171e+03
3.156549262591556726e+03
3.156985874790074831e+03
3.157020411276602317e+03
3.157276416161320867e+03
3.157401692005686527e+03
3.157514802073615556e+03
3.157595479335216623e+03
3.157783973070437696e+03
3.157828203975462657e+03
3.158102287374460047e+03
3.158273886727605259e+03
3.158276391981649795e+03
3.158453316426905076e+03
3.158456778526906874e+03
3.158596981196782508e+03
3.158612195965215960e+03
3.158860084506737167e+03
3.159015701763714333e+03
3.159741272365169152e+03
3.159916587028413232e+03
3.159997064357881300e+03
3.160044062623434911e+03
3.160367765746892474e+03
3.160439839884357752e+03
3.160604330418496829e+03
3.160662741929339518e+03
3.160706691136808786e+03
3.161057743950785607e+03
3.161182702100411461e+03
3.161262043092103795e+03
3.161274341415454273e+03
3.161428399236333462e+03
3.161436303011943892e+03
3.161466030560542549e+03
3.161508930630306622e+03
3.161518493786087220e+03
3.161758138238194078e+03
3.161898536670945759e+03
3.162065180033585420e+03
3.162083667956226236e+03
3.162165802616677411e+03
3.162248119191462138e+03
3.162334147463653608e+03
3.162381033282503267e+03
3.162604589543917882e+03
3.162882133346798128e+03
3.163045328574904488e+03
3.163136121117523999e+03
3.163232587181840699e+03
3.163237800588930440e+03
3.163277201104575397e+03
3.163366597396402540e+03
3.163389261332140904e+03
3.163440325582829701e+03
3.163447402702029649e+03
3.163525023857966971e+03
3.163628385063514088e+03
3.163708790643907832e+03
3.163724903933830774e+03
3.163874280039255154e+03
3.163922122263639721e+03
3.163942908307612925e+03
3.164003179469193583e+03
3.164074654137937159e+03
3.164078662795643140e+03
3.164113603684673308e+03
3.164576524516406607e+03
3.164672889492021568e+03
3.164823549618289235e+03
3.164915176548993259e+03
3.164963076346863090e+03
3.165159504178867792e+03
3.165171190362409106e+03
3.165198137770969424e+03
3.165506390341938641e+03
3.165513711605990011e+03
3.165709841345170389e+03
3.165811167013662271e+03
3.165844462715504960e+03
3.166041532862955137e+03
3.166197976650939381e+03
3.166229784118747830e+03
3.166386147363343298e+03
3.166406107436509956e+03
3.166419540984706146e+03
3.166540136025956599e+03
3.166588747598454574e+03
3.166664870965686077e+03
3.166761244259687828e+03
3.167175549995523397e+03
3.167306607355635606e+03
3.167362102698021772e+03
3.167363755073365610e+03
3.167451355167132078e+03
3.167740996938890476e+03
3.167765439530537606e+03
3.167923398400102542e+03
3.168034794902804606e+03
3.168478352313658434e+03
3.168563086872453823e+03
3.168633264786968994e+03
3.168643426148275466e+03
3.168796626870822820e+03
3.168949316536186416e+03
3.169121130433619783e+03
3.169167876316620550e+03
3.169324976333924496e+03
3.169377191680039232e+03
3.169378224387096452e+03
3.169485782295741956e+03
3.169624781925761454e+03
3.169755168093974135e+03
3.169755536223201489e+03
3.169805527466346120e+03
3.170057529988228453e+03
3.170217283246821808e+03
3.170480584880630431e+03
3.170643820930161837e+03
3.170676421753415070e+03
3.170686644984555187e+03
3.170761938938828280e+03
3.170769063627434207e+03
3.170791495323660456e+03
3.170849177555572624e+03
3.171056164739941323e+03
3.171086081619417200e+03
3.171256180883628531e+03
3.171272116125643606e+03
3.171359755188874260e+03
3.171363875325454956e+03
3.171482294844883199e+03
3.171636889116661678e+03
3.171685144362600113e+03
3.171694555689022764e+03
3.171831083006083645e+03
3.171831752921132647e+03
3.172068984008013103e+03
3.172159754903128942e+03
3.172518172037644490e+03
3.172678028592024475e+03
3.172699575899225692e+03
3.172737741336693034e+03
3.172946670941959837e+03
3.172963496985341862e+03
3.173042375891476695e+03
3.173080837003451961e+03
3.173094483725304599e+03
3.173135124716372047e+03
3.173156002866992822e+03
3.173206020365900258e+03
3.173283924191140159e+03
3.173507928934961910e+03
3.173562545461059472e+03
3.173569179683806396e+03
3.173626942907999819e+03
3.173794020836538039e+03
3.173931432528743699e+03
3.173937853149886450e+03
3.173948872814317383e+03
3.174193567772890219e+03
3.174226799716697769e+03
3.174230575084326574e+03
3.174476651354926616e+03
3.174516458242042972e+03
3.174621039337267121e+03
3.174643440844422457e+03
3.174730523066488786e+03
3.174931727183969542e+03
3.174992174455261193e+03
3.175448343391737126e+03
3.175696300628639619e+03
3.175742518264573391e+03
3.175870649634228357e+03
3.175980521221368235e+03
3.175987175485098760e+03
3.176210960572673230e+03
3.176339534811505473e+03
3.176397488839149901e+03
3.176400139028888589e+03
3.176529372136035818e+03
3.177241360055374571e+03
3.177259880218534363e+03
3.177515090667719960e+03
3.177748043752921603e+03
3.178048924746555258e+03
3.178072576324289457e+03
3.178105385972619843e+03
3.178134189583035550e+03
3.178568919815820664e+03
3.178583052331216550e+03
3.178609911047061814e+03
3.178624440486032654e+03
3.178703947248458917e+03
3.178813078643293920e+03
3.178815034728284900e+03
3.178819179330178486e+03
3.178842794864969164e+03
3.178877572569810582e+03
3.178903949249032848e+03
3.178918079907738502e+03
3.178940122624062951e+03
3.179083567023951673e+03
3.179193713499213573e+03
3.179228772772025877e+03
3.179304700657037756e+03
3.179342404020454069e+03
3.179568897965327778e+03
3.179789786101916434e+03
3.179807917512649510e+03
3.179838341897615010e+03
3.180075423029874855e+03
3.180160430461924534e+03
3.180174959096140810e+03
3.180237644801885835e+03
3.180283645361315848e+03
3.180740751137179814e+03
3.180963918629851378e+03
3.180973626805208823e+03
3.181137827185835249e+03
3.181291325946443521e+03
3.181293894672096030e+03
3.181307795914431154e+03
3.181526855562161472e+03
3.181769044553845106e+03
3.182014860591001252e+03
3.182091934882279475e+03
3.182197325037919654e+03
3.182463413029934145e+03
3.182904572482733329e+03
3.182943828464435228e+03
3.183032376610870415e+03
3.183108902345446950e+03
3.183112817934507802e+03
3.183402496874317876e+03
3.183934871720772662e+03
3.184255873295703168e+03
3.184349838076557717e+03
3.184520926204409534e+03
3.184626233946250522e+03
3.184628674509877783e+03
3.184887224506243456e+03
3.184986593449582415e+03
3.185158268135090111e+03
3.185430889668508826e+03
3.185485506304115916e+03
3.185874777848126087e+03
3.186070454688336213e+03
3.186399187246712245e+03
3.186764097138684519e+03
3.186772619349834713e+03
3.186886213255014354e+03
3.186941356124347749e+03
3.186963111920402298e+03
3.187013869787971998e+03
3.187051593374201275e+03
3.187527465805958400e+03
3.187630035049978233e+03
3.187694973882435988e+03
3.187695236828182715e+03
3.187704573678405723e+03
3.187752358494712553e+03
3.187816412694240171e+03
3.188026004562699200e+03
3.188040789019453314e+03
3.188049871324520154e+03
3.188300663147642808e+03
3.188409139370861340e+03
3.188461979127913310e+03
3.188504135264833167e+03
3.188551170025070405e+03
3.188620204517997990e+03
3.188905078577760833e+03
3.189005604185648281e+03
3.189027938058498876e+03
3.189190588494924214e+03
3.189231126051786305e+03
3.189412793293012783e+03
3.189437637774906307e+03
3.189463313602848302e+03
3.189516725497975131e+03
3.189953602468731788e+03
3.190134985424186198e+03
3.190423242331208712e+03
3.190471997745949011e+03
3.190597004012496200e+03
3.190693596585783780e+03
3.190831690393085410e+03
3.191190646961407310e+03
3.191220744362766709e+03
3.191467324512183495e+03
3.191688906591985415e+03
3.191732354098412088e+03
3.191760548816987921e+03
3.191812440162832445e+03
3.192134182197975861e+03
3.192325831074647795e+03
3.192545855040430524e+03
3.192833224043978589e+03
3.192838521151892564e+03
3.192841977325851985e+03
3.193028684855199117e+03
3.193172387120329404e+03
3.193186973834283890e+03
3.193263904796885527e+03
3.193545024990271031e+03
3.193565572753399010e+03
3.193571293365999736e+03
3.193660306923156895e+03
3.193671654428228521e+03
3.193680773117523586e+03
3.193717513005316050e+03
3.193778367906911626e+03
3.193892980097214604e+03
3.193922212568426858e+03
3.194202640311927553e+03
3.194255938671049080e+03
3.194316016326183671e+03
3.194409095416564014e+03
3.194477086223346760e+03
3.194489258189640623e+03
3.194539367070070966e+03
3.194604886007209188e+03
3.194624134168505407e+03
3.194813646070986579e+03
3.194866802027088397e+03
3.195056149933695906e+03
3.195076521328098352e+03
3.195217315300139944e+03
3.195291523565563239e+03
3.195684333845533729e+03
3.195818437133167208e+03
3.196630793532198368e+03
3.196652991553833999e+03
3.196746230198217745e+03
3.196968810719895828e+03
3.197384973361377888e+03
3.197492231851818360e+03
3.197670541972457158e+03
3.198402803683417460e+03
3.198439861597095387e+03
3.198558093664501484e+03
3.198669647498878021e+03
3.198694121619215821e+03
3.198695374061874645e+03
3.198857936290399721e+03
3.198908161116944029e+03
3.198943874692562531e+03
3.198993212851200497e+03
3.199047103538613101e+03
3.199203668420280792e+03
3.199421761473253810e+03
3.199729572079610080e+03
3.199784149824139149e+03
3.199922191408475555e+03
3.199956593007910669e+03
3.200005695567753719e+03
3.200078234237604192e+03
3.200662959312205658e+03
3.200746246660455199e+03
3.200765708977460235e+03
3.200780487525250464e+03
3.200794624909050526e+03
3.201130300139075189e+03
3.201218197632780175e+03
3.201229507632910554e+03
3.201303894159872925e+03
3.201512657773218052e+03
3.201617850798520521e+03
3.201675206188258471e+03
3.202025918673429715e+03
3.202082949599008316e+03
3.202126868935226867e+03
3.202288072110007306e+03
3.202467960916246284e+03
3.202569251268611424e+03
3.202636813600927780e+03
3.202676032070231486e+03
3.202858723906961586e+03
3.202919510673001696e+03
3.202985170065751845e+03
3.203046013089014195e+03
3.203061682748273142e+03
3.203111344464603008e+03
3.203137279044769002e+03
3.203263741555132583e+03
3.203316972360395994e+03
3.203719981348691363e+03
3.203748770495868939e+03
3.203751509861398063e+03
3.204075206499112028e+03
3.204384633159730129e+03
3.204753519034859892e+03
3.204762143630146966e+03
3.204801345738827877e+03
3.204934285716914019e+03
3.204952668971945513e+03
3.205028824547181102e+03
3.205161037472709722e+03
3.205262722556546123e+03
3.205294274677603426e+03
3.205330608320792180e+03
3.205417549164301363e+03
3.205713830647404393e+03
3.205827346183045847e+03
3.206003583517238894e+03
3.206170303038205020e+03
3.206330761909720422e+03
3.207014066522835037e+03
3.207096854070218797e+03
3.207373999135797021e+03
3.207493020591995446e+03
3.207496695559962518e+03
3.207516034240406498e+03
3.207533291742594884e+03
3.207578208979977717e+03
3.207615165911923214e+03
3.207863528308995683e+03
3.207872673307430432e+03
3.207876068767436664e+03
3.208013261555655845e+03
3.208020256028712993e+03
3.208239496192871229e+03
3.208485935802914355e+03
3.208491039936442576e+03
3.208823958470111847e+03
3.209006696361959257e+03
3.209103904180278732e+03
3.209107249801289981e+03
3.209149876287105144e+03
3.209229485171157648e+03
3.209858361120771406e+03
3.210104366659970765e+03
3.210242525400522027e+03
3.210259709173164083e+03
3.210329276209281034e+03
3.210449730439549967e+03
3.210469579680882816e+03
3.210719616324179697e+03
3.210983168319735341e+03
3.210984016212675215e+03
3.211209435777497220e+03
3.211512271906077785e+03
3.211911599042998660e+03
3.211981238698265315e+03
3.212041078863151597e+03
3.212168498500626811e+03
3.212183673571700183e+03
3.212286175722160806e+03
3.212575063730347665e+03
3.212670001875474554e+03
3.212788838142230361e+03
3.212816646547315941e+03
3.212901403051357192e+03
3.212921125440306241e+03
3.213105450213699442e+03
3.213126544503723380e+03
3.213666061553147756e+03
3.213904287558522356e+03
3.214082209879041329e+03
3.214098084933646078e+03
3.214187384359431235e+03
3.214408826701986527e+03
3.214537505945066187e+03
3.214596693158740891e+03
3.214795408062517254e+03
3.215154434114027481e+03
3.215178562759726901e+03
3.215239497183573803e+03
3.215268414794560613e+03
3.215302847338050015e+03
3.215404253438100568e+03
3.215420448360258433e+03
3.215609779791838719e+03
3.215615433978660803e+03
3.215773560172749512e+03
3.215816446672446091e+03
3.215999040788233742e+03
3.216033400054483536e+03
3.216047238279282283e+03
3.216115199575933730e+03
3.216137022438826989e+03
3.216316398269361343e+03
3.216434747132871507e+03
3.216619819261135490e+03
3.216805072342346193e+03
3.216851761170063583e+03
3.216999091198189035e+03
3.217060371999326435e+03
3.217208756631876440e+03
3.217367372747645277e+03
3.217597917220763520e+03
3.217611480070457219e+03
3.217640450535048785e+03
3.217825455445155058e+03
3.218105558104240117e+03
3.218148842922041695e+03
3.218289341309906376e+03
3.218434931200849860e+03
3.218548180154231886e+03
3.218596885270980692e+03
3.218772074729270571e+03
3.218792940143162014e+03
3.219261103732847914e+03
3.219375176804212515e+03
3.219561821185950066e+03
3.219665761893666513e+03
3.219783809772119639e+03
3.219948113441039823e+03
3.220382490213160509e+03
3.220507555856946965e+03
3.220568555430478682e+03
3.220776121912184863e+03
3.220810620127819675e+03
3.220941952385721834e+03
3.221038370613059215e+03
3.221139724186991771e+03
3.221229432428136533e+03
3.221378330699640173e+03
3.221563816019089245e+03
3.221840769971618101e+03
3.221868974433380572e+03
3.221874353166522724e+03
3.222152856365495609e+03
3.222199074319987631e+03
3.222264962016595746e+03
3.222392612505228499e+03
3.222469832540049083e+03
3.222488186235566900e+03
3.222505238697546702e+03
3.222593318854195786e+03
3.222598617337851465e+03
3.222681417675686134e+03
3.222687669446084328e+03
3.222710981126934712e+03
3.222790796904507260e+03
3.223005868671003554e+03
3.223171556190645788e+03
3.223332650351266238e+03
3.223425219488976836e+03
3.223564422807250594e+03
3.223619321742462034e+03
3.223935638657134405e+03
3.224256191023951487e+03
3.224582612574549785e+03
3.224688945258119475e+03
3.224699705221486965e+03
3.224810830993486888e+03
3.224957979386480474e+03
3.225048249886380290e+03
3.225383677312130203e+03
3.225426995259390878e+03
3.225539449076080018e+03
3.225547543787004543e+03
3.225634299809092226e+03
3.226042681633944085e+03
3.226370808361721174e+03
3.226448237508699549e+03
3.226479761935514944e+03
3.226540085233558784e+03
3.226857670232034252e+03
3.226893029094087979e+03
3.226906816423090277e+03
3.226935326396673645e+03
3.226993964805719770e+03
3.227036766870719021e+03
3.227078053538104086e+03
3.227332968112547405e+03
3.227412126303364857e+03
3.227660440325385025e+03
3.227693049556209189e+03
3.227856044615083192e+03
3.227947097528516679e+03
3.228001663488629674e+03
3.228010470540952156e+03
3.228120020186244801e+03
3.228301794884866467e+03
3.228566968313245070e+03
3.228580312722929193e+03
3.228638886135097437e+03
3.228652376154493595e+03
3.228656253358224603e+03
3.228663617494253231e+03
3.228708364112151685e+03
3.229054753100463586e+03
3.229107680805096152e+03
3.229228675973663940e+03
3.229395285115462229e+03
3.229544654958379397e+03
3.229594889857615726e+03
3.229757593165422804e+03
3.229873641828113705e+03
3.229904163931395487e+03
3.229905384167217107e+03
3.229978783413615474e+03
3.230054669345332059e+03
3.230329385314301362e+03
3.230624139408753763e+03
3.230718339947917229e+03
3.230832773826467019e+03
3.230919425489063997e+03
3.230923986857126238e+03
3.231442003457882038e+03
3.231550810569032819e+03
3.231645608284751233e+03
3.231680267051251576e+03
3.231852025027951186e+03
3.232345680935937253e+03
3.232395785937905202e+03
3.232570361669716931e+03
3.232651589015699756e+03
3.232759519560835997e+03
3.232763176340908103e+03
3.233039531162589356e+03
3.233046410172084506e+03
3.233318373020337731e+03
3.233372822024561174e+03
3.233395491471281275e+03
3.233413891944959687e+03
3.234014426112013098e+03
3.234063794560689985e+03
3.234141341514046417e+03
3.234204622406358794e+03
3.234209791251488696e+03
3.234438626626412770e+03
3.234533947778617858e+03
3.234567273899067004e+03
3.234727743663836463e+03
3.234823702275416053e+03
3.234854585395997219e+03
3.234877084277271933e+03
3.234948008708370708e+03
3.234948429277108971e+03
3.235016165998751603e+03
3.235040868014780244e+03
3.235050450776372600e+03
3.235321641963839284e+03
3.235519176313929165e+03
3.236016904420062019e+03
3.236410544872506762e+03
3.236674188889759989e+03
3.237024974991431463e+03
3.237039412117832399e+03
3.237154082260094128e+03
3.237393214293800156e+03
3.237761930286400911e+03
3.237852013582058134e+03
3.238180540035555168e+03
3.238186525414677362e+03
3.238204335079788962e+03
3.238240368519681851e+03
3.238503461078541022e+03
3.238533084758017594e+03
3.238673512877276153e+03
3.238873082836916183e+03
3.238917216785912842e+03
3.238932168457043190e+03
3.239226166182499128e+03
3.239254213588945731e+03
3.239341404402321587e+03
3.239399410565767084e+03
3.239536051515357030e+03
3.239566751439179825e+03
3.239596734106990880e+03
3.239724643731586184e+03
3.239747391331434756e+03
3.239935009333734797e+03
3.240041274825622622e+03
3.240245429957924898e+03
3.240281616462429156e+03
3.240547769962654456e+03
3.240552050535841772e+03
3.240682109144243441e+03
3.240718809166089613e+03
3.240720535335397471e+03
3.240809221600806268e+03
3.240903564457896209e+03
3.240951153489819262e+03
3.240963636973227949e+03
3.241108035563190697e+03
3.241249669495165108e+03
3.241490050164505647e+03
3.241529193612340350e+03
3.241535762626399446e+03
3.241552319208113204e+03
3.242132106095853942e+03
3.242178494797874919e+03
3.242287760868892292e+03
3.242310710713217304e+03
3.242349435547986559e+03
3.242387198432705645e+03
3.242480463364883690e+03
3.242639833350345270e+03
3.242647897047505012e+03
3.242657561710069785e+03
3.242902510879766851e+03
3.242993623105041934e+03
3.243048326987910514e+03
3.243205071101277554e+03
3.243280557801783289e+03
3.243439781745504661e+03
3.243488104333456249e+03
3.243542015505266136e+03
3.243559837203114057e+03
3.243583870391365053e+03
3.243855291461027264e+03
3.243942601344517698e+03
3.244315176200724636e+03
3.244316033780628459e+03
3.244387516807775228e+03
3.244723614187836120e+03
3.244786736824562013e+03
3.244817027134296950e+03
3.244996572960486901e+03
3.245346622069857403e+03
3.245389048304746211e+03
3.245508192418565159e+03
3.245660781156141638e+03
3.245848705615815561e+03
3.245887460864293644e+03
3.245903100834137604e+03
3.246075995683466772e+03
3.246146275344082369e+03
3.246152251269632870e+03
3.246254702778938736e+03
3.246375046367911182e+03
3.246377826111853665e+03
3.246441375832857375e+03
3.246551796825870952e+03
3.246797240544128272e+03
3.246901072334080254e+03
3.247123338573690035e+03
3.247168914487399434e+03
3.247199295563993473e+03
3.247355120939978860e+03
3.247631968724588660e+03
3.247660452456124858e+03
3.247779692565005007e+03
3.247902243285056102e+03
3.247917093480166386e+03
3.247939382847654997e+03
3.248060354152008586e+03
3.248257108186145160e+03
3.248274365244210458e+03
3.248283078404745993e+03
3.248455760797035964e+03
3.248531601281697476e+03
3.248595871835486832e+03
3.248612695145402085e+03
3.248868814704915167e+03
3.248869749428510659e+03
3.248981877963733041e+03
3.249060865303728406e+03
3.249186828129537389e+03
3.249582462506415595e+03
3.249717312510572356e+03
3.249783531997839418e+03
3.250249232462532291e+03
3.250297438724819585e+03
3.250337475856828860e+03
3.250492135704888824e+03
3.250573218047659793e+03
3.250823670238584327e+03
3.250887393930738199e+03
3.250913573223119784e+03
3.250931921212837096e+03
3.250932657740961076e+03
3.251059026667977832e+03
3.251241755885632301e+03
3.251651801029581293e+03
3.251656158571220658e+03
3.251729909639883317e+03
3.251743982421225610e+03
3.252104453276552249e+03
3.252328851184830455e+03
3.252484637927344465e+03
3.252486602262832093e+03
3.252649612995114239e+03
3.252658119261934189e+03
3.252761468819591300e+03
3.252883644736858969e+03
3.252943459508923752e+03
3.253104158899493086e+03
3.253118637813077385e+03
3.253143859097491713e+03
3.253163823369278816e+03
3.253198041582607402e+03
3.253459225623152633e+03
3.253511894668992682e+03
3.253598992706617992e+03
3.253653243252168068e+03
3.253837263159069607e+03
3.254035500560923538e+03
3.254264289916420694e+03
3.254460938565868673e+03
3.254541532321879458e+03
3.254729405987603059e+03
3.255039820405510909e+03
3.255255827196628616e+03
3.255461151569377762e+03
3.255474420005171396e+03
3.255614524741407877e+03
3.255762793462650279e+03
3.255985439570160452e+03
3.255995155999975850e+03
3.256182864642555614e+03
3.256319853997703831e+03
3.256354630773224926e+03
3.256364217960654059e+03
3.256846086598397960e+03
3.256971596605000741e+03
3.257085038960816291e+03
3.257108708499173190e+03
3.257169281210937243e+03
3.257259182325577058e+03
3.257357335055246949e+03
3.257380474199198488e+03
3.257496881663657405e+03
3.257551936365466190e+03
3.257580032094749640e+03
3.257609436373372318e+03
3.257623490558873982e+03
3.257694164136666132e+03
3.257733527294074975e+03
3.257893603605782118e+03
3.258425413828655110e+03
3.258433705806397484e+03
3.258499465409730419e+03
3.258553146988449043e+03
3.258887886993905340e+03
3.259029473336815499e+03
3.259136886889501056e+03
3.259309879936791731e+03
3.259320896158319556e+03
3.259498492862333023e+03
3.259521329812618205e+03
3.259810702513726937e+03
3.259926955061910121e+03
3.259978706578650872e+03
3.260046445706546820e+03
3.260103482073180203e+03
3.260118054713684160e+03
3.260310629375771896e+03
3.260316945841527740e+03
3.260393888019270889e+03
3.260399877568526790e+03
3.260429447960118978e+03
3.260860101544493773e+03
3.260862350657765546e+03
3.260894905443651624e+03
3.260908765455490084e+03
3.261007477656049559e+03
3.261573918384151511e+03
3.261718369006444391e+03
3.261912944104561120e+03
3.262008335352431459e+03
3.262060279273564447e+03
3.262103410368224559e+03
3.262292200241124192e+03
3.262319409512499078e+03
3.262423094896969815e+03
3.262429818766197968e+03
3.262540085586345413e+03
3.262646595118768801e+03
3.262771477499968569e+03
3.262779906655861396e+03
3.263136140298686314e+03
3.263138268569550746e+03
3.263324821458787483e+03
3.263410053853337104e+03
3.263783866847102217e+03
3.263817917042158570e+03
3.263880449013528505e+03
3.263925720688303045e+03
3.263951324382440362e+03
3.263974388018104491e+03
3.264268548163425748e+03
3.264375204504567137e+03
3.264377420328903554e+03
3.264389263684227444e+03
3.264490604752623312e+03
3.264512690891575403e+03
3.264732357404274353e+03
3.265105190306397162e+03
3.265303028391386306e+03
3.265343618279027851e+03
3.265571663612269731e+03
3.265851388216798114e+03
3.265914108588042382e+03
3.265978632450719488e+03
3.266227360611107997e+03
3.266240682063864824e+03
3.266457404898391360e+03
3.266481658953451642e+03
3.266579784131145971e+03
3.266700183244399796e+03
3.266950918226493286e+03
3.267197536638552720e+03
3.267249644486890247e+03
3.267292165407211087e+03
3.267342027538052662e+03
3.267740728185603530e+03
3.267991348136436955e+03
3.268052991417995145e+03
3.268180053200997008e+03
3.268191917238751557e+03
3.268424271249390131e+03
3.268666722262165422e+03
3.268744719468058520e+03
3.268877014941473590e+03
3.268972397540703241e+03
3.269098586809323479e+03
3.269215715239114616e+03
3.269219195496476004e+03
3.269259697956625132e+03
3.269386564855505640e+03
3.269579073170691117e+03
3.269774675486760771e+03
3.270489368845907848e+03
3.270720982833202470e+03
3.270982086671674097e+03
3.271589699703154565e+03
3.271727037190934425e+03
3.271773501370394115e+03
3.271995989085599831e+03
3.272059973201950925e+03
3.272095655531473312e+03
3.272112588124506601e+03
3.272328373095053394e+03
3.272405563626498861e+03
3.272647949315058668e+03
3.272760640861946285e+03
3.272775808331097778e+03
3.272828851105763079e+03
3.272864541903641566e+03
3.272869328214090274e+03
3.272878617333283273e+03
3.272979047447915491e+03
3.273058837243409016e+03
3.273247879405894764e+03
3.273336150417587305e+03
3.273402544864922675e+03
3.273535533714531539e+03
3.273545570861834221e+03
3.273662271374754710e+03
3.273662471034457667e+03
3.273840240122358409e+03
3.273912440066956606e+03
3.273968905883781190e+03
3.274450484999063519e+03
3.274452644955496453e+03
3.274500461324258140e+03
3.274529536347009071e+03
3.274541646121469057e+03
3.274586982113782142e+03
3.274624860440011162e+03
3.274744304457223279e+03
3.274946745334654224e+03
3.275026800935624124e+03
3.275294183371330291e+03
3.275762409316117555e+03
3.275937771533830983e+03
3.276011449232715677e+03
3.276012015763771160e+03
3.276160765530766184e+03
3.276207420233585708e+03
3.276226935316420168e+03
3.276231254890822584e+03
3.276730285096837179e+03
3.276781127128187109e+03
3.276793541881071633e+03
3.276985806304180642e+03
3.277119418763032627e+03
3.277392537338590955e+03
3.277397582874673844e+03
3.277817867945479520e+03
3.277857895924387776e+03
3.277975614965514524e+03
3.278072268643759344e+03
3.278323719922622331e+03
3.278511765594237659e+03
3.278566659868241004e+03
3.278629026361647902e+03
3.278642388206365467e+03
3.278821045154746116e+03
3.278976528943699577e+03
3.279049560858764835e+03
3.279201676668719301e+03
3.279522120994952274e+03
3.279680065176291464e+03
3.279770012611788388e+03
3.279825881718094024e+03
3.279860307037989969e+03
3.279957875114705530e+03
3.280023938107036429e+03
3.280036531574955916e+03
3.280209897339191684e+03
3.280363164214654716e+03
3.280438655247834959e+03
3.280618346900339475e+03
3.280656906827657167e+03
3.280781174474567706e+03
3.280848912465298781e+03
3.280852969249951457e+03
3.280947999393067676e+03
3.280971065421251751e+03
3.281244351719731640e+03
3.281419241870439237e+03
3.281454351757416589e+03
3.281534292123122214e+03
3.281870576707549844e+03
3.281977311865712636e+03
3.282207056316969556e+03
3.282225257770338430e+03
3.282264050867761398e+03
3.282297696772331165e+03
3.282383678672039423e+03
3.282400317836070371e+03
3.282442271251819875e+03
3.282571676178125927e+03
3.282617465846578853e+03
3.282894835221340600e+03
3.283129914663604268e+03
3.283132236103444939e+03
3.283412214501744529e+03
3.283505128274548042e+03
3.283507219374170745e+03
3.283714532532307203e+03
3.283724910667779113e+03
3.283791266953679951e+03
3.283856068197378590e+03
3.284145880801906515e+03
3.284269537897213013e+03
3.284305853119283711e+03
3.284333909390768895e+03
3.284356970176098002e+03
3.284510865836675748e+03
3.284637149307575328e+03
3.284694200114100568e+03
3.284781931873685153e+03
3.284784351526795035e+03
3.285083767083422117e+03
3.285151068476740420e+03
3.285159846286322590e+03
3.285223413963801704e+03
3.285510721917161391e+03
3.285618733991700992e+03
3.285678023508697152e+03
3.285679204360011681e+03
3.285716025719617392e+03
3.285936034318241582e+03
3.285992150274712003e+03
3.286020863814628683e+03
3.286089782348906738e+03
3.286399907063720548e+03
3.286552548143439708e+03
3.286634457431420287e+03
3.286694840179946823e+03
3.286887564454008498e+03
3.287016130166804942e+03
3.287140449761938726e+03
3.287383757977841015e+03
3.287391319944736097e+03
3.287441435941349027e+03
3.287661561957123013e+03
3.287923716438590873e+03
3.287937306121455094e+03
3.288110032386638977e+03
3.288223890831406607e+03
3.288424985892615041e+03
3.288463116864332733e+03
3.288465219641269869e+03
3.288617549682405297e+03
3.288701417244361892e+03
3.288819775158341599e+03
3.289105556606114988e+03
3.289305970210795749e+03
3.289634590380186182e+03
3.289655375470430045e+03
3.289682949414265295e+03
3.289691692580040126e+03
3.289749695915499615e+03
3.289751000642274903e+03
3.289806437739062403e+03
3.289882289324455996e+03
3.289967531814163067e+03
3.289977231066995046e+03
3.289986666268832323e+03
3.290011842005538256e+03
3.290020268260532248e+03
3.290090554385494670e+03
3.290181357111089255e+03
3.290198433406040749e+03
3.290359369785406670e+03
3.290498088029776682e+03
3.290525739150122263e+03
3.290644407173341278e+03
3.290683319152287368e+03
3.290945659390135461e+03
3.291022337000012158e+03
3.291035065925529580e+03
3.291282074881385597e+03
3.291553590397645166e+03
3.291738417008370561e+03
3.291770470694921187e+03
3.292331793191542602e+03
3.292428024400858703e+03
3.292471281843070301e+03
3.292526150912304274e+03
3.292623110305423324e+03
3.292680575746995601e+03
3.292733645564680046e+03
3.292936958830623098e+03
3.292946898344366218e+03
3.292968306996871434e+03
3.292985291194502679e+03
3.293185146953078856e+03
3.293231455261203791e+03
3.293236968955152861e+03
3.293466200557967568e+03
3.293684206756398453e+03
3.293709552237500247e+03
3.293986634207483348e+03
3.294001638959045067e+03
3.294228352316655219e+03
3.294377273217382935e+03
3.294415000272384077e+03
3.294426427476607387e+03
3.294744774180374407e+03
3.294756381676811543e+03
3.294821862273115585e+03
3.294884063866410088e+03
3.295002230524267816e+03
3.295113474962745386e+03
3.295226839189954262e+03
3.295372768912834090e+03
3.295396343277251617e+03
3.295680220185839971e+03
3.295780250587475166e+03
3.295853039185108628e+03
3.295970847233797940e+03
3.296068783616489327e+03
3.296210541693660161e+03
3.296404188619626439e+03
3.296437222786390521e+03
3.296511170016471169e+03
3.296652162391098955e+03
3.296737595732619866e+03
3.296783983531915510e+03
3.296851600015296754e+03
3.297085551175482578e+03
3.297192821151653789e+03
3.297459832748215831e+03
3.297487302888368504e+03
3.297640691843575041e+03
3.297754386048591186e+03
3.297849639504592687e+03
3.298299090805714513e+03
3.298369277005357617e+03
3.298626453877636777e+03
3.298693553002304725e+03
3.298720335615396834e+03
3.298867347913391768e+03
3.298957892639585680e+03
3.299054785284432000e+03
3.299084825223500957e+03
3.299301678979397821e+03
3.299568241975688579e+03
3.299637880744696304e+03
3.299762189683032375e+03
3.299805090141660003e+03
3.299838204317901727e+03
3.300015848079689022e+03
3.300072301405540202e+03
3.300072880330353655e+03
3.300120463207601915e+03
3.300123086831752516e+03
3.300215057611973862e+03
3.300236853327965491e+03
3.300385327658040296e+03
3.300704242160235935e+03
3.300906261406848444e+03
3.301096893403394915e+03
3.301115898245417611e+03
3.301307873986974300e+03
3.301597257171319143e+03
3.301604696608266750e+03
3.301731198387890345e+03
3.302036452207076763e+03
3.302128959748466059e+03
3.302506411251641566e+03
3.302535448818738132e+03
3.302749665055144760e+03
3.302760269287613937e+03
3.302772476521654426e+03
3.302793087228706099e+03
3.302861686207663297e+03
3.302910106476912460e+03
3.303201038101849008e+03
3.303416900426565917e+03
3.303457804215895521e+03
3.303493469850928705e+03
3.303533962885992423e+03
3.303620980590185354e+03
3.303826943912229126e+03
3.303829627955369233e+03
3.303846494853181866e+03
3.303903064027761957e+03
3.304091953750764333e+03
3.304184705607573505e+03
3.304456836752251093e+03
3.304499550113141140e+03
3.304579451893808709e+03
3.304692988592230449e+03
3.304751421283462150e+03
3.305387359125045350e+03
3.305409602947569056e+03
3.305507515199767113e+03
3.305664263572870368e+03
3.305713022782287680e+03
3.305820373685464801e+03
3.305883159742275893e+03
3.306036516555922390e+03
3.306102324564653372e+03
3.306120483206461813e+03
3.306272853700570522e+03
3.306595956611797192e+03
3.306640335308848989e+03
3.306660843896354891e+03
3.306751298228605719e+03
3.306770574960713020e+03
3.306914126521982325e+03
3.307029886610216636e+03
3.307037706516346134e+03
3.307165257395742628e+03
3.307317297933028840e+03
3.307328064882190120e+03
3.307409189305833479e+03
3.307722722924164827e+03
3.307934070779300328e+03
3.308457402134166841e+03
3.308501235115015334e+03
3.308699023300784575e+03
3.308751200572222388e+03
3.309006067715200970e+03
3.309148964355826138e+03
3.309247385609810863e+03
3.309291181026752838e+03
3.309317062810546759e+03
3.309320439073336729e+03
3.309352472733576178e+03
3.309364068101624071e+03
3.309565438562577583e+03
3.309598338043297190e+03
3.309839962283068871e+03
3.309847649645771980e+03
3.310027959927966549e+03
3.310252676712326320e+03
3.310289370390993554e+03
3.310439759960504944e+03
3.310683645081852319e+03
3.311309217126801286e+03
3.311335351978703784e+03
3.311346040965610428e+03
3.311460835127217251e+03
3.311508466436392609e+03
3.311509158406710412e+03
3.311577468581440371e+03
3.311639836418666164e+03
3.311643884343540776e+03
3.311662109105006948e+03
3.311787583545207781e+03
3.311867251968783876e+03
3.311913362271674032e+03
3.312020725904480059e+03
3.312097571916285233e+03
3.312099048315453729e+03
3.312152751882396387e+03
3.312175713640408503e+03
3.312235504030655648e+03
3.312293466674967021e+03
3.312564118151632556e+03
3.312660140574389516e+03
3.312700347755490839e+03
3.313098278613902494e+03
3.313154055748988867e+03
3.313164326510623141e+03
3.313243668626236740e+03
3.313430516606546007e+03
3.313464304941815499e+03
3.313820750902640157e+03
3.314005445969782158e+03
3.314089326722300029e+03
3.314118359363084437e+03
3.314224690842025666e+03
3.314387319731096341e+03
3.314539269742746910e+03
3.314747557086428060e+03
3.314748248746514491e+03
3.314782096074831315e+03
3.314789898722750877e+03
3.314934300456913206e+03
3.315152241249684721e+03
3.315505703973339678e+03
3.315589829439354162e+03
3.315613751626839530e+03
3.315621721866380994e+03
3.315680600268478884e+03
3.315682911681661608e+03
3.315704153529393807e+03
3.316030380717304979e+03
3.316072967882222201e+03
3.316179774852261289e+03
3.316214288204917921e+03
3.316546977180535578e+03
3.316599716149004053e+03
3.316899983339772007e+03
3.316914556155969422e+03
3.316954707239027357e+03
3.317129723533552806e+03
3.317139815802998783e+03
3.317336459105959420e+03
3.317560980024014953e+03
3.318021950506494704e+03
3.318204920685204797e+03
3.318364997443071388e+03
3.318462910240451038e+03
3.318482395587740939e+03
3.318978801546202249e+03
3.319060716727175532e+03
3.319213057159436630e+03
3.319295766958075092e+03
3.319347204136754044e+03
3.319500236684666561e+03
3.319680229483508811e+03
3.319748953008946046e+03
3.319767649509591593e+03
3.319921606038149093e+03
3.320025076455227008e+03
3.320097328318754080e+03
3.320128119788963431e+03
3.320172190215610954e+03
3.320338918748433571e+03
3.320403069585726371e+03
3.320697002613138011e+03
3.320893760324479899e+03
3.320958576205398458e+03
3.321138203300087298e+03
3.321274857431571036e+03
3.321307370294798147e+03
3.321520603124227364e+03
3.321572015194933556e+03
3.321668804481743337e+03
3.321704515150817315e+03
3.321707177322397911e+03
3.321712917958236631e+03
3.321772439413413395e+03
3.321973681232217132e+03
3.322069006264729524e+03
3.322252858678293705e+03
3.322274057799163529e+03
3.322328525531554533e+03
3.322353138545592174e+03
3.322528093741594148e+03
3.322542885953275800e+03
3.322825418029652155e+03
3.322829996694232250e+03
3.323313725517517469e+03
3.323398159922822742e+03
3.323501465328602080e+03
3.323560872837839725e+03
3.323609302558619675e+03
3.323609573012252895e+03
3.323774881838978672e+03
3.323876444211612579e+03
3.323893538710429766e+03
3.323994744839026225e+03
3.324874374418344360e+03
3.324911627343055898e+03
3.325013716130627927e+03
3.325141247728518010e+03
3.325162121565603684e+03
3.325169388188672656e+03
3.325394626075388715e+03
3.325560143267898638e+03
3.325622544842479783e+03
3.325679865846830580e+03
3.325738285469846687e+03
3.325773116460846268e+03
3.325874751391189420e+03
3.326081868207676052e+03
3.326272368895871296e+03
3.326315292515989313e+03
3.326331874237032025e+03
3.326401808253435775e+03
3.326702920468802859e+03
3.326766650417171604e+03
3.326889531991385411e+03
3.326947725771625301e+03
3.327058710060073281e+03
3.327280634973912129e+03
3.327310894483632637e+03
3.327341201726912004e+03
3.327444887378894236e+03
3.327909112422268663e+03
3.327986215416590767e+03
3.328056037079372800e+03
3.328097235782242478e+03
3.328366903432316576e+03
3.328421674433803219e+03
3.328430541310377976e+03
3.328465269044272191e+03
3.328516961049769179e+03
3.328707034817400199e+03
3.328726259599007335e+03
3.328837755519645270e+03
3.329045619296165569e+03
3.329075198120098321e+03
3.329285628160544547e+03
3.329312182616027712e+03
3.329413361433281807e+03
3.329690587022611908e+03
3.329848867854191667e+03
3.329899176623032872e+03
3.330159107607550595e+03
3.330185993166776825e+03
3.330225853187872872e+03
3.330308473947377479e+03
3.330883843410085774e+03
3.330944028263508244e+03
3.331018480989012460e+03
3.331132412590422064e+03
3.331151815833278306e+03
3.331187812773716814e+03
3.331344095026187460e+03
3.331398190172368686e+03
3.331654093920360538e+03
3.331827614984385491e+03
3.331839005792705848e+03
3.332097378352386841e+03
3.332235964932565821e+03
3.332377366489497945e+03
3.332388734433250647e+03
3.332783833610447800e+03
3.332806770932843847e+03
3.333005316338263128e+03
3.333162949892574034e+03
3.333751239971427367e+03
3.333782768804766420e+03
3.333857443413828605e+03
3.333929921827146700e+03
3.334016128665771703e+03
3.334128587641364902e+03
3.334183580833363067e+03
3.334359860497904265e+03
3.334503281048429471e+03
3.334590327101714593e+03
3.334882104087864263e+03
3.334933657225413299e+03
3.335041232320185372e+03
3.335063628177281771e+03
3.335242769662947921e+03
3.335267174736281049e+03
3.335381602462270166e+03
3.335538511528344770e+03
3.335781501611922977e+03
3.335924036550159599e+03
3.335927989929659361e+03
3.336047777620686702e+03
3.336081288938582020e+03
3.336288198671547889e+03
3.336346638378295665e+03
3.336379468007740797e+03
3.336566763624107807e+03
3.336744425055089323e+03
3.336774946952155005e+03
3.336873354762673443e+03
3.336915637077097472e+03
3.337039072119220691e+03
3.337071747179847080e+03
3.337303595232723183e+03
3.337526672950921238e+03
3.337740700903815195e+03
3.337782192314250096e+03
3.337840735888729341e+03
3.337885041775370610e+03
3.337911042584101324e+03
3.337939273621071152e+03
3.337963593358913386e+03
3.337996761854158194e+03
3.338080817302252854e+03
3.338110072791969287e+03
3.338130784131222299e+03
3.338154356765066041e+03
3.338154736089753442e+03
3.338193563624017315e+03
3.338222421508628486e+03
3.338249918001595688e+03
3.338456421843138742e+03
3.338626331210416538e+03
3.338693672378149586e+03
3.338710922666827628e+03
3.338911877397008084e+03
3.338934889716783346e+03
3.339097184010698584e+03
3.339102217070721508e+03
3.339105503914437577e+03
3.339264341566072744e+03
3.339279375638033343e+03
3.339304385595139593e+03
3.339323958511411092e+03
3.339469591991806283e+03
3.339543112049237607e+03
3.339772223245344776e+03
3.339781197224043353e+03
3.340054665405845753e+03
3.340192460024934462e+03
3.340260727897904871e+03
3.340435735475231468e+03
3.340511441004164226e+03
3.340625654945348288e+03
3.340655062068226016e+03
3.340779824210196239e+03
3.340875169527593243e+03
3.340911331508837520e+03
3.340950903625074716e+03
3.341089990363270772e+03
3.341469626035601323e+03
3.341473669690217321e+03
3.341595758733991261e+03
3.341916170093686105e+03
3.342013443640268633e+03
3.342149702938655082e+03
3.342196001770099883e+03
3.342260581185258616e+03
3.342337835489796362e+03
3.342483405185369975e+03
3.342553319285095768e+03
3.342924418625193994e+03
3.343106287555263862e+03
3.343150341297093291e+03
3.343413190840955849e+03
3.343585802923736082e+03
3.344235902779853859e+03
3.344236175227840249e+03
3.344430239588138193e+03
3.344780403800774366e+03
3.344819816536131839e+03
3.344864795567083547e+03
3.344958839665965570e+03
3.345093186745190451e+03
3.345148649421775644e+03
3.345183285920555591e+03
3.345668464175059853e+03
3.345797449362235056e+03
3.345882955942627632e+03
3.346009448224723656e+03
3.346124793630875502e+03
3.346405454455458312e+03
3.346452804486068089e+03
3.346725486859658758e+03
3.346899431517851554e+03
3.346958764024722313e+03
3.347028884279788599e+03
3.347170699528270234e+03
3.347211475004973181e+03
3.347250164422741364e+03
3.347298308039072253e+03
3.347484915209812243e+03
3.347485876817729604e+03
3.347556070208222991e+03
3.347560847549977098e+03
3.347818465431420464e+03
3.348214004757295697e+03
3.348330006976926597e+03
3.348491308135377494e+03
3.348655011722363270e+03
3.348749524642332290e+03
3.348870796343217989e+03
3.349176078614083508e+03
3.349179516285960744e+03
3.349255489216907790e+03
3.349317805298524036e+03
3.349357611717843611e+03
3.349415324082894131e+03
3.349611127653955919e+03
3.350048911485078861e+03
3.350085053710340617e+03
3.350532165339574476e+03
3.350579714530211277e+03
3.350650081995770961e+03
3.350717324740111508e+03
3.350731170126195593e+03
3.350927549462140632e+03
3.351042822053147574e+03
3.351045792343355060e+03
3.351159116818132588e+03
3.351203230590670046e+03
3.351228085035115782e+03
3.351230478001000847e+03
3.351330743524020363e+03
3.351382023199872037e+03
3.351397363336312537e+03
3.351512996692106299e+03
3.351658280227726209e+03
3.351827195484326239e+03
3.351846015436935886e+03
3.352071643245431915e+03
3.352203134404837328e+03
3.352436014513547434e+03
3.352701689390575211e+03
3.352714573751047737e+03
3.352826786383156104e+03
3.352858321849274034e+03
3.352923573128365661e+03
3.353004694252891568e+03
3.353244550497303408e+03
3.353535202229512379e+03
3.353588663026289851e+03
3.353652320552339916e+03
3.353895365386602407e+03
3.353897786708973399e+03
3.353939344048522798e+03
3.353999884983205902e+03
3.354365413084085048e+03
3.354375076665465713e+03
3.354542539700084944e+03
3.354787539075930454e+03
3.354876877788625279e+03
3.355037365427659552e+03
3.355073888206543870e+03
3.355657792577315831e+03
3.355749616669602801e+03
3.356031758469338911e+03
3.356371076639524745e+03
3.356417569943722810e+03
3.356589673927222520e+03
3.356723296133504846e+03
3.356741608898022150e+03
3.356808262737558834e+03
3.357124048807473173e+03
3.357315560612604713e+03
3.357331686807343431e+03
3.357383211311218929e+03
3.357386747008954444e+03
3.357446884472435613e+03
3.357456396615044468e+03
3.357561955321350524e+03
3.357604875290384825e+03
3.357774489737558270e+03
3.357851882682673477e+03
3.358034168403581134e+03
3.358087142938638408e+03
3.358115115232889366e+03
3.358136739007006327e+03
3.358238631133791841e+03
3.358438140793177809e+03
3.358870284506356711e+03
3.358932394566835683e+03
3.358944795720875391e+03
3.359006567469363745e+03
3.359086089062616338e+03
3.359131811647095674e+03
3.359172799850105093e+03
3.359194191172818137e+03
3.359439222547073314e+03
3.359511761954310259e+03
3.359562857660460395e+03
3.359678933938511364e+03
3.359724693848387233e+03
3.359814245703188135e+03
3.359871484768781556e+03
3.359961892394833285e+03
3.360046263374810223e+03
3.360101946328932627e+03
3.360140714329907496e+03
3.360169397876421044e+03
3.360340962777112964e+03
3.360351890134170390e+03
3.360419730838166288e+03
3.360898067757359058e+03
3.360921177876018646e+03
3.361060656744541575e+03
3.361115217983299772e+03
3.361351301607838650e+03
3.361556142871442262e+03
3.361766193229979763e+03
3.361822133981152547e+03
3.361860814770533580e+03
3.362051133184982518e+03
3.362061562626686282e+03
3.362184756764920621e+03
3.362347152437650948e+03
3.362469542582464328e+03
3.362595573947529374e+03
3.362786328459035758e+03
3.362822014184980162e+03
3.362855767293759527e+03
3.362967852691499047e+03
3.363014201187620984e+03
3.363082853370558496e+03
3.363111624458950701e+03
3.363158546532184118e+03
3.363211999522472070e+03
3.363302007512257660e+03
3.363362477576385572e+03
3.363515033538589705e+03
3.363855025811507403e+03
3.364061243365185419e+03
3.364121006394573214e+03
3.364140363198820069e+03
3.364252875821875932e+03
3.364281542793077733e+03
3.364290021696863732e+03
3.364369446027854792e+03
3.364423350722507166e+03
3.364456381927499478e+03
3.364573146150285993e+03
3.364580713735750123e+03
3.364607784856382750e+03
3.364691928817754615e+03
3.364840743693276181e+03
3.365044282778732395e+03
3.365717751917964961e+03
3.365796120363414502e+03
3.365816816758873756e+03
3.365916825033119039e+03
3.366019876435407696e+03
3.366032949005749288e+03
3.366038773259258051e+03
3.366344283033207830e+03
3.366371345942005064e+03
3.366448064657891791e+03
3.366458145570710258e+03
3.366794770568035801e+03
3.366885002567325955e+03
3.366927005533606916e+03
3.366976620320808252e+03
3.367374714796170338e+03
3.367562130064860412e+03
3.367764423880072627e+03
3.368027585220154833e+03
3.368051130697648659e+03
3.368226518617058900e+03
3.368260163080939037e+03
3.368289760745817603e+03
3.368333502485340432e+03
3.368418545070006076e+03
3.368430113370715389e+03
3.368506684253654385e+03
3.368527755692526171e+03
3.368601225415381123e+03
3.368914885104969471e+03
3.368975511258489860e+03
3.369025347557242640e+03
3.369148451205456240e+03
3.369191592064279121e+03
3.369293793158419248e+03
3.369404613960045026e+03
3.369474897386699922e+03
3.369557884164854386e+03
3.369915956395457670e+03
3.370018880837438246e+03
3.370074130266707925e+03
3.370082709610871007e+03
3.370087429094569870e+03
3.370217332505249942e+03
3.370345202034950944e+03
3.370669780378350424e+03
3.370802379097113771e+03
3.370989939441002662e+03
3.371121117352253350e+03
3.371176309097141257e+03
3.371763326410265563e+03
3.371984671117089420e+03
3.372213775699051894e+03
3.372298877398775403e+03
3.372373300811408171e+03
3.372404911151249962e+03
3.372451868056818512e+03
3.372529352243904668e+03
3.372578318435771052e+03
3.372655033678130167e+03
3.372658767603942579e+03
3.373384882215679681e+03
3.373414679107110260e+03
3.373423523891078275e+03
3.373439961900517574e+03
3.373583791492310411e+03
3.373689472214644411e+03
3.373725093655766159e+03
3.373799922092038742e+03
3.374024226200214343e+03
3.374089623740118896e+03
3.374161822121663135e+03
3.374379734941742299e+03
3.374560723178127773e+03
3.374683057439061940e+03
3.374960239577378616e+03
3.374970516491066974e+03
3.374987694371848647e+03
3.375144884024929070e+03
3.375429045656238941e+03
3.375544410602739390e+03
3.375620966055051667e+03
3.375654594545781038e+03
3.375660720647799280e+03
3.375666940269185488e+03
3.375675850156550950e+03
3.375775802005417063e+03
3.375798900651384884e+03
3.375829757985349261e+03
3.376019432267811681e+03
3.376037138901904655e+03
3.376048125977157270e+03
3.376092742302412717e+03
3.376244184038344429e+03
3.376416150137264594e+03
3.376526166726419433e+03
3.376806351918453856e+03
3.376887712610765448e+03
3.376998506968774109e+03
3.377049472370117655e+03
3.377085689852540781e+03
3.377128826818533526e+03
3.377135551199608472e+03
3.377209637520490105e+03
3.377308694456753983e+03
3.377381852036070086e+03
3.377479307366148987e+03
3.377710543231004067e+03
3.377834751320423038e+03
3.378199914768630606e+03
3.378501409991251876e+03
3.378610501352062329e+03
3.378633891605039025e+03
3.378724824508864458e+03
3.378752581279963124e+03
3.378753087144949859e+03
3.378790083709822284e+03
3.378807992964001642e+03
3.378973852449163132e+03
3.379042033708154577e+03
3.379141822483907163e+03
3.379379133564309086e+03
3.379444896533495466e+03
3.379490118466632794e+03
3.379510475442164079e+03
3.379585526725815726e+03
3.379676279492207868e+03
3.379913292429007015e+03
3.380162968645822275e+03
3.380332294381235442e+03
3.380362074845232200e+03
3.380482806136067211e+03
3.380550022859248656e+03
3.380567142186192541e+03
3.380573881299889763e+03
3.380735925791403133e+03
3.380992091056638401e+03
3.381017539830466831e+03
3.381104577148675162e+03
3.381114970593197086e+03
3.381202381789586980e+03
3.381272766974061142e+03
3.381288962361365975e+03
3.381414418523875156e+03
3.381740155209928616e+03
3.381767324644620203e+03
3.381947886110983745e+03
3.382174461188971236e+03
3.382203534115664297e+03
3.382323789490704712e+03
3.382363375422133231e+03
3.382411509842143005e+03
3.382468697477126170e+03
3.382493757592092152e+03
3.382557063532042775e+03
3.382634003937152556e+03
3.383107634660887470e+03
3.383177524904755956e+03
3.383228020440293676e+03
3.383443092134673407e+03
3.383465156120646498e+03
3.383661577878289336e+03
3.383880429793539406e+03
3.383902156963933066e+03
3.384138967261395919e+03
3.384190673962954861e+03
3.384322165633534041e+03
3.384578865525468245e+03
3.384581065302527350e+03
3.384762259098733011e+03
3.384800208162347644e+03
3.384988958399310832e+03
3.385038344779223735e+03
3.385052157081281621e+03
3.385231244768229772e+03
3.385286486728638010e+03
3.385353587922733368e+03
3.385573302692029756e+03
3.385673884871590872e+03
3.385687979905073007e+03
3.385867292171998088e+03
3.385877710614955049e+03
3.385998174386106712e+03
3.386060062494838348e+03
3.386363851000453451e+03
3.386380228227965745e+03
3.386445640733220898e+03
3.386642990986226778e+03
3.386681104997274815e+03
3.386757945589760766e+03
3.386849359535915937e+03
3.386874811401218267e+03
3.386996217793242522e+03
3.387388124161651376e+03
3.387560153110920055e+03
3.388479340741159376e+03
3.388532658055285538e+03
3.388725850386098955e+03
3.388819653011684295e+03
3.389271214932244675e+03
3.389445106882966684e+03
3.389535198344328364e+03
3.389601647216265064e+03
3.390347705935633712e+03
3.390369388438172336e+03
3.390436855923200255e+03
3.390550398267868331e+03
3.390683010148934500e+03
3.390792102191044251e+03
3.390962458127902664e+03
3.390965864015577154e+03
3.390984307819633614e+03
3.391009284664251027e+03
3.391035964934882031e+03
3.391051172744385440e+03
3.391117155489547713e+03
3.391246576345639369e+03
3.391428273839197573e+03
3.391564359038657585e+03
3.391624049562825348e+03
3.391672937798347903e+03
3.391871773568519984e+03
3.392296526206901035e+03
3.392589794557185087e+03
3.392658269770939114e+03
3.392780433449908742e+03
3.392797267307466882e+03
3.392889543000853791e+03
3.392954135025983760e+03
3.393010207203734808e+03
3.393291906414910045e+03
3.393510996447843809e+03
3.393853388401700613e+03
3.393954615211090641e+03
3.393975222146646502e+03
3.394010308337183233e+03
3.394010821929107351e+03
3.394134642991718465e+03
3.394330231743421791e+03
3.394452346622620553e+03
3.394479968237679714e+03
3.394502482556932137e+03
3.394565021213185901e+03
3.394696088094697188e+03
3.394831466382268900e+03
3.394887704617687177e+03
3.394912622216304953e+03
3.394940635218449643e+03
3.394980730448223767e+03
3.395005306805077907e+03
3.395073904145563120e+03
3.395176564934909948e+03
3.395177752307060473e+03
3.395795064006412304e+03
3.395876827877999403e+03
3.395895618676590402e+03
3.396017869255074856e+03
3.396054350228531803e+03
3.396160850041948834e+03
3.396168967308277388e+03
3.396198826420929890e+03
3.396213649495288337e+03
3.396280631495832040e+03
3.396505910610392675e+03
3.396624172594879838e+03
3.396805112123346134e+03
3.396870320573370464e+03
3.396893620009142523e+03
3.397168665774113833e+03
3.397294099162674229e+03
3.397331468590519762e+03
3.397351994750684298e+03
3.397625484204782424e+03
3.397651001437840478e+03
3.397674339755703386e+03
3.397767043018092863e+03
3.397986571724402438e+03
3.398082630076408350e+03
3.398102030548830498e+03
3.398166354948436037e+03
3.398269888176637778e+03
3.398623796504882193e+03
3.398701718898669697e+03
3.398796383244751269e+03
3.398806057274986415e+03
3.398813420110265270e+03
3.398824997212333074e+03
3.398992468587082840e+03
3.399237897428296492e+03
3.399807053907801219e+03
3.399845508327501648e+03
3.399885074088711917e+03
3.399902289915673464e+03
3.399972522165218379e+03
3.400010351434968925e+03
3.400111262272689146e+03
3.400242906715158824e+03
3.400264601178034354e+03
3.400420597973783515e+03
3.400502570987308900e+03
3.400667160508997313e+03
3.400682773272270424e+03
3.400783846013679977e+03
3.400893818251486664e+03
3.400935105545253009e+03
3.401054310434145918e+03
3.401076573923023716e+03
3.401160610550685760e+03
3.401324399020454166e+03
3.401390993772143702e+03
3.401566208231115525e+03
3.401690977851846583e+03
3.401761029381575554e+03
3.401898186144432657e+03
3.402066898335377118e+03
3.402115451303264763e+03
3.402172781226335701e+03
3.402314361849187208e+03
3.402580348072418019e+03
3.402679677836923929e+03
3.402700224738297038e+03
3.402742565755891064e+03
3.402889955910023673e+03
3.402913201737902909e+03
3.403193890894910965e+03
3.403351768018218991e+03
3.403686050670236909e+03
3.403748571092878137e+03
3.403879815236379272e+03
3.403940786123599992e+03
3.404331029281331212e+03
3.404469191912210590e+03
3.404968639094219725e+03
3.405070984298123221e+03
3.405081711200798054e+03
3.405192807437143983e+03
3.405292687177827247e+03
3.405692665262753508e+03
3.406043242538513823e+03
3.406327197596215683e+03
3.406453717029197378e+03
3.406498534744182507e+03
3.406539529207715077e+03
3.406586892965795414e+03
3.406790517249670756e+03
3.406921420754899373e+03
3.407016950792672105e+03
3.407172590451040833e+03
3.407253998528170996e+03
3.407352347592459864e+03
3.407465712372921644e+03
3.407801697154736303e+03
3.407862943356000869e+03
3.407947470190969852e+03
3.408654480838245490e+03
3.408774963778403162e+03
3.408956737114867337e+03
3.409054337210779977e+03
3.409083434757018949e+03
3.409117656340705253e+03
3.409169821948599747e+03
3.409236317052451795e+03
3.409445428892357086e+03
3.409514270007780397e+03
3.409525101985320362e+03
3.409528176069541587e+03
3.409991310028936823e+03
3.410025622927782024e+03
3.410087349545098732e+03
3.410150887708506616e+03
3.410152144329387738e+03
3.410183310384212746e+03
3.410312552438263083e+03
3.410488640296712674e+03
3.410568740708314181e+03
3.410705319723351749e+03
3.410814794274775522e+03
3.410921343261806669e+03
3.410999665787993308e+03
3.411439001800341430e+03
3.411962210731538107e+03
3.412033377343630491e+03
3.412069885811724362e+03
3.412081697860217901e+03
3.412095088911895346e+03
3.412181614081132466e+03
3.412812537332747070e+03
3.412893545086499216e+03
3.413043188332263526e+03
3.413175595714708834e+03
3.413339047172823484e+03
3.413407484830320755e+03
3.413458904858465758e+03
3.413504274504794012e+03
3.413809679461256110e+03
3.413838414178039329e+03
3.413977287288604202e+03
3.413987985677925735e+03
3.414344064610420901e+03
3.414422642970936977e+03
3.414587405713580665e+03
3.414594013638883553e+03
3.414917641926301258e+03
3.414920810917952167e+03
3.414949340567737636e+03
3.415044336772512906e+03
3.415060353730193128e+03
3.415070217302187757e+03
3.415184668278891877e+03
3.415487616791267101e+03
3.415757834050832571e+03
3.415870918589726898e+03
3.416115003580466237e+03
3.416329298558925075e+03
3.416436437030549314e+03
3.416439924300674647e+03
3.416559344401812723e+03
3.416655448942235125e+03
3.416779919042714482e+03
3.417019819724288482e+03
3.417112933814086318e+03
3.417327673244466041e+03
3.417436281238341508e+03
3.417461129880488897e+03
3.417820534267268158e+03
3.417851722944420544e+03
3.417885229497405817e+03
3.417951130369279326e+03
3.418104565797184023e+03
3.418115750895911333e+03
3.418225094553009512e+03
3.418302343905199450e+03
3.418432595031504661e+03
3.418442184863476996e+03
3.418497081164709925e+03
3.418723448954206106e+03
3.418874204044921953e+03
3.418883178747510101e+03
3.419066817926711792e+03
3.419156065895138454e+03
3.419168258869869533e+03
3.419187387883771862e+03
3.419290495719826140e+03
3.419416452203681274e+03
3.419426153470869394e+03
3.419475070459023755e+03
3.419543628632764467e+03
3.419567767243238450e+03
3.419712135614491217e+03
3.419915865292328363e+03
3.420046581859619891e+03
3.420538101100009044e+03
3.420585577384566022e+03
3.420688403422895590e+03
3.420711161862412155e+03
3.420783431502048643e+03
3.420835660213948358e+03
3.420867009315014457e+03
3.420911627372139719e+03
3.421064586244106522e+03
3.421094008348043189e+03
3.421143301574249563e+03
3.421355857337470297e+03
3.421396122494565134e+03
3.421411762298751000e+03
3.421473244280953168e+03
3.421500329576264448e+03
3.421685817076632702e+03
3.421824639767931330e+03
3.421990958065491213e+03
3.422149289540137488e+03
3.422221581483404407e+03
3.422365478055107815e+03
3.422406027385524339e+03
3.422412138480844987e+03
3.422471255803889562e+03
3.422678170727001543e+03
3.422758993135695164e+03
3.422774872135619262e+03
3.422868278178752917e+03
3.423007136022522900e+03
3.423151446404507169e+03
3.423156835305428558e+03
3.423210120175962857e+03
3.423279871488827666e+03
3.423288182410770787e+03
3.423314158066817527e+03
3.423423279528139574e+03
3.423524300277073053e+03
3.423555684943349206e+03
3.423583964583679062e+03
3.423628082889761572e+03
3.423827496083218193e+03
3.423851819327671819e+03
3.423873356876763864e+03
3.423958343640839303e+03
3.424002737961357525e+03
3.424039730013048029e+03
3.424177817415776644e+03
3.424328943740110844e+03
3.424454055090478505e+03
3.424454281968163741e+03
3.424499327511226511e+03
3.424732440296895220e+03
3.424735818620754799e+03
3.424774096289253066e+03
3.424821201122605999e+03
3.424865109309694162e+03
3.424885478563306606e+03
3.425234485168938591e+03
3.425399765076105268e+03
3.425439479938086606e+03
3.425508911528637782e+03
3.425534849152637435e+03
3.425627697144796457e+03
3.426100616758649721e+03
3.426189071063645770e+03
3.426268958627767915e+03
3.426335671330224613e+03
3.426532272580837798e+03
3.426733737009263677e+03
3.426860522717726326e+03
3.427007408205235606e+03
3.427031641469937767e+03
3.427142455552072079e+03
3.427255516723792880e+03
3.427316705421752886e+03
3.427347849802960354e+03
3.427371782155786605e+03
3.427500724236959286e+03
3.427606948880994878e+03
3.427666763309015096e+03
3.427767946511004538e+03
3.427895488197210398e+03
3.427921816947591651e+03
3.427977570316318179e+03
3.428133733925800243e+03
3.428405805731892997e+03
3.428666229405062950e+03
3.428796829711258397e+03
3.428834369123610941e+03
3.428880823034563946e+03
3.429052772533294046e+03
3.429094928412717309e+03
3.429294918854177467e+03
3.429452435954292923e+03
3.429541530235773735e+03
3.429553107693609036e+03
3.429731150014950799e+03
3.429830124512458042e+03
3.429891914951911986e+03
3.429975279692708227e+03
3.430117110849426354e+03
3.430214660543454102e+03
3.430403444494941141e+03
3.430676747403812897e+03
3.430814092235573753e+03
3.430814489391776533e+03
3.430864325136013576e+03
3.431033150796995869e+03
3.431110117634931157e+03
3.431144431513510426e+03
3.431184494473385257e+03
3.431410097009294077e+03
3.431489582409949890e+03
3.431601509040914607e+03
3.431708773194134210e+03
3.431839612307532661e+03
3.431852334134265675e+03
3.432036231295480775e+03
3.432130371196813940e+03
3.432226483032395208e+03
3.432368900727515211e+03
3.432382301025020752e+03
3.432460203113669195e+03
3.432464186663949022e+03
3.432718122224458057e+03
3.432820778311937374e+03
3.432874229412589102e+03
3.432881136520330983e+03
3.432911992990548242e+03
3.432996096231809588e+03
3.433079910395455954e+03
3.433135073784700580e+03
3.433233901552621774e+03
3.433343993393337314e+03
3.433718946270860670e+03
3.434006616523399316e+03
3.434021857593417735e+03
3.434031647651881940e+03
3.434181890447136539e+03
3.434199727999856350e+03
3.434448262010700546e+03
3.434451254106395481e+03
3.434522352304779815e+03
3.434545568400790216e+03
3.434589777485320155e+03
3.434655409695601065e+03
3.434673516777836994e+03
3.434737024179075433e+03
3.434744460819663800e+03
3.434879671802321354e+03
3.434973834325651751e+03
3.435007271858340573e+03
3.435028580577257799e+03
3.435079558048991657e+03
3.435160961720122941e+03
3.435295950794502915e+03
3.435464106845227434e+03
3.435491698655651362e+03
3.435560713395683251e+03
3.435654881808032314e+03
3.435697043290289002e+03
3.435978531757757992e+03
3.436011181681247308e+03
3.436126128075105953e+03
3.436153969142073493e+03
3.436228978013260985e+03
3.436250241050329350e+03
3.436281217308127452e+03
3.436344819886607183e+03
3.436485233052600051e+03
3.436598624942580500e+03
3.436650508565765904e+03
3.436698246465927696e+03
3.436838162683990049e+03
3.436895046165288477e+03
3.436897777146719363e+03
3.437107185657787795e+03
3.437169125885863195e+03
3.437194982967846045e+03
3.437475994429514230e+03
3.438030787967306424e+03
3.438174765208400004e+03
3.438260620580895647e+03
3.438310070429343796e+03
3.438541944468605834e+03
3.438708434174321610e+03
3.438737045119544291e+03
3.438785781580118964e+03
3.439017302641394053e+03
3.439064351777676620e+03
3.439299523438545748e+03
3.439305074964642699e+03
3.439374829331773981e+03
3.439406840533549712e+03
3.439456434243981221e+03
3.439646091731910019e+03
3.440216200634377856e+03
3.440327469287273743e+03
3.440354754987612978e+03
3.440357838790248024e+03
3.440538371126126094e+03
3.440595491098915772e+03
3.440753248827831612e+03
3.440953630495102516e+03
3.441088866807472641e+03
3.441097214381161848e+03
3.441211784194781103e+03
3.441228717716280698e+03
3.441235499103812344e+03
3.441244925809769484e+03
3.441351767813442621e+03
3.441526892817262251e+03
3.441963956065319508e+03
3.442030480078214623e+03
3.442131987754326929e+03
3.442551259806788494e+03
3.442607720304260511e+03
3.442696509277475343e+03
3.442782665264317075e+03
3.442817010645318533e+03
3.442901488048310057e+03
3.442970383074005440e+03
3.442986136893161984e+03
3.443026162652498442e+03
3.443097574613452707e+03
3.443143912796714631e+03
3.443836493444929602e+03
3.444040481891512172e+03
3.444194408493722676e+03
3.444235850453918374e+03
3.444282482425291164e+03
3.444337707545053490e+03
3.444382185548281541e+03
3.444551176072877297e+03
3.444598475319859972e+03
3.444667569101197842e+03
3.444706862574826118e+03
3.444727080478418429e+03
3.444868330979579696e+03
3.444904233853185360e+03
3.444919873557990741e+03
3.445139068974838665e+03
3.445255349496779218e+03
3.445457621914831179e+03
3.445497685373249624e+03
3.445576681244172505e+03
3.445584215133059388e+03
3.445817262570804360e+03
3.445911630247544053e+03
3.445917488426668115e+03
3.445921510660853528e+03
3.445932716142562185e+03
3.446124763297073514e+03
3.446240350639192002e+03
3.446362981799417867e+03
3.446581477763395469e+03
3.446758955394184795e+03
3.446764874606427384e+03
3.446796824242536331e+03
3.447134729020785016e+03
3.447136322555935294e+03
3.447184072769459817e+03
3.447454267749547853e+03
3.447521382905697010e+03
3.447562787838247004e+03
3.447664854986240243e+03
3.447756556206152709e+03
3.447834403759486577e+03
3.447974247907795871e+03
3.448002476415714227e+03
3.448154104422468208e+03
3.448203501179791601e+03
3.448448536986426006e+03
3.448494838413738307e+03
3.448696176264973928e+03
3.448715103023482698e+03
3.448745841794561784e+03
3.448822643550159228e+03
3.448865843846977441e+03
3.448888537650192120e+03
3.448896831385313817e+03
3.449146144764861674e+03
3.449150184215305671e+03
3.449269825016617688e+03
3.449294866351565361e+03
3.449360754154295591e+03
3.449384577774679201e+03
3.449392890776217882e+03
3.449438902255194080e+03
3.449710851871224349e+03
3.449885523599628414e+03
3.450059380656835401e+03
3.450091546906354324e+03
3.450107508115317160e+03
3.450335910247604261e+03
3.450432442109373369e+03
3.450580674234258368e+03
3.450764282016607012e+03
3.450920496789608478e+03
3.450921780081482666e+03
3.450965762154888580e+03
3.451071022321066266e+03
3.451107528371233457e+03
3.451166639037382083e+03
3.451221023924527344e+03
3.451279038237909390e+03
3.451314211289629839e+03
3.451326311914564030e+03
3.451421842614105572e+03
3.451479841226820099e+03
3.451508413844630013e+03
3.451722689506633287e+03
3.451742766777698762e+03
3.451964999972564328e+03
3.452031012215336432e+03
3.452079034823158509e+03
3.452369224801014298e+03
3.452561667449312154e+03
3.452734015556256509e+03
3.452916951481069646e+03
3.452920653001181108e+03
3.452927120070261481e+03
3.452995523794048950e+03
3.453117816404611858e+03
3.453440262012785297e+03
3.453457692242847770e+03
3.453460858270437711e+03
3.453772864777263294e+03
3.453824969938179038e+03
3.453923165510414947e+03
3.453965992748345798e+03
3.454030349137746271e+03
3.454090015178595422e+03
3.454162750433470137e+03
3.454224208685781832e+03
3.454371334880340328e+03
3.454478252658201654e+03
3.454478848617744916e+03
3.454783763557627026e+03
3.454874346960018102e+03
3.454963953116778612e+03
3.455020813482019548e+03
3.455135379257075783e+03
3.455136266433999026e+03
3.455145108685162995e+03
3.455288948519390033e+03
3.455291680706830448e+03
3.455465494690778087e+03
3.455497176911947008e+03
3.455519887989919425e+03
3.455547892482672069e+03
3.455681209279427094e+03
3.455850556429494191e+03
3.456048066907318571e+03
3.456054220970027927e+03
3.456069146730927059e+03
3.456097087857415772e+03
3.456156160092454229e+03
3.456196606120233355e+03
3.456244675843224741e+03
3.456558688599653578e+03
3.456947444945292318e+03
3.457330903757324904e+03
3.457542255530888724e+03
3.457608144545849427e+03
3.457629599492892794e+03
3.457978482776936744e+03
3.458045149815124205e+03
3.458121281554037523e+03
3.458176544985203236e+03
3.458193268692717993e+03
3.458236939116519807e+03
3.458331662720663189e+03
3.458343632488686126e+03
3.458575260431232891e+03
3.458893358110540248e+03
3.458942717121016358e+03
3.458950166688621266e+03
3.458962687655461650e+03
3.459257710286542533e+03
3.459401985970982878e+03
3.459579893265837200e+03
3.459626047181403464e+03
3.459635391737634563e+03
3.459691309154449755e+03
3.459708070458394559e+03
3.460066330066073988e+03
3.460085079392763419e+03
3.460117624101433194e+03
3.460210833961396929e+03
3.460266122979374359e+03
3.460366363426811859e+03
3.460656574825788994e+03
3.460857683784661276e+03
3.460923114924009042e+03
3.460973457008586138e+03
3.460982252779132068e+03
3.461060465391180514e+03
3.461150796481208545e+03
3.461213757133156378e+03
3.461225081579942071e+03
3.461248126101970229e+03
3.461307638577291527e+03
3.461515256068929830e+03
3.461694262335036001e+03
3.462008757678206166e+03
3.462183298297418787e+03
3.462229689390163003e+03
3.462400614810380375e+03
3.462528095982304421e+03
3.462610003529160622e+03
3.462689992686323876e+03
3.462715968057131704e+03
3.462852412300222568e+03
3.462863439708241458e+03
3.463021755659479368e+03
3.463040960994409033e+03
3.463078672473387542e+03
3.463163376348335078e+03
3.463254034782586132e+03
3.463338399644750552e+03
3.463464505808818103e+03
3.463984481899101411e+03
3.464138292770669977e+03
3.464284830196123949e+03
3.464406449168740437e+03
3.464520281022573727e+03
3.464679757349801093e+03
3.464886690331810314e+03
3.465163590185998601e+03
3.465207163408438191e+03
3.465395217198844421e+03
3.465548620060250414e+03
3.465666684052153869e+03
3.465701404036650729e+03
3.466028310236120433e+03
3.466118469419508529e+03
3.466217515038063084e+03
3.466250916483299989e+03
3.466254376634639812e+03
3.466296779425096702e+03
3.466346734296351315e+03
3.466685146404720854e+03
3.466870918207731847e+03
3.467012776965856119e+03
3.467043642942222050e+03
3.467045508083492223e+03
3.467114275857670236e+03
3.467227423401042415e+03
3.467343037720630491e+03
3.467652261286400062e+03
3.467967159553735655e+03
3.468104602305097160e+03
3.468208344412703809e+03
3.468345063730552283e+03
3.468406747256801282e+03
3.468849071164380803e+03
3.468937978167613892e+03
3.469290319400949102e+03
3.469445748865918631e+03
3.469521684911007924e+03
3.469667244967916304e+03
3.469724191965343834e+03
3.469758922067886033e+03
3.469766581530527674e+03
3.469896864049959731e+03
3.469933105525988140e+03
3.470041831503139747e+03
3.470495745323377832e+03
3.470541660647045774e+03
3.470844716440977663e+03
3.471093752347951067e+03
3.471168421387381841e+03
3.471199373694236783e+03
3.471204952521593441e+03
3.471255907663293783e+03
3.471396004629930758e+03
3.471401858535923111e+03
3.471548631354807185e+03
3.471569256737685919e+03
3.471722317790329726e+03
3.472020487769311330e+03
3.472047529167292851e+03
3.472049875480564879e+03
3.472192552509522557e+03
3.472288061912572175e+03
3.472650305540717909e+03
3.472664852349330886e+03
3.472921665436089825e+03
3.473087745036293654e+03
3.473106120507167361e+03
3.473116002514063439e+03
3.473159923926768442e+03
3.473363124432272798e+03
3.473421630603723770e+03
3.473468935850853995e+03
3.473575604577884860e+03
3.473738941210514895e+03
3.473860910744994271e+03
3.473921134481931404e+03
3.474068559659742277e+03
3.474221141939205609e+03
3.474239048956042552e+03
3.474290575989477929e+03
3.474427468460726232e+03
3.474905594233240663e+03
3.474999872996555041e+03
3.475157480192404819e+03
3.475267436649515275e+03
3.475427042501191409e+03
3.475536498278137515e+03
3.475558435617856048e+03
3.475578262652953981e+03
3.475612626837286825e+03
3.475645781494510629e+03
3.475733481279314219e+03
3.475755636729950311e+03
3.475758915158376567e+03
3.475854706226502458e+03
3.476030372353377516e+03
3.476308340859393866e+03
3.476310968502442847e+03
3.476338621519911612e+03
3.476643081046866882e+03
3.476680806768764342e+03
3.476780201627000224e+03
3.476799493484318191e+03
3.476841240927974013e+03
3.476918710822939829e+03
3.477127830932367488e+03
3.477226116405919583e+03
3.477261576892277390e+03
3.477274827848168115e+03
3.477542372298997634e+03
3.477574321325721030e+03
3.477744898170478791e+03
3.477770454829448227e+03
3.477895424326648026e+03
3.478083163333924404e+03
3.478111734885430451e+03
3.478299520177978593e+03
3.478513903477128224e+03
3.478854800820713081e+03
3.478942373263185800e+03
3.479016897031865028e+03
3.479134986004651182e+03
3.479491822708805557e+03
3.479703313264070403e+03
3.479783255347077557e+03
3.479788069893143529e+03
3.479809065521479624e+03
3.479829162608286424e+03
3.480287158499249017e+03
3.480324799617964800e+03
3.480505982586139453e+03
3.480842259680027837e+03
3.480904159009376599e+03
3.480966640697389266e+03
3.481126543151283840e+03
3.481140923653125810e+03
3.481201499321849951e+03
3.481252181451777687e+03
3.481277854796077463e+03
3.481314215724842597e+03
3.481346694677537926e+03
3.481485003944311302e+03
3.481521376031323143e+03
3.481530486671145354e+03
3.481709772137962773e+03
3.481727846807691549e+03
3.481804149580824287e+03
3.481804500743833160e+03
3.481864992666229682e+03
3.481953667596965715e+03
3.482006796959365602e+03
3.482015873934669798e+03
3.482328830623027443e+03
3.482571477952192254e+03
3.482758617417997812e+03
3.482833589198183745e+03
3.482840329009986817e+03
3.482858552926219090e+03
3.482912458661027813e+03
3.483448455815759644e+03
3.483496702693804309e+03
3.483647597682968808e+03
3.483805303402382378e+03
3.483951108222935090e+03
3.484020553956651383e+03
3.484112390863124347e+03
3.484153783502317310e+03
3.484250655095667753e+03
3.484362305466394446e+03
3.484470904370080916e+03
3.484564468979074263e+03
3.484604352188572193e+03
3.484665786957953969e+03
3.484687319004938217e+03
3.485206275296420245e+03
3.485308375856577186e+03
3.485318077218538292e+03
3.485343958376785849e+03
3.485503892113637448e+03
3.485575544721634742e+03
3.485736420014008672e+03
3.485833522145445841e+03
3.486000400043222726e+03
3.486439326797035392e+03
3.486452193341425300e+03
3.486608843775602963e+03
3.486764818863934124e+03
3.486822382913243473e+03
3.486951727359656161e+03
3.486994330127717149e+03
3.487410200821982471e+03
3.487438619615617426e+03
3.487483131122349732e+03
3.487877782398727959e+03
3.488035145115553405e+03
3.488177520190793530e+03
3.488387620602872175e+03
3.488616416107674468e+03
3.488671543477084469e+03
3.488735273590280030e+03
3.488765757902487621e+03
3.489010373262731264e+03
3.489176609192562864e+03
3.489532453095826440e+03
3.489980675201246868e+03
3.490060588084851133e+03
3.490154945620597118e+03
3.490166838549732347e+03
3.490547096659180625e+03
3.491007874307382735e+03
3.491114266051088180e+03
3.491221383678354869e+03
3.491233613615370814e+03
3.491379146873899572e+03
3.491400970564874569e+03
3.491427817738935573e+03
3.491441970754880913e+03
3.491778864954409073e+03
3.491815926436229347e+03
3.492075274485682712e+03
3.492144987942663647e+03
3.492213067418166247e+03
3.492301817196210322e+03
3.492473904373018286e+03
3.492633070507656157e+03
3.492662891100809247e+03
3.492683449052134620e+03
3.492840615048624841e+03
3.492850017244721585e+03
3.493010917520928160e+03
3.493065636896225442e+03
3.493131182430373428e+03
3.493326950888944793e+03
3.493415993214545324e+03
3.493427017977027845e+03
3.493456813028918077e+03
3.493471897159475247e+03
3.493814083228978689e+03
3.493986340097266748e+03
3.494166685019356464e+03
3.494351111582468093e+03
3.494430638178321260e+03
3.494462753234566662e+03
3.494608512759910809e+03
3.494724180605665424e+03
3.494746189449261692e+03
3.494959176510772522e+03
3.495027735341979223e+03
3.495089092222052386e+03
3.495181956975631238e+03
3.495236496254070516e+03
3.495248385146798228e+03
3.495503938463527902e+03
3.495679201783131248e+03
3.496096942921686150e+03
3.496133376886846690e+03
3.496198266426074497e+03
3.496206923297628236e+03
3.496270733983595164e+03
3.496386358054639004e+03
3.496432725385277990e+03
3.496472136944357771e+03
3.496482331370196334e+03
3.496614959839036146e+03
3.496843827554232575e+03
3.497135651718382178e+03
3.497159298492018479e+03
3.497233298153239502e+03
3.497485135027847264e+03
3.497656621268052731e+03
3.497682838180423005e+03
3.497746663380040445e+03
3.497826974054974926e+03
3.497847017437375143e+03
3.498140916409329293e+03
3.498218217932745574e+03
3.498292146194902671e+03
3.498457297243852281e+03
3.498570472941578373e+03
3.498590951835190026e+03
3.498711557973826075e+03
3.498871875703369824e+03
3.499008783286947619e+03
3.499087416230189774e+03
3.499120308208181541e+03
3.499137487182433233e+03
3.499222236359950330e+03
3.499237721785005306e+03
3.499581850871073129e+03
3.499735320440661326e+03
3.500012656618936944e+03
3.500111057137606167e+03
3.500205348915118975e+03
3.500224659160149258e+03
3.500280514074970597e+03
3.500405835753767860e+03
3.500454198587371593e+03
3.500564008534195636e+03
3.500625976334943971e+03
3.500716054595084188e+03
3.500804505228838934e+03
3.500815627100960683e+03
3.500823619276092813e+03
3.500883376961255181e+03
3.500986047257765222e+03
3.501076192813307898e+03
3.501224160141532138e+03
3.501391327069283761e+03
3.501410402669038831e+03
3.501453542184311118e+03
3.501533781076459945e+03
3.501902449886602881e+03
3.502055036045177530e+03
3.502256084648884098e+03
3.502257634984500328e+03
3.502265889734218945e+03
3.502538965753326011e+03
3.502827910249372962e+03
3.502842536580436899e+03
3.503122113797534439e+03
3.503128135435093100e+03
3.503190205900697947e+03
3.503191187789442210e+03
3.503202553824454753e+03
3.503283354629878431e+03
3.503436750460994062e+03
3.503564202425448002e+03
3.503598028148069261e+03
3.503865550971805078e+03
3.504013816912281072e+03
3.504174927875630146e+03
3.504438183755151385e+03
3.504920872557037001e+03
3.505661586168786926e+03
3.505762882525939403e+03
3.505807267180767212e+03
3.505995127006211078e+03
3.506026716084572854e+03
3.506085732415631355e+03
3.506184901323938448e+03
3.506231058282260165e+03
3.506239441214918315e+03
3.506409155685594214e+03
3.506435297761905076e+03
3.506487899528176513e+03
3.506732724446047087e+03
3.506743007094101358e+03
3.506783796367751165e+03
3.506860262671624696e+03
3.506910460458560465e+03
3.506946321398628697e+03
3.506989307137908781e+03
3.507022606256639392e+03
3.507184593715991014e+03
3.507186822624402339e+03
3.507451663744078360e+03
3.507559172448253321e+03
3.507771840023274308e+03
3.507840359588972660e+03
3.507950808076153862e+03
3.507962862665660396e+03
3.508052951113896142e+03
3.508159002698518179e+03
3.508446218961516024e+03
3.508568896724320894e+03
3.508646537753294979e+03
3.508809422096734124e+03
3.508866430836381824e+03
3.508952155043066796e+03
3.509397141449337596e+03
3.509421163921020707e+03
3.509435077225057285e+03
3.509590676829586755e+03
3.509793876346591333e+03
3.510388002626515117e+03
3.510629156513847192e+03
3.510649298594493757e+03
3.510788872931374499e+03
3.510821489786876100e+03
3.510859933215030196e+03
3.511058502054459041e+03
3.511180772198349132e+03
3.511181000110354489e+03
3.511231308231490857e+03
3.511348090923505424e+03
3.511473339819400735e+03
3.511518985261613579e+03
3.511648995580387236e+03
3.511817434391409279e+03
3.511992756524680317e+03
3.512109350796865328e+03
3.512256845693412743e+03
3.512384348010356916e+03
3.512603015989652249e+03
3.512629689703696386e+03
3.512754211138321352e+03
3.512794288441044955e+03
3.512935515067191773e+03
3.512941413981711776e+03
3.512979922030273883e+03
3.513051979977048177e+03
3.513062954494879705e+03
3.513336545104585639e+03
3.513602388359448923e+03
3.513621597674379245e+03
3.513780422189518049e+03
3.513996518850381563e+03
3.514235742277474856e+03
3.514245943917652312e+03
3.514316268611187752e+03
3.514410694914677151e+03
3.514698795621693534e+03
3.514849361453283564e+03
3.514897603042808441e+03
3.514989581010609527e+03
3.515221066621563295e+03
3.515581122207058797e+03
3.515706846130080521e+03
3.515837990300991805e+03
3.515867523979630278e+03
3.515987861810843697e+03
3.516080377184218833e+03
3.516100010749798003e+03
3.516111963819661014e+03
3.516124820727703082e+03
3.516130110667733334e+03
3.516175925811191064e+03
3.516184887199114655e+03
3.516267965715629543e+03
3.516712052289839448e+03
3.516783517450334784e+03
3.517074210131994278e+03
3.517326702080794348e+03
3.517461256073964250e+03
3.517473081550825100e+03
3.517473823987331798e+03
3.518139359064578457e+03
3.518273796640483397e+03
3.518541283667577773e+03
3.518584547037833090e+03
3.518661152846578716e+03
3.518856426592931712e+03
3.518903524094172553e+03
3.518966735311079447e+03
3.519154396207898117e+03
3.519203703458516884e+03
3.519330894901068859e+03
3.519511581816945636e+03
3.519671374227686101e+03
3.519687170227708975e+03
3.519736388740118855e+03
3.519817024623991983e+03
3.519998372615058543e+03
3.520020554800471473e+03
3.520176111086310357e+03
3.520346112096721299e+03
3.520656211738074489e+03
3.520715396033433080e+03
3.520786068154553504e+03
3.520883969635026460e+03
3.521045049548909901e+03
3.521445226452507086e+03
3.521488653143492229e+03
3.521561711842772183e+03
3.521633408675579176e+03
3.521842396165233822e+03
3.522093909253185302e+03
3.522233960148201731e+03
3.522491345585286126e+03
3.522660302736339872e+03
3.522693073660117079e+03
3.522999874069696943e+03
3.523063280891188242e+03
3.523214835368573404e+03
3.523310461291197043e+03
3.523325776143997700e+03
3.523839293471592555e+03
3.523894143770723076e+03
3.524022992339448137e+03
3.524167393526576234e+03
3.524295547369493306e+03
3.524471641854269819e+03
3.524512574828454945e+03
3.524601652575297067e+03
3.524794606542730435e+03
3.524917724035063202e+03
3.525200704284496624e+03
3.525237069353936477e+03
3.525503930109427074e+03
3.525722769963602786e+03
3.525818141347792789e+03
3.525895857911755684e+03
3.525993879563777227e+03
3.526099841372874380e+03
3.526144113893510621e+03
3.526461758672568067e+03
3.526482060047498635e+03
3.526631181754674344e+03
3.526961575048591840e+03
3.527240715216930766e+03
3.527515431476975209e+03
3.527521101910260768e+03
3.528139381882820089e+03
3.528211441813168676e+03
3.528227792516085174e+03
3.528609816311715349e+03
3.528839715862741741e+03
3.528985557060947940e+03
3.528988473599184545e+03
3.529083143884247420e+03
3.529084589688497090e+03
3.529531977489939436e+03
3.529728996314262076e+03
3.529847130474833193e+03
3.529891221335669798e+03
3.530030506901500758e+03
3.530170018247767075e+03
3.530358276937756727e+03
3.530426813525599755e+03
3.530526321335172725e+03
3.530629254216348272e+03
3.530750960857076279e+03
3.530775167772475925e+03
3.530931692215675866e+03
3.530992085461980423e+03
3.531123536120593144e+03
3.531131340837700918e+03
3.531244356499296373e+03
3.531367444587121099e+03
3.531372922209953231e+03
3.531396942965055132e+03
3.531609535791706548e+03
3.531672082767982829e+03
3.531756777528763450e+03
3.531862180914556120e+03
3.532198526188202777e+03
3.532401881154539296e+03
3.532457520654586915e+03
3.532465029675884580e+03
3.532622854377748354e+03
3.532982051938917266e+03
3.533083916517756279e+03
3.533363311661063108e+03
3.533511571363647363e+03
3.533554764018499100e+03
3.533859504547179768e+03
3.534025207120489540e+03
3.534156540827106710e+03
3.534387194221707432e+03
3.534406865518560153e+03
3.534456938859920228e+03
3.534600547678182465e+03
3.534987027731659964e+03
3.535185755429352412e+03
3.535191555151676766e+03
3.535256153769623779e+03
3.535521558469053616e+03
3.535699980583337037e+03
3.535742545273305041e+03
3.536092739814360357e+03
3.536204654522912278e+03
3.536447936440712056e+03
3.536482562451248668e+03
3.536712181260614216e+03
3.536787196403131475e+03
3.536959386310661557e+03
3.537077971182508008e+03
3.537571961526671203e+03
3.537588304340014929e+03
3.537600937839058588e+03
3.537656981482573428e+03
3.537798743025485237e+03
3.537811021734225505e+03
3.538061220668649185e+03
3.538315267527857031e+03
3.538398867719366535e+03
3.538521864354349418e+03
3.538663317577994349e+03
3.538820557619081228e+03
3.539084251204693828e+03
3.539340711662582180e+03
3.539382956775989896e+03
3.539907558600837547e+03
3.540109256536603425e+03
3.540351450988597207e+03
3.540405617481074387e+03
3.540411460639090819e+03
3.540492776949410199e+03
3.540574185850838148e+03
3.540768224445488158e+03
3.540796873245666120e+03
3.540913657402763874e+03
3.540922692701323285e+03
3.540939926680873668e+03
3.540991372055410011e+03
3.541062533047928355e+03
3.541232773818339410e+03
3.541278346313535167e+03
3.541312324241310307e+03
3.541528013039857797e+03
3.541767350759056171e+03
3.541771752760032541e+03
3.541791038601286346e+03
3.541829024388224298e+03
3.542012342323518624e+03
3.542243380695572796e+03
3.542447114707263609e+03
3.542693324884112371e+03
3.542936558606431390e+03
3.543042027223638343e+03
3.543077739155186009e+03
3.543090989736999745e+03
3.543129874071951235e+03
3.543181154478048484e+03
3.543219139569123854e+03
3.543331369891595386e+03
3.543348781163739659e+03
3.543369167520407245e+03
3.543590322717240724e+03
3.543695199814235821e+03
3.543724097287170025e+03
3.543807913012734844e+03
3.543819871291403615e+03
3.543878521618180912e+03
3.544262630116399123e+03
3.544810050690620301e+03
3.544868355558839994e+03
3.545038010872304312e+03
3.545063395768134797e+03
3.545130639900784445e+03
3.545371253049731877e+03
3.545395431323161574e+03
3.545732197853306388e+03
3.545819469289947847e+03
3.545828356101109421e+03
3.546138387047494689e+03
3.546172931800154856e+03
3.546192468106343767e+03
3.546220752244719279e+03
3.546473307528251553e+03
3.546540437776260205e+03
3.546794378158166637e+03
3.546828072909699586e+03
3.547140524976161487e+03
3.547228347145312455e+03
3.547540462698425927e+03
3.547592520726894691e+03
3.547766467928044221e+03
3.547865212732565851e+03
3.548147444528286997e+03
3.548377486363593562e+03
3.548412985732275502e+03
3.548463827365978432e+03
3.548513443680493765e+03
3.548559077874452669e+03
3.548754533984975296e+03
3.548893141605878554e+03
3.549009805088422581e+03
3.549373741526982940e+03
3.549472177773135627e+03
3.549535590055547800e+03
3.549648736118735542e+03
3.549868078466168754e+03
3.549898241565900207e+03
3.549981384610754503e+03
3.549982291508627441e+03
3.550487032515635292e+03
3.550671511527194525e+03
3.550835584663512691e+03
3.550986063110297437e+03
3.551078349853386953e+03
3.551165742887609667e+03
3.551352414271655562e+03
3.551586538859417033e+03
3.551762385911837555e+03
3.551822411282781559e+03
3.551999466973182734e+03
3.552132825163806046e+03
3.552235521581734247e+03
3.552407031391559485e+03
3.552431927986873234e+03
3.552542612708645720e+03
3.552739232050672399e+03
3.552760352505540595e+03
3.552766350439554571e+03
3.553567667448221982e+03
3.553723463497728972e+03
3.553835755666533714e+03
3.553858159846311992e+03
3.553966296739620702e+03
3.554189023660648218e+03
3.554206516172810097e+03
3.554525317929153516e+03
3.554630275584394440e+03
3.554880052494737356e+03
3.555095312447279866e+03
3.555174059191979723e+03
3.555445334794198061e+03
3.555446754493963908e+03
3.555731665692561819e+03
3.555761622256789906e+03
3.555799845930516312e+03
3.555951893594016838e+03
3.556003949282617214e+03
3.556018720061082604e+03
3.556088978558387225e+03
3.556184538904362853e+03
3.556370599209792090e+03
3.556385238945550554e+03
3.556532826599232067e+03
3.556622448631286261e+03
3.556777556877389543e+03
3.557018983951769314e+03
3.557329664511732517e+03
3.557366755573872069e+03
3.557512013928318538e+03
3.557601616478848882e+03
3.557739107925369808e+03
3.557797485321142631e+03
3.557850892687469241e+03
3.557924341705519964e+03
3.557956347100536732e+03
3.558302646392404313e+03
3.558310019991672107e+03
3.558318880943915701e+03
3.558334056018427873e+03
3.558369668178115717e+03
3.558487485025193564e+03
3.558645887487936307e+03
3.558700474931919416e+03
3.558730239042346966e+03
3.558802548883717918e+03
3.558831233237767719e+03
3.559047435138845685e+03
3.559073100941743633e+03
3.559180742237986578e+03
3.559269180678466910e+03
3.559693510911819430e+03
3.559718171132038151e+03
3.560056563908119642e+03
3.560082312849153823e+03
3.560145645300336582e+03
3.560206391734607223e+03
3.560640328745345869e+03
3.560729720617418479e+03
3.561059007147672673e+03
3.561239151701433912e+03
3.561290279958762767e+03
3.561383096436346932e+03
3.561400077702084673e+03
3.561463704212437733e+03
3.561465556937474503e+03
3.561631819123974310e+03
3.561738844525102195e+03
3.561976307007501873e+03
3.562017437372765926e+03
3.562066672868126716e+03
3.562072591727920098e+03
3.562502609923190903e+03
3.562608971970228140e+03
3.562887704557181223e+03
3.562968147236615096e+03
3.563246772519446495e+03
3.563434559095710483e+03
3.563475740319704073e+03
3.563559224762146641e+03
3.563664343773855762e+03
3.563761301275614642e+03
3.563838808053567845e+03
3.564126570862081280e+03
3.564195173239373162e+03
3.564331544506969749e+03
3.564445745876673300e+03
3.564515191918618711e+03
3.564556440246205057e+03
3.564748531520440793e+03
3.564850947203423857e+03
3.565004910306631245e+03
3.565273552178686259e+03
3.565478024053490117e+03
3.565504597364177698e+03
3.565976878850683988e+03
3.566049461840687854e+03
3.566268921544857221e+03
3.566325457401506355e+03
3.566345292100745610e+03
3.566735806718232652e+03
3.566739160711457316e+03
3.566906223771499299e+03
3.566924697088613812e+03
3.567066201166366682e+03
3.567090767134056023e+03
3.567546063421983945e+03
3.567622305328086441e+03
3.568060375049531103e+03
3.568132256328583480e+03
3.568227410777353725e+03
3.568229860831847873e+03
3.568428596103748532e+03
3.568510157656030970e+03
3.568520016880864205e+03
3.568525551829894539e+03
3.568530008719873422e+03
3.568743630419573492e+03
3.568870874743839977e+03
3.569023964972323483e+03
3.569189548724921679e+03
3.569225715023452267e+03
3.569338741917607877e+03
3.569591678490331105e+03
3.569835925366150605e+03
3.569883746811694436e+03
3.569972863006401440e+03
3.570228048735219545e+03
3.570272319080097077e+03
3.570353286965206735e+03
3.570377762338968751e+03
3.570445755330224529e+03
3.570574832351364876e+03
3.570915195930754635e+03
3.570929252114792689e+03
3.571185919556966837e+03
3.571194508976785528e+03
3.571210495936367806e+03
3.571234098143851497e+03
3.571596548512826757e+03
3.571674641271939436e+03
3.571754816999791728e+03
3.571783190377879237e+03
3.572172950183123703e+03
3.572238952903927839e+03
3.572425106117956148e+03
3.572523032180570681e+03
3.572531264361679405e+03
3.572675323236436270e+03
3.572694267574459445e+03
3.572701676650710851e+03
3.572833099210989531e+03
3.572866628531160586e+03
3.572876008516132970e+03
3.573238479152984837e+03
3.573247266099118860e+03
3.573250268096925993e+03
3.573304709993766210e+03
3.573473066178915815e+03
3.573676368330346577e+03
3.573775265377446885e+03
3.573961788544251704e+03
3.574073403420808518e+03
3.574118248201937604e+03
3.574144356787483048e+03
3.574302132799944957e+03
3.574375330566524099e+03
3.574384936354557340e+03
3.574424798618298155e+03
3.574465845036451356e+03
3.574782901186215895e+03
3.574992930808174606e+03
3.575129551551538498e+03
3.575485510613987572e+03
3.575556459132936197e+03
3.575711483108601442e+03
3.575961280239162988e+03
3.576034143996788771e+03
3.576059095822281961e+03
3.576320845889874363e+03
3.576437320864959020e+03
3.576518000835498242e+03
3.576666995446457804e+03
3.576692332645075567e+03
3.576749668890750854e+03
3.576771721471739966e+03
3.576967124095568579e+03
3.576989852480978698e+03
3.577265530452797975e+03
3.577395331621554305e+03
3.578209922838465900e+03
3.578337443812594756e+03
3.578370188958608196e+03
3.578380260371106488e+03
3.578552325583133552e+03
3.578778292559367401e+03
3.578961144688163586e+03
3.579001613337321942e+03
3.579134580163509327e+03
3.579242301703428438e+03
3.579249859252742226e+03
3.579447116075677968e+03
3.579460514746578610e+03
3.579463322131955920e+03
3.579519427426147558e+03
3.579573819779236601e+03
3.579583241896311847e+03
3.579640174619485151e+03
3.579733193513205151e+03
3.579751185929214898e+03
3.579793715202350540e+03
3.579794430162743538e+03
3.579853866408089743e+03
3.579933966350595711e+03
3.580077943110375600e+03
3.580084613350528343e+03
3.580103671839880462e+03
3.580157638735721775e+03
3.580196225553785098e+03
3.580323238371364369e+03
3.580446612133140206e+03
3.580798253700533223e+03
3.580837671462040362e+03
3.580969683497402002e+03
3.581056029027304703e+03
3.581084776172608599e+03
3.581265101222201338e+03
3.581311384613810333e+03
3.581329367795467078e+03
3.581573471875809901e+03
3.582053950418772274e+03
3.582119110183663452e+03
3.582161190330884438e+03
3.582191999755834331e+03
3.582289736352838190e+03
3.582597434065161451e+03
3.582655636346891697e+03
3.582782913047596594e+03
3.582906212893720749e+03
3.582958754908035189e+03
3.582989519173695953e+03
3.582993033562244818e+03
3.583007189612964339e+03
3.583069565147093272e+03
3.583212383484278234e+03
3.583228435779109532e+03
3.583425024063063574e+03
3.583495435666753110e+03
3.583536734623466145e+03
3.583688903324698913e+03
3.583702061115241122e+03
3.583732415102538198e+03
3.583732949173904217e+03
3.583822685420649577e+03
3.583913596007511387e+03
3.584070869838154977e+03
3.584151185053018253e+03
3.584192069771088427e+03
3.584228399417937908e+03
3.584287097556200024e+03
3.584319841201891450e+03
3.584527546662448003e+03
3.584596224270897437e+03
3.584674865456614498e+03
3.585063361759629061e+03
3.585113925444627966e+03
3.585177603922781600e+03
3.585178189779337117e+03
3.585181911473961918e+03
3.585282405559750259e+03
3.585937383752389451e+03
3.586111087947512260e+03
3.586176241154016680e+03
3.586239492471321682e+03
3.586775639988613420e+03
3.586794017647821875e+03
3.586866352093088153e+03
3.587044401177263353e+03
3.587050700262918781e+03
3.587329997452866792e+03
3.587350591334550700e+03
3.587393805974666975e+03
3.587498305944416188e+03
3.587707252791889914e+03
3.587770630597146464e+03
3.587877644282770234e+03
3.587975006892627334e+03
3.588003564245737834e+03
3.588079907547619769e+03
3.588425273353971988e+03
3.588449903771144363e+03
3.588483432676333905e+03
3.588492147694591040e+03
3.588528743503640726e+03
3.588655772847539993e+03
3.588709594936358371e+03
3.588835442394219626e+03
3.588861148200543084e+03
3.589145298356454077e+03
3.589174803621956471e+03
3.589407143648538295e+03
3.589695952429923636e+03
3.589731133165286337e+03
3.590059665088017937e+03
3.590406651613721806e+03
3.590421750872903431e+03
3.590831812702763273e+03
3.591200408338161196e+03
3.591271413434960778e+03
3.591365973565648346e+03
3.591616042387046491e+03
3.591668912764907418e+03
3.591913604854248206e+03
3.591943413428072745e+03
3.592107640455059482e+03
3.592122774611548266e+03
3.592573360585187402e+03
3.592658198706270468e+03
3.592761258835061199e+03
3.592806047257348382e+03
3.592821175809571287e+03
3.592823499741755768e+03
3.593313843847649878e+03
3.593356108050534658e+03
3.593398027121470477e+03
3.593479639058842167e+03
3.593551790079806779e+03
3.593920300432158001e+03
3.593974329834713899e+03
3.594015582892945531e+03
3.594141239334921465e+03
3.594194465869215037e+03
3.594308846734522831e+03
3.594623213590689375e+03
3.594795723448070930e+03
3.595079189921632405e+03
3.595296593644212408e+03
3.595478732532447339e+03
3.595657239976565506e+03
3.595757532123281180e+03
3.595797471651197611e+03
3.595904976883248764e+03
3.595924205544866709e+03
3.596130025777235005e+03
3.596478634542956115e+03
3.596765005026175913e+03
3.596804854212611644e+03
3.597066760384522240e+03
3.597505842117820521e+03
3.597604790819050777e+03
3.597627656108646079e+03
3.597841193455804387e+03
3.597949121680043390e+03
3.598286395728317530e+03
3.598645083219966182e+03
3.598681260541051870e+03
3.598740710333975585e+03
3.598803835014674405e+03
3.599004983380404155e+03
3.599097150843765121e+03
3.599226881716066146e+03
3.599671409928922913e+03
3.600072262355359726e+03
3.600271750573826921e+03
3.600282912758247221e+03
3.600789646673876632e+03
3.600936495406922859e+03
3.601507651009593701e+03
3.601601742590906724e+03
3.601689393824416129e+03
3.602087276190987268e+03
3.602165984101115100e+03
3.602432459065863895e+03
3.602466939416667628e+03
3.602775756730770809e+03
3.602803486045873342e+03
3.603529528310099522e+03
3.603561404000807670e+03
3.603653950624962363e+03
3.604223898984866992e+03
3.604341192450859580e+03
3.604484991331271885e+03
3.604488359476890309e+03
3.605506717313742683e+03
3.605536925712906850e+03
3.605557373023786568e+03
3.605571215629529433e+03
3.605751873224969586e+03
3.605904964614423989e+03
3.605970445122023193e+03
3.606003517088632634e+03
3.606153275796117214e+03
3.606488097738538272e+03
3.606770908972032885e+03
3.606933200540337566e+03
3.607114908091737107e+03
3.607192634212959547e+03
3.608537217553176561e+03
3.608556007451594269e+03
3.608589358150695716e+03
3.608862590583447854e+03
3.609127061896225769e+03
3.609557028758477827e+03
3.609619055128362561e+03
3.609632874144617290e+03
3.609893083104777816e+03
3.610025398411517926e+03
3.610031395668329424e+03
3.610136745284474728e+03
3.610724518339759470e+03
3.610811213249756292e+03
3.611324195090230205e+03
3.611775915921300111e+03
3.611835585876807272e+03
3.612146347298491492e+03
3.612478786876940831e+03
3.612591817873051696e+03
3.613019153573568474e+03
3.613171384089191179e+03
3.613371012213789072e+03
3.613425430177871476e+03
3.613645962441682514e+03
3.614255327162133199e+03
3.614274957763833754e+03
3.615019358127988198e+03
3.615256190650121880e+03
3.615400311397103451e+03
3.615936187259700546e+03
3.616063395267802662e+03
3.616169487118136658e+03
3.616471467273232520e+03
3.616720657950420446e+03
3.617052171213716520e+03
3.617450327616277264e+03
3.617489161158707248e+03
3.618130963482169136e+03
3.618451720937591745e+03
3.619450265635857249e+03
3.619988399523112548e+03
3.620625285626603272e+03
3.621261510196462041e+03
3.621450907299490609e+03
3.621681512703405588e+03
3.621890499877706134e+03
3.622423771090894661e+03
3.622666348128831032e+03
3.622761492367214487e+03
3.623472629574006987e+03
3.623482344218962680e+03
3.623558155782471658e+03
3.623936737090200040e+03
3.625200514356187796e+03
3.625281167754229500e+03
3.626437970850167403e+03
3.626556694564418649e+03
3.626589892424874051e+03
3.626678856826506944e+03
3.626700953394803946e+03
3.626761967645089044e+03
3.627373452391276714e+03
3.627555101168760302e+03
3.628263109083748077e+03
3.628272919921357698e+03
3.628338727740326249e+03
3.629085637079696426e+03
3.629548392503821105e+03
3.629597213019842911e+03
3.629917861156010531e+03
3.629919291703164618e+03
3.629979563116322879e+03
3.630072411080277561e+03
3.630242159141725551e+03
3.630718338837953070e+03
3.630760361433793150e+03
3.630912508029294713e+03
3.631311437424848918e+03
3.631344718592350546e+03
3.631717368129340684e+03
3.631786773403214283e+03
3.631944528985412035e+03
3.632075959313946441e+03
3.632208335535200149e+03
3.632437005743128793e+03
3.632582220703947769e+03
3.632699996958892825e+03
3.632888458321031976e+03
3.633118270274980205e+03
3.633672321597476639e+03
3.633714892478612910e+03
3.633931726950515895e+03
3.634619957484248516e+03
3.634702567094434926e+03
3.635596710958875519e+03
3.635655773542870975e+03
3.635768573345357709e+03
3.636755742761128204e+03
3.637384262312256396e+03
3.637683811056090690e+03
3.637698343673874660e+03
3.637963337614022294e+03
3.638354921098039995e+03
3.638384982275929360e+03
3.639252708404646000e+03
3.639648533257507097e+03
3.640182365820000086e+03
3.640765845038278258e+03
3.640870095463717917e+03
3.641482658303342760e+03
3.641513568762575687e+03
3.641687971574674975e+03
3.641975693168098132e+03
3.642231137331364152e+03
3.643107482178520058e+03
3.643354567172084899e+03
3.643688621557635543e+03
3.643805071677632441e+03
3.643911919976690115e+03
3.644068970663333857e+03
3.644440176604914996e+03
3.644636485154745969e+03
3.645644366075855032e+03
3.646482535601380732e+03
3.647213554460660362e+03
3.647472222544578926e+03
3.647888979975829443e+03
3.647973973507238043e+03
3.648022231646019009e+03
3.648092711854670597e+03
3.648425096306272280e+03
3.648568683015707393e+03
3.648770120599043366e+03
3.648795665456970255e+03
3.649420202666317437e+03
3.649860161042623531e+03
3.649924285293282082e+03
3.650140294460792120e+03
3.650158756364180590e+03
3.650286469152175414e+03
3.650442325768424325e+03
3.650554393037755290e+03
3.650911571746573372e+03
3.651168113401955452e+03
3.651283468070275831e+03
3.651355423150537717e+03
3.651508197938547255e+03
3.651629955794958732e+03
3.651782733870682478e+03
3.652375195402908048e+03
3.652687939670400738e+03
3.652846173750857815e+03
3.653112988358519033e+03
3.653753902387596554e+03
3.654127146624411125e+03
3.654196470627351118e+03
3.654700555073465694e+03
3.655212310446434003e+03
3.655299404696457259e+03
3.655849510723820913e+03
3.655873481489932601e+03
3.655895032955560055e+03
3.656019898229211321e+03
3.656412327776635721e+03
3.656661056028856365e+03
3.656678944129485899e+03
3.656705184823949367e+03
3.657137099109013889e+03
3.657242847433892166e+03
3.657532037488101196e+03
3.658121679907443195e+03
3.658198186867019103e+03
3.658671194130457025e+03
3.659221120119162606e+03
3.659245884495609516e+03
3.659523030358068809e+03
3.659648559085943816e+03
3.659675044121167502e+03
3.659918484033370987e+03
3.660002676333824184e+03
3.660184911337395988e+03
3.660438448737947965e+03
3.660496563380067528e+03
3.660797076597129490e+03
3.661345038358746933e+03
3.661554850018548223e+03
3.661610455406995698e+03
3.662095890900036011e+03
3.662407368819974636e+03
3.662898276633510250e+03
3.662959403183736413e+03
3.663347411229578029e+03
3.663378875081458773e+03
3.663608355150668558e+03
3.664202133952162058e+03
3.664366956399000628e+03
3.664420537536469055e+03
3.664501430481008356e+03
3.664525568635527634e+03
3.665142121211301401e+03
3.665788584751448980e+03
3.666336978866704612e+03
3.666382977319855399e+03
3.666450315256155591e+03
3.666494194385267747e+03
3.666781090962371309e+03
3.667048294276752131e+03
3.667466034067659621e+03
3.667469041719122288e+03
3.667928881526294845e+03
3.668070230173142591e+03
3.668100389801526035e+03
3.668234476219439784e+03
3.668734984173419889e+03
3.668947812537760910e+03
3.668988424620310070e+03
3.669282499379623459e+03
3.669537083284973960e+03
3.669640173840046828e+03
3.669682009437150100e+03
3.669700663777205591e+03
3.669819072561016128e+03
3.670208452592062258e+03
3.670258327685043696e+03
3.670622174652457943e+03
3.670706134299212863e+03
3.671254836178217829e+03
3.672037986135455867e+03
3.672068149918663494e+03
3.672362032388406988e+03
3.672571731777527475e+03
3.672693181916234153e+03
3.672725644166163420e+03
3.672814496039574806e+03
3.673486052509786987e+03
3.673881220230951840e+03
3.674006528923199312e+03
3.674788605001383530e+03
3.674812736398767811e+03
3.675017027553045864e+03
3.675392306142647158e+03
3.675556008703712905e+03
3.675724143892968186e+03
3.675856493628767566e+03
3.675873541666886013e+03
3.675973608912075179e+03
3.676050304831731864e+03
3.676501095750322747e+03
3.676876477166721997e+03
3.677326564688432882e+03
3.677447450297543583e+03
3.677575266465832101e+03
3.678063410380726054e+03
3.678119207623521561e+03
3.678360051382173879e+03
3.678525860711107271e+03
3.678765069005999976e+03
3.678864210596797875e+03
3.678877274289643992e+03
3.679009085699423849e+03
3.679321289378893653e+03
3.679363885867812314e+03
3.679459877344071629e+03
3.679536978433721742e+03
3.679610919936103073e+03
3.679792219396233577e+03
3.680011029191164198e+03
3.680847015040008955e+03
3.680938817367709362e+03
3.681558218017774834e+03
3.682240850157581463e+03
3.682278555047670125e+03
3.682371694665306677e+03
3.683349869869396116e+03
3.683981198907571979e+03
3.684040235632613985e+03
3.684064922097171348e+03
3.684378006114142408e+03
3.685455802983184185e+03
3.685621587090852699e+03
3.685657521514601740e+03
3.685818015497785836e+03
3.685854261239372136e+03
3.686199099968294831e+03
3.686463590534431660e+03
3.686753476156933175e+03
3.686805723066673636e+03
3.687085103194428029e+03
3.687192890791959144e+03
3.687366995573482654e+03
3.687455078445357685e+03
3.688016902674893572e+03
3.688201016578485905e+03
3.688211913011999513e+03
3.688777904694086374e+03
3.688904423064174352e+03
3.688932217433819005e+03
3.689247800997800368e+03
3.689393938398680802e+03
3.689412756837406960e+03
3.690196692168223308e+03
3.690275721949625677e+03
3.690367724418683792e+03
3.691053037463433611e+03
3.691116286077356563e+03
3.691629507804909736e+03
3.691633267964544302e+03
3.692038284933030354e+03
3.692844473758460026e+03
3.692929594242871190e+03
3.693044166327240418e+03
3.693180291418598699e+03
3.693533294041506451e+03
3.693600391832535024e+03
3.693907606410474273e+03
3.694516948982279700e+03
3.694978904523793972e+03
3.695015136607564727e+03
3.695452562852610754e+03
3.695609177185619046e+03
3.695885437652421388e+03
3.696438743384341251e+03
3.696498741418424288e+03
3.696701537424283288e+03
3.696958219597300740e+03
3.697439674614108299e+03
3.697539878520079128e+03
3.698444154154520675e+03
3.698675933463217461e+03
3.699088252640440260e+03
3.699180242991000341e+03
3.699266126308138155e+03
3.699364144386936459e+03
3.699622167247146081e+03
3.699796979946267584e+03
3.699801895959097237e+03
3.699873628869420827e+03
3.700240923562852004e+03
3.700849601573873770e+03
3.701171325250752489e+03
3.701313232417267500e+03
3.701326796139668659e+03
3.701640350978133938e+03
3.702082494670209144e+03
3.702513563802506724e+03
3.702934654925102677e+03
3.703368572396362651e+03
3.703436078596360858e+03
3.703553951488689108e+03
3.703784855358961067e+03
3.703832172234718655e+03
3.704321350667794832e+03
3.704390599846564783e+03
3.704543392738696639e+03
3.704842235859787706e+03
3.704958508266743593e+03
3.705141060695378201e+03
3.705406780396478098e+03
3.705729819461652369e+03
3.705901425291550822e+03
3.706171700163545211e+03
3.706686599777269748e+03
3.707721233712945377e+03
3.708042634241681299e+03
3.708138908744776472e+03
3.708939777077838698e+03
3.708997342670702892e+03
3.709322959798621014e+03
3.709573260484611637e+03
3.709635445395982060e+03
3.710297413817732377e+03
3.710354154342840502e+03
3.710966587694437294e+03
3.711598427936748521e+03
3.711673588555821425e+03
3.711902129963568314e+03
3.712092245540009571e+03
3.712419306760727977e+03
3.712649586606215962e+03
3.712781512620987996e+03
3.712787972892198923e+03
3.712916261320342528e+03
3.713390506692385316e+03
3.713409318669958338e+03
3.713748259193982904e+03
3.713970156696811046e+03
3.714045042587300941e+03
3.714058499392553131e+03
3.714330154083544130e+03
3.714847262389051139e+03
3.714930430077175515e+03
3.715258255477793227e+03
3.715641130409920606e+03
3.715933005279245208e+03
3.715948116859174206e+03
3.716139152691344407e+03
3.716369558685518768e+03
3.716385650596467713e+03
3.716897226686434806e+03
3.717413428009123891e+03
3.717443919100204766e+03
3.717499962863642850e+03
3.717835693898611680e+03
3.718005851624328443e+03
3.718646722855070948e+03
3.719066393467475791e+03
3.719246397726788473e+03
3.719277560793193970e+03
3.719385916860399902e+03
3.719444848056872161e+03
3.719550608641194231e+03
3.719732789867227893e+03
3.720495937729313937e+03
3.720646914553190072e+03
3.720866873686989038e+03
3.721232954322887053e+03
3.721970342371647348e+03
3.722042787407054675e+03
3.722152121579662435e+03
3.722803476264717574e+03
3.722834381288192617e+03
3.722855544083614404e+03
3.722954301935505100e+03
3.724220347730345111e+03
3.724420740758997908e+03
3.725024718187215967e+03
3.725114618496270396e+03
3.725116570869811767e+03
3.725390863075957895e+03
3.725515001313981429e+03
3.725534036914868466e+03
3.725774774795689609e+03
3.726413082364156253e+03
3.726862940540033833e+03
3.728071596190890887e+03
3.728232576256968059e+03
3.728307536410038210e+03
3.728347036991474852e+03
3.728360854455897424e+03
3.728617542525444605e+03
3.729126572426389885e+03
3.729700169963599365e+03
3.729718908055527208e+03
3.730180574889412128e+03
3.731333181566870735e+03
3.731596614405112177e+03
3.732044534167239817e+03
3.732256533810754718e+03
3.732360330663879722e+03
3.732646234135974737e+03
3.732646841433843292e+03
3.732976032442488759e+03
3.733505605117606592e+03
3.734287161799657497e+03
3.734562764810537828e+03
3.735114963911702489e+03
3.735174747844835110e+03
3.735271095927944316e+03
3.735401017546229014e+03
3.735448781735833109e+03
3.736595523018578660e+03
3.737289562363552704e+03
3.738061985446984636e+03
3.738096417017219665e+03
3.738115852702512257e+03
3.738169802268676904e+03
3.738205492044640323e+03
3.738290877663761876e+03
3.738642141980970337e+03
3.738698549237784846e+03
3.739102741731953301e+03
3.739281710797301912e+03
3.739454941111215703e+03
3.739510597419201986e+03
3.740340723611201611e+03
3.740718102066346091e+03
3.740790898908001964e+03
3.740830458646213174e+03
3.740896277085486872e+03
3.741074725598626173e+03
3.741150215726904662e+03
3.741324855211354134e+03
3.741333106499326277e+03
3.741838003590474727e+03
3.742128046121616080e+03
3.742297671165087195e+03
3.742657956487857973e+03
3.742711223456716652e+03
3.742771898241960116e+03
3.742987248152588563e+03
3.743138930218704900e+03
3.743363123136819013e+03
3.744071014041307990e+03
3.744214216945306816e+03
3.744414813524528199e+03
3.745077914431298723e+03
3.745211682068354548e+03
3.745279859432917874e+03
3.745603469140325615e+03
3.746104812154871979e+03
3.746500473901300211e+03
3.747404727080635439e+03
3.747537189787100488e+03
3.747557061417944169e+03
3.747634997125758673e+03
3.747910536462061373e+03
3.748052754798180104e+03
3.748196154043047500e+03
3.748438306482561984e+03
3.748516783696375569e+03
3.748595294080172607e+03
3.748852777830334617e+03
3.749107094333161967e+03
3.749326969082068899e+03
3.749445216075344433e+03
3.749655307123282455e+03
3.750314213338325317e+03
3.750405298090123779e+03
3.750418943578597464e+03
3.750639492275859538e+03
3.750962825025462735e+03
3.751073068901577244e+03
3.751132033117390165e+03
3.751426297069662724e+03
3.751549205487994641e+03
3.751549713456819518e+03
3.752218228153488326e+03
3.752493508283008396e+03
3.752521792993388317e+03
3.753063874943436531e+03
3.753430921890476384e+03
3.753570636380887208e+03
3.753607016732627926e+03
3.753650986780166022e+03
3.753728565412996886e+03
3.753777277580189093e+03
3.753942450453982929e+03
3.754209245842760993e+03
3.754999277953162164e+03
3.755051030320349582e+03
3.755220386947489715e+03
3.755238302815287170e+03
3.755666859495324388e+03
3.755784024718581350e+03
3.755834635917371088e+03
3.756024804964975374e+03
3.756380326147219876e+03
3.756479853897336397e+03
3.756565338578243427e+03
3.756711979190040438e+03
3.757480225273040105e+03
3.758030672180847432e+03
3.758287337051612212e+03
3.758830722162383154e+03
3.759225180716442537e+03
3.759399237801952950e+03
3.759573209064390539e+03
3.759596495481234342e+03
3.759633340151101038e+03
3.759693079013973147e+03
3.760076919033122522e+03
3.760208319115415179e+03
3.760440293075750560e+03
3.760461826727626431e+03
3.760986983920648072e+03
3.761256930060914783e+03
3.761497911602973545e+03
3.762356416757107127e+03
3.762451884636746399e+03
3.762564051982865749e+03
3.762707685147696338e+03
3.763359387871352283e+03
3.763682539328145140e+03
3.763829642400987268e+03
3.764283595242842694e+03
3.764652526678042250e+03
3.764724966770616902e+03
3.764743204572435388e+03
3.764993695915159151e+03
3.765605451688695211e+03
3.765852538795430519e+03
3.766028868349118056e+03
3.766059265607154884e+03
3.766182520156391092e+03
3.766442027482184585e+03
3.766472950147622669e+03
3.766578996782382092e+03
3.767053323940368955e+03
3.767085627499252496e+03
3.767440247438464667e+03
3.767469525083898134e+03
3.767515343271066740e+03
3.767964949673095362e+03
3.767967930460784828e+03
3.768072439134915840e+03
3.768161805725031172e+03
3.768806626737218721e+03
3.768813463002660683e+03
3.769522137444031614e+03
3.769636909822232610e+03
3.769693464715436676e+03
3.769725469267374592e+03
3.770148926374017719e+03
3.771116197610259405e+03
3.771206898473054480e+03
3.771944774394373781e+03
3.772188455250488914e+03
3.772656065089837284e+03
3.773422514755449356e+03
3.773988594160533466e+03
3.773990346060943011e+03
3.774185928144705940e+03
3.774409967161372606e+03
3.774899543915494633e+03
3.774958548564913599e+03
3.776046133522068885e+03
3.776365707578934689e+03
3.776425873756409146e+03
3.776530066924927269e+03
3.776735620794071110e+03
3.776950318331926610e+03
3.777328614160684083e+03
3.777946798658140324e+03
3.778606716753093679e+03
3.778809048284940218e+03
3.779454733662600574e+03
3.779729797530825635e+03
3.780221932335118254e+03
3.780997669693379521e+03
3.781383814051566333e+03
3.781482243959326297e+03
3.781922933023140104e+03
3.782180001030446419e+03
3.782699733315578669e+03
3.783118159993216068e+03
3.783283957710796130e+03
3.783693386652118988e+03
3.783777842482762935e+03
3.784227221392710362e+03
3.784255117195361890e+03
3.784620226412771899e+03
3.784833240124716212e+03
3.784867275482085915e+03
3.785267193962885358e+03
3.785727928581336073e+03
3.785805391780889749e+03
3.786249789832258102e+03
3.786754760523814639e+03
3.787122673649862463e+03
3.787126015310769617e+03
3.787131657195255684e+03
3.787183672428416685e+03
3.787476740936536771e+03
3.787563460157254667e+03
3.787873446828909891e+03
3.787993104993527595e+03
3.788806482788681478e+03
3.789120277810799962e+03
3.789803110452407964e+03
3.790216516803295235e+03
3.790272927293262910e+03
3.790275796035461099e+03
3.790678044602456339e+03
3.790911811712877352e+03
3.791249640880248990e+03
3.791346653777823121e+03
3.792014639079016888e+03
3.792502713048448641e+03
3.793160378266537919e+03
3.793583326597068663e+03
3.793603686975182427e+03
3.793785459333613289e+03
3.794121049877662244e+03
3.794560247710002841e+03
3.794727522161564593e+03
3.795359313628604014e+03
3.796109607871523622e+03
3.796148989148303372e+03
3.796170343910777319e+03
3.796738883969916060e+03
3.797773361115261650e+03
3.798379591879527652e+03
3.798401434150863679e+03
3.798944348819946754e+03
3.799111343677876903e+03
3.799442327574073261e+03
3.800071616005262968e+03
3.800724005058685179e+03
3.801292412845735271e+03
3.801523452143244867e+03
3.801670244940181419e+03
3.801678881979769812e+03
3.801814083450130966e+03
3.802017443708950395e+03
3.802200411320955936e+03
3.802743490722819843e+03
3.803138246572170374e+03
3.803157217101796505e+03
3.803555120845324382e+03
3.803683627284201066e+03
3.803794999594066212e+03
3.803945437565991142e+03
3.804032909529983044e+03
3.804362777346464554e+03
3.804457808965994900e+03
3.804549909609857423e+03
3.805109863717386361e+03
3.805207458507621595e+03
3.805909981973603863e+03
3.806030338679151100e+03
3.806078225032290902e+03
3.806369593643722510e+03
3.806388852035612672e+03
3.806968800994008234e+03
3.807210311849749814e+03
3.807891538132100322e+03
3.808197632516782505e+03
3.808595684887315201e+03
3.808606275219560757e+03
3.808692226033622319e+03
3.808703298964601800e+03
3.809038654189302179e+03
3.809127341478227663e+03
3.809422301543594585e+03
3.809464636048342072e+03
3.809708224212628465e+03
3.809913923146301386e+03
3.810342339415073184e+03
3.810909509992239691e+03
3.811327086443246117e+03
3.811678736932947686e+03
3.811869749559534739e+03
3.812037151319044369e+03
3.812497214723391153e+03
3.812781603500943675e+03
3.813073002578177693e+03
3.813619026422751176e+03
3.814226106805505424e+03
3.814571056044790112e+03
3.814651786386338699e+03
3.814690665167328916e+03
3.814818916025867566e+03
3.814852163086929068e+03
3.814942878792649935e+03
3.815114381612131183e+03
3.815230335263476263e+03
3.815328163444869460e+03
3.815381107086770953e+03
3.815538053496949942e+03
3.815559395436673640e+03
3.815672083381437005e+03
3.815841069394014539e+03
3.816096874943567855e+03
3.816199336352358841e+03
3.816244894942474730e+03
3.816453533953027090e+03
3.816693350497112533e+03
3.817261473842510895e+03
3.817528805669295252e+03
3.817616880498550017e+03
3.817670474267984446e+03
3.818093961403744743e+03
3.818278002991422909e+03
3.818710122848848187e+03
3.818881994770602887e+03
3.818909888234016307e+03
3.819532828511301886e+03
3.819690231182454227e+03
3.820008454419627924e+03
3.820692798003409735e+03
3.820780617581233855e+03
3.820805210509600784e+03
3.820824643301125434e+03
3.821168303174948051e+03
3.821641515023605734e+03
3.821697618946873263e+03
3.822480905921162503e+03
3.822541942573851429e+03
3.822846450475459733e+03
3.823050760733722655e+03
3.823381103701014126e+03
3.823876468305061735e+03
3.824410421802476776e+03
3.824448539708608678e+03
3.824765149527269386e+03
3.824887725644707189e+03
3.825381935081323718e+03
3.825646467677299825e+03
3.825720736115840282e+03
3.826181305332427200e+03
3.826284699910564996e+03
3.826520461239487304e+03
3.827011473033440780e+03
3.827145174092231628e+03
3.827188671621358026e+03
3.827845970756492079e+03
3.828267441888372105e+03
3.828522811940854808e+03
3.828795767626842462e+03
3.828796046973445300e+03
3.828884663553468272e+03
3.829227900063894594e+03
3.829735287814717140e+03
3.829807769855789047e+03
3.830519978684633770e+03
3.830540338699240237e+03
3.831026709376224517e+03
3.831340814451246843e+03
3.831749353828894073e+03
3.831927042485133825e+03
3.832180838647101609e+03
3.832343225782794889e+03
3.832557230788171637e+03
3.833155772831883041e+03
3.833190644443175643e+03
3.833945602686942948e+03
3.834219819008601007e+03
3.834235645009643122e+03
3.834718742593337538e+03
3.834795468846863059e+03
3.834880251821959973e+03
3.835177583742566185e+03
3.835218533948543609e+03
3.835464895016338232e+03
3.835910215788509504e+03
3.836197751237218654e+03
3.836435681983565701e+03
3.836565552602477055e+03
3.836902084137826932e+03
3.837122242764896328e+03
3.837301222219622105e+03
3.837405817095700513e+03
3.837492021654918972e+03
3.837737000741778957e+03
3.838150773644585115e+03
3.838674550962684862e+03
3.839873593230600818e+03
3.840016322385411513e+03
3.840425043272588027e+03
3.841165412620575808e+03
3.841260872189334350e+03
3.841296097829151677e+03
3.841505307970388458e+03
3.841674247932370236e+03
3.841804951380920556e+03
3.842211281937746662e+03
3.842710365072102377e+03
3.842902277426422188e+03
3.842973936091826999e+03
3.843216201883552458e+03
3.843304612479621028e+03
3.843558509949775271e+03
3.843954644185338566e+03
3.844148739477852814e+03
3.844554069590966719e+03
3.844746255307588399e+03
3.845177780696256832e+03
3.845621397136395444e+03
3.845960444258101688e+03
3.846087888182752977e+03
3.846188218025711194e+03
3.846309584128929146e+03
3.846337831345554150e+03
3.846866420488050608e+03
3.846926258702063933e+03
3.846967907773949719e+03
3.847416949223076244e+03
3.848018294518884431e+03
3.848373618644719500e+03
3.848482069444796707e+03
3.848600143060078153e+03
3.848678967357903730e+03
3.849053172899876245e+03
3.849054889985308364e+03
3.849075057834415475e+03
3.849276747246555260e+03
3.849424986579093456e+03
3.849833721306988537e+03
3.850174980138311184e+03
3.850568787253804658e+03
3.850645846692988925e+03
3.850671212989368087e+03
3.853028338712714685e+03
3.853262875732869816e+03
3.853412750122758553e+03
3.853485113181781344e+03
3.853687890034505472e+03
3.853895403834262197e+03
3.853960347937021652e+03
3.853965232745958929e+03
3.854034908150648789e+03
3.854103610616724836e+03
3.854391507993776941e+03
3.854710353985041820e+03
3.854739674396553255e+03
3.855566394741114891e+03
3.856303794834814653e+03
3.856885538414028815e+03
3.857296796472548067e+03
3.857385583620700800e+03
3.857644174402456883e+03
3.857695917309635206e+03
3.857830374850065255e+03
3.857899664299942742e+03
3.858074343293239508e+03
3.858153445976233343e+03
3.858908633775085491e+03
3.859170994888233963e+03
3.859710297697200986e+03
3.860971780167096313e+03
3.861120138931751171e+03
3.861381555285035120e+03
3.861661358699668654e+03
3.861739656977561935e+03
3.862015249311314165e+03
3.862090146790410017e+03
3.862231138819863190e+03
3.862351588511422960e+03
3.862410595298013504e+03
3.862715110967681994e+03
3.862894190974652702e+03
3.862926283081347719e+03
3.862979435650505366e+03
3.863349781072744463e+03
3.864075531984506142e+03
3.865199333061355901e+03
3.865371596117478930e+03
3.865402495486005137e+03
3.865822190128657439e+03
3.866592800808886750e+03
3.866607964435439499e+03
3.867005670344629380e+03
3.867200002767572187e+03
3.867247239453188286e+03
3.867298612393279654e+03
3.867384799448325339e+03
3.867838781876965641e+03
3.868037716250134963e+03
3.868094594727144340e+03
3.868216381561166145e+03
3.868531867719027559e+03
3.868623813358265579e+03
3.869252650532506323e+03
3.869775092094469528e+03
3.870419982368769979e+03
3.870673686928869301e+03
3.871022326758838062e+03
3.871130178419732147e+03
3.871906263328693967e+03
3.872410462900716539e+03
3.872456878708951081e+03
3.872477566403119909e+03
3.872779513036602111e+03
3.872791243921814839e+03
3.872947092249617981e+03
3.873239373314660497e+03
3.873370293094401404e+03
3.873668886599879897e+03
3.873745516269110340e+03
3.874643064365499413e+03
3.875204670452024402e+03
3.875457947538510780e+03
3.876586689039825160e+03
3.876669260951618980e+03
3.877306303858139927e+03
3.877386845352758428e+03
3.877579392497089430e+03
3.877658796494068611e+03
3.877725507916591596e+03
3.877736564848370563e+03
3.878343018494309035e+03
3.878706265715040445e+03
3.878784195505742900e+03
3.879105353139920226e+03
3.879833737406320324e+03
3.879982923713720083e+03
3.880023996134866593e+03
3.880565343051262516e+03
3.880843900629633936e+03
3.880902826019468193e+03
3.880905767347495384e+03
3.881366092828464843e+03
3.881540463709743563e+03
3.881575678733551740e+03
3.881624966483949720e+03
3.881732609493072232e+03
3.882690281370361845e+03
3.882700348480510911e+03
3.882873813417526890e+03
3.883028432179585707e+03
3.883136666762387449e+03
3.883484226246451271e+03
3.883879347900924586e+03
3.884012374510166410e+03
3.884243170318687589e+03
3.884415984555866999e+03
3.884611475471754147e+03
3.884720818093626349e+03
3.884723880954845299e+03
3.884733737066474077e+03
3.885183532422866847e+03
3.886030747427350434e+03
3.886334308455896462e+03
3.886391295601940328e+03
3.886686413934407028e+03
3.886805913145969953e+03
3.887097530661132623e+03
3.887132128800015380e+03
3.889509486872975685e+03
3.889853407450360919e+03
3.890095505408411100e+03
3.890163962042480307e+03
3.891171999788208268e+03
3.891256259360310196e+03
3.891628797963693160e+03
3.891868316816308379e+03
3.892794935817734768e+03
3.892804177679638087e+03
3.892823905866440327e+03
3.892923966715216920e+03
3.893480845799696453e+03
3.893548339401537305e+03
3.893656804553470465e+03
3.893778559682592913e+03
3.894424716550099220e+03
3.894806471877397598e+03
3.894883476486066229e+03
3.895249487844964278e+03
3.895461469834080617e+03
3.895562197773328080e+03
3.895808378458928928e+03
3.895914651488667459e+03
3.896662713641263053e+03
3.897478270699250061e+03
3.897501915849503348e+03
3.898050468118712615e+03
3.898547823060036535e+03
3.898654934577097265e+03
3.899374540323686233e+03
3.899526370177132321e+03
3.899585195749315517e+03
3.899851556912554770e+03
3.900642275803642406e+03
3.900736375933153340e+03
3.901016354394791961e+03
3.901178796426665485e+03
3.901312194684902806e+03
3.901678246764560754e+03
3.901695631452355428e+03
3.901716279462589227e+03
3.901741130652882475e+03
3.902327894501227547e+03
3.902470872477587818e+03
3.902504921254130750e+03
3.902644449988341876e+03
3.902701699279342392e+03
3.902987922361291112e+03
3.903070156922627120e+03
3.903289095939463095e+03
3.903346376193549077e+03
3.903359791576711359e+03
3.904194513891409315e+03
3.904609875220417052e+03
3.904644737741254630e+03
3.904961137368201435e+03
3.905311333521970937e+03
3.905363545210445409e+03
3.905447389682123685e+03
3.906065256044339094e+03
3.906070869791984933e+03
3.906083992130225852e+03
3.906349144194611654e+03
3.906647860663356369e+03
3.906690511469593275e+03
3.906925644165531139e+03
3.906932055836244217e+03
3.907442799012769683e+03
3.907462764604381846e+03
3.907491270130239172e+03
3.907501233855177816e+03
3.907611446412694477e+03
3.907689674965326958e+03
3.907742150457369462e+03
3.907904199658175457e+03
3.908289549856779104e+03
3.909119224443457824e+03
3.909234930671292204e+03
3.909235970658223778e+03
3.909635926820344139e+03
3.910017961459757316e+03
3.910020901973230139e+03
3.910519484705615469e+03
3.911067986673230280e+03
3.911176164184259051e+03
3.911246387060897632e+03
3.911266820922056922e+03
3.911334890419378553e+03
3.911605487477157567e+03
3.912003939160537357e+03
3.912083448820616468e+03
3.912601730225643678e+03
3.912613438822783337e+03
3.912700483770747724e+03
3.912834980474180156e+03
3.912904189314016548e+03
3.913191492486436346e+03
3.913318579490798129e+03
3.913366989485296017e+03
3.913665046789605640e+03
3.913973982625962435e+03
3.914009345365534045e+03
3.914359679671832055e+03
3.914390267573842721e+03
3.914738068167555866e+03
3.914834231003804234e+03
3.914976745699013918e+03
3.915005646270655689e+03
3.915339491432009254e+03
3.915361904757098728e+03
3.915655517339028393e+03
3.915704630042880581e+03
3.916002048901555099e+03
3.916088517111434612e+03
3.916240322520696282e+03
3.916565288025121845e+03
3.916645182620373362e+03
3.917440137308048634e+03
3.917577266313040582e+03
3.917638804963391067e+03
3.918504088875928574e+03
3.919557840655407290e+03
3.919688398600721939e+03
3.919752649352596563e+03
3.919850616517554045e+03
3.920039123178651607e+03
3.920377861266847958e+03
3.920504511434458436e+03
3.920843995465059379e+03
3.921302034066776741e+03
3.921362015262369823e+03
3.921410104166814108e+03
3.921704552969245469e+03
3.921828712871888001e+03
3.922188956181286812e+03
3.922247731732209104e+03
3.922506626667875480e+03
3.922788086089475200e+03
3.923018211578461887e+03
3.923968106337408244e+03
3.924233764162303032e+03
3.924254040492976401e+03
3.924356336115129125e+03
3.924669966453180223e+03
3.924878145752917590e+03
3.925104296474309194e+03
3.925513086391821162e+03
3.925743231512831699e+03
3.925792120583763335e+03
3.926110069527466294e+03
3.926570452147524065e+03
3.926692660760801573e+03
3.926963484030191466e+03
3.926990183658288061e+03
3.927095568089721837e+03
3.927198626552801670e+03
3.927303542064755220e+03
3.927319854624654454e+03
3.927325324464015466e+03
3.927568827623131710e+03
3.928873947342214706e+03
3.929085417788014638e+03
3.929630715419625176e+03
3.929758359033863599e+03
3.930050797871198938e+03
3.930063404715157503e+03
3.930068476992865271e+03
3.930069563452885632e+03
3.930110248528515967e+03
3.930208080331140991e+03
3.931072969830904640e+03
3.931162137083643302e+03
3.931222786925473883e+03
3.931366337445307181e+03
3.931446792282229580e+03
3.931916521624223151e+03
3.931985781841627158e+03
3.932065012526109513e+03
3.932443782701159762e+03
3.932448105670554469e+03
3.932691488791174834e+03
3.933106516967362495e+03
3.933162409325020690e+03
3.933173756120597773e+03
3.933175903189186556e+03
3.933540111370180966e+03
3.934128738744195743e+03
3.934287385751057172e+03
3.934391983075712233e+03
3.934435883598183864e+03
3.934667009650901491e+03
3.934816037815370692e+03
3.934854232503567346e+03
3.935238621838915151e+03
3.935358032603930951e+03
3.935393699831107824e+03
3.935889131854821244e+03
3.936324389472438725e+03
3.936453350861299896e+03
3.936476204860058260e+03
3.936486867204028385e+03
3.936686616354179932e+03
3.937830808796222755e+03
3.938116879607302508e+03
3.938211610810008096e+03
3.938226235007819923e+03
3.938356145372608808e+03
3.938468984191132222e+03
3.938573178239063509e+03
3.938643922128896520e+03
3.939136690965417984e+03
3.939209476124493904e+03
3.939220421837354934e+03
3.939396974929295084e+03
3.939550985341054457e+03
3.939578947726143269e+03
3.939663456846089957e+03
3.939774654054353960e+03
3.940014370991322721e+03
3.940016585127978033e+03
3.940019770553246872e+03
3.940329324850720241e+03
3.940357647686755172e+03
3.941318490455142182e+03
3.941369646519100115e+03
3.941632765233789087e+03
3.941756340827395888e+03
3.941858034167900769e+03
3.941892699062875181e+03
3.942019367807680737e+03
3.942085503836390217e+03
3.942317939847689104e+03
3.942464655296346791e+03
3.942685865583280702e+03
3.943342708978381779e+03
3.943469597792203786e+03
3.944182142549498167e+03
3.944515613465243405e+03
3.944815364031368517e+03
3.944852591856209074e+03
3.944968288598447543e+03
3.945476373570695614e+03
3.945825129500285129e+03
3.945866134694399534e+03
3.945934033731659383e+03
3.946037049632448543e+03
3.946192238923148579e+03
3.946222719741925175e+03
3.947655807583186743e+03
3.947784911204837499e+03
3.948118162501843472e+03
3.948513833499032444e+03
3.948668871328949081e+03
3.949272320166946429e+03
3.949396406476808806e+03
3.949401078752191552e+03
3.949620271350407620e+03
3.949660587808160017e+03
3.949724704616536656e+03
3.949763377398760440e+03
3.949963676578140621e+03
3.950051470326250183e+03
3.950112534401445828e+03
3.950130026329690281e+03
3.950937791865283998e+03
3.950966002441985893e+03
3.951303256325468737e+03
3.951456808136156269e+03
3.951536732843329901e+03
3.951836895564738825e+03
3.952011947027252518e+03
3.952283603550408316e+03
3.952499048625175419e+03
3.953112432317971980e+03
3.953140636437900866e+03
3.953193376056793568e+03
3.953469929673475235e+03
3.953519475578574202e+03
3.953890147911642089e+03
3.954087039184692003e+03
3.954452388486448854e+03
3.954795485623131754e+03
3.954798914657103978e+03
3.954868131698759953e+03
3.955310471405908174e+03
3.956023885379197964e+03
3.956151934478084058e+03
3.956223386395133275e+03
3.956459994503958569e+03
3.957563013930706802e+03
3.957612598067701128e+03
3.957758974631442015e+03
3.957840570799937723e+03
3.957904495621709430e+03
3.958110087835710601e+03
3.958245808985564508e+03
3.958385776297369375e+03
3.958552384512001936e+03
3.958626775991504473e+03
3.958699888687602652e+03
3.959301281062280850e+03
3.959431258272326431e+03
3.959805038683406110e+03
3.959918555736721373e+03
3.960509988789307499e+03
3.960681954522608976e+03
3.960738655091649434e+03
3.960740262628724849e+03
3.961340016059272784e+03
3.961378084287532602e+03
3.961440457481749945e+03
3.961843848084049114e+03
3.961953949478935101e+03
3.962023993722071737e+03
3.962324781903656913e+03
3.962498084058011955e+03
3.962515103702647593e+03
3.962623764719588962e+03
3.962651106135595001e+03
3.962666667814452921e+03
3.962845866815880072e+03
3.962979549502045302e+03
3.963711196590749296e+03
3.964151666848579225e+03
3.964180134840314167e+03
3.964215736868230124e+03
3.964337468797248675e+03
3.964426099747524859e+03
3.964506770806855457e+03
3.964521441439515911e+03
3.964644594835672251e+03
3.964682718924656911e+03
3.964781461206040603e+03
3.964856572161142594e+03
3.964869868317297460e+03
3.965480844856015665e+03
3.965940213588577080e+03
3.965964896912204495e+03
3.965997338069078978e+03
3.966366454254689870e+03
3.966756313253234111e+03
3.967023763478887304e+03
3.967169169991705530e+03
3.967425011453207389e+03
3.967512119713259835e+03
3.968061154899448411e+03
3.968144726651084056e+03
3.968340226713856737e+03
3.968499250977993142e+03
3.968682700841833594e+03
3.968696155590093440e+03
3.969000135764520110e+03
3.969289904464809297e+03
3.969310841384117793e+03
3.969326676640370351e+03
3.969570336530674467e+03
3.969891663623411660e+03
3.970641425103262918e+03
3.971039410378835782e+03
3.971195311261167262e+03
3.971309628091868490e+03
3.971695976326702748e+03
3.971846614371038868e+03
3.972555884119423808e+03
3.972697719073896224e+03
3.972990578394890235e+03
3.973219035312877622e+03
3.973228371747780784e+03
3.973436855708827352e+03
3.973587028093093068e+03
3.973593149395794171e+03
3.973943372873020962e+03
3.973985226807202253e+03
3.974205411545322931e+03
3.974607542841340546e+03
3.974622979887354632e+03
3.975219547800616510e+03
3.975453911902920026e+03
3.975536536004065510e+03
3.975658548428375525e+03
3.975822800624535830e+03
3.976100837736508765e+03
3.976109048998743219e+03
3.976165203288320299e+03
3.976206344728668682e+03
3.976265348720006386e+03
3.976388059995868844e+03
3.976628484313827357e+03
3.977095781356134466e+03
3.977153140807328327e+03
3.978034794904619957e+03
3.978338143329923241e+03
3.978745336414942813e+03
3.979021083586753321e+03
3.979347862004243325e+03
3.979554262539096726e+03
3.979663255440972534e+03
3.979996857639751397e+03
3.980118282071808153e+03
3.980300027930832584e+03
3.980781127291562370e+03
3.980868507975737884e+03
3.981220119726519897e+03
3.981353335713361048e+03
3.981764294367908860e+03
3.981875148097311467e+03
3.981924435096395428e+03
3.982050859748911989e+03
3.982152755729777709e+03
3.982161545911611483e+03
3.982216262228864252e+03
3.982391063945095084e+03
3.982472501244672458e+03
3.982822540820823178e+03
3.983614114542344851e+03
3.983832726670768352e+03
3.983878311156969630e+03
3.984177064792310830e+03
3.984264981920279752e+03
3.984495902905339335e+03
3.984697905219582935e+03
3.985019308371178340e+03
3.985362183081616877e+03
3.985539952554212505e+03
3.985583399082263895e+03
3.985997774534175733e+03
3.986145679031288637e+03
3.986163771338208335e+03
3.986444846710012371e+03
3.986599890802638129e+03
3.987223159767202105e+03
3.987381756676721125e+03
3.987473030872729396e+03
3.987687051812775735e+03
3.987783818227039774e+03
3.988102924007530873e+03
3.988296523269370937e+03
3.988394670918750307e+03
3.988824626740635267e+03
3.988876725995035031e+03
3.988950471307181942e+03
3.989040061515551770e+03
3.989354204508006660e+03
3.989412509504074478e+03
3.989640919224982554e+03
3.989965722016741438e+03
3.990009144178648967e+03
3.990068133462415972e+03
3.990287314667601549e+03
3.990786685524566565e+03
3.991233002202850912e+03
3.991614444590539279e+03
3.991801831562682764e+03
3.992031825405849759e+03
3.992144985056985661e+03
3.992238651910057797e+03
3.992506521189693103e+03
3.992870805671469498e+03
3.992929374955556341e+03
3.992951931458303534e+03
3.992978972768749827e+03
3.993312511517095118e+03
3.993421693513463197e+03
3.993721769303889687e+03
3.993796894306565719e+03
3.994120577653396140e+03
3.994342990759952954e+03
3.994355271662731411e+03
3.994435687115087603e+03
3.994516790795596535e+03
3.995381798912046634e+03
3.995402911444289657e+03
3.995894408276287322e+03
3.996003296774119008e+03
3.996410986722260986e+03
3.996521108957483193e+03
3.996553990560395960e+03
3.996699993540142259e+03
3.996844349314153078e+03
3.997082840830221357e+03
3.997192831968461633e+03
3.997425182690160455e+03
3.997447232924566379e+03
3.998093286972821716e+03
3.998127451800491599e+03
3.998213004034619644e+03
3.998552716301358942e+03
3.998653586462696694e+03
3.998728764094427788e+03
3.998862640057164754e+03
3.999189886457862485e+03
3.999692973221987813e+03
4.000423059539808492e+03
4.000457085299694427e+03
4.000566954064071524e+03
4.000847899495529873e+03
4.000910613565112726e+03
4.001011700669259881e+03
4.001680865981107672e+03
4.001726283978804076e+03
4.001848174517982898e+03
4.001858675739208138e+03
4.001871942362450682e+03
4.002262961875180736e+03
4.002274922757627337e+03
4.002692185448255714e+03
4.002867627404693849e+03
4.003029176405847920e+03
4.003328413865156563e+03
4.003331486528552887e+03
4.003674262004609318e+03
4.003909050932548325e+03
4.004028021576020365e+03
4.004482384608957545e+03
4.004610843252893574e+03
4.004845554692430142e+03
4.005343107167043399e+03
4.005365105891546591e+03
4.005432502041205225e+03
4.005729307665822034e+03
4.006064656261301025e+03
4.006171747877057442e+03
4.006279716398287746e+03
4.006601912465864189e+03
4.006631004217359532e+03
4.006853560298526190e+03
4.007066598684120436e+03
4.007095107642033781e+03
4.007292164876673269e+03
4.007758020716754345e+03
4.007833507854671552e+03
4.008159875355494478e+03
4.008236520323618151e+03
4.008329892187940004e+03
4.008653627267443881e+03
4.008938613146890930e+03
4.008956758827254816e+03
4.009017743829637766e+03
4.009088324631346950e+03
4.009208240764369748e+03
4.009245845731381451e+03
4.009260666794854842e+03
4.009507591211646741e+03
4.009513708042833969e+03
4.009875901799542135e+03
4.010349667296286952e+03
4.010478836961573961e+03
4.010493114626019633e+03
4.010512352275420199e+03
4.010586195749486706e+03
4.010664756466766903e+03
4.011096052635156866e+03
4.011213197111335376e+03
4.011319420441059265e+03
4.011455872573072156e+03
4.011540897382360527e+03
4.011558034599928305e+03
4.011720199810607028e+03
4.011740681673632480e+03
4.012039265037816676e+03
4.012360845735312523e+03
4.012489364722358914e+03
4.012572339749074672e+03
4.012694620647900138e+03
4.012711741614081348e+03
4.013050668304849751e+03
4.013084991505881590e+03
4.013263626898667098e+03
4.014072349924017090e+03
4.014332797802484947e+03
4.014472316347655124e+03
4.014486313252981290e+03
4.014709379375013214e+03
4.014919702825733566e+03
4.015132179106687090e+03
4.015512371352123409e+03
4.015715013828305928e+03
4.015924668549174385e+03
4.016187352102599107e+03
4.016736902884509163e+03
4.016864749344456868e+03
4.016887805207403289e+03
4.017215232676387132e+03
4.017608860441077468e+03
4.017828275677415604e+03
4.017887641991004784e+03
4.018277470648723465e+03
4.018388720971809562e+03
4.018522897616457612e+03
4.019363576243210446e+03
4.019563114309614775e+03
4.019579898815536581e+03
4.019592400558915415e+03
4.019742498328185320e+03
4.019789776807735961e+03
4.019851942578169201e+03
4.020197354531385827e+03
4.020270816773737806e+03
4.020433064778001153e+03
4.020569612386790141e+03
4.020819710960089651e+03
4.020826085624232746e+03
4.020891840037018483e+03
4.021056829952168755e+03
4.021071117734880318e+03
4.021126983143503821e+03
4.021896909553673595e+03
4.022063718787401285e+03
4.022358007677274145e+03
4.022466546776469841e+03
4.022546216664682106e+03
4.022653098517520448e+03
4.022743136375286667e+03
4.022841222566632950e+03
4.022951543432878225e+03
4.023147934362402339e+03
4.023534608245732215e+03
4.023828921824638201e+03
4.024049141119011438e+03
4.024220585832132656e+03
4.024260166291393034e+03
4.024356248817054166e+03
4.024386018718943433e+03
4.024698300450134866e+03
4.024711073485478664e+03
4.024713392744954490e+03
4.024774959879815015e+03
4.025012599154169038e+03
4.025479224270772647e+03
4.025510673039602352e+03
4.025901687647180552e+03
4.026087078016276337e+03
4.026357413947617260e+03
4.027075748063723495e+03
4.027107945599892901e+03
4.027169925599099315e+03
4.027186853838978550e+03
4.027629358276903531e+03
4.027760568264943231e+03
4.027933141714290741e+03
4.028352171188115790e+03
4.028656308391991388e+03
4.028825636055676114e+03
4.028923614322699905e+03
4.028956910733363657e+03
4.029515065507983309e+03
4.029519847152854709e+03
4.029607439890122350e+03
4.029635152684768400e+03
4.029668122647312885e+03
4.029681386336450487e+03
4.029855332038701363e+03
4.029922351543369587e+03
4.029922830776037699e+03
4.029924061080639149e+03
4.030086776070502310e+03
4.030109079932087752e+03
4.030221324544794243e+03
4.030382296160175883e+03
4.030494059366413694e+03
4.030616818838404015e+03
4.030630838670610501e+03
4.030651508235977872e+03
4.031399324368666385e+03
4.031499832684306057e+03
4.031790981698399264e+03
4.031834466987876112e+03
4.032043261961381177e+03
4.032105532167975525e+03
4.032386340839982950e+03
4.032747394100411384e+03
4.032776706997337442e+03
4.032922779880034795e+03
4.033093693981043543e+03
4.033175009413962016e+03
4.033183488098015914e+03
4.033318145674731113e+03
4.033834292137556531e+03
4.034382725153149295e+03
4.034438609839548008e+03
4.034467974632467303e+03
4.034805395018863692e+03
4.034917623177631867e+03
4.035037281790571797e+03
4.035117022921779153e+03
4.035187027532450884e+03
4.035322821547457806e+03
4.035463908291917051e+03
4.035769351030674898e+03
4.035899430248989120e+03
4.036488095217903265e+03
4.036720744202545575e+03
4.036774781106634236e+03
4.036783855730598589e+03
4.037377373958269345e+03
4.037420081721867518e+03
4.037747739112773615e+03
4.038098095433349954e+03
4.038748282203731378e+03
4.039159566428654216e+03
4.039279926085781881e+03
4.039320871896193694e+03
4.039435261781250119e+03
4.039461279046302934e+03
4.040090222749139230e+03
4.040749814570219769e+03
4.040784683436072555e+03
4.041074695697992865e+03
4.041151523697698394e+03
4.041163405485366638e+03
4.041410433051899417e+03
4.041581209726588440e+03
4.041684289298640124e+03
4.041738634174467279e+03
4.041841339233817507e+03
4.042142530488041757e+03
4.042175928273357385e+03
4.042311791992385679e+03
4.042559315837084796e+03
4.042568240100521962e+03
4.042573957976160273e+03
4.042587892969652330e+03
4.042778009209489028e+03
4.042794507104766126e+03
4.043038567170115130e+03
4.043367198283724974e+03
4.043712217702383896e+03
4.044080077699688445e+03
4.044382845153485050e+03
4.044430603787281598e+03
4.044509951403702416e+03
4.044735441114335117e+03
4.044761522240001796e+03
4.045263919727937264e+03
4.045341842709957746e+03
4.045611711361364996e+03
4.045669860685028652e+03
4.045746167658119703e+03
4.045922729697325849e+03
4.046174868103635163e+03
4.046279531414868416e+03
4.046418046880899055e+03
4.046427678079492580e+03
4.047543396696736636e+03
4.048033283784821379e+03
4.048050109221785078e+03
4.048212860080720020e+03
4.048237722342380948e+03
4.048551477674000125e+03
4.048637757870883433e+03
4.048652753199191466e+03
4.048752009331207319e+03
4.050220471843259475e+03
4.050290790557660330e+03
4.050720838044037919e+03
4.050758888010496776e+03
4.050791941492660499e+03
4.050968503615835289e+03
4.051517340081122711e+03
4.051599610000764187e+03
4.051794998747118825e+03
4.051869310827264144e+03
4.051911502063543594e+03
4.051950360311077475e+03
4.052007360301889548e+03
4.052335256085336368e+03
4.052368262859383321e+03
4.052662875422800425e+03
4.052701033644785639e+03
4.052763475573812684e+03
4.052773575150862598e+03
4.052786697203977837e+03
4.052966984461682841e+03
4.053064780223521211e+03
4.053388723873810250e+03
4.053806421698643589e+03
4.053864780752872321e+03
4.053920826859031422e+03
4.054095801546398889e+03
4.054314973953305980e+03
4.054493943194503572e+03
4.056297416594807146e+03
4.057101719999695433e+03
4.057197950239400143e+03
4.057211300960276276e+03
4.057277378371150462e+03
4.057406523628043033e+03
4.057530719442673217e+03
4.057560660069239020e+03
4.057575139449146263e+03
4.057992679057559144e+03
4.058588951260985596e+03
4.058641565447029734e+03
4.058730980298131726e+03
4.058932474577039557e+03
4.059026549074327249e+03
4.059074257909872813e+03
4.059332826763246885e+03
4.059699180776130561e+03
4.059704318386388877e+03
4.059909168446476542e+03
4.060001434467771560e+03
4.060186964080480266e+03
4.060230507025759835e+03
4.060256967542585699e+03
4.060966401303239763e+03
4.061423862862216083e+03
4.061645810174900816e+03
4.062506047210118595e+03
4.063060313512236917e+03
4.063128736775596735e+03
4.063260000634088556e+03
4.063502524717182041e+03
4.063608855640092315e+03
4.063646444417088787e+03
4.063668763250327174e+03
4.063807377996225114e+03
4.064108443927334520e+03
4.064321972840741182e+03
4.064461131837645553e+03
4.064545075724737217e+03
4.065533785117708703e+03
4.066132186288331468e+03
4.066149274760346998e+03
4.066150824750666288e+03
4.066353766707289651e+03
4.066505557261587455e+03
4.066524780431295312e+03
4.066652693518644810e+03
4.066817200557438355e+03
4.067039515311951618e+03
4.067119779805175313e+03
4.067292718002947367e+03
4.067329427729418512e+03
4.067790561623048234e+03
4.068001196768675527e+03
4.068484847937436371e+03
4.068796235901392720e+03
4.068959427734448582e+03
4.069015122199849884e+03
4.069225476506587711e+03
4.069443834325854823e+03
4.069445494188059001e+03
4.069586687986194647e+03
4.069745397857840544e+03
4.069939981793890183e+03
4.070742471136280528e+03
4.070800560532828058e+03
4.070829804928456269e+03
4.070853560803326218e+03
4.071115829872867835e+03
4.071223122519995741e+03
4.071560906811519544e+03
4.071629945091487571e+03
4.071644063335920237e+03
4.072281114077126404e+03
4.072328544900943598e+03
4.072486047968892308e+03
4.072715791599361182e+03
4.073028254230777293e+03
4.073072860596825194e+03
4.073123232789529538e+03
4.073202517558911040e+03
4.073498730811291352e+03
4.073680967822101138e+03
4.073721758305798176e+03
4.073883269768485206e+03
4.074125449734044196e+03
4.074331873409369109e+03
4.074766151112597981e+03
4.075015869698324423e+03
4.075149981787626984e+03
4.075566098817286729e+03
4.076224549137799841e+03
4.076268531644939685e+03
4.076300715441977900e+03
4.076627839069502897e+03
4.076683094552204693e+03
4.076763517035786208e+03
4.076933880233423679e+03
4.077034926703341171e+03
4.077076009577908280e+03
4.077089721526680023e+03
4.077176897321575325e+03
4.077372871725184268e+03
4.077657054128765594e+03
4.078231391482627714e+03
4.078474806275661649e+03
4.078778043635020367e+03
4.079057058235347085e+03
4.079204790293355927e+03
4.079288697958667854e+03
4.079471327955568995e+03
4.079703791134383664e+03
4.079813766678330467e+03
4.080060764127774291e+03
4.080065583318591052e+03
4.080307763246607010e+03
4.080464551913911691e+03
4.080630549038205118e+03
4.080872643427405819e+03
4.081025273541684783e+03
4.081271853099642613e+03
4.081521445554230013e+03
4.081832879955891713e+03
4.081858061227242160e+03
4.081895084212359507e+03
4.081937332663063899e+03
4.082076684067962105e+03
4.082287072765181620e+03
4.082551383891236128e+03
4.082606258364840414e+03
4.082627497538866010e+03
4.082766798830806238e+03
4.082851536734829097e+03
4.082870560169539203e+03
4.082908070812211463e+03
4.082960620495661260e+03
4.083053572870992411e+03
4.083153949227647900e+03
4.083623795461157897e+03
4.083649866216943792e+03
4.083662718977164786e+03
4.083694015454076634e+03
4.083746852129124818e+03
4.084113654556268557e+03
4.084248810784859870e+03
4.084392845680466053e+03
4.084431285946878688e+03
4.085065221589918565e+03
4.085411257403086893e+03
4.086083645130252989e+03
4.086488873412964040e+03
4.086564589167117902e+03
4.086650077252082156e+03
4.086694606936279342e+03
4.087029538033008066e+03
4.087087784189179274e+03
4.087753999815182851e+03
4.087757519121035330e+03
4.087939156576216646e+03
4.088141518218335477e+03
4.088212651330608423e+03
4.088285962194811873e+03
4.088310124080222067e+03
4.088319820668679768e+03
4.088892370269737057e+03
4.089002140633956969e+03
4.089233919931479704e+03
4.090133711862975360e+03
4.090200230224796542e+03
4.090215152492015932e+03
4.090268399644084639e+03
4.090812106539565775e+03
4.091866147913193345e+03
4.092027118975850954e+03
4.092447110719286229e+03
4.092471088669529763e+03
4.092485999614322736e+03
4.092532621332303279e+03
4.092638744059277997e+03
4.093309710147770147e+03
4.093318848684559725e+03
4.093920520999739892e+03
4.093960529634219711e+03
4.094001825947971611e+03
4.094084012501191410e+03
4.094147868338087392e+03
4.094312722437069169e+03
4.094624081170996305e+03
4.095263651248733368e+03
4.095395969167871954e+03
4.095400831740061676e+03
4.095758063325125477e+03
4.096046679617474183e+03
4.096080885760567980e+03
4.096386448739116531e+03
4.096733190535253925e+03
4.096868397122641909e+03
4.096871967974507243e+03
4.097248268995482249e+03
4.098159724630945675e+03
4.098339176047715227e+03
4.098391188686059650e+03
4.098502518215259443e+03
4.098655765713549954e+03
4.098816727010453178e+03
4.099130020836510084e+03
4.099303287439413907e+03
4.099961536589306888e+03
4.100173448589971485e+03
4.100380120636722495e+03
4.100508210635218347e+03
4.101124654397686754e+03
4.101228006513460059e+03
4.101391053928055044e+03
4.101625317181818900e+03
4.101631520104129777e+03
4.102113494316254219e+03
4.102259812482858251e+03
4.102724028104153149e+03
4.102816801503975512e+03
4.102870120512143330e+03
4.103124591585332382e+03
4.103418113036302202e+03
4.103517943921771803e+03
4.103613970864606017e+03
4.103632795056128998e+03
4.103663469717179396e+03
4.103670906257912065e+03
4.103738649400458598e+03
4.103818046433727432e+03
4.103951027927316318e+03
4.104047564027663611e+03
4.105756347720447593e+03
4.105911669831793006e+03
4.106395206457101267e+03
4.106434162878316783e+03
4.106452331016678727e+03
4.106588786970162801e+03
4.106768920908885775e+03
4.106869323315589099e+03
4.106990703642517474e+03
4.107784033027530313e+03
4.108040071789208014e+03
4.108122389609498896e+03
4.108127376104722316e+03
4.108282423930759251e+03
4.108362592211182346e+03
4.108401518879087234e+03
4.108622144576791470e+03
4.108692064715681227e+03
4.109238380168018011e+03
4.109339109918757458e+03
4.109493997182167732e+03
4.109597094024372382e+03
4.110056268249137247e+03
4.110056477788215489e+03
4.110091906165142063e+03
4.110718842762127679e+03
4.110788131897095809e+03
4.110834863149792000e+03
4.110889699063392982e+03
4.111225700592700377e+03
4.111375809640005173e+03
4.111510356678999415e+03
4.111533943991698834e+03
4.111685941254043428e+03
4.111780985313485871e+03
4.112029584558489660e+03
4.112136184183314072e+03
4.112407135199373442e+03
4.112444200379567519e+03
4.112543475941050929e+03
4.112573737519499446e+03
4.112618573971470141e+03
4.112797155832789940e+03
4.112968630014435803e+03
4.113043511278950973e+03
4.113116294231489519e+03
4.113718208541876265e+03
4.113908460686729086e+03
4.113909436912531419e+03
4.114174375225090444e+03
4.114216299196637010e+03
4.114456792260122711e+03
4.114531684085426605e+03
4.114702944036773260e+03
4.114828044746988780e+03
4.114838292143021135e+03
4.115039315009811617e+03
4.115293675902822542e+03
4.115360355339378657e+03
4.115401863032294386e+03
4.115532442420662846e+03
4.116730026906723651e+03
4.116738393101686597e+03
4.117140832989157389e+03
4.117240793649790248e+03
4.117623636957890994e+03
4.117831820510825310e+03
4.118020450906003134e+03
4.118187743171870352e+03
4.118219188153785581e+03
4.118431347710322370e+03
4.118494653148120051e+03
4.118670640737224858e+03
4.118704026387890735e+03
4.118779921750990070e+03
4.118931791200847329e+03
4.119212065308865931e+03
4.119403528555581033e+03
4.119493771175966685e+03
4.120237363097090565e+03
4.120997020565637285e+03
4.121025066273968150e+03
4.121385936075881546e+03
4.121737400140963473e+03
4.121938911580829881e+03
4.122010783495253236e+03
4.122044818109277003e+03
4.122737269264067436e+03
4.123291115201210232e+03
4.123539824549519835e+03
4.123650925605831617e+03
4.123824646971867878e+03
4.124495640336746874e+03
4.124518906862923359e+03
4.124675292143555453e+03
4.124996095313992555e+03
4.125045084389555086e+03
4.125157194209024965e+03
4.125243414412331731e+03
4.125344510346774769e+03
4.125562873310756913e+03
4.126051170332192669e+03
4.126141045130563725e+03
4.126312786657473225e+03
4.126493619944749298e+03
4.126528190189444103e+03
4.126601678851191537e+03
4.126648397104264404e+03
4.126943303652124087e+03
4.126965798017345151e+03
4.127252946845551378e+03
4.127357436621629859e+03
4.127536724192737893e+03
4.127638242811293821e+03
4.127868550174172924e+03
4.128167434655976649e+03
4.128333176545577771e+03
4.128404896860867666e+03
4.128541576486485610e+03
4.128621496031917559e+03
4.129089574664139946e+03
4.129094109756965736e+03
4.129273686255713983e+03
4.129454367965994606e+03
4.129986799552345474e+03
4.130103758994230702e+03
4.130183490316094321e+03
4.130756036998778654e+03
4.130845616194676040e+03
4.131445462445077283e+03
4.131463937193712809e+03
4.131541640543470749e+03
4.131645751442239089e+03
4.131991212034312412e+03
4.132543823318578688e+03
4.132594726164113126e+03
4.132696390597810023e+03
4.132845559231686821e+03
4.132917410595818183e+03
4.132992022311786968e+03
4.133030481405021419e+03
4.133058098069484004e+03
4.133148358861678389e+03
4.133882592762739478e+03
4.134283445685146035e+03
4.134447072977571224e+03
4.134523757644582474e+03
4.135332462621218838e+03
4.135560860373847390e+03
4.135734645118126537e+03
4.135740139556392023e+03
4.135854800759463615e+03
4.135995754822904019e+03
4.136087043143712435e+03
4.136359415875663217e+03
4.136574529532541419e+03
4.136605928769427010e+03
4.136800044702165906e+03
4.136960432213923013e+03
4.138077359160696687e+03
4.138115227735564076e+03
4.138248812651282606e+03
4.138365688326512100e+03
4.138542216753457069e+03
4.138586113439167093e+03
4.138674074938297963e+03
4.138791973065690399e+03
4.138890055790298902e+03
4.139096296427695961e+03
4.139466354476404376e+03
4.139548789081173709e+03
4.139606211279108720e+03
4.139631548734388161e+03
4.139779789787990012e+03
4.140686644909106690e+03
4.140802743757885764e+03
4.141691077582475373e+03
4.141778446024607547e+03
4.142509407053044924e+03
4.142841962884630448e+03
4.143020792468768377e+03
4.143061754851000842e+03
4.143306506787667786e+03
4.143671861582623933e+03
4.143931514133253586e+03
4.144205020655978842e+03
4.144215577926428523e+03
4.144220071785380242e+03
4.144325759164402371e+03
4.144437600490769000e+03
4.145023583841804793e+03
4.145249476957699699e+03
4.145259724787436426e+03
4.145463600411138941e+03
4.145562773971651040e+03
4.145749350028869230e+03
4.145769173052030965e+03
4.145800125689658671e+03
4.146333158322454437e+03
4.146337087835317107e+03
4.146493979149349798e+03
4.147117285841096418e+03
4.147701433793843535e+03
4.147880744958773903e+03
4.148084707525233171e+03
4.148669133592763501e+03
4.149338165015323284e+03
4.149397221385574994e+03
4.149492012050799531e+03
4.149612221765632967e+03
4.149827600535813872e+03
4.149917082379263775e+03
4.149962837073078845e+03
4.150197228629728670e+03
4.150336264467508954e+03
4.150342123038788486e+03
4.150439547773981758e+03
4.150490864844356111e+03
4.150573664321400429e+03
4.150660650380449624e+03
4.150941957499790988e+03
4.150978133739285113e+03
4.151077298972787503e+03
4.151171999854637761e+03
4.151318729586796508e+03
4.151447760420325721e+03
4.151501346178015410e+03
4.151597146347737180e+03
4.151736480931849655e+03
4.151870011942626661e+03
4.152134874491641312e+03
4.152160763984757978e+03
4.152649809018414999e+03
4.152999706467580836e+03
4.153327899936026370e+03
4.153625760510230975e+03
4.154304359388665034e+03
4.154576297109263578e+03
4.154625810169570286e+03
4.154765743408231174e+03
4.155089620971537443e+03
4.155384663664959589e+03
4.155431608899334606e+03
4.155551042645680354e+03
4.155664262016894099e+03
4.155709604778612629e+03
4.155886834102124340e+03
4.155895190709041344e+03
4.155904067696377751e+03
4.156280307797259411e+03
4.156369550682372392e+03
4.156382268820011632e+03
4.156446015897656252e+03
4.156594339308881899e+03
4.156645786408786989e+03
4.156880296057224768e+03
4.157276302728720111e+03
4.157387236619252690e+03
4.157398566818207655e+03
4.157487400665932000e+03
4.157506816547728704e+03
4.157625377757267415e+03
4.157713898911996694e+03
4.157754659823332986e+03
4.157918635050669764e+03
4.158279144773609005e+03
4.158374815554919223e+03
4.158532151936806258e+03
4.158625225752069127e+03
4.158721305687926360e+03
4.158802221099566850e+03
4.159086900275986409e+03
4.159397734166967894e+03
4.159628821524805971e+03
4.160311637930006327e+03
4.160324217024519385e+03
4.160497189095110116e+03
4.160588451153108508e+03
4.160627169160976337e+03
4.160802032372206668e+03
4.160930570404178070e+03
4.161016557932784963e+03
4.161031637503231650e+03
4.161123248567490009e+03
4.161243127432685469e+03
4.161356113905095299e+03
4.161485053898654769e+03
4.161608920452859820e+03
4.161838897523833111e+03
4.161884619122700315e+03
4.162067880681784118e+03
4.162275563005300683e+03
4.162288968066652160e+03
4.162479997305194956e+03
4.162493117587235247e+03
4.162496848507326831e+03
4.162510359373577558e+03
4.162861008667495298e+03
4.162981583511179451e+03
4.163075679561254219e+03
4.163146470111358212e+03
4.163609275147822700e+03
4.163916159918064295e+03
4.164039406030092323e+03
4.164359201866692274e+03
4.164614455802309749e+03
4.164822622862124263e+03
4.165010489409273760e+03
4.165348960438159338e+03
4.165404713226505919e+03
4.165912915387318208e+03
4.165969233789345708e+03
4.166326052824196267e+03
4.166345434489499894e+03
4.166727719474688456e+03
4.166908117598268291e+03
4.166920600434917105e+03
4.166979316767029559e+03
4.166989760624004703e+03
4.167034540892942459e+03
4.167436161943424850e+03
4.167436519366911853e+03
4.167633604707324594e+03
4.167970844162983667e+03
4.168033039612879293e+03
4.168290867995594454e+03
4.168361655672177221e+03
4.168473192769400157e+03
4.168695369120575378e+03
4.168739657252652250e+03
4.168808509597497505e+03
4.169111554875205002e+03
4.169927884610477122e+03
4.169994983063596010e+03
4.170289048811629073e+03
4.170367206893336515e+03
4.170416057043196815e+03
4.170496016013811641e+03
4.170522502812192215e+03
4.170551494932501555e+03
4.170832814329363828e+03
4.170870303349011010e+03
4.171067791109184327e+03
4.171327602695145288e+03
4.171342178184386285e+03
4.171478855094544997e+03
4.171523438338344022e+03
4.171526437016479576e+03
4.171611956478728644e+03
4.171640607641224960e+03
4.171646843247397555e+03
4.171785575758392952e+03
4.171876271021360481e+03
4.172061849545715631e+03
4.172367180123849721e+03
4.172666232115940147e+03
4.172915493572332707e+03
4.173066510423093860e+03
4.173225543821444262e+03
4.173376845550286816e+03
4.173436201036452076e+03
4.173479065968082068e+03
4.174552901155979271e+03
4.174641896272054510e+03
4.175093624705550610e+03
4.175227755841350699e+03
4.175257418169104312e+03
4.175340762062875001e+03
4.176518226159319966e+03
4.176627796071699777e+03
4.177223341588281073e+03
4.177244384741009526e+03
4.177294906502228514e+03
4.177424242759308981e+03
4.177663297758666886e+03
4.178012251301726792e+03
4.178152451320796899e+03
4.178226850944828584e+03
4.178402622532365967e+03
4.178465038694278519e+03
4.178556622512728609e+03
4.178684020671787039e+03
4.178722908077046668e+03
4.178734905807397809e+03
4.179127047953633337e+03
4.179379988220401174e+03
4.179648515764090007e+03
4.179804570708151005e+03
4.179888764570123385e+03
4.180367421762984122e+03
4.181006378000144650e+03
4.181133748176441259e+03
4.181143490044536520e+03
4.181257796027874974e+03
4.181348162097714521e+03
4.181396359637848946e+03
4.182052818990317064e+03
4.182094845971779250e+03
4.182120411678655728e+03
4.182342100543752167e+03
4.182571491851498649e+03
4.182592329643077392e+03
4.182703052301407297e+03
4.182831600331583104e+03
4.182914643191285904e+03
4.183090101194547969e+03
4.183450635906221578e+03
4.183515166018381024e+03
4.183535252202764241e+03
4.183556573927863610e+03
4.183556928338101898e+03
4.183892669762516562e+03
4.183969152893622777e+03
4.184126264092667043e+03
4.184185296926930278e+03
4.184280750482316762e+03
4.184596847311969213e+03
4.184848629521748080e+03
4.184861231134095760e+03
4.184986502799661139e+03
4.185085215051145497e+03
4.185474092831960661e+03
4.185481068749936640e+03
4.185735378943915748e+03
4.185747390130297390e+03
4.185841154474752329e+03
4.185904852812132958e+03
4.185921830586640681e+03
4.185933325584579507e+03
4.185953261478941386e+03
4.186277532454592802e+03
4.186303785486989909e+03
4.186391254008016404e+03
4.186529566849705589e+03
4.187299042442691643e+03
4.187475351669751035e+03
4.187713199061422529e+03
4.187831878722349757e+03
4.188075697560430854e+03
4.188687462501776281e+03
4.189737459032090555e+03
4.189922788837028747e+03
4.190357977224424758e+03
4.190857956997201654e+03
4.190946235572311707e+03
4.191389238091977859e+03
4.191420554582593468e+03
4.191754344647923062e+03
4.191856981413102403e+03
4.191893214126091152e+03
4.192209367491619560e+03
4.192681490576733268e+03
4.192944832860261158e+03
4.193091316387878578e+03
4.193825961941355672e+03
4.194413131297858854e+03
4.194613386835915662e+03
4.195481360691259397e+03
4.195788090634605396e+03
4.195792295305655898e+03
4.195854093482608732e+03
4.195895052681604284e+03
4.196038978253968708e+03
4.196461047818092084e+03
4.196799986048482424e+03
4.196967648671962706e+03
4.197057536775501831e+03
4.197240406783781509e+03
4.197599102704455618e+03
4.197776962780153553e+03
4.197951236879499447e+03
4.198131930830379133e+03
4.198443908791131435e+03
4.198843572637257239e+03
4.199020131088314884e+03
4.199254123698568947e+03
4.199568074545520176e+03
4.199583428111236572e+03
4.199625010317395208e+03
4.199800536849335003e+03
4.199901961572627442e+03
4.200047323373417385e+03
4.200361084172704977e+03
4.200400091847237491e+03
4.200425466040174797e+03
4.200561823175750760e+03
4.200758264949572549e+03
4.201051399059317191e+03
4.201053255273194736e+03
4.201123528413385429e+03
4.201230435129050420e+03
4.201238146402381062e+03
4.201284527350831013e+03
4.201393344925496422e+03
4.201439947445211146e+03
4.201826259292676696e+03
4.201838594194104189e+03
4.202175728404543406e+03
4.202353476372187288e+03
4.202430282494196945e+03
4.202491452336998918e+03
4.202761700217192811e+03
4.202772694374323692e+03
4.202867455844420874e+03
4.202875692043317940e+03
4.203027121506564072e+03
4.203289774816934369e+03
4.203308425280670235e+03
4.203429803001661639e+03
4.203487980385610172e+03
4.203687198346700825e+03
4.203777783800248471e+03
4.203797348545248497e+03
4.204033213195024473e+03
4.204097350927823754e+03
4.204097965030587147e+03
4.204103295331393383e+03
4.204449048729512469e+03
4.204473079246442467e+03
4.204624487534521904e+03
4.204624549822961853e+03
4.204694195382619910e+03
4.204850861986355994e+03
4.204961834786962754e+03
4.205151897198710685e+03
4.205269636711190287e+03
4.205335542378745231e+03
4.205504598502089721e+03
4.205530262910222518e+03
4.205769511037027769e+03
4.205789739668095535e+03
4.205791325015359689e+03
4.205963972609184566e+03
4.206102249320279952e+03
4.206253571942310373e+03
4.206307442165880275e+03
4.206416654002523501e+03
4.206431959986934089e+03
4.206704036528057259e+03
4.207050726845497593e+03
4.207188415537280889e+03
4.207396816712067448e+03
4.207399106489403493e+03
4.207788305506176584e+03
4.207794688117734040e+03
4.208031175710938442e+03
4.208288926742524382e+03
4.208479410314993402e+03
4.208485478487294131e+03
4.208640411170799780e+03
4.208657374000837081e+03
4.208934236196276288e+03
4.209057604601156527e+03
4.209126694317985311e+03
4.209437158573808119e+03
4.209460388439367307e+03
4.209664608135111848e+03
4.209744396610768490e+03
4.209952247326732504e+03
4.210067754494175460e+03
4.210422643776698351e+03
4.210471757721932590e+03
4.210494562054846028e+03
4.210494746492418926e+03
4.210548213986591691e+03
4.210665563264716184e+03
4.210796948660600719e+03
4.210875695254438142e+03
4.210876468632458455e+03
4.210970943708887717e+03
4.211152586414893449e+03
4.211335266543674152e+03
4.211399351191422284e+03
4.211680112186811130e+03
4.211691709190527035e+03
4.211773072812164173e+03
4.211817048866905679e+03
4.211941704966626276e+03
4.212005892221702197e+03
4.212131649363798715e+03
4.212645125088880377e+03
4.212680698270780340e+03
4.212708579585834741e+03
4.212964109864999045e+03
4.213019008246815247e+03
4.213068204171726393e+03
4.213304058586079918e+03
4.213568889276064510e+03
4.213755605512410511e+03
4.213779009668726758e+03
4.213905980830283625e+03
4.213990770138477274e+03
4.214343319110744233e+03
4.214716071776338140e+03
4.214787599707141453e+03
4.215043206921543060e+03
4.215063936437271877e+03
4.215172669823703473e+03
4.215381099738946432e+03
4.215498652748697168e+03
4.215516264766396489e+03
4.215655497589908919e+03
4.215801999548909407e+03
4.215847393345240562e+03
4.215891871813830221e+03
4.216109156381812682e+03
4.216323038325052948e+03
4.216356767663483879e+03
4.216361898202545490e+03
4.216486036160587901e+03
4.216647216321318410e+03
4.216691597798610928e+03
4.216751466262941904e+03
4.216789667178602031e+03
4.216794085458505833e+03
4.216984491940416774e+03
4.217413901105551304e+03
4.217529297256372956e+03
4.217857859061547060e+03
4.218134076895580620e+03
4.218165676872377844e+03
4.218230780518872052e+03
4.218695317514755516e+03
4.218734806700034824e+03
4.218910095749928587e+03
4.218995774091696148e+03
4.219147810412913714e+03
4.219162735158566647e+03
4.219176949257581327e+03
4.219240575671215083e+03
4.219258645799343867e+03
4.219270574417226271e+03
4.219312465054511449e+03
4.219399663155170856e+03
4.219431659857560589e+03
4.219513787321142445e+03
4.219924921344430913e+03
4.219947238552429553e+03
4.219986626210238683e+03
4.220108423711257274e+03
4.220505514455169759e+03
4.220874535063073381e+03
4.221058983422313759e+03
4.221160288571196361e+03
4.221244410415729362e+03
4.221513156265479665e+03
4.221542263633640687e+03
4.221681603676571285e+03
4.221693172431837411e+03
4.221804646752243571e+03
4.221804694676944564e+03
4.221805173300786919e+03
4.221952529630400932e+03
4.222008227855076257e+03
4.222085478460104241e+03
4.222235752315787067e+03
4.222251789085476958e+03
4.222299261706073594e+03
4.222483203809549195e+03
4.222581672301081198e+03
4.222596429650221580e+03
4.222606468868667434e+03
4.222985944178894897e+03
4.223245739235147084e+03
4.223246187040725090e+03
4.223294374605987286e+03
4.223299758533506065e+03
4.223301723981851865e+03
4.223361019291909543e+03
4.223432906625346732e+03
4.223605097082569046e+03
4.223634621301173866e+03
4.223929027635321290e+03
4.224009770929780643e+03
4.224260923749631729e+03
4.224383731452266147e+03
4.224417094989895304e+03
4.224511187880668331e+03
4.224705897101027404e+03
4.224965310822020911e+03
4.225142530046149659e+03
4.225170762548459606e+03
4.225185498449935039e+03
4.225400944282587261e+03
4.225402846572806993e+03
4.225427841982596874e+03
4.225610633797969967e+03
4.225699258214091969e+03
4.225976207453804818e+03
4.226493816365573366e+03
4.226774925490974965e+03
4.226843514894725558e+03
4.226995666904886093e+03
4.227175607263830898e+03
4.227251454318424294e+03
4.227269670442364259e+03
4.227375170784673173e+03
4.227392663273448306e+03
4.227491461552718647e+03
4.227581380776251535e+03
4.227772820115629656e+03
4.227853525959186300e+03
4.227964177767809815e+03
4.227978036054249969e+03
4.227998436080947613e+03
4.228029560052749730e+03
4.228047708475196487e+03
4.228117459817915005e+03
4.228282793369680803e+03
4.228337115380615614e+03
4.228449131653230324e+03
4.228479602869685550e+03
4.228495993493193964e+03
4.228660862290871592e+03
4.228700613128463374e+03
4.228875174971317392e+03
4.229531264700297470e+03
4.229659901536804682e+03
4.229716930264796247e+03
4.229898345819374299e+03
4.229928901211440461e+03
4.230009501320146228e+03
4.230019401469960030e+03
4.230099315963620938e+03
4.230132125358590201e+03
4.230266640631757582e+03
4.230322947711522829e+03
4.230337556454497644e+03
4.230345317375528793e+03
4.230471643093398598e+03
4.230472363270614551e+03
4.230775368099306434e+03
4.230842568520755776e+03
4.230849844819247664e+03
4.230905758332662117e+03
4.230990143343983618e+03
4.231049251078070483e+03
4.231352268792817085e+03
4.231481754098384954e+03
4.231600168273489544e+03
4.231672692665839350e+03
4.231733672068219676e+03
4.231891746393885114e+03
4.232077680734173555e+03
4.232147009078076735e+03
4.232170740530857074e+03
4.232371715166892500e+03
4.232829121450793536e+03
4.232917140374135670e+03
4.232957927115819984e+03
4.233006372897442816e+03
4.233083018482970147e+03
4.233150405368306565e+03
4.233224552349152873e+03
4.233315733313433157e+03
4.233329162653797539e+03
4.233394296443265375e+03
4.233480959835567774e+03
4.233660410029692684e+03
4.233663461774181997e+03
4.233681827498672646e+03
4.233782144711793080e+03
4.233809358131497902e+03
4.233966194980034743e+03
4.234028228023752490e+03
4.234066363153047860e+03
4.234181454938395291e+03
4.234188594407445635e+03
4.234215089311619522e+03
4.234274535977417145e+03
4.234963382999590067e+03
4.235775050304439901e+03
4.235789874180543848e+03
4.236000824885066322e+03
4.236114889432386008e+03
4.236221505812695796e+03
4.236304715024594771e+03
4.236341572154670757e+03
4.236391411369549132e+03
4.236466988855480849e+03
4.236485447045894944e+03
4.236525599294303902e+03
4.236616130124394658e+03
4.236625626495369943e+03
4.236822016402385998e+03
4.236862673968245872e+03
4.236976685985264339e+03
4.237164169588668301e+03
4.237181758279331916e+03
4.237349669480384364e+03
4.238161235801334442e+03
4.238440512075157130e+03
4.238681191625944848e+03
4.238740921219899974e+03
4.238755175342625080e+03
4.238820900179570344e+03
4.239056804760240993e+03
4.239058337961109828e+03
4.239136046153208554e+03
4.239304366330084122e+03
4.239471213563678248e+03
4.239968024395306202e+03
4.240067479759045455e+03
4.240271525728123379e+03
4.240337112230119601e+03
4.240462453922414170e+03
4.240613578803330711e+03
4.240852242708471749e+03
4.241008522346711288e+03
4.241064095907548108e+03
4.241089537142788686e+03
4.241117905060974408e+03
4.241120382762134795e+03
4.241408282681369201e+03
4.241758984025065729e+03
4.241931498328048292e+03
4.242080164037750365e+03
4.242097055930347778e+03
4.242223009017346158e+03
4.242243558627899802e+03
4.242265536171119493e+03
4.242548648606302777e+03
4.242835455041868954e+03
4.242959251164073066e+03
4.243073239034578364e+03
4.243396470602093359e+03
4.243569860722903286e+03
4.243587513589734044e+03
4.243827209931925609e+03
4.243912781600447488e+03
4.244054450722027468e+03
4.244386421632190832e+03
4.244484761368774343e+03
4.244490520442323941e+03
4.244728703601430425e+03
4.244778569096642059e+03
4.244829570642606086e+03
4.244891016452677832e+03
4.244902039375080676e+03
4.245046093255162305e+03
4.245134565231965098e+03
4.245219722188940978e+03
4.245221097909350647e+03
4.245237844749705800e+03
4.245402377607460039e+03
4.245795894000181761e+03
4.245841742795484606e+03
4.246123509598735836e+03
4.246192305349704839e+03
4.246635687646937185e+03
4.246677097315502579e+03
4.246702837662592174e+03
4.246775552898848218e+03
4.246878401943406971e+03
4.246990254357155209e+03
4.247306601621944537e+03
4.247439793715809174e+03
4.247471778802264453e+03
4.247982240710078258e+03
4.248214675467451343e+03
4.248281103360725865e+03
4.248349106368847970e+03
4.248484818219088993e+03
4.248501700666113720e+03
4.248788488894715556e+03
4.249092552398376938e+03
4.249211984122924150e+03
4.249234331878737066e+03
4.249265087468204001e+03
4.249279099116187354e+03
4.249422311508981693e+03
4.249686017823051770e+03
4.250210259217995372e+03
4.250226884323875311e+03
4.250284276843988664e+03
4.250367807541503680e+03
4.250522384703009266e+03
4.250570743317633969e+03
4.250856048098838983e+03
4.250898324377015342e+03
4.250914024918472933e+03
4.250917031924362163e+03
4.250933081927436433e+03
4.250951829990374790e+03
4.250964862548247766e+03
4.251069909731499138e+03
4.251129960563998793e+03
4.251453899294406256e+03
4.251591120553062865e+03
4.251665496662109945e+03
4.251718842989535915e+03
4.251735551962940008e+03
4.251796960749719801e+03
4.251797220329276570e+03
4.251876749288177962e+03
4.251937631749547108e+03
4.251961089227973389e+03
4.252061075891665496e+03
4.252091793787623828e+03
4.252139657140572126e+03
4.252307012295261302e+03
4.252323162964924450e+03
4.252363765051049086e+03
4.252552459111254393e+03
4.252567287709835000e+03
4.252653435739648558e+03
4.252684660299350071e+03
4.252984107772236712e+03
4.253121276574782314e+03
4.253162813946371898e+03
4.253482442496611839e+03
4.253559871361914702e+03
4.253611836279782437e+03
4.253806007779365245e+03
4.253858487748099833e+03
4.253953334050662306e+03
4.253954444522759331e+03
4.254291919193400645e+03
4.254315108141644487e+03
4.254318869734789587e+03
4.254374341819846450e+03
4.254446137457609439e+03
4.254449288481252552e+03
4.254742899329768989e+03
4.254759465302602621e+03
4.254808443813414669e+03
4.255039276190654164e+03
4.255121677752727919e+03
4.255184225354215414e+03
4.255239006924355635e+03
4.255483601163519779e+03
4.255549513624860992e+03
4.255681219186630187e+03
4.255770513466880402e+03
4.255786033617308021e+03
4.255788967217439676e+03
4.255802529556798618e+03
4.255924154149897731e+03
4.255953303751218300e+03
4.255967373658684664e+03
4.255969157890397582e+03
4.256009695463151729e+03
4.256042369457149107e+03
4.256072860448122810e+03
4.256073589437172814e+03
4.256143509438667934e+03
4.256153582696547346e+03
4.256452393815875439e+03
4.256455250750384039e+03
4.256504061986835040e+03
4.256518430220147820e+03
4.256579679381477945e+03
4.256674156930108438e+03
4.256705120200365855e+03
4.256800126049120991e+03
4.256804317088957760e+03
4.256806868304199270e+03
4.256908909455038156e+03
4.256929067443803433e+03
4.257215175901423208e+03
4.257509781348489923e+03
4.257566264915428292e+03
4.257702946942506060e+03
4.257772829204051959e+03
4.257826296566111523e+03
4.258178346084204350e+03
4.258216164073681284e+03
4.258297906162132676e+03
4.258388894160967538e+03
4.258580080557316251e+03
4.258709561790911721e+03
4.258751772568270098e+03
4.258864695351088812e+03
4.259275375748495208e+03
4.259294334335884741e+03
4.259520218773714987e+03
4.259838806049915547e+03
4.260066280736599765e+03
4.260255364815335270e+03
4.260261220707497159e+03
4.260292209837371956e+03
4.260433944493737727e+03
4.260511367215932296e+03
4.260539874402657006e+03
4.260743569242414196e+03
4.260946181156990860e+03
4.261221917520541865e+03
4.261279427499901431e+03
4.261280265970055552e+03
4.261387641767705645e+03
4.261446374122756424e+03
4.261577258920880922e+03
4.261688842659684269e+03
4.261805221287412678e+03
4.262052311443067993e+03
4.262125447466312835e+03
4.262366506231499443e+03
4.262558262089756681e+03
4.262622760028517405e+03
4.262825945040084662e+03
4.263126145122455455e+03
4.263193679290660839e+03
4.263204119198268927e+03
4.263263352182205381e+03
4.263311499062584517e+03
4.263441096014924369e+03
4.263456155323267922e+03
4.263458587759024340e+03
4.263471841946790846e+03
4.263594456239778083e+03
4.263637619616582015e+03
4.263786956885794098e+03
4.263875185681291441e+03
4.264003972368038376e+03
4.264034364397813079e+03
4.264038454841690509e+03
4.264176861149915567e+03
4.264188519252238621e+03
4.264427819988741248e+03
4.264497667076517246e+03
4.264599158258619354e+03
4.264662985531364029e+03
4.264777680281687026e+03
4.264932925023501411e+03
4.264947170179835666e+03
4.265005993111617499e+03
4.265027313396595673e+03
4.265177220148158995e+03
4.265245306158893072e+03
4.265299762819781790e+03
4.265318710274107616e+03
4.265339734534926720e+03
4.265755303695699695e+03
4.265810419519581046e+03
4.265925090050063773e+03
4.265977364411812232e+03
4.265980294149174370e+03
4.266038826250729471e+03
4.266478029131833864e+03
4.266499152926216084e+03
4.266758934749665968e+03
4.266903792423563573e+03
4.267049626306393293e+03
4.267517503654401480e+03
4.267796029698447455e+03
4.267880875427530555e+03
4.267899251921122413e+03
4.267939407503218717e+03
4.268030866005229655e+03
4.268137909677559946e+03
4.268157375954664531e+03
4.268525537049580635e+03
4.269126591544300936e+03
4.269245335556334794e+03
4.269282107766220179e+03
4.269342102602954583e+03
4.269352764941218084e+03
4.269590535647335855e+03
4.269778391089154866e+03
4.269915029557384514e+03
4.270018635518522387e+03
4.270073724936560211e+03
4.270222861195234145e+03
4.270321723322477737e+03
4.270363230224415929e+03
4.270478757908743319e+03
4.270484568850018150e+03
4.270508636135439701e+03
4.270597665287925338e+03
4.270692699599906518e+03
4.271078358453354667e+03
4.271123186266864650e+03
4.271139480714997262e+03
4.271144421970951043e+03
4.271194248268425326e+03
4.271286365268126247e+03
4.271478724001978662e+03
4.271614405180519498e+03
4.271618643573343434e+03
4.271882949608461786e+03
4.272096864223449302e+03
4.272160525954784134e+03
4.272439268459765117e+03
4.272462843814793814e+03
4.272501367791780467e+03
4.272698943436122136e+03
4.273010914021912868e+03
4.273036203591529556e+03
4.273151729908781817e+03
4.273335663076998571e+03
4.273352249203328029e+03
4.273405856436981594e+03
4.273442688423639993e+03
4.273443222018269807e+03
4.273748139789964625e+03
4.273937960891251350e+03
4.274074948532636881e+03
4.274143521009087635e+03
4.274152423378355707e+03
4.274560800603851021e+03
4.274612146789940198e+03
4.274669515557957311e+03
4.274805693272011013e+03
4.274904319301797841e+03
4.275111915212093663e+03
4.275163327281396050e+03
4.275241239750268505e+03
4.275499330513641326e+03
4.275527815963634566e+03
4.275629597868690325e+03
4.275803888321805061e+03
4.275850134949548192e+03
4.276051856677504475e+03
4.276275720784363330e+03
4.276302026273281626e+03
4.276427638559953266e+03
4.276464586923355455e+03
4.276569365075569294e+03
4.276925510872626546e+03
4.277022480402464680e+03
4.277134398901243912e+03
4.277202596456859283e+03
4.277223369059011929e+03
4.277322018393455437e+03
4.277551875644343454e+03
4.277592070991196124e+03
4.277666622591151281e+03
4.277699536358430123e+03
4.278242528157832567e+03
4.278250548841192540e+03
4.278320039968598394e+03
4.278592669283555551e+03
4.278694755049660671e+03
4.278736890895466786e+03
4.278844282365882464e+03
4.279071885275579916e+03
4.279602742442079943e+03
4.279641967499294879e+03
4.279660681684128576e+03
4.279723912855998606e+03
4.279868485895240156e+03
4.279965036136286471e+03
4.280203413647655907e+03
4.280253557206159712e+03
4.280639128850093584e+03
4.280807075454148617e+03
4.280950035987328192e+03
4.281001498939504017e+03
4.281140731684952698e+03
4.281216827458794796e+03
4.281380575944953307e+03
4.281438198906297657e+03
4.281445265249957629e+03
4.281625247273393143e+03
4.281674260911141573e+03
4.281733932332649601e+03
4.281759350712061860e+03
4.281876518259820841e+03
4.281908638702758253e+03
4.282015175434133198e+03
4.282197180141776698e+03
4.282252157253439691e+03
4.282371808703878742e+03
4.282512077682219569e+03
4.282705769070809765e+03
4.282718891094226819e+03
4.282776765920430989e+03
4.283070506922281311e+03
4.283212743999990380e+03
4.283329214843176487e+03
4.283376603230807632e+03
4.283547601007216144e+03
4.283612203686212524e+03
4.283651275073282704e+03
4.283718083153980842e+03
4.283996264836228875e+03
4.284118253577104952e+03
4.284308377881060551e+03
4.284466158818459007e+03
4.284480183070575549e+03
4.284547703729905152e+03
4.284612706436901135e+03
4.284749651054202332e+03
4.284787681785447603e+03
4.285153844503841356e+03
4.285409390666266518e+03
4.285440112274864987e+03
4.285472586912529550e+03
4.285529849814898625e+03
4.285589316267068170e+03
4.285719428569734191e+03
4.285964219566145402e+03
4.286206098522598950e+03
4.286381324451424916e+03
4.286465274886760199e+03
4.286648828975882680e+03
4.286666189812268385e+03
4.286674294741143967e+03
4.286687345742215257e+03
4.286821539211323397e+03
4.287123276642673773e+03
4.287144481682683363e+03
4.287195098809610499e+03
4.287287529155388256e+03
4.287301009020084166e+03
4.287454157503306305e+03
4.287497631150281450e+03
4.287517166154108054e+03
4.287546956272190073e+03
4.287653041014613336e+03
4.287698854752789885e+03
4.287699993385014750e+03
4.287733638299218910e+03
4.287817331351931898e+03
4.287850686738078366e+03
4.288043573207703957e+03
4.288304449954613119e+03
4.288339229652347967e+03
4.288613101152184754e+03
4.288744008825407946e+03
4.288781090301462427e+03
4.288797787543189770e+03
4.288807365456183106e+03
4.289011886750970007e+03
4.289124164963399380e+03
4.289135147438352760e+03
4.289190179767691916e+03
4.289203124262013262e+03
4.289336121968789485e+03
4.289362899456838022e+03
4.289459189445278753e+03
4.289719292882652553e+03
4.290158027171548383e+03
4.290177336834275593e+03
4.290427473539567472e+03
4.290533766940882742e+03
4.290826611185386355e+03
4.291043609404146082e+03
4.291254743288554891e+03
4.291480391309298284e+03
4.291727846143051465e+03
4.291740774734843399e+03
4.291817759464853225e+03
4.292197554296324597e+03
4.292518377589543888e+03
4.292526326648603572e+03
4.292582304490631032e+03
4.292653142742738055e+03
4.292776833141985662e+03
4.292780663637657199e+03
4.292865950820795661e+03
4.292904169305436881e+03
4.292927568977585906e+03
4.292931745417215097e+03
4.293004906746554298e+03
4.293006553864830494e+03
4.293211057067472211e+03
4.293253846655217785e+03
4.293357733306313094e+03
4.293373575773579432e+03
4.293751637095560909e+03
4.293883685204507856e+03
4.294021668442366717e+03
4.294042586980230226e+03
4.294163812045129816e+03
4.294272456149851678e+03
4.294294463617407928e+03
4.294363829281007384e+03
4.294406692161397586e+03
4.294571588520306250e+03
4.294584153931176843e+03
4.294646761944667560e+03
4.295083586590675623e+03
4.295122130808917063e+03
4.295439759400047478e+03
4.295482963835844203e+03
4.295639508525165184e+03
4.295655542680974577e+03
4.296229324206509773e+03
4.296376552024174089e+03
4.296405691744567775e+03
4.296913075385580669e+03
4.296956935449537923e+03
4.297040200419149187e+03
4.297073281211853100e+03
4.297098834310740131e+03
4.297154889223753344e+03
4.297365571809749781e+03
4.297617127068371701e+03
4.297640696602987191e+03
4.297793713130643482e+03
4.297821150698136989e+03
4.297855518383372328e+03
4.298046091875519778e+03
4.298157481748673490e+03
4.298160006611678909e+03
4.298264181281548190e+03
4.298431042752546091e+03
4.298481688067445248e+03
4.298505622143215078e+03
4.298577648908416450e+03
4.298741011666824306e+03
4.298913652624260976e+03
4.298919332143863357e+03
4.298944742656908602e+03
4.299093301619053818e+03
4.299107306609717853e+03
4.299272574923407774e+03
4.299418241682791631e+03
4.299507075502016050e+03
4.299571885469248627e+03
4.299652037859406846e+03
4.299796350271515621e+03
4.300114454542737803e+03
4.300152619303015854e+03
4.300223165225354023e+03
4.300264588011227715e+03
4.300273912247139378e+03
4.300514751281544704e+03
4.300642983168260798e+03
4.300774153532006494e+03
4.300823516322671821e+03
4.301078062489211334e+03
4.301089436354049212e+03
4.301198859331024323e+03
4.301356165708591107e+03
4.301544153110393381e+03
4.301591908405940558e+03
4.301603881337109669e+03
4.301708564923173071e+03
4.301869453669058203e+03
4.301914363150825011e+03
4.302032680950860595e+03
4.302067572456717244e+03
4.302360621717645699e+03
4.302729842514712800e+03
4.302779631365436217e+03
4.302880534751011510e+03
4.303146747377625616e+03
4.303188184075070239e+03
4.303350556542738559e+03
4.303462135107963149e+03
4.303466752251954858e+03
4.303561209311935272e+03
4.303618998619078411e+03
4.303791746342108127e+03
4.303948518953047824e+03
4.303973396362734093e+03
4.304057103278666546e+03
4.304108407597690530e+03
4.304219208525101749e+03
4.304301522440673580e+03
4.304428664252362069e+03
4.304698480590573126e+03
4.304827533808136650e+03
4.304834292235088469e+03
4.304896014138671489e+03
4.305194784886205525e+03
4.305210698229217996e+03
4.305215552836275492e+03
4.305365889200271340e+03
4.305458412479064464e+03
4.305548069126043629e+03
4.305738835319772079e+03
4.305742632478710220e+03
4.306539964594737285e+03
4.306634839074143201e+03
4.306826902126424102e+03
4.306850089594332530e+03
4.306874475926275409e+03
4.306925356547336378e+03
4.306966867106506470e+03
4.307038876696480656e+03
4.307315029482728278e+03
4.307425590568013831e+03
4.307510289699719578e+03
4.307628470239841590e+03
4.307749181590185799e+03
4.307769342186516951e+03
4.308019648065218462e+03
4.308035314646701408e+03
4.308113436466970597e+03
4.308328332902200600e+03
4.308372838212303577e+03
4.308443500228282574e+03
4.308493598326505889e+03
4.308687899494945668e+03
4.308973853568652885e+03
4.309147512239315802e+03
4.309515383262541945e+03
4.309621839270466808e+03
4.309936993901994356e+03
4.310000153362389938e+03
4.310603227154743763e+03
4.311001062172509592e+03
4.311241259263454594e+03
4.311352236206734233e+03
4.311368294327228796e+03
4.311425073597969458e+03
4.311568799862352535e+03
4.311701345515613866e+03
4.311978519608780516e+03
4.311991497036866349e+03
4.311994621909781927e+03
4.312300846109022132e+03
4.312455681839041063e+03
4.312512209472062750e+03
4.312649172396486392e+03
4.312727804341188858e+03
4.312765186438702585e+03
4.312844193003146756e+03
4.313045881844391261e+03
4.313097970609990625e+03
4.313446445568222771e+03
4.313451544335879589e+03
4.313726016914655702e+03
4.314432324631682604e+03
4.314610449123380931e+03
4.314874922198931927e+03
4.315052707347821524e+03
4.315322679274555412e+03
4.315719698369949583e+03
4.316146618216194838e+03
4.316165357123761169e+03
4.316200026257007266e+03
4.316269901489949916e+03
4.316274500231050297e+03
4.316297970167639505e+03
4.316353529905753931e+03
4.316414781017524547e+03
4.316510063301464470e+03
4.316528166368357233e+03
4.316749384954044217e+03
4.317225104312728035e+03
4.317383056622084041e+03
4.317399850939857970e+03
4.317508432653251475e+03
4.317518329089353756e+03
4.317825055061613057e+03
4.318030646831058220e+03
4.318102855166706831e+03
4.318239972848493380e+03
4.318381485498372058e+03
4.318694046359013555e+03
4.318700974228894665e+03
4.318782328744192455e+03
4.318807303890704134e+03
4.318982639800303332e+03
4.319145749982875714e+03
4.319236177700107874e+03
4.319387183188730887e+03
4.319412952231228701e+03
4.319597786255523715e+03
4.319650984451926888e+03
4.319891544748180422e+03
4.320065728661643334e+03
4.320178612231581610e+03
4.320209784372976173e+03
4.320397633182366917e+03
4.320576056097803303e+03
4.320645142858478721e+03
4.321119901231479162e+03
4.321206030858844315e+03
4.321208985098537596e+03
4.321278814519546358e+03
4.321293729365927902e+03
4.321354920934539223e+03
4.321396625371399750e+03
4.321656346561060673e+03
4.321803760856465487e+03
4.322059232261790385e+03
4.322200476150977920e+03
4.322380611316289105e+03
4.322480032177927569e+03
4.322702321020881755e+03
4.322848883503666002e+03
4.323101278300730883e+03
4.323233126857287061e+03
4.323269971497541519e+03
4.323312234172383796e+03
4.323312769626279078e+03
4.323368208789498567e+03
4.323403874664450086e+03
4.323559039615935944e+03
4.323569243508633008e+03
4.323587903968739738e+03
4.323897618057866566e+03
4.324024972552172585e+03
4.324093426453619031e+03
4.324283054276964322e+03
4.324449201566686497e+03
4.324523438702339263e+03
4.324821070665983825e+03
4.325001024961910844e+03
4.325236821328122460e+03
4.325256841832258942e+03
4.325356855956639265e+03
4.325698105593069158e+03
4.325760002181220443e+03
4.325816951390516806e+03
4.325896423457701530e+03
4.325960877261091809e+03
4.326040366254929722e+03
4.326161307020663116e+03
4.326204671112278447e+03
4.326228062332937952e+03
4.326401944983314934e+03
4.326601575253716874e+03
4.326904333872528696e+03
4.327301441938882817e+03
4.327405047509088035e+03
4.327460378120403220e+03
4.327592445090345791e+03
4.327728484479092003e+03
4.327800243150722963e+03
4.327830046194258102e+03
4.327845464535216706e+03
4.327884271876360799e+03
4.327916968430827183e+03
4.327965856272491692e+03
4.328002194184741711e+03
4.328070626196850753e+03
4.328089859784366126e+03
4.328160908184549953e+03
4.328224536056312900e+03
4.328235159972745350e+03
4.328307872734861121e+03
4.328502838330487975e+03
4.328569151341709585e+03
4.328625422502405854e+03
4.328690994215252431e+03
4.328714398191634245e+03
4.328802835011232673e+03
4.328864737056203012e+03
4.328964827437454005e+03
4.329214986482403219e+03
4.329409636916400814e+03
4.329510893596925598e+03
4.329704321501439154e+03
4.329792744181210765e+03
4.330062930841140769e+03
4.330135320662211598e+03
4.330271008983419051e+03
4.330326041435499064e+03
4.330495253751138989e+03
4.330503578231242500e+03
4.330681949244290081e+03
4.330886807788107944e+03
4.330905358291083758e+03
4.330934519646933950e+03
4.331123424827242161e+03
4.331279323126138479e+03
4.331528667603353824e+03
4.331628666195489131e+03
4.331847753770958661e+03
4.332160994437013869e+03
4.332408023605686139e+03
4.332741278098055773e+03
4.332861151831767529e+03
4.333138452293918817e+03
4.333243260666035894e+03
4.333314708690319094e+03
4.333630102585809254e+03
4.333754890259615422e+03
4.333789581121322044e+03
4.334050269155978640e+03
4.334213946791420312e+03
4.334262670639882344e+03
4.334367403453338738e+03
4.334686631243471311e+03
4.334844589555628772e+03
4.334903955265546756e+03
4.334906902010801787e+03
4.334918192497134442e+03
4.335349201106278997e+03
4.335400809821786424e+03
4.335630661729293934e+03
4.335904425114056721e+03
4.335940899443549824e+03
4.335989921593963118e+03
4.336155976705515968e+03
4.336179888522897272e+03
4.336216596782865054e+03
4.336471980864718716e+03
4.336480521539233450e+03
4.336503309692086987e+03
4.336515511442441493e+03
4.336764776527230424e+03
4.336831619855163808e+03
4.336872013216000596e+03
4.337068366494728252e+03
4.337094107888401595e+03
4.337372822089414512e+03
4.337630486986978212e+03
4.337831623985513943e+03
4.337876101763833503e+03
4.338019871687385603e+03
4.338199123413211055e+03
4.338497754228425038e+03
4.338760482988711374e+03
4.339053444107565156e+03
4.339065666990805767e+03
4.339134179208276691e+03
4.339148919544989440e+03
4.339240556159619700e+03
4.339361539057325899e+03
4.339388121260562912e+03
4.339761392608910683e+03
4.339790024455841376e+03
4.339857069046660399e+03
4.340097436170544825e+03
4.340099825859965676e+03
4.340152240005733802e+03
4.340351403937414943e+03
4.340360974090179297e+03
4.340418258838639304e+03
4.340419638127868893e+03
4.340425218056294398e+03
4.340573941312542047e+03
4.340620058046438317e+03
4.340704329165836498e+03
4.340773483761161515e+03
4.340940622709304080e+03
4.341129674298972532e+03
4.341162445813792147e+03
4.341228066500310888e+03
4.341371006187494459e+03
4.341375214987058825e+03
4.341738098656183865e+03
4.341812069590886495e+03
4.341910537525110158e+03
4.341928361429812867e+03
4.342059048853943750e+03
4.342061894069666778e+03
4.342107339687209787e+03
4.342135008692346673e+03
4.342418335581144675e+03
4.342695295335491210e+03
4.342767753248846930e+03
4.342944962356581527e+03
4.343363191695917521e+03
4.343889586859858355e+03
4.344315338242895450e+03
4.344320157254242076e+03
4.344393113567488399e+03
4.344406749632355968e+03
4.344504696736557889e+03
4.344572270650800419e+03
4.344886008964999746e+03
4.345006290917669503e+03
4.345104133727360022e+03
4.345197225099762363e+03
4.345302870681637614e+03
4.345433418027134394e+03
4.345575976377967891e+03
4.345648767349761329e+03
4.345682495399054460e+03
4.345927750507821656e+03
4.346082213971774763e+03
4.346232142127936640e+03
4.346344044542279335e+03
4.346384372777119097e+03
4.346472338830029003e+03
4.346501443198595553e+03
4.346568348175452229e+03
4.346781667769282649e+03
4.346868271868282136e+03
4.347033442990936237e+03
4.347035770838034296e+03
4.347137857547246313e+03
4.347143522162420595e+03
4.347182906493521841e+03
4.347320384896073847e+03
4.347342290740398312e+03
4.347484003452099387e+03
4.347582114782807366e+03
4.347990064871687537e+03
4.348139668714723484e+03
4.348485640111497560e+03
4.348909311739892473e+03
4.349173644056869307e+03
4.349381416018682103e+03
4.349763451059980071e+03
4.349821368414073731e+03
4.349946677324576740e+03
4.350027700734670361e+03
4.350148468522984331e+03
4.350208988338593372e+03
4.350226582422295905e+03
4.350510895252904447e+03
4.350719558353061075e+03
4.350981134430175189e+03
4.351253046101413020e+03
4.351373090367840632e+03
4.351535015541202483e+03
4.351938335630124129e+03
4.352358611284797917e+03
4.352447191968044535e+03
4.352700655061021280e+03
4.352734107746663540e+03
4.352962216891920434e+03
4.352967772719261120e+03
4.353078793866195156e+03
4.353301429063376418e+03
4.353397363098338246e+03
4.353446030762650480e+03
4.353631156639139590e+03
4.353685422915064009e+03
4.353805186034982398e+03
4.353816960322065825e+03
4.353820941085567938e+03
4.354297943672957445e+03
4.354430212222632690e+03
4.354484205454333278e+03
4.354664098222542634e+03
4.354720856512213686e+03
4.354815246702537479e+03
4.354901945651497954e+03
4.354996046778373056e+03
4.355040178407187341e+03
4.355294426705281694e+03
4.355494534560756620e+03
4.355522263420372838e+03
4.355835829955266490e+03
4.355922745931180543e+03
4.356026981281750523e+03
4.356122629404779218e+03
4.356186739551435494e+03
4.356381242067560379e+03
4.356426612704497529e+03
4.356622071341200353e+03
4.357192260805713886e+03
4.357285795012425297e+03
4.357689308400111258e+03
4.358024924964223828e+03
4.358189739938638013e+03
4.358254355966563708e+03
4.358372948383177572e+03
4.358417526567637651e+03
4.358605756103645945e+03
4.358969752741501907e+03
4.359300938922889145e+03
4.359343389769399437e+03
4.359359638272453594e+03
4.359591520348949416e+03
4.359635958061411657e+03
4.359647245495450989e+03
4.359719606168074279e+03
4.359754460926956199e+03
4.359960199310711687e+03
4.360052575840353711e+03
4.360116198405624345e+03
4.360522124933764644e+03
4.360657764808679531e+03
4.360928863769507188e+03
4.361136224486022002e+03
4.361200447452923072e+03
4.361207324768062790e+03
4.361294539196303958e+03
4.361351346944792567e+03
4.361376909380365760e+03
4.361475823903429955e+03
4.361769158200944730e+03
4.361851972195288909e+03
4.361984468166415354e+03
4.362019714585251677e+03
4.362309086718843901e+03
4.362366188409868300e+03
4.362492452349915766e+03
4.362610615651835360e+03
4.362628952759495405e+03
4.362733741823161836e+03
4.362810374176993719e+03
4.363046837312590469e+03
4.363063174394832458e+03
4.363168108947792462e+03
4.363271027283125477e+03
4.363570715497672609e+03
4.363672304023633842e+03
4.363710904809884596e+03
4.363954112610361335e+03
4.364171228363785303e+03
4.364321233297282561e+03
4.364361243191166068e+03
4.364436019494545690e+03
4.364615881674914817e+03
4.364681603555602123e+03
4.364746707237071860e+03
4.364775381413368450e+03
4.364782502438474694e+03
4.364900900701107275e+03
4.364996524759785643e+03
4.365088656954938415e+03
4.365129116384136069e+03
4.365309405804046946e+03
4.365399164907690647e+03
4.365525264881865041e+03
4.365548467267075466e+03
4.365664520416388768e+03
4.365824234279010852e+03
4.365882224456775475e+03
4.365884068073367416e+03
4.365892675805232102e+03
4.366020008050024444e+03
4.366502725942455072e+03
4.366655600010778471e+03
4.366834662446163748e+03
4.367067191481928603e+03
4.367165713479012993e+03
4.367203519414940274e+03
4.367242364692696356e+03
4.367255479400182594e+03
4.367298374286724538e+03
4.367384622430344280e+03
4.367414692688846117e+03
4.367482957321174581e+03
4.367554845948247930e+03
4.367604433181169952e+03
4.367617022463765352e+03
4.367952328675197350e+03
4.367989244143753240e+03
4.368081022679091802e+03
4.368113958041030855e+03
4.368142044652050572e+03
4.368156655468526878e+03
4.368333032630520393e+03
4.368489759985313867e+03
4.368684750830257144e+03
4.368810601611320635e+03
4.368831021240459449e+03
4.368894451354579360e+03
4.369041142143855723e+03
4.369332552496143762e+03
4.369454751299872441e+03
4.369551976867181111e+03
4.369633049869602473e+03
4.369661674385897641e+03
4.369669297670386186e+03
4.369855795295212374e+03
4.369917216189329338e+03
4.370149363888761400e+03
4.370347827419875102e+03
4.370462502236247019e+03
4.370630730756863159e+03
4.370645619529948817e+03
4.370911389610622791e+03
4.370912355170979936e+03
4.371423417913269986e+03
4.371491916981044596e+03
4.371938376981769579e+03
4.371966887266873528e+03
4.372248599882875169e+03
4.372310917271704056e+03
4.372330127188907682e+03
4.372426707196621464e+03
4.372533770081808143e+03
4.372868823533380237e+03
4.373076641579893476e+03
4.373219780139927025e+03
4.373610194307672828e+03
4.373766010568267120e+03
4.374052910938959940e+03
4.374065689107162143e+03
4.374228327585676197e+03
4.374274169473883376e+03
4.374336719978716246e+03
4.374355602819634441e+03
4.374401765079689540e+03
4.374415468600953318e+03
4.374452492887221524e+03
4.374537379433312708e+03
4.374636411245950512e+03
4.374765508915380451e+03
4.374816442795133298e+03
4.374860808357612768e+03
4.375024630578037431e+03
4.375480835501713955e+03
4.375654212744323559e+03
4.375804913243488954e+03
4.376026439007416229e+03
4.376210033837245646e+03
4.376593100914818933e+03
4.376606692300804752e+03
4.376607516109021162e+03
4.376638358754068577e+03
4.376711682182502045e+03
4.376781528371126115e+03
4.376851615252627198e+03
4.377196567982592569e+03
4.377434979432907312e+03
4.377458639206612133e+03
4.377500646178051284e+03
4.377733632237123857e+03
4.377745921389577234e+03
4.377797594365633813e+03
4.377886281878220871e+03
4.377931786533649756e+03
4.377977841052613257e+03
4.377981327896397488e+03
4.378082047814750695e+03
4.378095773834043030e+03
4.378342156473785508e+03
4.378490507202441222e+03
4.378742259716990702e+03
4.378782478719211213e+03
4.378841418508960487e+03
4.378848839373203191e+03
4.378869323952704690e+03
4.378923007975394285e+03
4.378998872079744615e+03
4.379021658833972651e+03
4.379697027189307846e+03
4.379752690563173019e+03
4.379905894268417796e+03
4.380037181981849244e+03
4.380323039701917878e+03
4.380392509144411633e+03
4.380410288097020384e+03
4.380412863432948143e+03
4.380441330264362477e+03
4.380646291837936587e+03
4.380818940152280447e+03
4.380987453183604885e+03
4.380992363516683326e+03
4.381093357351795930e+03
4.381221630179718886e+03
4.381620111586003077e+03
4.381658782467381570e+03
4.381671082168179055e+03
4.382049428674119554e+03
4.382206915043323534e+03
4.382391350279448488e+03
4.382606628158795502e+03
4.382671458309011541e+03
4.382994447844341266e+03
4.383192825276493750e+03
4.383224548486292406e+03
4.383364299359648612e+03
4.383391655116615766e+03
4.383644946484017055e+03
4.383856432189008956e+03
4.383856608469595812e+03
4.383893202476808256e+03
4.383921692964814611e+03
4.383936592122468028e+03
4.383985004052569820e+03
4.384017128419081928e+03
4.384037227989377243e+03
4.384209359534595023e+03
4.384213082091769138e+03
4.384323002795149478e+03
4.384344302460895051e+03
4.384480253375144457e+03
4.384522002005553077e+03
4.384737765630415197e+03
4.384753168326370542e+03
4.384829568644806386e+03
4.384887537076338049e+03
4.384943807562372967e+03
4.385013699230140446e+03
4.385065734978245018e+03
4.385412843624526431e+03
4.385579088450330346e+03
4.385762377508946884e+03
4.386167758625699207e+03
4.386337589727248996e+03
4.386340022054499059e+03
4.386778138968807070e+03
4.386977252901939210e+03
4.387052342986866279e+03
4.387287120234980648e+03
4.387300657965362007e+03
4.387327478155317294e+03
4.387355404609304060e+03
4.387367590775218559e+03
4.387619288964123371e+03
4.387676875040925552e+03
4.387700154189477871e+03
4.388056086376060193e+03
4.388074883794168272e+03
4.388231702304645296e+03
4.388289106470536353e+03
4.388425042971430230e+03
4.388454781353106227e+03
4.388548629026719027e+03
4.388623567748421010e+03
4.388658175603351083e+03
4.388901795557966580e+03
4.389126524450676698e+03
4.389442070139824864e+03
4.389597403239440609e+03
4.389720268540559118e+03
4.389932046815319154e+03
4.390136525863500538e+03
4.390331982350505314e+03
4.390335941926680789e+03
4.390474270593619622e+03
4.390485454728294826e+03
4.390507369842483058e+03
4.390903294595426814e+03
4.390904437580116792e+03
4.391191447928496927e+03
4.391217255111990198e+03
4.391609728464951331e+03
4.391621776886770931e+03
4.391817265770900121e+03
4.391885019729618762e+03
4.392335839515593761e+03
4.392841052634862535e+03
4.392879362448227766e+03
4.392953585060969090e+03
4.393182691600773069e+03
4.393272420247794798e+03
4.393415051344422864e+03
4.393529233692795970e+03
4.393774957921654277e+03
4.393803087284009962e+03
4.393979185140740810e+03
4.394041698104729221e+03
4.394450414693863422e+03
4.394549279264161669e+03
4.394713340180464002e+03
4.394772819851391432e+03
4.395109668148633318e+03
4.395592114176888572e+03
4.395806711802277277e+03
4.395981469749823191e+03
4.396029577252308627e+03
4.396068217663558244e+03
4.396139852800085464e+03
4.396141397815299570e+03
4.396291896460216776e+03
4.396375440057438027e+03
4.396449407518201042e+03
4.396471590635349457e+03
4.396478320431640896e+03
4.396507408921526803e+03
4.396678185373451925e+03
4.396844914350949693e+03
4.396923940268901788e+03
4.396986584841938566e+03
4.396997086986853901e+03
4.397016811937019156e+03
4.397046691954263224e+03
4.397067970396405144e+03
4.397217911848399126e+03
4.397333522171453296e+03
4.397385248435823996e+03
4.397650410107651624e+03
4.397738973786948009e+03
4.397819723971610983e+03
4.397919459678227213e+03
4.397977288577718355e+03
4.398000781372379606e+03
4.398308117470310208e+03
4.398432251535232353e+03
4.398529546418219070e+03
4.398567166410270147e+03
4.398575319047377889e+03
4.398728992026405649e+03
4.398749061955283651e+03
4.399037496904828004e+03
4.399312623255468679e+03
4.399523231999528434e+03
4.399561231044320266e+03
4.399621437791476637e+03
4.399891596938487965e+03
4.399927984244674008e+03
4.400358066671904453e+03
4.400471105093202823e+03
4.400477831162452276e+03
4.400670031685584945e+03
4.400916902349345037e+03
4.400982784009130228e+03
4.401055640223362388e+03
4.401079106048277936e+03
4.401198994800630317e+03
4.401492876436483130e+03
4.401644606079722507e+03
4.401667614164152837e+03
4.401794621829711105e+03
4.401885120073910912e+03
4.402017473734748819e+03
4.402026240074061207e+03
4.402125193877657694e+03
4.402183334721907158e+03
4.402207853737840196e+03
4.402270968488459403e+03
4.402332321410060104e+03
4.402402197606948903e+03
4.402543156333154911e+03
4.402597058042149911e+03
4.402606388102597521e+03
4.403454775376720136e+03
4.403505188836506022e+03
4.403528000102621263e+03
4.403539064723147931e+03
4.403561773264313160e+03
4.403711149626731640e+03
4.403720729693090107e+03
4.403822567278539282e+03
4.403852406820966280e+03
4.403902539342190721e+03
4.403961862184152778e+03
4.404018308492050892e+03
4.404064011280100203e+03
4.404341309721717153e+03
4.404351765131851607e+03
4.404454360632701537e+03
4.404460500062541541e+03
4.404539043385316290e+03
4.404743719871058602e+03
4.404823151888112079e+03
4.404827077420055502e+03
4.404833850058239477e+03
4.404851179808669258e+03
4.404889325606605780e+03
4.405119208053161856e+03
4.405262901176511150e+03
4.405778766212465598e+03
4.406046364797688511e+03
4.406280428676220254e+03
4.406331910663644521e+03
4.406485401110402563e+03
4.406659945327666719e+03
4.406747169517352631e+03
4.406952385030789628e+03
4.406997358906291993e+03
4.407165792119893013e+03
4.407276171021358095e+03
4.407545575837515571e+03
4.407842518154729987e+03
4.407872745470423979e+03
4.408018500779513488e+03
4.408027752604882153e+03
4.408090452218294558e+03
4.408306766698581669e+03
4.408382283488018402e+03
4.408401601093260069e+03
4.408489580645591559e+03
4.408490238181753739e+03
4.408642681256723336e+03
4.408879042590159770e+03
4.408961706716368099e+03
4.409141944183735177e+03
4.409469896943938693e+03
4.409695532452346015e+03
4.409813659719966381e+03
4.410519312226735565e+03
4.410558728047264594e+03
4.410610700544642896e+03
4.410855247018809678e+03
4.411002286355679644e+03
4.411447249617214766e+03
4.411556693675206589e+03
4.411650798198941629e+03
4.412008314102754412e+03
4.412141255380705843e+03
4.412181217783336251e+03
4.412586120130539712e+03
4.412686237028526193e+03
4.412737152244568279e+03
4.413564625568787051e+03
4.413571122732391814e+03
4.413656394593847835e+03
4.413674667553204017e+03
4.413773382974178276e+03
4.413781405276419719e+03
4.413815400887564465e+03
4.414236458220691929e+03
4.414406234830486028e+03
4.414755004658043617e+03
4.414827575349454492e+03
4.415051162020170523e+03
4.415065252679182777e+03
4.415311008512800981e+03
4.415316676423047284e+03
4.415471398494385539e+03
4.415636710446007783e+03
4.415751576852637299e+03
4.415758968154096692e+03
4.415899177679013519e+03
4.416340756079713174e+03
4.416488890801409980e+03
4.416555948159933905e+03
4.416572872197691140e+03
4.416646673794988601e+03
4.416818183413388397e+03
4.416828609851909277e+03
4.417138569052435741e+03
4.417202637648466407e+03
4.417389401069817723e+03
4.417436790358630788e+03
4.417727662635982597e+03
4.417932407432224863e+03
4.418022169568796016e+03
4.418172695870993266e+03
4.418356760415043937e+03
4.418646654027823388e+03
4.418650244136691072e+03
4.418770652840507864e+03
4.419022549980998519e+03
4.419162789448973854e+03
4.419169881130021167e+03
4.419961441485893374e+03
4.420219210506932541e+03
4.420265501858661082e+03
4.420534747452118609e+03
4.420624207652101177e+03
4.420795346627123763e+03
4.420948262615033855e+03
4.421246845337976083e+03
4.421457569197349585e+03
4.421595795176443062e+03
4.421648231205354023e+03
4.421825374099759756e+03
4.422242809419823061e+03
4.422482650183001169e+03
4.422498266615426473e+03
4.422819259128995327e+03
4.423121044485733364e+03
4.423130204212063290e+03
4.423159584266451020e+03
4.423640111462116693e+03
4.423925769853231031e+03
4.423970002141018085e+03
4.424016480505219079e+03
4.424031133385828980e+03
4.424272390816233383e+03
4.424323746279788793e+03
4.424329583142010051e+03
4.424332991481630415e+03
4.424426809710937960e+03
4.424433072347980669e+03
4.424734673707761431e+03
4.424857982642372917e+03
4.425004553768608275e+03
4.425116678127210434e+03
4.425278518055016320e+03
4.425539683355612397e+03
4.425547916527875714e+03
4.425860833351071051e+03
4.425959910574269088e+03
4.425964031621662798e+03
4.426016434475950518e+03
4.426356992227669252e+03
4.426404756260442809e+03
4.426479519921671454e+03
4.426542915034842736e+03
4.426636142797577122e+03
4.426704533114855622e+03
4.426712976747718130e+03
4.426899535944047784e+03
4.426978180204238924e+03
4.426980749488156107e+03
4.426986836426983245e+03
4.427098427846896811e+03
4.427103560324208047e+03
4.427244697422035642e+03
4.427297284980892073e+03
4.427438761949053514e+03
4.427533787099959227e+03
4.427629125210562961e+03
4.427679584584404438e+03
4.427695932133045062e+03
4.427999147499290302e+03
4.428502471618255186e+03
4.428590923379146261e+03
4.428651331645103710e+03
4.428669236892650588e+03
4.428669768613257474e+03
4.428695628508192385e+03
4.428805851136382444e+03
4.428856643368911136e+03
4.428905819344699921e+03
4.428992423154038988e+03
4.429014377935069206e+03
4.429017203532407621e+03
4.429199114795863352e+03
4.429203787699716486e+03
4.429216676955731600e+03
4.429266145152692843e+03
4.429319760768772539e+03
4.429369115417130160e+03
4.429519029409669201e+03
4.429533453131954957e+03
4.429605598175896375e+03
4.429649550121589527e+03
4.430013502326215530e+03
4.430474333293895143e+03
4.430509497807780463e+03
4.430769361062431017e+03
4.431146807550388985e+03
4.431464980586345519e+03
4.431500431893223322e+03
4.431542932880998706e+03
4.431757926948778731e+03
4.431841347858522568e+03
4.432090993501728008e+03
4.432103803943775347e+03
4.432251450006879168e+03
4.432278170529735689e+03
4.432319561105176945e+03
4.432416486782802167e+03
4.432448329996386747e+03
4.432841821107456781e+03
4.433049410834486480e+03
4.433337474125906738e+03
4.433518684305963689e+03
4.433563746426806574e+03
4.433565907655563024e+03
4.433580407610166731e+03
4.433696551769882717e+03
4.433731256201594078e+03
4.433988660716633603e+03
4.434215398711956368e+03
4.434279953937148093e+03
4.434292320215416112e+03
4.434516679796387507e+03
4.434732490560058068e+03
4.434895394872808538e+03
4.435086822733029294e+03
4.435110896628292721e+03
4.435174952903760641e+03
4.435353040703265833e+03
4.435432296348836644e+03
4.435599507341635217e+03
4.435892865813083517e+03
4.436116996197109984e+03
4.436130339760762581e+03
4.436685268962370174e+03
4.436722194864508310e+03
4.436790134732445040e+03
4.436831519644636501e+03
4.436913602763164818e+03
4.436973600510853430e+03
4.436984480930111204e+03
4.437022238088982704e+03
4.437124575095763248e+03
4.437177638595123426e+03
4.437197857813683186e+03
4.437472172679008509e+03
4.437665109946605298e+03
4.437666704173178914e+03
4.437675210049205816e+03
4.437750504558439388e+03
4.437853360151136258e+03
4.437870683498890685e+03
4.437898095417753211e+03
4.437968903481996676e+03
4.438130042108926318e+03
4.438305698774302982e+03
4.438903732643894728e+03
4.438964566213949183e+03
4.438974282004543966e+03
4.439073469722789014e+03
4.439171872506840373e+03
4.439177707694432684e+03
4.439246693313904871e+03
4.439454896872452991e+03
4.439611372152791773e+03
4.439624744685600490e+03
4.439703111405707205e+03
4.439984114575464446e+03
4.440097457821946591e+03
4.440187096923844365e+03
4.440207840275019407e+03
4.440362970073088945e+03
4.440576117676794638e+03
4.440618767793241204e+03
4.440878952412283070e+03
4.440897605360145462e+03
4.440937249853711364e+03
4.441125592291224166e+03
4.441318934074560275e+03
4.441401485356667763e+03
4.441705436663067303e+03
4.441729149762902125e+03
4.442014430413418268e+03
4.442297880472434372e+03
4.442538086843144811e+03
4.442553981978123375e+03
4.442730965046914207e+03
4.443199732045053679e+03
4.443246161351445153e+03
4.443346878476251732e+03
4.443386656183812192e+03
4.443422250810196601e+03
4.443435909124106729e+03
4.443609987907798313e+03
4.443720745209394408e+03
4.443936081786426257e+03
4.444088364066894428e+03
4.444195192371992562e+03
4.444220486216004247e+03
4.444263269514860440e+03
4.444438851797993266e+03
4.444502333095127142e+03
4.444919317908471385e+03
4.445058144162307144e+03
4.445090535142462613e+03
4.445095014242720936e+03
4.445125484075894747e+03
4.445244280527042065e+03
4.445374387813999419e+03
4.445831424537980638e+03
4.446017809723875871e+03
4.446103504514258930e+03
4.446202615020320991e+03
4.446255991408398586e+03
4.446726693004883600e+03
4.446760805674041876e+03
4.446908492638729513e+03
4.447035916127796554e+03
4.447139284630509792e+03
4.447152154551357853e+03
4.447481543945219528e+03
4.447484078838167079e+03
4.447682601752278060e+03
4.447877318799620298e+03
4.448233720793883549e+03
4.448244287927102050e+03
4.448303822161062271e+03
4.448361113851851769e+03
4.448561572778115078e+03
4.448833991928499017e+03
4.449041670682996482e+03
4.449174997534335489e+03
4.449325322206978854e+03
4.449340429621108342e+03
4.449430685787813673e+03
4.449460491734062998e+03
4.449470849509458276e+03
4.449667734151313198e+03
4.449667735051171803e+03
4.449746842325834223e+03
4.449852927860050841e+03
4.449854712477433168e+03
4.449856742585376196e+03
4.450276651075551854e+03
4.450608706253668061e+03
4.450777221908344472e+03
4.450784733273470920e+03
4.450910787903026176e+03
4.451013216175038906e+03
4.451102338740935011e+03
4.451268820402897290e+03
4.451444749612906890e+03
4.451811259061367309e+03
4.451887348758467851e+03
4.451888816270697134e+03
4.451957871802212139e+03
4.452023147906316808e+03
4.452100871466324861e+03
4.452108451615595186e+03
4.452266693013445547e+03
4.452507530429101280e+03
4.452663024063078410e+03
4.452674875559770044e+03
4.452815737061840991e+03
4.453032133099422026e+03
4.453100512625832380e+03
4.453321683687619952e+03
4.453532189701623793e+03
4.453794387733803887e+03
4.453904633959927196e+03
4.454114075661166680e+03
4.454147237100932216e+03
4.454162846272016395e+03
4.454269438883547991e+03
4.454283412264694562e+03
4.454337081108862549e+03
4.454377248683523248e+03
4.454620898326190400e+03
4.454721262471047339e+03
4.454740990848336878e+03
4.454826680836466949e+03
4.454855299857803402e+03
4.454863127866236937e+03
4.454992730132878933e+03
4.455135875335136916e+03
4.455327564669642925e+03
4.455641869156343091e+03
4.455670957492773596e+03
4.455818989583563962e+03
4.455933416747110641e+03
4.456200247048910569e+03
4.456204659136637929e+03
4.456475087567931041e+03
4.456477696953321356e+03
4.456600839090694535e+03
4.456624846389354389e+03
4.456680788116208532e+03
4.456828599670914627e+03
4.456839066105913844e+03
4.456889798014834923e+03
4.456912229464440315e+03
4.457224453995239855e+03
4.457808067425846275e+03
4.457858311574246727e+03
4.457893173169618422e+03
4.458181347104912675e+03
4.458218567816425093e+03
4.458256508413034680e+03
4.458339072913434393e+03
4.458408815686970229e+03
4.458469285274986760e+03
4.458489781873664469e+03
4.458605314839004677e+03
4.458681518805881751e+03
4.458714115357282026e+03
4.458908084444887209e+03
4.459032940053099992e+03
4.459160026796462262e+03
4.459187108434506627e+03
4.459437066599968603e+03
4.459870086857677052e+03
4.460062074839754132e+03
4.460285659856739585e+03
4.460348550649479876e+03
4.460837734961366550e+03
4.460927774870306166e+03
4.460943709744176886e+03
4.461121550982629742e+03
4.461267171008000332e+03
4.461267537140342029e+03
4.461351099588291618e+03
4.461381872285218378e+03
4.461791006307359567e+03
4.461861985730138258e+03
4.461910680457841408e+03
4.462100596695399872e+03
4.462145932884015565e+03
4.462199403483925380e+03
4.462216968941693267e+03
4.462372943015459896e+03
4.462598724791372661e+03
4.462765716410085588e+03
4.462905633908157142e+03
4.462945683926209313e+03
4.463054332246233571e+03
4.463054399475437094e+03
4.463057574907851631e+03
4.463108181378491281e+03
4.463327502657819423e+03
4.463697692327595178e+03
4.463718601365674658e+03
4.463755475333729009e+03
4.463797027460916070e+03
4.463825193079318524e+03
4.464032000161921133e+03
4.464087378904028810e+03
4.464174732936289729e+03
4.464224573122256515e+03
4.464397466839485787e+03
4.464440029463867177e+03
4.464596277229838961e+03
4.464663723545194443e+03
4.464718960429909203e+03
4.464843539660210809e+03
4.465221032824719259e+03
4.465341394072658659e+03
4.465440924288058341e+03
4.465631629308692027e+03
4.465777101125040645e+03
4.465888723425419812e+03
4.465959201211549953e+03
4.466020317583771430e+03
4.466187300533199050e+03
4.466276697215657805e+03
4.466432375703441721e+03
4.466453373113515227e+03
4.466492324231311613e+03
4.466577748386987878e+03
4.466614828383823806e+03
4.466697491566899771e+03
4.466743488598735894e+03
4.466791417148465371e+03
4.467031642032810851e+03
4.467094336864095567e+03
4.467126661133749622e+03
4.467368832309440222e+03
4.467838006926198432e+03
4.467941615513829674e+03
4.468002492548282135e+03
4.468268412822074424e+03
4.468400287294203736e+03
4.468413136628059874e+03
4.468509825481551161e+03
4.468656036114247399e+03
4.468700763791367535e+03
4.468715752424400307e+03
4.468804656888486534e+03
4.469161239279537767e+03
4.469184801640656588e+03
4.469467055649648501e+03
4.469468757948849088e+03
4.469607916140647831e+03
4.469801822705520863e+03
4.470260368320473390e+03
4.470356736586380066e+03
4.470658235514802982e+03
4.470900325545449050e+03
4.471123731182682604e+03
4.472022711771765898e+03
4.472135225754039311e+03
4.472439616968189512e+03
4.472596668402107753e+03
4.472607829890871471e+03
4.472712282394270915e+03
4.472808098017490011e+03
4.472857667808699262e+03
4.473123326873434962e+03
4.473183752211781211e+03
4.473380936695053606e+03
4.473521312483206202e+03
4.473526299600443053e+03
4.473619335862917069e+03
4.473868794091869859e+03
4.473973685846494845e+03
4.474144439500863882e+03
4.474399532227124837e+03
4.474408723056364579e+03
4.474463514185211352e+03
4.474479570531088939e+03
4.474523029583641801e+03
4.474575565209227534e+03
4.474707405015491531e+03
4.474881251203059037e+03
4.474940504599817359e+03
4.475106513564166562e+03
4.475113677046342673e+03
4.475190943639215220e+03
4.475289957276512723e+03
4.475655615377672802e+03
4.475693797650119450e+03
4.475859188673849530e+03
4.475881025826431141e+03
4.476116949450010907e+03
4.476265847349058276e+03
4.476419276400059061e+03
4.476553649864335057e+03
4.476639397658823327e+03
4.476943166315057169e+03
4.476952808536899283e+03
4.477210347729076602e+03
4.477329027535278328e+03
4.477383759699891925e+03
4.477598921062379304e+03
4.477856676431834785e+03
4.477864231619571001e+03
4.477950185713266364e+03
4.477967134542551321e+03
4.478179461062095470e+03
4.478179689789422810e+03
4.478291489757044474e+03
4.478319683934901150e+03
4.478352679981858273e+03
4.478390718536113127e+03
4.478995434940240557e+03
4.479002015949949964e+03
4.479168608110671812e+03
4.479213366699763355e+03
4.479308578883268638e+03
4.479407510161937353e+03
4.479570805326180562e+03
4.479680351651450110e+03
4.479748762354121936e+03
4.479977600274256474e+03
4.480041837584267341e+03
4.480050563010730912e+03
4.480057293814988952e+03
4.480522984794140939e+03
4.480548603224033286e+03
4.480575094318300216e+03
4.480771675595944544e+03
4.480786546118581100e+03
4.481032184856900130e+03
4.481304630647840895e+03
4.481345089569768788e+03
4.481538615937401119e+03
4.481576657453189000e+03
4.481767240851361748e+03
4.481844266314462402e+03
4.482070257861866594e+03
4.482190965241872618e+03
4.482215123891732219e+03
4.482259064368408872e+03
4.482365858623697022e+03
4.482377719253294345e+03
4.482948938356004874e+03
4.483252309051698830e+03
4.483267102342136241e+03
4.483279847896665160e+03
4.483299670724487441e+03
4.483346363953573018e+03
4.483462692573163622e+03
4.483721387820688506e+03
4.483753322718814161e+03
4.483800658001714510e+03
4.484037351684486566e+03
4.484060219248789508e+03
4.484168108204013151e+03
4.484295495924327042e+03
4.484375123680349134e+03
4.485165111583127327e+03
4.485309877424581828e+03
4.485690415380331615e+03
4.485726208426036465e+03
4.485913975847953225e+03
4.485976456716250141e+03
4.485987718909887008e+03
4.486071667150547910e+03
4.486096935288981513e+03
4.486204741235756046e+03
4.486246118135753022e+03
4.486466913002777801e+03
4.486472372680501394e+03
4.486624249423828587e+03
4.486958324723402256e+03
4.486964672618762052e+03
4.486969178568350799e+03
4.486980170330191868e+03
4.487066532789889607e+03
4.487345797143977506e+03
4.487504575089282298e+03
4.487554882500781787e+03
4.487607196173526972e+03
4.487609322409619381e+03
4.487635993182122547e+03
4.487640286277654013e+03
4.487671381453561480e+03
4.487702126029330429e+03
4.487918051411688793e+03
4.487950314419663300e+03
4.487953028021555838e+03
4.487978436175050774e+03
4.487980971539665006e+03
4.488003797175815635e+03
4.488256673035433778e+03
4.488275229467418285e+03
4.488429393715001424e+03
4.488683418045739018e+03
4.488892782709345738e+03
4.488934397815463853e+03
4.488960792291424696e+03
4.489186027616486172e+03
4.489243738759667394e+03
4.489464898249156249e+03
4.489616611099028887e+03
4.489645697102379927e+03
4.489687716851277401e+03
4.489770897559743389e+03
4.489785061533772023e+03
4.490195751669177298e+03
4.490294127819842288e+03
4.490343641097457294e+03
4.490584144603778441e+03
4.490598873944020852e+03
4.490657800640336063e+03
4.490670515134211200e+03
4.490804884325947569e+03
4.490859762460506317e+03
4.490977672069782784e+03
4.491017208011420735e+03
4.491022985673000221e+03
4.491237297170709098e+03
4.491321737588345968e+03
4.491365636988234655e+03
4.491612628252986724e+03
4.491614689432713931e+03
4.491646952860424790e+03
4.491677940522513381e+03
4.491978223009169596e+03
4.492057965551175585e+03
4.492124464235388587e+03
4.492180672231328572e+03
4.492182175071977326e+03
4.492272757656521208e+03
4.492295291161324712e+03
4.492382763258972773e+03
4.492461760029373181e+03
4.492530570330060073e+03
4.492662958117185553e+03
4.493143599840122079e+03
4.493154871978498704e+03
4.493156321739725172e+03
4.493172469500134866e+03
4.493289700965141492e+03
4.493317053561792818e+03
4.493368796335837942e+03
4.493537001655285167e+03
4.493771450495994941e+03
4.493774483610595780e+03
4.493826154103279805e+03
4.493835228933847247e+03
4.494096621818347558e+03
4.494162091209405844e+03
4.494398487341532928e+03
4.494483196692729507e+03
4.494518165214497458e+03
4.494575335350424211e+03
4.494612026277294717e+03
4.494679368406708818e+03
4.494744795318331853e+03
4.494964795996123939e+03
4.494972430941719722e+03
4.495153776854263924e+03
4.495205445058908481e+03
4.495405666174571707e+03
4.495502924348833403e+03
4.495690086026311292e+03
4.495788505320425429e+03
4.495791583185103264e+03
4.495906738651722662e+03
4.496074114265463322e+03
4.496394793326077888e+03
4.496420382588345092e+03
4.496516963591959211e+03
4.496722339642111365e+03
4.496755249309829196e+03
4.496869442471342154e+03
4.496960245211367692e+03
4.497032935120475486e+03
4.497139719618472554e+03
4.497169563827020283e+03
4.497452306483550274e+03
4.497479332658995190e+03
4.497577985492433072e+03
4.497611542133578041e+03
4.497651514334523199e+03
4.497844338676661209e+03
4.497871047269779410e+03
4.498011836448052236e+03
4.498515825743774258e+03
4.498656068479313944e+03
4.498682613454328020e+03
4.498797315283831267e+03
4.498844049280001855e+03
4.499214338044143915e+03
4.499295101512641850e+03
4.499308865598363809e+03
4.499335316346019681e+03
4.499459363786357244e+03
4.499490946720187821e+03
4.499492079114595981e+03
4.499609544552386069e+03
4.499653448155389015e+03
4.500075736347168458e+03
4.500092919574502048e+03
4.500099047777843225e+03
4.500166255375575929e+03
4.500395960695298527e+03
4.500427718486259437e+03
4.500517446632951760e+03
4.501013654042523740e+03
4.501094010835402514e+03
4.501207583656191673e+03
4.501320482701135916e+03
4.501344507997659093e+03
4.501563755543077605e+03
4.501780049023816900e+03
4.501782526753306229e+03
4.501946425134157835e+03
4.501946856416098854e+03
4.502262327814799391e+03
4.502277424852174590e+03
4.502309340886414248e+03
4.502319080202104487e+03
4.502545803625032931e+03
4.502566431035451387e+03
4.502632426518574903e+03
4.502842539378509173e+03
4.502851860725431834e+03
4.502899880007054890e+03
4.503170136832332901e+03
4.503182227011096074e+03
4.503602748925279229e+03
4.503641237494560301e+03
4.503656265303522559e+03
4.503724826750826651e+03
4.503792780420005329e+03
4.504021444275596878e+03
4.504081318635200660e+03
4.504388561761520577e+03
4.504783705935993567e+03
4.504810920009193978e+03
4.504817646804033757e+03
4.505049995958168438e+03
4.505058861024631369e+03
4.505068006521455573e+03
4.505078805727660438e+03
4.505136625739148258e+03
4.505188192730124683e+03
4.505190036822290494e+03
4.505203778056114970e+03
4.505216622877630471e+03
4.505276974863757459e+03
4.505539771467971150e+03
4.505915919661293628e+03
4.506058476925300056e+03
4.506074813937028011e+03
4.506230366013117418e+03
4.506324198128560965e+03
4.506491797483548908e+03
4.506492538382471139e+03
4.506536684928676550e+03
4.506542037937319037e+03
4.506639982667435106e+03
4.506675105577899558e+03
4.506703480129887794e+03
4.506806052654734231e+03
4.506876471944890909e+03
4.507141812977502923e+03
4.507198783740022009e+03
4.507339410827679785e+03
4.507432238080315074e+03
4.507507530469159974e+03
4.507664220336480867e+03
4.507808864945140158e+03
4.507817365795677688e+03
4.507885431701281959e+03
4.507936351644127171e+03
4.508007947576056722e+03
4.508245558448811607e+03
4.508401595841737617e+03
4.508555548173388161e+03
4.508659451837409506e+03
4.508696079028127315e+03
4.508697823499694096e+03
4.508711634797932675e+03
4.508711970662765452e+03
4.508788111501611638e+03
4.509144978093416285e+03
4.509260439762738315e+03
4.509332575256225027e+03
4.509401238203017783e+03
4.509419888943822116e+03
4.509484503381372633e+03
4.509552523364429362e+03
4.509655320964620842e+03
4.509658926626200810e+03
4.509796510378260791e+03
4.509850628725163006e+03
4.509875576029186050e+03
4.509940038657963669e+03
4.509956289067500620e+03
4.509958945831641358e+03
4.509985664779037506e+03
4.510258634976356916e+03
4.510308908765058732e+03
4.510499652379196050e+03
4.510526283364890332e+03
4.510640875602500273e+03
4.510688938617041458e+03
4.510702324908159426e+03
4.510713284708443098e+03
4.510732407214202794e+03
4.510742788325319452e+03
4.510855439259877130e+03
4.511012394841388414e+03
4.511169360525687807e+03
4.511205490444744100e+03
4.511375083222090325e+03
4.511384919071961122e+03
4.511439484227441426e+03
4.511446081780612985e+03
4.511739676345157932e+03
4.511795846300541598e+03
4.511979656779682955e+03
4.512034973486554918e+03
4.512041816449623184e+03
4.512044331008622066e+03
4.512073431185775007e+03
4.512150205944575646e+03
4.512155857631901199e+03
4.512209938576142122e+03
4.512231982302411780e+03
4.512319912123983158e+03
4.512380924212386162e+03
4.512480970006596181e+03
4.512704924242923880e+03
4.512741273146523781e+03
4.512777286191093481e+03
4.512851196356699802e+03
4.512965981176486821e+03
4.512966945425333506e+03
4.513003685978197609e+03
4.513288629299097920e+03
4.513398008663167275e+03
4.513431711755428296e+03
4.513472848952619643e+03
4.513643385391811535e+03
4.513651271337088474e+03
4.513671756484146499e+03
4.513717984428682030e+03
4.513732901828617287e+03
4.513776016827378953e+03
4.513934645185728186e+03
4.514204993198051852e+03
4.514283713528246153e+03
4.514312502436161594e+03
4.514320136903626917e+03
4.514445236751960692e+03
4.514560035218900339e+03
4.514652486996223161e+03
4.514756697069606162e+03
4.514773320422486904e+03
4.514784060434323692e+03
4.514930158976572784e+03
4.515108899698018831e+03
4.515180416136541680e+03
4.515292210737498863e+03
4.515371862343927205e+03
4.515466461979875021e+03
4.515492539166826646e+03
4.515615719510192321e+03
4.515776058064313474e+03
4.515777441372203612e+03
4.515835005154707687e+03
4.516012648253178668e+03
4.516025001580353091e+03
4.516386460946711850e+03
4.516421890772980987e+03
4.516617219006281630e+03
4.516664170046294203e+03
4.516808739974673699e+03
4.516862867359866868e+03
4.517014541484667461e+03
4.517084384609534027e+03
4.517085860188703919e+03
4.517153896359080136e+03
4.517292808679218069e+03
4.517304985375063552e+03
4.517399271741812299e+03
4.517419001667327393e+03
4.517445336169920665e+03
4.517863241400748848e+03
4.517993781657454747e+03
4.518109753054517569e+03
4.518183107135344471e+03
4.518234350588821144e+03
4.518341289003667043e+03
4.518343854314305645e+03
4.518591302093823288e+03
4.518592510796856004e+03
4.518667251795672200e+03
4.518673117847633875e+03
4.518675176982435914e+03
4.518816477270416726e+03
4.518922552302889926e+03
4.518950319270908949e+03
4.518967301775190208e+03
4.519200024825716355e+03
4.519462091350532319e+03
4.519541171601268616e+03
4.519576556737501960e+03
4.520155558957170797e+03
4.520266453036706480e+03
4.520302060997394619e+03
4.520535950827812485e+03
4.520557796279096692e+03
4.520580295468544136e+03
4.520634197309297633e+03
4.520679810637227092e+03
4.520794878411395075e+03
4.520852338954558036e+03
4.520877554218892328e+03
4.520912323940688111e+03
4.520944890445668534e+03
4.520983203041589150e+03
4.521131995791078225e+03
4.521200457092423676e+03
4.521272376699552296e+03
4.521353039659103160e+03
4.521375805596409919e+03
4.521461646567113348e+03
4.521495184269445417e+03
4.521569825597248382e+03
4.521887959173886884e+03
4.521969451283170201e+03
4.521994935636229457e+03
4.522015204995602289e+03
4.522033407301728403e+03
4.522068308693314975e+03
4.522196665260571535e+03
4.522438994399081821e+03
4.522603235271944868e+03
4.522643374327209131e+03
4.522678762548480336e+03
4.522693404197204472e+03
4.522826811404873297e+03
4.522830316750008933e+03
4.522875469303876343e+03
4.522917995038591471e+03
4.522981084894113337e+03
4.523043308291976246e+03
4.523054838558370648e+03
4.523060131014526632e+03
4.523073191620600483e+03
4.523181517880153478e+03
4.523188047945140170e+03
4.523223502267587719e+03
4.523431291206274182e+03
4.523642009413621963e+03
4.523743400483463120e+03
4.523744586284918114e+03
4.523939113967837329e+03
4.523949319968862255e+03
4.523974532803981674e+03
4.524012397227432302e+03
4.524132960062800521e+03
4.524154967577453135e+03
4.524590633278046880e+03
4.524660476844580444e+03
4.524721330375213256e+03
4.524737423395185942e+03
4.524948519939739526e+03
4.524958103055451829e+03
4.524990774933538887e+03
4.525040788554587380e+03
4.525074666600106866e+03
4.525099023015354760e+03
4.525117239932673328e+03
4.525186710921270787e+03
4.525196850416748021e+03
4.525233029792905654e+03
4.525359784588071307e+03
4.525363000614036537e+03
4.525434187118926275e+03
4.525952780681924196e+03
4.526003568345248823e+03
4.526198211767540670e+03
4.526229809248092351e+03
4.526235046950826472e+03
4.526243881725278698e+03
4.526483457890522914e+03
4.526484749575474780e+03
4.526555715768919981e+03
4.526704837420168587e+03
4.526890363446248557e+03
4.526909789102476680e+03
4.527398293309599467e+03
4.527411432168424653e+03
4.527424964734354944e+03
4.527624147937085581e+03
4.527857841883056608e+03
4.527869914348235397e+03
4.527873498398910669e+03
4.527956635791693770e+03
4.527973475766407319e+03
4.527976460935611613e+03
4.528266713624252588e+03
4.528293795438824418e+03
4.528699075925652323e+03
4.528705862191772212e+03
4.528792709008834208e+03
4.528822792691506947e+03
4.529006914901322489e+03
4.529067648349250703e+03
4.529116239295013656e+03
4.529176264756659293e+03
4.529273750872880555e+03
4.529282999468911839e+03
4.529299895437837222e+03
4.529625890604506822e+03
4.529685690505960338e+03
4.529814833685258236e+03
4.529838479235657360e+03
4.529849824276984691e+03
4.529981071970585617e+03
4.530005427007296930e+03
4.530042986321504941e+03
4.530451157491060258e+03
4.530466981028753253e+03
4.530579572034171179e+03
4.530911139292529697e+03
4.531030549994628927e+03
4.531063071585835132e+03
4.531134578453001268e+03
4.531203089318441926e+03
4.531427477861549050e+03
4.531565542242547053e+03
4.531674813871328297e+03
4.531692854661072488e+03
4.532014491560512397e+03
4.532103201781325879e+03
4.532544377269924553e+03
4.532549503521131555e+03
4.532566607331794330e+03
4.532568943410842621e+03
4.532642217069019352e+03
4.532879361100538517e+03
4.532887495899000896e+03
4.533069872616370048e+03
4.533100432147561150e+03
4.533132938082345390e+03
4.533222936057355582e+03
4.533344348240132604e+03
4.533364972500664408e+03
4.533464972204057631e+03
4.533591891146097623e+03
4.533721413383384970e+03
4.534019498203472722e+03
4.534038150457430675e+03
4.534095378393504689e+03
4.534234427156033234e+03
4.534288404342714784e+03
4.534296934235737353e+03
4.534741466804222000e+03
4.534755833101129610e+03
4.534938824667489826e+03
4.535112444806532949e+03
4.535302953793589950e+03
4.535371893546085630e+03
4.535497221900941440e+03
4.535730017282806330e+03
4.535747113662139782e+03
4.535773473395778637e+03
4.535952198462361594e+03
4.536057462433661385e+03
4.536206540353871787e+03
4.536432784718512266e+03
4.536670257856358148e+03
4.536785766137231803e+03
4.536970400402940868e+03
4.537128199825203410e+03
4.537229062832904674e+03
4.537327013072163936e+03
4.537613665232456697e+03
4.537927868146508445e+03
4.537958074214722728e+03
4.538115975071401408e+03
4.538277371786212825e+03
4.538299990494691883e+03
4.538334886372153051e+03
4.538728904957890336e+03
4.538857982970105695e+03
4.539131836360003945e+03
4.539187190060787543e+03
4.539316723026499858e+03
4.539355531176239310e+03
4.539531266579110707e+03
4.539536000590233016e+03
4.539555596893019356e+03
4.539685112402881714e+03
4.540199604361700949e+03
4.540289089318555853e+03
4.540571948395417166e+03
4.540868333495534898e+03
4.540915617880103127e+03
4.541026507084015975e+03
4.541118808792253731e+03
4.541130956422298368e+03
4.541165169483019781e+03
4.541265633442541912e+03
4.541425096980602575e+03
4.542011769379305406e+03
4.542173738598924501e+03
4.542181741222958408e+03
4.542208627158223862e+03
4.542212349247672137e+03
4.542250028295903576e+03
4.542307436580100330e+03
4.542314907074952316e+03
4.542632087949774359e+03
4.542949412333273358e+03
4.542988797429280567e+03
4.542993010882682938e+03
4.543012701320471933e+03
4.543025583670882042e+03
4.543135551904857493e+03
4.543256839171845968e+03
4.543661859396794171e+03
4.543670327595750678e+03
4.543693738807949558e+03
4.543760738086169113e+03
4.543766773944986198e+03
4.544120971365103287e+03
4.544147310289116831e+03
4.544214980279204610e+03
4.544282045747276243e+03
4.544501754215913934e+03
4.544622452961449198e+03
4.544726924630474059e+03
4.544740532354261632e+03
4.544804535095841857e+03
4.544879296844267628e+03
4.544944885813831206e+03
4.544993107245463762e+03
4.545103762419529630e+03
4.545348587456467612e+03
4.545354875801176604e+03
4.545444633908987271e+03
4.545483191379143136e+03
4.545500088107286501e+03
4.545511984651169769e+03
4.545588757763464855e+03
4.545722076011364152e+03
4.545866653693438820e+03
4.546089456117980262e+03
4.546246814887602341e+03
4.546371645442430236e+03
4.546402590938373578e+03
4.546620338621704832e+03
4.546662027450146525e+03
4.546758110276123261e+03
4.546777875652149305e+03
4.546952369724136588e+03
4.547050109968909055e+03
4.547117665229741760e+03
4.547154741482511781e+03
4.547235887156954050e+03
4.547290810749894263e+03
4.547316095124974709e+03
4.547383911726530641e+03
4.547418390087495027e+03
4.547562460677482704e+03
4.547579401751412661e+03
4.547689528206788964e+03
4.547750260343944319e+03
4.547935668634070680e+03
4.548038472055392049e+03
4.548154624584207340e+03
4.548167343228950813e+03
4.548286646237018431e+03
4.548684247294207125e+03
4.548824732334714099e+03
4.548853972583728137e+03
4.548857487491348365e+03
4.548874831429587175e+03
4.549144099078294857e+03
4.549632492005663153e+03
4.549698950242924184e+03
4.550023670587780543e+03
4.550092162101766007e+03
4.550093364668703543e+03
4.550323321841880897e+03
4.550363670324853956e+03
4.550430764941554116e+03
4.550588463265528844e+03
4.550774279232868139e+03
4.550785863081836396e+03
4.550840012666531948e+03
4.550867398311040233e+03
4.550887227909472131e+03
4.550946103768720604e+03
4.551032064603622530e+03
4.551226365298858582e+03
4.551384790887645067e+03
4.551429661342415784e+03
4.551490505224612207e+03
4.551550367075074973e+03
4.551775738214781995e+03
4.551792192234087452e+03
4.552451074639863691e+03
4.552596503513579592e+03
4.552636491059081891e+03
4.552757364394858087e+03
4.552820110811297127e+03
4.552966257672852407e+03
4.553058963628174752e+03
4.553134970603511647e+03
4.553170859331706197e+03
4.553285945836561041e+03
4.553311338359044385e+03
4.553339501569575077e+03
4.553762954868308043e+03
4.554081460805512506e+03
4.554144902420439394e+03
4.554230975790271259e+03
4.554232786452217624e+03
4.554243190511290777e+03
4.554324210692382621e+03
4.554397756831293918e+03
4.554582420524529880e+03
4.554779139326129553e+03
4.554832170799048981e+03
4.554866295268965587e+03
4.554892015024461216e+03
4.554940611471531156e+03
4.555068872435972480e+03
4.555153718066789224e+03
4.555360515220992966e+03
4.555566999249281253e+03
4.555672380823514686e+03
4.555674071035066845e+03
4.555839646310429998e+03
4.555900042903322174e+03
4.555921624220432932e+03
4.555925056563055477e+03
4.556005177774294680e+03
4.556040252313510791e+03
4.556050321888375038e+03
4.556080603512503330e+03
4.556117050807913984e+03
4.556132526875176154e+03
4.556771280763574396e+03
4.556998952760684915e+03
4.557202784026437257e+03
4.557224479111740948e+03
4.557237679642751573e+03
4.557387952260632119e+03
4.557592651757770909e+03
4.557687516969323951e+03
4.557723311366141388e+03
4.557823052163710599e+03
4.557825603123813380e+03
4.557880330887838682e+03
4.557970797445460448e+03
4.558114782683867816e+03
4.558248623224352741e+03
4.558269878908674400e+03
4.558509069536746210e+03
4.558558144282777903e+03
4.558732533423941277e+03
4.558735142058121710e+03
4.558747514656547537e+03
4.558761655523740956e+03
4.558793616747499982e+03
4.558841804920161849e+03
4.559005930238058681e+03
4.559186492615120187e+03
4.559274283305143399e+03
4.559330288285255847e+03
4.559356394903299588e+03
4.559565721061127988e+03
4.559772563575384993e+03
4.559797157685172351e+03
4.559897905994693247e+03
4.559946276102409684e+03
4.560079846415398606e+03
4.560108091201034767e+03
4.560152857065266289e+03
4.560325046521813420e+03
4.560355242649995489e+03
4.560458100875473065e+03
4.560582259353594964e+03
4.560625294493231195e+03
4.560664526237692371e+03
4.560948011509262869e+03
4.560986866630786608e+03
4.561094592336983624e+03
4.561138150589976249e+03
4.561165942638157503e+03
4.561202590953230356e+03
4.561321132429660793e+03
4.561333910119698885e+03
4.561335397869758708e+03
4.561474809754799935e+03
4.561528126117083048e+03
4.561570178034092351e+03
4.561661541208645758e+03
4.561711288492971107e+03
4.561916022674454325e+03
4.561932807638720988e+03
4.562365761575812940e+03
4.562366416578943245e+03
4.562548342486277761e+03
4.562600287353477142e+03
4.562828515841680201e+03
4.562921698181569809e+03
4.563015876053791544e+03
4.563055531086462906e+03
4.563138665142600985e+03
4.563206375109090004e+03
4.563290786913509692e+03
4.563316766780055332e+03
4.563474640371146961e+03
4.563587727077391719e+03
4.563855231287973766e+03
4.564113892455773566e+03
4.564116345846605327e+03
4.564234873023880937e+03
4.564461352154740780e+03
4.564468930072269359e+03
4.564539067927404176e+03
4.564580632209857868e+03
4.564635983086693159e+03
4.564650346750129756e+03
4.564759919297846864e+03
4.565005273196700728e+03
4.565146600047319225e+03
4.565170042377730169e+03
4.565173971744264236e+03
4.565474116434345888e+03
4.565531473496604121e+03
4.565564538456168520e+03
4.565711508492617213e+03
4.565798455209275744e+03
4.565824691567071568e+03
4.565902403398412389e+03
4.566370604375370931e+03
4.566380999587764563e+03
4.566619552362417380e+03
4.567011431348210863e+03
4.567251683024070189e+03
4.567262943662653015e+03
4.567344150369818635e+03
4.567428071297646056e+03
4.567650930756289199e+03
4.567793515396555449e+03
4.567884788188100174e+03
4.567938181127416101e+03
4.567966154557887421e+03
4.568109550284680154e+03
4.568190722171557354e+03
4.568305987778879171e+03
4.568496052139083076e+03
4.568825602954713759e+03
4.568977549063668448e+03
4.569027237612011959e+03
4.569112446709807045e+03
4.569190393698423577e+03
4.569345410268802880e+03
4.569398493692087868e+03
4.569430989139027588e+03
4.569595495495106661e+03
4.569638580630931756e+03
4.569740712065028674e+03
4.569833905331243841e+03
4.569944191085425700e+03
4.569976296546764388e+03
4.570154510725643377e+03
4.570218747771622475e+03
4.570359261595582211e+03
4.570405059865574913e+03
4.570770260009486265e+03
4.570851594744863178e+03
4.570874090314534442e+03
4.570897805282836998e+03
4.570996613843914020e+03
4.571086908776446762e+03
4.571112452675603890e+03
4.571240672166823970e+03
4.571256912554420524e+03
4.571269753015045353e+03
4.571377248673495160e+03
4.571436621428324543e+03
4.571606664429389639e+03
4.571610241409693117e+03
4.571707691041100588e+03
4.571753038457212824e+03
4.571839433860340250e+03
4.571923251881477881e+03
4.572011525629244716e+03
4.572133669102772728e+03
4.572153612721661375e+03
4.572205472767001993e+03
4.572724773763458870e+03
4.572899277858248752e+03
4.573005748210079219e+03
4.573033690208623739e+03
4.573098303762553769e+03
4.573115139650258243e+03
4.573130847924818227e+03
4.573241046242072116e+03
4.573271840426452400e+03
4.573443519385240506e+03
4.573481713708097232e+03
4.573529075258590638e+03
4.573568987469503554e+03
4.573741156883359508e+03
4.573879717194236036e+03
4.574153090703181988e+03
4.574240318850401309e+03
4.574362671697184851e+03
4.574564793225354151e+03
4.574705988632031222e+03
4.574967958460209047e+03
4.575150427408781979e+03
4.575163817679338536e+03
4.575171387426644287e+03
4.575323707208803171e+03
4.575333686045702052e+03
4.575412202187124421e+03
4.575523339284759459e+03
4.575572479610226765e+03
4.575604420103715711e+03
4.575665517980512050e+03
4.575812357912737752e+03
4.575850860922437278e+03
4.576040742372868408e+03
4.576064932779572700e+03
4.576189919493666821e+03
4.576267509024753053e+03
4.576307861641914315e+03
4.576437706719390917e+03
4.576445287093314619e+03
4.576594140351381611e+03
4.576944157910431386e+03
4.576959785283293968e+03
4.577101869666729726e+03
4.577124546555410234e+03
4.577270317694855294e+03
4.577273634749400117e+03
4.577339298649238117e+03
4.577359276093453445e+03
4.577361001064402444e+03
4.577413168211014636e+03
4.577585631393142648e+03
4.577694653229589676e+03
4.577729461614633692e+03
4.577817482226257198e+03
4.577974942157316946e+03
4.578146273717205077e+03
4.578249324007502764e+03
4.578649173122639695e+03
4.578734420089152081e+03
4.578846907863716297e+03
4.579053435194671692e+03
4.579377310430618309e+03
4.579472158049346035e+03
4.579479265866722017e+03
4.579544700665102937e+03
4.579591911036125566e+03
4.579703539650850871e+03
4.579997897516460398e+03
4.580041134627675092e+03
4.580162183026970524e+03
4.580201268723499197e+03
4.580325499661862523e+03
4.580513509583144696e+03
4.580566231862903805e+03
4.580662454802454704e+03
4.580671291368444145e+03
4.580803763718331538e+03
4.580831547224427595e+03
4.581000744336358366e+03
4.581265816507912859e+03
4.581460044872550498e+03
4.581479677074119536e+03
4.581508384850777475e+03
4.581521554945344178e+03
4.581566496575557721e+03
4.581715373778986759e+03
4.581800397080442963e+03
4.581961051815069368e+03
4.581993707596116110e+03
4.581998874937398796e+03
4.582108654789904904e+03
4.582139397420573914e+03
4.582690611004858511e+03
4.582923162328102080e+03
4.583000982653724350e+03
4.583061155089547356e+03
4.583148184153258626e+03
4.583588499926927398e+03
4.584079590052328058e+03
4.584128958472073464e+03
4.584393141141223168e+03
4.584401575813691124e+03
4.584460512032068436e+03
4.584653593694770279e+03
4.585175219899329022e+03
4.585303172945938059e+03
4.585368251928481186e+03
4.585388973581795653e+03
4.585396618048077471e+03
4.585466591670918206e+03
4.585490483273193604e+03
4.585579098582459665e+03
4.585634336159959275e+03
4.585637316086144892e+03
4.585662881360860410e+03
4.586537505125438656e+03
4.586655336999489009e+03
4.586834758291311118e+03
4.586862824338111750e+03
4.586981128098713270e+03
4.586987496541136352e+03
4.587089244913210678e+03
4.587211456771314261e+03
4.587263919673266173e+03
4.587323664412693688e+03
4.587390842611544940e+03
4.587420679886473408e+03
4.587444201773729219e+03
4.587495955618409425e+03
4.587604230132220437e+03
4.587778933087182850e+03
4.588058386250384501e+03
4.588140608644652275e+03
4.588385489905471331e+03
4.588437505202252396e+03
4.588835139183573119e+03
4.588846340479157334e+03
4.588997152835418092e+03
4.589055610283995520e+03
4.589123087338942241e+03
4.589126595956172423e+03
4.589127290634096425e+03
4.589254051534133396e+03
4.589299351778794517e+03
4.589301593803890682e+03
4.589315954417555076e+03
4.589355003385830969e+03
4.589387228687507559e+03
4.589442891344441705e+03
4.589576626886488157e+03
4.589605195144240497e+03
4.589646070443424833e+03
4.589724063496623785e+03
4.589997441166113276e+03
4.590173132416206499e+03
4.590186167956692771e+03
4.590189578574502775e+03
4.590326154139564096e+03
4.590614659646802465e+03
4.590657308078415554e+03
4.590674818473959022e+03
4.590751188105423353e+03
4.590832077707007556e+03
4.591045262565467965e+03
4.591221085434077395e+03
4.591261355440501575e+03
4.591333034697112453e+03
4.591373984126174946e+03
4.591532757063624558e+03
4.591547499161187261e+03
4.592000589093934650e+03
4.592051439210785247e+03
4.592188092972687627e+03
4.592211815761213074e+03
4.592324854982345641e+03
4.592383112298579363e+03
4.592659560303647595e+03
4.592798032265043730e+03
4.593000555834692022e+03
4.593228508611726284e+03
4.593424726164347703e+03
4.593591462729726118e+03
4.593627574772124717e+03
4.593669551886220688e+03
4.593924950805405388e+03
4.594227136570073526e+03
4.594250223837589147e+03
4.594323007912138564e+03
4.594482091704375307e+03
4.594556187046188825e+03
4.594896617102844175e+03
4.594900172756565553e+03
4.594961319400487810e+03
4.595124725217885498e+03
4.595126636182237235e+03
4.595335622576058995e+03
4.595728601961896857e+03
4.595826629614261037e+03
4.595864718863522285e+03
4.595908705999875565e+03
4.596108591147692096e+03
4.596199417866854674e+03
4.596475182108739318e+03
4.596548252450724249e+03
4.596633778790741417e+03
4.596658035194388503e+03
4.596706528021853046e+03
4.596767770989980818e+03
4.596926624188366077e+03
4.597180669823410426e+03
4.597181736048214589e+03
4.597372900688810660e+03
4.597373597749583496e+03
4.597385172693443565e+03
4.597462460129786450e+03
4.597465981944365922e+03
4.597515457082876310e+03
4.597693433084968092e+03
4.597700019683427854e+03
4.597730435893010508e+03
4.597750678453499859e+03
4.597807035683395043e+03
4.598026814172909326e+03
4.598063636929596214e+03
4.598129899620023934e+03
4.598318087004621702e+03
4.598492613107373472e+03
4.598493682062739026e+03
4.598507205698161670e+03
4.598507335539905398e+03
4.598649914064357290e+03
4.598718845070272437e+03
4.598816196595978909e+03
4.599064567548008199e+03
4.599417926308954520e+03
4.599447681976464992e+03
4.599622572654400756e+03
4.599668329219884981e+03
4.599734315474291179e+03
4.599829114600704088e+03
4.600037106159494215e+03
4.600200215647978439e+03
4.600279012433762546e+03
4.600333856063497478e+03
4.600399502995363036e+03
4.600537280008867128e+03
4.600574350710099679e+03
4.600586495123840905e+03
4.600756294758250078e+03
4.600789094566095628e+03
4.600832893866180711e+03
4.601242408511001486e+03
4.601326728448075301e+03
4.601370427732518692e+03
4.601433276220839616e+03
4.601434731497868597e+03
4.601575791582472448e+03
4.601623348273101328e+03
4.601664565874601976e+03
4.601895553505086355e+03
4.601903531318767818e+03
4.602095221289457186e+03
4.602135208663081357e+03
4.602229046804665813e+03
4.602280764094258302e+03
4.602392772146968127e+03
4.602464435076953123e+03
4.602484818740200353e+03
4.602527280689569125e+03
4.602628501727827825e+03
4.602714529802756260e+03
4.602741766870748506e+03
4.602749997902441464e+03
4.602822124076653381e+03
4.602980147121721529e+03
4.603033284988203377e+03
4.603229929208921021e+03
4.603401942303764372e+03
4.603494853708763912e+03
4.603506199983139595e+03
4.603515260796617440e+03
4.603547239240793715e+03
4.603633915741654164e+03
4.603800723891682537e+03
4.603855592314092064e+03
4.603919795928855820e+03
4.604150051902287487e+03
4.604321934688778128e+03
4.604548604473800879e+03
4.604551739949477451e+03
4.604563995481013080e+03
4.604609368608491422e+03
4.604658629031081546e+03
4.604660016538553464e+03
4.604705613762733265e+03
4.604779471754291990e+03
4.604798110792773514e+03
4.604978560131422455e+03
4.605225964424806079e+03
4.605571516727598464e+03
4.605758355379155546e+03
4.605830539757086626e+03
4.605946320684761304e+03
4.606064466769036699e+03
4.606091358942033366e+03
4.606198670863400366e+03
4.606201482954373205e+03
4.606370346334845635e+03
4.606401247983093526e+03
4.606475352109412597e+03
4.606482589346772329e+03
4.606528429908957150e+03
4.606706216968312219e+03
4.606749113600298188e+03
4.606841748604490022e+03
4.607181276598813383e+03
4.607444059920508153e+03
4.607559805010952914e+03
4.607673897299408964e+03
4.607732982890279345e+03
4.607891022953700485e+03
4.607988457464946805e+03
4.607992055453000830e+03
4.608242047873725824e+03
4.608366820570286109e+03
4.608446528989574290e+03
4.608477079926093211e+03
4.608507243390075928e+03
4.608616755051747532e+03
4.608644635044071038e+03
4.608785085475638880e+03
4.608820994391745444e+03
4.608846009141399009e+03
4.608900434994768148e+03
4.608938532853821926e+03
4.609000134574879667e+03
4.609135815479717166e+03
4.609164118088065152e+03
4.609181665021213121e+03
4.609310488230024021e+03
4.609328043400575552e+03
4.609350289364637320e+03
4.609515196231659502e+03
4.609549006703408850e+03
4.609692648811263098e+03
4.609804017552045480e+03
4.609804616277562673e+03
4.609890943578701808e+03
4.610060518285868966e+03
4.610440076994341325e+03
4.610573008151441172e+03
4.610665386712201325e+03
4.610704409803784074e+03
4.610799050645893658e+03
4.611277027532719330e+03
4.611333499132976613e+03
4.611335907365619278e+03
4.611430185194019941e+03
4.611471932554860359e+03
4.611475752273760918e+03
4.611709889468580513e+03
4.611727108852502170e+03
4.611740084347701668e+03
4.611842996760961796e+03
4.611879639741027859e+03
4.612191077783199944e+03
4.612263838721717548e+03
4.612279340355220484e+03
4.612297669383856373e+03
4.612301118888059136e+03
4.612395927495977958e+03
4.612552919493930858e+03
4.612738470686416804e+03
4.612788330648406372e+03
4.612849533129323390e+03
4.612911188189480526e+03
4.613098148763136123e+03
4.613249312741257199e+03
4.613396434862988826e+03
4.613607198999900902e+03
4.613611907269612857e+03
4.613625434532202235e+03
4.613741794731778100e+03
4.613972863447235795e+03
4.613986837544222908e+03
4.614169839884164503e+03
4.614172782413432287e+03
4.614342994587893372e+03
4.614344296008314814e+03
4.614352500289553973e+03
4.614400745136685146e+03
4.614458308398093322e+03
4.614557287566549348e+03
4.614561525670350420e+03
4.614676774396921246e+03
4.614792346519671810e+03
4.614890103319294212e+03
4.614911505125478470e+03
4.615050564334772389e+03
4.615116652415836143e+03
4.615162486030283617e+03
4.615248054927744306e+03
4.615301708387558392e+03
4.615328619920214805e+03
4.615456878747915653e+03
4.615756613016520532e+03
4.616454300313704152e+03
4.616517954115166503e+03
4.616531081565772183e+03
4.616638535688421143e+03
4.617011483296291772e+03
4.617033964030179959e+03
4.617058790174970454e+03
4.617086730251799963e+03
4.617154709305317738e+03
4.617168630728109747e+03
4.617192196441301348e+03
4.617210765206432370e+03
4.617250064780166213e+03
4.617430806066856348e+03
4.617594333872088100e+03
4.617638356496036067e+03
4.617640448730832759e+03
4.617842315085761584e+03
4.617881191508342454e+03
4.617883331812007782e+03
4.617973939437611079e+03
4.618034445967090505e+03
4.618044165176587740e+03
4.618099024216692669e+03
4.618251136375051829e+03
4.618456102321103572e+03
4.618512160704449343e+03
4.618526556706990050e+03
4.618537465432370482e+03
4.618544732549291439e+03
4.618587749385201278e+03
4.618656640875426092e+03
4.618685239737980737e+03
4.618961768269345157e+03
4.618969115039124517e+03
4.619304340543510079e+03
4.619388112933534103e+03
4.619476922747103345e+03
4.619506596589772926e+03
4.619513302697829204e+03
4.619588688493222435e+03
4.619820090533488838e+03
4.619957608541164518e+03
4.620043640185367622e+03
4.620044866171753711e+03
4.620176807195943184e+03
4.620364448313398498e+03
4.620493553163612887e+03
4.620523561627493109e+03
4.620736553483690841e+03
4.620899927716081038e+03
4.621102097287208380e+03
4.621537822001057975e+03
4.621554631140288620e+03
4.621567734878800366e+03
4.621898241914017490e+03
4.621919955856349588e+03
4.621961494166103876e+03
4.622125491844615681e+03
4.622127586847405837e+03
4.622173925178621175e+03
4.622230695829843171e+03
4.622279500149654268e+03
4.622457924545225069e+03
4.622581491216971699e+03
4.622597304662950592e+03
4.622695951120150312e+03
4.622722810369828949e+03
4.622802889148683789e+03
4.623026904978345556e+03
4.623252953244273158e+03
4.623396809046980707e+03
4.623453480869763553e+03
4.623529365067913204e+03
4.623569489282980612e+03
4.623916304386018965e+03
4.623993768420333254e+03
4.624407046249735686e+03
4.624454390942946702e+03
4.624559291742572896e+03
4.624644626009880994e+03
4.624667859636994763e+03
4.624736670473175764e+03
4.624989555035823287e+03
4.625004114129431400e+03
4.625320858353468793e+03
4.625345641831876492e+03
4.625476665976814729e+03
4.625581555701574871e+03
4.625682252624038483e+03
4.625731525886011696e+03
4.625951634706522782e+03
4.625972264309540151e+03
4.626018800873834152e+03
4.626069789840437807e+03
4.626368920105648613e+03
4.626705561810220388e+03
4.626934029298736277e+03
4.626935459264319434e+03
4.626977742829748422e+03
4.627057227690306718e+03
4.627107053598148923e+03
4.627157368250781474e+03
4.627313030104163772e+03
4.627330166657273367e+03
4.627520452084801946e+03
4.627606582298604735e+03
4.628089918257302998e+03
4.628154348722511713e+03
4.628174158869511302e+03
4.628191812970347200e+03
4.628229321348064332e+03
4.628248161598296065e+03
4.628310351245771926e+03
4.628414337582622466e+03
4.628427862987483422e+03
4.628438415213042390e+03
4.628444832597705499e+03
4.628505085143945507e+03
4.628763233862509878e+03
4.628910242112948254e+03
4.628945309442414327e+03
4.629117785404822826e+03
4.629421711100935681e+03
4.629466286985932129e+03
4.629484655211705103e+03
4.629495528778188600e+03
4.629530261459567555e+03
4.629596277727547204e+03
4.629745012761797625e+03
4.629784479861613363e+03
4.629798032307215180e+03
4.629811474387965063e+03
4.630010084609050864e+03
4.630014254434482609e+03
4.630118118793804570e+03
4.630118364868792924e+03
4.630222918259076323e+03
4.630350808115791551e+03
4.630380710615397220e+03
4.630487731905364853e+03
4.630587399448599172e+03
4.630619289063480210e+03
4.630814766186566885e+03
4.630946204792312528e+03
4.631016767446700214e+03
4.631208387468784167e+03
4.631339859382432223e+03
4.631409534940340563e+03
4.631436704124258540e+03
4.631514269142279772e+03
4.631522799707780905e+03
4.631597605322131130e+03
4.631721184422582155e+03
4.631734732284791789e+03
4.631757649704800315e+03
4.631885169002659495e+03
4.631892696157454338e+03
4.631946221349973712e+03
4.632065691891300958e+03
4.632093892725572005e+03
4.632343079810722884e+03
4.632344647514040844e+03
4.632393333716538109e+03
4.632410268095936772e+03
4.632452022986751217e+03
4.632455608953259798e+03
4.632631123862333880e+03
4.632985795823771696e+03
4.633180094910933803e+03
4.633247721693750464e+03
4.633381679770830488e+03
4.633448777279387286e+03
4.633588431712562851e+03
4.633595885467125299e+03
4.633621628573350790e+03
4.633817167699332458e+03
4.634016466796962050e+03
4.634726387150572918e+03
4.634741906537817158e+03
4.634800817830629967e+03
4.634809761487545074e+03
4.634837757955122470e+03
4.634898498933876908e+03
4.635186314379082432e+03
4.635187024371037296e+03
4.635215395659643946e+03
4.635361622463718959e+03
4.635364593983518716e+03
4.635380338611380466e+03
4.635491005404966927e+03
4.635557599540272349e+03
4.635602486396124732e+03
4.635628056717115214e+03
4.635641716536733838e+03
4.635694252429043445e+03
4.635712253106989920e+03
4.635760093208789840e+03
4.635817627988982167e+03
4.635952023568164805e+03
4.635985393901297357e+03
4.636151364377094069e+03
4.636680761250499017e+03
4.636953527016537009e+03
4.637044897861896061e+03
4.637100692813081878e+03
4.637189939399069772e+03
4.637263622212023620e+03
4.637287989776832546e+03
4.637314215449469884e+03
4.637344095025387105e+03
4.637375750159886593e+03
4.637404387294784101e+03
4.637540283043716954e+03
4.637564631443819962e+03
4.637618647260072066e+03
4.637674957289620579e+03
4.637771217409227575e+03
4.637803911398202217e+03
4.637946729272754055e+03
4.638152747972453653e+03
4.638760195613490396e+03
4.638849197159642245e+03
4.638968891222708407e+03
4.638998670463882263e+03
4.639119520779396225e+03
4.639136236726605603e+03
4.639146515630299291e+03
4.639311096054611880e+03
4.639416586859624658e+03
4.639552108996991592e+03
4.639761518672302373e+03
4.639801054305903563e+03
4.639977862030686083e+03
4.639990310985056567e+03
4.640131107694281127e+03
4.640344288854291335e+03
4.640367758439607314e+03
4.640467921227789702e+03
4.640486570301860411e+03
4.640490284279987463e+03
4.640497292210566229e+03
4.640522863507307193e+03
4.640564084937441294e+03
4.640667895652634797e+03
4.640818313559399030e+03
4.640894506920807544e+03
4.640966972412431460e+03
4.641366999271122950e+03
4.641388448559994686e+03
4.641410446710447104e+03
4.641474778828269336e+03
4.641495840398516521e+03
4.641530145344947414e+03
4.641552892451283697e+03
4.641581378566937929e+03
4.641602244635198986e+03
4.641623350404003759e+03
4.641679038238564317e+03
4.641799418809453528e+03
4.641964508975431272e+03
4.642006253799840124e+03
4.642026339190033468e+03
4.642031360351482363e+03
4.642089226645382951e+03
4.642738137520420423e+03
4.642739044498380281e+03
4.642869844055148860e+03
4.643071627659682235e+03
4.643120024870181624e+03
4.643610504567104726e+03
4.643610660255235416e+03
4.643649844749504155e+03
4.643750804218632766e+03
4.643797583331454916e+03
4.643910048760063546e+03
4.643994919658697654e+03
4.644234425384734095e+03
4.644373036613051227e+03
4.644448103564818666e+03
4.644466019138178126e+03
4.644506330598461318e+03
4.644583283817816664e+03
4.644742633325349743e+03
4.644845248305123278e+03
4.644995466465676145e+03
4.645052122373299426e+03
4.645310445402797086e+03
4.645327641250320085e+03
4.645422407219907655e+03
4.645611868550758118e+03
4.645735234306569509e+03
4.645801034471467574e+03
4.646250683586084051e+03
4.646258271121500002e+03
4.646269608983677244e+03
4.646387291937224290e+03
4.646446786826192692e+03
4.646462993482947240e+03
4.646465807759771451e+03
4.646555506179247459e+03
4.646593169129627313e+03
4.646705214103978506e+03
4.646753988464110989e+03
4.646799249487270572e+03
4.646861862628245945e+03
4.646968242639247364e+03
4.647123108341041188e+03
4.647313446531713453e+03
4.647341560708748148e+03
4.647380288547000418e+03
4.647424126386864373e+03
4.647447390677856674e+03
4.647538194018797185e+03
4.647824668838801699e+03
4.647897728731359166e+03
4.647958655936378818e+03
4.647979330231532003e+03
4.647988074168807543e+03
4.648130847411798641e+03
4.648192496491579732e+03
4.648294274415017753e+03
4.648375875360793543e+03
4.648473481432998597e+03
4.648641468919599902e+03
4.648698403210526521e+03
4.648808968276062842e+03
4.648809866982424865e+03
4.648870552160985426e+03
4.648987144218951471e+03
4.649324045086912520e+03
4.649505567393138335e+03
4.649532552130498516e+03
4.649563463499387581e+03
4.649570765089066299e+03
4.649575886217363404e+03
4.649901073118716340e+03
4.650044424949319364e+03
4.650079352243238645e+03
4.650125848750524710e+03
4.650260986014649461e+03
4.650306171604687734e+03
4.650369818003522596e+03
4.650372143227606102e+03
4.650688322608135422e+03
4.650759505277122116e+03
4.650794800386684983e+03
4.650853113192940327e+03
4.650961401022489554e+03
4.651178702317272837e+03
4.651189733947618151e+03
4.651211402288627141e+03
4.651222484052026630e+03
4.651228534402807782e+03
4.651488275682650055e+03
4.651600596293143099e+03
4.651760189558606726e+03
4.651801600430081635e+03
4.651875520349198268e+03
4.651966144764425735e+03
4.652013529179839679e+03
4.652305147390525235e+03
4.652573376560614633e+03
4.652916811669943854e+03
4.652930902049714859e+03
4.652933053411054061e+03
4.653112621988658248e+03
4.653255709489139008e+03
4.653299037580302866e+03
4.653432850175287058e+03
4.653452509429691418e+03
4.653454540824967808e+03
4.653455867238862083e+03
4.653548328198766285e+03
4.653893652574302905e+03
4.653988074737849274e+03
4.654056623073744959e+03
4.654157207780736826e+03
4.654189953756793329e+03
4.654262152343186244e+03
4.654281448632765205e+03
4.654365927400133842e+03
4.654432926600135943e+03
4.654494721108741942e+03
4.654541302038330286e+03
4.654576609233772615e+03
4.654837375260745830e+03
4.654869929380748545e+03
4.654894968498350863e+03
4.654996320218580877e+03
4.655002917781602264e+03
4.655057557661195460e+03
4.655104417166015082e+03
4.655114506407039698e+03
4.655322197131338726e+03
4.655455482702933296e+03
4.655727519101918006e+03
4.655779024346353253e+03
4.656103901061472243e+03
4.656111664932290296e+03
4.656300651884506806e+03
4.656418420878880170e+03
4.656544710414977089e+03
4.656548242309153466e+03
4.656549914548454581e+03
4.656561891829469459e+03
4.656614524851377610e+03
4.656628571074436877e+03
4.656686841993351663e+03
4.656848258193278525e+03
4.656896192457513280e+03
4.656946818943233666e+03
4.656953402951849966e+03
4.656965405990187719e+03
4.657108299673406691e+03
4.657109515881392326e+03
4.657173503011319553e+03
4.657221733952011164e+03
4.657233462368086293e+03
4.657312645996606989e+03
4.657412262354680024e+03
4.657463165401674814e+03
4.657552736980267582e+03
4.657646769062795101e+03
4.657689574379851365e+03
4.657767890573700242e+03
4.657854843031457676e+03
4.657949558198472005e+03
4.657954684956489473e+03
4.658006807677905272e+03
4.658040875656781282e+03
4.658167425480119164e+03
4.658211986991252161e+03
4.658218054226354070e+03
4.658230825478768566e+03
4.658232313667333983e+03
4.658442017182125710e+03
4.658503408030966057e+03
4.658752335954554837e+03
4.658757029623970084e+03
4.658776662285225029e+03
4.658844864713818424e+03
4.658868928094500916e+03
4.659138900012244449e+03
4.659594539971500126e+03
4.659610406050017446e+03
4.659670454303009137e+03
4.659705337955141658e+03
4.659923646697389813e+03
4.659998052825881132e+03
4.660080720457628559e+03
4.660125996178136120e+03
4.660200691724249737e+03
4.660397870024725307e+03
4.660445449482943332e+03
4.660471435256938094e+03
4.660490011699621391e+03
4.660532034000180829e+03
4.660652516689348886e+03
4.660689495854169763e+03
4.660780797938721662e+03
4.660816906298126014e+03
4.660929119036847624e+03
4.661162453818466929e+03
4.661206921431866249e+03
4.661215152731810122e+03
4.661287380224206572e+03
4.661331233338382845e+03
4.661443029024436328e+03
4.661501847105005254e+03
4.661542792998811819e+03
4.661825457826040292e+03
4.661827954372871318e+03
4.661830306646380450e+03
4.662230469848201210e+03
4.662275943986189304e+03
4.662430342982953334e+03
4.662612595366184905e+03
4.662650973133714615e+03
4.662723038603492569e+03
4.662771061022420326e+03
4.662797784640970349e+03
4.662883975371551969e+03
4.662884981384433559e+03
4.662903753004303326e+03
4.663062071319171082e+03
4.663110425893475622e+03
4.663118020449049254e+03
4.663169526213944664e+03
4.663274914348691709e+03
4.663276172805259193e+03
4.663371627446650564e+03
4.663406428030192728e+03
4.663433884611029498e+03
4.663461985285720402e+03
4.663557248727089245e+03
4.663642269821459195e+03
4.663827397588917847e+03
4.663843341139013319e+03
4.663874390280866464e+03
4.663883731437084862e+03
4.663892871413790090e+03
4.663950514169365306e+03
4.663978279049173580e+03
4.664080455734463612e+03
4.664390339038178354e+03
4.664409921666478112e+03
4.664499599558938826e+03
4.664766029966059250e+03
4.664905276755970590e+03
4.664999245646207783e+03
4.665147740839774997e+03
4.665229717911645821e+03
4.665273791984365744e+03
4.665283258152180679e+03
4.665503869125791425e+03
4.665534668518231229e+03
4.665537019073848569e+03
4.665790374548758336e+03
4.665812871050009562e+03
4.665911353196880555e+03
4.666017732068929035e+03
4.666309212248523181e+03
4.666336568359991361e+03
4.666374201460686891e+03
4.666525575141846275e+03
4.666652205698113903e+03
4.666711062216090795e+03
4.667008701246256351e+03
4.667044535390818055e+03
4.667311428572001205e+03
4.667356154739058184e+03
4.667645170475496343e+03
4.667718386329575878e+03
4.667820634769472235e+03
4.668057766270269894e+03
4.668152620223391750e+03
4.668222958804624795e+03
4.668382654456863747e+03
4.668539355798641736e+03
4.668544164101492242e+03
4.668569430900427506e+03
4.668734682381425955e+03
4.668800034196900015e+03
4.669073502832964550e+03
4.669115303864285124e+03
4.669145244172551429e+03
4.669177337376288961e+03
4.669265393110009427e+03
4.669302350361945173e+03
4.669505330671832780e+03
4.669559256353325509e+03
4.669567914351248874e+03
4.669615548029758429e+03
4.669621017585151094e+03
4.669659563077217172e+03
4.669718373403287842e+03
4.669861447052143376e+03
4.669996823280618628e+03
4.670000236125049014e+03
4.670085142691643341e+03
4.670231775379342253e+03
4.670581264070980069e+03
4.670618382494448269e+03
4.670691010128372000e+03
4.670713972468101929e+03
4.671074437484219743e+03
4.671165856484991309e+03
4.671193254763513323e+03
4.671230638975770489e+03
4.671405469712083686e+03
4.671504697829781435e+03
4.671569690298110800e+03
4.671594805603203895e+03
4.671769636169306978e+03
4.671801174957336116e+03
4.671825977774448802e+03
4.671997113930907290e+03
4.672013036400467172e+03
4.672099979264702597e+03
4.672147220756682145e+03
4.672148272075157365e+03
4.672158832188794804e+03
4.672183596660201147e+03
4.672392621186551878e+03
4.672611019447715080e+03
4.672642583365909559e+03
4.672673137709525690e+03
4.672725025056092818e+03
4.672937956937769741e+03
4.673036912549170665e+03
4.673160670837787620e+03
4.673297398819801856e+03
4.673442202128636382e+03
4.673541975300565355e+03
4.673766356871332391e+03
4.673821689325995976e+03
4.673949822380059231e+03
4.673994996135625115e+03
4.674013066589429400e+03
4.674069386117987051e+03
4.674344374491977760e+03
4.674581164198209990e+03
4.674583092451734956e+03
4.674711168947504120e+03
4.674780281035349617e+03
4.674901944901364914e+03
4.675058864659774372e+03
4.675083664842314647e+03
4.675340979493384111e+03
4.675351810794993980e+03
4.675473450081545707e+03
4.675529969563495797e+03
4.675833160769440838e+03
4.675836104641649399e+03
4.675880352957979994e+03
4.675909242396885929e+03
4.675992903733690582e+03
4.676206389341396971e+03
4.676215078580594309e+03
4.676330538781827272e+03
4.676380119910279063e+03
4.676392274511104915e+03
4.676427837454187284e+03
4.676433471136680964e+03
4.676533148292156511e+03
4.676718046057587344e+03
4.676760272029156113e+03
4.676801513385164071e+03
4.677028019846402458e+03
4.677296005490440621e+03
4.677299987725786195e+03
4.677318623414696958e+03
4.677402776939592513e+03
4.677422223869673871e+03
4.677632164041312535e+03
4.677742394269084798e+03
4.677855601467666929e+03
4.678102522319370109e+03
4.678156309411740040e+03
4.678247807363895845e+03
4.678349509724927884e+03
4.678595863734868544e+03
4.678612009964667777e+03
4.678650780171842598e+03
4.678898281501158635e+03
4.679088086053658117e+03
4.679089189714933127e+03
4.679145211344944073e+03
4.679306108983049853e+03
4.679458163555367719e+03
4.679617002317018887e+03
4.679790116704912180e+03
4.679892043220689629e+03
4.679960391946514392e+03
4.680141858975081959e+03
4.680501006529078040e+03
4.680529332633141166e+03
4.680789876385690150e+03
4.680853424035904936e+03
4.681080576066371577e+03
4.681308442488361834e+03
4.681500918401409763e+03
4.681785051902313171e+03
4.681810035756113393e+03
4.681837316664893478e+03
4.682108596315363684e+03
4.682363893162066233e+03
4.682396469358961440e+03
4.682489284122569188e+03
4.682492708431067513e+03
4.682495820420020209e+03
4.682553702757603787e+03
4.682571517291805321e+03
4.682619144775454515e+03
4.682724496506303694e+03
4.682736186663989429e+03
4.682789231787423887e+03
4.682856093392977527e+03
4.682908636543495049e+03
4.683074693486941214e+03
4.683151852212546146e+03
4.683399225990855484e+03
4.683405909232542399e+03
4.683430271021842600e+03
4.683459478384432259e+03
4.683600281267060382e+03
4.683614123897326863e+03
4.683800558921843731e+03
4.683915607760843159e+03
4.683932278786676761e+03
4.683985918149938698e+03
4.684047831555593802e+03
4.684111944554872935e+03
4.684219495418219594e+03
4.684314491927026211e+03
4.684326389466908950e+03
4.684473025740582671e+03
4.684515349658569903e+03
4.684621703228331171e+03
4.684736939694037574e+03
4.684906897079707051e+03
4.684976351421373693e+03
4.685051513035272365e+03
4.685322150187499574e+03
4.685357746218676766e+03
4.685445687077866751e+03
4.685676706870416638e+03
4.685899245485912616e+03
4.686191085636228308e+03
4.686262256267040357e+03
4.686390626751629497e+03
4.686527815828619168e+03
4.686564948436480336e+03
4.686659293884040380e+03
4.686777269382757368e+03
4.686848771088353715e+03
4.687320146241649127e+03
4.687421837971937748e+03
4.687562496522878973e+03
4.687649051135011177e+03
4.687890328432159549e+03
4.688084356572526303e+03
4.688197340856951087e+03
4.688233682945082364e+03
4.688287410276915580e+03
4.688381247989837902e+03
4.688483837719563780e+03
4.688500909589595722e+03
4.688605300027381418e+03
4.688696516167306072e+03
4.688870218550631762e+03
4.688965111101359980e+03
4.689055670716371424e+03
4.689182541495182704e+03
4.689206156493694834e+03
4.689226499412230623e+03
4.689304258051359284e+03
4.689319733450309286e+03
4.689352261202701811e+03
4.689520853047023593e+03
4.689579888855433637e+03
4.689594627894992300e+03
4.689813092989857978e+03
4.690001574552777129e+03
4.690029609384588184e+03
4.690112923026933458e+03
4.690155870265062731e+03
4.690344021952044386e+03
4.690498521066277135e+03
4.690963346573017589e+03
4.690992310607618492e+03
4.691069691649644483e+03
4.691083072628063746e+03
4.691506291465643699e+03
4.691557513857499544e+03
4.691617022645102224e+03
4.691801629050421980e+03
4.691840531847630700e+03
4.691924313611303660e+03
4.692104203889321070e+03
4.692267499451161711e+03
4.692291397236641387e+03
4.692359889969644428e+03
4.692410045767590418e+03
4.692505952392440122e+03
4.692521113444207003e+03
4.692815146423667102e+03
4.692822570120427372e+03
4.692847106482629897e+03
4.692997294102736305e+03
4.693090136435886052e+03
4.693092411863617599e+03
4.693122137513173584e+03
4.693199386089141626e+03
4.693261644552208054e+03
4.693286446958333727e+03
4.693524807590036289e+03
4.693632549955049399e+03
4.693640527655450569e+03
4.693647161749905536e+03
4.693660197264044655e+03
4.693705597552272593e+03
4.693780255440281508e+03
4.694032488324579390e+03
4.694058067205166481e+03
4.694273547242057248e+03
4.694297875692088382e+03
4.694435376906249985e+03
4.694527179531473848e+03
4.694616564046471467e+03
4.694620044733619579e+03
4.694756785390947698e+03
4.694874283385352101e+03
4.694937218253787250e+03
4.695172437332803383e+03
4.695265045537160404e+03
4.695290571572240879e+03
4.695420107610275409e+03
4.695442826378721293e+03
4.695604384601739184e+03
4.695634193587124173e+03
4.695939201086896901e+03
4.696001977325643566e+03
4.696069545804331028e+03
4.696136895251016540e+03
4.696151516944987634e+03
4.696183101653978156e+03
4.696250493597579407e+03
4.696318009449172678e+03
4.696356680703282109e+03
4.696569745372903526e+03
4.696667459225204766e+03
4.696754684572162660e+03
4.696784613251517840e+03
4.696838641310160710e+03
4.696841113224605579e+03
4.696848541933462911e+03
4.697038201389009373e+03
4.697241410656845801e+03
4.697248217776875208e+03
4.697847051326295514e+03
4.697879048117644743e+03
4.698051792494086840e+03
4.698115932081403116e+03
4.698346280915728130e+03
4.698357269919581086e+03
4.698420609935635184e+03
4.698473022172217497e+03
4.698474606412677531e+03
4.698546479396732138e+03
4.698548786903431392e+03
4.698638204656274866e+03
4.698749537508391768e+03
4.698840925912721104e+03
4.699143031575084933e+03
4.699373828402712206e+03
4.699514433714767620e+03
4.699994239709782960e+03
4.700026818392213499e+03
4.700068581261102736e+03
4.700100459804259117e+03
4.700264481700301076e+03
4.700282168918100979e+03
4.700326807559560621e+03
4.700685492528187751e+03
4.700849572965208608e+03
4.700977902648396594e+03
4.700984754300923669e+03
4.701096019749234074e+03
4.701174015248080650e+03
4.701215857712114484e+03
4.701217722023617171e+03
4.701303742453461382e+03
4.701586842148473806e+03
4.701596361420697576e+03
4.701675750022263855e+03
4.701681452290257766e+03
4.701770158528386673e+03
4.701902730288915336e+03
4.702054958241632448e+03
4.702098725968030521e+03
4.702151388350092930e+03
4.702159618175906871e+03
4.702438928880466847e+03
4.702737289088395300e+03
4.703021009603966377e+03
4.703157028193035330e+03
4.703399404572774984e+03
4.703421753696575252e+03
4.703562608937228106e+03
4.703588101496475247e+03
4.703738321220262151e+03
4.703807636976493995e+03
4.703865558685555698e+03
4.703866235732186396e+03
4.703902760247191509e+03
4.704059737045171460e+03
4.704079688618572618e+03
4.704166454293344941e+03
4.704293378763529290e+03
4.704534936363703309e+03
4.704571549938231328e+03
4.704599234184220222e+03
4.704667913011797282e+03
4.704668780272974800e+03
4.704792540433518298e+03
4.704809551432750595e+03
4.704888478062619470e+03
4.704914969408869183e+03
4.704962492864276101e+03
4.704982983126717045e+03
4.705035823026315484e+03
4.705129447433341738e+03
4.705194099768056731e+03
4.705329806874479800e+03
4.705334714538958906e+03
4.705363329909397180e+03
4.705508984780756691e+03
4.705621986912095963e+03
4.705761736569432287e+03
4.705869984028934596e+03
4.705925968199292583e+03
4.706014997881454292e+03
4.706136756107941437e+03
4.706263471658498929e+03
4.706281530298138023e+03
4.706519011478072571e+03
4.706522800936711974e+03
4.706553656522868550e+03
4.706785224525289777e+03
4.706801646660024744e+03
4.706802034689781067e+03
4.707039404381067470e+03
4.707063233009840587e+03
4.707151989603340553e+03
4.707415933564505394e+03
4.707573007985868571e+03
4.707597756617023151e+03
4.707732105755439079e+03
4.707773213819071316e+03
4.708205983747369828e+03
4.708466125742183976e+03
4.708598821935770502e+03
4.708675552291063468e+03
4.708843777481562029e+03
4.708912754961169412e+03
4.709014080105908761e+03
4.709142405147719728e+03
4.709207420050131077e+03
4.709249710811128352e+03
4.709290446849799082e+03
4.709341409548322190e+03
4.709579486018112220e+03
4.709618077111163984e+03
4.709646174373284339e+03
4.709678298283564800e+03
4.709757959394412865e+03
4.709772820573642093e+03
4.709987823814150943e+03
4.710197348666356447e+03
4.710219564108979284e+03
4.710449370169734721e+03
4.710479804969879297e+03
4.710791839202005576e+03
4.710809709845169891e+03
4.711045533148970208e+03
4.711229905319234604e+03
4.711236706269730348e+03
4.711435288034317637e+03
4.711450859255201067e+03
4.711469072686439176e+03
4.711758618268876489e+03
4.711772000797997862e+03
4.711868450987391952e+03
4.711958889690957221e+03
4.712006312538163002e+03
4.712053307228729864e+03
4.712073304529697452e+03
4.712261546884402378e+03
4.712266006775796086e+03
4.712445506322180336e+03
4.712507680811598220e+03
4.712611286764094075e+03
4.712817223575339085e+03
4.712948122475962919e+03
4.713033267571863689e+03
4.713042564768758893e+03
4.713200173782850470e+03
4.713453870093545447e+03
4.713798367694023909e+03
4.713887644667857785e+03
4.714186626972615159e+03
4.714295391183111860e+03
4.714348845835304928e+03
4.714416660542828140e+03
4.714549420361531702e+03
4.714605963750062074e+03
4.714635289094737345e+03
4.714645253932317246e+03
4.714691770820088095e+03
4.714702133056602179e+03
4.714899308177008606e+03
4.714998725440109411e+03
4.715014082880577917e+03
4.715093070319163417e+03
4.715156066917581484e+03
4.715261059053787903e+03
4.715508065674314821e+03
4.715611184850591599e+03
4.715663394118240831e+03
4.715780551784584532e+03
4.715786340045684483e+03
4.715846835077823016e+03
4.715850496514330189e+03
4.715906878813606454e+03
4.715928423905799718e+03
4.715949093524985983e+03
4.716097283197920660e+03
4.716443124820205412e+03
4.716577190978679937e+03
4.716691298798861681e+03
4.716694853188186244e+03
4.716766228984846748e+03
4.716794910708256793e+03
4.716910329255239049e+03
4.716986984502845189e+03
4.717123915622335517e+03
4.717198615243421045e+03
4.717338126975423620e+03
4.717412846239313694e+03
4.717617373847683666e+03
4.717957858082976600e+03
4.718103736409917474e+03
4.718569563489981192e+03
4.718711287146056748e+03
4.718730985078463164e+03
4.718775591938524485e+03
4.718833196497965218e+03
4.718906041738291606e+03
4.718962203792792025e+03
4.719159606301608619e+03
4.719168024269240050e+03
4.719228690555989488e+03
4.719288512448334586e+03
4.719322764520364217e+03
4.719531607526096195e+03
4.719590351505813487e+03
4.719983488760295586e+03
4.720159195198194539e+03
4.720164291982122450e+03
4.720201276363105535e+03
4.720232094264338230e+03
4.720297022465557347e+03
4.720334183339606170e+03
4.720396349355919483e+03
4.720667459480375328e+03
4.720709251591875727e+03
4.720784160516966949e+03
4.720816204344836478e+03
4.720967160890952982e+03
4.721465040040896383e+03
4.721517491080817308e+03
4.721567849434738491e+03
4.721598616068547926e+03
4.721786888623931191e+03
4.721823436637007035e+03
4.721865344620498036e+03
4.721946490309678666e+03
4.721979375441122102e+03
4.722091437226794369e+03
4.722245297379634394e+03
4.722332112488904386e+03
4.722418491683924913e+03
4.722627777767473162e+03
4.723134279043456445e+03
4.723158643465799287e+03
4.723166443235585575e+03
4.723255832169477799e+03
4.723270577531171512e+03
4.723284281788249245e+03
4.723346516984779555e+03
4.723489559538267713e+03
4.723524051348665125e+03
4.723725398995283285e+03
4.723786385371199685e+03
4.723828038658268270e+03
4.723845151148036166e+03
4.723879818399661417e+03
4.723911802437705774e+03
4.723937927766532994e+03
4.724024031753778218e+03
4.724054436388835711e+03
4.724071096606657193e+03
4.724092381406031564e+03
4.724125862818447786e+03
4.724293383779031501e+03
4.724367676207824843e+03
4.724567695701202865e+03
4.724651756538555674e+03
4.724782601047230855e+03
4.724787108164775418e+03
4.725025222484598999e+03
4.725046447138476651e+03
4.725093731513916282e+03
4.725309888461282753e+03
4.725392188695653203e+03
4.725515112443545149e+03
4.725693291202036562e+03
4.725755598171108431e+03
4.725884579898933225e+03
4.725917282974472982e+03
4.725970924292628297e+03
4.726034913072631753e+03
4.726361859808615918e+03
4.726649720609036194e+03
4.726714240080324998e+03
4.726762245353515937e+03
4.726888477158117894e+03
4.727033942093561564e+03
4.727149987623755806e+03
4.727191678600462183e+03
4.727258098239853098e+03
4.727275149815717668e+03
4.727343609567635212e+03
4.727353887879741706e+03
4.727381321881849544e+03
4.727491714053988289e+03
4.727566568540037224e+03
4.727602165406034146e+03
4.727727288418807802e+03
4.727908499339973787e+03
4.727913498101690493e+03
4.727963611211636817e+03
4.728061687358747804e+03
4.728150601325171920e+03
4.728240501526830485e+03
4.728242262429323091e+03
4.728249309005835130e+03
4.728381428887608308e+03
4.728434274638136230e+03
4.728504406794095303e+03
4.728543929062759162e+03
4.728757703128192588e+03
4.728952315682921835e+03
4.729081307748898325e+03
4.729320033416792285e+03
4.729329858711057568e+03
4.729394883477107214e+03
4.729512956991146893e+03
4.729557060894308961e+03
4.729629665023431699e+03
4.729755691211103112e+03
4.729823999735466714e+03
4.729852919840973300e+03
4.730009347150044960e+03
4.730252008618609580e+03
4.730381265485403674e+03
4.730409736276224976e+03
4.730523162934210632e+03
4.730620438013640523e+03
4.730706971634794172e+03
4.730813743938952030e+03
4.730880045388419603e+03
4.731009140610454779e+03
4.731033495669085823e+03
4.731218584591969375e+03
4.731394089967504442e+03
4.731567643897576090e+03
4.731596721076407448e+03
4.731941601865582925e+03
4.731978345623996574e+03
4.732005934045028880e+03
4.732017667388631708e+03
4.732025463271608714e+03
4.732055757072630513e+03
4.732218512083834867e+03
4.732240397612227753e+03
4.732257147514297685e+03
4.732264667449907392e+03
4.732417077991368387e+03
4.732454953960229432e+03
4.732758431597595518e+03
4.732792172624966042e+03
4.732814687660814343e+03
4.732834979524050141e+03
4.733292770903306518e+03
4.733343643033174885e+03
4.733437698385956537e+03
4.733540501974555809e+03
4.733554288455767164e+03
4.733560611301021709e+03
4.733595645322472592e+03
4.733602399468246404e+03
4.733667793530771633e+03
4.733760941029532660e+03
4.733761534421664692e+03
4.733800879595845799e+03
4.733890306840044104e+03
4.734068074985368185e+03
4.734101474287546807e+03
4.734231970466156781e+03
4.734619356471729589e+03
4.734658210813935511e+03
4.734786236723102775e+03
4.734820713108057134e+03
4.734896507179721084e+03
4.735173714176170506e+03
4.735175078653964192e+03
4.735288411436617935e+03
4.735467418399154667e+03
4.735588400016801643e+03
4.735680537726906550e+03
4.735688041286399312e+03
4.735834634340939374e+03
4.735983918365370300e+03
4.736039012719373204e+03
4.736097025015447798e+03
4.736136858881832268e+03
4.736693156355688188e+03
4.736701465368208119e+03
4.736743185387873382e+03
4.736796903108349397e+03
4.736813890038577483e+03
4.736814888206588876e+03
4.736909829094654015e+03
4.736954372545604201e+03
4.736973510066841300e+03
4.736979816316764300e+03
4.737032853680128028e+03
4.737224435573242772e+03
4.737325716458409261e+03
4.737402457205890641e+03
4.737459785600067335e+03
4.737462301899960039e+03
4.737519867899895871e+03
4.737605762382040666e+03
4.737776148010070756e+03
4.738003448358293099e+03
4.738332360276418513e+03
4.738388037308034654e+03
4.738398646288188502e+03
4.738635287453275851e+03
4.738669008750681314e+03
4.738718314490951343e+03
4.739092433668743979e+03
4.739269665760356474e+03
4.739279804846936713e+03
4.739379410253394781e+03
4.739413974851046078e+03
4.739451240785353548e+03
4.739583904777035059e+03
4.739603431772289696e+03
4.739768131887458367e+03
4.739948836214970470e+03
4.739967391280644733e+03
4.740047470999438701e+03
4.740123018997531290e+03
4.740346679190347459e+03
4.740583882722532508e+03
4.740666395691390790e+03
4.740764491018373519e+03
4.740789126480010054e+03
4.741070280420092786e+03
4.741126484270756919e+03
4.741367614340589171e+03
4.741421119430082399e+03
4.741581179162175431e+03
4.741650933377958609e+03
4.741771694105670576e+03
4.741778809847839511e+03
4.741833545297521596e+03
4.741862896551730046e+03
4.741918588000495220e+03
4.742153931060747709e+03
4.742194290230715524e+03
4.742249619496998093e+03
4.742404424718834889e+03
4.742433103984302761e+03
4.742435626495596807e+03
4.742575850828729017e+03
4.742614619065631814e+03
4.742678192165337350e+03
4.742705562680009280e+03
4.742773751026044920e+03
4.742784379311429802e+03
4.742926115230698997e+03
4.742962924511571146e+03
4.743090941200041016e+03
4.743120582257694878e+03
4.743304833078796946e+03
4.743582675390541226e+03
4.743735339516178101e+03
4.743736785120933746e+03
4.743884310583386650e+03
4.743915362142992308e+03
4.743926089234146275e+03
4.743945360296253057e+03
4.743978690405196176e+03
4.744002998713532179e+03
4.744090807140549259e+03
4.744124488670264327e+03
4.744327070123745216e+03
4.744352390439159535e+03
4.744430604404107726e+03
4.744522197204782969e+03
4.744676094154730890e+03
4.744686531312116131e+03
4.745138184651043048e+03
4.745234295152085906e+03
4.745242931791476622e+03
4.745278364085464091e+03
4.745362219077142072e+03
4.745432935423250456e+03
4.745649869764235518e+03
4.745741591325489935e+03
4.745795628704089722e+03
4.745803844616531023e+03
4.746008346679627721e+03
4.746187677920158421e+03
4.746323573234055402e+03
4.746654871745020500e+03
4.746709054143729190e+03
4.746775119648429609e+03
4.746787478303567696e+03
4.746796836813115988e+03
4.747389440396734244e+03
4.747511673187008455e+03
4.747624331272143536e+03
4.747756030301689862e+03
4.747792100875046344e+03
4.747907763052501650e+03
4.748005891101435736e+03
4.748067970147676533e+03
4.748102964494077241e+03
4.748145058651162799e+03
4.748156014273596156e+03
4.748183086461581297e+03
4.748301340670757781e+03
4.748416491890781799e+03
4.748432552780492188e+03
4.748437557557070249e+03
4.748496890592552518e+03
4.748608482673200342e+03
4.748786003259154313e+03
4.748820066059680357e+03
4.748856949650225943e+03
4.748975409296087491e+03
4.748987375686595442e+03
4.749019611658733993e+03
4.749035073392436971e+03
4.749341689330614827e+03
4.749435970273606472e+03
4.749618629026244889e+03
4.749678865791044700e+03
4.749816929339143826e+03
4.749899322671825757e+03
4.749914889320697512e+03
4.750082267606471760e+03
4.750142792661858948e+03
4.750271528892191782e+03
4.750334987204329082e+03
4.750421386433090447e+03
4.750492222009466786e+03
4.750508988380053779e+03
4.750565178182630916e+03
4.750661783772427952e+03
4.750736230935660387e+03
4.750741910885350990e+03
4.750755396353986725e+03
4.750833841478306567e+03
4.750892962504701245e+03
4.750933768877884177e+03
4.750956058334273621e+03
4.751071033594996152e+03
4.751081653442986863e+03
4.751081807487315018e+03
4.751347715977080043e+03
4.751452776205721420e+03
4.751550757597091433e+03
4.751664324151536675e+03
4.752308291327223742e+03
4.752392505449910459e+03
4.752502562781446613e+03
4.752611635081656459e+03
4.752707036315514415e+03
4.752741638578007041e+03
4.752776513830100157e+03
4.752891720614568840e+03
4.752932986972920844e+03
4.752959742487105359e+03
4.753017493898721114e+03
4.753044747844285666e+03
4.753165489699689715e+03
4.753300064759800989e+03
4.753437108086868648e+03
4.753441700110800411e+03
4.753600536606792957e+03
4.754010217005120467e+03
4.754408370797184034e+03
4.754428399140336296e+03
4.754440886790953300e+03
4.754600602685613012e+03
4.754625740000653423e+03
4.754883355953324099e+03
4.755035660416833707e+03
4.755108836297355083e+03
4.755135682008677577e+03
4.755156632881492442e+03
4.755219205375810816e+03
4.755234114789204796e+03
4.755241787390235004e+03
4.755271896645300330e+03
4.755386651789254756e+03
4.755427918324501661e+03
4.755465335114809932e+03
4.755705035005150421e+03
4.755706638116245813e+03
4.755753190886761331e+03
4.755821023719579898e+03
4.755877307453534740e+03
4.755912198634952802e+03
4.756065068387494648e+03
4.756128930600592867e+03
4.756326888098285053e+03
4.756433503888673840e+03
4.756450245371201163e+03
4.756604300605086792e+03
4.756687369852763368e+03
4.756688304460570180e+03
4.756792758118543134e+03
4.756844871778782363e+03
4.756873212507485732e+03
4.756975333268237591e+03
4.757251721987177007e+03
4.757265938129973620e+03
4.757340281184777268e+03
4.757404097270497914e+03
4.757594873670789639e+03
4.757673697828692639e+03
4.757754567033202875e+03
4.757826777258391303e+03
4.757955441574698852e+03
4.758005025872863371e+03
4.758210609762644708e+03
4.758434376421304478e+03
4.758442443702808305e+03
4.758497146649114256e+03
4.758548439247380884e+03
4.758675488490745920e+03
4.758691570973001035e+03
4.758776772402408824e+03
4.758956204510416683e+03
4.759343071085348129e+03
4.759403325775695521e+03
4.759624764536532894e+03
4.759732236706822732e+03
4.759752442625982439e+03
4.759856674579674291e+03
4.759924538857447260e+03
4.760203651410633938e+03
4.760221233967370608e+03
4.760398180000833236e+03
4.760539602363710401e+03
4.760655225540349420e+03
4.760661238661816242e+03
4.760714130743044734e+03
4.761014398981917111e+03
4.761042901665520731e+03
4.761091133549953156e+03
4.761098710366228261e+03
4.761304286218124616e+03
4.761407202369662627e+03
4.761491031156016106e+03
4.761756155053854854e+03
4.761769955507388659e+03
4.761947786214847838e+03
4.762010831894825969e+03
4.762172171635550512e+03
4.762333316461847971e+03
4.762464590232642877e+03
4.762556164037619055e+03
4.762666996304881650e+03
4.762672910000314005e+03
4.762696016302375938e+03
4.762709811882769827e+03
4.762780177633597305e+03
4.762866987939491992e+03
4.762928782452730957e+03
4.763096649292195252e+03
4.763263662767842106e+03
4.763279511948425352e+03
4.763382469199881598e+03
4.763464893082260460e+03
4.763500681766276102e+03
4.763781792354872778e+03
4.763796497779518177e+03
4.763797949704747225e+03
4.763868971283834071e+03
4.763912394721215605e+03
4.763930081372869608e+03
4.764104458755597079e+03
4.764356771068292801e+03
4.764374858496781599e+03
4.764684328513614673e+03
4.764781687118652371e+03
4.764841703756545030e+03
4.764885736754249592e+03
4.765133237462576290e+03
4.765157179079988055e+03
4.765162833595764823e+03
4.765170544488032647e+03
4.765258341368510628e+03
4.765498084018508052e+03
4.765568695263351401e+03
4.765584848729070472e+03
4.765764821271523033e+03
4.765930816606617554e+03
4.766017914943497090e+03
4.766079718895151927e+03
4.766142599608243472e+03
4.766222242190689030e+03
4.766424114677641228e+03
4.766497744410786254e+03
4.766509104840379223e+03
4.766529511543229091e+03
4.766618318565514528e+03
4.766620736815987584e+03
4.766666381896944586e+03
4.766712635307048004e+03
4.766722475024015694e+03
4.766728872814871465e+03
4.766764204027257620e+03
4.766785638622279293e+03
4.766880418537318292e+03
4.766914116037319218e+03
4.766989382250272683e+03
4.766999244774339786e+03
4.767092759332369496e+03
4.767203578681641375e+03
4.767243568294141369e+03
4.767315185079160074e+03
4.767560461314397799e+03
4.767727853260811571e+03
4.767753425728245929e+03
4.767796858600644555e+03
4.767961976565252371e+03
4.768166928816657673e+03
4.768193517564932336e+03
4.768216383810643492e+03
4.768232279519384065e+03
4.768316956109547391e+03
4.768356373064980289e+03
4.768367400863215153e+03
4.768410558307255087e+03
4.768414231426683727e+03
4.768633594130012170e+03
4.768750403007048590e+03
4.768760081747360346e+03
4.768780348887570653e+03
4.769025409383919396e+03
4.769117240511687669e+03
4.769188976559988077e+03
4.769201689670630913e+03
4.769284202502715743e+03
4.769311567941774229e+03
4.769349323880425800e+03
4.769477725102447039e+03
4.769483912263138336e+03
4.769809958676278256e+03
4.770083108138307580e+03
4.770112806704280047e+03
4.770251094084696888e+03
4.770339371785851654e+03
4.770475687862958694e+03
4.770635192592682870e+03
4.770646256595873638e+03
4.770666085962112447e+03
4.770692392032629868e+03
4.770875691969916261e+03
4.770903911750428051e+03
4.770994400269855760e+03
4.771002304112038473e+03
4.771074895590492815e+03
4.771117476112141958e+03
4.771249105186822817e+03
4.771339127565698618e+03
4.771493064534504811e+03
4.771525211328285877e+03
4.771758169137758159e+03
4.771786562924814461e+03
4.771796371877674574e+03
4.771880219186949034e+03
4.772000644384556836e+03
4.772186868435771430e+03
4.772272711188979883e+03
4.772289286000412176e+03
4.772317602938803248e+03
4.772446182968250469e+03
4.772486587046199020e+03
4.772514764211378861e+03
4.772533861707120195e+03
4.772557209150153540e+03
4.772721757908388099e+03
4.772843132510367468e+03
4.772861570974017013e+03
4.772870683003376143e+03
4.773203321975491235e+03
4.773325539472214587e+03
4.773340731039024831e+03
4.773373546726289533e+03
4.773504901298921141e+03
4.773780756521669900e+03
4.773857606989316082e+03
4.774256527240053401e+03
4.774262636904243664e+03
4.774358629091058901e+03
4.774444544757368021e+03
4.774444792729494111e+03
4.774655018615008885e+03
4.774797600408623111e+03
4.774845308044320518e+03
4.774856144422165926e+03
4.775046987607025585e+03
4.775095019154420697e+03
4.775208595519582559e+03
4.775338687833203949e+03
4.775457531968920193e+03
4.775617124800149213e+03
4.775655856764931741e+03
4.775828880167522584e+03
4.776000250424896876e+03
4.776081359280461584e+03
4.776090081171824750e+03
4.776160569371888414e+03
4.776229444236695599e+03
4.776308854816140411e+03
4.776636116939291242e+03
4.776636130788365335e+03
4.776659917150705951e+03
4.776808495186310211e+03
4.777042811345515474e+03
4.777080800393375284e+03
4.777271310244239430e+03
4.777380297126514051e+03
4.777435772914203881e+03
4.777598416159248700e+03
4.777802225280975108e+03
4.777824404036075975e+03
4.777868235061749147e+03
4.778013853592332453e+03
4.778103633877523862e+03
4.778120734815355718e+03
4.778284270544417268e+03
4.778331329522045962e+03
4.778439655804632821e+03
4.778473603931422986e+03
4.778581898873106184e+03
4.779008051366448854e+03
4.779076295995517285e+03
4.779144245873960244e+03
4.779217738363618992e+03
4.779306683721298214e+03
4.779367427753669290e+03
4.779536562915352079e+03
4.779576730705675800e+03
4.779639021990348738e+03
4.779684643221234182e+03
4.779728334893644387e+03
4.779735126324192606e+03
4.779788989721808321e+03
4.779843604491076803e+03
4.779883510597243003e+03
4.779904461939126122e+03
4.779928221932956149e+03
4.780084955769109911e+03
4.780097263622481478e+03
4.780160111955396133e+03
4.780168031444958615e+03
4.780186239538571499e+03
4.780246603137901729e+03
4.780513258917218991e+03
4.780602684419071920e+03
4.780614678219835696e+03
4.780696538822863658e+03
4.780739949458787123e+03
4.780792225413217238e+03
4.780844095979558915e+03
4.780933926843526933e+03
4.781116390069732915e+03
4.781178613433352439e+03
4.781201868937409927e+03
4.781240156344123534e+03
4.781336289137637323e+03
4.781337686036034938e+03
4.781509504557077889e+03
4.781580094738418666e+03
4.781664994521170229e+03
4.781724391466105772e+03
4.781759229847728420e+03
4.781765548463305095e+03
4.781829488129938909e+03
4.782104513301057523e+03
4.782305946809170564e+03
4.782423354425550315e+03
4.782427701545363561e+03
4.782506762532584617e+03
4.782546380689417674e+03
4.782573163455444046e+03
4.782678352097568677e+03
4.782737351559989293e+03
4.782948915738132200e+03
4.783051060689971564e+03
4.783412715247623964e+03
4.783523759342349877e+03
4.783548437153369377e+03
4.783607440336959371e+03
4.783852111438903194e+03
4.783991618164485772e+03
4.784036933017548108e+03
4.784134950970913451e+03
4.784256894165371705e+03
4.784473360716740899e+03
4.784664487469839514e+03
4.784682039385277676e+03
4.784939806038601091e+03
4.785100640000517160e+03
4.785132670227030758e+03
4.785290455935719365e+03
4.785327203870122503e+03
4.785449831768205513e+03
4.785617525489163199e+03
4.785829769146000217e+03
4.786072061223689161e+03
4.786241423815143207e+03
4.786269407242926718e+03
4.786313580066267605e+03
4.786385211451216492e+03
4.786433265727564503e+03
4.786641297148549711e+03
4.786696627572459875e+03
4.786743522952312560e+03
4.786867859122846312e+03
4.786877759408214843e+03
4.786949437433129788e+03
4.787296942316609602e+03
4.787343954826007575e+03
4.787485688443342042e+03
4.787622989072530800e+03
4.787635381417509052e+03
4.787702533082618174e+03
4.787758045937556744e+03
4.787797171352463920e+03
4.788143925468293673e+03
4.788180243003756004e+03
4.788383772710216363e+03
4.788473691311674884e+03
4.788622613411166640e+03
4.788679223410551458e+03
4.789018013510954916e+03
4.789106149786995047e+03
4.789130294982692249e+03
4.789374055740496260e+03
4.789405666934052533e+03
4.789446937641674594e+03
4.789637453531940992e+03
4.789882875569218413e+03
4.789930443025295972e+03
4.789984497679264678e+03
4.790104796639691813e+03
4.790136353476424119e+03
4.790176386757485488e+03
4.790326297011936731e+03
4.790489494398050738e+03
4.790652722129517315e+03
4.790703889050900216e+03
4.790770799180132599e+03
4.790772639137411716e+03
4.790799037605498597e+03
4.790871615550967363e+03
4.791088119824626119e+03
4.791218449195738685e+03
4.791388868228563297e+03
4.791666411290101678e+03
4.791812992068415952e+03
4.792013758732535280e+03
4.792082294640209511e+03
4.792182230000034906e+03
4.792359766098712498e+03
4.792619543281567530e+03
4.792749566934811810e+03
4.792768001368769546e+03
4.792869377010292737e+03
4.792976201760115146e+03
4.793196091533893195e+03
4.793284610257125678e+03
4.793467100574412143e+03
4.793733650923441019e+03
4.793745971925446611e+03
4.793907523930748539e+03
4.793940948931246567e+03
4.794000124679799228e+03
4.794177637141436207e+03
4.794462417913293393e+03
4.794482828199604228e+03
4.794530205359389583e+03
4.794734207114122000e+03
4.794764628461879511e+03
4.794904929211844319e+03
4.794948686973422809e+03
4.794977283288470971e+03
4.795274929947387136e+03
4.795314393785581160e+03
4.795459782103453108e+03
4.795510153501787499e+03
4.795603415606193266e+03
4.795631215310898369e+03
4.795662144202211493e+03
4.795919572945589607e+03
4.796043204539626458e+03
4.796063054082515919e+03
4.796071099930576565e+03
4.796194664759588704e+03
4.796278732353984196e+03
4.796331999641136463e+03
4.796557400197776587e+03
4.796596966474203327e+03
4.796628121768278106e+03
4.796761957739427999e+03
4.796776871584517721e+03
4.796864435788463197e+03
4.796916867139892020e+03
4.796976447382481638e+03
4.797141501704177244e+03
4.797217516574281944e+03
4.797275242438353416e+03
4.797420558914883259e+03
4.797562363404693315e+03
4.797817385878088317e+03
4.797836105479075741e+03
4.798008256516422989e+03
4.798010250264626848e+03
4.798016963621720606e+03
4.798173596469534459e+03
4.798199320024101326e+03
4.798218595014933271e+03
4.798351531266167513e+03
4.798426106418591189e+03
4.798554636187481265e+03
4.798664779421870662e+03
4.798756928753448847e+03
4.798872629585106552e+03
4.798956621577402075e+03
4.799017920317320204e+03
4.799028775495922673e+03
4.799196183491931151e+03
4.799365412468538125e+03
4.799452421367739589e+03
4.799480692861220632e+03
4.799594365480265878e+03
4.799744870033597181e+03
4.799837720155920579e+03
4.799941543240140163e+03
4.799977448049952727e+03
4.800183490546675785e+03
4.800256109231220762e+03
4.800299697680083227e+03
4.800343785188477341e+03
4.800373031659830303e+03
4.800624191752885963e+03
4.801008713496880773e+03
4.801015195972193396e+03
4.801064697559431806e+03
4.801177817096780018e+03
4.801218175886062454e+03
4.801259148249169812e+03
4.801312103730293529e+03
4.801520134349178988e+03
4.801689983514414962e+03
4.802139006066301590e+03
4.802193146596482620e+03
4.802386254383562118e+03
4.802415786487584228e+03
4.802435642111098787e+03
4.802728254090725386e+03
4.802766682076167854e+03
4.802868513855143647e+03
4.802874806313946465e+03
4.802901761654075926e+03
4.802919288046657130e+03
4.802931669425844120e+03
4.802963881992616734e+03
4.802986087714009045e+03
4.803061256185573257e+03
4.803221694539394775e+03
4.803466884304255473e+03
4.803629406509535329e+03
4.803650503614609988e+03
4.803818184506975740e+03
4.803936637668490221e+03
4.803940012112980185e+03
4.803948831429569509e+03
4.804129408000620060e+03
4.804194237551853803e+03
4.804198023051138989e+03
4.804532233676311080e+03
4.804564958907292748e+03
4.804649975007096145e+03
4.804855400679567538e+03
4.804891770535951764e+03
4.804930817379698055e+03
4.805280757110403101e+03
4.805284952142332259e+03
4.805289422680207281e+03
4.805290448715703860e+03
4.805432831186386466e+03
4.805497850563559950e+03
4.805566661720958109e+03
4.805574100216529587e+03
4.805617414138317145e+03
4.805619087618126287e+03
4.805737905187119395e+03
4.806048414635368317e+03
4.806081061701916042e+03
4.806198555478029448e+03
4.806229226917338565e+03
4.806294898885890689e+03
4.806476973342802921e+03
4.806555413162333934e+03
4.806604834700135143e+03
4.806641748882643697e+03
4.806666191855981197e+03
4.806768495227198400e+03
4.806915835033562871e+03
4.806919016099168402e+03
4.806926886804660171e+03
4.806943875308119459e+03
4.807287811019934452e+03
4.807324294446666499e+03
4.807329392792306862e+03
4.807510900871233389e+03
4.807632270339731804e+03
4.807654064659431242e+03
4.807888332200515833e+03
4.807901610524565513e+03
4.808148390436095724e+03
4.808317597428555018e+03
4.808593779393077057e+03
4.808673546979966886e+03
4.808931572222139948e+03
4.809162593444921185e+03
4.809187254671328446e+03
4.809218153895149953e+03
4.809225882152914892e+03
4.809672110998966673e+03
4.809820302181266015e+03
4.809858817738541802e+03
4.809873239086481590e+03
4.809874130598352167e+03
4.809958894519668320e+03
4.810146492515759746e+03
4.810625691984258992e+03
4.810651010615589257e+03
4.811018456671774402e+03
4.811385145878264666e+03
4.811394666288058943e+03
4.811716385523766803e+03
4.812050344185174254e+03
4.812517437856051401e+03
4.812823381957382480e+03
4.812873681798057987e+03
4.813040519797114030e+03
4.813063973353012443e+03
4.813154105613289175e+03
4.813246814733519386e+03
4.813292943371498041e+03
4.813299675240684337e+03
4.813444893201241939e+03
4.813457500855615763e+03
4.813532701885600545e+03
4.813533298656117950e+03
4.813577494161165305e+03
4.813599390614398544e+03
4.813623046825111487e+03
4.813809940842515971e+03
4.813955548903521048e+03
4.813992435277743425e+03
4.814033145057033835e+03
4.814044187170267833e+03
4.814264282664348684e+03
4.814557785473008153e+03
4.814673547583545769e+03
4.814954062234336561e+03
4.815032108981990859e+03
4.815050653049606808e+03
4.815183252227152479e+03
4.815193597933118326e+03
4.815291620645666626e+03
4.815647169255998961e+03
4.815743304248821005e+03
4.815889921682913155e+03
4.815893637990779098e+03
4.815921834651409881e+03
4.815999236951576677e+03
4.816036654194959738e+03
4.816039717237688819e+03
4.816095649202907225e+03
4.816175005136930849e+03
4.816316089800471673e+03
4.816487362395019773e+03
4.816613740244387373e+03
4.816699843816859357e+03
4.816766480475922435e+03
4.816839476406321410e+03
4.816954387316418433e+03
4.817051718323946261e+03
4.817066231506844815e+03
4.817101978394907746e+03
4.817216542382127045e+03
4.817445908396955019e+03
4.817518867217746447e+03
4.817552145434830891e+03
4.817588610126775166e+03
4.817588867729584308e+03
4.817774535719918276e+03
4.817901496704748752e+03
4.817971410301009200e+03
4.818120560637878043e+03
4.818330886945980637e+03
4.818421974942336419e+03
4.818607462605835281e+03
4.818613578126548418e+03
4.818615315790630120e+03
4.818621041012553178e+03
4.818666808613652393e+03
4.818730285208403075e+03
4.818892932043998371e+03
4.818904617207843330e+03
4.818931567457603705e+03
4.818939048097336126e+03
4.818944760572058840e+03
4.819098999972302408e+03
4.819116998006615177e+03
4.819141423229380962e+03
4.819149297607834342e+03
4.819317883939870626e+03
4.819331287665807395e+03
4.819381394425896360e+03
4.819472008864400777e+03
4.819497078101630905e+03
4.819707128802194347e+03
4.819733011023343352e+03
4.819751322649291069e+03
4.819971584190730937e+03
4.820119688562413103e+03
4.820147334714846693e+03
4.820168590671242782e+03
4.820227159861104155e+03
4.820302548967680195e+03
4.820400085094272981e+03
4.820631180591344673e+03
4.820657261282262880e+03
4.820787794839992785e+03
4.821197637802315512e+03
4.821265651742737646e+03
4.821289389985660819e+03
4.821296757345416154e+03
4.821308297400384618e+03
4.821524389267714469e+03
4.821607999719100917e+03
4.821685869765095049e+03
4.822013516923132556e+03
4.822385716670612055e+03
4.822403829845013206e+03
4.822436449350859220e+03
4.822452846441421570e+03
4.822577280392461944e+03
4.822675527721634353e+03
4.822680476668403571e+03
4.822865518033514491e+03
4.822933202685084325e+03
4.822970592546034823e+03
4.822980872507462664e+03
4.823021854123577214e+03
4.823108008911369325e+03
4.823226678999852084e+03
4.823243419789118889e+03
4.823368129678547120e+03
4.823394849896994856e+03
4.823436429236923686e+03
4.823516528091077816e+03
4.823547727340072015e+03
4.823670981775374457e+03
4.823684089450986903e+03
4.823847524505806177e+03
4.824067287540308826e+03
4.824096931706860232e+03
4.824322474844189856e+03
4.824477489116077777e+03
4.824489494955401824e+03
4.824681567202861515e+03
4.824703948723736175e+03
4.824714521723522921e+03
4.824824251166961403e+03
4.825230501339481634e+03
4.825264036221205970e+03
4.825550150013166785e+03
4.825564226070530822e+03
4.825619307640524312e+03
4.825639806889544161e+03
4.825695118174622621e+03
4.825737326478611067e+03
4.825895482045849349e+03
4.825945332645491362e+03
4.826292713648922472e+03
4.826309012748693021e+03
4.826427855213565635e+03
4.826446393275689843e+03
4.826470297585690787e+03
4.826536722205661135e+03
4.826854709938465930e+03
4.826903476997814323e+03
4.826957375400013916e+03
4.827002382133781794e+03
4.827022158884067721e+03
4.827030983915168690e+03
4.827319906796241412e+03
4.827372718234116292e+03
4.827465520725373608e+03
4.827477610243340678e+03
4.827589370195253650e+03
4.827894082933436948e+03
4.827928799562904715e+03
4.827990353507176224e+03
4.828232390621267768e+03
4.828549170024064551e+03
4.828612142369408502e+03
4.828803303634095755e+03
4.829072530403343080e+03
4.829167325377927227e+03
4.829381509614856441e+03
4.829428309872294449e+03
4.829462666714659463e+03
4.829493438071171113e+03
4.829554522040560187e+03
4.829661346516095364e+03
4.829667251994695107e+03
4.829778044792758919e+03
4.829788003889040738e+03
4.829917080019820787e+03
4.830051302160430168e+03
4.830095849757984070e+03
4.830241435460567118e+03
4.830723936938039515e+03
4.830732634869796129e+03
4.830959943571750955e+03
4.831272959665433518e+03
4.831283327349463434e+03
4.831406870485096078e+03
4.831411547058726683e+03
4.831441196861876961e+03
4.831471315904793300e+03
4.831497112537540488e+03
4.831556485463691388e+03
4.831685113578520941e+03
4.831720580377935221e+03
4.831763706442140574e+03
4.831843395846417479e+03
4.831909239908150084e+03
4.831968865122315947e+03
4.832195598142204290e+03
4.832241421190604342e+03
4.832273610814158928e+03
4.832347102155584253e+03
4.832359301533272628e+03
4.832444879403979030e+03
4.832533085325378124e+03
4.832594633739879100e+03
4.832658133993996671e+03
4.832664484809350142e+03
4.833073346004170162e+03
4.833130311392615113e+03
4.833180525444772684e+03
4.833313916187569703e+03
4.833350799826152070e+03
4.833551941452483334e+03
4.833557983903896456e+03
4.833634094501459003e+03
4.833659569341169117e+03
4.833749387344165370e+03
4.833877977386662678e+03
4.833947701976902863e+03
4.834122905824116970e+03
4.834128516513263094e+03
4.834394340906653269e+03
4.834404372713601333e+03
4.834420788378274665e+03
4.834464927323636402e+03
4.834630091995052680e+03
4.834640932553365928e+03
4.834713989870690966e+03
4.834750397502411033e+03
4.834873725806981383e+03
4.834964006314558901e+03
4.835043695043636944e+03
4.835315459724788525e+03
4.835329197682985978e+03
4.835459043154495703e+03
4.835596753412816724e+03
4.835670905303398285e+03
4.835933513965068414e+03
4.835965761247201044e+03
4.836314632851701390e+03
4.836424729593586562e+03
4.836426636699378832e+03
4.836709448629807412e+03
4.836821795863293119e+03
4.836926356020981075e+03
4.836957566412848792e+03
4.837107549620213831e+03
4.837248055964343621e+03
4.837445300712553035e+03
4.837455443529985132e+03
4.837464993972193952e+03
4.837534847894845370e+03
4.837782724905756368e+03
4.837793358245750824e+03
4.837947287796076125e+03
4.837957702894673275e+03
4.837986336507231499e+03
4.838135787557114782e+03
4.838341752838563480e+03
4.838407428858323328e+03
4.838423552695463513e+03
4.838446495368939395e+03
4.838722099592048835e+03
4.838866121328148438e+03
4.838875719002995538e+03
4.838895120147338275e+03
4.838967847889626682e+03
4.838986471223076478e+03
4.839097234068036414e+03
4.839138708425917685e+03
4.839312662743629517e+03
4.839367485533187391e+03
4.839378663327861432e+03
4.839478223115453147e+03
4.839749686879886212e+03
4.839764633731462709e+03
4.839925991751839319e+03
4.840101074659411097e+03
4.840568596235415498e+03
4.840608738528077083e+03
4.840614612992836555e+03
4.840772214687809537e+03
4.840935335481137372e+03
4.841074737743067089e+03
4.841103308606528117e+03
4.841335656202529208e+03
4.841385303140506949e+03
4.841511258544091106e+03
4.841552033347547876e+03
4.841564232733408062e+03
4.841652492764395902e+03
4.841678243973859026e+03
4.841683780782824215e+03
4.841688111222663792e+03
4.841891519768973922e+03
4.842007706840965511e+03
4.842080448490628442e+03
4.842157117254026161e+03
4.842313990075118454e+03
4.842514562474271770e+03
4.842554946575772192e+03
4.842866380257680248e+03
4.842946893499221915e+03
4.843094209521636003e+03
4.843159722842053270e+03
4.843248018116511048e+03
4.843275394234977284e+03
4.843388501437034392e+03
4.843419880001421916e+03
4.843626857728631876e+03
4.843644794879777692e+03
4.843722352762193623e+03
4.843849606143550773e+03
4.844038127831088786e+03
4.844057144592060467e+03
4.844061562749961922e+03
4.844062353890648410e+03
4.844190403713568230e+03
4.844293047791147728e+03
4.844317058519139209e+03
4.844318491755172545e+03
4.844335240043495105e+03
4.844373340903658573e+03
4.844453319098842258e+03
4.844523037014791043e+03
4.844563545452994731e+03
4.844587239140971178e+03
4.844605317707008908e+03
4.844609795489264798e+03
4.844712662752562210e+03
4.844726930618615370e+03
4.844876910874008900e+03
4.844903251671134967e+03
4.844991317839048861e+03
4.845263414047381048e+03
4.845340199954668606e+03
4.845617918333409762e+03
4.845678039033563437e+03
4.845848453317767962e+03
4.845898736003452541e+03
4.846158890836150931e+03
4.846188298231328190e+03
4.846528081881300750e+03
4.846528281258212701e+03
4.846611106781049784e+03
4.846724079556032848e+03
4.846724927939682857e+03
4.847011304338784612e+03
4.847030831200500870e+03
4.847148846897524891e+03
4.847277096646940663e+03
4.847290269515045111e+03
4.847450967122827933e+03
4.847632885886178883e+03
4.847651308614605114e+03
4.847838029336030559e+03
4.847873169836014313e+03
4.848068632806601272e+03
4.848079979712176282e+03
4.848107731681169753e+03
4.848142942895112355e+03
4.848176061216937342e+03
4.848184207940761553e+03
4.848322253420840752e+03
4.848332971555750191e+03
4.848743746013071359e+03
4.848780122521109661e+03
4.848880931690713624e+03
4.848919760208019397e+03
4.848996722914292150e+03
4.849111745441525272e+03
4.849266206237871302e+03
4.849282969770677482e+03
4.849368862985946180e+03
4.849544613632991968e+03
4.849571367063120306e+03
4.849655920681472708e+03
4.849665953932408229e+03
4.849908817293516222e+03
4.849925831379480769e+03
4.849929622998736704e+03
4.849969875025321926e+03
4.850019974341603302e+03
4.850310832796918476e+03
4.850580507371265412e+03
4.850582041886854313e+03
4.850683227435475601e+03
4.850819737689782414e+03
4.850998889024400341e+03
4.851064390464601274e+03
4.851088675275610512e+03
4.851149256536367830e+03
4.851193076625631875e+03
4.851219622833915309e+03
4.851333400001229165e+03
4.851544853490383503e+03
4.851650293639335359e+03
4.851656558266729007e+03
4.851679444306736514e+03
4.851788181080767572e+03
4.851826393803589781e+03
4.851826618197216703e+03
4.851858157496618333e+03
4.851890857380922171e+03
4.852007379063415101e+03
4.852153799346945561e+03
4.852219241222192068e+03
4.852483954127395918e+03
4.852928008980720733e+03
4.852987027807377672e+03
4.853164172480727757e+03
4.853166714991941262e+03
4.853404784166457830e+03
4.853607885685893962e+03
4.853616038761769232e+03
4.853632886265146226e+03
4.853688545140500537e+03
4.854014969990035752e+03
4.854070095545538607e+03
4.854113930662521852e+03
4.854193119967408165e+03
4.854492970967315159e+03
4.854791692710539792e+03
4.854899314980629242e+03
4.855098461634565865e+03
4.855173615369847539e+03
4.855184311848186553e+03
4.855346363149319586e+03
4.855353598679613242e+03
4.855408388848261893e+03
4.855429496526407092e+03
4.855469218566960080e+03
4.855532619128353872e+03
4.855542265512610356e+03
4.855552781653517741e+03
4.855716355650290097e+03
4.855727716861862973e+03
4.855830168581772341e+03
4.855892075452282370e+03
4.855909569279155221e+03
4.855950175021441282e+03
4.856008289238423458e+03
4.856030524881002748e+03
4.856258414383968557e+03
4.856414625944072213e+03
4.856484104669196313e+03
4.856517894721072480e+03
4.856621953709552145e+03
4.856678566634608615e+03
4.856770593284781171e+03
4.856782050050363068e+03
4.857046158873783497e+03
4.857071965142639783e+03
4.857290669327774594e+03
4.857313548196588272e+03
4.857354911729195010e+03
4.857403428810562218e+03
4.857478484905326695e+03
4.857629293560406040e+03
4.857669601358119507e+03
4.857744230331126346e+03
4.857755661545939802e+03
4.857760445317131598e+03
4.857837130745731884e+03
4.857868123104412916e+03
4.857910848664296282e+03
4.857911622388132855e+03
4.858228361786881578e+03
4.858682698875657479e+03
4.858714024478479587e+03
4.858808760511052242e+03
4.859161769169299987e+03
4.859279215452324024e+03
4.859574893467824950e+03
4.859894405754400395e+03
4.859958089182259755e+03
4.860193104887158370e+03
4.860545882459328823e+03
4.860568816839867395e+03
4.860801571892191532e+03
4.860830762810651322e+03
4.860877765710596577e+03
4.860890824249255274e+03
4.861116738579155026e+03
4.861145848114952969e+03
4.861344585075174109e+03
4.861396058893898044e+03
4.861407502386537089e+03
4.861849453389361770e+03
4.862038909907281777e+03
4.862100249467413960e+03
4.862302394507732060e+03
4.862319024660533614e+03
4.862413996279880848e+03
4.862426164455033359e+03
4.862489316925407365e+03
4.862545862022836445e+03
4.862667310273021940e+03
4.862721385590104546e+03
4.863285815775826450e+03
4.863484598204814574e+03
4.863565961834987320e+03
4.863613008657887804e+03
4.863639021261183188e+03
4.863877785144780319e+03
4.864034799673382622e+03
4.864292478648549150e+03
4.864626571082184455e+03
4.864743355925597825e+03
4.864895990705691474e+03
4.865143247351975333e+03
4.865183633630141230e+03
4.865225050276577349e+03
4.865238103081168447e+03
4.865328785564704958e+03
4.865404949559581837e+03
4.865474649753471567e+03
4.865650403276307770e+03
4.865652245085232607e+03
4.865660547698864320e+03
4.865720046557879868e+03
4.865993124196205827e+03
4.865994061469454209e+03
4.866074082129411181e+03
4.866096308613728070e+03
4.866193783403687121e+03
4.866299447257090833e+03
4.866319759514164616e+03
4.866482756471745233e+03
4.866695462764268086e+03
4.866715852859066217e+03
4.866893242436304718e+03
4.867102563616481348e+03
4.867172439462334296e+03
4.867239653898023789e+03
4.867304155911529051e+03
4.867608727596097197e+03
4.867618168295049145e+03
4.867620634430640166e+03
4.867758654486650812e+03
4.867785813255975881e+03
4.867901483531245503e+03
4.868166208229973563e+03
4.868237433141875954e+03
4.868309614027747557e+03
4.868343087202839342e+03
4.868450200314175163e+03
4.868557544312023310e+03
4.868657482747049471e+03
4.868761863348807310e+03
4.868795685092296480e+03
4.868920396235558655e+03
4.868960877360676022e+03
4.868996883987433648e+03
4.869016310324069309e+03
4.869021786331110889e+03
4.869103246689634034e+03
4.869653565055081344e+03
4.869697136859578677e+03
4.869778079692727260e+03
4.869977292436199605e+03
4.869990686267487035e+03
4.870160323091213286e+03
4.870198943637188677e+03
4.870250605858992458e+03
4.870311475921142119e+03
4.870471878339371870e+03
4.870546671002524818e+03
4.870551071737383609e+03
4.870654335466998418e+03
4.870728453859072033e+03
4.870792673135835685e+03
4.870921187685934456e+03
4.870945195776826040e+03
4.870993064364570273e+03
4.871150304389579105e+03
4.871158305340180959e+03
4.871243008501687655e+03
4.871517732656702719e+03
4.871621533608779828e+03
4.871632502495867811e+03
4.871710782944941457e+03
4.871895639904828386e+03
4.871933921653214384e+03
4.872091724854782115e+03
4.872096830547559875e+03
4.872164654464376326e+03
4.872308919700777551e+03
4.872366937532819065e+03
4.872514119627395303e+03
4.872550498486340075e+03
4.872560890834137354e+03
4.872611997832814268e+03
4.872651636914182745e+03
4.872691705099926367e+03
4.872719362875566731e+03
4.872782105086035699e+03
4.872808319536720774e+03
4.872872901546495086e+03
4.873036907331599650e+03
4.873048577755555016e+03
4.873051878221578590e+03
4.873147155780121466e+03
4.873287088361149472e+03
4.873711527745403146e+03
4.873911419588394892e+03
4.874043523546210963e+03
4.874161711113194542e+03
4.874295029542381599e+03
4.874306063533980705e+03
4.874320849210535016e+03
4.874369091825262331e+03
4.874567312105022211e+03
4.874856557275845262e+03
4.874895027827490594e+03
4.874930703857794470e+03
4.875150479065410764e+03
4.875377749040138042e+03
4.875393887617633482e+03
4.875503821158093160e+03
4.875527639636626191e+03
4.875671765723085628e+03
4.875785838180532664e+03
4.875925320966428444e+03
4.876004509341857556e+03
4.876560637204679551e+03
4.876902518504177351e+03
4.877009563939369400e+03
4.877090656169781141e+03
4.877698821989889439e+03
4.877809746350248133e+03
4.877813998566353803e+03
4.877814412022516990e+03
4.877963887934942250e+03
4.878163504232921696e+03
4.878188789362489842e+03
4.878197639534236259e+03
4.878370260305485317e+03
4.878537000330812589e+03
4.878572967562617123e+03
4.878628169153986164e+03
4.878651465522484614e+03
4.879045013142870630e+03
4.879072346460415247e+03
4.879109476635319879e+03
4.879233117053722708e+03
4.879494231875064543e+03
4.879597221019400422e+03
4.879732097045231058e+03
4.879794761813982404e+03
4.879826320760685121e+03
4.879844984078918969e+03
4.879940082362761132e+03
4.880174092521315288e+03
4.880294448710054894e+03
4.880398934638608807e+03
4.880600335388347958e+03
4.880710064632773538e+03
4.880715316524145237e+03
4.880746092291326931e+03
4.880755932051506534e+03
4.880778094941293602e+03
4.880785355942613023e+03
4.880890849565003009e+03
4.880915101224762111e+03
4.880951281445362838e+03
4.881160453240197057e+03
4.881249642101987774e+03
4.881333528580628808e+03
4.881366456115235451e+03
4.881410704507517039e+03
4.881454973319921010e+03
4.881534150357359067e+03
4.881665640251932928e+03
4.881676307815339896e+03
4.881960549501895002e+03
4.881995795987142628e+03
4.882207408211545953e+03
4.882423509732007005e+03
4.882523035541376885e+03
4.882603455041533380e+03
4.882612704442482936e+03
4.882723878175511345e+03
4.882794910101357345e+03
4.882913803594769888e+03
4.883167502226564466e+03
4.883187256880527457e+03
4.883201975381682132e+03
4.883285849885816788e+03
4.883387447139295546e+03
4.883568814034920251e+03
4.883618102018137506e+03
4.883661254697366530e+03
4.883786248738249924e+03
4.883806896972228060e+03
4.883858365623545978e+03
4.883871301611170566e+03
4.883978886496933228e+03
4.884225585223902272e+03
4.884568131179799821e+03
4.884587498142793265e+03
4.884620287363282841e+03
4.884721298653759732e+03
4.884796695827203621e+03
4.885267755191262950e+03
4.885326097171137917e+03
4.885370013023955835e+03
4.885405705739833138e+03
4.885437596720013971e+03
4.885697600874865202e+03
4.885826333461490321e+03
4.885918973528273455e+03
4.885991055854477963e+03
4.886100053723691417e+03
4.886213974576670807e+03
4.886350302090453624e+03
4.886366678813952603e+03
4.886443574583458030e+03
4.886447084838523551e+03
4.886648334009323662e+03
4.886714919883734183e+03
4.886781508117343037e+03
4.886840906601761162e+03
4.886927880608596752e+03
4.887150974159585530e+03
4.887368798469378817e+03
4.887440107229201203e+03
4.887475612053658551e+03
4.887538394017117753e+03
4.887572884137102847e+03
4.887704227264545807e+03
4.887711775299076180e+03
4.887721348068153929e+03
4.887752308508718670e+03
4.887843856531435449e+03
4.887871702645007645e+03
4.888023273005818737e+03
4.888174979067169261e+03
4.888329233384836698e+03
4.888406995631812606e+03
4.888477840153594116e+03
4.888665749590565611e+03
4.888755349563612981e+03
4.888852294380480998e+03
4.888890613535785633e+03
4.888956516117344108e+03
4.889144795606697699e+03
4.889258866018646586e+03
4.889548233836210784e+03
4.889909349414001554e+03
4.890188071961594687e+03
4.890207356017122947e+03
4.890463203986659209e+03
4.890481069889149694e+03
4.890719555948693596e+03
4.891081514126127331e+03
4.891109540738683791e+03
4.891158439196616200e+03
4.891408902025887073e+03
4.891498655490805504e+03
4.891579290482231045e+03
4.891721242204386726e+03
4.891727646946709683e+03
4.891798922627171123e+03
4.891831188047284741e+03
4.891937319405134986e+03
4.892002191506422605e+03
4.892124723925002399e+03
4.892136208461618480e+03
4.892516763870497925e+03
4.892792299645589083e+03
4.892889997112518358e+03
4.893093039463046807e+03
4.893099002140368611e+03
4.893412901071596934e+03
4.893654965046453071e+03
4.893756681397291686e+03
4.893772418123357056e+03
4.893896754748162493e+03
4.893998349645394228e+03
4.894023175865887424e+03
4.894109291420971203e+03
4.894435144743843011e+03
4.894440247840210759e+03
4.894472864258014852e+03
4.894519762578273912e+03
4.894553608654766322e+03
4.894735615031963789e+03
4.894737814900746343e+03
4.894942359491357820e+03
4.894950641973086931e+03
4.895267441885905100e+03
4.895392814833986449e+03
4.895548893979163950e+03
4.895568929437797124e+03
4.895611169708465241e+03
4.895677714629567163e+03
4.895741854660257559e+03
4.895763310766181348e+03
4.895790096098026879e+03
4.895900841370376838e+03
4.895933186714670228e+03
4.895950776987589961e+03
4.895974090542090380e+03
4.896001465728404582e+03
4.896027932722665355e+03
4.896178172124094999e+03
4.896259513507190604e+03
4.896305943165270037e+03
4.896353777690239440e+03
4.896505214000110755e+03
4.896573229074546362e+03
4.896851333319393234e+03
4.896857983250835787e+03
4.896974035183202432e+03
4.897246320888652008e+03
4.897369285276642586e+03
4.897387417193533111e+03
4.897437861236494427e+03
4.897544233869344680e+03
4.897693947656235650e+03
4.897799375560680346e+03
4.897844915135808151e+03
4.897948298298975715e+03
4.898003431142853515e+03
4.898017104943379309e+03
4.898087526081052602e+03
4.898153471405795244e+03
4.898177212109899301e+03
4.898242916014386537e+03
4.898296508976492987e+03
4.898335820748527112e+03
4.898366615591143272e+03
4.898460525161285659e+03
4.898461850571427021e+03
4.898609216165179532e+03
4.898658189759203196e+03
4.898703784135179376e+03
4.898782718766737162e+03
4.898908466011515884e+03
4.898948348827463633e+03
4.898979006252742693e+03
4.899086103747633388e+03
4.899098306809966743e+03
4.899255541461793655e+03
4.899273565703512759e+03
4.899292820831241443e+03
4.899301300794954841e+03
4.899533252701394304e+03
4.899593085648370106e+03
4.899595018362986593e+03
4.899653774970994164e+03
4.900079874252683112e+03
4.900149457110621370e+03
4.900186056986816766e+03
4.900204401227296330e+03
4.900223668660145449e+03
4.900448355466604880e+03
4.900462888043860403e+03
4.900776384487171526e+03
4.900902191556229809e+03
4.901014979184028562e+03
4.901094936732375572e+03
4.901264643930097918e+03
4.901398809393576812e+03
4.901412724799111857e+03
4.901464955154751806e+03
4.901691251157468287e+03
4.901832661721215118e+03
4.901871021841575384e+03
4.901902901563700652e+03
4.902051285116546751e+03
4.902265717340755145e+03
4.902423675788234505e+03
4.902465369556531186e+03
4.902559611581008539e+03
4.902595741586395889e+03
4.902623038791321051e+03
4.902642395189111994e+03
4.902761768852882597e+03
4.902762649697805500e+03
4.902866798878816553e+03
4.902870793065264479e+03
4.902969052490265312e+03
4.903212236584417951e+03
4.903488625427769875e+03
4.903747849135704200e+03
4.903767022674606778e+03
4.903838562021476719e+03
4.903991908310966210e+03
4.904042219795371238e+03
4.904273971307249667e+03
4.904426709675504753e+03
4.904516418030617388e+03
4.904729095948224312e+03
4.904842348787450646e+03
4.905048459590409948e+03
4.905060577593890230e+03
4.905095257761698122e+03
4.905394663575953018e+03
4.905407704299534089e+03
4.905745418279418118e+03
4.905841802779771569e+03
4.905952038662911946e+03
4.906121475833971090e+03
4.906178302972591155e+03
4.906239190904308998e+03
4.906266203410283197e+03
4.906338486088766331e+03
4.906346865234759207e+03
4.906388128332935594e+03
4.906417490384258599e+03
4.906440425784411673e+03
4.906570655199150679e+03
4.906694529849509308e+03
4.906728214498290981e+03
4.906868066246812305e+03
4.907094541763327470e+03
4.907119841625992194e+03
4.907204607499377744e+03
4.907279857705938412e+03
4.907369425663694528e+03
4.907390347667899732e+03
4.907496878576815106e+03
4.907520671608144767e+03
4.907573661632073708e+03
4.907583315684350964e+03
4.907648582074314618e+03
4.907691128906102676e+03
4.907706785007026156e+03
4.907751795167790078e+03
4.907929038509018028e+03
4.907949609627768041e+03
4.907972378248102359e+03
4.908006281356350883e+03
4.908119521535854801e+03
4.908327173698588012e+03
4.908374908372081336e+03
4.908466648761078432e+03
4.908484902384549969e+03
4.908533260331620113e+03
4.908542210410647385e+03
4.908723192543990081e+03
4.908737954584367799e+03
4.908848617418061622e+03
4.909015011298948593e+03
4.909149813080515742e+03
4.909268364343863141e+03
4.909601779083210204e+03
4.909627764090673736e+03
4.909761510944692418e+03
4.909915017676975367e+03
4.910043028426640376e+03
4.910068698559612130e+03
4.910134730202160426e+03
4.910306856760906157e+03
4.910395472081312619e+03
4.910399898434428906e+03
4.910420911565189272e+03
4.910478071469024144e+03
4.910494951687837784e+03
4.910669383056178049e+03
4.910674312006086438e+03
4.910708926914779113e+03
4.910843617090119551e+03
4.910881289284129707e+03
4.910925752391908645e+03
4.911068845747491650e+03
4.911250225378196774e+03
4.911357895994557111e+03
4.911370480342236078e+03
4.911380077234521195e+03
4.911462367334876944e+03
4.911540299315186530e+03
4.911554790811187559e+03
4.911569397172482240e+03
4.911728025352790610e+03
4.911802828648751529e+03
4.911833113736785890e+03
4.912085331693092485e+03
4.912109150920867251e+03
4.912120055049440452e+03
4.912199810107678786e+03
4.912231540486892300e+03
4.912231721194952115e+03
4.912484315171599519e+03
4.912589422611936243e+03
4.912635336017163354e+03
4.913135119251503966e+03
4.913185717311372173e+03
4.913288724042043214e+03
4.913409230062293318e+03
4.913446190385107911e+03
4.913506080978573664e+03
4.913878093146731771e+03
4.913887939923813065e+03
4.913896204760601904e+03
4.913971556585467624e+03
4.914031799614741431e+03
4.914133335529788383e+03
4.914193844009237182e+03
4.914200479141175492e+03
4.914235120377632484e+03
4.914321202930326763e+03
4.914431489444702493e+03
4.914447387972668366e+03
4.914461652742063961e+03
4.914551728968337557e+03
4.914579736760755623e+03
4.915054528353091882e+03
4.915114604850097749e+03
4.915204508918155625e+03
4.915256745616194166e+03
4.915310902720303602e+03
4.915463838265294726e+03
4.915537521275766267e+03
4.915542220893474223e+03
4.915620935555405595e+03
4.915627253425993331e+03
4.915668864033095815e+03
4.915697606932824783e+03
4.915967362119447898e+03
4.916007448391635990e+03
4.916031062580887010e+03
4.916334947233914136e+03
4.916346326617463092e+03
4.916380522703660972e+03
4.916448434388094938e+03
4.916522350161585564e+03
4.916539092783298656e+03
4.916650955114219869e+03
4.916718212885595676e+03
4.916858282511766447e+03
4.916878574531588129e+03
4.917368466385044485e+03
4.917480564276466794e+03
4.917520528885535896e+03
4.917524426281563137e+03
4.917638444090781377e+03
4.917706788144468192e+03
4.917733453253077641e+03
4.917867688749353874e+03
4.917953109476280588e+03
4.918024072905127468e+03
4.918234015053818439e+03
4.918271320838790416e+03
4.918272596350474487e+03
4.918365833518093496e+03
4.918452299929505898e+03
4.918586538320882937e+03
4.918655082932266851e+03
4.918679754554947976e+03
4.918963796092084522e+03
4.918973568393473215e+03
4.919022591378821744e+03
4.919055441102559598e+03
4.919254725462370516e+03
4.919344678536677748e+03
4.919508385880021706e+03
4.919771750900753432e+03
4.920196500531909805e+03
4.920243733294724734e+03
4.920267995479987803e+03
4.920302945931890463e+03
4.920368999883507968e+03
4.920431448599659234e+03
4.920435302283711280e+03
4.920535573548827415e+03
4.920725548277094276e+03
4.920922662810068687e+03
4.921046242584151514e+03
4.921166135197081530e+03
4.921270726751843540e+03
4.921499111663084477e+03
4.921605484087656805e+03
4.921641441866093373e+03
4.921657566437383139e+03
4.921851603873446038e+03
4.921882440167875757e+03
4.922022716157393006e+03
4.922091658473327698e+03
4.922103237671196439e+03
4.922157854905755812e+03
4.922358889027698751e+03
4.922404250099481033e+03
4.922449399470466233e+03
4.922525612249607548e+03
4.922556868729158850e+03
4.922602793637659488e+03
4.922643423717694532e+03
4.922743626562210920e+03
4.922756812415939748e+03
4.922867619875026321e+03
4.922993917765969854e+03
4.923061501585059887e+03
4.923091684067974711e+03
4.923159877936763223e+03
4.923181220144673716e+03
4.923234522872829984e+03
4.923270617696576664e+03
4.923430871227998978e+03
4.923495239040489651e+03
4.923576788368249254e+03
4.923857781185121894e+03
4.924047387448104018e+03
4.924055056313579371e+03
4.924062156823046280e+03
4.924290123549298187e+03
4.924314950806882734e+03
4.924343018222270985e+03
4.924406312894829171e+03
4.924667998331142371e+03
4.924680440059400098e+03
4.924718369783859089e+03
4.924726316302680971e+03
4.924947123710720916e+03
4.925202441979898140e+03
4.925281574190718857e+03
4.925328201487363003e+03
4.925554915995805459e+03
4.925661198673814397e+03
4.925771082449207825e+03
4.925850222063401816e+03
4.925908477049879366e+03
4.925995739536784640e+03
4.926038423698685619e+03
4.926468526835075863e+03
4.926504494055868236e+03
4.926557517710249158e+03
4.926590814182622125e+03
4.926694163356809440e+03
4.926760006465493461e+03
4.926951851858026203e+03
4.926971832447055931e+03
4.927173776246289890e+03
4.927271173588582315e+03
4.927634734965545249e+03
4.927637499790330367e+03
4.927659493440264669e+03
4.927660289316359922e+03
4.927745143953510706e+03
4.927970701413461029e+03
4.927987612042918045e+03
4.928052422810693315e+03
4.928052836668686723e+03
4.928184512438197999e+03
4.928230700865388826e+03
4.928440453413328214e+03
4.928452706238645078e+03
4.928475210077970587e+03
4.928593670794554782e+03
4.928677112322047833e+03
4.928678717705075542e+03
4.928721830236500864e+03
4.928751608327718714e+03
4.928776762378751300e+03
4.928788475358303913e+03
4.928953723111904765e+03
4.928981924335535950e+03
4.929202071444736248e+03
4.929222592464388981e+03
4.929291252751584580e+03
4.929298002620450461e+03
4.929580027009043079e+03
4.929601376642745890e+03
4.929612814057943069e+03
4.929650176552196172e+03
4.929769349780529410e+03
4.929811934774611473e+03
4.929995847069869342e+03
4.930002609110497360e+03
4.930013582980476713e+03
4.930142410955498235e+03
4.930200004978642937e+03
4.930480770109023069e+03
4.930751891680365588e+03
4.930780347267338584e+03
4.930880140441326148e+03
4.930989396268248129e+03
4.931107222829601596e+03
4.931242146831252285e+03
4.931295709417327089e+03
4.931395806468589399e+03
4.931621162253123657e+03
4.931651021425239378e+03
4.931654342913408982e+03
4.931728386471562771e+03
4.931898459711177566e+03
4.931930551166443365e+03
4.932009945901201718e+03
4.932608282529126882e+03
4.932624905156804743e+03
4.932857492873825322e+03
4.932977202407800178e+03
4.932996001943723968e+03
4.933018699750032283e+03
4.933169275797769842e+03
4.933219421218275784e+03
4.933300550124890833e+03
4.933315507991416780e+03
4.933400241251614716e+03
4.933440897310990294e+03
4.933489997020526971e+03
4.933583735051173790e+03
4.933746534621503997e+03
4.934034348909412984e+03
4.934250209285235542e+03
4.934382603384716276e+03
4.934427333838775667e+03
4.934471653966618760e+03
4.934622225254252044e+03
4.934678012780668723e+03
4.934739169768046850e+03
4.934831032592413976e+03
4.934933382469710523e+03
4.934987872910583064e+03
4.935179138731079547e+03
4.935206486581556419e+03
4.935357384166151860e+03
4.935437653800147018e+03
4.935825195557410552e+03
4.935907204080362135e+03
4.936006061374258934e+03
4.936122527728290152e+03
4.936124686181265133e+03
4.936219576899603453e+03
4.936222843293702681e+03
4.936280322960787089e+03
4.936448931731594712e+03
4.936555613410315345e+03
4.936610320051068811e+03
4.936643445478533067e+03
4.936705099950395379e+03
4.936711885326089032e+03
4.936714009547048590e+03
4.936718220204073987e+03
4.936872907753888285e+03
4.936888764938339591e+03
4.936889892537166816e+03
4.937107584144281645e+03
4.937136172280413120e+03
4.937178241377546328e+03
4.937324810214659919e+03
4.937333805379692421e+03
4.937524149537659468e+03
4.937588546229439999e+03
4.937640694607487603e+03
4.937738972332630510e+03
4.937791343697386765e+03
4.937883501532081027e+03
4.938222665178351235e+03
4.938264383007888682e+03
4.938315999158156046e+03
4.938458687562015257e+03
4.938559337700050492e+03
4.938575788023191308e+03
4.938594247699922562e+03
4.938617940568388804e+03
4.938625381387469133e+03
4.938881200073155014e+03
4.938973243645142247e+03
4.938976981318351136e+03
4.938997781735008175e+03
4.939015045759895656e+03
4.939021064215809929e+03
4.939050469850155423e+03
4.939183962516603970e+03
4.939280070727833845e+03
4.939300462083115235e+03
4.939417126875011490e+03
4.939526598874363117e+03
4.939571794553980908e+03
4.939857310898681135e+03
4.939877022335212132e+03
4.939984086840637246e+03
4.940136927807941902e+03
4.940207605385675379e+03
4.940223150077239552e+03
4.940262078680060768e+03
4.940297437256412195e+03
4.940319681334341112e+03
4.940332879495810630e+03
4.940336931141762761e+03
4.940410407876817771e+03
4.940424486325529870e+03
4.940430613334881855e+03
4.940453328864060495e+03
4.940455168808630333e+03
4.940625318130324558e+03
4.940828025497687122e+03
4.941207365292133545e+03
4.941460916273473231e+03
4.941476119937745352e+03
4.941478401683038101e+03
4.941492929130517041e+03
4.941572732974375867e+03
4.941874791293536873e+03
4.942052576322319510e+03
4.942394447334541837e+03
4.942505027098025494e+03
4.942544154047064694e+03
4.942671023026096009e+03
4.942792790597924068e+03
4.942794916458164153e+03
4.942933720888148855e+03
4.942976453675890298e+03
4.943090367328783032e+03
4.943531051412262968e+03
4.943772712511799000e+03
4.943805686764750135e+03
4.943833868621101828e+03
4.943884126249225119e+03
4.943977706701318311e+03
4.943986948038993432e+03
4.944052032557877283e+03
4.944159402947522722e+03
4.944339543248239352e+03
4.944438875291215481e+03
4.944468290333204095e+03
4.944476716532363753e+03
4.944511643953203020e+03
4.944567265817245243e+03
4.944567369381132266e+03
4.944624347469682107e+03
4.944626803357344215e+03
4.944708424939422002e+03
4.945040719297005126e+03
4.945095113752840916e+03
4.945249274217600941e+03
4.945278128833983828e+03
4.945862606555952880e+03
4.945885671705404093e+03
4.945983013106814724e+03
4.946425043159143570e+03
4.946554091998726108e+03
4.946877407116679933e+03
4.946907012648264754e+03
4.947027207364308197e+03
4.947060437566879955e+03
4.947060856261688059e+03
4.947242174835811056e+03
4.947311540951436655e+03
4.947345952293135269e+03
4.947436243070415912e+03
4.947443470325533781e+03
4.947726806819578087e+03
4.947732678259950262e+03
4.947799267749158389e+03
4.947863753863224701e+03
4.947997883038963664e+03
4.948032510168769477e+03
4.948073231601654697e+03
4.948115761338631273e+03
4.948136631076922640e+03
4.948230124727531802e+03
4.948270777922283742e+03
4.948350736438776948e+03
4.948354637087495576e+03
4.948400484668202807e+03
4.948479697301771012e+03
4.948527734997946936e+03
4.948661703856259919e+03
4.949063217506039109e+03
4.949129473103210330e+03
4.949176294784541824e+03
4.949223413847427764e+03
4.949318212943420804e+03
4.949397038326430447e+03
4.949522262813961788e+03
4.949552239957230086e+03
4.949557837243919494e+03
4.949587338979885317e+03
4.949794544424373271e+03
4.949818679751319905e+03
4.949868646780477320e+03
4.949868693342070401e+03
4.949907180865836381e+03
4.949995059481450880e+03
4.950018697977062402e+03
4.950161903139637616e+03
4.950211677148166018e+03
4.950278821324951423e+03
4.950299050983659072e+03
4.950349988568951630e+03
4.950449128660819042e+03
4.950569454120799492e+03
4.950638428735687739e+03
4.950880181124975024e+03
4.950908844239010250e+03
4.950920539043649114e+03
4.951021232653338302e+03
4.951067563897656328e+03
4.951169159487774778e+03
4.951221301157002017e+03
4.951244546918494962e+03
4.951387404879509631e+03
4.951519135253998684e+03
4.951547375588450450e+03
4.951662517028921684e+03
4.951729632700441471e+03
4.951743205055914586e+03
4.951749953896980514e+03
4.951777876347650817e+03
4.951822169540013419e+03
4.951851025696561010e+03
4.951909876068536505e+03
4.951919011395737471e+03
4.952100897148851800e+03
4.952113061081013257e+03
4.952114297714303575e+03
4.952164104503426643e+03
4.952195550203894527e+03
4.952203059696665150e+03
4.952261497527622851e+03
4.952297998935368923e+03
4.952319289203671360e+03
4.952333185820869403e+03
4.952504128804091124e+03
4.952622086829042928e+03
4.952820560859290708e+03
4.952925123484130381e+03
4.952963296428121794e+03
4.953118686756030002e+03
4.953121406615709020e+03
4.953265802467399226e+03
4.953279172978243878e+03
4.953348178812395417e+03
4.953364220237749578e+03
4.953623536181303280e+03
4.953694593376998455e+03
4.953775190080269567e+03
4.954017022058454131e+03
4.954171413764901445e+03
4.954256454276302975e+03
4.954276283718592822e+03
4.954333928440592899e+03
4.954350649457127474e+03
4.954496356418349933e+03
4.954588631289433579e+03
4.954655974774313108e+03
4.954720831324310893e+03
4.954818546708293070e+03
4.954998148740582110e+03
4.955054536892377655e+03
4.955146791146687065e+03
4.955239666096117617e+03
4.955555439782913709e+03
4.955593886826501148e+03
4.955698636929649183e+03
4.955950610146540384e+03
4.956117667797888316e+03
4.956462434758053860e+03
4.956535430014465419e+03
4.956578985841128087e+03
4.956625142748683174e+03
4.956672975470065467e+03
4.956793029939344706e+03
4.956835719915425216e+03
4.956957676082607577e+03
4.957156682112847193e+03
4.957355682796743167e+03
4.957450054140413158e+03
4.957467084826545033e+03
4.957662219337715214e+03
4.957678496948512475e+03
4.957736653060664139e+03
4.957842827906743878e+03
4.957924083118463386e+03
4.958113199048604656e+03
4.958257777102379805e+03
4.958519695020446306e+03
4.958554551347928282e+03
4.958748930286698851e+03
4.958917484042600336e+03
4.958958927251002933e+03
4.959123206392620887e+03
4.959191176999695926e+03
4.959206442318733025e+03
4.959227753155747450e+03
4.959242378427125004e+03
4.959440248787223936e+03
4.959865690992261079e+03
4.959912986366574842e+03
4.960052298754945696e+03
4.960309328657814149e+03
4.960400026467864336e+03
4.960421914624052988e+03
4.960436062629934895e+03
4.960463644640277380e+03
4.960508763830634962e+03
4.960619258227643513e+03
4.960649914626712416e+03
4.960661003339158015e+03
4.960904888369866967e+03
4.960911607117237509e+03
4.960960732087713041e+03
4.960986270856487863e+03
4.961122264770997390e+03
4.961175681601001997e+03
4.961193077701082984e+03
4.961203676523899958e+03
4.961600987905630063e+03
4.961726701562038215e+03
4.961727043506673908e+03
4.961789479150278567e+03
4.961812367647208703e+03
4.961851077135002015e+03
4.961856883053795173e+03
4.962032231676536867e+03
4.962243621239422282e+03
4.962321276239585131e+03
4.962330874936244982e+03
4.962390394876896607e+03
4.962428818291498828e+03
4.962441848223926172e+03
4.962564286131804693e+03
4.962658693465821671e+03
4.962988008111322415e+03
4.963137056978961482e+03
4.963203687408932637e+03
4.963563323645220407e+03
4.963576033878591261e+03
4.963603495200463840e+03
4.963693085497294305e+03
4.963733145967481505e+03
4.963733245621682727e+03
4.963798240626892948e+03
4.963802025460076038e+03
4.963846377362158819e+03
4.964040607774353703e+03
4.964111743086196839e+03
4.964133395921484407e+03
4.964134532498590488e+03
4.964213326049924035e+03
4.964314712453770881e+03
4.964464773196476017e+03
4.964561697621356871e+03
4.964591517508672950e+03
4.964637693710965323e+03
4.964976321155899313e+03
4.964996694634264713e+03
4.965100949328582828e+03
4.965151242231065225e+03
4.965244897635211601e+03
4.965401262809722539e+03
4.965421342471770004e+03
4.965459195879684557e+03
4.965563982635591856e+03
4.965592258581534225e+03
4.965811729848863251e+03
4.965948983901416796e+03
4.966045486075297958e+03
4.966046979150130028e+03
4.966126750901369633e+03
4.966452657111482040e+03
4.966468312852563031e+03
4.966690427161491243e+03
4.966716860737467869e+03
4.966981769454087953e+03
4.967700921022449620e+03
4.967701961695766840e+03
4.967703267779052112e+03
4.968001309223177486e+03
4.968192877543795476e+03
4.968197056050204992e+03
4.968224123362129831e+03
4.968314620610010934e+03
4.968361695929660527e+03
4.968623441269694922e+03
4.968700898217532995e+03
4.968979416156185835e+03
4.969097609890504827e+03
4.969100413527989986e+03
4.969110665825457545e+03
4.969167633848779587e+03
4.969418580119698163e+03
4.969641639465075059e+03
4.969690035431251090e+03
4.969742590255852519e+03
4.969857326219222159e+03
4.969980515262146582e+03
4.970078985653904965e+03
4.970201978870680250e+03
4.970367164491621224e+03
4.970491531378451327e+03
4.970506513795986393e+03
4.970508354730732208e+03
4.970508827654278321e+03
4.970574654206999185e+03
4.970721958677022485e+03
4.970847551556003054e+03
4.971071832733739939e+03
4.971171212739116527e+03
4.971378548532786226e+03
4.971434569724423454e+03
4.971512895587539788e+03
4.971521193348096858e+03
4.971562714941285776e+03
4.971597583592012597e+03
4.971641324149605680e+03
4.971741968381612423e+03
4.971977871079285251e+03
4.971994123371456226e+03
4.972123272763376008e+03
4.972173421810019136e+03
4.972175233187873346e+03
4.972373473959170951e+03
4.972410961175846751e+03
4.972412760860273011e+03
4.972614511082982972e+03
4.972632277959199200e+03
4.972728565114869525e+03
4.972773140225219322e+03
4.972855623752181600e+03
4.972892645966717282e+03
4.973083572793188068e+03
4.973140450460777174e+03
4.973346451881484427e+03
4.973534326755809161e+03
4.973553537722833426e+03
4.973568016559735952e+03
4.973572623414966984e+03
4.973737555561157933e+03
4.973809085197964123e+03
4.973888558274943534e+03
4.973889171070984048e+03
4.974058470974393458e+03
4.974170107077236025e+03
4.974217459842841890e+03
4.974304870874480912e+03
4.974311497251373112e+03
4.974332556509551978e+03
4.974384819588318351e+03
4.974865800464165659e+03
4.974996143473131269e+03
4.975205753960353832e+03
4.975211597347986753e+03
4.975554942449523878e+03
4.975641008706867069e+03
4.976030029148408175e+03
4.976382671516479604e+03
4.976647467974487881e+03
4.976691776662903067e+03
4.976728402744974119e+03
4.976741944763317406e+03
4.976832966181274969e+03
4.976925856359631325e+03
4.977003740482108697e+03
4.977064570688582535e+03
4.977321212894311429e+03
4.977329639781597507e+03
4.977346501386821728e+03
4.977355436134822412e+03
4.977803419774123540e+03
4.978003097156541116e+03
4.978365768708284122e+03
4.978379536184693279e+03
4.978447586782131111e+03
4.978449113207696428e+03
4.978593225553035154e+03
4.978634979440788811e+03
4.978636644812353552e+03
4.978665210369746092e+03
4.978759816058578508e+03
4.978829558301028555e+03
4.978913949810709710e+03
4.978936831892185182e+03
4.979085418878545170e+03
4.979118606282866494e+03
4.979137313153264586e+03
4.979163808255798358e+03
4.979219667356145692e+03
4.979304638408341816e+03
4.979405509450991303e+03
4.979475879155115763e+03
4.979551024215504185e+03
4.979632111240084669e+03
4.979689990897162716e+03
4.979721453100572035e+03
4.979759127306332630e+03
4.979952366342934511e+03
4.980167296818188333e+03
4.980179011073834772e+03
4.980329118411752461e+03
4.980338822979080760e+03
4.980468620646570344e+03
4.980614863064804922e+03
4.980984695835176353e+03
4.981140230403656460e+03
4.981168590043431323e+03
4.981368799381270946e+03
4.981412938166217828e+03
4.981731550986712136e+03
4.981755890515169085e+03
4.981772682963988700e+03
4.981826802166960988e+03
4.981853191734529901e+03
4.981986675542874764e+03
4.982024307097659403e+03
4.982057911080883969e+03
4.982083623851461198e+03
4.982117397751707358e+03
4.982243518350935119e+03
4.982316824351138166e+03
4.982387155143013842e+03
4.982421134309724039e+03
4.982430356055627271e+03
4.982510577208870927e+03
4.982522376581843673e+03
4.982547325969085250e+03
4.982660128388770318e+03
4.982752463813897521e+03
4.982838475803228903e+03
4.982868246571442796e+03
4.982943497393610414e+03
4.983077536557069834e+03
4.983092334462028703e+03
4.983142653406103818e+03
4.983234406823384234e+03
4.983278286836408370e+03
4.983362025557457855e+03
4.983362595844662792e+03
4.983429242168366727e+03
4.983521371752741288e+03
4.983601169199433571e+03
4.983798374145600064e+03
4.983895758619106346e+03
4.984027878456369763e+03
4.984054404815253292e+03
4.984067791443454553e+03
4.984075255456762534e+03
4.984079420630823734e+03
4.984202501711681180e+03
4.984330096450528799e+03
4.984525489946305242e+03
4.984750654639329696e+03
4.984853724482102734e+03
4.984860557567189062e+03
4.984937680549888682e+03
4.985054955382776825e+03
4.985116273831263243e+03
4.985122959001867457e+03
4.985375477051396956e+03
4.985406683604453974e+03
4.985409745254341033e+03
4.985411244168531994e+03
4.985415242500611384e+03
4.985427186949496900e+03
4.985502095183982419e+03
4.985745465472297838e+03
4.986069015760426737e+03
4.986102858395164731e+03
4.986336780873542921e+03
4.986556825645372555e+03
4.986617852784632305e+03
4.986744995708711031e+03
4.986773547066389256e+03
4.986806344108964367e+03
4.986828357702056564e+03
4.986977692707840106e+03
4.987116590783754873e+03
4.987158762485199077e+03
4.987172109857368923e+03
4.987208531151843999e+03
4.987439976621824826e+03
4.987700798977472004e+03
4.987759832884610660e+03
4.987767064661647964e+03
4.987813341139714794e+03
4.987909532364271399e+03
4.987909662592877794e+03
4.987950992179828972e+03
4.988068703943215041e+03
4.988201133127596222e+03
4.988224533381088804e+03
4.988282016399619351e+03
4.988327123178479269e+03
4.988487968544465730e+03
4.988589364670668147e+03
4.988733943044128864e+03
4.988760047234898593e+03
4.988765691626584157e+03
4.988867716798544279e+03
4.988942995711835465e+03
4.989015660644888158e+03
4.989028154836623798e+03
4.989071643714871243e+03
4.989449732002049132e+03
4.989461072922797939e+03
4.989506936167968888e+03
4.989814537290297267e+03
4.989906365861405902e+03
4.990192022532132796e+03
4.990211092024082973e+03
4.990226417284235140e+03
4.990515321060746828e+03
4.990644904663946363e+03
4.990695321347681784e+03
4.990721033476580487e+03
4.990800541196687846e+03
4.990840959128438953e+03
4.990890801545716386e+03
4.990988735533514955e+03
4.991414460344103645e+03
4.991469673908060940e+03
4.991587619730727965e+03
4.991613174528862146e+03
4.991880524553935174e+03
4.991899280036952405e+03
4.992220007792233446e+03
4.992285665954452270e+03
4.992364497070507241e+03
4.992446241241676034e+03
4.992523932750316817e+03
4.992604075402572562e+03
4.992698067585239187e+03
4.992791901199508175e+03
4.992808324964415078e+03
4.992820063581091745e+03
4.992823810390083963e+03
4.992948435349002466e+03
4.993154160843463615e+03
4.993206964990664346e+03
4.993253427050813116e+03
4.993329148054385769e+03
4.993343407793964616e+03
4.993357540701108519e+03
4.993489131223558616e+03
4.993525351058949127e+03
4.993707200534861840e+03
4.993708160515175223e+03
4.993940556129465222e+03
4.994081834724191140e+03
4.994089705206392864e+03
4.994326728385801289e+03
4.994639587373666473e+03
4.994647762950184188e+03
4.994898949040858497e+03
4.994919854627217319e+03
4.995049059755293456e+03
4.995053437788303199e+03
4.995251507651071734e+03
4.995315335093384419e+03
4.995597256159756398e+03
4.995619745905582931e+03
4.995633257165618488e+03
4.995676955332062789e+03
4.995695760466065622e+03
4.995752997836026225e+03
4.995987073427844734e+03
4.996175336482004241e+03
4.996372954252241470e+03
4.996454418716738473e+03
4.996639710442928845e+03
4.996750316285221743e+03
4.996804373877452235e+03
4.996941118166082560e+03
4.996959920970900384e+03
4.997427768281900171e+03
4.997459222464010054e+03
4.997507127655589102e+03
4.997633303546311254e+03
4.997734056486464397e+03
4.997843903486035742e+03
4.997899779507224594e+03
4.997911344644127894e+03
4.998035833278939208e+03
4.998056399249357128e+03
4.998401792516574460e+03
4.998404461893575899e+03
4.998404952024919112e+03
4.998443030656886549e+03
4.998674264256444076e+03
4.998711487318874788e+03
4.998851280087218584e+03
4.998984191057345015e+03
4.999033318091689580e+03
4.999108541673715081e+03
4.999113975756058608e+03
4.999265391683664348e+03
4.999660200051003812e+03
4.999779009366204264e+03
5.000177893794704687e+03
5.000219587368242173e+03
5.000228401802096414e+03
5.000258645467250972e+03
5.000509004185632875e+03
5.000553954440346388e+03
5.000557541533834410e+03
5.000685923237190764e+03
5.000844301467008336e+03
5.000923742227691946e+03
5.000939618332384271e+03
5.000967260357521809e+03
5.001181742916403891e+03
5.001206329399098649e+03
5.001257310999209039e+03
5.001398945215976710e+03
5.001400209330901816e+03
5.001460058716388630e+03
5.001531817908668927e+03
5.001730320588702853e+03
5.001753410789221562e+03
5.001889251933544983e+03
5.002096299234673097e+03
5.002169561358216015e+03
5.002194381694965159e+03
5.002263048116294158e+03
5.002422518231426693e+03
5.003029962371891997e+03
5.003112205544315657e+03
5.003143481198749214e+03
5.003196476388442534e+03
5.003230405333890303e+03
5.003302132430413621e+03
5.003453788023620291e+03
5.003558953631082659e+03
5.003659226725653753e+03
5.003746620821889337e+03
5.003834200744979171e+03
5.003912588783729007e+03
5.004346221699133821e+03
5.004353128821157952e+03
5.004409672674168178e+03
5.004504477033725379e+03
5.004509541024850478e+03
5.004518531116540544e+03
5.004520785619683011e+03
5.004654949845833471e+03
5.004686136529109717e+03
5.004721848586595115e+03
5.004735126057120397e+03
5.004773441127024853e+03
5.004816353320590679e+03
5.005027977125400866e+03
5.005101756521851712e+03
5.005120463346427641e+03
5.005401488224758396e+03
5.005416761166399738e+03
5.005460502008054391e+03
5.005513552712585806e+03
5.005548360184256126e+03
5.005601634576406468e+03
5.005702990900108489e+03
5.005870808434745413e+03
5.005974278406386475e+03
5.005997962194987849e+03
5.006126541631111650e+03
5.006411140065938525e+03
5.006505959862068266e+03
5.006579856202648443e+03
5.006823512529153959e+03
5.006843878118579596e+03
5.006846746898087076e+03
5.007070000024356887e+03
5.007118001578104668e+03
5.007216868268690632e+03
5.007275346582309794e+03
5.007292245345469382e+03
5.007353143373226885e+03
5.007372123340983308e+03
5.007488847179639379e+03
5.007570694225086299e+03
5.007579425901927607e+03
5.007609208545934052e+03
5.007676616878771711e+03
5.007733644372464369e+03
5.008019107881760647e+03
5.008027740629879190e+03
5.008068736791141419e+03
5.008117818438732684e+03
5.008267346754817481e+03
5.008269563646941606e+03
5.008279479018783604e+03
5.008283135123891952e+03
5.008386686232142893e+03
5.008478008932031116e+03
5.008592432428059510e+03
5.008727501397654123e+03
5.008748554608645463e+03
5.008768395439014057e+03
5.008908380074942215e+03
5.008959238081266449e+03
5.009097699479531911e+03
5.009197731095374365e+03
5.009584591803336480e+03
5.009670771568243254e+03
5.009694420783226633e+03
5.009741648910239746e+03
5.009908410287209335e+03
5.009948607324726254e+03
5.010010212289456831e+03
5.010091677694343161e+03
5.010115539942988107e+03
5.010118073890589585e+03
5.010143240907042127e+03
5.010152098703663796e+03
5.010201703453847585e+03
5.010294601806547689e+03
5.010320154932963305e+03
5.010526431677549226e+03
5.010562006336293052e+03
5.010583447372376213e+03
5.010634065051505786e+03
5.010764424166132812e+03
5.011195776559398837e+03
5.011278986046103455e+03
5.011495391543274309e+03
5.011668957108251561e+03
5.011693780908904046e+03
5.011812295187450218e+03
5.011942946165821013e+03
5.011968244296899684e+03
5.012070270502716085e+03
5.012099089089125300e+03
5.012296314935436385e+03
5.012367609209380134e+03
5.012458781391760567e+03
5.012511898806817953e+03
5.012581057302200861e+03
5.012611560164700677e+03
5.012657133961281943e+03
5.012692543781801760e+03
5.012741097467827785e+03
5.012813379092966898e+03
5.012820830915798979e+03
5.012870314919417979e+03
5.012930185182465721e+03
5.013006819450055445e+03
5.013031228377849402e+03
5.013051482220900652e+03
5.013262688275062828e+03
5.013362148220207018e+03
5.013368184441150333e+03
5.013718290585896284e+03
5.013786323804496533e+03
5.013825900617979642e+03
5.013871737109451715e+03
5.013911782577589292e+03
5.013975909375380979e+03
5.013984516714670463e+03
5.014167440798433745e+03
5.014182813362212983e+03
5.014200812557053723e+03
5.014279038846554613e+03
5.014430807549777455e+03
5.014461123203215720e+03
5.014551585782874099e+03
5.014568786932889452e+03
5.014584639398152831e+03
5.014670890641921687e+03
5.014760863074970075e+03
5.014840518946070915e+03
5.014888299146051395e+03
5.014958152866421187e+03
5.014981882669515471e+03
5.015017434804434743e+03
5.015023914873023386e+03
5.015135845659688130e+03
5.015189745506259897e+03
5.015198336112261131e+03
5.015307693162400028e+03
5.015348932842267459e+03
5.015521883309507757e+03
5.015608616144261759e+03
5.015672944597563401e+03
5.015749314533666620e+03
5.015781415520764313e+03
5.015843067952939236e+03
5.015936178740485047e+03
5.015951538405147403e+03
5.016202907727755701e+03
5.016264922352436770e+03
5.016286593145101506e+03
5.016299526013471223e+03
5.016376229228922057e+03
5.016380488045625498e+03
5.016439680107504500e+03
5.016440861361445968e+03
5.016497564845247325e+03
5.016644255622839410e+03
5.016669976856158428e+03
5.017103810427842291e+03
5.017148604546883689e+03
5.017161311494414804e+03
5.017190362132055270e+03
5.017222926537120657e+03
5.017257733996246316e+03
5.017268471192051038e+03
5.017307080448950728e+03
5.017308811968965529e+03
5.017461151714220250e+03
5.017473942855703172e+03
5.017593172662210236e+03
5.017707554674423591e+03
5.017854336600004899e+03
5.017872776552211690e+03
5.017939666138059692e+03
5.017941279654132813e+03
5.017971212498337991e+03
5.018026817219471013e+03
5.018127818767270583e+03
5.018206055122787802e+03
5.018337446607869424e+03
5.018347700752183300e+03
5.018612774542605621e+03
5.018851147928815408e+03
5.018999493296991204e+03
5.019130888306107408e+03
5.019255531955639526e+03
5.019310727498493179e+03
5.019339332689327421e+03
5.019457684580574096e+03
5.019521992075681737e+03
5.019635940123189357e+03
5.019665268015858601e+03
5.019672075061766918e+03
5.019710370044194860e+03
5.019805707419040118e+03
5.019879786605256413e+03
5.019909534283769972e+03
5.019965870874422762e+03
5.019994398379772065e+03
5.020032448143197144e+03
5.020093219578770004e+03
5.020120803517907007e+03
5.020149035826436375e+03
5.020178017089745481e+03
5.020180936419985301e+03
5.020234590319325434e+03
5.020292899982581730e+03
5.020347720183315687e+03
5.020610294919758417e+03
5.020637175502626633e+03
5.020722134968034879e+03
5.020871279014535503e+03
5.020916937015012991e+03
5.021093878716345898e+03
5.021107771737106304e+03
5.021180904937711603e+03
5.021283348519639731e+03
5.021377181243655286e+03
5.021384402484995917e+03
5.021465671662102977e+03
5.021564962311033014e+03
5.021567112190066837e+03
5.021571311590468213e+03
5.021800858768800026e+03
5.021845075686398559e+03
5.021938497797357741e+03
5.022155509404734403e+03
5.022325739321466244e+03
5.022371309141158235e+03
5.022534999266910745e+03
5.022543872779954654e+03
5.022560058025977924e+03
5.022561145529086389e+03
5.022771033222737060e+03
5.022845007173199519e+03
5.022994648096580931e+03
5.023008375146377148e+03
5.023224133231517953e+03
5.023404217927359241e+03
5.023425207915571264e+03
5.023545496058035496e+03
5.023670385520605123e+03
5.023684171552873522e+03
5.023722340965420699e+03
5.023734647400381618e+03
5.023739311025617098e+03
5.023740314629802924e+03
5.023775081399567171e+03
5.023834457160970487e+03
5.023891850846282978e+03
5.023925681921201431e+03
5.024301531024047108e+03
5.024436240033277500e+03
5.024631996546542723e+03
5.024702416274543793e+03
5.024731488419924062e+03
5.024875887023044925e+03
5.024886346669092745e+03
5.025148315348528740e+03
5.025236902484552047e+03
5.025263332954346879e+03
5.025321143654403386e+03
5.025326859132715981e+03
5.025346111093673244e+03
5.025357490935415626e+03
5.025369056672424449e+03
5.025486165253443687e+03
5.025511788053794589e+03
5.025613301064788175e+03
5.025614078341758614e+03
5.025925918332398396e+03
5.025956311154452123e+03
5.026013263573910081e+03
5.026075607699848661e+03
5.026086564175308013e+03
5.026260559765604739e+03
5.026478050991308010e+03
5.026535336791625014e+03
5.026550577688598423e+03
5.026570959359985864e+03
5.026602604630240421e+03
5.026682314050539389e+03
5.026945154729975002e+03
5.027202534201765047e+03
5.027261036039169085e+03
5.027343991708279646e+03
5.027748744349014487e+03
5.027797070573520614e+03
5.028014161788292768e+03
5.028116214654151008e+03
5.028159660631330553e+03
5.028288995328242891e+03
5.028292069359496054e+03
5.028302187055774084e+03
5.028363454549642483e+03
5.028516267328556751e+03
5.028588851666786468e+03
5.028611539016722418e+03
5.028660231877825026e+03
5.028725886493716644e+03
5.028973972054252044e+03
5.028988065767684020e+03
5.029025344266201500e+03
5.029572996858227270e+03
5.029683985206649595e+03
5.029741226409266346e+03
5.029759796081641980e+03
5.029921507070532243e+03
5.030281805837469619e+03
5.030302629911183431e+03
5.030322242955812726e+03
5.030426971565741951e+03
5.030482784339857062e+03
5.030618768403624017e+03
5.030673963027378704e+03
5.030718442014351240e+03
5.030957401703668438e+03
5.031011794704637396e+03
5.031231806463181783e+03
5.031414056616068592e+03
5.031492221158590837e+03
5.031545463630792256e+03
5.031571873020026942e+03
5.031667912015704133e+03
5.031722316636972209e+03
5.031853483270400829e+03
5.031880062107926278e+03
5.031909569611715597e+03
5.031997065811223365e+03
5.032044361013562593e+03
5.032119521081337552e+03
5.032188239946963222e+03
5.032194178880073196e+03
5.032200993872927938e+03
5.032266657346804095e+03
5.032290035334045569e+03
5.032368074974376214e+03
5.032403030512035912e+03
5.032417028766180010e+03
5.032442916252675786e+03
5.032542829213602090e+03
5.032624354489927100e+03
5.032648725490823381e+03
5.032769124716754959e+03
5.032838991784319660e+03
5.032979544659006024e+03
5.033064298727492314e+03
5.033145872468841844e+03
5.033168556000497119e+03
5.033211938763164653e+03
5.033272508111715069e+03
5.033367742749946046e+03
5.033395835616151999e+03
5.033573156079980436e+03
5.033574554616193382e+03
5.033728576743898884e+03
5.033729381937951075e+03
5.033808979514315070e+03
5.033846503941460469e+03
5.033928316583736887e+03
5.033952774305795174e+03
5.033974733731623019e+03
5.034018276965450241e+03
5.034061049057028868e+03
5.034061971660356903e+03
5.034247750023278059e+03
5.034274575646358244e+03
5.034312936323090071e+03
5.034598285653318271e+03
5.034668700141636691e+03
5.034714927967064796e+03
5.034731822849662422e+03
5.034820452407107950e+03
5.034871243075367602e+03
5.034970715663388546e+03
5.035102077905880833e+03
5.035188236118305213e+03
5.035228410173954217e+03
5.035338440068013369e+03
5.035402794218663075e+03
5.035431960942715705e+03
5.035451174934790288e+03
5.035633509255671925e+03
5.035761487677931655e+03
5.035839126738654159e+03
5.035850526434811400e+03
5.035888178652509851e+03
5.035909180980724159e+03
5.035933446958327295e+03
5.036087904889259335e+03
5.036120850817179416e+03
5.036280343938493388e+03
5.036312619265925605e+03
5.036349956455648680e+03
5.036443204190372853e+03
5.036461533321489696e+03
5.036929646338399834e+03
5.037147706874498908e+03
5.037152514351946593e+03
5.037631733824487128e+03
5.037664771141432539e+03
5.037705289306479244e+03
5.037746318211021389e+03
5.037777342058962859e+03
5.037894670717450936e+03
5.038056379392097369e+03
5.038099494310740738e+03
5.038449078481297875e+03
5.038485279847403035e+03
5.038749797685132762e+03
5.038811146459068368e+03
5.038845152406922352e+03
5.038978872422372660e+03
5.038980136949513508e+03
5.039031858170953456e+03
5.039097787193722070e+03
5.039225991386647365e+03
5.039344296765917534e+03
5.039384031267726641e+03
5.039437514401928638e+03
5.039518844700897716e+03
5.039655138060190438e+03
5.039688757577091565e+03
5.039785142300294865e+03
5.039868094872668735e+03
5.040266031143753935e+03
5.040393679456641621e+03
5.040429114662593747e+03
5.040634934148870343e+03
5.040757960458994603e+03
5.040859911719263437e+03
5.041027070729448496e+03
5.041270136709667895e+03
5.041288039133134589e+03
5.041364007642760043e+03
5.041408735511949999e+03
5.041607301048532463e+03
5.041675274743088266e+03
5.041720746562922614e+03
5.041963567387261719e+03
5.042139848613502181e+03
5.042253478891544546e+03
5.042497919676468882e+03
5.042622668706336299e+03
5.042833213163590699e+03
5.042873778274495635e+03
5.042895699621135464e+03
5.042935208021493963e+03
5.042964475711713021e+03
5.043037990503587935e+03
5.043122979820509499e+03
5.043332554302847711e+03
5.043543230831758592e+03
5.043631361659226968e+03
5.043710640862133914e+03
5.043819014829476146e+03
5.043885895094162152e+03
5.044024624296260299e+03
5.044268198421921625e+03
5.044409353836004811e+03
5.044543379227735386e+03
5.044554969687826087e+03
5.044662731225702373e+03
5.044684774604108497e+03
5.044837672096185997e+03
5.045003621782777373e+03
5.045203897014836912e+03
5.045274806354800603e+03
5.045471186105768538e+03
5.045810945380307203e+03
5.045964639377833919e+03
5.046194454014814255e+03
5.046461958277695885e+03
5.046476508445744003e+03
5.046575214176628833e+03
5.046643463871111635e+03
5.046727315373942474e+03
5.046796037715110288e+03
5.046885096006664753e+03
5.046962982654190455e+03
5.047036069341120310e+03
5.047342513873350981e+03
5.047450883146127126e+03
5.047480151292238588e+03
5.047631074681499740e+03
5.047991144331301257e+03
5.048093063166284082e+03
5.048153611997403459e+03
5.048565422539511928e+03
5.048594972988779773e+03
5.048623279718543017e+03
5.048627422123001452e+03
5.048646677131614524e+03
5.048658771950265873e+03
5.048687705163201827e+03
5.048720593864827606e+03
5.048745420946545892e+03
5.048827621255899430e+03
5.049223966416167059e+03
5.049228260043967566e+03
5.049237816851722528e+03
5.049286853266953585e+03
5.049302036696932191e+03
5.049316032269201060e+03
5.049412885114311393e+03
5.049463599402838554e+03
5.049516336083975148e+03
5.049561122805289415e+03
5.049743400009572724e+03
5.049746032385893159e+03
5.049751320009706433e+03
5.049860712539396445e+03
5.049968779196341529e+03
5.050060370132777280e+03
5.050202073922016098e+03
5.050212680378001096e+03
5.050371587061284117e+03
5.050537849002961593e+03
5.050676582667877483e+03
5.051015209642387163e+03
5.051519726546007405e+03
5.051544807169747401e+03
5.051573299911427057e+03
5.051751843153088885e+03
5.051821003168352036e+03
5.051957401019875761e+03
5.052204452585274339e+03
5.052364243653315498e+03
5.052684629624464833e+03
5.052729240645134269e+03
5.052739922163787924e+03
5.052758115386282952e+03
5.052829630845089923e+03
5.052913031001510717e+03
5.052955087997205737e+03
5.053008338661597008e+03
5.053091403853738484e+03
5.053216899836140328e+03
5.053366912713648162e+03
5.053444815771643334e+03
5.053531692294078312e+03
5.053575538727154708e+03
5.053787809626904163e+03
5.053788585808786593e+03
5.053862330963688692e+03
5.054017622636958549e+03
5.054099579927180457e+03
5.054259601038605069e+03
5.054621097777951945e+03
5.054777587949894041e+03
5.054780625131454144e+03
5.054913913374118238e+03
5.054940678240705893e+03
5.055025206399191120e+03
5.055151981313458236e+03
5.055180164490467178e+03
5.055243799941036741e+03
5.055279248229971927e+03
5.055430511357242722e+03
5.055550877628570561e+03
5.055620951348567360e+03
5.055639815885815551e+03
5.055644395155602979e+03
5.055750073163843808e+03
5.055786731242835231e+03
5.055789669831461651e+03
5.055841833327270251e+03
5.055872126317624861e+03
5.056108714194311688e+03
5.056328816034519150e+03
5.056402161075090589e+03
5.056640258734832059e+03
5.056906004644052700e+03
5.057009466938270634e+03
5.057095141713412886e+03
5.057283370597667272e+03
5.057285249930483587e+03
5.057423421667483126e+03
5.057711510863889998e+03
5.057723308335102956e+03
5.057858586333916719e+03
5.058105100442567164e+03
5.058238466958051504e+03
5.058572984491313946e+03
5.058590026847132322e+03
5.058615257092837965e+03
5.058687758866263721e+03
5.058907788336052363e+03
5.059490567829144311e+03
5.059611240450317382e+03
5.059612293627847066e+03
5.059612683630633001e+03
5.059934634190279212e+03
5.059997077208671726e+03
5.060349749020349009e+03
5.060373339521778689e+03
5.060572689611236456e+03
5.060588179643859803e+03
5.060608168469655539e+03
5.060650041810482435e+03
5.060699822385540756e+03
5.060754859194153141e+03
5.060837730852121240e+03
5.060885099534960318e+03
5.061072497474100601e+03
5.061098278111408035e+03
5.061199343285627037e+03
5.061276198254969131e+03
5.061339636324650201e+03
5.061435619385652899e+03
5.061479145285467894e+03
5.061574196627590936e+03
5.061633122637907945e+03
5.062199827661368545e+03
5.062213774302349520e+03
5.062232888315445052e+03
5.062281607977454769e+03
5.062373854916202617e+03
5.062417951566362717e+03
5.062517689250682452e+03
5.062841935405202094e+03
5.062891808900038086e+03
5.062922546573844556e+03
5.063111588712991761e+03
5.063147612481016040e+03
5.063161003228201480e+03
5.063300780355528332e+03
5.063586479042272003e+03
5.063709591562941569e+03
5.063774712923335755e+03
5.063938562248037670e+03
5.063945993011635437e+03
5.063995707468250657e+03
5.064023012665153146e+03
5.064351026542251930e+03
5.064363819739653991e+03
5.064459314412601998e+03
5.064494386372442932e+03
5.064567289484425601e+03
5.064588728349560370e+03
5.064615155089789369e+03
5.064616321283630896e+03
5.064642694267758088e+03
5.064680854970850305e+03
5.064704283551925982e+03
5.064821051694673770e+03
5.064865591993555427e+03
5.064945895911549997e+03
5.064952791184296984e+03
5.064961560562038358e+03
5.065175518930283943e+03
5.065197765021722262e+03
5.065251197553266138e+03
5.065448908543701691e+03
5.065474037163598041e+03
5.065516125908990034e+03
5.065679728454950236e+03
5.065878415358944039e+03
5.066080178912760857e+03
5.066500388033628042e+03
5.066565414811010669e+03
5.066685676707192215e+03
5.066710813239960771e+03
5.066725974998059428e+03
5.066768067475496537e+03
5.066787006621586443e+03
5.066801283606434481e+03
5.066846997119859225e+03
5.066878938940858461e+03
5.066988036484595796e+03
5.067002182408217777e+03
5.067029527256300753e+03
5.067046908772018469e+03
5.067192115884185114e+03
5.067227390102697427e+03
5.067590973832681811e+03
5.067607670708992373e+03
5.067669257984661272e+03
5.067753446333558713e+03
5.068002885841257012e+03
5.068339613794527395e+03
5.068404352299799939e+03
5.068543721047370127e+03
5.068544147691518447e+03
5.068588444246901418e+03
5.068624217420106106e+03
5.068668519098063371e+03
5.068765151120263909e+03
5.068772741619447515e+03
5.068799685504273839e+03
5.068909368624328636e+03
5.068931230715620586e+03
5.068945581792749181e+03
5.069063472548984464e+03
5.069088936513185217e+03
5.069139139893281026e+03
5.069148658448284550e+03
5.069332220476515431e+03
5.069471579460044268e+03
5.069480894890153650e+03
5.069481799347766355e+03
5.069481919533038308e+03
5.069583542290266450e+03
5.069596915126333442e+03
5.069612048872438208e+03
5.069643327908226638e+03
5.069875564938628486e+03
5.069954401802130633e+03
5.070121595569520650e+03
5.070234600056527597e+03
5.070311549320206723e+03
5.070362620752483963e+03
5.070493253331093001e+03
5.070500743689687624e+03
5.070596428287946765e+03
5.070631939715493900e+03
5.070640160534101597e+03
5.070736061761655947e+03
5.070893017085237261e+03
5.070962000374736817e+03
5.070996331580776314e+03
5.071059367773837948e+03
5.071192851562973374e+03
5.071224512562392192e+03
5.071232371637290271e+03
5.071540162453256016e+03
5.071605270698110871e+03
5.071731628735657978e+03
5.071805836732946773e+03
5.071841276270170056e+03
5.071879737771914733e+03
5.071959189635846997e+03
5.072648164229080066e+03
5.072849712882214590e+03
5.072865477232530793e+03
5.072884139064874034e+03
5.073068159784734235e+03
5.073350875354506570e+03
5.073532364107242756e+03
5.073609076935412304e+03
5.073640770576955219e+03
5.073864523566809112e+03
5.073895621929302251e+03
5.074176659719891177e+03
5.074269412903248849e+03
5.074367483306446957e+03
5.074407277412469739e+03
5.074513537843396080e+03
5.074516718932846743e+03
5.074542221855218486e+03
5.074558113427369790e+03
5.074583393673849969e+03
5.074833253160891218e+03
5.074874640984790858e+03
5.074923875430128646e+03
5.075222077827824251e+03
5.075422968680592021e+03
5.075680422933149202e+03
5.075789531513302791e+03
5.075968254245689423e+03
5.075970409931076574e+03
5.076221380707916978e+03
5.076241976102343870e+03
5.076385923504031780e+03
5.076410220809855673e+03
5.076526573508067486e+03
5.076539326951052317e+03
5.076550352990132524e+03
5.076559930654508207e+03
5.076563638010804425e+03
5.076566545675636917e+03
5.076861952346367616e+03
5.076878329552190735e+03
5.076967763545870184e+03
5.076971815118456107e+03
5.077062827080867464e+03
5.077153987257808694e+03
5.077186472947479160e+03
5.077393413774724650e+03
5.077421869559839251e+03
5.077446480579350464e+03
5.077546445517163193e+03
5.077606472129735266e+03
5.077635477683559657e+03
5.077818411836025916e+03
5.077839851631970305e+03
5.077963662430688601e+03
5.078082186936032485e+03
5.078082198834611518e+03
5.078155130663803902e+03
5.078443566268692848e+03
5.078452781719870472e+03
5.078617259397613452e+03
5.078774674572940967e+03
5.078895863337166702e+03
5.079099429958936526e+03
5.079211197957742115e+03
5.079221818908723435e+03
5.079251109467973038e+03
5.079261927874355933e+03
5.079347427333186715e+03
5.079459540422873943e+03
5.079461799047259774e+03
5.079473295905572741e+03
5.079482248544298272e+03
5.079613750871586490e+03
5.079705569370373269e+03
5.079785105151099742e+03
5.079886812642623227e+03
5.080068693480820002e+03
5.080223054781445171e+03
5.080299002465083504e+03
5.080312362114750613e+03
5.080312703892126592e+03
5.080336706028834669e+03
5.080381616423175728e+03
5.080468934555272426e+03
5.081156864662756561e+03
5.081454945613352720e+03
5.081498933572955139e+03
5.081526555629630820e+03
5.081539938785328559e+03
5.081830086868856597e+03
5.082146321090775018e+03
5.082224016923300042e+03
5.082286986377680478e+03
5.082366490528586837e+03
5.082386985118283519e+03
5.082460873811547572e+03
5.082508449450498119e+03
5.082643980919858222e+03
5.082773319567866565e+03
5.083013915698425080e+03
5.083028209875084940e+03
5.083049768911178035e+03
5.083588873481215160e+03
5.083721526596836156e+03
5.083858885184569772e+03
5.083937428377164906e+03
5.083952513487582110e+03
5.083989523789601662e+03
5.084109419077028178e+03
5.084174363011878995e+03
5.084341505508740738e+03
5.084509119306443608e+03
5.084640248903290740e+03
5.084729126678527791e+03
5.084988270263067534e+03
5.085050502228928053e+03
5.085097361690181970e+03
5.085115288313735618e+03
5.085204581042125028e+03
5.085252310268733709e+03
5.085421654713047246e+03
5.085464434103021631e+03
5.085637163439260803e+03
5.085775794395225603e+03
5.085841375669182526e+03
5.085846018535074109e+03
5.085860856107425207e+03
5.085954779073265854e+03
5.085964809151855661e+03
5.085982917233619446e+03
5.086028095020244109e+03
5.086067042016029518e+03
5.086170738338774754e+03
5.086171799828185613e+03
5.086426103683787005e+03
5.086644268434249170e+03
5.086920233830024699e+03
5.086952623870423849e+03
5.086998026527264301e+03
5.087131965856809984e+03
5.087247159306366484e+03
5.087247467361285089e+03
5.087281311334851125e+03
5.087434058669795377e+03
5.087489544921390006e+03
5.087555582454428077e+03
5.087566202384858116e+03
5.087866024289969573e+03
5.087909640165301425e+03
5.087995472471302492e+03
5.088056529002977186e+03
5.088337320555515362e+03
5.088362370366858158e+03
5.088370411167657039e+03
5.088441265357424527e+03
5.088591560932221000e+03
5.088835952648420971e+03
5.088919233828905817e+03
5.088947310076830945e+03
5.089065041448916418e+03
5.089142690886299533e+03
5.089337780483853749e+03
5.089647281531335466e+03
5.089653247370380086e+03
5.089706674968110747e+03
5.089747327332489476e+03
5.089803628838281838e+03
5.089919187562286425e+03
5.089925795041379388e+03
5.090001800011587875e+03
5.090116620968493407e+03
5.090149216540815360e+03
5.090215796299107751e+03
5.090336157580034524e+03
5.090734959282221098e+03
5.090820033769856309e+03
5.090839058863749415e+03
5.091070518728406569e+03
5.091239444781801467e+03
5.091254220445503051e+03
5.091295217363061056e+03
5.091297644557143940e+03
5.091308739373529534e+03
5.091331652509426021e+03
5.091418880096849534e+03
5.091443121081081699e+03
5.091495181385847900e+03
5.091554116284236443e+03
5.091571704795501319e+03
5.091574239037705411e+03
5.091654890456112298e+03
5.091698613093118183e+03
5.091709645433993501e+03
5.091788322418925418e+03
5.091877713122669775e+03
5.091880443751110761e+03
5.091992123850112876e+03
5.092281672158384026e+03
5.092534352113717432e+03
5.092557723321458070e+03
5.092589861594963622e+03
5.092644597734328272e+03
5.092647149499316583e+03
5.092672990330667744e+03
5.092736800903234325e+03
5.092828553733446824e+03
5.092924687282148625e+03
5.093354126198417362e+03
5.093387384086351631e+03
5.093399938068387200e+03
5.093429435794713754e+03
5.093812745899936090e+03
5.093916193036143341e+03
5.094134669590917838e+03
5.094138490532949618e+03
5.094456304372888553e+03
5.094465521375166645e+03
5.094533880983396557e+03
5.094542406815347931e+03
5.094677822361210929e+03
5.094740653736008426e+03
5.094746949538218360e+03
5.094984180772552463e+03
5.095047961739932362e+03
5.095079498663446429e+03
5.095151702562232458e+03
5.095615542080371597e+03
5.095621435044189639e+03
5.095642619701329750e+03
5.095655807070859737e+03
5.095699806907352468e+03
5.095744531744054257e+03
5.095829554044059478e+03
5.096032679215667486e+03
5.096474146707073487e+03
5.096550920978462273e+03
5.096631594208538445e+03
5.096711772526738969e+03
5.096730604361795486e+03
5.096868984548741537e+03
5.096876122242200836e+03
5.096916939766414544e+03
5.096976942726218113e+03
5.096980485438900359e+03
5.097059547138706876e+03
5.097115253309465515e+03
5.097119338827589672e+03
5.097208669769754124e+03
5.097217173166133762e+03
5.097219730912733212e+03
5.097228646661814309e+03
5.097379949623513312e+03
5.097413765534488448e+03
5.097535906586378587e+03
5.097586911240945483e+03
5.097645430569014025e+03
5.097857632555388591e+03
5.098045056511874463e+03
5.098252137504519851e+03
5.098369670462572685e+03
5.098396266887432830e+03
5.098407038989357716e+03
5.098454942118537474e+03
5.098484995836583039e+03
5.098509367501810630e+03
5.098515525982501458e+03
5.098724468117859033e+03
5.098765882727914686e+03
5.098771992115902322e+03
5.098820086558439471e+03
5.098845237159041062e+03
5.098946659853046185e+03
5.098967021770425163e+03
5.098968425854157431e+03
5.098980273616472914e+03
5.099096070267258256e+03
5.099144831927450468e+03
5.099148844283837207e+03
5.099170521476276008e+03
5.099310462542557616e+03
5.099369355826264837e+03
5.099372796537086288e+03
5.099475537055876885e+03
5.099608275909133226e+03
5.099647817854274763e+03
5.099682888594154974e+03
5.099789842789049544e+03
5.099961431482240187e+03
5.100014437168293625e+03
5.100092122510126501e+03
5.100748636080248616e+03
5.100756528510845783e+03
5.100801298010299433e+03
5.100818623353904513e+03
5.100825298666176423e+03
5.100950194241519966e+03
5.101040537773048527e+03
5.101081271966486383e+03
5.101311193435803943e+03
5.101806612110522110e+03
5.101934832889410245e+03
5.101954894707562744e+03
5.102226092364195210e+03
5.102604362767892781e+03
5.102976962148926759e+03
5.102998132457571046e+03
5.103052500776780107e+03
5.103216840868315558e+03
5.103371694799612669e+03
5.103380833856819663e+03
5.103510788043267894e+03
5.103634581032880305e+03
5.103881067682606954e+03
5.103907584093877631e+03
5.104084244176829998e+03
5.104123150407287540e+03
5.104292246938270182e+03
5.104310207755016563e+03
5.104441026845539454e+03
5.104551895251550377e+03
5.104566741447447384e+03
5.104676275432609145e+03
5.104722183335014961e+03
5.104956818935957926e+03
5.104984868018148518e+03
5.105013328121317500e+03
5.105079225077297451e+03
5.105265815267493963e+03
5.105338467003847654e+03
5.105464209279592978e+03
5.105504962936228367e+03
5.105709676077821314e+03
5.105763159922054001e+03
5.105829801722549746e+03
5.105858784089075925e+03
5.106156753513754666e+03
5.106295494526885705e+03
5.106492206992375031e+03
5.106628124131432742e+03
5.106696861869315399e+03
5.106786467138130320e+03
5.106842298206286614e+03
5.107013272618632982e+03
5.107450322244004383e+03
5.107587422696889917e+03
5.107824986005416577e+03
5.107871636634698916e+03
5.108171130775263919e+03
5.108186295195169805e+03
5.108457094648961174e+03
5.108589511420092094e+03
5.108726285576692135e+03
5.108757252148340740e+03
5.109467864718400051e+03
5.109470248922963947e+03
5.109490685163879789e+03
5.109690573874604524e+03
5.110003109357687208e+03
5.110093146763128971e+03
5.110119032237315878e+03
5.110153311249900980e+03
5.110229358500026137e+03
5.110285540677960853e+03
5.110590676354220705e+03
5.110982914752660690e+03
5.111024062987065918e+03
5.111245784137601731e+03
5.111427813476858319e+03
5.111479243496790332e+03
5.111492166597435244e+03
5.111716853644931689e+03
5.111898391492281007e+03
5.112038636723476884e+03
5.112072126483185457e+03
5.112133718436900381e+03
5.112250063605919422e+03
5.112443958868335358e+03
5.112605577379908027e+03
5.112638321085898497e+03
5.112920227891829200e+03
5.112925264847059225e+03
5.113001619990744075e+03
5.113460238918780306e+03
5.113494341323652407e+03
5.113637767677115335e+03
5.113657649939923431e+03
5.113921307573746162e+03
5.113938443166573052e+03
5.114086211769720649e+03
5.114204521423970618e+03
5.114248267404696890e+03
5.114369406440227067e+03
5.114403559682757987e+03
5.114499641936697117e+03
5.114549210668181331e+03
5.114666468851555692e+03
5.114714966480966723e+03
5.114783625008726631e+03
5.115408321909814731e+03
5.115480762932694233e+03
5.115608954084953439e+03
5.115832374779784914e+03
5.115891532446110432e+03
5.115944877651884781e+03
5.116049462426605714e+03
5.116132538384615145e+03
5.116166054528149289e+03
5.116191789765273825e+03
5.116211877704370636e+03
5.116387886629945569e+03
5.116427815833091699e+03
5.116590205898504792e+03
5.116953282277356266e+03
5.117258035114396080e+03
5.117277548624954761e+03
5.117543779084773632e+03
5.117585691184073767e+03
5.117641360166491722e+03
5.117668897628314880e+03
5.117741823604677847e+03
5.117820892167231250e+03
5.118010893900707742e+03
5.118261799587420683e+03
5.118332123540680186e+03
5.118801640410590153e+03
5.118808691665914921e+03
5.118893372395989900e+03
5.118907820949461893e+03
5.118976209262287739e+03
5.119020596981941708e+03
5.119034868262981036e+03
5.119095411100388446e+03
5.119152413696730036e+03
5.119353783221410595e+03
5.119356723329293345e+03
5.119421329822944244e+03
5.119569798380245629e+03
5.119582315410497358e+03
5.119794270934863562e+03
5.119813661191801657e+03
5.120054165945302884e+03
5.120461870422817810e+03
5.120550888930639303e+03
5.120710325039300187e+03
5.120825087577040904e+03
5.120834347816320587e+03
5.121010567599349088e+03
5.121086284208975485e+03
5.121273993235797207e+03
5.121579945444409532e+03
5.121754648901268411e+03
5.121783255778824241e+03
5.121807601775639341e+03
5.122052483040802144e+03
5.122095130381602758e+03
5.122427354016534082e+03
5.122558966262873582e+03
5.122593697037138554e+03
5.122596012763366161e+03
5.122615276393126805e+03
5.122810218992590308e+03
5.123313592706666896e+03
5.123385020829276073e+03
5.123489180096071323e+03
5.123553365463223599e+03
5.123911421833638087e+03
5.123995787382208619e+03
5.124347774737414511e+03
5.124417617405387318e+03
5.124436264420320185e+03
5.124457419278575799e+03
5.124547176853790916e+03
5.124694589486198311e+03
5.124714375606383328e+03
5.125092927174980105e+03
5.125347031273448920e+03
5.125509736050581523e+03
5.125693399762218178e+03
5.126041372114390470e+03
5.126093625319263083e+03
5.126119410993889687e+03
5.126202124234183430e+03
5.126204396544429073e+03
5.126207944399241569e+03
5.126328442343666211e+03
5.126356855297954098e+03
5.126357104074403651e+03
5.126785769675380834e+03
5.126872901188328797e+03
5.127145887554866022e+03
5.127155969384763921e+03
5.127187331016064491e+03
5.127339651970140039e+03
5.127706937471778474e+03
5.127963441232461264e+03
5.128297228995531441e+03
5.128345162553689079e+03
5.128578619687637001e+03
5.128661893649193189e+03
5.129015950065338984e+03
5.129043616978542559e+03
5.129110733552977763e+03
5.129310890304944223e+03
5.130337451734946626e+03
5.130422443871259020e+03
5.130529738965409706e+03
5.130637109406064155e+03
5.130965877436733535e+03
5.130982849659570093e+03
5.131100740644670623e+03
5.131251217998611537e+03
5.131480265554321704e+03
5.131525678551733108e+03
5.131618042185258673e+03
5.131639689002825435e+03
5.131761976671756202e+03
5.132133754594537095e+03
5.132203587350372800e+03
5.132455997197398574e+03
5.132806180006491559e+03
5.132933368517217787e+03
5.133028591578566193e+03
5.133096689063723716e+03
5.133181725582199761e+03
5.133264182579545377e+03
5.133470697715448296e+03
5.133633046256525631e+03
5.133635775048809592e+03
5.133831167546745746e+03
5.133967737675365242e+03
5.134398961842588506e+03
5.134456820800553032e+03
5.134593756654602657e+03
5.134668838942000548e+03
5.134755611490410047e+03
5.134760398257415545e+03
5.134780053197251618e+03
5.135221218709079949e+03
5.135270121141968048e+03
5.135448791560184873e+03
5.135558408646037606e+03
5.135728299056026117e+03
5.136075532045972977e+03
5.136097997219260833e+03
5.136109428534068684e+03
5.136483634487160089e+03
5.136659028548770948e+03
5.136723242005969951e+03
5.136822283937694920e+03
5.136866336838416828e+03
5.136973881675086886e+03
5.137172409179083843e+03
5.137260988189132149e+03
5.137291391044475859e+03
5.137354640650086367e+03
5.137417131015677114e+03
5.137471171597260764e+03
5.137471183388150166e+03
5.137790032891405644e+03
5.137832994401042015e+03
5.138153159457563561e+03
5.138212809758355434e+03
5.138518851540675314e+03
5.138570479380890902e+03
5.138671516164491550e+03
5.138941667599763605e+03
5.139049078163300692e+03
5.139737037260063516e+03
5.139858524528257476e+03
5.139885681229789952e+03
5.139965578212037144e+03
5.139976951749903492e+03
5.140110804632900908e+03
5.140178247949696015e+03
5.140310884167606673e+03
5.140521106891780619e+03
5.140528366978593112e+03
5.140570612648441966e+03
5.140691160456189209e+03
5.140906138533227022e+03
5.141035003176155442e+03
5.141339931613197223e+03
5.141580449429460714e+03
5.141586319010247280e+03
5.141637141705290560e+03
5.141817352119105635e+03
5.141913057194747125e+03
5.142184907064684921e+03
5.142315276321070996e+03
5.142323676455812347e+03
5.143122376805915337e+03
5.143472652121851752e+03
5.143652893693596525e+03
5.143846404682263710e+03
5.143941228023494659e+03
5.144136103520275356e+03
5.144160738329373089e+03
5.144224129945328059e+03
5.144245192421180036e+03
5.144426351412048461e+03
5.144640632138536603e+03
5.144702563023495713e+03
5.144956476175588250e+03
5.145196346598189848e+03
5.145289497939088506e+03
5.145292704454163868e+03
5.145330047752379869e+03
5.145770558019800774e+03
5.146218238119160560e+03
5.146457999256474068e+03
5.146478906053416722e+03
5.146965202478356332e+03
5.147001640304255488e+03
5.147492859415173371e+03
5.147655622847896666e+03
5.147748059316668332e+03
5.147772718202967553e+03
5.147847190149363087e+03
5.148061426318663507e+03
5.148168713342452975e+03
5.148271585189049802e+03
5.148325274075133166e+03
5.148363724175511379e+03
5.148371042530393424e+03
5.148457176689777953e+03
5.148492100701232630e+03
5.148548598380487419e+03
5.148639583582551495e+03
5.148775893528933921e+03
5.148849643748839298e+03
5.149014436939364714e+03
5.149302180368480549e+03
5.149511199156025214e+03
5.149748992811848439e+03
5.150137458455639717e+03
5.150432058361840063e+03
5.150686260557560672e+03
5.150721540767029182e+03
5.150938501480703962e+03
5.151261130151542602e+03
5.151271138552958291e+03
5.151336726594169704e+03
5.151429942353456681e+03
5.151759510206132290e+03
5.151873240897156393e+03
5.152250304276336465e+03
5.152260452602944497e+03
5.152559356271448451e+03
5.152568253905108577e+03
5.152593273154391682e+03
5.152782489743478436e+03
5.152826327480760483e+03
5.152828944080237306e+03
5.152842340162253095e+03
5.153487978490965361e+03
5.153589513938065465e+03
5.153685132089152830e+03
5.153863161238249631e+03
5.154041108139661446e+03
5.154152135953318975e+03
5.154262211466423651e+03
5.154698628766521324e+03
5.154728005646734346e+03
5.154937037935354965e+03
5.154949696348166071e+03
5.155044961308007260e+03
5.155193549283272660e+03
5.155499909250594101e+03
5.155543962521835056e+03
5.155564715445168076e+03
5.155880154693868462e+03
5.156195585910572845e+03
5.156243799249576114e+03
5.156876679329315266e+03
5.157028226906424607e+03
5.157096366946805574e+03
5.157310643328022707e+03
5.157315745937846259e+03
5.157331931428043390e+03
5.157478190370898119e+03
5.157481007255559234e+03
5.157642854608966445e+03
5.157949563336531355e+03
5.158028877503987133e+03
5.158200544324563452e+03
5.158344669219138268e+03
5.158586145304802812e+03
5.158712944300820709e+03
5.158892339968622764e+03
5.158924226044410716e+03
5.159384934914684891e+03
5.159558607115624000e+03
5.159562060848367764e+03
5.159598190551395419e+03
5.159828657491187187e+03
5.160014589946089473e+03
5.160064799125350874e+03
5.160104809154580835e+03
5.160175209024971991e+03
5.160379080678268110e+03
5.160570646019981723e+03
5.160678263305203473e+03
5.161110987496972484e+03
5.161145604055464901e+03
5.161466168607532381e+03
5.161784593415159179e+03
5.161841675463118918e+03
5.162029757830110611e+03
5.162259040623840519e+03
5.162480346380270930e+03
5.162485675819270000e+03
5.162499857246561078e+03
5.162610124842542973e+03
5.162840529541570504e+03
5.162888966385404274e+03
5.162978228183847932e+03
5.163022487037022984e+03
5.163035305869707372e+03
5.163306922901651888e+03
5.163423904732771007e+03
5.163559961919690977e+03
5.163653536532672661e+03
5.163889635000430644e+03
5.163936840031667089e+03
5.163970459633659630e+03
5.164011572206458368e+03
5.164348162316814523e+03
5.164623211578642440e+03
5.164633196133536330e+03
5.164698947945224063e+03
5.164855599713599986e+03
5.165146064950556138e+03
5.165215531283181917e+03
5.165347376198593338e+03
5.165399491316530657e+03
5.165541129305838695e+03
5.165634204678807691e+03
5.165636623742275333e+03
5.165728446810034256e+03
5.165743490469773860e+03
5.165995648541433184e+03
5.166183999505063184e+03
5.166211056165271657e+03
5.166610771911137817e+03
5.166827434064131921e+03
5.166875658505751744e+03
5.166983738079720752e+03
5.167008099820272037e+03
5.167107829429413869e+03
5.167117719750985088e+03
5.167131770725562092e+03
5.167290788047492242e+03
5.167385074937460558e+03
5.167419493251509266e+03
5.168054128650316670e+03
5.168158624406310992e+03
5.168242693993887769e+03
5.168422481832537414e+03
5.168893403397043585e+03
5.168946126157513390e+03
5.169054383661376960e+03
5.169055047400200237e+03
5.169110299027444853e+03
5.169126199606987029e+03
5.169243519407984422e+03
5.169595151120211995e+03
5.169641685709600097e+03
5.169770562321999023e+03
5.169803453046625691e+03
5.170053557577979518e+03
5.170071269414021117e+03
5.170107010691413961e+03
5.170299537589802640e+03
5.170580831354011934e+03
5.170615502085992375e+03
5.170634047665499565e+03
5.171052011060823133e+03
5.171177546290407008e+03
5.171728617895984826e+03
5.171952467417274420e+03
5.171962217710815821e+03
5.172213728934680148e+03
5.172411191401200995e+03
5.172801405099541626e+03
5.172819765734931025e+03
5.172950272057718394e+03
5.173014983778182796e+03
5.173113508884355724e+03
5.173189044425568682e+03
5.173242035608499464e+03
5.173623177626238430e+03
5.173655217146538234e+03
5.173770912768979542e+03
5.173822242683048898e+03
5.173823581485665272e+03
5.174268620066030053e+03
5.174293835113696332e+03
5.174614704593658644e+03
5.175040187144772972e+03
5.175168526970393941e+03
5.175301853632311577e+03
5.175395690587894933e+03
5.175692142227591830e+03
5.175740789256384232e+03
5.175874378349330073e+03
5.175909463059641894e+03
5.176061598755753039e+03
5.176619212249333941e+03
5.176798686157972952e+03
5.176839327288634195e+03
5.177007202159818917e+03
5.177095098746244730e+03
5.177239599759577686e+03
5.177347708780782341e+03
5.177557421563486059e+03
5.177675285379415072e+03
5.177902636676684779e+03
5.178130570027050453e+03
5.178187954001122307e+03
5.178237415657336896e+03
5.178522951654930694e+03
5.178693552613793145e+03
5.179069166755654805e+03
5.179303535318008471e+03
5.179708591968445035e+03
5.180269086924452495e+03
5.180321165632369230e+03
5.180552412590375752e+03
5.180802599924926653e+03
5.181209154276643858e+03
5.181250811308699667e+03
5.181328482923964657e+03
5.181533632262490755e+03
5.181538125787102217e+03
5.181675544529391118e+03
5.181764818518493485e+03
5.181886460292141237e+03
5.182099876230548034e+03
5.182262281518072996e+03
5.182465527482219841e+03
5.182497338936975211e+03
5.182693269072683506e+03
5.182865450553284973e+03
5.182969443724687153e+03
5.183433374227306558e+03
5.183575551854120022e+03
5.183618413000614055e+03
5.183680592591305867e+03
5.184232622178073143e+03
5.184258200003703678e+03
5.184288315951906043e+03
5.184388438658473206e+03
5.184490738006036736e+03
5.184525773502522497e+03
5.184535648981367558e+03
5.184555287555846917e+03
5.184633481831079735e+03
5.184693317356262014e+03
5.184878378724871254e+03
5.185175487275516389e+03
5.185227018095642052e+03
5.185244893467012844e+03
5.185382163548112658e+03
5.185558627885326132e+03
5.185730670065970116e+03
5.185833606968359163e+03
5.185836272347136401e+03
5.186143281230439243e+03
5.186676549544754380e+03
5.186908806179631938e+03
5.186950638713891749e+03
5.187060148651967211e+03
5.187075366057271822e+03
5.187257992182879207e+03
5.187285127665638356e+03
5.187382947544933813e+03
5.187523550472350507e+03
5.187555589774977307e+03
5.187592802599669085e+03
5.187654299825405360e+03
5.187714033814579125e+03
5.187824947556101506e+03
5.187988395962646791e+03
5.188124040487668026e+03
5.188208921446531349e+03
5.188337067826235398e+03
5.188537813201823155e+03
5.188562700263508304e+03
5.188684308063253411e+03
5.188697571552929730e+03
5.188794964114862523e+03
5.188864578495511523e+03
5.188960328806443613e+03
5.189038842144049340e+03
5.189091287205471417e+03
5.189283427416427912e+03
5.189392365703993164e+03
5.189610270403316463e+03
5.189800937156809596e+03
5.190007921639468805e+03
5.190133613865006737e+03
5.190158864915144477e+03
5.190292654623122871e+03
5.190527267175069028e+03
5.190651046007502373e+03
5.190736613949303319e+03
5.190781686272611296e+03
5.191000614718495854e+03
5.191166270391246144e+03
5.191177105083979768e+03
5.191213580890742378e+03
5.191533641903522948e+03
5.191631250688456930e+03
5.191914868147710877e+03
5.192162516046957535e+03
5.192176494338643352e+03
5.192291282430026513e+03
5.192307673095921928e+03
5.192506631768685111e+03
5.192514512057920911e+03
5.192708043786129565e+03
5.193000003363463293e+03
5.193109012765224179e+03
5.193158870802601996e+03
5.193226982461067564e+03
5.193529215495638709e+03
5.193774077657928501e+03
5.193798763003773274e+03
5.193875481196565488e+03
5.193920396793770124e+03
5.194098272752700723e+03
5.194200112683637599e+03
5.194281029466276777e+03
5.194353711111783923e+03
5.194368672138460170e+03
5.194463317775324867e+03
5.194559803996305163e+03
5.194661781218956094e+03
5.194679650585672789e+03
5.194749448545917403e+03
5.194853415262862654e+03
5.194965239843287236e+03
5.195221598747691132e+03
5.195401925818319796e+03
5.195497563916880608e+03
5.195946086040254158e+03
5.195955911678913253e+03
5.196430723592105096e+03
5.196520954893888302e+03
5.196531171074549093e+03
5.196558556916971611e+03
5.196696549681081706e+03
5.197064207488995635e+03
5.197117269296072664e+03
5.197400663368037385e+03
5.197496222867125653e+03
5.197571469632012850e+03
5.197655394489379432e+03
5.197684352138238864e+03
5.197785463186330162e+03
5.197934832525410457e+03
5.198203662419705324e+03
5.198423765369149805e+03
5.198731029314330954e+03
5.198893949024317408e+03
5.198970288044719382e+03
5.199077474510656430e+03
5.199328287600106705e+03
5.199421429418236585e+03
5.199458307309449083e+03
5.199680915623963301e+03
5.199813474579712420e+03
5.199995344549573019e+03
5.200025400433804862e+03
5.200132437680869771e+03
5.200255152712640665e+03
5.200348000203465745e+03
5.200462582839884817e+03
5.200769481035102217e+03
5.200839144144943930e+03
5.201037836617743778e+03
5.201112506546443910e+03
5.201367643378038338e+03
5.201567343766493650e+03
5.201652885474905815e+03
5.201893596921604512e+03
5.202116012972544922e+03
5.202221806713303522e+03
5.202313240557063182e+03
5.202502211985384747e+03
5.202564396616834529e+03
5.202633923667584895e+03
5.202736885588990845e+03
5.202783411138441807e+03
5.203168152975709745e+03
5.203194892818329208e+03
5.203204112481356788e+03
5.203471438498230782e+03
5.203562130250599694e+03
5.203633082838154223e+03
5.203949931305054633e+03
5.204052991369641859e+03
5.204073996111269480e+03
5.204142179128432872e+03
5.204411683026462015e+03
5.204637176559605905e+03
5.204731234634874454e+03
5.204746620440355400e+03
5.204955416109118232e+03
5.205064539039452939e+03
5.205254347215653979e+03
5.205285997418213810e+03
5.205341344078697148e+03
5.205394176246556526e+03
5.205545374626042758e+03
5.205703923548402599e+03
5.206081582870945567e+03
5.206219758538075439e+03
5.206411127437262621e+03
5.206564984239467776e+03
5.206572858303106841e+03
5.206628559152384696e+03
5.207019398433692004e+03
5.207366559217706708e+03
5.207591060362372446e+03
5.207779132417679648e+03
5.207783074729368309e+03
5.207845035548163651e+03
5.207846320155636022e+03
5.207963403700150593e+03
5.208027028744065319e+03
5.208082115919903117e+03
5.208137816132025364e+03
5.208240117977750742e+03
5.208317909483458607e+03
5.208341255131716935e+03
5.208586221494469100e+03
5.208821060436262997e+03
5.208960883432996525e+03
5.209258410387565164e+03
5.209446312665254482e+03
5.209460282796123465e+03
5.209595868949452779e+03
5.209710159058521640e+03
5.209904455412599418e+03
5.209917800014442037e+03
5.209968515961447338e+03
5.210138726831076383e+03
5.210332401646279322e+03
5.210373281344821407e+03
5.210625064351685978e+03
5.211214069093713078e+03
5.211481529790256900e+03
5.211488285531520887e+03
5.211564151376577684e+03
5.211677592568426007e+03
5.211818011450228369e+03
5.212314835414385925e+03
5.212340066739166105e+03
5.212343369476376211e+03
5.212419604035936572e+03
5.212517683233932075e+03
5.212592352608548026e+03
5.212710232326625373e+03
5.213011560724777155e+03
5.213030322061323204e+03
5.213124952165496325e+03
5.213466871651814472e+03
5.213531426414534508e+03
5.213664470820586757e+03
5.213937078443386781e+03
5.214230271647315931e+03
5.214324231192691514e+03
5.214416298922069473e+03
5.214482765394817761e+03
5.214665780286867630e+03
5.214689104488288649e+03
5.215252966561325593e+03
5.215269161411804816e+03
5.215401187439229943e+03
5.215530203682154934e+03
5.215820380035517701e+03
5.215936924200172143e+03
5.216088323855321505e+03
5.216168873886890651e+03
5.216207546912388352e+03
5.216515513394022491e+03
5.216824062764731025e+03
5.216923255088092446e+03
5.217118311920821725e+03
5.217320663745425918e+03
5.217365449512426494e+03
5.217405401610173612e+03
5.217608116823693308e+03
5.217620415915711419e+03
5.217646996572369062e+03
5.217882038345220280e+03
5.218040015622083956e+03
5.218054203799086281e+03
5.218281310435284468e+03
5.218343232294635527e+03
5.218503501004109239e+03
5.218726155067078253e+03
5.218731249650111749e+03
5.218821556175006663e+03
5.219294957496903407e+03
5.219357405471177117e+03
5.219444785180298823e+03
5.219646459422263433e+03
5.219697875001073953e+03
5.219992844726142721e+03
5.220220576534105021e+03
5.220258953845914220e+03
5.220320793197034618e+03
5.220992966397873715e+03
5.221165070065826512e+03
5.221291397418796805e+03
5.221293329406132216e+03
5.221312860214873581e+03
5.221417593433480761e+03
5.221449640195567554e+03
5.221475314010641341e+03
5.221483734239658588e+03
5.221543931507427260e+03
5.221678863130741775e+03
5.221801731984623075e+03
5.221881210494185325e+03
5.221968451027098126e+03
5.222086134742276954e+03
5.222203125651056325e+03
5.222485053966958731e+03
5.222515998005310394e+03
5.222531003067617348e+03
5.222768278225229551e+03
5.222813724531069056e+03
5.222978380005321924e+03
5.223094088292881679e+03
5.223346991386591981e+03
5.223402237124506428e+03
5.223651914042883618e+03
5.224208377126607957e+03
5.224273275456301235e+03
5.224304432529487713e+03
5.224349257541684892e+03
5.224750215080408452e+03
5.224856298280108604e+03
5.225016984340800263e+03
5.225052197778109985e+03
5.225060935009330933e+03
5.225072089567042894e+03
5.225082604881317820e+03
5.225110567353951410e+03
5.225581085215190797e+03
5.225661968008605982e+03
5.225709425125238340e+03
5.225980151541431042e+03
5.226128686842135721e+03
5.226153107422959692e+03
5.226164579736015185e+03
5.226539645785359426e+03
5.226871989556176231e+03
5.226931644382899321e+03
5.227102922885354019e+03
5.227184852182244867e+03
5.227325747750292066e+03
5.227451759432780818e+03
5.227895900041294226e+03
5.227939440068116710e+03
5.228143177532993832e+03
5.228146812344902173e+03
5.228577782128551007e+03
5.228625222389493501e+03
5.228689792706029039e+03
5.228745751365569049e+03
5.228932450332409644e+03
5.228997762007292295e+03
5.229577536403776321e+03
5.229745016459832186e+03
5.229884136358620708e+03
5.229947465804159037e+03
5.230086025593829618e+03
5.230118483932383242e+03
5.230268333097891627e+03
5.230287530829089519e+03
5.230491412749510346e+03
5.230685943830984797e+03
5.230844129974723728e+03
5.230905397188957068e+03
5.231021003338391893e+03
5.231208918855532829e+03
5.231312893925021854e+03
5.231430206637314768e+03
5.231431436894273247e+03
5.231468248364730243e+03
5.231613464665139873e+03
5.231730241724792904e+03
5.231832684388646157e+03
5.232039811385300709e+03
5.232083751252235743e+03
5.232109179353639774e+03
5.232292616533922228e+03
5.232419727324107043e+03
5.232589606593414828e+03
5.232716735132236863e+03
5.232761164733187798e+03
5.233724586920421643e+03
5.233900207716191289e+03
5.234052376339589500e+03
5.234068248016972575e+03
5.234554712165469937e+03
5.234679433630053609e+03
5.234733132259575541e+03
5.234741561143339823e+03
5.234920350320991929e+03
5.235245823437602667e+03
5.235265857439530919e+03
5.235651886677132097e+03
5.235766398584570197e+03
5.236100954090129562e+03
5.236228063381299762e+03
5.236378832086415969e+03
5.236589954324203063e+03
5.236620841064899651e+03
5.236644051717792536e+03
5.237195986863212966e+03
5.237441508877242086e+03
5.237884798761584534e+03
5.237979658987616858e+03
5.238003629124212239e+03
5.238114262627793323e+03
5.238211658076411368e+03
5.239267549856759615e+03
5.239342843715201525e+03
5.239500603908008088e+03
5.239601768019615520e+03
5.239656001594245026e+03
5.239779834990327799e+03
5.239835825780327468e+03
5.239876816273048462e+03
5.239934126927667421e+03
5.240271108483989337e+03
5.240349701811523119e+03
5.240528982148574869e+03
5.240530583612127884e+03
5.240568412840023484e+03
5.240592419575065833e+03
5.240874211005547295e+03
5.240894676999487274e+03
5.241118905853191791e+03
5.241124042813443339e+03
5.241139494785280476e+03
5.241141375322508793e+03
5.241239824480742755e+03
5.241551839153457877e+03
5.241562376031387430e+03
5.241745507611414723e+03
5.241949514470221402e+03
5.242218937246352652e+03
5.242326958286639638e+03
5.242645141854985923e+03
5.243101837907318441e+03
5.243114981315065052e+03
5.243171962442679614e+03
5.243364898389597329e+03
5.243449608983007238e+03
5.243466634464934941e+03
5.243578613578787554e+03
5.243708087692720255e+03
5.244337207010914426e+03
5.244343307938792350e+03
5.244624959666143695e+03
5.244676121568186318e+03
5.244749812459724126e+03
5.244813013871742442e+03
5.244862536591806929e+03
5.244930327628173472e+03
5.245005199016664847e+03
5.245107007879435514e+03
5.245515800428642251e+03
5.245794535369231198e+03
5.245796548369771699e+03
5.246000585102651712e+03
5.246048828381226485e+03
5.246254813450424081e+03
5.246540844674980690e+03
5.246574343492513435e+03
5.246634725305415486e+03
5.246641772320482232e+03
5.246668014936371947e+03
5.246781755992825310e+03
5.246833554369374724e+03
5.246887149423052506e+03
5.246896757361509117e+03
5.247158021107641616e+03
5.247491614834214488e+03
5.247856301671480651e+03
5.247964453078678162e+03
5.248329660248696200e+03
5.248451720345962713e+03
5.248810442821879406e+03
5.248877993412551405e+03
5.248912442391856530e+03
5.249032852676318726e+03
5.249139241045263589e+03
5.249230996056904587e+03
5.249450524706203396e+03
5.249547068110324290e+03
5.249579409719104660e+03
5.249677229507786251e+03
5.250199992066815867e+03
5.250203122441643245e+03
5.250233847282180250e+03
5.250321096212182965e+03
5.250402864127433531e+03
5.250416330401465530e+03
5.250619374600470110e+03
5.250671392106468375e+03
5.250684038780558694e+03
5.251103272026318336e+03
5.251123108612418946e+03
5.251311747941746034e+03
5.251508631416099888e+03
5.251749581141721137e+03
5.251752258737717966e+03
5.252027345407130269e+03
5.252242306399022709e+03
5.252346004407240798e+03
5.252455464986061088e+03
5.252485931917477501e+03
5.252646434547298668e+03
5.252655493574964567e+03
5.252701386468617784e+03
5.252768644154432877e+03
5.253293074687667286e+03
5.253331291954285007e+03
5.253407636620005178e+03
5.253538475010357615e+03
5.253538498282625369e+03
5.253600256984247608e+03
5.254215736588063919e+03
5.254274134284857610e+03
5.254355999486502697e+03
5.254481603876192821e+03
5.254612299223402260e+03
5.254626734402074362e+03
5.254692560220234554e+03
5.254894796654735728e+03
5.255188948767022339e+03
5.255507479890579816e+03
5.255519457236390735e+03
5.256018772555384203e+03
5.256053820569556592e+03
5.256076675384028022e+03
5.256145024317164825e+03
5.256171032060964535e+03
5.256323908831204790e+03
5.256491458977195180e+03
5.256536823373339757e+03
5.256574761204695278e+03
5.256664103888317186e+03
5.256678121358704630e+03
5.256841784901694155e+03
5.256912400384461762e+03
5.256918272691915263e+03
5.256973271792717242e+03
5.256998278113913329e+03
5.257080171917771622e+03
5.257262315684309215e+03
5.257561820837126106e+03
5.257675827809790462e+03
5.257724374228578199e+03
5.257862603017204492e+03
5.258186017210105092e+03
5.258596749653056577e+03
5.258622303461933370e+03
5.258638383541124313e+03
5.258839455591440128e+03
5.259065714346297682e+03
5.259256895219919897e+03
5.259320405946708888e+03
5.259346119269775954e+03
5.259726100659991062e+03
5.259789823208634516e+03
5.259803317977374718e+03
5.260087376317985218e+03
5.260110449152965884e+03
5.260539060095908098e+03
5.260571801074420364e+03
5.260634699894229925e+03
5.260655509338214870e+03
5.260738993856083653e+03
5.260807488293115057e+03
5.260898947585831593e+03
5.261246445850257260e+03
5.261289202981063681e+03
5.261374410059321235e+03
5.261387889493229522e+03
5.261429080641851215e+03
5.261483171863448661e+03
5.261697602727588674e+03
5.261702471268089539e+03
5.261806324802068957e+03
5.262398657780940994e+03
5.262843268694432481e+03
5.263108907542542511e+03
5.263121686849178332e+03
5.263144652052799756e+03
5.263273386295084492e+03
5.263364356113743270e+03
5.263432678701607074e+03
5.263578638174057232e+03
5.263692337978069190e+03
5.264198622702944704e+03
5.264214370040830545e+03
5.264226015561916938e+03
5.264300470353703531e+03
5.264374333102994569e+03
5.264383891221183148e+03
5.264617046504721657e+03
5.265041902447595021e+03
5.265114970592511781e+03
5.265288666425617521e+03
5.265349380442095935e+03
5.265460274893907808e+03
5.265494020829414694e+03
5.265559090750349242e+03
5.265568541849744179e+03
5.265623008884374030e+03
5.265655721751194505e+03
5.265655832680420644e+03
5.265723140060402329e+03
5.266205105732286029e+03
5.266264414595664675e+03
5.266851020414926097e+03
5.267036843075654360e+03
5.267249627903984219e+03
5.267301571410769611e+03
5.267362894760654854e+03
5.267432532364957297e+03
5.267442818532196725e+03
5.267486623931225040e+03
5.267595903579002879e+03
5.267852590031198815e+03
5.267951040856077270e+03
5.267982131711002694e+03
5.268179421212334091e+03
5.268410705165510080e+03
5.268417111946311707e+03
5.268508012455442440e+03
5.268586242752960970e+03
5.268756853081374175e+03
5.268774316129399267e+03
5.269008914268295484e+03
5.269515475887121283e+03
5.269587722855369066e+03
5.269632820054535841e+03
5.269780124607614198e+03
5.269914540183061945e+03
5.270261210260625376e+03
5.270571645942064606e+03
5.270640104665127183e+03
5.270658239208352825e+03
5.271308517375136034e+03
5.271628382018451703e+03
5.271724313391899159e+03
5.271921197555079743e+03
5.271997729166719182e+03
5.272081735837140513e+03
5.272378874911299135e+03
5.272449008056707498e+03
5.272473775253370150e+03
5.272486465665856485e+03
5.272525711767711982e+03
5.272679324630038536e+03
5.272730574465685095e+03
5.272921408030617386e+03
5.273045936277375404e+03
5.273091496433038628e+03
5.273412033488640191e+03
5.273541276904116785e+03
5.274056328991359806e+03
5.274507175424304478e+03
5.274602784264573529e+03
5.274699486670202532e+03
5.274815610639906481e+03
5.274829534033063283e+03
5.275108974841024974e+03
5.275151178150696978e+03
5.275258390600368330e+03
5.275278878181838081e+03
5.275332439242190958e+03
5.275536697517146422e+03
5.275728107511267808e+03
5.275781168906251878e+03
5.275790753609968306e+03
5.275845097248908132e+03
5.275883054525885200e+03
5.276042991790599444e+03
5.276095644902036838e+03
5.276215857227642118e+03
5.276582275708156885e+03
5.276663399142091293e+03
5.276875286326005153e+03
5.276988193942826911e+03
5.277131184233674503e+03
5.277205843914675825e+03
5.277453065930700177e+03
5.277506842122932539e+03
5.278042859956291068e+03
5.278194225962143719e+03
5.278203810272425471e+03
5.278480453049211974e+03
5.278502933255520475e+03
5.278535139247381267e+03
5.278651264585831086e+03
5.278664784121756384e+03
5.278750469070217150e+03
5.278839416438478111e+03
5.278858934016747298e+03
5.279036469004331593e+03
5.279048466409572029e+03
5.279140045565228320e+03
5.279187299868362061e+03
5.279413746740106944e+03
5.279513682959848666e+03
5.279553923840032439e+03
5.279660993168052300e+03
5.280106405652724789e+03
5.280163871700310665e+03
5.280447885892482191e+03
5.280542942657094500e+03
5.280735978949078344e+03
5.280784883080406871e+03
5.280868901833921882e+03
5.281028957548430299e+03
5.281051651034886163e+03
5.281145165690481917e+03
5.281178485315593207e+03
5.281387431660676157e+03
5.281673603109228679e+03
5.281879819059711735e+03
5.281903591645383131e+03
5.282004463857387236e+03
5.282228628276345262e+03
5.282244545234703764e+03
5.282347131642416571e+03
5.282356245332337494e+03
5.282371237289144119e+03
5.282418685591533176e+03
5.282442882714944972e+03
5.282719850776349631e+03
5.282771506671576390e+03
5.282773893112733276e+03
5.282822375098891825e+03
5.282840040931941985e+03
5.282850478917174769e+03
5.282874388891080343e+03
5.282886085139663919e+03
5.282910549645463107e+03
5.283123361108099743e+03
5.283161228192019735e+03
5.283192619989533341e+03
5.283246662149177610e+03
5.283285530830883545e+03
5.283485364826248770e+03
5.283869531094454942e+03
5.283877455156822180e+03
5.284355603902455186e+03
5.284393989744870851e+03
5.284536986895484915e+03
5.284579610391291681e+03
5.284588235726561834e+03
5.284646525802797441e+03
5.284745669936961349e+03
5.284889000067822963e+03
5.285081741414414864e+03
5.285230913967020570e+03
5.285399618549096886e+03
5.285683948841645361e+03
5.286090927013014152e+03
5.286101659218599707e+03
5.286547225891732523e+03
5.286735562347103951e+03
5.286807972785993115e+03
5.286845676857458784e+03
5.286921310020755300e+03
5.287142179176262289e+03
5.287206281998339364e+03
5.287217532833205041e+03
5.287506899679447997e+03
5.287516071891110187e+03
5.287692620565563629e+03
5.287701963716627688e+03
5.288014524031154906e+03
5.288019026006635613e+03
5.288041089073642070e+03
5.288182992178954009e+03
5.288416359345127603e+03
5.288522248931565628e+03
5.288717279567889818e+03
5.288736665801699928e+03
5.289013416192406112e+03
5.289021944958284621e+03
5.289121955568313751e+03
5.289127939414097455e+03
5.289155095564199655e+03
5.289373716228486046e+03
5.289473432843726187e+03
5.289760130641331671e+03
5.290089731179834416e+03
5.290136459672187812e+03
5.290148336083182585e+03
5.290619867243734006e+03
5.290688416750708711e+03
5.290721807259055822e+03
5.290930603372044061e+03
5.290933508354627520e+03
5.291361849922042893e+03
5.291482685826043053e+03
5.291734538516941029e+03
5.291953051883368971e+03
5.291968930824975359e+03
5.292121835075901799e+03
5.292207380285010004e+03
5.292289318799199464e+03
5.292325885187897256e+03
5.292345938658047089e+03
5.292617144021221975e+03
5.292707947115033676e+03
5.292790132045756764e+03
5.293211781757922836e+03
5.293392601981904591e+03
5.293409015505335447e+03
5.293494678615942576e+03
5.293672091061951505e+03
5.293699773363703571e+03
5.293879013112218672e+03
5.294078009389705585e+03
5.294255696189713490e+03
5.294278535283904603e+03
5.294331296524201207e+03
5.294453867479612200e+03
5.294545002561038018e+03
5.294591210741486975e+03
5.295143719583451457e+03
5.295239142516024003e+03
5.295350516738125407e+03
5.295475770680341157e+03
5.295477781944216986e+03
5.295478174234138351e+03
5.295579917842725081e+03
5.295598542199071744e+03
5.295632502154780923e+03
5.295737444546386541e+03
5.295848519466600919e+03
5.295861927891048254e+03
5.295940731834472899e+03
5.296428758551875035e+03
5.296456700150454708e+03
5.296492896918607585e+03
5.296576449251730082e+03
5.297163959900540249e+03
5.297266462750001665e+03
5.297359051681491110e+03
5.297551934157719188e+03
5.297685254101634200e+03
5.297855986400986694e+03
5.297923328480837881e+03
5.298081834828651154e+03
5.298249389558115581e+03
5.298325130180656743e+03
5.298694657332637689e+03
5.298780150864085044e+03
5.298898768919670147e+03
5.298995353102343870e+03
5.299094696851211665e+03
5.299166950703277507e+03
5.299397824061729807e+03
5.299578877296738028e+03
5.299756963217363591e+03
5.299854999855177084e+03
5.299912957257721246e+03
5.300342571571659391e+03
5.300598926943505830e+03
5.300759234813640433e+03
5.300761201486729988e+03
5.300924435306346822e+03
5.301154079585629916e+03
5.301191323897934126e+03
5.301298344608494517e+03
5.301368423357001120e+03
5.301499664941108676e+03
5.301837212839808672e+03
5.302338385033312079e+03
5.302548728729299910e+03
5.302744459924827424e+03
5.302988382841889688e+03
5.302997491348495714e+03
5.303497861389379068e+03
5.304187178520821362e+03
5.304245126986061223e+03
5.304332849593278297e+03
5.304383559094439988e+03
5.304433762835946254e+03
5.304467260388818431e+03
5.304488249507932778e+03
5.304637786651960596e+03
5.304653050109851392e+03
5.304774501642724317e+03
5.304997629760765449e+03
5.305074249997413062e+03
5.305378815034898253e+03
5.305551807090464536e+03
5.305805020793986841e+03
5.305822789278650816e+03
5.305857450145380426e+03
5.305886028785113012e+03
5.305930239570761842e+03
5.306027780124739365e+03
5.306066135577719251e+03
5.306355655512646081e+03
5.306580562894833747e+03
5.306667932409734021e+03
5.306802259402863456e+03
5.306902260330853096e+03
5.306906604198687091e+03
5.306932636798820567e+03
5.306955488623890233e+03
5.307086858980074794e+03
5.307443754672473915e+03
5.307631619344175306e+03
5.307670162393626015e+03
5.307769197454299501e+03
5.307933317864117271e+03
5.307939652558080525e+03
5.307962933394542233e+03
5.308016258284593277e+03
5.308103110935576296e+03
5.308653142937482698e+03
5.308686840857474635e+03
5.308688323620907795e+03
5.308999940299098853e+03
5.309340925471583432e+03
5.309387913326377202e+03
5.309422610619475563e+03
5.309685979355920608e+03
5.309755012497088501e+03
5.309771698330667277e+03
5.309782438600616842e+03
5.309878935845320484e+03
5.310038868736785844e+03
5.310056016303579781e+03
5.310085329620788798e+03
5.310240744390583131e+03
5.310383701838912202e+03
5.310410958519784799e+03
5.310502475095429872e+03
5.310532731146266087e+03
5.310619277408185553e+03
5.310749135047173695e+03
5.310908584961383895e+03
5.311134301510399382e+03
5.311600565043390816e+03
5.311670460622670362e+03
5.311800722870157188e+03
5.311913762970912103e+03
5.312090453973796684e+03
5.312114791476896244e+03
5.312265849342065849e+03
5.312328091747621329e+03
5.312483047697171060e+03
5.312577992286600420e+03
5.312619699769459658e+03
5.312726004427155203e+03
5.312778628133850361e+03
5.312921157757656147e+03
5.313257002039884355e+03
5.313372177540882149e+03
5.313500153095703354e+03
5.313516477518171087e+03
5.313632679856073082e+03
5.313735229413593515e+03
5.313762316663084675e+03
5.313763279585978125e+03
5.313950628900084666e+03
5.314236840548322107e+03
5.314787671241819226e+03
5.314915967365473080e+03
5.314964720406987908e+03
5.315181506756201088e+03
5.315184891579631767e+03
5.315318360176380338e+03
5.315472607881636577e+03
5.315517720535153785e+03
5.315651924461700219e+03
5.315716619333059498e+03
5.315917750680212521e+03
5.316073620232494250e+03
5.316096063985810360e+03
5.316279764502573016e+03
5.316319532190866084e+03
5.316531083195342944e+03
5.316545921163163257e+03
5.316656583742702423e+03
5.316683429710904420e+03
5.316795100398466275e+03
5.316822230331486026e+03
5.316892558052586537e+03
5.316960042817966496e+03
5.317067787598325594e+03
5.317356851573676977e+03
5.317560118978725768e+03
5.317624689235934966e+03
5.317669559199260220e+03
5.317759413247941666e+03
5.317860836291730266e+03
5.317951037822088438e+03
5.318274734968491430e+03
5.318288187171302525e+03
5.318628437499714892e+03
5.318661087929149289e+03
5.318825997976276994e+03
5.319177429928985475e+03
5.319387115819766223e+03
5.319397253002331126e+03
5.319464604761569717e+03
5.319839015907346038e+03
5.319982708750192614e+03
5.320222774708088764e+03
5.320297594048499377e+03
5.320498650079326580e+03
5.320603596544260654e+03
5.320925073532935130e+03
5.321016493087920935e+03
5.321026903599426987e+03
5.321028178419630422e+03
5.321412541504261753e+03
5.321443885340217093e+03
5.321527530372864931e+03
5.321972613476665174e+03
5.322109371646828549e+03
5.322178259842856278e+03
5.322258788988531705e+03
5.322527843067288813e+03
5.322590011594287716e+03
5.322653711488546833e+03
5.322712914861791432e+03
5.322761148736639370e+03
5.322790284860256179e+03
5.322893740346687082e+03
5.323049585734929678e+03
5.323111848595007359e+03
5.323128802275867201e+03
5.323370158563095174e+03
5.323566038007455063e+03
5.323995429851278459e+03
5.324024964754604298e+03
5.324401094690661012e+03
5.324716683662521973e+03
5.324848651638502815e+03
5.325010229384070954e+03
5.325236452936200294e+03
5.325291977900131315e+03
5.325319404939729793e+03
5.325412279607403434e+03
5.325469089533073202e+03
5.325481460496942418e+03
5.325623831258873906e+03
5.325660814785122056e+03
5.325677377942147359e+03
5.325787997230284418e+03
5.325983018139390879e+03
5.326328108747978149e+03
5.326379159567337410e+03
5.326386534829682205e+03
5.327060010587345459e+03
5.327264807143166763e+03
5.327441538452786517e+03
5.327534010002273135e+03
5.327735728675277642e+03
5.327874225004521577e+03
5.327995010789625667e+03
5.328136931807959627e+03
5.328160196402908696e+03
5.328488091836788044e+03
5.328800344916292488e+03
5.328812016966985539e+03
5.328956961215848423e+03
5.329104930134918504e+03
5.329390798285491655e+03
5.329637534174059510e+03
5.329676471293104441e+03
5.329871670523926696e+03
5.329985239238794748e+03
5.330103508205526850e+03
5.330390248952369802e+03
5.330544368786191626e+03
5.330672831864242653e+03
5.330695200052921791e+03
5.330797351171104310e+03
5.331036662300930402e+03
5.331302231582965760e+03
5.331471051145360434e+03
5.331695908012125983e+03
5.331750589705411585e+03
5.331841922222596622e+03
5.332055175681388391e+03
5.332169600690046536e+03
5.332414493403357483e+03
5.332416649594373666e+03
5.332429262919672510e+03
5.332458080608995260e+03
5.332598694286028149e+03
5.332669451540244154e+03
5.332910238539716374e+03
5.333382990848227564e+03
5.333427067154621909e+03
5.333566637973461184e+03
5.333573836240564560e+03
5.333662094476789207e+03
5.333741177039280046e+03
5.333767995324677031e+03
5.333809750724362857e+03
5.333989057479500843e+03
5.334244389325588600e+03
5.334504362387885521e+03
5.334613890888897004e+03
5.334658525520421790e+03
5.334709738545348046e+03
5.334751690784807579e+03
5.334876495882268500e+03
5.334902561981448343e+03
5.334979259636932511e+03
5.335391974340679553e+03
5.335460493598166067e+03
5.335473646335218291e+03
5.335498852017665740e+03
5.335580268302665900e+03
5.335865469192781347e+03
5.336063759346288862e+03
5.336368893913417196e+03
5.336676579724230578e+03
5.336687500503103365e+03
5.336703252916448946e+03
5.336778899097385874e+03
5.337008028492685298e+03
5.337110467459526262e+03
5.337166871628791341e+03
5.337385448677619934e+03
5.337859496130741718e+03
5.337895674994484580e+03
5.337903817463809901e+03
5.337971909952170790e+03
5.338036819414725869e+03
5.338171320039807142e+03
5.338181611959586917e+03
5.338190317813090587e+03
5.338468124911949417e+03
5.338613493399107938e+03
5.338997512154951437e+03
5.339129792120204002e+03
5.339150331667611681e+03
5.339161971511809497e+03
5.339239347111786628e+03
5.339493940129003931e+03
5.339797550177586345e+03
5.339903640982443903e+03
5.339935857438032144e+03
5.339960581358563104e+03
5.340404143188513444e+03
5.340452511820042673e+03
5.340703199694586147e+03
5.340750610159631833e+03
5.340763070692966721e+03
5.341386732462121472e+03
5.341493581420362716e+03
5.341658058721510315e+03
5.341783466614246208e+03
5.341905292741630547e+03
5.341990836517577918e+03
5.342043505124421245e+03
5.342055180341629239e+03
5.342403426029031834e+03
5.342520689939268777e+03
5.342612593446223400e+03
5.342983502745871192e+03
5.343177948263102735e+03
5.343335361822208142e+03
5.343338281219192140e+03
5.343718572523814146e+03
5.343955401059878568e+03
5.344174831969825391e+03
5.344253668991213999e+03
5.344353863884921338e+03
5.344382005312476394e+03
5.344410527719996026e+03
5.344572582320868605e+03
5.344600943247329269e+03
5.344938076029849981e+03
5.345111933582753409e+03
5.345188278476596679e+03
5.345229422764160518e+03
5.345234854342889776e+03
5.345353932918129431e+03
5.345366322638625206e+03
5.345471408457578946e+03
5.345684512293401895e+03
5.345785512222606485e+03
5.345819353411662632e+03
5.345913486825997097e+03
5.346342638069603709e+03
5.346466710137397968e+03
5.346501379310404445e+03
5.346793904143889449e+03
5.347058512794374110e+03
5.347072283205392523e+03
5.347231237156566749e+03
5.347244821559967022e+03
5.347299701320574968e+03
5.347564498471371735e+03
5.347665713825305829e+03
5.347949808690302234e+03
5.348004908181351311e+03
5.348093648245208897e+03
5.348161440026020500e+03
5.348497873827824151e+03
5.348598541336325980e+03
5.348847790945506858e+03
5.348905713466910129e+03
5.349021929461673608e+03
5.349043009515778067e+03
5.349060099196943156e+03
5.349143108605987436e+03
5.349460885952806166e+03
5.349466406454473145e+03
5.349626495304249147e+03
5.349747711016842914e+03
5.349827116761311117e+03
5.349859803721050412e+03
5.349943591158727941e+03
5.349957241330694160e+03
5.350109165098207995e+03
5.350172512177356111e+03
5.350378721588494955e+03
5.350574084665650844e+03
5.350752907460446295e+03
5.350800911642589199e+03
5.350968910591461281e+03
5.351144229397535128e+03
5.351152675091846504e+03
5.351279870251731154e+03
5.351344677243034312e+03
5.351427668012085633e+03
5.351533315851664156e+03
5.351568109019405711e+03
5.351655475279313578e+03
5.351818191335974007e+03
5.351856616716663666e+03
5.351971186366969960e+03
5.351982245144074113e+03
5.352037847973675525e+03
5.352052889346900884e+03
5.352121996669114196e+03
5.352407879687799323e+03
5.352604655915552030e+03
5.352736261311754788e+03
5.352786785242746191e+03
5.352788159658789482e+03
5.352977844194322643e+03
5.353107721031419715e+03
5.353223620314670370e+03
5.353352975480185705e+03
5.353371344300569945e+03
5.353448587486374890e+03
5.353533723921348610e+03
5.353572631152249414e+03
5.353616084277738992e+03
5.353717569873636421e+03
5.353728793835341094e+03
5.353868496934623181e+03
5.353869626437460283e+03
5.353932362545004253e+03
5.353955859563170634e+03
5.354030159857999024e+03
5.354077025432938171e+03
5.354179495171489179e+03
5.354236805569005810e+03
5.354385172418225011e+03
5.354388777386760012e+03
5.354482380200168336e+03
5.354603869412567292e+03
5.354748921043085829e+03
5.355107431571860616e+03
5.355187993444083986e+03
5.355331033789543653e+03
5.355359126243628452e+03
5.355596165455431219e+03
5.356326122814418341e+03
5.356360560090503895e+03
5.356375730642844246e+03
5.356417378235531032e+03
5.356463315042274189e+03
5.356888892639691221e+03
5.357008140997969349e+03
5.357029166261839237e+03
5.357135385187170868e+03
5.357330127859922868e+03
5.357379196100559966e+03
5.357870276643334364e+03
5.358014963908864956e+03
5.358061691162018178e+03
5.358106004251108970e+03
5.358110170401579126e+03
5.358178567414784993e+03
5.358240360999663608e+03
5.358252480929242665e+03
5.358443443390381617e+03
5.358477105831750123e+03
5.358601941680576601e+03
5.358609262288053287e+03
5.358702483589162512e+03
5.358785430527828794e+03
5.358902364449760171e+03
5.358922199577172250e+03
5.358940188756948373e+03
5.358991285930617778e+03
5.358991850093384528e+03
5.359499883781815697e+03
5.359625110588835923e+03
5.359672518809135909e+03
5.359728818969048007e+03
5.359831968391362352e+03
5.360034836134696889e+03
5.360185165766733917e+03
5.360230680696319723e+03
5.360312684334862752e+03
5.360348374119410437e+03
5.360393931731924567e+03
5.360857824995198825e+03
5.360947202666109661e+03
5.361006758156751857e+03
5.361248193075490235e+03
5.361386290720400211e+03
5.361500672780854075e+03
5.361521726373649471e+03
5.361523913157767311e+03
5.361727962897125508e+03
5.362002392281379798e+03
5.362484997447084424e+03
5.362491061343358524e+03
5.363051821822556121e+03
5.363061913048146380e+03
5.363191857093617728e+03
5.363234545095292560e+03
5.363957030652796675e+03
5.363984022861938683e+03
5.364018809459445947e+03
5.364146154794081667e+03
5.364185649648507024e+03
5.364187054792506387e+03
5.364328318915033378e+03
5.364484482296951683e+03
5.364634706158246445e+03
5.364659933585240651e+03
5.365231206884463063e+03
5.365271623525396535e+03
5.365416381826686120e+03
5.365519365275000382e+03
5.365770713304768833e+03
5.366042959697820152e+03
5.366096327361597105e+03
5.366245556012200723e+03
5.366491545688993938e+03
5.367042793043966412e+03
5.367124942246511637e+03
5.367259487110733062e+03
5.367275184169470776e+03
5.367330943250311066e+03
5.367387878011018984e+03
5.367683965756944417e+03
5.368127252483113807e+03
5.368228132066915350e+03
5.368343587430033040e+03
5.368386080720420068e+03
5.368608462855775542e+03
5.368642681725717921e+03
5.368817006249395490e+03
5.368824768189777387e+03
5.369005796851761261e+03
5.369496605907410412e+03
5.369601826669091679e+03
5.369989955938856838e+03
5.370029043438935332e+03
5.370154647738941094e+03
5.370263969696454296e+03
5.370376439130879589e+03
5.370825304492223040e+03
5.370941922142254043e+03
5.371124679223017665e+03
5.371402031259521209e+03
5.371468983441937780e+03
5.371475526103279662e+03
5.371542644893730539e+03
5.371675375379220895e+03
5.371703890613093790e+03
5.371882571876805741e+03
5.371924539792131327e+03
5.372083800944598806e+03
5.372327997372141908e+03
5.372359960119827520e+03
5.372891376691996811e+03
5.372903076571525162e+03
5.372982316017711128e+03
5.373154802979602209e+03
5.373322127071944124e+03
5.373418361042185097e+03
5.373464714491551604e+03
5.373471942041309376e+03
5.373590573958967980e+03
5.373610310109990678e+03
5.373620417966495552e+03
5.373712984119215434e+03
5.373767331563598418e+03
5.373807712033324606e+03
5.373909929416136947e+03
5.373932636075865048e+03
5.373973267735090303e+03
5.374068766751790463e+03
5.374529972282358358e+03
5.374598021079627870e+03
5.374786978639703193e+03
5.375115477612113864e+03
5.375414270964434763e+03
5.375468416708981749e+03
5.375535501578136973e+03
5.375601951773389374e+03
5.375605253382989758e+03
5.375629363108268080e+03
5.375818452362603239e+03
5.376004733098801808e+03
5.376078779398486404e+03
5.376085783390924917e+03
5.376100068501680653e+03
5.376133987168735985e+03
5.376184169385104724e+03
5.376202528871888717e+03
5.376568740772992896e+03
5.376578301189110789e+03
5.376658451590311415e+03
5.376696918443601135e+03
5.376719408229752844e+03
5.376742960134293753e+03
5.376986780470885606e+03
5.377430605930770980e+03
5.377441643757493694e+03
5.377525989745841798e+03
5.377924163575109560e+03
5.377941361367897116e+03
5.377992590260033467e+03
5.378092071237530035e+03
5.378155423518062889e+03
5.378178697738091614e+03
5.378238384073028101e+03
5.378540595718546683e+03
5.378909249599633768e+03
5.378989072734152614e+03
5.379005717645848563e+03
5.379071847312916361e+03
5.379222665484428035e+03
5.379291874272853420e+03
5.379413915781286050e+03
5.379475096893078444e+03
5.379539296339799876e+03
5.379595505361742653e+03
5.379687772761950328e+03
5.380023428865525602e+03
5.380088833209919358e+03
5.380124290574919542e+03
5.380169691391191009e+03
5.380669668060665572e+03
5.380685806898597548e+03
5.380743827544817577e+03
5.381015843798205424e+03
5.381031620906125681e+03
5.381145901897729345e+03
5.381296135667393173e+03
5.381321240968626626e+03
5.381747769766535384e+03
5.381947992793274352e+03
5.381994985617247949e+03
5.382159215004589896e+03
5.382310291136863270e+03
5.382658901650718690e+03
5.382660198442964429e+03
5.382714409420261291e+03
5.382777064283073742e+03
5.383106125994015201e+03
5.383141412697521446e+03
5.383245272769845542e+03
5.383319308503042521e+03
5.383340685843461870e+03
5.383368979074675735e+03
5.383419038497809197e+03
5.383610392443601086e+03
5.383778358388823108e+03
5.384030185649066880e+03
5.384126497425808338e+03
5.384132884243676926e+03
5.384201553624232474e+03
5.384332809440241363e+03
5.384358831490488228e+03
5.384448841506091412e+03
5.384462118544639452e+03
5.384515327881785197e+03
5.384701436001832008e+03
5.384738304274921575e+03
5.384739645874999042e+03
5.384745916004415449e+03
5.385319632043248930e+03
5.385462644026649286e+03
5.385565141728338858e+03
5.385866283865458172e+03
5.385920335881137362e+03
5.386150191562487635e+03
5.386257219100435577e+03
5.386271658995487996e+03
5.386585984154849029e+03
5.386925886653318230e+03
5.387002661123847247e+03
5.387030465164454654e+03
5.387047811324784561e+03
5.387290888199530855e+03
5.387800550485175336e+03
5.388017482729432231e+03
5.388032111750568220e+03
5.388177686356853883e+03
5.388265838767491914e+03
5.388678499541370002e+03
5.388714098168111377e+03
5.388771865848358175e+03
5.388795642068228517e+03
5.389208487249731661e+03
5.389421267880590676e+03
5.389459379821590119e+03
5.389568297851707030e+03
5.389720110370868497e+03
5.389893212667723674e+03
5.389996101398322935e+03
5.390009285038296184e+03
5.390134685211408396e+03
5.390495761869630769e+03
5.390621246668423737e+03
5.390626032732840940e+03
5.390661941604781532e+03
5.390700562242645901e+03
5.390837570046212022e+03
5.390857968191966393e+03
5.390877100936379975e+03
5.390985614345156137e+03
5.391046188777516363e+03
5.391186253706053321e+03
5.391195489914336576e+03
5.391322199479746814e+03
5.391388473591880938e+03
5.391447616941964043e+03
5.391654982571577420e+03
5.391785838966891788e+03
5.391857318845422924e+03
5.391861397446571573e+03
5.392303747493186165e+03
5.392307579884766710e+03
5.392421084177251942e+03
5.392497139580608746e+03
5.392599729031973766e+03
5.392872309880972352e+03
5.392881480131111857e+03
5.393058440638968932e+03
5.393104277879968322e+03
5.393447062691046995e+03
5.393502069838975331e+03
5.393770078149058463e+03
5.393900439126719903e+03
5.393982071571734195e+03
5.394027814157782814e+03
5.394196257468761360e+03
5.394222817567559105e+03
5.394244974748590721e+03
5.394373380204717250e+03
5.394423096110371262e+03
5.394627095257286783e+03
5.394776343465539867e+03
5.394782997421423715e+03
5.395024534579928513e+03
5.395128640370670837e+03
5.395178460510485820e+03
5.395192067454711832e+03
5.395217871715623005e+03
5.395252992868464389e+03
5.395422482141002547e+03
5.395471274740473746e+03
5.395528657001938882e+03
5.395644525171480382e+03
5.395653687116543551e+03
5.395672388971303917e+03
5.395740405224556525e+03
5.395874956941564960e+03
5.396266148658469319e+03
5.396486576806171797e+03
5.396722192910354352e+03
5.396806504538255467e+03
5.396809392765559096e+03
5.396907860335956684e+03
5.397097828358059814e+03
5.397112356890163937e+03
5.397154534635064010e+03
5.397821191342645761e+03
5.397889500545796182e+03
5.397902410885249083e+03
5.398025011532138706e+03
5.398216787030433807e+03
5.398329053760081479e+03
5.398966232452764416e+03
5.399046434968854555e+03
5.399122463073943436e+03
5.399127605283074445e+03
5.399134090203821870e+03
5.399203364785049416e+03
5.399214748147611317e+03
5.399250751044359276e+03
5.399421376077671084e+03
5.399596175582662909e+03
5.399896892686901992e+03
5.399970293102769574e+03
5.400152996704782709e+03
5.400297559340888256e+03
5.400495746442591553e+03
5.400624453704976077e+03
5.400894039234699449e+03
5.401084758531470470e+03
5.401133455561042865e+03
5.401380163717765754e+03
5.401382980791950104e+03
5.401725978696990751e+03
5.401752480036452653e+03
5.401885663760577700e+03
5.402076028675448470e+03
5.402097235619752610e+03
5.402698287845229061e+03
5.402718929455993020e+03
5.402776176065089203e+03
5.402966359505076070e+03
5.403268641907602614e+03
5.403272098595338321e+03
5.403316319609102720e+03
5.403412009801394561e+03
5.403593606841049223e+03
5.404311061778024850e+03
5.404332631270543970e+03
5.404582151418865578e+03
5.405702220007701726e+03
5.405824667962970125e+03
5.405979650135916017e+03
5.406001549327850626e+03
5.406143538337320024e+03
5.406251047878624377e+03
5.406258441791223049e+03
5.406285651088357554e+03
5.406549562905726816e+03
5.406577928936677381e+03
5.406582440279269576e+03
5.406675037648567923e+03
5.406884528831983516e+03
5.407096311929493822e+03
5.407989506074231940e+03
5.408125096448462500e+03
5.408270472250753301e+03
5.408832754423449842e+03
5.409042395316758302e+03
5.409234249526057283e+03
5.409456655592133757e+03
5.411050745130991345e+03
5.411504715277622381e+03
5.411878671539723655e+03
5.412040515130483072e+03
5.412577906313395033e+03
5.412619754164550613e+03
5.412866027951823526e+03
5.413316700362075608e+03
5.413613175834097092e+03
5.414028004143349790e+03
5.415235091771025509e+03
5.415440011552790565e+03
5.415955602440144503e+03
5.416429133257747708e+03
5.416489218413595154e+03
5.416674190345222996e+03
5.416867474747257802e+03
5.417473035831440939e+03
5.417562426585023786e+03
5.417902158101132045e+03
5.418123597508348212e+03
5.418310115571971437e+03
5.418420905788606433e+03
5.418544708153336614e+03
5.418623545209610711e+03
5.419315231778604357e+03
5.419364341507164681e+03
5.419463765428181432e+03
5.419572136252644668e+03
5.419871850626505875e+03
5.419932489545370117e+03
5.420152629379756945e+03
5.420440279132944852e+03
5.420605405865816465e+03
5.420785470433267619e+03
5.421594581116928566e+03
5.421611077505555841e+03
5.421813364303377966e+03
5.421894814419285467e+03
5.422123249542348276e+03
5.422176514993729143e+03
5.422554175504207706e+03
5.422719851237842704e+03
5.422796595568662269e+03
5.422888062994174106e+03
5.423270672178640780e+03
5.423335560060140779e+03
5.423392327056543763e+03
5.423686448079470210e+03
5.423709802719873551e+03
5.423790742426015640e+03
5.423827109889773055e+03
5.423969820285567948e+03
5.424183386539864841e+03
5.424354511617508251e+03
5.424358377246097007e+03
5.425004798076255611e+03
5.425080684307324191e+03
5.425660607789838650e+03
5.425850008020424866e+03
5.425881947320063773e+03
5.426271845179869160e+03
5.426911463112590354e+03
5.427110924553743644e+03
5.427487945349786969e+03
5.427523215263992824e+03
5.427718208681125361e+03
5.428022304528064524e+03
5.428047903496329127e+03
5.428244025684966800e+03
5.428249142655849028e+03
5.428268426682260724e+03
5.428358629200148243e+03
5.428396314118092050e+03
5.428466752571775032e+03
5.428500828546879347e+03
5.428621030261547276e+03
5.428672612061559448e+03
5.428743473897038712e+03
5.428787558958952104e+03
5.429123247142097171e+03
5.429497100127588965e+03
5.429528960696801732e+03
5.429682846615157359e+03
5.429960205876596774e+03
5.430764437777394050e+03
5.431429157304335604e+03
5.431961008082511398e+03
5.432007021164781690e+03
5.432099991445079468e+03
5.432227346381122516e+03
5.432249796297673129e+03
5.432439591701812788e+03
5.432704423360351939e+03
5.432860981493211511e+03
5.432921234163734880e+03
5.433128290939000181e+03
5.433438641875054600e+03
5.433980724947677118e+03
5.434922305939446233e+03
5.435417669928544456e+03
5.435562281092694320e+03
5.435701617215479018e+03
5.435744458041777762e+03
5.436287328526356760e+03
5.436691294888117227e+03
5.436835439435744775e+03
5.436988939911374473e+03
5.437366616519846502e+03
5.437521371835170612e+03
5.437969507144193813e+03
5.438270564164629832e+03
5.438874650378977094e+03
5.439308551743689350e+03
5.439421611541639322e+03
5.439433804994463571e+03
5.439646859191297153e+03
5.440021944383463961e+03
5.440224831586495384e+03
5.440224942659414410e+03
5.440742131670757772e+03
5.441210596372470718e+03
5.441645004672996038e+03
5.442046926510639423e+03
5.442084692579903276e+03
5.442368857379172368e+03
5.442508475178069602e+03
5.442642994014116994e+03
5.442643911136955467e+03
5.443042711240263998e+03
5.443515192240427496e+03
5.443541907979842108e+03
5.443624845027784431e+03
5.443756667665051282e+03
5.443778693877699880e+03
5.443927962494670282e+03
5.444081398783803706e+03
5.444442365316712312e+03
5.445180082028277866e+03
5.445185568033971322e+03
5.445553033693582620e+03
5.445871633215068869e+03
5.445934059271719889e+03
5.445969696070383179e+03
5.446517916423724273e+03
5.446598990195456281e+03
5.446780545394823093e+03
5.447312293413585394e+03
5.447512169189742053e+03
5.447793220657504207e+03
5.447832423486063817e+03
5.447906853738625614e+03
5.447960596571135284e+03
5.447978711572901375e+03
5.448594878078947659e+03
5.449009206570272909e+03
5.449057862582436428e+03
5.449446564897068129e+03
5.450211855462041058e+03
5.450309196873688052e+03
5.450687112330395394e+03
5.450779425214625917e+03
5.450846482476016718e+03
5.451452946894072738e+03
5.451941037382150171e+03
5.452542190165844659e+03
5.452617100492083409e+03
5.453129008288225123e+03
5.453408858881609376e+03
5.453450584806851111e+03
5.453627551041319748e+03
5.453829831640644443e+03
5.454190965284259619e+03
5.454387741604174153e+03
5.454620283683407251e+03
5.454750666900172291e+03
5.454840009073689544e+03
5.455015150048121541e+03
5.455256557657011399e+03
5.455986447470048006e+03
5.456174084681617387e+03
5.456342333267270988e+03
5.457177090336247602e+03
5.457200574306351882e+03
5.457281035305230034e+03
5.457294609162060624e+03
5.457499316104742320e+03
5.457921682139019140e+03
5.458438135091280856e+03
5.458805593591457182e+03
5.458921790294721177e+03
5.459119060213294688e+03
5.460193922666818253e+03
5.460222654949722710e+03
5.460461381096300101e+03
5.460709068096536612e+03
5.461236685367429345e+03
5.461363187263480540e+03
5.461375011645131963e+03
5.461487298669684606e+03
5.461525449591592405e+03
5.462187193078245400e+03
5.462748805029679716e+03
5.462755377833019338e+03
5.463348140988825435e+03
5.463437852816065970e+03
5.463941542607713018e+03
5.464464291627837156e+03
5.464589489196433533e+03
5.464698244021095888e+03
5.464717047139683018e+03
5.465050265307897462e+03
5.465099323818095399e+03
5.465585499377657470e+03
5.465925379315220198e+03
5.466110907169947495e+03
5.466300867697394096e+03
5.466383026611670175e+03
5.466450234302756144e+03
5.466482177022719043e+03
5.466532652934267389e+03
5.466603160282295903e+03
5.466771933386590717e+03
5.466989264730619652e+03
5.467102679431935940e+03
5.467131687474256069e+03
5.467294172791735946e+03
5.467499603105271490e+03
5.468007068000553772e+03
5.468576117611444715e+03
5.469235176754102213e+03
5.469339558187681178e+03
5.469349745896176501e+03
5.469435951395892516e+03
5.469504289627009712e+03
5.469601860384542306e+03
5.469623726456406985e+03
5.469961474995070603e+03
5.470320436117121062e+03
5.470462110326249785e+03
5.470467049791545833e+03
5.470570373991194174e+03
5.470592519422611076e+03
5.470635043688082988e+03
5.470776926198283945e+03
5.471058212832107529e+03
5.471426154613372091e+03
5.471464215848744061e+03
5.471952524544266453e+03
5.471975375656357755e+03
5.472112186209439642e+03
5.472134437622424230e+03
5.472187568018815909e+03
5.472390492676488975e+03
5.472740772990917321e+03
5.472743889418685285e+03
5.472853290900134198e+03
5.473535717151703466e+03
5.473539649450353863e+03
5.473544405969235413e+03
5.473608616795931084e+03
5.473982029104070534e+03
5.474119993627262375e+03
5.474263286105413499e+03
5.474550698250682217e+03
5.474806389037603367e+03
5.474843968389530346e+03
5.475582063722734347e+03
5.475614057901620981e+03
5.475651331699556067e+03
5.475711742956441412e+03
5.475802263587273046e+03
5.475966992254016986e+03
5.476128783703498812e+03
5.476316642484915064e+03
5.476440247343119154e+03
5.476517835740842202e+03
5.476928608395512128e+03
5.477341175097591076e+03
5.477842694871545973e+03
5.478203138050345842e+03
5.478250684794904373e+03
5.478546469674240143e+03
5.479285566363744692e+03
5.479455720054744233e+03
5.479818657097477626e+03
5.479893694679391956e+03
5.481492339223252202e+03
5.481495395864758393e+03
5.481586753811654489e+03
5.481978736366674639e+03
5.482214342459380532e+03
5.482487733119070981e+03
5.482855144321951229e+03
5.482868194069582387e+03
5.483094077992480379e+03
5.483399230205981439e+03
5.483613631124083440e+03
5.483646040874008577e+03
5.483650983963209001e+03
5.483799305559102322e+03
5.483908504007093143e+03
5.484383535021933312e+03
5.484600770827860288e+03
5.484740769098249075e+03
5.484777249761259554e+03
5.485263176075719457e+03
5.485374221714294436e+03
5.485520652141687606e+03
5.485866930307714028e+03
5.485939445143506418e+03
5.485984667534918117e+03
5.486413202935455047e+03
5.486791295131215520e+03
5.487046090487991933e+03
5.487152823833456750e+03
5.487198636404478748e+03
5.487841799608530891e+03
5.488152875627899448e+03
5.488193589227420489e+03
5.488419682733006994e+03
5.488497884095193513e+03
5.488717171485502149e+03
5.488777143318789967e+03
5.488899075327556602e+03
5.489009009288425659e+03
5.490349661100377489e+03
5.490454360571859979e+03
5.490594068086181323e+03
5.490623639782049395e+03
5.490651378991586171e+03
5.490914024495576086e+03
5.491191082791301596e+03
5.491275985022928580e+03
5.491443940384330745e+03
5.491558150331985416e+03
5.492029746195885309e+03
5.493073927406283474e+03
5.493566305264484072e+03
5.493685672766776406e+03
5.493864873778779838e+03
5.494204413073450269e+03
5.494774584736690485e+03
5.494823915603851674e+03
5.495708180512005129e+03
5.495811499931478465e+03
5.496069012290556202e+03
5.496146891179608247e+03
5.496211228009070510e+03
5.496336609917441820e+03
5.496446607837056945e+03
5.496539072576282706e+03
5.496783618432425101e+03
5.496996929858024487e+03
5.497145560367482176e+03
5.497438350859010825e+03
5.497598348029242516e+03
5.497745363731704856e+03
5.497912261595512973e+03
5.497935231125250539e+03
5.498188093071265939e+03
5.498265529452228293e+03
5.498549675909348480e+03
5.498560534978862052e+03
5.498734623868448580e+03
5.499670978574057699e+03
5.499911527019601635e+03
5.499961269637758051e+03
5.500324335406383398e+03
5.500638574242347204e+03
5.500838826608425734e+03
5.501195347802901779e+03
5.501198633050077660e+03
5.501214253644943710e+03
5.501601577466249182e+03
5.501672460985117141e+03
5.502002780072371934e+03
5.502085940129519258e+03
5.502509502147066996e+03
5.502577891373419334e+03
5.502790617488451062e+03
5.503882279943222784e+03
5.504040665936400728e+03
5.504295884274989476e+03
5.504342894875774618e+03
5.504415686097279831e+03
5.504844893167204646e+03
5.505096561631866280e+03
5.505215015247649717e+03
5.505255103730545670e+03
5.505779603563425553e+03
5.506065983061732368e+03
5.506549857417212479e+03
5.506859149175678795e+03
5.506962642964281258e+03
5.507074470441454650e+03
5.507210603744735636e+03
5.507527722714045012e+03
5.507534834140069506e+03
5.507641164170659977e+03
5.507728915060917643e+03
5.507751105350936996e+03
5.507841472886802876e+03
5.508254977883807442e+03
5.508820145465083442e+03
5.509435144011074044e+03
5.509452318371481851e+03
5.509636247756481680e+03
5.509961716322686698e+03
5.509965281449976828e+03
5.510092912018934840e+03
5.510216186745587038e+03
5.510740772389240192e+03
5.511018618860992319e+03
5.511543861879199540e+03
5.511955037959104629e+03
5.512057388343714592e+03
5.512201559811986954e+03
5.513014846180601126e+03
5.513084973349917163e+03
5.513217333127106940e+03
5.513956388628736022e+03
5.513992477337522359e+03
5.514772111744681752e+03
5.515186035865026497e+03
5.515295290637511243e+03
5.515943924996237911e+03
5.516389900015146850e+03
5.516539002352032185e+03
5.517083659196565350e+03
5.517143532157831942e+03
5.517361032514327235e+03
5.517966527641270659e+03
5.518228094571620204e+03
5.518356778360878707e+03
5.518557373293766432e+03
5.518725181585796236e+03
5.518884155471811027e+03
5.518921846117696987e+03
5.519230581716122288e+03
5.519493017104015053e+03
5.519715365601346093e+03
5.519782615204672766e+03
5.519936324262674134e+03
5.520121421163011291e+03
5.520191113256408244e+03
5.520368754294181599e+03
5.520485572223770760e+03
5.520545822125298400e+03
5.520635215694387625e+03
5.520682387207069041e+03
5.520872884908495507e+03
5.521007091521362781e+03
5.521297836854843808e+03
5.521438621758521549e+03
5.521876279928348595e+03
5.522141098163183415e+03
5.522403069449261238e+03
5.522816051044935193e+03
5.523044915966592271e+03
5.523085713195947392e+03
5.523094665442166843e+03
5.523158734184014975e+03
5.523498331550996227e+03
5.523614767766815930e+03
5.523728847003827468e+03
5.523975300969982527e+03
5.524002679244644241e+03
5.524218582064002476e+03
5.524692469994349267e+03
5.524751994429170736e+03
5.525047951177455616e+03
5.525460835302817031e+03
5.525569679441207882e+03
5.525777429527684035e+03
5.525986627244335978e+03
5.526508114115454191e+03
5.526636467115054074e+03
5.526841041734645842e+03
5.527331281200267767e+03
5.527765039339508803e+03
5.527801523824903597e+03
5.528200916973015410e+03
5.528309854421615455e+03
5.528686233669763169e+03
5.528736995334566018e+03
5.529200306859852390e+03
5.529281019535394080e+03
5.529371097417181772e+03
5.529478623179300484e+03
5.529753892423964317e+03
5.530005362079191400e+03
5.530022620114043093e+03
5.530093777419609069e+03
5.530186476074854909e+03
5.530333785365963195e+03
5.530425517871996817e+03
5.530581671659182575e+03
5.530683557346666930e+03
5.530971336992577562e+03
5.531269597544142925e+03
5.531308211467413457e+03
5.531441271410870286e+03
5.531550374482372717e+03
5.532012440296261047e+03
5.532034772273032104e+03
5.532145095401903745e+03
5.533512632253072297e+03
5.533513584994459961e+03
5.533563636619757744e+03
5.534081411209526777e+03
5.534147087031527917e+03
5.534500902437453988e+03
5.534708773675781231e+03
5.534946982715385275e+03
5.534959408608426202e+03
5.535140198311427412e+03
5.535373516009634841e+03
5.535564748095279356e+03
5.535741015124302976e+03
5.535879861172035817e+03
5.535937622071081933e+03
5.535940154616050677e+03
5.535969649529978597e+03
5.536092369433112253e+03
5.536339052052440820e+03
5.536351080294780331e+03
5.536465934721849408e+03
5.536776982110112840e+03
5.536936020958718473e+03
5.536988696745342168e+03
5.537069721274347103e+03
5.537240097690872972e+03
5.537420658710641874e+03
5.537479644719042881e+03
5.537619998141022734e+03
5.537972676586548005e+03
5.537993494053379436e+03
5.538329626390232988e+03
5.538330955560156326e+03
5.538360741639640764e+03
5.538584414437428677e+03
5.538647914087389836e+03
5.538853427297392955e+03
5.538892099543713812e+03
5.539347800888494930e+03
5.539486507085319317e+03
5.539794534611445670e+03
5.540193713446520633e+03
5.540207618168154113e+03
5.541320243323541945e+03
5.541655081990340477e+03
5.541876035058533489e+03
5.541895129995639763e+03
5.541930258447026972e+03
5.541951977406406513e+03
5.542007006112960880e+03
5.542111862306792318e+03
5.542576470782408251e+03
5.542813254866280658e+03
5.542815358179145733e+03
5.543031156181928054e+03
5.543123151467763819e+03
5.543567614524105920e+03
5.543906026386145641e+03
5.544260237590867291e+03
5.544970846873545270e+03
5.545747010145390050e+03
5.546143608834242514e+03
5.546280246419612013e+03
5.546418737974041505e+03
5.546790592151060991e+03
5.546935793418379944e+03
5.546965932086930479e+03
5.546989552898138754e+03
5.547354960128880521e+03
5.547381875431341541e+03
5.547932654474473566e+03
5.548355868891085265e+03
5.548590496106882711e+03
5.548638039951708379e+03
5.548861763985002653e+03
5.549037377528909019e+03
5.549100891753095311e+03
5.549209176065015527e+03
5.549567292084532710e+03
5.549673861986872907e+03
5.549838640251874494e+03
5.549850530999686271e+03
5.549900187534432007e+03
5.549907875571291697e+03
5.550432224142466112e+03
5.550958221773689729e+03
5.551106110708420601e+03
5.551194577705909069e+03
5.551384533029839076e+03
5.551463040430679939e+03
5.551484328837025714e+03
5.551508126550687848e+03
5.551557368625830350e+03
5.551632497015341869e+03
5.552209062967369391e+03
5.552235719021056866e+03
5.552340865439554364e+03
5.552524965407254967e+03
5.553063960709293497e+03
5.553234485402123937e+03
5.553234897154643477e+03
5.553327060346925464e+03
5.553526766267152198e+03
5.553680625235335356e+03
5.554017720637702951e+03
5.554212327473559526e+03
5.554383837371328809e+03
5.554443987054591162e+03
5.554583887233625319e+03
5.554801587652137641e+03
5.554890546262877251e+03
5.555028190289040140e+03
5.555062722958477934e+03
5.555200349543848461e+03
5.555224256645069545e+03
5.555305095759022151e+03
5.555413765323417465e+03
5.555468068042463528e+03
5.555475693423963094e+03
5.556974122571993576e+03
5.557386330485812323e+03
5.557957959952552301e+03
5.557997947833424405e+03
5.558146376874190537e+03
5.558421423521041106e+03
5.559410359146401788e+03
5.559512698974315754e+03
5.559522819484392130e+03
5.559602182640041974e+03
5.560202795192156373e+03
5.560739719669693841e+03
5.561042725583236461e+03
5.561213756374112563e+03
5.561431697567769334e+03
5.561601749994486454e+03
5.561757261216759616e+03
5.561953056762810775e+03
5.562028026329314343e+03
5.562178396188524857e+03
5.562315366849174097e+03
5.562352149041431403e+03
5.562687041703409704e+03
5.562690022207225411e+03
5.562980352479524299e+03
5.563028904377577419e+03
5.563133192651966056e+03
5.563391716685357096e+03
5.563450546406697867e+03
5.563882146303377340e+03
5.564072705779568423e+03
5.564105584433010335e+03
5.564282395825403000e+03
5.564305716908743307e+03
5.564644599048963755e+03
5.564842343905646885e+03
5.565601283965595030e+03
5.565755934110093222e+03
5.565852002629216258e+03
5.566058688634840109e+03
5.566423891149577685e+03
5.566648048939498040e+03
5.567174565485564017e+03
5.567477889374579718e+03
5.568209345239280083e+03
5.568434705193300942e+03
5.568472720987810135e+03
5.568666974953262979e+03
5.568970520662554009e+03
5.569016679179049788e+03
5.569182530893345756e+03
5.570039953141413207e+03
5.570151930055560115e+03
5.570248259844318454e+03
5.571276645540111531e+03
5.571998547783348840e+03
5.572192413140493045e+03
5.572246999929465346e+03
5.572280006880269866e+03
5.572306521091163631e+03
5.572597373622918894e+03
5.572640066655895680e+03
5.573135147167785362e+03
5.573153158611402432e+03
5.573448660179838953e+03
5.573491994834318575e+03
5.573861803048117508e+03
5.573950270101108799e+03
5.574035109912609187e+03
5.574159451337321116e+03
5.574421431064097305e+03
5.575476328417448713e+03
5.575599162567018539e+03
5.575667156195960160e+03
5.575677547566136127e+03
5.575764673496877549e+03
5.575771270688263030e+03
5.575832135381167063e+03
5.576131006518910908e+03
5.576216842336863920e+03
5.576317617807386341e+03
5.576414315503690887e+03
5.576430733295310347e+03
5.576497498338733749e+03
5.576660817062163005e+03
5.576692630428456141e+03
5.576918647639764458e+03
5.577504125859600208e+03
5.577600894647803216e+03
5.577871602421579155e+03
5.578157779489658424e+03
5.578339214558171079e+03
5.579016686810208739e+03
5.579263312358166331e+03
5.580490720747000523e+03
5.580730576677132376e+03
5.580913370789864530e+03
5.580916280379744421e+03
5.581620040125157175e+03
5.582192622876382302e+03
5.582331967163220725e+03
5.582555729463117132e+03
5.582818729029671886e+03
5.582824531097429826e+03
5.582948014632737795e+03
5.583235280941361452e+03
5.583302774536256948e+03
5.583400904085885486e+03
5.583494199821279835e+03
5.583594259059067554e+03
5.583750113357342343e+03
5.584204624468375187e+03
5.584684532816636420e+03
5.585372227235594437e+03
5.585421803916498902e+03
5.585450564899887468e+03
5.586086102846553331e+03
5.586165797578464662e+03
5.586266911379805606e+03
5.586289928330147632e+03
5.587011228066268814e+03
5.587064864825290897e+03
5.587317829288752364e+03
5.587503974734813710e+03
5.587890699722021054e+03
5.588013772787036032e+03
5.588463023149874061e+03
5.588714098076115079e+03
5.589071447131848799e+03
5.589124808525735716e+03
5.589297346264092994e+03
5.589577284428437451e+03
5.589730674882087442e+03
5.590007373591928626e+03
5.590165152065883376e+03
5.590214512930909223e+03
5.591194088900139832e+03
5.591313427166013753e+03
5.591323699873715668e+03
5.591705228678029016e+03
5.591891462791048980e+03
5.591906430643628482e+03
5.592166138993214190e+03
5.592298234837846394e+03
5.592513444685286231e+03
5.592525623139465097e+03
5.592990743548254613e+03
5.593158970503129240e+03
5.593198341856259503e+03
5.593281859790902672e+03
5.593591778705281286e+03
5.593839110510161845e+03
5.594118662114714425e+03
5.594433176337292025e+03
5.594604913471270265e+03
5.594682580785699429e+03
5.594904251383614792e+03
5.594946700994990351e+03
5.595051694071753445e+03
5.595337723485697097e+03
5.595401982260853401e+03
5.595428943658805110e+03
5.595495648345215159e+03
5.595994567430743700e+03
5.596019480276996546e+03
5.596037483461618649e+03
5.596119750037843005e+03
5.596176410977725027e+03
5.596628250330931223e+03
5.596802432541275266e+03
5.596852689289925365e+03
5.596909143240302001e+03
5.597061990677807444e+03
5.597338879507724414e+03
5.597734422569928938e+03
5.597787441836464495e+03
5.597864098527791612e+03
5.598035128837545926e+03
5.598218691044752632e+03
5.598483448952517392e+03
5.598505306870999448e+03
5.598724723824347166e+03
5.598757173115111073e+03
5.598938621473255807e+03
5.598964298189536748e+03
5.599170027634887447e+03
5.599221710305157103e+03
5.599243127172409913e+03
5.599737928559285137e+03
5.599789685492110038e+03
5.599936874872450062e+03
5.600370453820457442e+03
5.600394791348818217e+03
5.600580714168251689e+03
5.600728633456576972e+03
5.600941512371496174e+03
5.601032038716680290e+03
5.601458336344220697e+03
5.601552591541340007e+03
5.601682096207420727e+03
5.602175962225361218e+03
5.602272084199301389e+03
5.602351133629871583e+03
5.602428912417425636e+03
5.602515575487595925e+03
5.602800468282572183e+03
5.603320979874234581e+03
5.603665010066790273e+03
5.603937360381401959e+03
5.603965489531479761e+03
5.604105657645567589e+03
5.604481977050492787e+03
5.604881339309803479e+03
5.604970663541450449e+03
5.605193603046122917e+03
5.605376519295925391e+03
5.605563223901540368e+03
5.605723119699145172e+03
5.606049118725464723e+03
5.606606745279350434e+03
5.606879187098319562e+03
5.606926392293325080e+03
5.607077922537924678e+03
5.607078782755620523e+03
5.607956101136218422e+03
5.608008731010338124e+03
5.608591703280689217e+03
5.608735891927028206e+03
5.608866574501460491e+03
5.609143365123115473e+03
5.609215057226294448e+03
5.609345952925893471e+03
5.609620711545089762e+03
5.610142770396461856e+03
5.610705438259532457e+03
5.610823972346723167e+03
5.610876299418589952e+03
5.611329546194278919e+03
5.611391945832216152e+03
5.611936705594974228e+03
5.612391452291964924e+03
5.612568470574585263e+03
5.612873758163479579e+03
5.613158751794988348e+03
5.613197213120057313e+03
5.613212208560783438e+03
5.613333340215172029e+03
5.613841677717507082e+03
5.614010266069220961e+03
5.614112430682297600e+03
5.614167288922209991e+03
5.614309548584198637e+03
5.614572887136340796e+03
5.614604106386242165e+03
5.614804092279852739e+03
5.615099657424935685e+03
5.615110776476005412e+03
5.615161643968331191e+03
5.615806749525157102e+03
5.616385664579347576e+03
5.616505679792308911e+03
5.617073463492344672e+03
5.617434797032316055e+03
5.617566948835540643e+03
5.617696639093160229e+03
5.617746156208285356e+03
5.617802215396558495e+03
5.617849925909747981e+03
5.618021739518888353e+03
5.618130848314096511e+03
5.618164706405592369e+03
5.618363286621352017e+03
5.618562779598582893e+03
5.618656010962129585e+03
5.618689628129363882e+03
5.618920649975518245e+03
5.619258246913371295e+03
5.619319911989537104e+03
5.619688279842026532e+03
5.619704720894369530e+03
5.619828558414505096e+03
5.620504142538239648e+03
5.620687245065252682e+03
5.620706624601061776e+03
5.620903758806797669e+03
5.620931892633981079e+03
5.621316220850456375e+03
5.621517649585843174e+03
5.621619331638720723e+03
5.621691459585987104e+03
5.621712116249536848e+03
5.621823866819388059e+03
5.621882999580998330e+03
5.622001661582713496e+03
5.622226140387589112e+03
5.622564650496950890e+03
5.622922840434803220e+03
5.623164933282751008e+03
5.623510960230477394e+03
5.623565543158846594e+03
5.623789454243477849e+03
5.623825896846487922e+03
5.624273435842792424e+03
5.624349708280466075e+03
5.624575718013540609e+03
5.624787873499330999e+03
5.624986530331223548e+03
5.625006657116334281e+03
5.625316137364060523e+03
5.625566937492592842e+03
5.625796200363383832e+03
5.626015627204682460e+03
5.626147878507908899e+03
5.626361392845331466e+03
5.626664317752408351e+03
5.626671210929856898e+03
5.627563476268984232e+03
5.627676311371879819e+03
5.627780825899017145e+03
5.627935836360121357e+03
5.628081373020850151e+03
5.628200891450266681e+03
5.628214388360899648e+03
5.628306181264633778e+03
5.628452192902956995e+03
5.628801727192966609e+03
5.628983365478093219e+03
5.629033468672819254e+03
5.629094590173765937e+03
5.629354968310839467e+03
5.629466858583343310e+03
5.630033527359973050e+03
5.630613272630223946e+03
5.630643496871464777e+03
5.630656581206943883e+03
5.630899346549597794e+03
5.631003416970685066e+03
5.631268704983874159e+03
5.631360308710990466e+03
5.631411233661667211e+03
5.631682683874383656e+03
5.631696613567909480e+03
5.632308115854476455e+03
5.632507516688848227e+03
5.632670444342829796e+03
5.632828285865497492e+03
5.633062173665646696e+03
5.633543048734871263e+03
5.633562544525835619e+03
5.633713461059229303e+03
5.633817916273266746e+03
5.633905309609673168e+03
5.634040154758527933e+03
5.634236353793938179e+03
5.634309211300175775e+03
5.634329326537258567e+03
5.634548782542993649e+03
5.635181590608729493e+03
5.635239677582532750e+03
5.635279013188584031e+03
5.635463972849785023e+03
5.635527991949397801e+03
5.635554306216982695e+03
5.635748497167079222e+03
5.635895143409778939e+03
5.636214727624741499e+03
5.636222588529270979e+03
5.636246870588812271e+03
5.636316236188831681e+03
5.636765877428278145e+03
5.637188201814923559e+03
5.637233042571773694e+03
5.637275280083438702e+03
5.637356929668990233e+03
5.637459321349516358e+03
5.637625288972185444e+03
5.637759317671941062e+03
5.637964660803956576e+03
5.638672582167789187e+03
5.638890568926984088e+03
5.638919996631193499e+03
5.638962619808893578e+03
5.639194243225987520e+03
5.639234676022892927e+03
5.639256299795402811e+03
5.639311179089930192e+03
5.640207439072285524e+03
5.641162913143260084e+03
5.641310887502471815e+03
5.641465649397458947e+03
5.641496567692836834e+03
5.642148023487655337e+03
5.642581275652149998e+03
5.642775968295196435e+03
5.643228440444291664e+03
5.643931613818357619e+03
5.644217902334502469e+03
5.644361088258777272e+03
5.644725476237133989e+03
5.644771375914437158e+03
5.644970162921771589e+03
5.645070178405465413e+03
5.645309793554281896e+03
5.645362547155537868e+03
5.645428468513763619e+03
5.645511916160968212e+03
5.645565075358332251e+03
5.645717236700805188e+03
5.645963073547823114e+03
5.645970128995337291e+03
5.646012537359606540e+03
5.646043220385560744e+03
5.646186676284945861e+03
5.646357827509084018e+03
5.646856657093571812e+03
5.647173638236989063e+03
5.647372761098833507e+03
5.647887409481205395e+03
5.647945182294321057e+03
5.648039321929063590e+03
5.648113647342848708e+03
5.648340954989475904e+03
5.648510702169059186e+03
5.648838028194366416e+03
5.649073058391121776e+03
5.649356386804933209e+03
5.650482240964113771e+03
5.650571195047215042e+03
5.651185733354928743e+03
5.651881635297155299e+03
5.652223846406044686e+03
5.652581589192745923e+03
5.652588204370138556e+03
5.653082948741232940e+03
5.653155617460592111e+03
5.653681438529519255e+03
5.653770500231134065e+03
5.653883211741876039e+03
5.654121341307341027e+03
5.654205008442926555e+03
5.654226266287996623e+03
5.654575856760001443e+03
5.654591519385918218e+03
5.654823476384795867e+03
5.654934509622069527e+03
5.654973430527641540e+03
5.655441304166062764e+03
5.655628505414113533e+03
5.655704340285791659e+03
5.656069751163413457e+03
5.656204624561782111e+03
5.656404962427860482e+03
5.656558741859093971e+03
5.656868082528924788e+03
5.656962366206638762e+03
5.657066386261607477e+03
5.657199411039798179e+03
5.657200393476862700e+03
5.657217050876154644e+03
5.658237114309139542e+03
5.659015969436808518e+03
5.659221150943641078e+03
5.659450144372945942e+03
5.659853376493515498e+03
5.660104523541602248e+03
5.660306663154342459e+03
5.660376872575534435e+03
5.660518862838570385e+03
5.660576742468300836e+03
5.660627229481517134e+03
5.660760026419442511e+03
5.660804803143924801e+03
5.660905974318256085e+03
5.660932139875056237e+03
5.661033912332659384e+03
5.661955227600189573e+03
5.662187136824203662e+03
5.662473549976436516e+03
5.662664361739629385e+03
5.662796199512223211e+03
5.663103587682856414e+03
5.663239484901533615e+03
5.663533473885323474e+03
5.663545754327073155e+03
5.663780587825940529e+03
5.663856477775826534e+03
5.664272629497329945e+03
5.664406572091725138e+03
5.664417299591069423e+03
5.664726362546085511e+03
5.665153291255302975e+03
5.665176762588378551e+03
5.665315850236157530e+03
5.665686547037684250e+03
5.666120928874720448e+03
5.666274014576870286e+03
5.666921692869125764e+03
5.667024950864027232e+03
5.667098857602710268e+03
5.667551537203435146e+03
5.667578243437817036e+03
5.667713134377990173e+03
5.667784600226709699e+03
5.668056226376712402e+03
5.668229258396709156e+03
5.668343416676046218e+03
5.668598153983173688e+03
5.668630530226831979e+03
5.668980287416493411e+03
5.669385103014613378e+03
5.669665726158643338e+03
5.669697316815628255e+03
5.669766645592418172e+03
5.669807759902852013e+03
5.670046425434296907e+03
5.670064950714181577e+03
5.670101989162288191e+03
5.670137121824394853e+03
5.670173379168949396e+03
5.670395299549075389e+03
5.670433105754774260e+03
5.670493626976526684e+03
5.670801351082511246e+03
5.670859438137492361e+03
5.670967087491280836e+03
5.671118992864091524e+03
5.671242224671290387e+03
5.671377304755950718e+03
5.671430940426585039e+03
5.671498567791697496e+03
5.671617969878701842e+03
5.671664484481174441e+03
5.671848190359567525e+03
5.672036821165807851e+03
5.672598500953515213e+03
5.672627045079986601e+03
5.672767178864890411e+03
5.673392448948770834e+03
5.673817987826519129e+03
5.674174973668809798e+03
5.674309056073428110e+03
5.674342531802701160e+03
5.674406946343343407e+03
5.674598683399694892e+03
5.674870149993964333e+03
5.674939591869761898e+03
5.674987012103433699e+03
5.675129630574901967e+03
5.675239567666440962e+03
5.675317742727370387e+03
5.675348116127158391e+03
5.675970637697969323e+03
5.676152336845974787e+03
5.676184825267693668e+03
5.676206532350908674e+03
5.676477693003995228e+03
5.676484266984133683e+03
5.676894339820244568e+03
5.677682834507080770e+03
5.677986404571576713e+03
5.677994822419371303e+03
5.678181433359995935e+03
5.678562529028214158e+03
5.678666947996654926e+03
5.678952748090111527e+03
5.678979479694493421e+03
5.679050614394303011e+03
5.679249724745246567e+03
5.680369672412141881e+03
5.680610849821418924e+03
5.680951494270553667e+03
5.681030440011631072e+03
5.681291091094974036e+03
5.681335487040484622e+03
5.681396558316617302e+03
5.681631483304317044e+03
5.681660902172794522e+03
5.681720757630320804e+03
5.681774316862532942e+03
5.681891757464873081e+03
5.682125037789757698e+03
5.682167778227053532e+03
5.682280642837594314e+03
5.682343484161164270e+03
5.682481601071798650e+03
5.683737381582511262e+03
5.684368146805402830e+03
5.684564615208262694e+03
5.684726044745812032e+03
5.685187340781095372e+03
5.685224881812677268e+03
5.685341113932536246e+03
5.685468255761704313e+03
5.685705451187716790e+03
5.685847415080840619e+03
5.686348808536434262e+03
5.686709867675661371e+03
5.687492808810880888e+03
5.687565955593788203e+03
5.688549949887395996e+03
5.689206216887168921e+03
5.689500062843015257e+03
5.689667125729212785e+03
5.689690748612434618e+03
5.689765503883002566e+03
5.689994999004633428e+03
5.690161036752658219e+03
5.690255756341572123e+03
5.690299259443926530e+03
5.690421984259122837e+03
5.690523236607345098e+03
5.690629811870458070e+03
5.690773780263327353e+03
5.690780773304557442e+03
5.691030529299468071e+03
5.691142993932534409e+03
5.691267377717435920e+03
5.691295995571082130e+03
5.691546810078588351e+03
5.691552627443036727e+03
5.691654623390028064e+03
5.692020782678507203e+03
5.692291122151078525e+03
5.692386935042270125e+03
5.692689919609651952e+03
5.692691615729289879e+03
5.692695639417381244e+03
5.692764163127665597e+03
5.692880941509885815e+03
5.693048796562755342e+03
5.693091948817655975e+03
5.693343446741458138e+03
5.693367557373137970e+03
5.693779379409965259e+03
5.693789999225221436e+03
5.694018694616185712e+03
5.694029730932393250e+03
5.694768108577941348e+03
5.694840761911505979e+03
5.694871569857907161e+03
5.695278388324735715e+03
5.695292757258760503e+03
5.695409216841464513e+03
5.695648881417625489e+03
5.696036983671025155e+03
5.696208061360600368e+03
5.696309757828325019e+03
5.696311742914859678e+03
5.696416338208652633e+03
5.696521407646783700e+03
5.697420162465640715e+03
5.698043980300088151e+03
5.698069499805994383e+03
5.698089042577611508e+03
5.698109409038147533e+03
5.698823074738978903e+03
5.698834551057873796e+03
5.698845871260194144e+03
5.699018464223839146e+03
5.699043282097736665e+03
5.699050428588347131e+03
5.699073266789331683e+03
5.699161543192290083e+03
5.699557533896877430e+03
5.700327462306887355e+03
5.700434166156299398e+03
5.700511509450679114e+03
5.700974378478452309e+03
5.700995011321470884e+03
5.701343843075912446e+03
5.701706467058813359e+03
5.701800234502194144e+03
5.701821186844143995e+03
5.702125940234214795e+03
5.702157886802358007e+03
5.702181894443577221e+03
5.702539326485192760e+03
5.702908550500312231e+03
5.702917762539358591e+03
5.702940158080191395e+03
5.703091019536122076e+03
5.703313908016994901e+03
5.703335034700312463e+03
5.704612687213349091e+03
5.705060154520457218e+03
5.705109438326400777e+03
5.705224471182367779e+03
5.705307576936344049e+03
5.705577617586909582e+03
5.706020128622089942e+03
5.706187989604129143e+03
5.706293998450179970e+03
5.706846219004453815e+03
5.707242233136699724e+03
5.707266701525441022e+03
5.707271278249251736e+03
5.707326030793179598e+03
5.707576368507347070e+03
5.708195853492523383e+03
5.708247999488270580e+03
5.708784415430443914e+03
5.708875255091404142e+03
5.709195177212170165e+03
5.709527936622143898e+03
5.709951827110557133e+03
5.710077956723852367e+03
5.710238971221353495e+03
5.710258945671250331e+03
5.710330790893956873e+03
5.710573334721047104e+03
5.710969733372732662e+03
5.711088705066167677e+03
5.711209698041583579e+03
5.711460238496753846e+03
5.711743654082704779e+03
5.711785104668037093e+03
5.711918746009407187e+03
5.712072257525514033e+03
5.712252132884996172e+03
5.712353189688904422e+03
5.712362608722463847e+03
5.712554383464880630e+03
5.712562409691964604e+03
5.712580699679660938e+03
5.712731917737522053e+03
5.712763045478970525e+03
5.713067274106425430e+03
5.713076873195163898e+03
5.713081015075863434e+03
5.713348328045519338e+03
5.713452131051973993e+03
5.713476016572641129e+03
5.713702721569906316e+03
5.713930096617314121e+03
5.713962011869492017e+03
5.714071923114344827e+03
5.714168591899639978e+03
5.714437868284455362e+03
5.714526967925180543e+03
5.714553561007885946e+03
5.714778220413219969e+03
5.714806212959749246e+03
5.714900611770242904e+03
5.714915487746390681e+03
5.715031627951491828e+03
5.715119338273014364e+03
5.715454567781791411e+03
5.715708112258322217e+03
5.715810628376225395e+03
5.716234640341094746e+03
5.716401921593266707e+03
5.716427979356888500e+03
5.716712068708026891e+03
5.716784383979585982e+03
5.716868229034638716e+03
5.717080487081194406e+03
5.717197281259322153e+03
5.717320883895294173e+03
5.717408888128284161e+03
5.717499981685440616e+03
5.717898666999181842e+03
5.717973652764264443e+03
5.717979129935667515e+03
5.718226118876405963e+03
5.718257745541433906e+03
5.718411878944043565e+03
5.718540861023710022e+03
5.718541271872825746e+03
5.718645578139769896e+03
5.718720696083060830e+03
5.718953414986145617e+03
5.719034791098011738e+03
5.719290459267384904e+03
5.719578521118797653e+03
5.719801900743500482e+03
5.719933751667788783e+03
5.720149497781666469e+03
5.720151851068502765e+03
5.720166970486379796e+03
5.720682183683766198e+03
5.720868355045924545e+03
5.720911404812020010e+03
5.721279320511303013e+03
5.721483573626855105e+03
5.721566367421536597e+03
5.721629720745054328e+03
5.721712002905251211e+03
5.721844640873526259e+03
5.722073891447925234e+03
5.722098321605118144e+03
5.722209386221774366e+03
5.722756135738476587e+03
5.723101479960658253e+03
5.723195637857342263e+03
5.723248806498522754e+03
5.723612100410555286e+03
5.723750100142608972e+03
5.723951679405119648e+03
5.724186285652735023e+03
5.724432260196579591e+03
5.724539734148234857e+03
5.724545671369421143e+03
5.725394980381923233e+03
5.725716890528784461e+03
5.725922747928041645e+03
5.725997221618251388e+03
5.726050926132003042e+03
5.726389734303917066e+03
5.726401575091710583e+03
5.726676737666020927e+03
5.726892380470902026e+03
5.727290954528057227e+03
5.727408521192663102e+03
5.727711251782769068e+03
5.727790910606341640e+03
5.727932784180137787e+03
5.728043676277988197e+03
5.728257737124940832e+03
5.728528139940818619e+03
5.728861722498778363e+03
5.728873237247271391e+03
5.728976169080683576e+03
5.729120798446480876e+03
5.729288471882557133e+03
5.729390727118519862e+03
5.729437323959838068e+03
5.729479561743995873e+03
5.729930410155241589e+03
5.730089090078367008e+03
5.730136806934052402e+03
5.730515533211888396e+03
5.730835673567188678e+03
5.731037485111485694e+03
5.731053980705004506e+03
5.731104087111309127e+03
5.731125053076159929e+03
5.731581918661901909e+03
5.731834038031091950e+03
5.731888458149892358e+03
5.731983925893363448e+03
5.732021004604379414e+03
5.732080819048723242e+03
5.732292726550039333e+03
5.732652696848263986e+03
5.732706948215847660e+03
5.733102668336633542e+03
5.733735201970060189e+03
5.733865145547554675e+03
5.733903787604093850e+03
5.733964402982968750e+03
5.734161000781609800e+03
5.734255130396387358e+03
5.734298998398850927e+03
5.734624271727395353e+03
5.734805553383741426e+03
5.735379958468552104e+03
5.735510171872674618e+03
5.735722027794822679e+03
5.735815051157602284e+03
5.736086578027713585e+03
5.736170705086534326e+03
5.736375813639717308e+03
5.736675910887068312e+03
5.737509484682586844e+03
5.737637426862294888e+03
5.737639616720418417e+03
5.737692293132879058e+03
5.737698764883451986e+03
5.738082759476683350e+03
5.738172951822910363e+03
5.738224655640466153e+03
5.738387449232491235e+03
5.738474461693519515e+03
5.738716015952822090e+03
5.738875361137428627e+03
5.739424678542378388e+03
5.739571181649240316e+03
5.739771860180859221e+03
5.740498670799190222e+03
5.740807927463280976e+03
5.740976681512926916e+03
5.741006495917165012e+03
5.741222961070197925e+03
5.741679968832136183e+03
5.741710247645512936e+03
5.741839396379710706e+03
5.741866381369069131e+03
5.742108819415830112e+03
5.742393823348247679e+03
5.742899265358631965e+03
5.743055899242676787e+03
5.743309367660902353e+03
5.743497887345925847e+03
5.743532645137589498e+03
5.743647407237103835e+03
5.743711983524252901e+03
5.743960965236721677e+03
5.744125797681115728e+03
5.744160068448046331e+03
5.744245359241412189e+03
5.744465732941054739e+03
5.744729368340818837e+03
5.745219325282781028e+03
5.745732865322371254e+03
5.746108096880968333e+03
5.746123208575187164e+03
5.746323032352679547e+03
5.746350543448591452e+03
5.746831499291220098e+03
5.747235400093879434e+03
5.747258197666054912e+03
5.747546796954683487e+03
5.747596550988928357e+03
5.747651744311873699e+03
5.747719152185454732e+03
5.747827862066490525e+03
5.747969208088181404e+03
5.748162025980527687e+03
5.748166182792652762e+03
5.748271007415772146e+03
5.748305499847270767e+03
5.748536575507088855e+03
5.748632806629060724e+03
5.748692353648938479e+03
5.748751546817754388e+03
5.749035332694277713e+03
5.749175160883075478e+03
5.749188635645422437e+03
5.749432766048135818e+03
5.749857275884653973e+03
5.749877828490419233e+03
5.750268873317960242e+03
5.750405321489108246e+03
5.750694410766653164e+03
5.751014967870497458e+03
5.751137858683988270e+03
5.751456356415953451e+03
5.751819312284323132e+03
5.751918584760211161e+03
5.752549957169921072e+03
5.752610340762113083e+03
5.752752211613469626e+03
5.752808445836318242e+03
5.753045207333937469e+03
5.753149626379431538e+03
5.753290867963289202e+03
5.753320846386461199e+03
5.753361190060268200e+03
5.753419631497419687e+03
5.753790679422493668e+03
5.753873628183159781e+03
5.754222091961766637e+03
5.754345782191491708e+03
5.754779624858561874e+03
5.754862274435391555e+03
5.754976759406718884e+03
5.755071330795944050e+03
5.755347123556095539e+03
5.755545506202999604e+03
5.755829270334871580e+03
5.755836673358627195e+03
5.755952004835732623e+03
5.756271947345627268e+03
5.756738801047711604e+03
5.756751559080512379e+03
5.756843886028655106e+03
5.756848490651956126e+03
5.756979500159271993e+03
5.757002788449375657e+03
5.757595280268194983e+03
5.757714954367274913e+03
5.757733681608372535e+03
5.757849349714002528e+03
5.757955173819907031e+03
5.758162919817846159e+03
5.758208984471881195e+03
5.758272936430127629e+03
5.758487848810053038e+03
5.758531741701848659e+03
5.758650777058966014e+03
5.758761962387995482e+03
5.759104763884505701e+03
5.759157807711611895e+03
5.759809419524149234e+03
5.759889194601951203e+03
5.759954177725669069e+03
5.760003176833009093e+03
5.760195004643303037e+03
5.760239479295658384e+03
5.760587242315707044e+03
5.760784710208852630e+03
5.760814978953206264e+03
5.761400684278184599e+03
5.761731156586311045e+03
5.762213394130902088e+03
5.762314656517407457e+03
5.762425557144379127e+03
5.762455207680187414e+03
5.762725260883470582e+03
5.762835712507601784e+03
5.763060364335756276e+03
5.763256437143402763e+03
5.763409993144534383e+03
5.763451976393208497e+03
5.763813988485539085e+03
5.763961284828284988e+03
5.764055547133008986e+03
5.764393414196926642e+03
5.764394264631059741e+03
5.764404807502051881e+03
5.764420050715268189e+03
5.764485735047076560e+03
5.764694490491363467e+03
5.764846148281913884e+03
5.765247954846034190e+03
5.765264829004307103e+03
5.765344955785561979e+03
5.765570335983756195e+03
5.765819013169072605e+03
5.765906287628844439e+03
5.765913138814515150e+03
5.766020314426458754e+03
5.766365596823236956e+03
5.766434232573046756e+03
5.766829762925084651e+03
5.766900054311543499e+03
5.766914690496607363e+03
5.766945975312522023e+03
5.766968979088181186e+03
5.767021387390867858e+03
5.767152716569019503e+03
5.767246201327109702e+03
5.767494424672143396e+03
5.767579733608516108e+03
5.768173448366418597e+03
5.768174427355186708e+03
5.768268798353606144e+03
5.768446118477723758e+03
5.768734400327002732e+03
5.768746256107629051e+03
5.768951698739608219e+03
5.769008648963717860e+03
5.769170064671724504e+03
5.769256065880626920e+03
5.769307852753287989e+03
5.769395940271454492e+03
5.769897615763781687e+03
5.769920950108455145e+03
5.770229375707200234e+03
5.770450814744260242e+03
5.770664002129099572e+03
5.770808281557847295e+03
5.770937872818706637e+03
5.771031678421170909e+03
5.771080763826745169e+03
5.771118870329304627e+03
5.771431688241623306e+03
5.771515707646040028e+03
5.771614107554620205e+03
5.771755934681574217e+03
5.771881446875863730e+03
5.772028768883546036e+03
5.772093405335769603e+03
5.772239792981441497e+03
5.772295676863888730e+03
5.772444910862242068e+03
5.772643409921774946e+03
5.772712937894776587e+03
5.772859395159380256e+03
5.773006355975484439e+03
5.773120998608343143e+03
5.773224003138745502e+03
5.773437871924731553e+03
5.774674114640180051e+03
5.774694979869454073e+03
5.774865717664535623e+03
5.774959482815809679e+03
5.775098533140610016e+03
5.775146052480366961e+03
5.775439791147322467e+03
5.775577611106992663e+03
5.775682088818488410e+03
5.776102845478539166e+03
5.776163651817022583e+03
5.776196234761506275e+03
5.776510700890938097e+03
5.776525929335787623e+03
5.776746907514412669e+03
5.777091023315743769e+03
5.777187770274913419e+03
5.777221466543809584e+03
5.777232598536729711e+03
5.777298575951005660e+03
5.777424138407376631e+03
5.777460887840570649e+03
5.777649093020783766e+03
5.777736031281427131e+03
5.777811760057258653e+03
5.777842388689790823e+03
5.777920599140024024e+03
5.778007011943490397e+03
5.778027730360468922e+03
5.778312099992099320e+03
5.778728995517195472e+03
5.778973096881974016e+03
5.779033022246262590e+03
5.779135230734482320e+03
5.779367738398675101e+03
5.779513058613402791e+03
5.779586963324675708e+03
5.779700926756932859e+03
5.779952951173199835e+03
5.779979273049125368e+03
5.780472807949216985e+03
5.780611986011010231e+03
5.780809433264565087e+03
5.781238588904224343e+03
5.781276483393015951e+03
5.781445304045733792e+03
5.781587134473098558e+03
5.781875654221300465e+03
5.782071472066581919e+03
5.782556721728262346e+03
5.782565977031425973e+03
5.782587040730040826e+03
5.782763963915102977e+03
5.782821573709758923e+03
5.782947118705463254e+03
5.783096934535466062e+03
5.783237098466383031e+03
5.783314209755569209e+03
5.783321144566277326e+03
5.783595102156845314e+03
5.783783591369548049e+03
5.783919224042284441e+03
5.784060860141676130e+03
5.784151352513246820e+03
5.784319544684020912e+03
5.784377787157538478e+03
5.784455727739925351e+03
5.784681320174729990e+03
5.784974718683211904e+03
5.785033757851633709e+03
5.786021906831788328e+03
5.786077354127007311e+03
5.786116981835746628e+03
5.786131190006432917e+03
5.786352087923040926e+03
5.786693098874409770e+03
5.786780121850809337e+03
5.787076992130758299e+03
5.787209944094076491e+03
5.787435494293622469e+03
5.787688429758544771e+03
5.787893916151329904e+03
5.787899072073460047e+03
5.787998250987227948e+03
5.787998499961952803e+03
5.788275122426538474e+03
5.789382137618711567e+03
5.789434666018230928e+03
5.789614556137384170e+03
5.789675747785223393e+03
5.789758651839517370e+03
5.789781867823208813e+03
5.790074654074841419e+03
5.790126056229189999e+03
5.790307826112509247e+03
5.790549389362345210e+03
5.790689971236703968e+03
5.790709617717019682e+03
5.790814218021948363e+03
5.790868482858536481e+03
5.790875120439303828e+03
5.790897279199306467e+03
5.790996936071297569e+03
5.791185571998512387e+03
5.791219061251950734e+03
5.791521491243805031e+03
5.791528494346053776e+03
5.791699221777736966e+03
5.791736044196883086e+03
5.792080723137705718e+03
5.792242780561674408e+03
5.792250832339029330e+03
5.792407605540581244e+03
5.792437922281155807e+03
5.792470815278982627e+03
5.792477396851447338e+03
5.792490331160462119e+03
5.792645674076653449e+03
5.792692938236044938e+03
5.792716272600105185e+03
5.792728646609913085e+03
5.792788013405232959e+03
5.792886867877847180e+03
5.793080585603965119e+03
5.793261035165241992e+03
5.793298410603586490e+03
5.793371414059420204e+03
5.793371660600266296e+03
5.793648508198069976e+03
5.794206375175017456e+03
5.794575372907921519e+03
5.795761180747659637e+03
5.795924520367969308e+03
5.796464912403813287e+03
5.796563895265836436e+03
5.796598168898029144e+03
5.797083890325437096e+03
5.797335196093901686e+03
5.797839698104849958e+03
5.798026702599604505e+03
5.798246102661939403e+03
5.798732784318819540e+03
5.798891647298317366e+03
5.798916737648300114e+03
5.799021240134746222e+03
5.799104403572148840e+03
5.799463261108620827e+03
5.799602403395156216e+03
5.799646474935799233e+03
5.799787359962051596e+03
5.799805589212692212e+03
5.800145870565780569e+03
5.800247317754139658e+03
5.800423040087197478e+03
5.800815313875177708e+03
5.801063563541662006e+03
5.801068855594431625e+03
5.801105343648236158e+03
5.801352915710056550e+03
5.801357138741084782e+03
5.801554106631197101e+03
5.801851772181553315e+03
5.802042606224326846e+03
5.802252556523420026e+03
5.802474915686875647e+03
5.802579065279526731e+03
5.802684552909598096e+03
5.802853532064650608e+03
5.803223231253082304e+03
5.803249058025540762e+03
5.803370468837632870e+03
5.803787247018033668e+03
5.804058561194185131e+03
5.804096795594583455e+03
5.804231508974539793e+03
5.804240892449286548e+03
5.804288340431698089e+03
5.804412321134637750e+03
5.804489825215856399e+03
5.804921877253194907e+03
5.804938689238328152e+03
5.805454987473217443e+03
5.805714827731939295e+03
5.805768642672745955e+03
5.805939422553316035e+03
5.806085408760748578e+03
5.806425280783882954e+03
5.806426551338927311e+03
5.806685049061670725e+03
5.806860879152913185e+03
5.806943449544350187e+03
5.806944347598165223e+03
5.807020880667632809e+03
5.807170624985034920e+03
5.807639357147205374e+03
5.807999642831931851e+03
5.808235392477458845e+03
5.808298427637740133e+03
5.808486094204031360e+03
5.808859148969011585e+03
5.809321411840871406e+03
5.809337954381892814e+03
5.809800164325156402e+03
5.810142947793621715e+03
5.810218097768859479e+03
5.810261876595654940e+03
5.810284789935400113e+03
5.810446722108836184e+03
5.810691062860661077e+03
5.811210654184409577e+03
5.811400007528203787e+03
5.811464098500952787e+03
5.811578836659856279e+03
5.811745209751232323e+03
5.812330847204704696e+03
5.812572422067074513e+03
5.812796000721121345e+03
5.812836729276682490e+03
5.813027802997845356e+03
5.813106675169965456e+03
5.813342730129729716e+03
5.813359797468516263e+03
5.813396775170770525e+03
5.813541529444096341e+03
5.813772335928620123e+03
5.813982542525408462e+03
5.814027883723745617e+03
5.814216264370642421e+03
5.814250764054842875e+03
5.814456165656795747e+03
5.814778054350301318e+03
5.814837176375364834e+03
5.815027839994171700e+03
5.815325462018930921e+03
5.815329929228744732e+03
5.815363653792761397e+03
5.815585477810194789e+03
5.815758244002480751e+03
5.815860877363764303e+03
5.815934512336303669e+03
5.815948797263016786e+03
5.815989657664111292e+03
5.816007761401666357e+03
5.816116623780625559e+03
5.816147311840030852e+03
5.816414709284646960e+03
5.816463329892930233e+03
5.816583918267911940e+03
5.817089064713162770e+03
5.817093963765445551e+03
5.817417199314681056e+03
5.817746940370268931e+03
5.817750603681065513e+03
5.818083102583386790e+03
5.818513625690899971e+03
5.818530225904436520e+03
5.818727311116695091e+03
5.819269802636753411e+03
5.819319587191106621e+03
5.819730581811244519e+03
5.819933264302166208e+03
5.819998379042849592e+03
5.820258971641477729e+03
5.820370936188938686e+03
5.820393848323124985e+03
5.820627824823299306e+03
5.820651128112723200e+03
5.820693396352248783e+03
5.821234854463848023e+03
5.821407816434362758e+03
5.821718907896600285e+03
5.821788436901876594e+03
5.822282460965367136e+03
5.822412899645421930e+03
5.822420460910779184e+03
5.822488018136764367e+03
5.822613756821855532e+03
5.822708136274394747e+03
5.822771519114238799e+03
5.822840534502785886e+03
5.822868408088032993e+03
5.823041395716432817e+03
5.823132567101734821e+03
5.823223340350617946e+03
5.823308133560793067e+03
5.823681756742314064e+03
5.823785902517710383e+03
5.824087380783237677e+03
5.824200204865417618e+03
5.824228779822789875e+03
5.824405165747033607e+03
5.824865904227288411e+03
5.824922783843341676e+03
5.825590156814393595e+03
5.826131753783861313e+03
5.826325540301585534e+03
5.826534445405628503e+03
5.826551019710487708e+03
5.826677778296123506e+03
5.826768799505804054e+03
5.826945094639472700e+03
5.827348912358150301e+03
5.827549123396594950e+03
5.828038780818947998e+03
5.828152436901902547e+03
5.828243991295750675e+03
5.828256646368075963e+03
5.828541929446974791e+03
5.828802821189896349e+03
5.828847503609353225e+03
5.828863634615580850e+03
5.828955593486955877e+03
5.829049335754350068e+03
5.829060029022797607e+03
5.829235640558630621e+03
5.829313024563550243e+03
5.829333866345505157e+03
5.829349047940440869e+03
5.829690230995258389e+03
5.829965590553353650e+03
5.830318468163206489e+03
5.830752331095603950e+03
5.830880784012776530e+03
5.831125759787827519e+03
5.831656508450401816e+03
5.831768843150756766e+03
5.831847559943441411e+03
5.831929258508533167e+03
5.831973133173663882e+03
5.831988944852307213e+03
5.832055344185080685e+03
5.832261711448522874e+03
5.832264069940459194e+03
5.832301680279349057e+03
5.832826285725185699e+03
5.833050414765012647e+03
5.833196588090632758e+03
5.833239855227408043e+03
5.833250634261841697e+03
5.833393324297608160e+03
5.833559893881189964e+03
5.833763202574452407e+03
5.833838402825756020e+03
5.833897725732660547e+03
5.834263944424266811e+03
5.834629166528050519e+03
5.835089587873124401e+03
5.835262269420672055e+03
5.835458464463726159e+03
5.835648225662746881e+03
5.835703455899893015e+03
5.835728065940011220e+03
5.836061132029715736e+03
5.836154933113924017e+03
5.836634893392041704e+03
5.836715814019586105e+03
5.836719612384026732e+03
5.836760511480580135e+03
5.836820319119189662e+03
5.836876830342592257e+03
5.836884033082088536e+03
5.836980277261744959e+03
5.837270137071690442e+03
5.837370535643441144e+03
5.837643878472430515e+03
5.838021598259449092e+03
5.838209703934950994e+03
5.838261061570144193e+03
5.838266990888315377e+03
5.838516875450007319e+03
5.838629047257831189e+03
5.839341978587901394e+03
5.839393800342236318e+03
5.839513246067487671e+03
5.839592158925604053e+03
5.839909235649783113e+03
5.839968511542978376e+03
5.840087489563623421e+03
5.840271288675725373e+03
5.840490059686544555e+03
5.840604155613847070e+03
5.840607020168742565e+03
5.840633621484306786e+03
5.840953146071954507e+03
5.841035929819940975e+03
5.841101884387794598e+03
5.841534158673788625e+03
5.841593160881296171e+03
5.841696495128492643e+03
5.841773380466260278e+03
5.842174425120606429e+03
5.842470687549288414e+03
5.842533287545007624e+03
5.842556748012642856e+03
5.842636903848607290e+03
5.842667866434940152e+03
5.843058387537382259e+03
5.843208458088208317e+03
5.843265196619151538e+03
5.843266979868953968e+03
5.843284070913328833e+03
5.843727576314769067e+03
5.843900154858025417e+03
5.844102472866667995e+03
5.844694831315896408e+03
5.844795725493862847e+03
5.845111082494551738e+03
5.845361325064217453e+03
5.845556080862655108e+03
5.845828590958506538e+03
5.845921126529133289e+03
5.846206311263590578e+03
5.846340896660644830e+03
5.846388313512461536e+03
5.846443562858179575e+03
5.846568915349614144e+03
5.846667942859122377e+03
5.846901919654968879e+03
5.846915776152284707e+03
5.847282703230887819e+03
5.847370370649565302e+03
5.847524055031248281e+03
5.847640197719201751e+03
5.848221773229962309e+03
5.848319010832278764e+03
5.848354665156665760e+03
5.848405544644974725e+03
5.849229860289922726e+03
5.849403118150329647e+03
5.849520127698605393e+03
5.849755057336526988e+03
5.850002207794765127e+03
5.850223382460758330e+03
5.850567907548045696e+03
5.850621482195947465e+03
5.850720665912154800e+03
5.850732537772416435e+03
5.850816392686417203e+03
5.850862643297741670e+03
5.851065645305095131e+03
5.851187591305403657e+03
5.851213554937038680e+03
5.851533726320906680e+03
5.851678320507253375e+03
5.851908467889152234e+03
5.852028857185233392e+03
5.852108036233392340e+03
5.852283114982552434e+03
5.852379980151618838e+03
5.852408194666146301e+03
5.852602389626981676e+03
5.852604998306318521e+03
5.852625927787844375e+03
5.853093775023611670e+03
5.853297554993975609e+03
5.853666917234261746e+03
5.853798433610189022e+03
5.853986508115948709e+03
5.854018221475514110e+03
5.854556087661784659e+03
5.854669183416448504e+03
5.854691992205953284e+03
5.854731686302116941e+03
5.854795225862809275e+03
5.854805263025288696e+03
5.855376520092432656e+03
5.855628583740452086e+03
5.855649802754477605e+03
5.855692156783316022e+03
5.855694376056983856e+03
5.855876783500277270e+03
5.855882128641704185e+03
5.856095582473151808e+03
5.856328820697825904e+03
5.856651841345301364e+03
5.856729393914999491e+03
5.857760558468480667e+03
5.857813087467287005e+03
5.857827251335128494e+03
5.858075810191329765e+03
5.858283699407515087e+03
5.858368915213017317e+03
5.858408205219066076e+03
5.858544600287864341e+03
5.858567538730104388e+03
5.858881456219788561e+03
5.859070707817767470e+03
5.859190674711737302e+03
5.859391440589858576e+03
5.859393131066788555e+03
5.859461039086197161e+03
5.859557132807149173e+03
5.859590688233754918e+03
5.859591305119317440e+03
5.859924798202440797e+03
5.859966300692439290e+03
5.860110112024551199e+03
5.860186419119377206e+03
5.860233551520754190e+03
5.860316389285730111e+03
5.860338448422542569e+03
5.860699532380021083e+03
5.861059880125309064e+03
5.861195008569914535e+03
5.861269444974814178e+03
5.861471834474140451e+03
5.861563632642039011e+03
5.861929346144248484e+03
5.862192974385705384e+03
5.862369197628343500e+03
5.862816710081476231e+03
5.862856605309401857e+03
5.862860441993463610e+03
5.862934166014596485e+03
5.863042476115309000e+03
5.863417462996735594e+03
5.863456067350811281e+03
5.863456577135790212e+03
5.863889420963664634e+03
5.864965067846325837e+03
5.865122832953546094e+03
5.865356507862344188e+03
5.865646145864110622e+03
5.865710946482738109e+03
5.865770925570586769e+03
5.865808706628835353e+03
5.865971061341886525e+03
5.865979320609819297e+03
5.866593467186116868e+03
5.867007174423092692e+03
5.867057626721178167e+03
5.867123052592329259e+03
5.867321922099333278e+03
5.867323542132869079e+03
5.867613885778356234e+03
5.867640250306199050e+03
5.867664334230647000e+03
5.867720318282771586e+03
5.868123453004683142e+03
5.868272258421111474e+03
5.868333715712423327e+03
5.868704366680595740e+03
5.868711834711360098e+03
5.868741184058602812e+03
5.868901429194209413e+03
5.868969992623052349e+03
5.869020652791908105e+03
5.869081476766248670e+03
5.869207138080654659e+03
5.869619545544089306e+03
5.869994015506250435e+03
5.870220474577111418e+03
5.870594890853701145e+03
5.870688940777587959e+03
5.870856343989909874e+03
5.870924469348987259e+03
5.870972834006771336e+03
5.871252250596637168e+03
5.871396075466810544e+03
5.871585330485759187e+03
5.871725719189648771e+03
5.871972799454401866e+03
5.871989211025998884e+03
5.872351298250418949e+03
5.872514149933184854e+03
5.872911182956663652e+03
5.872960500230447906e+03
5.873256386373733221e+03
5.873427551630605194e+03
5.873461381702978542e+03
5.873461999589405423e+03
5.873534172900832345e+03
5.873852232730313517e+03
5.873929502670152942e+03
5.873936147575117502e+03
5.874007440695090736e+03
5.874632304954066967e+03
5.874736839140871780e+03
5.875074055870106349e+03
5.875128426263395340e+03
5.875168114117978803e+03
5.875301290824336320e+03
5.875575045915437840e+03
5.875576267871454547e+03
5.875908751357793335e+03
5.875940331612164300e+03
5.876031117748168981e+03
5.876063937539027393e+03
5.876160638963043311e+03
5.877032565628068369e+03
5.877284688045479925e+03
5.877443965822322753e+03
5.877643679996659557e+03
5.877777104233338832e+03
5.877831215922906267e+03
5.877833908193024399e+03
5.877843619605449931e+03
5.878038366735550881e+03
5.878084411314168392e+03
5.878183215842057507e+03
5.878431050183146908e+03
5.878459755266280808e+03
5.878481981698198069e+03
5.878765301476809327e+03
5.878791227816357605e+03
5.879011191956388757e+03
5.879077540718896671e+03
5.879222367594475145e+03
5.879346413576370651e+03
5.879551790472187349e+03
5.879652712671741028e+03
5.880008220803739277e+03
5.880183893073155559e+03
5.880536149322134406e+03
5.881257585223099341e+03
5.881543435633588160e+03
5.881627513764016840e+03
5.881635829841375198e+03
5.881795881079517130e+03
5.881913843572209771e+03
5.881927947241481888e+03
5.882042350380729658e+03
5.882109671478929158e+03
5.882192712284442678e+03
5.882260137383414985e+03
5.882333313716068915e+03
5.882514885944938214e+03
5.882607038760106661e+03
5.882806912178397397e+03
5.882963138192431870e+03
5.883054903251045289e+03
5.883082664666801065e+03
5.883411016967871547e+03
5.883550516379754299e+03
5.884011050928553232e+03
5.884098242222798035e+03
5.884141920352630223e+03
5.884528009762320835e+03
5.884593422168231882e+03
5.884720150044643560e+03
5.884918657433057888e+03
5.885105162080112677e+03
5.885188147937426038e+03
5.885230056144743685e+03
5.885319364906388728e+03
5.885386656312974992e+03
5.885533041580102690e+03
5.885641892199127142e+03
5.885728332658080944e+03
5.885734408591026295e+03
5.885958678849030548e+03
5.886061449582257410e+03
5.886389110265036834e+03
5.886840041543193365e+03
5.886928120598334317e+03
5.886934452048832100e+03
5.886935846428405057e+03
5.887248736772362463e+03
5.887367250753627559e+03
5.887452689279336482e+03
5.887617719914054760e+03
5.887619472897436026e+03
5.888167074872394551e+03
5.888260946983612484e+03
5.888292540432052192e+03
5.888343728721001753e+03
5.888651936567604935e+03
5.888805110512912506e+03
5.888940332316579770e+03
5.889063078719785153e+03
5.889189314146248762e+03
5.889191186687772642e+03
5.889273877939746853e+03
5.889449484806186774e+03
5.889935686585510666e+03
5.889976116464697043e+03
5.890004355056748864e+03
5.890319177849125481e+03
5.890370039803498003e+03
5.890577741594078361e+03
5.890623774940605472e+03
5.890726900310255587e+03
5.890833617160881658e+03
5.890909743049992358e+03
5.890978208285489927e+03
5.891185694044332195e+03
5.891206247360518319e+03
5.891239088663286566e+03
5.891299285376837361e+03
5.891506075245788452e+03
5.891570933420236543e+03
5.891872161999624041e+03
5.891931516304189245e+03
5.892065761310101152e+03
5.892566273144543629e+03
5.892795249924170093e+03
5.892928067465699314e+03
5.893228408030855462e+03
5.893335709249421598e+03
5.893694037677620145e+03
5.893856155204464812e+03
5.893917915452423586e+03
5.894110507370126470e+03
5.894389291471622528e+03
5.894500896045757145e+03
5.894580636791183679e+03
5.894617771042613640e+03
5.894820140213248123e+03
5.895323692724776265e+03
5.895414951346804628e+03
5.895788890822566827e+03
5.896354340022635370e+03
5.896471059685542059e+03
5.896494208211666773e+03
5.896517705202174511e+03
5.896685964133496782e+03
5.897084021763405872e+03
5.897303230137788887e+03
5.897313200746602888e+03
5.897321123696241557e+03
5.898003898262538314e+03
5.898242382878258468e+03
5.898245275037951615e+03
5.898649606408412183e+03
5.898884782028882910e+03
5.898997757364500103e+03
5.899307607496393757e+03
5.899439097309137651e+03
5.899604889679069856e+03
5.899616771150404929e+03
5.899746829216677725e+03
5.900232952854562427e+03
5.900258390778944886e+03
5.900268630535851116e+03
5.900300794431360373e+03
5.900309328511941203e+03
5.900344371845979367e+03
5.900391782900783255e+03
5.900568757668633225e+03
5.900640179710020675e+03
5.900787071445955917e+03
5.900952752610783136e+03
5.901032234803330539e+03
5.901051807617680424e+03
5.901122932980335463e+03
5.901279237886232295e+03
5.901868141196786382e+03
5.901870708049619680e+03
5.902166819683914582e+03
5.902460881771097775e+03
5.902501526574706986e+03
5.902721599396062629e+03
5.902756421288143429e+03
5.903005690028594472e+03
5.903065655026973218e+03
5.903360860205236349e+03
5.903836243214976093e+03
5.903926976304711388e+03
5.904072625355079253e+03
5.904894597698093094e+03
5.904959355205499378e+03
5.905049746339913327e+03
5.905076403384579862e+03
5.905236081211764031e+03
5.905259323042404503e+03
5.905553573454066282e+03
5.905618573772861964e+03
5.905658404503250495e+03
5.905867500955798278e+03
5.905923703122349252e+03
5.906036690507515232e+03
5.906072993604963813e+03
5.906171524301340469e+03
5.906397605590704188e+03
5.907226996854701611e+03
5.907327055948549969e+03
5.907755252776055386e+03
5.907926327630872038e+03
5.908014673258343464e+03
5.908075824679250218e+03
5.908327484857094532e+03
5.908401632543716005e+03
5.908539314705525612e+03
5.909000073570277891e+03
5.909227637446666449e+03
5.909249103086572177e+03
5.909480769584312839e+03
5.909486077989177829e+03
5.910019251747959970e+03
5.910186519047908405e+03
5.910209796330616882e+03
5.910272005238835845e+03
5.910297868196744275e+03
5.910772970989266469e+03
5.911684488825218068e+03
5.911687566073275775e+03
5.911748068584633074e+03
5.911792732537471238e+03
5.911945690502167963e+03
5.912081691876562218e+03
5.912161843940095423e+03
5.912266325093627529e+03
5.912316498006517577e+03
5.912589209391295299e+03
5.913569175092005935e+03
5.913716290668794500e+03
5.913804844813218551e+03
5.913825826558108929e+03
5.913946195167897713e+03
5.914058109811378927e+03
5.914154234888617793e+03
5.914214639814745169e+03
5.914302759916344257e+03
5.914833310676775000e+03
5.915001560484881338e+03
5.915039408791185451e+03
5.915151417617480547e+03
5.915178255442989212e+03
5.915184485167715138e+03
5.915542264432777301e+03
5.915693624153070232e+03
5.915969890915409451e+03
5.915981893304237929e+03
5.916445622830964567e+03
5.916552824926571702e+03
5.916874254660415318e+03
5.917111327790109499e+03
5.917124895790288065e+03
5.917253410542136407e+03
5.917288352157398549e+03
5.917372517325716217e+03
5.917410543874681935e+03
5.917494677762879292e+03
5.917517250081687962e+03
5.917541820778749752e+03
5.917547745389949341e+03
5.917709308434942614e+03
5.917762303048585636e+03
5.917776731098801974e+03
5.918034165706580097e+03
5.918064616895579093e+03
5.918089903338312070e+03
5.918260396947122899e+03
5.918316328898013126e+03
5.918641859705816387e+03
5.918796224349787735e+03
5.919150050367480617e+03
5.919268216226008917e+03
5.919498005776806167e+03
5.919661363385805089e+03
5.919677784752537264e+03
5.919735034760191411e+03
5.919874289750851858e+03
5.920015187809502095e+03
5.921070411651512586e+03
5.921242941569696995e+03
5.921246125849845157e+03
5.921348198203136235e+03
5.921662268113911523e+03
5.922085302078850873e+03
5.922098545426607416e+03
5.922425967258899618e+03
5.922509212913903866e+03
5.922748818152209424e+03
5.923568364249322258e+03
5.923790042365825684e+03
5.923824380049398314e+03
5.924047951844728232e+03
5.924054092468192721e+03
5.924232757596168085e+03
5.924623155499344648e+03
5.924664383899780660e+03
5.924975226621515503e+03
5.924988816516008228e+03
5.925349953238686794e+03
5.925543622898299873e+03
5.925918913886220253e+03
5.926180963279910429e+03
5.926357102968986510e+03
5.926381909690906468e+03
5.926730220284787720e+03
5.926732721739699628e+03
5.926818333601660925e+03
5.926954417214717978e+03
5.927523057128119035e+03
5.927686995363479582e+03
5.927764024563215571e+03
5.928006725726370860e+03
5.928392974635713472e+03
5.928521070663755381e+03
5.928602982143298505e+03
5.928848659918287922e+03
5.929273054622294694e+03
5.929365439281146791e+03
5.929889513403678393e+03
5.930041099562086856e+03
5.930285736847979024e+03
5.930441138884460997e+03
5.930729127775591223e+03
5.930738670486533920e+03
5.931083775653013618e+03
5.931100836509046530e+03
5.931288907345613552e+03
5.931313289381694631e+03
5.931682987710582893e+03
5.931702292666152971e+03
5.931765640279861145e+03
5.932063255420744099e+03
5.932323513476071639e+03
5.932344287536309821e+03
5.932412060404668409e+03
5.932497194848472645e+03
5.932563395170251169e+03
5.932726737186061655e+03
5.933074289776352089e+03
5.933348993742060884e+03
5.933508679138360094e+03
5.933647034800743313e+03
5.933762022080468341e+03
5.933765785011689331e+03
5.933829182341002706e+03
5.934161607791849747e+03
5.934415970917109917e+03
5.934869030601700615e+03
5.935005420037273325e+03
5.935044044552642845e+03
5.935077797225198992e+03
5.935516330207649844e+03
5.936061080755537660e+03
5.936498218686353539e+03
5.936890875794220847e+03
5.936908353821096171e+03
5.936919528996003464e+03
5.937343489662621323e+03
5.937555558826538800e+03
5.937761167834297339e+03
5.937764622387966483e+03
5.938178182570486570e+03
5.938614952236785030e+03
5.938667249518435710e+03
5.938682677445842273e+03
5.938689034289192023e+03
5.938883513489348843e+03
5.939228079114955108e+03
5.939257064232481753e+03
5.939337091801874521e+03
5.939404655611335329e+03
5.939470294162144455e+03
5.939485582994547258e+03
5.939743316691498876e+03
5.940687092394407955e+03
5.940803056391270729e+03
5.940913837967961626e+03
5.941013271431376779e+03
5.941022347976891069e+03
5.941457674639715151e+03
5.941654988604918799e+03
5.941709755600584685e+03
5.941898692454207776e+03
5.941920108039398656e+03
5.942023423041675414e+03
5.942426875921319152e+03
5.942431699363582084e+03
5.942450493273761822e+03
5.942559502731685825e+03
5.942640331840636463e+03
5.942996362505126854e+03
5.943074533327205245e+03
5.943297381916571794e+03
5.943418113703322888e+03
5.943613571565467282e+03
5.944229102090171182e+03
5.944490201405953485e+03
5.944566556263635903e+03
5.944649918131055529e+03
5.945040606896867757e+03
5.945167925727927468e+03
5.945230580770165034e+03
5.945515366907835414e+03
5.945721565383452798e+03
5.946082288172923654e+03
5.946118005899696072e+03
5.946167919296461150e+03
5.946192764189487207e+03
5.946452555069427945e+03
5.946561406461253682e+03
5.946595898305716219e+03
5.947226283651222730e+03
5.947253755603182981e+03
5.947276416589502332e+03
5.947824620889006837e+03
5.947950200094218417e+03
5.948210673409856099e+03
5.948571943631789509e+03
5.949250543640428987e+03
5.949475945701848104e+03
5.949496046283058604e+03
5.949516337647955879e+03
5.950213324866444964e+03
5.950456047161025708e+03
5.950783661223243143e+03
5.950902958735750872e+03
5.951023899525737761e+03
5.951369002409614041e+03
5.951388652450825248e+03
5.951503702288831846e+03
5.951935210685217498e+03
5.952033949260135159e+03
5.952121529533358625e+03
5.952146866982605388e+03
5.952356611521374361e+03
5.952904306453488971e+03
5.953087136576892590e+03
5.953212274033822723e+03
5.953214089610359224e+03
5.953323344682798961e+03
5.953341980254153896e+03
5.953989615987919933e+03
5.954285335568662049e+03
5.954599593536153407e+03
5.954995360649762915e+03
5.955239813495883936e+03
5.955307978890522463e+03
5.955312734575770264e+03
5.955373837051763076e+03
5.955559252354244563e+03
5.956146712363867664e+03
5.956495804449617026e+03
5.956629855990923716e+03
5.956751887648475531e+03
5.957134782695210561e+03
5.957332078790734158e+03
5.957356795744402007e+03
5.957448803154707093e+03
5.957663272877619420e+03
5.957807243554935667e+03
5.957839733391169830e+03
5.957933896491149426e+03
5.957962425021080890e+03
5.958335750508831552e+03
5.958500177603476004e+03
5.958833973390750543e+03
5.959143767170865431e+03
5.959161044289373422e+03
5.959165809803686898e+03
5.959321687302559440e+03
5.959837817728251139e+03
5.959902430755117166e+03
5.960722744520310698e+03
5.960870923482793842e+03
5.961106199791694962e+03
5.961178690117885708e+03
5.961187069023393633e+03
5.961358931165522336e+03
5.961785391058983805e+03
5.961861443436876471e+03
5.962113805471766682e+03
5.962126137598133937e+03
5.962230318904969863e+03
5.962331635548222948e+03
5.962331995620114867e+03
5.962591547027040178e+03
5.962685405982208067e+03
5.962735734287911328e+03
5.963245212395259841e+03
5.963345751771021241e+03
5.963477607431744218e+03
5.963670736093760752e+03
5.963790313976807738e+03
5.964231632618006188e+03
5.964765859045530306e+03
5.965120786840816436e+03
5.965165638971746375e+03
5.965249252558044645e+03
5.965371361924129815e+03
5.965734707375888320e+03
5.965747287313986817e+03
5.966188803151262618e+03
5.966209654680890708e+03
5.966434096554113239e+03
5.966527842656357279e+03
5.966535259479715933e+03
5.966886370736777280e+03
5.966920680751171858e+03
5.967014372962182279e+03
5.967042192360486297e+03
5.967520638317338125e+03
5.967775132916885923e+03
5.967811894228525489e+03
5.967824701356105834e+03
5.968201624419394648e+03
5.968451114011875688e+03
5.968541407788455217e+03
5.968710330573455394e+03
5.969033435060769989e+03
5.969850828039463522e+03
5.969922327293923445e+03
5.970007079297317432e+03
5.970041385387900846e+03
5.970262077761152796e+03
5.970364939278237216e+03
5.970443274441005087e+03
5.970499024403027761e+03
5.970502147568095097e+03
5.971052431607117796e+03
5.971279892545760958e+03
5.971467810149374600e+03
5.971933895542147184e+03
5.972251904779618599e+03
5.972655413364696869e+03
5.972961262224133861e+03
5.973165675246478713e+03
5.973592723104527977e+03
5.973705926096741678e+03
5.973742495715804580e+03
5.973991414487632937e+03
5.974089823853551025e+03
5.974200011102783719e+03
5.974635410584529382e+03
5.974643580860914881e+03
5.974737646964095802e+03
5.975553045206565002e+03
5.975952307196603215e+03
5.976077475033532210e+03
5.976258469554462863e+03
5.976874723065964645e+03
5.976982225906064741e+03
5.978024331403550605e+03
5.978054562948802413e+03
5.978061660844397920e+03
5.978385676489690013e+03
5.978511553116315554e+03
5.978526213283177640e+03
5.978905935739245251e+03
5.978998254725896913e+03
5.979289534504962830e+03
5.979302342894737194e+03
5.979455888279075225e+03
5.979593765867214643e+03
5.979884282266883019e+03
5.980291580590942431e+03
5.980386252106172833e+03
5.980449772281572223e+03
5.980544011875111210e+03
5.980557309137270749e+03
5.981006471785468420e+03
5.981219782673358168e+03
5.981529544623823313e+03
5.981636479263922411e+03
5.981667299839592488e+03
5.981763747986987255e+03
5.982225735793501372e+03
5.982299678347529152e+03
5.982489275850006379e+03
5.982492821321218798e+03
5.982823576050190240e+03
5.982932420316039497e+03
5.983089196990075834e+03
5.983635165035336286e+03
5.983663068652790571e+03
5.983713409495097949e+03
5.983889076131532420e+03
5.983941848789234427e+03
5.984065633312385216e+03
5.984110736351116429e+03
5.984268791988017256e+03
5.984297180090728943e+03
5.984465834248509964e+03
5.984583050937282678e+03
5.984657895053340326e+03
5.984712442984990957e+03
5.984936130392401537e+03
5.984989826427221487e+03
5.985067381678029960e+03
5.985116143253733753e+03
5.985379439695117981e+03
5.985419086878275266e+03
5.985481220675564145e+03
5.985551564089997555e+03
5.985823980297761409e+03
5.985847594483942885e+03
5.986131222022801012e+03
5.986189569997582112e+03
5.986226205910714270e+03
5.986944329169367847e+03
5.986981951639071667e+03
5.986990504043284091e+03
5.987197454558161553e+03
5.987335990833030337e+03
5.987552480808061773e+03
5.987771575395142463e+03
5.987920867326716689e+03
5.988455041988046105e+03
5.988535984292568173e+03
5.988553621358050805e+03
5.988711526291014707e+03
5.988758611975966232e+03
5.988770876213289739e+03
5.988792498884064116e+03
5.989037598611384055e+03
5.989137214339223647e+03
5.989166660433146717e+03
5.989664075368184058e+03
5.989667765495597450e+03
5.989717987023536807e+03
5.989834896747826861e+03
5.990227929624904391e+03
5.990488067481885082e+03
5.990524458808685267e+03
5.990742486014957649e+03
5.991192374024966739e+03
5.991273621108829502e+03
5.991398910063696349e+03
5.991495149379481518e+03
5.991597029574218141e+03
5.991664395283881277e+03
5.991702112978704463e+03
5.991800637010072933e+03
5.992127792172904265e+03
5.992193428526173193e+03
5.992349964978834578e+03
5.992442330175023017e+03
5.992492368780873221e+03
5.992645348005114101e+03
5.992862881738929900e+03
5.992881018972336278e+03
5.992893870033191888e+03
5.993370014185856235e+03
5.993530267196711975e+03
5.993576326754934598e+03
5.993720821015042020e+03
5.993827618749581234e+03
5.993832492591388473e+03
5.993943052166806410e+03
5.994098739862914044e+03
5.994158150489187392e+03
5.994386897976015462e+03
5.994494662886480000e+03
5.994689530896125689e+03
5.994937922994484325e+03
5.994965569438862985e+03
5.995056092316820468e+03
5.995306796518268129e+03
5.995697954267471687e+03
5.995771148137038836e+03
5.996318866591932419e+03
5.996385710461969211e+03
5.996416715587232829e+03
5.996474319718772676e+03
5.996780023565524971e+03
5.996874657695633687e+03
5.996906914857440825e+03
5.997051841625529050e+03
5.997533571529811525e+03
5.997761420971643020e+03
5.997796424175814536e+03
5.997992158292339809e+03
5.998079209713512682e+03
5.998221641414797887e+03
5.998310692910037687e+03
5.998848088865001955e+03
5.999251707952050310e+03
5.999264328485208353e+03
5.999387014650686069e+03
5.999637855256661169e+03
5.999782957783871097e+03
5.999835156897588604e+03
6.000033069540546421e+03
6.000058458701195377e+03
6.000072265196150511e+03
6.000073587153598055e+03
6.000435094977337940e+03
6.000984338703090543e+03
6.001282537398147724e+03
6.001607791387678844e+03
6.001671001681064809e+03
6.001702533855812362e+03
6.001812809057420054e+03
6.002201287566940664e+03
6.002550942522286277e+03
6.002857006684186672e+03
6.003284212149410450e+03
6.003360334616470936e+03
6.003565922654214774e+03
6.004049181265280822e+03
6.004063297177320237e+03
6.004154290651914380e+03
6.004403770520320904e+03
6.004910329212024408e+03
6.005307948341031079e+03
6.005684746603443273e+03
6.005711690258774979e+03
6.006349634283622436e+03
6.006389951378078877e+03
6.006504003500088402e+03
6.006542118754531657e+03
6.006579162730618918e+03
6.006871759979155286e+03
6.006958242128052916e+03
6.006968014038335241e+03
6.007001604849194337e+03
6.007078414158960186e+03
6.007608533148218157e+03
6.007666285394813713e+03
6.007705462591413379e+03
6.007886954664217228e+03
6.007993587349160407e+03
6.008059956658747069e+03
6.008086427939439091e+03
6.008139967460419939e+03
6.008168523701054255e+03
6.008194971817631085e+03
6.008228630629933832e+03
6.008372941318644735e+03
6.008532363773733778e+03
6.008644620316081273e+03
6.008662880779720581e+03
6.008891874952811122e+03
6.009120870323594318e+03
6.009157264780509649e+03
6.009308532725409350e+03
6.009344530394081630e+03
6.009351924695319212e+03
6.009998638492877035e+03
6.010017171248692648e+03
6.010082772063869015e+03
6.010474084380964996e+03
6.010602313382917600e+03
6.010605246312208692e+03
6.010645021543708935e+03
6.010712612912451732e+03
6.010817928618680526e+03
6.011049747454426324e+03
6.011177163206340083e+03
6.011180616829062274e+03
6.011420469344963749e+03
6.011684297669843545e+03
6.011755134603375154e+03
6.011977875333344855e+03
6.012116697273749196e+03
6.012578255089352751e+03
6.012960859305651866e+03
6.013008990050468128e+03
6.013199709167492983e+03
6.013288057921025029e+03
6.013470083166052063e+03
6.013768160362515118e+03
6.013926415634025943e+03
6.014337445161036158e+03
6.014526883928033385e+03
6.014596734599739648e+03
6.014660987612119243e+03
6.014890306210973904e+03
6.015037929696244646e+03
6.015293029040602960e+03
6.015449604581412132e+03
6.015569172355539195e+03
6.015692056052906082e+03
6.015968185462659676e+03
6.016090062307334847e+03
6.016185339682230733e+03
6.016365934463852682e+03
6.016377083115358801e+03
6.016508314191710269e+03
6.016616560373416178e+03
6.016699917841298884e+03
6.016924311798027702e+03
6.017025354651907037e+03
6.017034221776892082e+03
6.017258999631623738e+03
6.017287014505248408e+03
6.017310140847313050e+03
6.017409168565086475e+03
6.017670754563593619e+03
6.017934472633599398e+03
6.018003245656826039e+03
6.018026505822985200e+03
6.018089280407264596e+03
6.018171024949183447e+03
6.018308313429725786e+03
6.018434374813277827e+03
6.018917557672873045e+03
6.019051640784499796e+03
6.019581599570547041e+03
6.019639116390606432e+03
6.019746905381442957e+03
6.019962844532453346e+03
6.019998228983360605e+03
6.020096877753789158e+03
6.020511263793177022e+03
6.020676966403543702e+03
6.020701451760121017e+03
6.021167386579627419e+03
6.022180693055009215e+03
6.022195215027515587e+03
6.022201372709851057e+03
6.022205997076768654e+03
6.022268134760536668e+03
6.022298658189881280e+03
6.022401879059419116e+03
6.022518694148293434e+03
6.022974279410283998e+03
6.022991362546373239e+03
6.023124607908202051e+03
6.023340033996629245e+03
6.023378139864335935e+03
6.023630854174470187e+03
6.023644391743210690e+03
6.023648399133060593e+03
6.023822473289329537e+03
6.023833704089668572e+03
6.024392421990995899e+03
6.024559321198453290e+03
6.025027302663345836e+03
6.025429098067368614e+03
6.025574773503464712e+03
6.025853648228410748e+03
6.026320399314267888e+03
6.026795856355128308e+03
6.026850192268651881e+03
6.026889803432978624e+03
6.026961141206801585e+03
6.027178321724270063e+03
6.027180904801607539e+03
6.027233928106405983e+03
6.027311900762921141e+03
6.027364283625794997e+03
6.027400481522192422e+03
6.027521234363619442e+03
6.027525566347753738e+03
6.027636782443822085e+03
6.027715472098872851e+03
6.027942152713462747e+03
6.027978659372678521e+03
6.028175387377866173e+03
6.028368292580240450e+03
6.028372345862494512e+03
6.028432536417411029e+03
6.028565423720822764e+03
6.028729608031948374e+03
6.028754890130624517e+03
6.028760902412465839e+03
6.028917321748330323e+03
6.028986440861128358e+03
6.029078535132279285e+03
6.029257797089042469e+03
6.029437978976066915e+03
6.029957347341607601e+03
6.030105814171914062e+03
6.030139863452550344e+03
6.030237111219485996e+03
6.030244564219616223e+03
6.030289143372360741e+03
6.030503068929297115e+03
6.030623990092256463e+03
6.030731606929824011e+03
6.031065882640413292e+03
6.031202546717676341e+03
6.031357281469293412e+03
6.031463066504700691e+03
6.031534703489680396e+03
6.031889134593515337e+03
6.031930115609910899e+03
6.032005915267974160e+03
6.032015294565737349e+03
6.032276533379962530e+03
6.032420788584343427e+03
6.032512412187950758e+03
6.032672410035146640e+03
6.032804046989456765e+03
6.033208678708707339e+03
6.033267456973251683e+03
6.033323089365234409e+03
6.033511836669891636e+03
6.034183684104154054e+03
6.035026210803491267e+03
6.035427527459140038e+03
6.035489667012216159e+03
6.035644874179543876e+03
6.035748079558462450e+03
6.035762673424186687e+03
6.035795731166763289e+03
6.036123272914936933e+03
6.036126967854230315e+03
6.036156551937614495e+03
6.036175864835470747e+03
6.036421049952823523e+03
6.036501567901162161e+03
6.036520370690775053e+03
6.036803258760777680e+03
6.036994203682603256e+03
6.037300972031839592e+03
6.037370264326385040e+03
6.037381370885834258e+03
6.037439397595847367e+03
6.037490585445550096e+03
6.037811409200637172e+03
6.037882766332537358e+03
6.037961065025645439e+03
6.038038453301002846e+03
6.038317819386938936e+03
6.038504868730057751e+03
6.038580106867557333e+03
6.039121165494104389e+03
6.039294571130373697e+03
6.039393730853565103e+03
6.039672037323197401e+03
6.039688657425668680e+03
6.039929480648823301e+03
6.039968912183052453e+03
6.040163125249037876e+03
6.040350644280591041e+03
6.040572235687366629e+03
6.040886723268560672e+03
6.041237831725612523e+03
6.041687479315055498e+03
6.042100910037751419e+03
6.042232732864285026e+03
6.042407172939630982e+03
6.042474405573916556e+03
6.042810107948805125e+03
6.042984934284169867e+03
6.043498729669337990e+03
6.043699065559102564e+03
6.043968600844309549e+03
6.044176338575592126e+03
6.044292128355768000e+03
6.044324573524234438e+03
6.044398057329122821e+03
6.044630572857121479e+03
6.044851892962138663e+03
6.044905700130191690e+03
6.044979206862003593e+03
6.045105037775769233e+03
6.045445516383622817e+03
6.045708385309619189e+03
6.045712219024635488e+03
6.046018026758076303e+03
6.046200862059689825e+03
6.046653372827488965e+03
6.046734914381810086e+03
6.046751695441235825e+03
6.046877495297293535e+03
6.047001568375044371e+03
6.047034406542303259e+03
6.047196918536294106e+03
6.047224260177653377e+03
6.047569568833305311e+03
6.047644768852070229e+03
6.047672244594220501e+03
6.047953046400069070e+03
6.048544242149342608e+03
6.048549620275866801e+03
6.048741190984272180e+03
6.049056285359237336e+03
6.049610868316200140e+03
6.049957158879265990e+03
6.050040522111250539e+03
6.050051487492487468e+03
6.050274744997205744e+03
6.050339780148947284e+03
6.050346628236877223e+03
6.050690776655946138e+03
6.050697877463512668e+03
6.050741277996741701e+03
6.050988018766852292e+03
6.051076464816644148e+03
6.051246040947535221e+03
6.051355717021115197e+03
6.051405072888593168e+03
6.051868243468400578e+03
6.051911929841602614e+03
6.052029111076667505e+03
6.052489691967223735e+03
6.052549849245236146e+03
6.052825787525028318e+03
6.053145365851809402e+03
6.053512500580826782e+03
6.053817105776885910e+03
6.053834598864181316e+03
6.053944670994306762e+03
6.053974258983209438e+03
6.054055895799459904e+03
6.054132599593790474e+03
6.054143008827277299e+03
6.054368486755131016e+03
6.054598686406232446e+03
6.054647448323708886e+03
6.055408133022698166e+03
6.055629372421419248e+03
6.055719320020552914e+03
6.055780318344680381e+03
6.055815009842609470e+03
6.056121484560171666e+03
6.056692560411237537e+03
6.056850592597914329e+03
6.057007137777795833e+03
6.057128839016928396e+03
6.057140047049355417e+03
6.057576542427244931e+03
6.057614929918810958e+03
6.057705741819706418e+03
6.057779304978437722e+03
6.057884697731281449e+03
6.057994199173564084e+03
6.058079543326460225e+03
6.058168774315013252e+03
6.058231130150132230e+03
6.058444809978805097e+03
6.058667103286737074e+03
6.058816305436410403e+03
6.058963018660767375e+03
6.059175833319215599e+03
6.059400220266075848e+03
6.059744134956034941e+03
6.059845437457394837e+03
6.060231794506327788e+03
6.060360404053321872e+03
6.060436485803708820e+03
6.060962277978129350e+03
6.061237885398959406e+03
6.061319885662781417e+03
6.061676898374173106e+03
6.061779645093703948e+03
6.061808211576282702e+03
6.062020591692472408e+03
6.062440169225642421e+03
6.062551814442064824e+03
6.062947810784615285e+03
6.062956740145361437e+03
6.062962532711317181e+03
6.062963301500636589e+03
6.063175168224793197e+03
6.063184961547858620e+03
6.063192462706438164e+03
6.063384431549625333e+03
6.063806167653712691e+03
6.063986075384679680e+03
6.064024330565069249e+03
6.064027840190523420e+03
6.064053410436307786e+03
6.064192900691719842e+03
6.064226240576556847e+03
6.064386082401366366e+03
6.064812067342073533e+03
6.065004660343797696e+03
6.065251600106350452e+03
6.065259352138310533e+03
6.065418771856220701e+03
6.065557800226429208e+03
6.065820473891214533e+03
6.065859305944685730e+03
6.065904865087582039e+03
6.066011977156385910e+03
6.066085850324019702e+03
6.066170422091082401e+03
6.066187172493076105e+03
6.066294516999953885e+03
6.066373183323614285e+03
6.066732886738231173e+03
6.066783873712068271e+03
6.066851776572580093e+03
6.067215723609704582e+03
6.067311729335267046e+03
6.067833573190277093e+03
6.068283506509744257e+03
6.068370152262509691e+03
6.068586317408833565e+03
6.068602535515985437e+03
6.068859865251648444e+03
6.068883766955914325e+03
6.068938936553579879e+03
6.068968047170423233e+03
6.069160536597515602e+03
6.069161637651273850e+03
6.069229615644951082e+03
6.069436053697115312e+03
6.069829789288006396e+03
6.069865653398992436e+03
6.069899096415885651e+03
6.069901484393279134e+03
6.070247743516907576e+03
6.070255288760786243e+03
6.070481033084674891e+03
6.070631993917823820e+03
6.070869448592966364e+03
6.071315407806237999e+03
6.071571157183708237e+03
6.071752427958497719e+03
6.071849049750302584e+03
6.071876285548210035e+03
6.072010075312298795e+03
6.072226324445342470e+03
6.072498843112374743e+03
6.072684348035387302e+03
6.072691498408952611e+03
6.073353724558213798e+03
6.073367865279386933e+03
6.073553862102684434e+03
6.073749380486990958e+03
6.073947757521083986e+03
6.074564867384338868e+03
6.074649466699765071e+03
6.074783359909914907e+03
6.074824764420699466e+03
6.074914924090500790e+03
6.075251957916514584e+03
6.075367655793696940e+03
6.075369414544338724e+03
6.075394475387626699e+03
6.075617078563213909e+03
6.075617805560867055e+03
6.075681413614347548e+03
6.075855680994784052e+03
6.075981268700241344e+03
6.076028388597418598e+03
6.076288474367309391e+03
6.076781687302987848e+03
6.076938837541870271e+03
6.076967551874685341e+03
6.077270709757109216e+03
6.077307157450187333e+03
6.077342714540157431e+03
6.077461317851115382e+03
6.077689449870061253e+03
6.077839731168280196e+03
6.077883842878079122e+03
6.078054951324610556e+03
6.078067206310604888e+03
6.078207464445934420e+03
6.078404073955301101e+03
6.078545165480153628e+03
6.078969301519582586e+03
6.079099083920928933e+03
6.079159462811975573e+03
6.079428813909820747e+03
6.079516269596666461e+03
6.079541521112412738e+03
6.079794117418017777e+03
6.080460108626465626e+03
6.080583491973137825e+03
6.080851937515944883e+03
6.081068751962272472e+03
6.081485115814490200e+03
6.081582240843900763e+03
6.081597892878071434e+03
6.081659741782969832e+03
6.081796578946028603e+03
6.081835941204249139e+03
6.081948916824067965e+03
6.082256750384774023e+03
6.082489675116080434e+03
6.082611217236501034e+03
6.082666744611571630e+03
6.082674739247327125e+03
6.082703099302783812e+03
6.082769645076554298e+03
6.083058279463969484e+03
6.083533347016629705e+03
6.083883869527631759e+03
6.083891498415518072e+03
6.084036058980416783e+03
6.084052220583486815e+03
6.084121439887616361e+03
6.084143265492734827e+03
6.084164106986315346e+03
6.084175405108047016e+03
6.084222585882797830e+03
6.084400722241924086e+03
6.084796449649103124e+03
6.084904140924284548e+03
6.084990858959910838e+03
6.085007699088713707e+03
6.085032671836124791e+03
6.085595808386411591e+03
6.086077482581345066e+03
6.086233679217175450e+03
6.086460888996984977e+03
6.086594545802980974e+03
6.087296854515726409e+03
6.087374776344500788e+03
6.087551257038139738e+03
6.087867476761166472e+03
6.088061501621124989e+03
6.088494715176697355e+03
6.088532840364481672e+03
6.088568993211490124e+03
6.088725509179059372e+03
6.088797894649718728e+03
6.088875734955800908e+03
6.088887896330849799e+03
6.088893641534113158e+03
6.089060355309830811e+03
6.089075199503214208e+03
6.089219331947317187e+03
6.089225737268729972e+03
6.089286300615292021e+03
6.089479107922769799e+03
6.089538911023642868e+03
6.089726615173153732e+03
6.090080950755540471e+03
6.090456121166591402e+03
6.091010777258619783e+03
6.091038295389960695e+03
6.091121946788954119e+03
6.091723558290420442e+03
6.091877302921770934e+03
6.092410882478470739e+03
6.092480100895874784e+03
6.092652550651388992e+03
6.092716547241785520e+03
6.092820330128410205e+03
6.092949667361732281e+03
6.093067778381298012e+03
6.093129897593491478e+03
6.093345473481113913e+03
6.093347015019242463e+03
6.093482824589741540e+03
6.093917006164916529e+03
6.094401546813392088e+03
6.094562697755916815e+03
6.094633339824569703e+03
6.095332312508007817e+03
6.095555572975585164e+03
6.095576105987236588e+03
6.095581329403948075e+03
6.095756313037152722e+03
6.095795055125020554e+03
6.095926334973817575e+03
6.096658327192886645e+03
6.096726649834035925e+03
6.096758836343267831e+03
6.096970073120356574e+03
6.097085472766292696e+03
6.097190079849162430e+03
6.097342037496933699e+03
6.097650649598066593e+03
6.097754034117221636e+03
6.097882647345371879e+03
6.097990158084297946e+03
6.098303932188725412e+03
6.098340290592633210e+03
6.098375865411435370e+03
6.098381597710796086e+03
6.098589077494651065e+03
6.098718385489364664e+03
6.098801223584070613e+03
6.098829864169645589e+03
6.098830421501477758e+03
6.098925927686329487e+03
6.099183932808369718e+03
6.099284518420718086e+03
6.099375374097598979e+03
6.099411313885800155e+03
6.099431420704384436e+03
6.099671659768984682e+03
6.100186906903333693e+03
6.100195265479800582e+03
6.100675863056455455e+03
6.100801848929643711e+03
6.100900416106402190e+03
6.101068369553717275e+03
6.101288543123359887e+03
6.101352185722454124e+03
6.101624638691832843e+03
6.101678158007060119e+03
6.101721025835683577e+03
6.101722902541173426e+03
6.101922230471220246e+03
6.101941783648729142e+03
6.102147625958560639e+03
6.102251182305089060e+03
6.102354016380106259e+03
6.102416916594287613e+03
6.102667892678180579e+03
6.102940666054189933e+03
6.103122474866410812e+03
6.103638531918983972e+03
6.103807885208024345e+03
6.103949666856095973e+03
6.104186507698907008e+03
6.104269536778775546e+03
6.104357196342027237e+03
6.104516253334563771e+03
6.104672768086761607e+03
6.104674858552930345e+03
6.104728119504738061e+03
6.104875394966861677e+03
6.105077068441035408e+03
6.105090916563892279e+03
6.105102420634940245e+03
6.105122683445411894e+03
6.105644366716654986e+03
6.106088248527144970e+03
6.106164121939083088e+03
6.106250903556076992e+03
6.106275691050671412e+03
6.106569909619962345e+03
6.106637400144742060e+03
6.107085470854225605e+03
6.107192840822414837e+03
6.107269163609881616e+03
6.107556653640854165e+03
6.107699374970884492e+03
6.107759788692962502e+03
6.107922260850757084e+03
6.108124755884400656e+03
6.109149992352043228e+03
6.109600084064245493e+03
6.109846038815183420e+03
6.110100522639265364e+03
6.110333277934624675e+03
6.110445069742612759e+03
6.110608323523581930e+03
6.110780646886661998e+03
6.111076435176729319e+03
6.111277098047692562e+03
6.111514889369695084e+03
6.111603732343791307e+03
6.111721368967666422e+03
6.111944561085888381e+03
6.111967422966494269e+03
6.111983583471816019e+03
6.112294247485103369e+03
6.112592793190707198e+03
6.112726913552073711e+03
6.113009177788053421e+03
6.113137529956875369e+03
6.113432491339675835e+03
6.113535393745195506e+03
6.113774667192325069e+03
6.113870408570977816e+03
6.114085574500361872e+03
6.114285051820558692e+03
6.114329954877788623e+03
6.114409192554469882e+03
6.114448503014085873e+03
6.114643790066630572e+03
6.114811885557001006e+03
6.114931250053269650e+03
6.115135431123689159e+03
6.115185439736741500e+03
6.115284170537926911e+03
6.115372183921575015e+03
6.115497584320757596e+03
6.115614525982459782e+03
6.115778554887949213e+03
6.115778861079378657e+03
6.115962675051840051e+03
6.115965055417481381e+03
6.116009312984221651e+03
6.116133316605707478e+03
6.116203121897410711e+03
6.116272800120214924e+03
6.116435607216112658e+03
6.116481897238879355e+03
6.116669349192042318e+03
6.116835353547577142e+03
6.116900496032450064e+03
6.117034943188280522e+03
6.117164294017337852e+03
6.117512559244431941e+03
6.117634017137255796e+03
6.117640029765920190e+03
6.117666068580608226e+03
6.117771216120947429e+03
6.117793524550862458e+03
6.117885490757667867e+03
6.117982097297696782e+03
6.118128120113869045e+03
6.118234372855637957e+03
6.118316129922492109e+03
6.118544402470096429e+03
6.118899196120836677e+03
6.118940436225519989e+03
6.118993741756539748e+03
6.119057779850946645e+03
6.119597727620282967e+03
6.119811076305407369e+03
6.119902767132561166e+03
6.120136142604523229e+03
6.120693358955699296e+03
6.120909700362764852e+03
6.121148908933401799e+03
6.121343908592386470e+03
6.121597412302990961e+03
6.121605610206652273e+03
6.121654049167284938e+03
6.121704570150639483e+03
6.121827012655172439e+03
6.121944510094504039e+03
6.121975622989742988e+03
6.121979748492374711e+03
6.122214997741330080e+03
6.122485835951287299e+03
6.122546325954430358e+03
6.122617778482879658e+03
6.122781818593854950e+03
6.123179826506931931e+03
6.123206451502731397e+03
6.123229031967226547e+03
6.123273687939856245e+03
6.123633704089430466e+03
6.123721127020977292e+03
6.124220149973050866e+03
6.124335655751973718e+03
6.124361553855377679e+03
6.124845136829282637e+03
6.124857752302441440e+03
6.124957694651868223e+03
6.125087527189431967e+03
6.125111987690769638e+03
6.125140842843114115e+03
6.125224618597933841e+03
6.125525935130198377e+03
6.125584495792456437e+03
6.125660915918166211e+03
6.125685868579757880e+03
6.125759912966985212e+03
6.125880606280238680e+03
6.126010411998984637e+03
6.126034956587833221e+03
6.126211821117959516e+03
6.126247485860338202e+03
6.126269556742715395e+03
6.126396659516233740e+03
6.126472871211190977e+03
6.126496202046551844e+03
6.126548640772438375e+03
6.126774770611174063e+03
6.126827376250231282e+03
6.126883683017003932e+03
6.126945485254122104e+03
6.127073215674516177e+03
6.127162051827209325e+03
6.127162423030339596e+03
6.127458617404058714e+03
6.127535069673539510e+03
6.127777733807422919e+03
6.127980834137964848e+03
6.128011470241538518e+03
6.128460483827511780e+03
6.128518604677698022e+03
6.128595965355680164e+03
6.128786685090285573e+03
6.129003540346228874e+03
6.129245906447593370e+03
6.129279432981005812e+03
6.129523122697477447e+03
6.129893629817249348e+03
6.130128823137768450e+03
6.130178306838752178e+03
6.130280448319101197e+03
6.130285055466045378e+03
6.130305455953791352e+03
6.130559127490558240e+03
6.130787996738628863e+03
6.130917977828952644e+03
6.131044675971191282e+03
6.131091430090182257e+03
6.131537184162423728e+03
6.131799150837960042e+03
6.131988112938664017e+03
6.132567747589994724e+03
6.132639222681114006e+03
6.132731756753642912e+03
6.132803362363242741e+03
6.132945682036470316e+03
6.133022463898414571e+03
6.133150747440754458e+03
6.133204989126804321e+03
6.133273176240696557e+03
6.133315083026255706e+03
6.133581008454468247e+03
6.133993520792973868e+03
6.133997395974270148e+03
6.134133422244534813e+03
6.134172212468552971e+03
6.134319866904408627e+03
6.134505032112258050e+03
6.134570729349228714e+03
6.134832539472398821e+03
6.134897467332822998e+03
6.135265108928284462e+03
6.135678303022572436e+03
6.135678828757082556e+03
6.135754729152436084e+03
6.135757417266815537e+03
6.135826635382474706e+03
6.135910370506719119e+03
6.135998841395215095e+03
6.136231596970670580e+03
6.136492108523363640e+03
6.136819862780074800e+03
6.136829366517581548e+03
6.136912977974383466e+03
6.137169121719709437e+03
6.137204107784732514e+03
6.137763383590733611e+03
6.137828795517759318e+03
6.138029477386475264e+03
6.138160986551092719e+03
6.138794510134461234e+03
6.138892203562426403e+03
6.138971020721201967e+03
6.138986234719930508e+03
6.139018993981800122e+03
6.139241760712269752e+03
6.139501989663700442e+03
6.139594642345530701e+03
6.139792147904176090e+03
6.139877078190786051e+03
6.140065266489996247e+03
6.140188571588534614e+03
6.140198789035749542e+03
6.140217738366143749e+03
6.140781553908878777e+03
6.140932502951607603e+03
6.141365504699796475e+03
6.141436902264239507e+03
6.141457645635623521e+03
6.141770972917521249e+03
6.141896238301942503e+03
6.142057189490988094e+03
6.142164862003271082e+03
6.142256808278073549e+03
6.142272453531091742e+03
6.142424696264019076e+03
6.142511312631116198e+03
6.142710006376647470e+03
6.142812794083181871e+03
6.142944790252414350e+03
6.143133909503229006e+03
6.143481619447791672e+03
6.143544718725861458e+03
6.143830826717859964e+03
6.143946054422232010e+03
6.144167806290226508e+03
6.144205360904228655e+03
6.144318793603801169e+03
6.144516661203990225e+03
6.144623046970763426e+03
6.145137969916354450e+03
6.145690472439369842e+03
6.145697962681973877e+03
6.145989804613467641e+03
6.146054572531042140e+03
6.146157532586533307e+03
6.146670851596200009e+03
6.147148395491106385e+03
6.147310085960040851e+03
6.147339866946144866e+03
6.147378976824363235e+03
6.147572554399460387e+03
6.147753497500089907e+03
6.148351189187671480e+03
6.148725788598106192e+03
6.148938263535123951e+03
6.149100287470406329e+03
6.149275711112060890e+03
6.149327681730570475e+03
6.149381569053640305e+03
6.149479349788505715e+03
6.149505453255565044e+03
6.149621799243701389e+03
6.149696839978972093e+03
6.149712437316338765e+03
6.149753926952539587e+03
6.149976308223360320e+03
6.150067434280663292e+03
6.150206410260228949e+03
6.150249379885980488e+03
6.150294049029870621e+03
6.150335435199325730e+03
6.150546034758090173e+03
6.150680081655659706e+03
6.150743961793141352e+03
6.150993009264284410e+03
6.151086459326619661e+03
6.151994772503611784e+03
6.152163031208677239e+03
6.152424160855702212e+03
6.152466810506480215e+03
6.152782287528730194e+03
6.152935009722475115e+03
6.153092179263368052e+03
6.153352154615320615e+03
6.153668557609659729e+03
6.153699076580875044e+03
6.153936768841637786e+03
6.153942453974179443e+03
6.153958066408488776e+03
6.154022633332701844e+03
6.154283047362622710e+03
6.154379617162287104e+03
6.154455986538336219e+03
6.154933363977391309e+03
6.154968397945569450e+03
6.155271725393758970e+03
6.155314999890756553e+03
6.155401335707176258e+03
6.155483928734757683e+03
6.155841785057798006e+03
6.156086619261451233e+03
6.156232271591556128e+03
6.156462909830454009e+03
6.156466335720897405e+03
6.156805917349878655e+03
6.157274919402561864e+03
6.157327593522607458e+03
6.157547687633375062e+03
6.157623621286202251e+03
6.157651542945238361e+03
6.157996684848886616e+03
6.158111797475279673e+03
6.158809796249328429e+03
6.159100604636011667e+03
6.159161069114027669e+03
6.159283119321709819e+03
6.159431067805829116e+03
6.159810992115513727e+03
6.159908251458810810e+03
6.160227018217129626e+03
6.160448423472034847e+03
6.160487974780149671e+03
6.160707351192881106e+03
6.160862751320500138e+03
6.160891133975619596e+03
6.160914385733231029e+03
6.161255827880420838e+03
6.161459573496547819e+03
6.161561030630226924e+03
6.161589494259691492e+03
6.161747317010655024e+03
6.162179611816698525e+03
6.162399023263715208e+03
6.162477233481982694e+03
6.162512707462175968e+03
6.162568655030095215e+03
6.162647432257004766e+03
6.162771314761143913e+03
6.162845208623452891e+03
6.162868494406986429e+03
6.163068176908341229e+03
6.163278006542845105e+03
6.163281568290247378e+03
6.163894169251424501e+03
6.164219144290168515e+03
6.164261420114769862e+03
6.164325137745186112e+03
6.164694794707460460e+03
6.164714309255317858e+03
6.164715881957300553e+03
6.165300145728433563e+03
6.165860045861063554e+03
6.166108525820199247e+03
6.166315411749453233e+03
6.166317593510074403e+03
6.166386422738583860e+03
6.166560926674286748e+03
6.166707358343591295e+03
6.167042832633524995e+03
6.167151949966481880e+03
6.167211467315406480e+03
6.167824428035561141e+03
6.168112879764622448e+03
6.168161576415524905e+03
6.168458721916333161e+03
6.168501887651683319e+03
6.168670596514343742e+03
6.168753424831429584e+03
6.168875076036029895e+03
6.168890770471261021e+03
6.169054805762088108e+03
6.169269468857271931e+03
6.169274986428897137e+03
6.169594195886966190e+03
6.169619855395401828e+03
6.169694269012618861e+03
6.169769089006500508e+03
6.169816246825816052e+03
6.169935524910310960e+03
6.170369468685052198e+03
6.170413992536254227e+03
6.170918600801735010e+03
6.171232505389891230e+03
6.171561676352805989e+03
6.171786846956974841e+03
6.172336391487238870e+03
6.172927951471240704e+03
6.173180548047696902e+03
6.173311650304635805e+03
6.173504948534454343e+03
6.173511006906565854e+03
6.173578940903864350e+03
6.173850432499777526e+03
6.173857330174173512e+03
6.173900673893288513e+03
6.174421847056970364e+03
6.174563504367490168e+03
6.174742520266231622e+03
6.174988738983003714e+03
6.175192395686480268e+03
6.175410511360795681e+03
6.175481249603471042e+03
6.175566686252414002e+03
6.175617663310993521e+03
6.175842429972710306e+03
6.176083669474035560e+03
6.176288189172440980e+03
6.176566226616223503e+03
6.176899291915370668e+03
6.177147403696440961e+03
6.177469458781273715e+03
6.177660054002553807e+03
6.177745674285835776e+03
6.177818393771958654e+03
6.177932207305103475e+03
6.178081006701661863e+03
6.178147529691948876e+03
6.178528931202794411e+03
6.178655822963530227e+03
6.178933676852358985e+03
6.179085365148221172e+03
6.179244940119233434e+03
6.179439848925941988e+03
6.179597716645947912e+03
6.179654980891835294e+03
6.179749462010149728e+03
6.179852948826568536e+03
6.179892361184246511e+03
6.179896327513944016e+03
6.180004952426394084e+03
6.180045794422084327e+03
6.180179514681501132e+03
6.180206667557875335e+03
6.180554289014168717e+03
6.180577485782091571e+03
6.180660036999835029e+03
6.180710111804483859e+03
6.180789720106410641e+03
6.180866216701401754e+03
6.180948348041062673e+03
6.180972396418443168e+03
6.181002188850668063e+03
6.181050238702515344e+03
6.181053162427803727e+03
6.181157568731362517e+03
6.181199678698632852e+03
6.181349577759948261e+03
6.181501715935062748e+03
6.181507379160882010e+03
6.181760054253566523e+03
6.182124589176351947e+03
6.182177461608062004e+03
6.182258058652601903e+03
6.182284057809970363e+03
6.182354858697120108e+03
6.182717674858244209e+03
6.182748363911861816e+03
6.182809113457275998e+03
6.182834927514081755e+03
6.183020501560010416e+03
6.183116154146090594e+03
6.183152794571398772e+03
6.183632822821900845e+03
6.183735434537197762e+03
6.183802517035565870e+03
6.184139687712624436e+03
6.184298862318219108e+03
6.184843687922375466e+03
6.184943736011397959e+03
6.185116258386537993e+03
6.185166557750239008e+03
6.185518645327637387e+03
6.185573374759651415e+03
6.185583587966942105e+03
6.185698201586703362e+03
6.186217203607260672e+03
6.186241225580638456e+03
6.186266480754524309e+03
6.186933206276416968e+03
6.187069621850180738e+03
6.187241447483430420e+03
6.187420560636888695e+03
6.187452373203512252e+03
6.187578908262999903e+03
6.188006970667607675e+03
6.188344289006263352e+03
6.188887715479250801e+03
6.188953253063850752e+03
6.189091343268059063e+03
6.189314563058605927e+03
6.189363041054634778e+03
6.189410558730191042e+03
6.189412592281246361e+03
6.189509277846932491e+03
6.189764833385566817e+03
6.189848793916383329e+03
6.189912877042716900e+03
6.190167416967720783e+03
6.190227010308549325e+03
6.190348617289666436e+03
6.190423355616972913e+03
6.190692032942388323e+03
6.191001860400415353e+03
6.191110322721812736e+03
6.191240117644239035e+03
6.191353253966318334e+03
6.191430902741179125e+03
6.192333532940903751e+03
6.192566251062863557e+03
6.192615974296766581e+03
6.192882363607494881e+03
6.192905304724200505e+03
6.192947280917705029e+03
6.192952138601802289e+03
6.193121698379975896e+03
6.193128584985846828e+03
6.193328647392681887e+03
6.193417675902268456e+03
6.193432570184354518e+03
6.193582268899638620e+03
6.193691915928893650e+03
6.193857050859971423e+03
6.193869964425414764e+03
6.193977505137077969e+03
6.194114427416015133e+03
6.194204057536710934e+03
6.194231430191700383e+03
6.194364052053691012e+03
6.194433122662887399e+03
6.194549325350732033e+03
6.195010105271114298e+03
6.195033908262439581e+03
6.195102350779329754e+03
6.195241572758050097e+03
6.195361187986752157e+03
6.195499798706267029e+03
6.195604238150684978e+03
6.195671383310020246e+03
6.195926175286912439e+03
6.196041756887868360e+03
6.196088829695194363e+03
6.196111831440513015e+03
6.196191697713229587e+03
6.196463021649415168e+03
6.196578378690227510e+03
6.196610568333527226e+03
6.196622136964376296e+03
6.197036103289328821e+03
6.197048643640904629e+03
6.197152951582043897e+03
6.197392372579563926e+03
6.197452427854137568e+03
6.197490263521321140e+03
6.197611662817957949e+03
6.197669011623404003e+03
6.197837819093193502e+03
6.197872182561545742e+03
6.198118909109814922e+03
6.198147577896371331e+03
6.198336302298645023e+03
6.198447906124295514e+03
6.198488058459716740e+03
6.198510627792661580e+03
6.198731324020900502e+03
6.198930610513551073e+03
6.199111745938731474e+03
6.199139080164767620e+03
6.199206482015993970e+03
6.199290480077978827e+03
6.199495636046603977e+03
6.199615987135509386e+03
6.199949022271290232e+03
6.200249735887196039e+03
6.200674178170283085e+03
6.200817333026593587e+03
6.200845308242422107e+03
6.200895336691082775e+03
6.200932753811209295e+03
6.200974205638930471e+03
6.200991404670281554e+03
6.201079603414135818e+03
6.201259006364284687e+03
6.201287410221088976e+03
6.201454573108915611e+03
6.201457673117466584e+03
6.201611213615356974e+03
6.201617607415646489e+03
6.202049958245540438e+03
6.202059377969746492e+03
6.202247826659890052e+03
6.202370295338096184e+03
6.202844903526709459e+03
6.203087381269653633e+03
6.203134791534477699e+03
6.203355355292050263e+03
6.203372381920453336e+03
6.203551568048023000e+03
6.204066121157591624e+03
6.204081785689741082e+03
6.204466221943035634e+03
6.204684721380633164e+03
6.204734875905237459e+03
6.204912824125375664e+03
6.204968715335448906e+03
6.205728732528016735e+03
6.205890337723087214e+03
6.206066493550800260e+03
6.206164512354334875e+03
6.207076607823636550e+03
6.207077808523992644e+03
6.207124242268563648e+03
6.207397808103838543e+03
6.207776291901489458e+03
6.207850720242777243e+03
6.208044262907213124e+03
6.208094854316896090e+03
6.208288283442883767e+03
6.208342868824998732e+03
6.208357349035672996e+03
6.208451134389093568e+03
6.208604698952500257e+03
6.208613560201794826e+03
6.208654876904248340e+03
6.208719158409719057e+03
6.208822987730291970e+03
6.209083087751911080e+03
6.209097046266537291e+03
6.209169942132080905e+03
6.209281350418308648e+03
6.209558507124522293e+03
6.209719773831377097e+03
6.209938182637444697e+03
6.210145503014943642e+03
6.210256343342749460e+03
6.210480628041034834e+03
6.210569803160691663e+03
6.210749871965723287e+03
6.210777429579557065e+03
6.210901944850593281e+03
6.210921606572143901e+03
6.210970156833696819e+03
6.211162059928485178e+03
6.211224910770189126e+03
6.211440703452258276e+03
6.211475944890532446e+03
6.211502242236226266e+03
6.211525210384233105e+03
6.211916290367527836e+03
6.211922592082650226e+03
6.212009876708629236e+03
6.212078740556455159e+03
6.212160261884710053e+03
6.212463251276456504e+03
6.212685277300247435e+03
6.212707857209999929e+03
6.212904696917193178e+03
6.213187635714211865e+03
6.213504230898416608e+03
6.213971745606059812e+03
6.214152684014948136e+03
6.214161913582253874e+03
6.214433209630386955e+03
6.215704977721552495e+03
6.216205275081394575e+03
6.216542938765715007e+03
6.216574004793550557e+03
6.216754832128878661e+03
6.216786262496561903e+03
6.216870030133595719e+03
6.216910888457784495e+03
6.217527933320869124e+03
6.217771039279467914e+03
6.217867711408167452e+03
6.217957041574054529e+03
6.218154044383793916e+03
6.218301954692349682e+03
6.218584703736147276e+03
6.218592656755218741e+03
6.218654705809383813e+03
6.218871329057122239e+03
6.219176409205835625e+03
6.219289509475779596e+03
6.219426584208429631e+03
6.219618629120802325e+03
6.219726532778800902e+03
6.219739173880210728e+03
6.220057917281490518e+03
6.220074236665781427e+03
6.220083720849500423e+03
6.220281940162760293e+03
6.220311236482078129e+03
6.220421542729525754e+03
6.220474464647870263e+03
6.220588814406153688e+03
6.220645321748614151e+03
6.220682431950634964e+03
6.220743481144853831e+03
6.220940216235000662e+03
6.221070603477288387e+03
6.221206443007458802e+03
6.221556973971418302e+03
6.221731360862611837e+03
6.221866912529791080e+03
6.221883266220230325e+03
6.221944900316462736e+03
6.222155039867236155e+03
6.222340654611140963e+03
6.222345801985698017e+03
6.222430115873094110e+03
6.222609798718126513e+03
6.222871080864720170e+03
6.222872653814641126e+03
6.222971175833725283e+03
6.223441425891465769e+03
6.224048152638921238e+03
6.224069500572550169e+03
6.224120320293054647e+03
6.224197370535516711e+03
6.224561358805375676e+03
6.224881705974706165e+03
6.224917260664080459e+03
6.224950867015321819e+03
6.225258919960459934e+03
6.225894322192859363e+03
6.225925037901961332e+03
6.225929903931490117e+03
6.226067575421738184e+03
6.226274155349075045e+03
6.226356517420456839e+03
6.226462664033137116e+03
6.226481749441767533e+03
6.226538036800239752e+03
6.226614386654447117e+03
6.226751437613002054e+03
6.226931811190072040e+03
6.226988952715259074e+03
6.227054779650494311e+03
6.227251590286642568e+03
6.227347198209135968e+03
6.227565224241522628e+03
6.227736377863807320e+03
6.227818527539089700e+03
6.227989277491574285e+03
6.228080332897188782e+03
6.228175551203260511e+03
6.228300788328007002e+03
6.228524549078665586e+03
6.228680106761234128e+03
6.228694617501246285e+03
6.228944013049240311e+03
6.229226034897399586e+03
6.229593876867589643e+03
6.229886441276947153e+03
6.229936573799309372e+03
6.230186570789427606e+03
6.230494589378466117e+03
6.230799176647390595e+03
6.230821620272914515e+03
6.230944847831307925e+03
6.231354508835468550e+03
6.231558939300152815e+03
6.231566293500883148e+03
6.232092046619860412e+03
6.232187423934927210e+03
6.232259597858756024e+03
6.232456760420426690e+03
6.233472229087933556e+03
6.233571979787373493e+03
6.233721434579632842e+03
6.233727376129083495e+03
6.233827009244271721e+03
6.233886340780616592e+03
6.234007819372166523e+03
6.234009032278001541e+03
6.234228828824520861e+03
6.234393788528581354e+03
6.234434213587701379e+03
6.234456945318556791e+03
6.234548313794673959e+03
6.234590268921198003e+03
6.234616940660646833e+03
6.234768747087801785e+03
6.234889698840190249e+03
6.235481804545370323e+03
6.235676425215876407e+03
6.235857178219547677e+03
6.235874948474618577e+03
6.235889644823190793e+03
6.236116828753720256e+03
6.236214993765401232e+03
6.236227721801455118e+03
6.236850652834617904e+03
6.236991813409683346e+03
6.237096073643926502e+03
6.237289619660609787e+03
6.237554007860448110e+03
6.237568935498542487e+03
6.237606417953827076e+03
6.238058085502345421e+03
6.238185206131545783e+03
6.238224613043018508e+03
6.238715280439830167e+03
6.238759294253170083e+03
6.239131506700227874e+03
6.239154608522368108e+03
6.239164999828948567e+03
6.239212612431054367e+03
6.239261178174562701e+03
6.239370827668238235e+03
6.239673950335755762e+03
6.240005544434525291e+03
6.240102122302152566e+03
6.240341612489629370e+03
6.240432508400852385e+03
6.240762677147202339e+03
6.240771571588508777e+03
6.240854732096484440e+03
6.240863261366950610e+03
6.241072225615162097e+03
6.241307553400899451e+03
6.241383510307602592e+03
6.241447609084643773e+03
6.241611310118169058e+03
6.241868197238267385e+03
6.242293838398971275e+03
6.242547136257340753e+03
6.242561945009091687e+03
6.242874036137058283e+03
6.242958189841608146e+03
6.243242968944741733e+03
6.243258290855637824e+03
6.243290579541011539e+03
6.243323938120702223e+03
6.243490595989412213e+03
6.243870179301223288e+03
6.244035772569235633e+03
6.244194201951839204e+03
6.244499816953680238e+03
6.244505549361075282e+03
6.244602547841331216e+03
6.244604871978129268e+03
6.244857318827792369e+03
6.244901456071273060e+03
6.244959929570161876e+03
6.244982505406414930e+03
6.244982761680322255e+03
6.245177643304164121e+03
6.245233800697590596e+03
6.245361917251178056e+03
6.245418468081677929e+03
6.246066359322458084e+03
6.246090178584787282e+03
6.246306201381482424e+03
6.246369063800779259e+03
6.246609764052709579e+03
6.246678690784113314e+03
6.246747712951816538e+03
6.246790066594849122e+03
6.246964695213315281e+03
6.247156740147737764e+03
6.247229786890052310e+03
6.247292072645762346e+03
6.247534911273026410e+03
6.247891988190262964e+03
6.247933054282430930e+03
6.247962796821712800e+03
6.247983289905590027e+03
6.248063646077887825e+03
6.248313357244021972e+03
6.248344273303237969e+03
6.248637511590059148e+03
6.248800377489646962e+03
6.248951653506967887e+03
6.249253884872514391e+03
6.249432533950154721e+03
6.249593294624651207e+03
6.249932825225891065e+03
6.249968162481537547e+03
6.249982105263935409e+03
6.250074095658588703e+03
6.250124679276204915e+03
6.250212122915881992e+03
6.250574911204869750e+03
6.250806497533792026e+03
6.250942914184923211e+03
6.251275566936234100e+03
6.251298271732816829e+03
6.251370015258296007e+03
6.251645271662051528e+03
6.252069893864288133e+03
6.252284555941446342e+03
6.252567985800202223e+03
6.252923556077957073e+03
6.253069287642392737e+03
6.253295172421897405e+03
6.253454461880585768e+03
6.253712059095613768e+03
6.254338266908404876e+03
6.254365325195270088e+03
6.254422684912674413e+03
6.254785749646656768e+03
6.254939001196096797e+03
6.255358191053030168e+03
6.255375589990275330e+03
6.255381716070631228e+03
6.255413161585817761e+03
6.255670444926938217e+03
6.255832561249569153e+03
6.255873876079435831e+03
6.256026980852742781e+03
6.256118591389315043e+03
6.256359710875735800e+03
6.256443346895184732e+03
6.256460707434982396e+03
6.256643502048093978e+03
6.256688884847722875e+03
6.256764392838882486e+03
6.256826803917062534e+03
6.257267611908810977e+03
6.257269242119737100e+03
6.257375864538122187e+03
6.257847986966693497e+03
6.257877717374215536e+03
6.257942244604856569e+03
6.257968758077963685e+03
6.257999765634540381e+03
6.258246378222052044e+03
6.258610484177088438e+03
6.258812876633864107e+03
6.258865982474845623e+03
6.259367247090646742e+03
6.259390911888314804e+03
6.259396982320804455e+03
6.259449279811389715e+03
6.259543194431341362e+03
6.259712281657511085e+03
6.260130525281360860e+03
6.260216781593966516e+03
6.260274009238210056e+03
6.260434671967043869e+03
6.260642721489434734e+03
6.260734796013294726e+03
6.261210033269526321e+03
6.261241575812898191e+03
6.261406774853427123e+03
6.261815352388707652e+03
6.261819145218104495e+03
6.262228356041801817e+03
6.262578482297399205e+03
6.262806249687262607e+03
6.262843304988552518e+03
6.263086286694887349e+03
6.263104968485301470e+03
6.263577127312752054e+03
6.263627543939999669e+03
6.264051654192227033e+03
6.264229503482431028e+03
6.264275998637926023e+03
6.264276989726471584e+03
6.264747938225744292e+03
6.264958934040818349e+03
6.265045722700657279e+03
6.265081123368925546e+03
6.265359431888400650e+03
6.265557807586546005e+03
6.265718162471086544e+03
6.265758907822698347e+03
6.266064085536312632e+03
6.266159030016647193e+03
6.266243665443384998e+03
6.266395589714000380e+03
6.266592954268226094e+03
6.266633107650884085e+03
6.266816427726969778e+03
6.267194967421379260e+03
6.267243424139774106e+03
6.267273029016640976e+03
6.267318251175764090e+03
6.267606991713326352e+03
6.267799804746875452e+03
6.267904480053784027e+03
6.267945545655777096e+03
6.268340628142633250e+03
6.268347463462437190e+03
6.268399716193338463e+03
6.268513286339245496e+03
6.268539290944639106e+03
6.268594576521409181e+03
6.268617498024031192e+03
6.268945348104351069e+03
6.269028553876880324e+03
6.269226771368503250e+03
6.269238384170993413e+03
6.269498530777155793e+03
6.269627767793992462e+03
6.270131867879489619e+03
6.270280348658784533e+03
6.270425470913804020e+03
6.270579437727879849e+03
6.270605789846862535e+03
6.270676490813005330e+03
6.270815080443359875e+03
6.270893558738865977e+03
6.270955174473941952e+03
6.271020556537720040e+03
6.271113729489117759e+03
6.271242141699683089e+03
6.271455630540039238e+03
6.271624444000830408e+03
6.271950082954022037e+03
6.272358626152049510e+03
6.272403488239264334e+03
6.272752289621904310e+03
6.272866660732602213e+03
6.272887358823654722e+03
6.273299106673219285e+03
6.273370608977444135e+03
6.273384651661041971e+03
6.273422184941457999e+03
6.273477952067233673e+03
6.273548179213047661e+03
6.273660686407480171e+03
6.274226002111320668e+03
6.274364423730346971e+03
6.274523520545105384e+03
6.274574480856033915e+03
6.275286440986998059e+03
6.275572043965383273e+03
6.275898497126250732e+03
6.276150787840085286e+03
6.276168210630105023e+03
6.276402167941476364e+03
6.276719549487720542e+03
6.277246675982410125e+03
6.277695362079977713e+03
6.277896014627391196e+03
6.277937831200882101e+03
6.277999067818341246e+03
6.278291315415955978e+03
6.278325651306736290e+03
6.278653792762876037e+03
6.279147486562930681e+03
6.279341372757787212e+03
6.279630587992309302e+03
6.279641045192258389e+03
6.279786140026763860e+03
6.280031996772077946e+03
6.280167754733280162e+03
6.280204467474479316e+03
6.280388019758273913e+03
6.280422708893094750e+03
6.280656385639320433e+03
6.280717664513639647e+03
6.280780131373598124e+03
6.280892590917987036e+03
6.281095114450788969e+03
6.281178482936662476e+03
6.281321995102126493e+03
6.281485624545783139e+03
6.281956787668159450e+03
6.282524508669361239e+03
6.282585271098409976e+03
6.282889648705513537e+03
6.283082346547096677e+03
6.283212750520742702e+03
6.283244340127344003e+03
6.283813093284127717e+03
6.283978677449466886e+03
6.284210347653254757e+03
6.284336254436386298e+03
6.284634232349755621e+03
6.284968494005587672e+03
6.285367123691881716e+03
6.285488167733493356e+03
6.285607283150871808e+03
6.285611977363751976e+03
6.285901246562915730e+03
6.286828548937604864e+03
6.286855370242951722e+03
6.286975458217590131e+03
6.287130096264072563e+03
6.287261831705055556e+03
6.287262511616741904e+03
6.287445224327964752e+03
6.287505168900417630e+03
6.287818083733145613e+03
6.288165444841428325e+03
6.288302654673246252e+03
6.288574590423386326e+03
6.288617534408291249e+03
6.289182380095096050e+03
6.289267786763025470e+03
6.289305868992049909e+03
6.289435127323622510e+03
6.289441775954678633e+03
6.290134898253074425e+03
6.290135506348494346e+03
6.290212659593459648e+03
6.290684547525996095e+03
6.291120840204872366e+03
6.291214216326400674e+03
6.291331123196747285e+03
6.291372549864105167e+03
6.291421245950087723e+03
6.291431664010977329e+03
6.291701603503163824e+03
6.291722008413094954e+03
6.291945987943576256e+03
6.292073866260494469e+03
6.292104286319461607e+03
6.292368355121028799e+03
6.292713169885172647e+03
6.292765856405959312e+03
6.292995166697540299e+03
6.293050251195115379e+03
6.293208872372591031e+03
6.293226142382060971e+03
6.293228510724740772e+03
6.293328836539162694e+03
6.293689729935581454e+03
6.293770527760852019e+03
6.294242228547002014e+03
6.294353985956692668e+03
6.294624570322631371e+03
6.294785326131430338e+03
6.294996479291170544e+03
6.295344444941493748e+03
6.295556906903216259e+03
6.295673230346766104e+03
6.295730281747443769e+03
6.296049130291852634e+03
6.296542881838403446e+03
6.296583072716089191e+03
6.296626231624021784e+03
6.297279648883966729e+03
6.297368533826587736e+03
6.297497863724388480e+03
6.297739523633327735e+03
6.297888840093969520e+03
6.297952865437646324e+03
6.298094090375569976e+03
6.298230684963217755e+03
6.298339190968800722e+03
6.298343273312287238e+03
6.298468257989024096e+03
6.298602694982646426e+03
6.299220812082910015e+03
6.299271414109960460e+03
6.299394790112241935e+03
6.299439034777147754e+03
6.299515464002432964e+03
6.299741122864952558e+03
6.299852638699132513e+03
6.299879514660005952e+03
6.300037541626972597e+03
6.300372863594603587e+03
6.300933263286972760e+03
6.301069929803878040e+03
6.301396674470034668e+03
6.301603898701181606e+03
6.301775261579307880e+03
6.301977048848913910e+03
6.302460112442016907e+03
6.302765878263270679e+03
6.302780048836989408e+03
6.303052145420243505e+03
6.303071400772798370e+03
6.303236548878747271e+03
6.303278519690324174e+03
6.303341272941652278e+03
6.303363306974184525e+03
6.303392606004030313e+03
6.303601540010611643e+03
6.303797031063559189e+03
6.304012871822633315e+03
6.304037985879441294e+03
6.304136311363365166e+03
6.304167040489880492e+03
6.304319631759845834e+03
6.304835191346329339e+03
6.304879522235232798e+03
6.305407275949331961e+03
6.305617845797958580e+03
6.305689915419312456e+03
6.305794126488626716e+03
6.305881070413885027e+03
6.305898776992764397e+03
6.306408322155347378e+03
6.306436623686113307e+03
6.306722278943810124e+03
6.306784637449255570e+03
6.306864382205904803e+03
6.306943903606602362e+03
6.306955803537907741e+03
6.307062085283876513e+03
6.307233707864347707e+03
6.307322453577782653e+03
6.307719636894772520e+03
6.307758115061578792e+03
6.307809794947082082e+03
6.308071246154890105e+03
6.308092385956759244e+03
6.308245813886311225e+03
6.308284912831479232e+03
6.308337836990123833e+03
6.308449498205030068e+03
6.308605672091954148e+03
6.308666451681588114e+03
6.309003146332242068e+03
6.309112163631471049e+03
6.309127808460812957e+03
6.309128560699395166e+03
6.309149816894364449e+03
6.309354259240429201e+03
6.309542210123382574e+03
6.309633537220969629e+03
6.309657044954990852e+03
6.309758896375798940e+03
6.309851004189036757e+03
6.309972097495982780e+03
6.310346915903835907e+03
6.310613764551995700e+03
6.310747076271175501e+03
6.310763904536654991e+03
6.310894421800720920e+03
6.310911250124169783e+03
6.311293512335028936e+03
6.311734673641190966e+03
6.311752112124657287e+03
6.311784611653022694e+03
6.312130228654546954e+03
6.312181566587997622e+03
6.312298728551410022e+03
6.312586371387188592e+03
6.312592070482871350e+03
6.312783986511249168e+03
6.312868772859323144e+03
6.313005964235858301e+03
6.313056626586992934e+03
6.313080109595614886e+03
6.313318967750889897e+03
6.313448014246049752e+03
6.313588538652750685e+03
6.313910450644095363e+03
6.314234242458014705e+03
6.314627429637059322e+03
6.315052251619778872e+03
6.315562831799097694e+03
6.315661412878529518e+03
6.316140336629156991e+03
6.316260242652610032e+03
6.316280932114966163e+03
6.316668741815285102e+03
6.316716069593613611e+03
6.316977254280649504e+03
6.317307966446658611e+03
6.317428996197057131e+03
6.317517714127288855e+03
6.317559521782613047e+03
6.317642816373804635e+03
6.317661652526925536e+03
6.317708013246126939e+03
6.317858769674453470e+03
6.317954156918066474e+03
6.318391146520339134e+03
6.318544570133918569e+03
6.318561528267524409e+03
6.318564063373859426e+03
6.318599981501432012e+03
6.318606261134651504e+03
6.319026397374099361e+03
6.319065639013641885e+03
6.319341763399905176e+03
6.319485730224657345e+03
6.320224388142853968e+03
6.320414716501489238e+03
6.320485795117925591e+03
6.320786460927093685e+03
6.320840108823663286e+03
6.320908733870744072e+03
6.320951085932871138e+03
6.321064776858217556e+03
6.321094977815326274e+03
6.321156616136582670e+03
6.321232101042091927e+03
6.321568602154352448e+03
6.321825457582989657e+03
6.321887366914369522e+03
6.322066141947447250e+03
6.322124714653752562e+03
6.322178509465984462e+03
6.322184188345459916e+03
6.322250984635248642e+03
6.322365892455615722e+03
6.322460588826802450e+03
6.322941939793216079e+03
6.323313738601057594e+03
6.323439312881716432e+03
6.323571474687501905e+03
6.323930939325057807e+03
6.323932777592826824e+03
6.324112001367239827e+03
6.324168239821493444e+03
6.324229855447073533e+03
6.324347823268084539e+03
6.324514427110891120e+03
6.324820219030356384e+03
6.324972224363605164e+03
6.325480116531453859e+03
6.325708998947117834e+03
6.325805456269104070e+03
6.325912313856838409e+03
6.325986068702869488e+03
6.326096221704326126e+03
6.326101976116818150e+03
6.326213074772037544e+03
6.326214018755847064e+03
6.326246006888104603e+03
6.326412302311294297e+03
6.326533844081726784e+03
6.326834474527453494e+03
6.327197548097751678e+03
6.327202395183884619e+03
6.327466268179314284e+03
6.327737989776826907e+03
6.327787439903345330e+03
6.327858700293974834e+03
6.328053919929529911e+03
6.328148670350125030e+03
6.328192123322514817e+03
6.328213222792996021e+03
6.328241928200906841e+03
6.328267285549347434e+03
6.328328423908090372e+03
6.328815679075140906e+03
6.328859908140689186e+03
6.329236784173417618e+03
6.329473952265573644e+03
6.329595868881268871e+03
6.329602456998332855e+03
6.329886534284897607e+03
6.330198649489033414e+03
6.330336616264471559e+03
6.330483645510364113e+03
6.330618331055827184e+03
6.330760494386308892e+03
6.330810507408411468e+03
6.330826632696176603e+03
6.330851224490806089e+03
6.330983305584325535e+03
6.331148125803335461e+03
6.331253421752401664e+03
6.331261185707836376e+03
6.331290096896200339e+03
6.331664741013884850e+03
6.331939141076302803e+03
6.332014066563587221e+03
6.332379256578810782e+03
6.332466127070221773e+03
6.332525953624630347e+03
6.332612819940042755e+03
6.332613521783095166e+03
6.332647170603823724e+03
6.332786231385889550e+03
6.332855247582707307e+03
6.332980371017053585e+03
6.333243480850990636e+03
6.333307784463506323e+03
6.333349950352780979e+03
6.333466523689260612e+03
6.333535289731482408e+03
6.333688416422969567e+03
6.334010119870345079e+03
6.334171714672892449e+03
6.334769915772825698e+03
6.334832075956464905e+03
6.334963223344595463e+03
6.335010530527090850e+03
6.335126150206453531e+03
6.335128224341999157e+03
6.335186837167641897e+03
6.335627641087725351e+03
6.335718823458763836e+03
6.335992592447790230e+03
6.336182647005574836e+03
6.336592330290778591e+03
6.336606518589352163e+03
6.336623903284528751e+03
6.336794986957483161e+03
6.336849104675909985e+03
6.337091030201404465e+03
6.337292504971638664e+03
6.337740387600021677e+03
6.337745240374450987e+03
6.338135690711912503e+03
6.338282754829347141e+03
6.338322938252705171e+03
6.338388438480547848e+03
6.338518594649299303e+03
6.338708669051720790e+03
6.338781188375963211e+03
6.338788911351407478e+03
6.338857838026265199e+03
6.339253231230078200e+03
6.339634693313702883e+03
6.339676077646815429e+03
6.339711887820751144e+03
6.339943217740021282e+03
6.339979116865324613e+03
6.340181009661817370e+03
6.340197267227178600e+03
6.340269616359440079e+03
6.340269999178482976e+03
6.340321838066336568e+03
6.340684985562905240e+03
6.341019247774682299e+03
6.341338012391542179e+03
6.341367233226400458e+03
6.341404381642700173e+03
6.341539378820903039e+03
6.341634904232018926e+03
6.342167969030901077e+03
6.342229265609766117e+03
6.342412516681430134e+03
6.342638111074763401e+03
6.342689699027608185e+03
6.342711673135505407e+03
6.342712339677785167e+03
6.342968267343054322e+03
6.343043173289352126e+03
6.343077269484944736e+03
6.343137142752219916e+03
6.343195494364442311e+03
6.343225548315438573e+03
6.343503650218885923e+03
6.343506740181057467e+03
6.343578334312449442e+03
6.343803110133202608e+03
6.343831199872699472e+03
6.344290555536445936e+03
6.344350138370635250e+03
6.344461239800613839e+03
6.344469825670842511e+03
6.344620299924714345e+03
6.344632893854174654e+03
6.344850994674068716e+03
6.345006674956325696e+03
6.345231452043330137e+03
6.345541636511931756e+03
6.345778421464528037e+03
6.345786392355069438e+03
6.346031108762717849e+03
6.346286584457428944e+03
6.346312047372221969e+03
6.346449395458033905e+03
6.346779628892406436e+03
6.347033203927310751e+03
6.347067487492175133e+03
6.347444838170856201e+03
6.347663704258620783e+03
6.347664801129756597e+03
6.347819502201728938e+03
6.347981792831868916e+03
6.348022848748008073e+03
6.348035864170816239e+03
6.348215823029798230e+03
6.348376904257495880e+03
6.348535720344524634e+03
6.348870807987896114e+03
6.348894028874766263e+03
6.349402476155106342e+03
6.349405481898327707e+03
6.349667052629517457e+03
6.349735135868617363e+03
6.349741341247973651e+03
6.349949865330409011e+03
6.350091817814156457e+03
6.350095905882747502e+03
6.350135338977420361e+03
6.350185421788023632e+03
6.350244925792871982e+03
6.350333911831326986e+03
6.350694176770113700e+03
6.350777857261213285e+03
6.350871736959552436e+03
6.351394726149839698e+03
6.351472483128940439e+03
6.352270032265325426e+03
6.352391659421238728e+03
6.352598298760988655e+03
6.352776878799084443e+03
6.352869851445275344e+03
6.352922275820958930e+03
6.352951322726875333e+03
6.352958731215800981e+03
6.353136178709731212e+03
6.353513411743093457e+03
6.353807906865098630e+03
6.354137015034504657e+03
6.354180751884041456e+03
6.354439455978009391e+03
6.354698768944971562e+03
6.354783423772843889e+03
6.354967760071605881e+03
6.354996912667487777e+03
6.355663620023386102e+03
6.355981865298608682e+03
6.356113549100978162e+03
6.356170151884598454e+03
6.356194123827200201e+03
6.356304190296293200e+03
6.356403979732201151e+03
6.356405146066073030e+03
6.356545132550285416e+03
6.356727456151133993e+03
6.356941187599916702e+03
6.357555342861556710e+03
6.357626094706807635e+03
6.357630354179817004e+03
6.357687800348184282e+03
6.357938173146815643e+03
6.357980768070949125e+03
6.358447098733479834e+03
6.358489189237112441e+03
6.358545918170316327e+03
6.358637401288678120e+03
6.358941495254859547e+03
6.359022156729707604e+03
6.359090430926812587e+03
6.359429871609359907e+03
6.359625743150573726e+03
6.359673537362443312e+03
6.359807840873407258e+03
6.359842705533196749e+03
6.360136638391613815e+03
6.360340533202959705e+03
6.360394335279490406e+03
6.360509266845553611e+03
6.360809672505062736e+03
6.361035915158768148e+03
6.361060415376127821e+03
6.361259718777832859e+03
6.361274125903357344e+03
6.361305744158518792e+03
6.361677214936908058e+03
6.361688424441231291e+03
6.361693567034818443e+03
6.361723854613826006e+03
6.361936471512812204e+03
6.362181199805535471e+03
6.362254387575068904e+03
6.362455463402562600e+03
6.362493443292652046e+03
6.362541833670215055e+03
6.362570708498678869e+03
6.362903633398523198e+03
6.363120507261144667e+03
6.363685982629554928e+03
6.363713869231521130e+03
6.363802928848463125e+03
6.363878724851181687e+03
6.363914024031647386e+03
6.363929454344543956e+03
6.364122274646795631e+03
6.364205360171401480e+03
6.364303195425894955e+03
6.364437011621776037e+03
6.364648033512290567e+03
6.364796458030726171e+03
6.364821519802011608e+03
6.364931091189701874e+03
6.364983900439855461e+03
6.364988426274803714e+03
6.365134515245125840e+03
6.365339568271124335e+03
6.365367919256751520e+03
6.365891397430471443e+03
6.365910534079383979e+03
6.365925673137776357e+03
6.366192251927029247e+03
6.366496402481135192e+03
6.366622709983178538e+03
6.366660123922825733e+03
6.366714474053727827e+03
6.366916186411856870e+03
6.367041097702673142e+03
6.367129206122309370e+03
6.367297175614858133e+03
6.367443744509653698e+03
6.367445082176839605e+03
6.367731678809240293e+03
6.367861729741093768e+03
6.367878695780319504e+03
6.368196967526843764e+03
6.368268048928605822e+03
6.368707773622013519e+03
6.369172516537668344e+03
6.369632688863932344e+03
6.369686306402501941e+03
6.369725653303313265e+03
6.370077077476309569e+03
6.370104085324343032e+03
6.370247199223163079e+03
6.370371047961082695e+03
6.370497906162011532e+03
6.370522023169225577e+03
6.370563217263625120e+03
6.370654985575526553e+03
6.370878122062391412e+03
6.370886312411856125e+03
6.370956042681968029e+03
6.370982802777291909e+03
6.371067507978399590e+03
6.371124421479381454e+03
6.371169668953074506e+03
6.371189710828075476e+03
6.371689960076579155e+03
6.371865404727936948e+03
6.372096286587781833e+03
6.372107944946590578e+03
6.372277677741473781e+03
6.372306791567309119e+03
6.372408256454121329e+03
6.372665293099077644e+03
6.373023729624041152e+03
6.373029277502941113e+03
6.373276466907152098e+03
6.373494064780152257e+03
6.373528502191467851e+03
6.373675010482160360e+03
6.374096698585703962e+03
6.374476059456374969e+03
6.374539381410852911e+03
6.376111142253643266e+03
6.376534909391927613e+03
6.376603030845147259e+03
6.376692668969881197e+03
6.377001847957698374e+03
6.377077459515388909e+03
6.377260635072175319e+03
6.377628441790066972e+03
6.377778218475657923e+03
6.377846312212755947e+03
6.378621277950644071e+03
6.379076754262005124e+03
6.379198075362152849e+03
6.379379836244915168e+03
6.379691599914094695e+03
6.379902333840720530e+03
6.380109701316448991e+03
6.380461405656749776e+03
6.380482069904611308e+03
6.380504420174564984e+03
6.380509756451473550e+03
6.381438415169752261e+03
6.381456667661392203e+03
6.381500042004904572e+03
6.381550327207471128e+03
6.381777916795078454e+03
6.381806712014418736e+03
6.381949107125716182e+03
6.381949981323473367e+03
6.382212867577978614e+03
6.382239827644009893e+03
6.382253231902303014e+03
6.382369403167293967e+03
6.382462716217018169e+03
6.382720891990659766e+03
6.382836835003207852e+03
6.382914246331880349e+03
6.382918063226528830e+03
6.382929483510242790e+03
6.383142852473872153e+03
6.383259742263157932e+03
6.383500312638988362e+03
6.383634823761939515e+03
6.383782018230010181e+03
6.383860507352022069e+03
6.383977045799765619e+03
6.384066046083211404e+03
6.384087558339837415e+03
6.384585301582410466e+03
6.384795545551761279e+03
6.384861497354221683e+03
6.384897551299574843e+03
6.384954981534305261e+03
6.385040496417675968e+03
6.385280607898365815e+03
6.385303530583481006e+03
6.385318299573851618e+03
6.385409788529851539e+03
6.385601548552401255e+03
6.385613555271761470e+03
6.385712773458698393e+03
6.385760350693883083e+03
6.385881055421876226e+03
6.386197619821768967e+03
6.386224685124186180e+03
6.386267869527209768e+03
6.386367232228563807e+03
6.386451529964229849e+03
6.386496156125183006e+03
6.386600048300449998e+03
6.386891243625551397e+03
6.387178248149882165e+03
6.387234055479915696e+03
6.387331471658152623e+03
6.387341570243810565e+03
6.387353419424674939e+03
6.387378311838368063e+03
6.387434425029586237e+03
6.387451537186371752e+03
6.387486566810233853e+03
6.388161314132863481e+03
6.388314107663381947e+03
6.388338739203516525e+03
6.388521068024961096e+03
6.388694778497212610e+03
6.388712728681497538e+03
6.388797148582738373e+03
6.389057587489802245e+03
6.389141585870390372e+03
6.389177564071106644e+03
6.389359346167526382e+03
6.389658647557993390e+03
6.389724325576370575e+03
6.389796032741770432e+03
6.390141178358459001e+03
6.390534891521954705e+03
6.390756627754160036e+03
6.390757146296906285e+03
6.390779712108158492e+03
6.390818698191583280e+03
6.390931132140583941e+03
6.391211838567169252e+03
6.391289010467497974e+03
6.391342170484714188e+03
6.391428540368009635e+03
6.391562178785997276e+03
6.391646626620105053e+03
6.391660844036366143e+03
6.391846068639630175e+03
6.392112577646978025e+03
6.392221229898047568e+03
6.392337961987574090e+03
6.392382377863756119e+03
6.392632732908598882e+03
6.392669280688621257e+03
6.392903850456161308e+03
6.393102814217167179e+03
6.393143469935183020e+03
6.393396803804501360e+03
6.393621905488626908e+03
6.393703843115577911e+03
6.393719185160158304e+03
6.393965082947007431e+03
6.394144858379690049e+03
6.394243684545182077e+03
6.394257489164525396e+03
6.394370119897901532e+03
6.394751929139221829e+03
6.394874532544582507e+03
6.394904786328909722e+03
6.395279000890311181e+03
6.395498191156737448e+03
6.395565641250930639e+03
6.395567477456424967e+03
6.395698132251921379e+03
6.395940373784396797e+03
6.395973262968487688e+03
6.395984658705476249e+03
6.396294442077743952e+03
6.396334840289754538e+03
6.396360404607919918e+03
6.396495521490873216e+03
6.396743626115865482e+03
6.396766479283843182e+03
6.396876768273202288e+03
6.396943483330614072e+03
6.397277400209388361e+03
6.397407856980004908e+03
6.397438519623579850e+03
6.397833453852786079e+03
6.397923025810327999e+03
6.397933657542249421e+03
6.398018607176251862e+03
6.398038255532338553e+03
6.398039851439842096e+03
6.398073740175717830e+03
6.398153082758562959e+03
6.398612879816235363e+03
6.398817027545180281e+03
6.398992688528307553e+03
6.399088121277824939e+03
6.399285871545233022e+03
6.399318397978468965e+03
6.399322421609453158e+03
6.399651986336545633e+03
6.399758507926370839e+03
6.399774687148008525e+03
6.399790874072723454e+03
6.399936709272997177e+03
6.400223532500735018e+03
6.400479465887888182e+03
6.400574370279367940e+03
6.400633021950070543e+03
6.400664438851892555e+03
6.400867857925444696e+03
6.400879163898754086e+03
6.400890532036220065e+03
6.401149503857067430e+03
6.401296713957277461e+03
6.401598583870942093e+03
6.401643126069203390e+03
6.401784834541782402e+03
6.401807323101554175e+03
6.401986769471460320e+03
6.402416760396165955e+03
6.402610151961137490e+03
6.402626712360202873e+03
6.402684813799896801e+03
6.403099368397192848e+03
6.403508886903518032e+03
6.403535539330405300e+03
6.403652264103744528e+03
6.403805122269182903e+03
6.403854277622910558e+03
6.404368182264372990e+03
6.404370462164352830e+03
6.404682906599295166e+03
6.404696318099007840e+03
6.404865536461004012e+03
6.405145885169423309e+03
6.405480140627362744e+03
6.405793441960290693e+03
6.405887618237801689e+03
6.405939922543023386e+03
6.405962174226138814e+03
6.406013966079660349e+03
6.406015246710653628e+03
6.406164405406178957e+03
6.406231333991348038e+03
6.406584450777529128e+03
6.406781913005191200e+03
6.407075210877948848e+03
6.407545161947527049e+03
6.407661819547717641e+03
6.407729070917714125e+03
6.407937286227720506e+03
6.408005687464522453e+03
6.408218695348826259e+03
6.408294458710157414e+03
6.408590694760723636e+03
6.408633654294261760e+03
6.408741393279601652e+03
6.409058722466873405e+03
6.409265113424484298e+03
6.409515380807911242e+03
6.409677852862673717e+03
6.409844891163171269e+03
6.409954306105702926e+03
6.410344875324311033e+03
6.410376689087484010e+03
6.410381583503283764e+03
6.410469056748249386e+03
6.410636051968453103e+03
6.411158799833913690e+03
6.411180420954295187e+03
6.411302516119437314e+03
6.411735493051160120e+03
6.411773002937408819e+03
6.411819428384636012e+03
6.411834827982557727e+03
6.411885276192240781e+03
6.412180507851417133e+03
6.412416513057701195e+03
6.412458479895530218e+03
6.412478715407798518e+03
6.412968099468725086e+03
6.413105957001272145e+03
6.413274338230606190e+03
6.413295285251758287e+03
6.413380231903515778e+03
6.413556913038975836e+03
6.413612372624374075e+03
6.413918163478003407e+03
6.414032684040724234e+03
6.414130740867594795e+03
6.414202945572440512e+03
6.414332291083534983e+03
6.414702339087330074e+03
6.414730525494152971e+03
6.414831496663208782e+03
6.414858839008483301e+03
6.415106220491526983e+03
6.415111169869112928e+03
6.415207374592887390e+03
6.415348074422196078e+03
6.415633785274979346e+03
6.415915812888713845e+03
6.416103720983586754e+03
6.416131247510661524e+03
6.416203419490732813e+03
6.416208775146405060e+03
6.416333645852169866e+03
6.416553098568033420e+03
6.416555832113604993e+03
6.416808252384264961e+03
6.416808349349335003e+03
6.416924224402097934e+03
6.417389500794920423e+03
6.417540231277398561e+03
6.417590838704974885e+03
6.417643235899306092e+03
6.417685637299207883e+03
6.417828894284273701e+03
6.418109463917295216e+03
6.418239254631787844e+03
6.418395188099599181e+03
6.418428295720564165e+03
6.418448325496688085e+03
6.418646257856076772e+03
6.418660318818889209e+03
6.418702382987619785e+03
6.418710643450209318e+03
6.418713860987409134e+03
6.418751042627069182e+03
6.419144070755959547e+03
6.419356402733771574e+03
6.419463092590230190e+03
6.419505691440976989e+03
6.419608347434907955e+03
6.419624792775317474e+03
6.420320288266841999e+03
6.420710398507309037e+03
6.421122238950445535e+03
6.421130127136742885e+03
6.421249146459897929e+03
6.421344943559332933e+03
6.421631468421463069e+03
6.421655053147918807e+03
6.421711866192409616e+03
6.421713176597499114e+03
6.421770245799214536e+03
6.421774302938226356e+03
6.421818562515721169e+03
6.422044845609325421e+03
6.422104870501848382e+03
6.422414199280359753e+03
6.422457534531606143e+03
6.422513904189442655e+03
6.422661168286069369e+03
6.422778684809930382e+03
6.422903122746952249e+03
6.422951960489864177e+03
6.423006456993619395e+03
6.423432830004123389e+03
6.423445462840963046e+03
6.423533187168707627e+03
6.423588737082457556e+03
6.423940356399404664e+03
6.424284634068995729e+03
6.424322056701159454e+03
6.424675410223381732e+03
6.424776581408828861e+03
6.424937315698533894e+03
6.425009784613032025e+03
6.425191775711858099e+03
6.425381312077774965e+03
6.425396407256662314e+03
6.425415480888907041e+03
6.425723559013615159e+03
6.425879727652992187e+03
6.426030909421723663e+03
6.426191897269595756e+03
6.426943056403943046e+03
6.427046283513713206e+03
6.427048511648360545e+03
6.427182925481947677e+03
6.427342950554684649e+03
6.427521223646523140e+03
6.427524095142558508e+03
6.427550361896031063e+03
6.427675308042405049e+03
6.427818125952824630e+03
6.427823697559286302e+03
6.427847497543582904e+03
6.428017733962017701e+03
6.428240443655963645e+03
6.428453711434308389e+03
6.428957168705247568e+03
6.429058186380379993e+03
6.429169171482390084e+03
6.429208781053580424e+03
6.429349394493318869e+03
6.429817882780032051e+03
6.429976969106766774e+03
6.430132020498142083e+03
6.430440961345506366e+03
6.430947998082974664e+03
6.431164490701400609e+03
6.431176350204927985e+03
6.431491164120627218e+03
6.431635756271676655e+03
6.431652039814845921e+03
6.431893725427421487e+03
6.432044889403787238e+03
6.432233295763917340e+03
6.432312456676958391e+03
6.432753369583594576e+03
6.432985945065668602e+03
6.433214352851397962e+03
6.433330682932361924e+03
6.433332430253099119e+03
6.433522842597886665e+03
6.433556263721923642e+03
6.433967147110222868e+03
6.434146027258052527e+03
6.434420820913604075e+03
6.434992487873356367e+03
6.435194109275344090e+03
6.435194473830277275e+03
6.435399363977845496e+03
6.435749955245993988e+03
6.435818998086279862e+03
6.435829982783422565e+03
6.436067288914720848e+03
6.436330459972435165e+03
6.436452516261964774e+03
6.436503535766976711e+03
6.436548974690278555e+03
6.436610311339643886e+03
6.436811359444336631e+03
6.437108206506129136e+03
6.437236396466410952e+03
6.437279739241160314e+03
6.437859681907797494e+03
6.438052624095280407e+03
6.438319706762885289e+03
6.438475499718643732e+03
6.438851910656320797e+03
6.438852677110298828e+03
6.439199167310086523e+03
6.439258759993484091e+03
6.439461733175811787e+03
6.439751591675773852e+03
6.439874438352990182e+03
6.439896739188638094e+03
6.440169714692934576e+03
6.440281054355533342e+03
6.440320946108480712e+03
6.440400210324396539e+03
6.441237233412664864e+03
6.441340295541426713e+03
6.441413718284337847e+03
6.441873284006497670e+03
6.442136171760288562e+03
6.442319195681938254e+03
6.442421284496190310e+03
6.442475696163342036e+03
6.443209207315260755e+03
6.443209465024142446e+03
6.443295113219488485e+03
6.443299092676472355e+03
6.443604076260052352e+03
6.443690073503744316e+03
6.443876575415899424e+03
6.444036905285704051e+03
6.444153895857521093e+03
6.444167737438329823e+03
6.444249616972316289e+03
6.444772855116301798e+03
6.445033079524371715e+03
6.445297890748051941e+03
6.445341397313207381e+03
6.445361202806565416e+03
6.445410827603077450e+03
6.445571690709094582e+03
6.445669801150578678e+03
6.445704066215861531e+03
6.445744885852026528e+03
6.446113289840988728e+03
6.446202759255953424e+03
6.446510846086454876e+03
6.447453677167875867e+03
6.447461773279558656e+03
6.447630631691678900e+03
6.448225812969348226e+03
6.448661332423233034e+03
6.448883297717220557e+03
6.449028644843430811e+03
6.449059156723422348e+03
6.449339039110127487e+03
6.449543353271359592e+03
6.449598006245596480e+03
6.449622383868991164e+03
6.449711791078459100e+03
6.449771702082502998e+03
6.449828279099352585e+03
6.449834615797693004e+03
6.449860619323211722e+03
6.449875995936567961e+03
6.450021375202140007e+03
6.450245112928151684e+03
6.450393509962505959e+03
6.450431208063369922e+03
6.450866417035700579e+03
6.450959498305494890e+03
6.450996377773616587e+03
6.451132630151721060e+03
6.451169461320853770e+03
6.451265959829820531e+03
6.451733362513818975e+03
6.451912897375590546e+03
6.452079631018795226e+03
6.452353455967248010e+03
6.452555709483775900e+03
6.452661822106882937e+03
6.452757974237378221e+03
6.452758905941417652e+03
6.452858833989248524e+03
6.452986351800784178e+03
6.453275178995585520e+03
6.453446576436585929e+03
6.453814387235489448e+03
6.454020655597686527e+03
6.454022020203129614e+03
6.454123543344138852e+03
6.454154923056064945e+03
6.454218973941448894e+03
6.454382193070638095e+03
6.454712390170390790e+03
6.454747739547734454e+03
6.454818351655908373e+03
6.454865201992967741e+03
6.454906248799949026e+03
6.454961797592322910e+03
6.455135191390545515e+03
6.455167084534875357e+03
6.455620930736698028e+03
6.455660075933930784e+03
6.455774003290465771e+03
6.455793192419061597e+03
6.455812531563240555e+03
6.455846109522187362e+03
6.456073369983058001e+03
6.456263113727432028e+03
6.456298837795745385e+03
6.456379871568733506e+03
6.456760570675535746e+03
6.456945869794180908e+03
6.456969824677512406e+03
6.457024148135434189e+03
6.457031612658003723e+03
6.457102986841234269e+03
6.457157898722485697e+03
6.457454506363137625e+03
6.457979529050044221e+03
6.458126575472892000e+03
6.458128302893825094e+03
6.458135427170521325e+03
6.458245913638600541e+03
6.458311626280287783e+03
6.458391452942510114e+03
6.458432137792516187e+03
6.458620840438576124e+03
6.458653012265627694e+03
6.459228585046506851e+03
6.459369918296878495e+03
6.459744062058176496e+03
6.459815721384989956e+03
6.459953278128088641e+03
6.460202672922151578e+03
6.460381516366713186e+03
6.460456130263639352e+03
6.460655825973281935e+03
6.461303285062276700e+03
6.461500953883279180e+03
6.461502179643132877e+03
6.461894316159109621e+03
6.461973989058587904e+03
6.462004195877784696e+03
6.462151081499352586e+03
6.462280872959422595e+03
6.462397535727332070e+03
6.462589436227830447e+03
6.462735047730375300e+03
6.462874904979881649e+03
6.462953362462252699e+03
6.463190890739311726e+03
6.463200997126656148e+03
6.463335964634035008e+03
6.463696262284304794e+03
6.463818748989137021e+03
6.463966843552886530e+03
6.463972773237436741e+03
6.464066070008655515e+03
6.464216273608273696e+03
6.464305201879603374e+03
6.464631754128530702e+03
6.464684853013991415e+03
6.465085253240801649e+03
6.465184112323382578e+03
6.465613037061725663e+03
6.465682635774123810e+03
6.465723134014658172e+03
6.465977756148578919e+03
6.466168016524803534e+03
6.466762407548014380e+03
6.466805482938285422e+03
6.466891158440748768e+03
6.467079950642113545e+03
6.467223497294068693e+03
6.467414472373729950e+03
6.467489930211391766e+03
6.467615426432377717e+03
6.467617962836974584e+03
6.467618180617728285e+03
6.467672936062209374e+03
6.467777403911803049e+03
6.468076417355050580e+03
6.468076636500347377e+03
6.468339916907676525e+03
6.468786150364233436e+03
6.468894018180584681e+03
6.468999376152238256e+03
6.469253858378838231e+03
6.469368942353242346e+03
6.469497089424639853e+03
6.469852362526643446e+03
6.469863613473181431e+03
6.470684991229009938e+03
6.470787338091342463e+03
6.470867299403376819e+03
6.470885390275728241e+03
6.470969111751090168e+03
6.471456289768788338e+03
6.471777274219337414e+03
6.471988556241044535e+03
6.471997736805206841e+03
6.472145628010123801e+03
6.472160765072161666e+03
6.472195326112533621e+03
6.472246663629710383e+03
6.472353029857458750e+03
6.472455993880229471e+03
6.472610460653337213e+03
6.472744029554453846e+03
6.472753817371070909e+03
6.472874475036356671e+03
6.473120614711808230e+03
6.473241869435843000e+03
6.473283271372125455e+03
6.473529731406059909e+03
6.473550345495343208e+03
6.473881286348968388e+03
6.473901130559262128e+03
6.474027581246885347e+03
6.474070147030599401e+03
6.474123006953392178e+03
6.474224632892093723e+03
6.474403081121922696e+03
6.475349179193600321e+03
6.475512614443422535e+03
6.475769691225312272e+03
6.475905740347541723e+03
6.475951164441727997e+03
6.475990037737014973e+03
6.476272793292981987e+03
6.476287703534329012e+03
6.476416820201689006e+03
6.476449233024061868e+03
6.476486365150649362e+03
6.476510627473252498e+03
6.476562595729622444e+03
6.476682535223087143e+03
6.476694553076758893e+03
6.476931313696323741e+03
6.477007791482658831e+03
6.477201370502750251e+03
6.477579565266781174e+03
6.477887836649186283e+03
6.477904487781685930e+03
6.478035521751167835e+03
6.478065026851300900e+03
6.478194536697697913e+03
6.478509256002454094e+03
6.479039861013955488e+03
6.479305050760126505e+03
6.479375057520373048e+03
6.479543786345016088e+03
6.479665094871087604e+03
6.479873598007514374e+03
6.479973378787174624e+03
6.480061852921790887e+03
6.480062057277801614e+03
6.480139743952873687e+03
6.480336717607510764e+03
6.480410153043901119e+03
6.480466094893055015e+03
6.480609478842392491e+03
6.480659423909264660e+03
6.480880820272661367e+03
6.480906254486136277e+03
6.481147011668454979e+03
6.481196326149677589e+03
6.481265964027855262e+03
6.481360387825348880e+03
6.481463544225131955e+03
6.481788242247238486e+03
6.481943354214566170e+03
6.481950258903039867e+03
6.482008189038728233e+03
6.482577625981550227e+03
6.482587859789606227e+03
6.482937773187346465e+03
6.482993016520547826e+03
6.483042913522658637e+03
6.483346347067889837e+03
6.483482718838497931e+03
6.483555445059518206e+03
6.483796768568511652e+03
6.484081901414811000e+03
6.484141177685940420e+03
6.484187295770403580e+03
6.484337677792009345e+03
6.484552743414972610e+03
6.484831862010863915e+03
6.484923846027949367e+03
6.484932042740296311e+03
6.485017784792813472e+03
6.485018277535964444e+03
6.485163893413283404e+03
6.485733131304481503e+03
6.485848674898305035e+03
6.485894904455494725e+03
6.486034203650587187e+03
6.486041147988205921e+03
6.486183973183791750e+03
6.486227352535018326e+03
6.486371967842810591e+03
6.486659575702520669e+03
6.486694575716051986e+03
6.486801475238596140e+03
6.486976657467790574e+03
6.486992409281761866e+03
6.487141997827660816e+03
6.487345966832286649e+03
6.487432175109950549e+03
6.487797139728310867e+03
6.487877019096201366e+03
6.488078364788247200e+03
6.488163575713605496e+03
6.488175836405610426e+03
6.488289846641660006e+03
6.488654713535182964e+03
6.488984088209501351e+03
6.489209942003308242e+03
6.489865770006123967e+03
6.489895941068582033e+03
6.489902337759611328e+03
6.490344448775703313e+03
6.490349768801783284e+03
6.490405684310160723e+03
6.490496126958732020e+03
6.490770125824715251e+03
6.490867760229489249e+03
6.490893244661777317e+03
6.490893852022875762e+03
6.491351139603028059e+03
6.491441819690646298e+03
6.491742196793826224e+03
6.491945357879558287e+03
6.491951929682931222e+03
6.492083683583151469e+03
6.492185137267667415e+03
6.492348811753553491e+03
6.492460909273666402e+03
6.492493349127365946e+03
6.492535889311441679e+03
6.492558233628906237e+03
6.492824185337813105e+03
6.492990049810832716e+03
6.493291452215742538e+03
6.493366679989303520e+03
6.493428214568126350e+03
6.493468623090483561e+03
6.493512603672237674e+03
6.493593489760766715e+03
6.493718344740153952e+03
6.493874850558114304e+03
6.493898833649142034e+03
6.493976385158647645e+03
6.494142803799032663e+03
6.494366174751987273e+03
6.494375714148040970e+03
6.494599641738792343e+03
6.494638849420921360e+03
6.494669519399122692e+03
6.494731090459379629e+03
6.495033179918430505e+03
6.495407521515361623e+03
6.495458905609501926e+03
6.495642618483416300e+03
6.495650738127526893e+03
6.495659538657617304e+03
6.495666847332968246e+03
6.495973864606778079e+03
6.496209902094472454e+03
6.496243677672381637e+03
6.496325950661916977e+03
6.496695309066645677e+03
6.496949493773666291e+03
6.496973176627078828e+03
6.497274566040998252e+03
6.498259727520523484e+03
6.498340544075505022e+03
6.498399648209900988e+03
6.498420897758010142e+03
6.498626603127742783e+03
6.498710128556003838e+03
6.498921333574267919e+03
6.499141286073236188e+03
6.499494307571409081e+03
6.499584417976968325e+03
6.499668646863636241e+03
6.500053427870519954e+03
6.500556014516482719e+03
6.500754908111896839e+03
6.500788027484036320e+03
6.500854712280603962e+03
6.500909713448625553e+03
6.501058382611652632e+03
6.501130153218822670e+03
6.501806441877707584e+03
6.502472427351583974e+03
6.502503298825808997e+03
6.502515186943908702e+03
6.502565894261889298e+03
6.502791457617379820e+03
6.502913050696473874e+03
6.502972772125099254e+03
6.503032785537408927e+03
6.503279463236533047e+03
6.503587157022083375e+03
6.503642203091515512e+03
6.504293226807965766e+03
6.504327311918954365e+03
6.504432079639169388e+03
6.504623045415342858e+03
6.504704527945355949e+03
6.504719345667848756e+03
6.504828723592790993e+03
6.505306380374493529e+03
6.506575286672255061e+03
6.506673905309644397e+03
6.506814200500950392e+03
6.506934825342013028e+03
6.507193083941850091e+03
6.507199916928429047e+03
6.507244934733907940e+03
6.507655886514035046e+03
6.507986061767186584e+03
6.508006454969732658e+03
6.508196485277750071e+03
6.508427255014312323e+03
6.508436730710300253e+03
6.508456823936795445e+03
6.508488486268245651e+03
6.508493687581599261e+03
6.508541391758249119e+03
6.508590813204479673e+03
6.508659374553550151e+03
6.508664275324658774e+03
6.508692482374676729e+03
6.508932381332210753e+03
6.509208807108439942e+03
6.509246416979387504e+03
6.509317655705080142e+03
6.509324399904255188e+03
6.509517835499763351e+03
6.509621972198984622e+03
6.509657769158968222e+03
6.509679788053578704e+03
6.509759670827170339e+03
6.509871098953623004e+03
6.509881724291166393e+03
6.509975632451526508e+03
6.509989803631385257e+03
6.510048637443981534e+03
6.510199261716987166e+03
6.510575368039580098e+03
6.510776116965595065e+03
6.511190510041307789e+03
6.511433018734484904e+03
6.511533678400603094e+03
6.511675974019354726e+03
6.511680784868610317e+03
6.511730030792291473e+03
6.511752918559150203e+03
6.511850202866857217e+03
6.512337578212853259e+03
6.512504123849476855e+03
6.512671382412850107e+03
6.512780863251659866e+03
6.512851437595597417e+03
6.512964433982600895e+03
6.512969939318361867e+03
6.513047334380169559e+03
6.513072421908276738e+03
6.513201179712381418e+03
6.513555066862892090e+03
6.513639745341776688e+03
6.513843227134729204e+03
6.513916318807886455e+03
6.514101656102846391e+03
6.514137135147483605e+03
6.514574527801732074e+03
6.514606063880365582e+03
6.514759982419277549e+03
6.514848565382016204e+03
6.514919955109015973e+03
6.515108188865424381e+03
6.515111430397606455e+03
6.515144964925143540e+03
6.515211268011206812e+03
6.515353161380619895e+03
6.515473280984295343e+03
6.515579944528718443e+03
6.515796845793342982e+03
6.515896030106710896e+03
6.516033335662459649e+03
6.516132094152632817e+03
6.516172130417990047e+03
6.516447188270705738e+03
6.516478551254552258e+03
6.516719774667470119e+03
6.516902692500030753e+03
6.517144657172362713e+03
6.517298220244206277e+03
6.517320900095367506e+03
6.517612623997372793e+03
6.517693556484200599e+03
6.518269692471290909e+03
6.518526389410133561e+03
6.518543005236339923e+03
6.518600664528788911e+03
6.518667712844924608e+03
6.518730773580989990e+03
6.518894462526365714e+03
6.518965999356823886e+03
6.519023707948505034e+03
6.519127944349156678e+03
6.519224075054248715e+03
6.519483845794009540e+03
6.519914155767474767e+03
6.520021783474382573e+03
6.520146566120889474e+03
6.520166322326962472e+03
6.520318762851090469e+03
6.520355032282131106e+03
6.520935535625940247e+03
6.521072548453752461e+03
6.522002253831833514e+03
6.522274338371154045e+03
6.522297975475492422e+03
6.523570155917096599e+03
6.523605086493755152e+03
6.523763863596236661e+03
6.523775283288870014e+03
6.523908272479040534e+03
6.523999551830045675e+03
6.524180696455030557e+03
6.524357165675688520e+03
6.524470347429958565e+03
6.524819638298074096e+03
6.524926029697669037e+03
6.524930197755251356e+03
6.525129254650159055e+03
6.525303573693441649e+03
6.525354348449747704e+03
6.525484878729692355e+03
6.525666576529312806e+03
6.525912298894781088e+03
6.526094784696474562e+03
6.526360500456980844e+03
6.526601993506642430e+03
6.526730851721174986e+03
6.526844703581551585e+03
6.526927360895775564e+03
6.526944173992968899e+03
6.527069063132664269e+03
6.527070040628621427e+03
6.527077916288244523e+03
6.527556957378212246e+03
6.528159409490940561e+03
6.528252555721341196e+03
6.528613052365496515e+03
6.528628701174516209e+03
6.528994916422356255e+03
6.529200436808352606e+03
6.529457114731512775e+03
6.529904389149316557e+03
6.530290344646849917e+03
6.530577287630942010e+03
6.530840182390339578e+03
6.531056145331447624e+03
6.531159764111444019e+03
6.531436155941363722e+03
6.531921243770510955e+03
6.532136552723414752e+03
6.532140239486636347e+03
6.532140999374244529e+03
6.532201290646631605e+03
6.532232136112812441e+03
6.532250065520618591e+03
6.532287387114348348e+03
6.533024209855167101e+03
6.533140215919731418e+03
6.533147908877948794e+03
6.533189635713977623e+03
6.533579183852212736e+03
6.533634164813120151e+03
6.534012523751029221e+03
6.534070010145540436e+03
6.534127100691443047e+03
6.534140412046482197e+03
6.534187363549110160e+03
6.534254203445620988e+03
6.534595156073012731e+03
6.535030640749971099e+03
6.535205716131362351e+03
6.535209970854938547e+03
6.535581019773022490e+03
6.535704624532809248e+03
6.535804442660530185e+03
6.535807581614840274e+03
6.535859573050508516e+03
6.536213581077029630e+03
6.536646516327701647e+03
6.536650396057554644e+03
6.536865180473930195e+03
6.537143234742557070e+03
6.537356006170309229e+03
6.537402150964060638e+03
6.537548316279488972e+03
6.538008003671004190e+03
6.538010410397263513e+03
6.538025858156589493e+03
6.538360260769837623e+03
6.538825708880872298e+03
6.538906568037954457e+03
6.539083669086497139e+03
6.539351770433611819e+03
6.539586220269073237e+03
6.539643155959650358e+03
6.539653376189152368e+03
6.539957466525866948e+03
6.540213617765545678e+03
6.540326355004772267e+03
6.540488818638862540e+03
6.540609819319910457e+03
6.540672965396954169e+03
6.540829586260891119e+03
6.540943777847263846e+03
6.540993873662166152e+03
6.541130985762334603e+03
6.541782120896806191e+03
6.542073945447739789e+03
6.542076046062207752e+03
6.542232596578362973e+03
6.542282909710501372e+03
6.542287029450539194e+03
6.542565838868226820e+03
6.542634463841908655e+03
6.542795212687667117e+03
6.542826761308812820e+03
6.543071838869780549e+03
6.543194639266824197e+03
6.543237621648848290e+03
6.543378854900078295e+03
6.543415867076399081e+03
6.543589382612273766e+03
6.544064643731479919e+03
6.544121568188650599e+03
6.544375961851602369e+03
6.544838284769272832e+03
6.544875813459124402e+03
6.544966507212155193e+03
6.545068811181596175e+03
6.545392303168715443e+03
6.545645816061090954e+03
6.545692895404979936e+03
6.545720647441921756e+03
6.545839075253019473e+03
6.545840025448326742e+03
6.545966815061754460e+03
6.546083868201269979e+03
6.546128567687831492e+03
6.546143724498572738e+03
6.546206402464385974e+03
6.546284147236490753e+03
6.546408537800747581e+03
6.546818166374204338e+03
6.546854671656733444e+03
6.546858655298537997e+03
6.546970931763322369e+03
6.547147953543986659e+03
6.547286962657335607e+03
6.547456432324122034e+03
6.547565506920882399e+03
6.547723944680201384e+03
6.547745075026309678e+03
6.547763603237536699e+03
6.547768880787628405e+03
6.547790908450640927e+03
6.547841598106599122e+03
6.548028774595095456e+03
6.548198091235482025e+03
6.548204989032348749e+03
6.548217421865824690e+03
6.548250672240497806e+03
6.548392474823411249e+03
6.548440570140887758e+03
6.548545974416889294e+03
6.548752044599747933e+03
6.549199834447032117e+03
6.549233859836075681e+03
6.549253584017826142e+03
6.549491887798392781e+03
6.549644336203114108e+03
6.549792773500540534e+03
6.549834994256546452e+03
6.549919346966429657e+03
6.549964025451241469e+03
6.550012432276315849e+03
6.550062510864855540e+03
6.550136499389592245e+03
6.550164378078113259e+03
6.550187437399486953e+03
6.550621763664918944e+03
6.550653046374617588e+03
6.550991181664477153e+03
6.551029833076486284e+03
6.551096538434293507e+03
6.551100860616275895e+03
6.551302145582642879e+03
6.551315772940612987e+03
6.551549165373442520e+03
6.551659269309374395e+03
6.552041449316984654e+03
6.552126507762238361e+03
6.552253481739780909e+03
6.552282607347548037e+03
6.552390944873191984e+03
6.552434407674918475e+03
6.552478568040114624e+03
6.552489519614135133e+03
6.552528122463987529e+03
6.552840415058723920e+03
6.552910549391546738e+03
6.553363925782412480e+03
6.553514613860229474e+03
6.554013336699756110e+03
6.554164621989245461e+03
6.554289809515714296e+03
6.554306758309393445e+03
6.554513141601784810e+03
6.554907795993078253e+03
6.555127668596289368e+03
6.555147056574769522e+03
6.555662635593265804e+03
6.555817013350427260e+03
6.555948717615059650e+03
6.556278131127931374e+03
6.556473267119630691e+03
6.557182990812387288e+03
6.557221250839077584e+03
6.557261909349855159e+03
6.557808478707323047e+03
6.558559204884871178e+03
6.558597183953364038e+03
6.558674210767451768e+03
6.558733987936560879e+03
6.559282428102212180e+03
6.559384909446606798e+03
6.559536241262403564e+03
6.559578668739542081e+03
6.560452815814286623e+03
6.561137524987530014e+03
6.561527558939801565e+03
6.561605626776190547e+03
6.561831817666025927e+03
6.561863793998500114e+03
6.562860912312444270e+03
6.562983291164366165e+03
6.563013204797926846e+03
6.563300328880054622e+03
6.564072013738636088e+03
6.564102822428794752e+03
6.564137470010311517e+03
6.564212649659835733e+03
6.564526345462742938e+03
6.564687311685401255e+03
6.564826142473782966e+03
6.564947066598616402e+03
6.564990799120113479e+03
6.565117545586022970e+03
6.565350624367947603e+03
6.565467216429241489e+03
6.566392182889012474e+03
6.566518325264107261e+03
6.566592309464581376e+03
6.566721277646449380e+03
6.566824436976410652e+03
6.566847703714226554e+03
6.566913082042754468e+03
6.567029110618107552e+03
6.567211208215776423e+03
6.567375543944450328e+03
6.567692114202635821e+03
6.568079945604603381e+03
6.568142107616247813e+03
6.568489913593159145e+03
6.568545120027083613e+03
6.569034710598914899e+03
6.569208487191138374e+03
6.569495637998395978e+03
6.569526972859279340e+03
6.569539004543566080e+03
6.569684455674313540e+03
6.569729218842522641e+03
6.569800337019940343e+03
6.569831238718415079e+03
6.569843481136083028e+03
6.570723749573715395e+03
6.570872921470296205e+03
6.570893894716904470e+03
6.571122584792798079e+03
6.571292191521140921e+03
6.571351242365423786e+03
6.571567477058982149e+03
6.571585482782291365e+03
6.571656113551405724e+03
6.571831466806493154e+03
6.572043181494384953e+03
6.572155596520252402e+03
6.572200929494080810e+03
6.572341383434218187e+03
6.572611357259038414e+03
6.572955292459225348e+03
6.573393474652687473e+03
6.573476816301818872e+03
6.573564139163237996e+03
6.573821542029318152e+03
6.574092026037016694e+03
6.574307738955615605e+03
6.574372103996278383e+03
6.574508034177718400e+03
6.574595157791790371e+03
6.574599475070554945e+03
6.574687134320035511e+03
6.574725831804469635e+03
6.574807655805584545e+03
6.574935531545359481e+03
6.574961184180607233e+03
6.575274835208952027e+03
6.575332875711874294e+03
6.575432691010242706e+03
6.575462580272632295e+03
6.575674379098798454e+03
6.575683822641633014e+03
6.575882058516191137e+03
6.575923930070131973e+03
6.575929390144034187e+03
6.575964306758635757e+03
6.576258627583876660e+03
6.576382414934667395e+03
6.576451118127688460e+03
6.576537331297159653e+03
6.576646827853245668e+03
6.576928333765107709e+03
6.577193304409782286e+03
6.577217194608001591e+03
6.578041009931936060e+03
6.578415757220637715e+03
6.578757040958798825e+03
6.578797379568362885e+03
6.579088782217928383e+03
6.579819325652846601e+03
6.579971007371952510e+03
6.579990314470558587e+03
6.580030977159885879e+03
6.580213137794247814e+03
6.580434237392526484e+03
6.580837806264540632e+03
6.581232052465177730e+03
6.581425577854845869e+03
6.581934883928592171e+03
6.582414374993109050e+03
6.582462150016377564e+03
6.582884998416002418e+03
6.583051675136410267e+03
6.583316219317896866e+03
6.583427071755627367e+03
6.583708165464757258e+03
6.583860063593020641e+03
6.583861765414451838e+03
6.583935137448230307e+03
6.584135756474123809e+03
6.584204698906360136e+03
6.584276219933011816e+03
6.584708862613441852e+03
6.584772191306142304e+03
6.584977491292342165e+03
6.585188378095240296e+03
6.585610772903486577e+03
6.585718552219185767e+03
6.585942701932134696e+03
6.585993748793640407e+03
6.586164328829456281e+03
6.586192714224162955e+03
6.586297639703635468e+03
6.586368523604471193e+03
6.586504044894775689e+03
6.586899359971182093e+03
6.586958024873179966e+03
6.587195509795608814e+03
6.587254189296484583e+03
6.587282844938506059e+03
6.587712064934174123e+03
6.587718533095399835e+03
6.588168810487703013e+03
6.588262306806381275e+03
6.588520881091999399e+03
6.588891787722815025e+03
6.589237479606024863e+03
6.589274652310868987e+03
6.589577349346564006e+03
6.589593679864039586e+03
6.589614892907647118e+03
6.589618835694423069e+03
6.589672493918021246e+03
6.589944497711023359e+03
6.590597440710063893e+03
6.590788308709606099e+03
6.591577739001323607e+03
6.591596304637428148e+03
6.591632318370233406e+03
6.591699503538687168e+03
6.591767388914076037e+03
6.592129035003815261e+03
6.592171702031100722e+03
6.592469006626693044e+03
6.592877231915226730e+03
6.593175418571783666e+03
6.593461561139974947e+03
6.593588476869617807e+03
6.593615141116743871e+03
6.593625814715852357e+03
6.593844548569938524e+03
6.593915250115735944e+03
6.593967096741362184e+03
6.594113540717622527e+03
6.594316451523092837e+03
6.594404615126146382e+03
6.594538341421386576e+03
6.595440554365123717e+03
6.595664698466887785e+03
6.595704870771650349e+03
6.595729821168820308e+03
6.595782469866624524e+03
6.595897412593738409e+03
6.596391366366405236e+03
6.596398233421898112e+03
6.596663735776503927e+03
6.596728913237076995e+03
6.596775518543866383e+03
6.597029435764815389e+03
6.597359403095757443e+03
6.597618986861738449e+03
6.597876165160180790e+03
6.597907332050882360e+03
6.597947111467660761e+03
6.598154418856614939e+03
6.598383454227482616e+03
6.599106931205923502e+03
6.599195858148524167e+03
6.599227913875793092e+03
6.599525089094776376e+03
6.599680121131361375e+03
6.599823176356991098e+03
6.599908682806428260e+03
6.600103310395362314e+03
6.600588605493286195e+03
6.600617106218568551e+03
6.600652135134476339e+03
6.600880217340803028e+03
6.600981277599375062e+03
6.602121304901401345e+03
6.602132324126358071e+03
6.602326283451949166e+03
6.602518647625242920e+03
6.602642702218055092e+03
6.602648114538450500e+03
6.602873188839036629e+03
6.602936366611861558e+03
6.603119756636457168e+03
6.603375156704385518e+03
6.603471961946837837e+03
6.603614976716060482e+03
6.603842199789128244e+03
6.604346605847787032e+03
6.604472636664905622e+03
6.604578687490029552e+03
6.604799144112222166e+03
6.604960793457962609e+03
6.605063217257381439e+03
6.605386041299771932e+03
6.605730625349055117e+03
6.605789512620477581e+03
6.605836758844364340e+03
6.605908176653646478e+03
6.605962678758533912e+03
6.606058782232058547e+03
6.606147458743557763e+03
6.606183947650759364e+03
6.606459780089578999e+03
6.606559065777413707e+03
6.606863383566571429e+03
6.607223300497948003e+03
6.607275880812976538e+03
6.607383901681027965e+03
6.607760124517625627e+03
6.607886993962553788e+03
6.608118196214134514e+03
6.608322668031791181e+03
6.608376779171591807e+03
6.608473861863022648e+03
6.608650552823697581e+03
6.608885357465332163e+03
6.608892021795516484e+03
6.609006793603406550e+03
6.609512422767468706e+03
6.609520008502140627e+03
6.609633438683345958e+03
6.609895218136381118e+03
6.610463349814252069e+03
6.610720636764067422e+03
6.611730730602673248e+03
6.611756817911140388e+03
6.611812959131350908e+03
6.611865218800876391e+03
6.612207131145342828e+03
6.612208431704108989e+03
6.612429373838531319e+03
6.612701534103545782e+03
6.612910254992008049e+03
6.613148953633331985e+03
6.613214500848765056e+03
6.613233047848385468e+03
6.613486900046846131e+03
6.613692719858193414e+03
6.613928136721818191e+03
6.613970545882125407e+03
6.614037555230382168e+03
6.614292283023821255e+03
6.614393898363496191e+03
6.614421933760218053e+03
6.614676464392499838e+03
6.614926137424093213e+03
6.615071069777328375e+03
6.615138690969968593e+03
6.615155066867952883e+03
6.615173605550021421e+03
6.615429733211241910e+03
6.615482506245158220e+03
6.615530214282619454e+03
6.615841703974931988e+03
6.615915529773504204e+03
6.615951986002945887e+03
6.616027838234264891e+03
6.616849849363457906e+03
6.617193913955799871e+03
6.617616880312299145e+03
6.617703799701915159e+03
6.617767019151749082e+03
6.617860819660245397e+03
6.617904899537873462e+03
6.617939802577830051e+03
6.617942542605698691e+03
6.618006780337382224e+03
6.618077187261520521e+03
6.618179074401992693e+03
6.618545712903425738e+03
6.619144077121640294e+03
6.619297585044734660e+03
6.619362031344610841e+03
6.619511537916358066e+03
6.619531407751474035e+03
6.619774094011176203e+03
6.619931148751808905e+03
6.620271160845598388e+03
6.620290462860373736e+03
6.620882350116948146e+03
6.620968817223260885e+03
6.621432090182646789e+03
6.621509924826930728e+03
6.621666471826652014e+03
6.621939071923638039e+03
6.621941886304127365e+03
6.622025647225388639e+03
6.622074446141632507e+03
6.622167643564060199e+03
6.622294774150775083e+03
6.622309972544906486e+03
6.622434691537927392e+03
6.622449790535240027e+03
6.622454655145668767e+03
6.622461611240647471e+03
6.622695780594205644e+03
6.622728151476378116e+03
6.622845868013280779e+03
6.622901437623395395e+03
6.623063463984637565e+03
6.623101047751864826e+03
6.623558307477534981e+03
6.623909976994276803e+03
6.624405711816901203e+03
6.624457827561616796e+03
6.624673103175361575e+03
6.624842708690715881e+03
6.624901259243578352e+03
6.625317148811062907e+03
6.625414234911240783e+03
6.625568598127481891e+03
6.626320589625909633e+03
6.626350294503702571e+03
6.626469990617131771e+03
6.627040459426238158e+03
6.627136100097105555e+03
6.627170542050558652e+03
6.627374408069700621e+03
6.627665542703656683e+03
6.628219514711198826e+03
6.628753616005449658e+03
6.629147923037156943e+03
6.629437816004047818e+03
6.629601629425624196e+03
6.629624015608551417e+03
6.629712099552645668e+03
6.630029853854175599e+03
6.630139082597911511e+03
6.630139973791307966e+03
6.630247600816119302e+03
6.630249443658683049e+03
6.630392510046874122e+03
6.630396724913747676e+03
6.630433049112535628e+03
6.630823773161826466e+03
6.631073565441238316e+03
6.631092242549716502e+03
6.631313078645875066e+03
6.631323364426182707e+03
6.631404031211334768e+03
6.631749123623570085e+03
6.631977184373949058e+03
6.631985474138939935e+03
6.631991029028645244e+03
6.632187283947584547e+03
6.632322671619504945e+03
6.632338656503917264e+03
6.632900111693025792e+03
6.632977491989750888e+03
6.633608446593999361e+03
6.633770620927951313e+03
6.633795926030345072e+03
6.633965573250578018e+03
6.634012224422828695e+03
6.634368613018814358e+03
6.634485666742099966e+03
6.634861158899195289e+03
6.634936426757581103e+03
6.635166176458374139e+03
6.635328650040395587e+03
6.635346855785980551e+03
6.635365819886401368e+03
6.635793574055090176e+03
6.635958016024096651e+03
6.636471906048222991e+03
6.636631861269238470e+03
6.636688879907858791e+03
6.636694045225123773e+03
6.636728189566691071e+03
6.636730591154545436e+03
6.636991261676413160e+03
6.637032002907929382e+03
6.637271518990979530e+03
6.637292489775381910e+03
6.637322761756508044e+03
6.637422923441125931e+03
6.637507649675968423e+03
6.637522108178830422e+03
6.637764971686878198e+03
6.637956651451082507e+03
6.638188624201127823e+03
6.638241106435571965e+03
6.638633626643239040e+03
6.638806909863707006e+03
6.638807768481495259e+03
6.638882622286248989e+03
6.639024471567545334e+03
6.639068383907560928e+03
6.639481664840504891e+03
6.639626113566655476e+03
6.639954138811458506e+03
6.640283390058594705e+03
6.640388462220895235e+03
6.640549142930224662e+03
6.641190762503658334e+03
6.641219214303111585e+03
6.641533802820072196e+03
6.641661668374779765e+03
6.642354149620970020e+03
6.642363092783236425e+03
6.642512432860304216e+03
6.642677173491244503e+03
6.642812300764175234e+03
6.643011093508595877e+03
6.643312649394878463e+03
6.643326925879349801e+03
6.643476465701441157e+03
6.643564542436054580e+03
6.643658838514430499e+03
6.643668674318587364e+03
6.643923596372450447e+03
6.644089752302562374e+03
6.644099714149006104e+03
6.644109282156145127e+03
6.644230930896759673e+03
6.644515609049892191e+03
6.644607691867980975e+03
6.644752414336277070e+03
6.644805993267261329e+03
6.644982396682750732e+03
6.645011929287263229e+03
6.645220645044235425e+03
6.645440967078107860e+03
6.645969591009968099e+03
6.646046567138927458e+03
6.646245283992933764e+03
6.646377269983117003e+03
6.646412064558779093e+03
6.646789205765488987e+03
6.647055687568910798e+03
6.647414574780479597e+03
6.647477867943095589e+03
6.647624757981416224e+03
6.647817932538551759e+03
6.647939581136707602e+03
6.648437728457326557e+03
6.648777166734374077e+03
6.648843116393958553e+03
6.648929401845485700e+03
6.649472023154010458e+03
6.650141508533476554e+03
6.650144062497933191e+03
6.650164474752806200e+03
6.650326186759661141e+03
6.650569539184033601e+03
6.650695322867867617e+03
6.650728187085483114e+03
6.650769069270038017e+03
6.651218079522741391e+03
6.651961050834664093e+03
6.651974966317166036e+03
6.652260610092959723e+03
6.652480068825237140e+03
6.652533230788157198e+03
6.652675113854774281e+03
6.652696708047348693e+03
6.653210031265919497e+03
6.653231035282025005e+03
6.653692884814538047e+03
6.654279244422627016e+03
6.654456790036187158e+03
6.654624279975076206e+03
6.654737245995447665e+03
6.654739702437579581e+03
6.654840624086784374e+03
6.655159992434382730e+03
6.655310065251463129e+03
6.655555031430342751e+03
6.655772350606186592e+03
6.655778383874544488e+03
6.656175108511709368e+03
6.656216340028833656e+03
6.656352386560363811e+03
6.656727313307670556e+03
6.656737644929420640e+03
6.657178281171791241e+03
6.657214921212371337e+03
6.657541437490376666e+03
6.657699710891843097e+03
6.658055176621859573e+03
6.658706752074125689e+03
6.659129104397726223e+03
6.659303725270704490e+03
6.659398518497045188e+03
6.659409877638668149e+03
6.659471377673108691e+03
6.659646207255225818e+03
6.659768233137006064e+03
6.659856792270368715e+03
6.660183343072545540e+03
6.660309579099726761e+03
6.661319503098623500e+03
6.661576302789282636e+03
6.662041460566490059e+03
6.662153078245923098e+03
6.662283409670532819e+03
6.662479556560411766e+03
6.662502709302913900e+03
6.662676203308526055e+03
6.662762244725662640e+03
6.663337258264723459e+03
6.663346913262203998e+03
6.663475149868647350e+03
6.663567046714120806e+03
6.663639172759901157e+03
6.663660365664125493e+03
6.663668479885645866e+03
6.663725532607361856e+03
6.664055754256520231e+03
6.664125932189845116e+03
6.664145523407972178e+03
6.664200270513517353e+03
6.664232523518398921e+03
6.664274354682622288e+03
6.664303668019102588e+03
6.664382457519510353e+03
6.664385530862607084e+03
6.664454552856080227e+03
6.664547089833226892e+03
6.664666580074722333e+03
6.664964149365999219e+03
6.665204663871243611e+03
6.665243021943125314e+03
6.665420290671580005e+03
6.665545148169447202e+03
6.665631291778301602e+03
6.665693535295271431e+03
6.666026979626075445e+03
6.666093280338525801e+03
6.666448455698651742e+03
6.666947318520878071e+03
6.667220114074563753e+03
6.667348461655989013e+03
6.667674074173687586e+03
6.667746406360436595e+03
6.667774315162877429e+03
6.667951096633469206e+03
6.668068901986866877e+03
6.668265428269886797e+03
6.668571623096372605e+03
6.668585728932107486e+03
6.668614081540693405e+03
6.669164004066495181e+03
6.669710317271894382e+03
6.669811562681737087e+03
6.670079931222367122e+03
6.670096813877315071e+03
6.670120659542563772e+03
6.670152976678838968e+03
6.670384787077569854e+03
6.670418964447111648e+03
6.670752899682982388e+03
6.671381004516419125e+03
6.671587784613781878e+03
6.671594907069856163e+03
6.671629925028612888e+03
6.672071618423345171e+03
6.672359503701374706e+03
6.672636228188711357e+03
6.672885600051848087e+03
6.673039554835344461e+03
6.673212160152673277e+03
6.673759233840734851e+03
6.673839333515467843e+03
6.673961759363082820e+03
6.674159286761969270e+03
6.674331160894676032e+03
6.674432425708440860e+03
6.674727856337014600e+03
6.674770963358644622e+03
6.675151906593549938e+03
6.675532779668151306e+03
6.675597459044964125e+03
6.675825531738361860e+03
6.676454716342561369e+03
6.676773028926577354e+03
6.676915593987436296e+03
6.677097469127343174e+03
6.677219393724115434e+03
6.677321317144505883e+03
6.677330307655672186e+03
6.677587617745941316e+03
6.677614680656502060e+03
6.677797427697745661e+03
6.677824125325731984e+03
6.678065679697457199e+03
6.678126470560390771e+03
6.678150735436219293e+03
6.678156959233724592e+03
6.678200518700282373e+03
6.678277939715281718e+03
6.678410127746520629e+03
6.678429235160722783e+03
6.678494175619082853e+03
6.678680371649752487e+03
6.678840263186441916e+03
6.678907569865370533e+03
6.679123858583047877e+03
6.679303098791452612e+03
6.679675559204303681e+03
6.679719473153269973e+03
6.679748170582134662e+03
6.679753660142925582e+03
6.680085602261157874e+03
6.680126933152670063e+03
6.680141653648038300e+03
6.680368688072752775e+03
6.680746913283428512e+03
6.680794948531732189e+03
6.680915521228772377e+03
6.681784068455798661e+03
6.681941962681515179e+03
6.682263761511203484e+03
6.682268751307567982e+03
6.682460069516509066e+03
6.682532277156980854e+03
6.682635891673941842e+03
6.682755037544766310e+03
6.682920496900868784e+03
6.683313282572513344e+03
6.683371424235618178e+03
6.683981793169139564e+03
6.684202113078100410e+03
6.684219281139851773e+03
6.684243764154971359e+03
6.684564549369806628e+03
6.684768959615749736e+03
6.684796489268239384e+03
6.684958801742264768e+03
6.684964688112227122e+03
6.685283264307196987e+03
6.685517401146978955e+03
6.685652449924917164e+03
6.685852531731567979e+03
6.685861122136677295e+03
6.685953385769910710e+03
6.686046772788063208e+03
6.686207211228856067e+03
6.686219781995837366e+03
6.686245608942754188e+03
6.686384810889790970e+03
6.686573055875808677e+03
6.686702413302285095e+03
6.686825257026120198e+03
6.687145465429211981e+03
6.687326179498269084e+03
6.687374572581017674e+03
6.687643155661588935e+03
6.687771177761610488e+03
6.687776448672084371e+03
6.687882634028318535e+03
6.687924163377430887e+03
6.687997042931003307e+03
6.688004171297581706e+03
6.688208961166393237e+03
6.688783126397847809e+03
6.688848819078225461e+03
6.688953705491015171e+03
6.689024349931955840e+03
6.689487803529233133e+03
6.689991653628000677e+03
6.690054221285696258e+03
6.690103388475483371e+03
6.690107946516990523e+03
6.690714005644021199e+03
6.690814399507131384e+03
6.690960441415284549e+03
6.691295804257631971e+03
6.691635382006377768e+03
6.691786842605928541e+03
6.691992509301955579e+03
6.692403269311582335e+03
6.692458228097835672e+03
6.692595743020474401e+03
6.692707081816855862e+03
6.692811708738940069e+03
6.692992251459450017e+03
6.693075805875147125e+03
6.693130275954820718e+03
6.693161032605858054e+03
6.693377076866008792e+03
6.693472101502076839e+03
6.693639146021554552e+03
6.693950506524824050e+03
6.694418472118744830e+03
6.694827134225990449e+03
6.694832116538349510e+03
6.694895351103200483e+03
6.695554211262083300e+03
6.695927136584628897e+03
6.696029930049532595e+03
6.696105382462088528e+03
6.696364889668908290e+03
6.696458970754212714e+03
6.696483180076746066e+03
6.696775933844890460e+03
6.696987630244198954e+03
6.696990262501314646e+03
6.697091152572072133e+03
6.697091300501736441e+03
6.697132673779580728e+03
6.697160930371143877e+03
6.697385082569154292e+03
6.697829910176908925e+03
6.697862583982123397e+03
6.697967345450193534e+03
6.698025716813512190e+03
6.698250151052669935e+03
6.698753306760336272e+03
6.698766318302034961e+03
6.698795379075095298e+03
6.698900701649509756e+03
6.699111141980644788e+03
6.699236346062101802e+03
6.699312167016144485e+03
6.699749811803891134e+03
6.699781544769612992e+03
6.699911179216422170e+03
6.700080353749257483e+03
6.700199825985004281e+03
6.700261932549379708e+03
6.700392253339069612e+03
6.700614482468073220e+03
6.700688697742234581e+03
6.701497881086489542e+03
6.701668027043590882e+03
6.701777576320338085e+03
6.701856625942156825e+03
6.702198507461385816e+03
6.702294680719227472e+03
6.702393783009499202e+03
6.702467362939795748e+03
6.702694860291405348e+03
6.702984637766163360e+03
6.703117417148448112e+03
6.703170960174927131e+03
6.703173926755136563e+03
6.703312444921602946e+03
6.703729265346461034e+03
6.703823186873954000e+03
6.703974676137706410e+03
6.704007113108775229e+03
6.704097340275611714e+03
6.704261631978755759e+03
6.704534800200437530e+03
6.704600223063524027e+03
6.704685723435406544e+03
6.704769687272741066e+03
6.704809560797926679e+03
6.704867433753308433e+03
6.705035423838337920e+03
6.705049907057309611e+03
6.705367621312246229e+03
6.705423792338990097e+03
6.705542166213041128e+03
6.705683967994261366e+03
6.706058642066341235e+03
6.706188939327723347e+03
6.706371314177838030e+03
6.706578543941558564e+03
6.706632776152859151e+03
6.706670506488317187e+03
6.706678618224309503e+03
6.706703569209294983e+03
6.706787235900749693e+03
6.707092139760385180e+03
6.707278433159583983e+03
6.707308931862167810e+03
6.707450462484228410e+03
6.707503652601857539e+03
6.707756266024969591e+03
6.707762859746854701e+03
6.707855307636762518e+03
6.707891544526794860e+03
6.708046706866731256e+03
6.708306619076591232e+03
6.708349020681329421e+03
6.708710297855111094e+03
6.708772874750702613e+03
6.708835806896098802e+03
6.708958137783699385e+03
6.709296827159279928e+03
6.709452196130257107e+03
6.709476154319995658e+03
6.709694833857667618e+03
6.710087133825736601e+03
6.710124112077828613e+03
6.710661119010293987e+03
6.710820171349871089e+03
6.710865726201845973e+03
6.710971869598929516e+03
6.711795464810425074e+03
6.712032078404500680e+03
6.712216048356761348e+03
6.712231467336624519e+03
6.712305567232855537e+03
6.712342801039894766e+03
6.712885852531493583e+03
6.713096608972746253e+03
6.713132276501432898e+03
6.713154056332262371e+03
6.713465765069833651e+03
6.713570055056740784e+03
6.713595441375709925e+03
6.714687236556231255e+03
6.714689127712800655e+03
6.714945946793421172e+03
6.715115193161609568e+03
6.715141842929843733e+03
6.715338296776137213e+03
6.715358015107959545e+03
6.715467040490754698e+03
6.715576240779832915e+03
6.715814329967192862e+03
6.715934597545086945e+03
6.715969341507838180e+03
6.716163898800698007e+03
6.716220816178279165e+03
6.716361680167939994e+03
6.716373789116138141e+03
6.716445686426692191e+03
6.716665931152740995e+03
6.716670892167449892e+03
6.717735506658679697e+03
6.717923364980009865e+03
6.717957437359188589e+03
6.717995043335611626e+03
6.718735184157424555e+03
6.719181195552596364e+03
6.719477286028996787e+03
6.719510994248132192e+03
6.719547776119321497e+03
6.719593308371317107e+03
6.719629616048957359e+03
6.719754748790730446e+03
6.720100404592781160e+03
6.720301452745013194e+03
6.720347972174256029e+03
6.720557971706723038e+03
6.720734138150913168e+03
6.721443947738765019e+03
6.721459687265280081e+03
6.721573898371917494e+03
6.721701435863923507e+03
6.721763732323084696e+03
6.721795429748076458e+03
6.722091309128401917e+03
6.722459349627429219e+03
6.722896251765695524e+03
6.723061603491786627e+03
6.723239099563304080e+03
6.723307320199617607e+03
6.723364742844743887e+03
6.723524858703380232e+03
6.723658334715928504e+03
6.723661925074332430e+03
6.723879869544806752e+03
6.723889977829391682e+03
6.724268704681756390e+03
6.724307835390276523e+03
6.724364865944388839e+03
6.724486119501635585e+03
6.725049067459213802e+03
6.725388044720144535e+03
6.725601911781454874e+03
6.725607772467014911e+03
6.725662321704766327e+03
6.725691285114833590e+03
6.725721587435801666e+03
6.726130768384126895e+03
6.726306268368943165e+03
6.726812106759100061e+03
6.726952455429916881e+03
6.727317362541728471e+03
6.727342668321211931e+03
6.727519899045318198e+03
6.727630587813152488e+03
6.727743092889976651e+03
6.727977283555780559e+03
6.728181571951005935e+03
6.728246895055397545e+03
6.728274221091914114e+03
6.728313035240636054e+03
6.728648402912065649e+03
6.728758818787378914e+03
6.728809446116752952e+03
6.728839747969860582e+03
6.729341880634818153e+03
6.729768090155803293e+03
6.729768372253923189e+03
6.729772356568164469e+03
6.729903193677119816e+03
6.730642827708546065e+03
6.730818183627691724e+03
6.731166038297460545e+03
6.731566014446493682e+03
6.731725072808994810e+03
6.731839721794184698e+03
6.732025068867714253e+03
6.732051287350492203e+03
6.732225516999787942e+03
6.732689782388867570e+03
6.732913652307440316e+03
6.732930570748754690e+03
6.733039714727033243e+03
6.733055964142748053e+03
6.733122233858920481e+03
6.733387879083623375e+03
6.733702493597224930e+03
6.733865645574655900e+03
6.734514071970983423e+03
6.734752918846900684e+03
6.735870390131986824e+03
6.736289636676291593e+03
6.736372637668094285e+03
6.736620197149174601e+03
6.736694736296693918e+03
6.736808791079602997e+03
6.736999714123001468e+03
6.737130897792748328e+03
6.737554561760282013e+03
6.737704966734380832e+03
6.737787736060257885e+03
6.737796138605940541e+03
6.738775521311782541e+03
6.738812488830488292e+03
6.738836120966660928e+03
6.738857033464641972e+03
6.739299132418878798e+03
6.739392093150102482e+03
6.739423135289839593e+03
6.739461111179768523e+03
6.739477394134753922e+03
6.739627324122563550e+03
6.739741696300780859e+03
6.740047063322195754e+03
6.740128789194714955e+03
6.740139042829045138e+03
6.740169285825244515e+03
6.740223686120505590e+03
6.740476837372217233e+03
6.740628237742566853e+03
6.741179135080802553e+03
6.741305673005605058e+03
6.741401172096184382e+03
6.741762316211735197e+03
6.741967120831847751e+03
6.742184854754788830e+03
6.742202706524299174e+03
6.742467391746825342e+03
6.742490111517070545e+03
6.742548715313368120e+03
6.742552791878044445e+03
6.742667621437541129e+03
6.743806670280073376e+03
6.744298091826285599e+03
6.744388080893791994e+03
6.744548432945277455e+03
6.744695574020279309e+03
6.744782124177701917e+03
6.745506212306879206e+03
6.745564271241480128e+03
6.746350041824352957e+03
6.746397111172668701e+03
6.746431677560647586e+03
6.747094145688990466e+03
6.747276473543487555e+03
6.747808674450285253e+03
6.747828682003051654e+03
6.747867170750459991e+03
6.747963431871597095e+03
6.748054840896577844e+03
6.748365057029155651e+03
6.748374989413700860e+03
6.748468382212124197e+03
6.748483098812015669e+03
6.748613945185794364e+03
6.748675126797709709e+03
6.748737726989711518e+03
6.748846031785257765e+03
6.748999854283005334e+03
6.749000045988049351e+03
6.749066624490774302e+03
6.749400071951323298e+03
6.749664916667168654e+03
6.750248112693381700e+03
6.750345888843385183e+03
6.750478499987392752e+03
6.750659074144069564e+03
6.751059787769010654e+03
6.751200135140201382e+03
6.751300493248999373e+03
6.751567365096898357e+03
6.752123939721814168e+03
6.752148177277746072e+03
6.752183929364769028e+03
6.752294648905290160e+03
6.752326195389780878e+03
6.752363164756687183e+03
6.752904040058499049e+03
6.752942424254348225e+03
6.752958638533400517e+03
6.753009062640976481e+03
6.753100813632505378e+03
6.753155684318970088e+03
6.753172602466800527e+03
6.753650365250280629e+03
6.753823422888022833e+03
6.754013394985194282e+03
6.754529079780887514e+03
6.754689316593609874e+03
6.755091140228063523e+03
6.755262541603172394e+03
6.755494391982622801e+03
6.755750306665368953e+03
6.755875815890137346e+03
6.756169618842409363e+03
6.756207026263215084e+03
6.756419306370803497e+03
6.756458351566311649e+03
6.756638788075435514e+03
6.756709184352570446e+03
6.757049515286562382e+03
6.757577734123977280e+03
6.757781062504212969e+03
6.757899705293855732e+03
6.758031384994595101e+03
6.758082367510809490e+03
6.758154550904129792e+03
6.758282970209283121e+03
6.758415641230653819e+03
6.758996831341502912e+03
6.759405226383410081e+03
6.759407285878465700e+03
6.759503933576943382e+03
6.759595648643263303e+03
6.759783664392301034e+03
6.760094585435305817e+03
6.760240985740900214e+03
6.760294325935618872e+03
6.761255321083647686e+03
6.761397426159996030e+03
6.761462666093943881e+03
6.761849564402614305e+03
6.761878396120509024e+03
6.762002505647873477e+03
6.762062723370572712e+03
6.762093980312289204e+03
6.762311744150581035e+03
6.762330015518225082e+03
6.762816989611493227e+03
6.762864729689378692e+03
6.763390496218898988e+03
6.763449123998935647e+03
6.763610175800814432e+03
6.763650787916047193e+03
6.763863749843033474e+03
6.764138386269160037e+03
6.764653966593824407e+03
6.764951736345218706e+03
6.765495697145770464e+03
6.765819561176861498e+03
6.766202956318244105e+03
6.766348426846496295e+03
6.766368214128832733e+03
6.766500741712918170e+03
6.766511109167097857e+03
6.766944691827018687e+03
6.767146925886070676e+03
6.767623499149914096e+03
6.768126755584760758e+03
6.768304335908979738e+03
6.768311617566921996e+03
6.768361149662658136e+03
6.768606354691256456e+03
6.768759089266914998e+03
6.768779065873596664e+03
6.768858002245431635e+03
6.768858560184401540e+03
6.769197235032484059e+03
6.769387839364025240e+03
6.769621727532320620e+03
6.769778293363599005e+03
6.770411850761026471e+03
6.770682795319882644e+03
6.770855315549765692e+03
6.770871270926225407e+03
6.771254529281900432e+03
6.771341012838408460e+03
6.771651563186296698e+03
6.771663178081402293e+03
6.771823315804843332e+03
6.771869058505024441e+03
6.772003686442681101e+03
6.772176908060894675e+03
6.772183853916526459e+03
6.772550802527271117e+03
6.772575972027932949e+03
6.772687125176159498e+03
6.772748294014207204e+03
6.772989839365129228e+03
6.773071771063460801e+03
6.773132894839134678e+03
6.773363355975016020e+03
6.773396583408831248e+03
6.773522084931259087e+03
6.773690899204873858e+03
6.773814925137422506e+03
6.773878259529380557e+03
6.773997527110534975e+03
6.774014597800912270e+03
6.774229080995156437e+03
6.774574546537973220e+03
6.774609275933590652e+03
6.774613073544172039e+03
6.774803362415048468e+03
6.774956236671167972e+03
6.776229086065764932e+03
6.776330660298988732e+03
6.776356924799682020e+03
6.776609386084317521e+03
6.776754897783618617e+03
6.776808315598822446e+03
6.776937899953537453e+03
6.777193575296297240e+03
6.777456530368606764e+03
6.778164371164341901e+03
6.778171878067679245e+03
6.778936014348603749e+03
6.778942703818513110e+03
6.779051013598782447e+03
6.779416508261893796e+03
6.779601077252089453e+03
6.779836131996024051e+03
6.780070430933971693e+03
6.780252713896627029e+03
6.780351278582047598e+03
6.780511285396671155e+03
6.781332274902568315e+03
6.781402306850637615e+03
6.781850310400528542e+03
6.781850527993435207e+03
6.782117970717323260e+03
6.782312450212230033e+03
6.782498503771347714e+03
6.782755138706519574e+03
6.783051275292595165e+03
6.783490486202721513e+03
6.783626270707042750e+03
6.783884258506346669e+03
6.784040280165625518e+03
6.784308283112552999e+03
6.784387682513833170e+03
6.784574761565128938e+03
6.784591628738628060e+03
6.784608891027410209e+03
6.784694969486958144e+03
6.784834270749157440e+03
6.784913881384691194e+03
6.784964006744839935e+03
6.785002680879006220e+03
6.785050977230544049e+03
6.785534541075866400e+03
6.785667669341542933e+03
6.785837430197312642e+03
6.786114584929689954e+03
6.786180803278197345e+03
6.786470170344512553e+03
6.786525059079203857e+03
6.786534488581276491e+03
6.786691053970440407e+03
6.786921418644884398e+03
6.786954888420087627e+03
6.786964103460282786e+03
6.787100072476987407e+03
6.787183265038787795e+03
6.787254458803818125e+03
6.787632599041803587e+03
6.788592195502143113e+03
6.788631935775420061e+03
6.788660278588514302e+03
6.788718421407803362e+03
6.788813900885071234e+03
6.789342986786830807e+03
6.789391133198463649e+03
6.789492056977504035e+03
6.789538686241431606e+03
6.789649549451977691e+03
6.789668008731489863e+03
6.789719179323640674e+03
6.789752294798931871e+03
6.790009437678239919e+03
6.790046685551312294e+03
6.790055387086147675e+03
6.790505721021562749e+03
6.790608530228514610e+03
6.790682698963551047e+03
6.791443370511652574e+03
6.791531916533948788e+03
6.791778768626377314e+03
6.791923163845003728e+03
6.792065599857386587e+03
6.792250887988424438e+03
6.792384022495813952e+03
6.792510441280819578e+03
6.792585471271291681e+03
6.792649196611711886e+03
6.792659912401724796e+03
6.792689437010811162e+03
6.792771603727393085e+03
6.792786826484404628e+03
6.792965409219017602e+03
6.793026319589276682e+03
6.793033656290323052e+03
6.793417046888609548e+03
6.793867058347404054e+03
6.793881815404773988e+03
6.794003006698201716e+03
6.794281653174514759e+03
6.794532567895028478e+03
6.794606935364966375e+03
6.794684804638345668e+03
6.795185791320658609e+03
6.796033037583240002e+03
6.796048520914362598e+03
6.796067502677429729e+03
6.796171271150862594e+03
6.796276338229688918e+03
6.796386280560094747e+03
6.796748170178052533e+03
6.797333582101361571e+03
6.797355714574060585e+03
6.797652869989650753e+03
6.797739661152361805e+03
6.797849247137660313e+03
6.797991301367603228e+03
6.798017451775160225e+03
6.798110516891216321e+03
6.798140838710634853e+03
6.798158066995984882e+03
6.798182199543292882e+03
6.798325640150696017e+03
6.798349892780332993e+03
6.798402783599397480e+03
6.798412120912608771e+03
6.798441616681488085e+03
6.798536080039477383e+03
6.798699165691206872e+03
6.799232667144909101e+03
6.799274935168554293e+03
6.799450771910620460e+03
6.799477575193922348e+03
6.799807032542627894e+03
6.800122472646592541e+03
6.800162116506465281e+03
6.800205113691385122e+03
6.800213591862247995e+03
6.800310527124793225e+03
6.800334569709062635e+03
6.800445129634862496e+03
6.800539576550669153e+03
6.800556859510789764e+03
6.800757416642291901e+03
6.801294669715570308e+03
6.802220368205313207e+03
6.802256223242596207e+03
6.802297717329315674e+03
6.802300741121850479e+03
6.802309074559426335e+03
6.802455724415804980e+03
6.802731255652185610e+03
6.802977596840097249e+03
6.803024437518857667e+03
6.803262394806723023e+03
6.803423853057279302e+03
6.803500148912757140e+03
6.803549159241588313e+03
6.803653720643737870e+03
6.803656333150218416e+03
6.803730828550972547e+03
6.803992821048321275e+03
6.804059370256959483e+03
6.804299854248015436e+03
6.804563587807816475e+03
6.804885119940859113e+03
6.805003732523795406e+03
6.805065095117281999e+03
6.805087406997345170e+03
6.805401498515757339e+03
6.805744629936530146e+03
6.806053961211518072e+03
6.806076572297244638e+03
6.806201310464684866e+03
6.806232218238852511e+03
6.806475049521703113e+03
6.806509816248609241e+03
6.806680692302568787e+03
6.806816114868770455e+03
6.807203958654748931e+03
6.808034172269493865e+03
6.809738824789030332e+03
6.810063004497066686e+03
6.810137482928930694e+03
6.810237540272778460e+03
6.810404532712364926e+03
6.810417829885821448e+03
6.810527695583682544e+03
6.810766496088795066e+03
6.810818634918528915e+03
6.810914518700963526e+03
6.811037352932900831e+03
6.811679928935926000e+03
6.811691188310472171e+03
6.811977017670787063e+03
6.812079608940696744e+03
6.812336747072970866e+03
6.812559758067948678e+03
6.813095557257312976e+03
6.813200191976362476e+03
6.813220553606417525e+03
6.813688316269946881e+03
6.813985671870732403e+03
6.814022419113275646e+03
6.814107914143703965e+03
6.814671483060740684e+03
6.814781407465213306e+03
6.814809970482398057e+03
6.815191121311513598e+03
6.815391332022308234e+03
6.815560898698732672e+03
6.815645204078179631e+03
6.815648786031559212e+03
6.815772056200723455e+03
6.815887972354842532e+03
6.815904945924807180e+03
6.816056080295751599e+03
6.816247046869980295e+03
6.816421324015186656e+03
6.817481832183136248e+03
6.817935433040531279e+03
6.818012905779185530e+03
6.818392896723716149e+03
6.818612611380494855e+03
6.818645109832598791e+03
6.819098526517821483e+03
6.819571837731289634e+03
6.820323278901206322e+03
6.820547639375819926e+03
6.820643067651277306e+03
6.820665996684991114e+03
6.820820607606894555e+03
6.821018744620021607e+03
6.821236041485434725e+03
6.821363505841796723e+03
6.821475613073076602e+03
6.821539022424492032e+03
6.821671773442220911e+03
6.822051852071013855e+03
6.822666715136039784e+03
6.822724279584777832e+03
6.822774367011489630e+03
6.823026869426075791e+03
6.823030827533289084e+03
6.823147431115539803e+03
6.823212924207260585e+03
6.823394472286672681e+03
6.823791401424130527e+03
6.824059413340361061e+03
6.824347263355490213e+03
6.824667068195632055e+03
6.824711596594092043e+03
6.824777434603778602e+03
6.824781445702719793e+03
6.824820609557793432e+03
6.825291239700937695e+03
6.825303651826532587e+03
6.825911088585274229e+03
6.826108767790426100e+03
6.826141458618066281e+03
6.826142792673797885e+03
6.826195023067550210e+03
6.826230974385226546e+03
6.826412693593069889e+03
6.826702766721629814e+03
6.827037402823588309e+03
6.827063925744203516e+03
6.827246451624690962e+03
6.827615940681493157e+03
6.827622267284756163e+03
6.827688686885590869e+03
6.827762309313913647e+03
6.827871657647073334e+03
6.827917836579783398e+03
6.828137021862058646e+03
6.828218564116674315e+03
6.828262215623182783e+03
6.828264730209353729e+03
6.828953698847515625e+03
6.829192825393572093e+03
6.829359608957242926e+03
6.829387883305317700e+03
6.829394472237308037e+03
6.829797491907581389e+03
6.829966011101919321e+03
6.829979428395441573e+03
6.830124866168786866e+03
6.830270568691857079e+03
6.830510420577228615e+03
6.830594350694995228e+03
6.830920020772213320e+03
6.830965082393138800e+03
6.831408624916387453e+03
6.831534105685488612e+03
6.831592023212693675e+03
6.831806231068645502e+03
6.831857314112429776e+03
6.831953693477596971e+03
6.831992592817686273e+03
6.832125741363201996e+03
6.832258012838246941e+03
6.832422634953863962e+03
6.832631888918002005e+03
6.832978376881582335e+03
6.833014357538521836e+03
6.833121297396862246e+03
6.833576402514225265e+03
6.833948851854913300e+03
6.834018822703783371e+03
6.834061877421886493e+03
6.834848105987534836e+03
6.834890721497176855e+03
6.834963346613715657e+03
6.835251206045037179e+03
6.835451289777358397e+03
6.835610991513326553e+03
6.835722783936756969e+03
6.835761499219976940e+03
6.835832489327471194e+03
6.836110752658582896e+03
6.836306520675297179e+03
6.836353279079105050e+03
6.836453709750016969e+03
6.836849213048241836e+03
6.837153529527388855e+03
6.837337677063002957e+03
6.837356600632920163e+03
6.837408803554451879e+03
6.837843168490548123e+03
6.838033212794610336e+03
6.838188103772376962e+03
6.838669338417536892e+03
6.839067889411800024e+03
6.839094420452166560e+03
6.839229846496127720e+03
6.839547531165916553e+03
6.839626086845018108e+03
6.840039408264878148e+03
6.840120006385148372e+03
6.840204706927924235e+03
6.840429121873595250e+03
6.840555722517181493e+03
6.840563985586500166e+03
6.840582688076834529e+03
6.841242306724393529e+03
6.841332435501427426e+03
6.841795138448497710e+03
6.841799536367012479e+03
6.841853004022147616e+03
6.842124875940786296e+03
6.842127887608801757e+03
6.842534376047735350e+03
6.842867947043027016e+03
6.843433563027747368e+03
6.843871156395067374e+03
6.843943437304355939e+03
6.844010845893916667e+03
6.844171041681747738e+03
6.844368549479897410e+03
6.844468887075891871e+03
6.844679831064232530e+03
6.844869651221836648e+03
6.844881119229446995e+03
6.844921778250940406e+03
6.844986457287820485e+03
6.845113876320951022e+03
6.845233135931074685e+03
6.845240668504931818e+03
6.845246468157292838e+03
6.845358121202415532e+03
6.845549567765103347e+03
6.845584482527592627e+03
6.845592656561530021e+03
6.845594110680238373e+03
6.845629230765400280e+03
6.845824051361998499e+03
6.846017336992399578e+03
6.846451264622202871e+03
6.846523694561470620e+03
6.846554979118856863e+03
6.846651402227644212e+03
6.846682767457029513e+03
6.846819722697440739e+03
6.846864535662236449e+03
6.847144943150173276e+03
6.847486414264989435e+03
6.847500008704670108e+03
6.847669346803614644e+03
6.847864113585183986e+03
6.847970215334568820e+03
6.848076109717057079e+03
6.848170101841242285e+03
6.848209461361382637e+03
6.848299550115746570e+03
6.848686180291988421e+03
6.848796716998756892e+03
6.848999818078447788e+03
6.849088694880882031e+03
6.849358636897139149e+03
6.850604813852548432e+03
6.850652978363841612e+03
6.850758243355764534e+03
6.850865741326596435e+03
6.850906814168136407e+03
6.851020254765798200e+03
6.851410680554452483e+03
6.851567592823842460e+03
6.851659909729319224e+03
6.851679622068800199e+03
6.851706587500261776e+03
6.852265745131266158e+03
6.852317080809226354e+03
6.852346570964277817e+03
6.852652534363336599e+03
6.852682230789934692e+03
6.852867802184068751e+03
6.852878403762986636e+03
6.852993268278371943e+03
6.853594943879756102e+03
6.853600855517600394e+03
6.854066372295292240e+03
6.854133967047276201e+03
6.854189770033860441e+03
6.854392523663369502e+03
6.854601209662242582e+03
6.854840407795642022e+03
6.854981793226724221e+03
6.854988863487553317e+03
6.855041738889368389e+03
6.855114034914402509e+03
6.855373315009075668e+03
6.855436324253405473e+03
6.855608441948182190e+03
6.855610985184528545e+03
6.855674391594903682e+03
6.856077077083347831e+03
6.856128901237456375e+03
6.856148162349826634e+03
6.856800949748654602e+03
6.857001627586325412e+03
6.857022744722177777e+03
6.857382759532324599e+03
6.857849175289644336e+03
6.858043893540298086e+03
6.858099740648807710e+03
6.858135220699902675e+03
6.858156641847480387e+03
6.858213156989096206e+03
6.858914413032399352e+03
6.858920220243131553e+03
6.859190776994772932e+03
6.859270850979354691e+03
6.859783886039667777e+03
6.859786980583460718e+03
6.860083804310364030e+03
6.860264898208058185e+03
6.860422688586348158e+03
6.860619838997395163e+03
6.860777541248038688e+03
6.861014629824508120e+03
6.861421137427849317e+03
6.861502432675069940e+03
6.861679301196048073e+03
6.861770538375556498e+03
6.862035940069901699e+03
6.862120590886032005e+03
6.862252310713110091e+03
6.862350627684802930e+03
6.862404435946188642e+03
6.862431399768478514e+03
6.862759464774338085e+03
6.862893614874864397e+03
6.863229584686929229e+03
6.863360702073154243e+03
6.864109322857371808e+03
6.864513494149970938e+03
6.864517572209825630e+03
6.865109977379261181e+03
6.865350288979547258e+03
6.865533086732434640e+03
6.866228386349427637e+03
6.866266590283906226e+03
6.866884340378694105e+03
6.867107251036472917e+03
6.867171820273134472e+03
6.867185049380043893e+03
6.867241612110370625e+03
6.867255416207754934e+03
6.867381551651428708e+03
6.868453173738390433e+03
6.868605560163678092e+03
6.868688139361020148e+03
6.868868032133505949e+03
6.868902991240407573e+03
6.868929686552737621e+03
6.869035108203783238e+03
6.869129379361921565e+03
6.869138337500758098e+03
6.869151149879057812e+03
6.869590726401832399e+03
6.869662248187922160e+03
6.869736848942516190e+03
6.870176570360936239e+03
6.870310575095542845e+03
6.870364007926301383e+03
6.870440898392128474e+03
6.870446858952808725e+03
6.870580327513861448e+03
6.870731998841230961e+03
6.871178715853826361e+03
6.871210721921621371e+03
6.871266076538116977e+03
6.871731773316112594e+03
6.871868681145561823e+03
6.872042689451011029e+03
6.872244602085745100e+03
6.872269787800904851e+03
6.872285431463546047e+03
6.872376761225075825e+03
6.872644212967894418e+03
6.872766827131244099e+03
6.872828459696702339e+03
6.872956186019443521e+03
6.873208738927914055e+03
6.873228205724089094e+03
6.873370538908679009e+03
6.873496601749137881e+03
6.874204647610965367e+03
6.874483388654252849e+03
6.874903756078490005e+03
6.875285364053372177e+03
6.875451762973222685e+03
6.875530796300135989e+03
6.875807419655524427e+03
6.876156893281825432e+03
6.876381354785790791e+03
6.876395329227437287e+03
6.876562776149348792e+03
6.876983051955525298e+03
6.877102813503213838e+03
6.877227038979081044e+03
6.877276717931400526e+03
6.877309188505706516e+03
6.877312014172995077e+03
6.877721696319998955e+03
6.877722553433028224e+03
6.878076207694766708e+03
6.878132238223675813e+03
6.878386254717534030e+03
6.878685200924725905e+03
6.878794577864240637e+03
6.878959945189491009e+03
6.879388568215345003e+03
6.879421184512859327e+03
6.879586214506054603e+03
6.879862523922037326e+03
6.880509232000739757e+03
6.880580652328629185e+03
6.880603292597300424e+03
6.880636846681793031e+03
6.881010469352137989e+03
6.881053678885348745e+03
6.881090685130157908e+03
6.881313985095892349e+03
6.881447868181938247e+03
6.881473606041239691e+03
6.881539894205662677e+03
6.881577619014579795e+03
6.881717297637099364e+03
6.881793108901672895e+03
6.882118929772251249e+03
6.882142008918431202e+03
6.882354122804779763e+03
6.882402105369951641e+03
6.882711861450754441e+03
6.882866638816921295e+03
6.882980156651196921e+03
6.883098007741042238e+03
6.883569697460875432e+03
6.883841075316972820e+03
6.883952196741135594e+03
6.884240451113208110e+03
6.884775245890439692e+03
6.884789786072080460e+03
6.884950764531376990e+03
6.884972282799286404e+03
6.885229768850195796e+03
6.885415865520143598e+03
6.885532398177198957e+03
6.885682635103975372e+03
6.885833857730116506e+03
6.886214927978375272e+03
6.886314368093734629e+03
6.886352642181491319e+03
6.886998624223430852e+03
6.887060627954366282e+03
6.887099601941939000e+03
6.887185682689807436e+03
6.887224645955460801e+03
6.887410355906882614e+03
6.887455246792670550e+03
6.887771371405020545e+03
6.887903170220776701e+03
6.888013452350486659e+03
6.888287605518642522e+03
6.888503338409611388e+03
6.888533606593337026e+03
6.888582890115821101e+03
6.888833606305550347e+03
6.888899246237671832e+03
6.889349557459182506e+03
6.889462183703852133e+03
6.889483444647715260e+03
6.889943601871356805e+03
6.890003326275068503e+03
6.890152853486911226e+03
6.890331648578954628e+03
6.890358282481973220e+03
6.890567607458202474e+03
6.891361548357119318e+03
6.891405802525816398e+03
6.892020586856259797e+03
6.892219237267544486e+03
6.892319949647743670e+03
6.892907729889391703e+03
6.892941201854459905e+03
6.893288729490823243e+03
6.893535944464298154e+03
6.893674296948459414e+03
6.893950506789869905e+03
6.893994241912526377e+03
6.894089499595861525e+03
6.894117361377922862e+03
6.894428424144029123e+03
6.894494170971081985e+03
6.894814497620137445e+03
6.895265104369432265e+03
6.895561264461990504e+03
6.895655549687135135e+03
6.895768656276526599e+03
6.897129509485187555e+03
6.897169462467508311e+03
6.897281346677714282e+03
6.897504195335050099e+03
6.897514887572663611e+03
6.897526694851362663e+03
6.897621465148953575e+03
6.897734496089822642e+03
6.897787642045758730e+03
6.897825381975585515e+03
6.898202708418594739e+03
6.898327706668253086e+03
6.899134641513630413e+03
6.899141104609002468e+03
6.899323326302055648e+03
6.899382124885240955e+03
6.899634121724617216e+03
6.899644903576572688e+03
6.899919625288701354e+03
6.900020249293972483e+03
6.900439497920757276e+03
6.901233948476728983e+03
6.901303891142283646e+03
6.901376408828916283e+03
6.901686865881409176e+03
6.902022169076720274e+03
6.902138250848586722e+03
6.902302442867663558e+03
6.902805791518554543e+03
6.902845006520512470e+03
6.902943269082908046e+03
6.903125159021849868e+03
6.903606177053175088e+03
6.903625123654328490e+03
6.903969321235111238e+03
6.904132735785728073e+03
6.904792748653014314e+03
6.905134375761649608e+03
6.905482654421507505e+03
6.905552212455120753e+03
6.905692845062520973e+03
6.906006980600664065e+03
6.906103180984273422e+03
6.906124035205539258e+03
6.906186540222866824e+03
6.906369147502191481e+03
6.906405873976354087e+03
6.906472132921894627e+03
6.906506657062886916e+03
6.906717410796104559e+03
6.906814233374900141e+03
6.906963692235139206e+03
6.907529206649099251e+03
6.907620227698396775e+03
6.907900445792097344e+03
6.907980069138901854e+03
6.908327720766209495e+03
6.908451783391531535e+03
6.908642141335386441e+03
6.908950354244243499e+03
6.909183983969123801e+03
6.909384609231503418e+03
6.909687305137982548e+03
6.909887158459629063e+03
6.910146132951895197e+03
6.910298205577277258e+03
6.910421334793782989e+03
6.910784364358805760e+03
6.910923518544785111e+03
6.911494969812399177e+03
6.911812610805895929e+03
6.911970702762926521e+03
6.912376548108886709e+03
6.912584121919262543e+03
6.912707772793167351e+03
6.913427506735094539e+03
6.913489952385391916e+03
6.913929331401701347e+03
6.914201036642747567e+03
6.914261754534384636e+03
6.914672140291484538e+03
6.914691415285656149e+03
6.914998085251474549e+03
6.915053633074909158e+03
6.915154535391073296e+03
6.915483654921212292e+03
6.915851171337895721e+03
6.916095992621948426e+03
6.917002699600941924e+03
6.917869972612719721e+03
6.917886671154066789e+03
6.918135679694365535e+03
6.918507435320912919e+03
6.918855988104895005e+03
6.919015468889852855e+03
6.919112691251493743e+03
6.919215467056968009e+03
6.919431408144851048e+03
6.919878702178330059e+03
6.919885071626836179e+03
6.920071088703737587e+03
6.920287898291301644e+03
6.920886761467580072e+03
6.921570491948330528e+03
6.921594279495217961e+03
6.922023628072317479e+03
6.922343244956710805e+03
6.922383962705682279e+03
6.922665379983288403e+03
6.922794534719077092e+03
6.922828191914949457e+03
6.922882195931660135e+03
6.923320390574448538e+03
6.923347085668809086e+03
6.923578430734798530e+03
6.923673609372639476e+03
6.923954090271708992e+03
6.923956206799033680e+03
6.924505543675982153e+03
6.924628417977231948e+03
6.925057111505384455e+03
6.925298882951753512e+03
6.925921008141563107e+03
6.925936894528566881e+03
6.926002971969315695e+03
6.926442519330934374e+03
6.926507836045829208e+03
6.926566275591572776e+03
6.926573297978986375e+03
6.926591270959570465e+03
6.926945682038184714e+03
6.927410793254830423e+03
6.927823598213618425e+03
6.927915990928118845e+03
6.927998433936247238e+03
6.928067658550618944e+03
6.928113144012825614e+03
6.928442481400886209e+03
6.928500897637019989e+03
6.928597754401216662e+03
6.928631987887600189e+03
6.928640190238214018e+03
6.928757342120086832e+03
6.928811228770903654e+03
6.928938946243455575e+03
6.929107511723133939e+03
6.929155732686008378e+03
6.929654858779983442e+03
6.929716689269091148e+03
6.929723081203388574e+03
6.929967924761266659e+03
6.930329529704116794e+03
6.930349062367919032e+03
6.930364122898165078e+03
6.930497509201499270e+03
6.930510685102428397e+03
6.930636329798470797e+03
6.930795894603543275e+03
6.931086438877492583e+03
6.931321037704179616e+03
6.931910022156809646e+03
6.932122154914600287e+03
6.932175587047041518e+03
6.932803562194050755e+03
6.932878132370062303e+03
6.932933772437451807e+03
6.932972981922524013e+03
6.933141877816423403e+03
6.933513684630725947e+03
6.933946734826115971e+03
6.934090166925068843e+03
6.934105494380492928e+03
6.934299254648830356e+03
6.934959846177637701e+03
6.935146050022882264e+03
6.935146824935911354e+03
6.935296035800143727e+03
6.935337088657624008e+03
6.935635326397313293e+03
6.935682398056151214e+03
6.936309123687977262e+03
6.936858658974635546e+03
6.937006083953721827e+03
6.937179753796181103e+03
6.937311703135376774e+03
6.938859953697740821e+03
6.938939940244002173e+03
6.939405025415570890e+03
6.939517379208316015e+03
6.939571617976633206e+03
6.940388295836223733e+03
6.940410228139787250e+03
6.940514399618340576e+03
6.940640839848127143e+03
6.940877598728457087e+03
6.940911894294174090e+03
6.941037940394498946e+03
6.941040594210942800e+03
6.941060057365138164e+03
6.941278845351333985e+03
6.941338940332122547e+03
6.941765638055213458e+03
6.942302892671563313e+03
6.942309022585428465e+03
6.942535353119351385e+03
6.942556657782045477e+03
6.942579078677638790e+03
6.942639298107616014e+03
6.942662578444417704e+03
6.942820221044664322e+03
6.943501222902526933e+03
6.943589206102763455e+03
6.943804564446903896e+03
6.943949679935342829e+03
6.944235290232159969e+03
6.944744641073614730e+03
6.944880857742256921e+03
6.945286436223494093e+03
6.945394938544814067e+03
6.945452613316820134e+03
6.945501411917772202e+03
6.945669990729134952e+03
6.945773157553442616e+03
6.945936195774295811e+03
6.946264424546574446e+03
6.946670418229610732e+03
6.946885187552888056e+03
6.947059898894659455e+03
6.947221224685608831e+03
6.947622638693216686e+03
6.947657260795533148e+03
6.948905097100656349e+03
6.948950226828734230e+03
6.949006953514088309e+03
6.949012672185631345e+03
6.949270921986088979e+03
6.949964534935675147e+03
6.950304142958972989e+03
6.950316195861086271e+03
6.950421944191313742e+03
6.950469635397872480e+03
6.950664625965519917e+03
6.950670862201935961e+03
6.950908292548292593e+03
6.951154907563404777e+03
6.951171465961857393e+03
6.951266110727037812e+03
6.951407105704388414e+03
6.951482504924242676e+03
6.951516993989213006e+03
6.951543122678567670e+03
6.951757516236730226e+03
6.952114230962286456e+03
6.952894432256074651e+03
6.952990355768973131e+03
6.953088050409131938e+03
6.953193145628312777e+03
6.953270470442895203e+03
6.953310709283015058e+03
6.953465629766581515e+03
6.953484968464796111e+03
6.953592597175674200e+03
6.953612619811052355e+03
6.953616310790146599e+03
6.953632016384391136e+03
6.953657005448296331e+03
6.954117270548845227e+03
6.954257404974016026e+03
6.954291934609760574e+03
6.954410328081243279e+03
6.954959278565861496e+03
6.954998556535464559e+03
6.955062517129695152e+03
6.955191528223150272e+03
6.955465949082608859e+03
6.955746112655725483e+03
6.955875055337764934e+03
6.956109669001746624e+03
6.956126469345962505e+03
6.956218933902020581e+03
6.956443406355865591e+03
6.956609699038599501e+03
6.956689672419479393e+03
6.956806736561519756e+03
6.956829059184923608e+03
6.957103545541055610e+03
6.957177798434452598e+03
6.957539359746812806e+03
6.957578696066349949e+03
6.958189845445071114e+03
6.958334609017049843e+03
6.958421056800886618e+03
6.958545590572475703e+03
6.958562427666992335e+03
6.958684731450006439e+03
6.958704314922476442e+03
6.958899067197467957e+03
6.958963879265423202e+03
6.959158759359117539e+03
6.959895003451822049e+03
6.960024642119425152e+03
6.960381911555345141e+03
6.960696857436902064e+03
6.960836249476448756e+03
6.960917420759989909e+03
6.960996387182452963e+03
6.961279080630862154e+03
6.961591086803642611e+03
6.961786367759487803e+03
6.961835723478144246e+03
6.962151650575338863e+03
6.962184991754722432e+03
6.962479643800362282e+03
6.962876681507903413e+03
6.963696460198060777e+03
6.963843967788469854e+03
6.964050951793492459e+03
6.964532064238435851e+03
6.964540218964160886e+03
6.964910855320366863e+03
6.964989660307654958e+03
6.965485766931222315e+03
6.966142297644924838e+03
6.966459901660743526e+03
6.966545871828598138e+03
6.966599216342015097e+03
6.966795942826038299e+03
6.966996971652051798e+03
6.967077438333702958e+03
6.967186965521260390e+03
6.967245619853576500e+03
6.967286110947888119e+03
6.967313956284128835e+03
6.967328064362651276e+03
6.967883745753549192e+03
6.968015203739954813e+03
6.968096979704328078e+03
6.968232176794373117e+03
6.968327644115856856e+03
6.968420796189888279e+03
6.968611541145038245e+03
6.968642701092595416e+03
6.969205753038434523e+03
6.969310440066528827e+03
6.969468054431779819e+03
6.969696499556014714e+03
6.969885378487089838e+03
6.969947399560981466e+03
6.970517829012576840e+03
6.970644238695229433e+03
6.971435700404766067e+03
6.971708964941825798e+03
6.971924394104595194e+03
6.971925424891604962e+03
6.971971995576637710e+03
6.972289455365915273e+03
6.973381859442719360e+03
6.973443458029767498e+03
6.973617587980202188e+03
6.973915538367778936e+03
6.973994170900447898e+03
6.974005159616267520e+03
6.974018040950563773e+03
6.974045476753482944e+03
6.974263669715142896e+03
6.974311766397227075e+03
6.974778587187445737e+03
6.975127166355671761e+03
6.975579241404690947e+03
6.975645777617644853e+03
6.975799860151041685e+03
6.975879953641782777e+03
6.975944724924721413e+03
6.976323991969247800e+03
6.977311449632833501e+03
6.977383991273474749e+03
6.978448346615961782e+03
6.978476878802420288e+03
6.978557885854661436e+03
6.978910626686935757e+03
6.978962654979987747e+03
6.978982747704971189e+03
6.979976222941779270e+03
6.979999134899266210e+03
6.980088582030366524e+03
6.980127903632449488e+03
6.980270159937825156e+03
6.980847946398743261e+03
6.981446365842766681e+03
6.981533752541366084e+03
6.981765159796288572e+03
6.981903335427920865e+03
6.982086590214657008e+03
6.982384300444689870e+03
6.982787497726015317e+03
6.982820861043610421e+03
6.982901787988906108e+03
6.983196630307834312e+03
6.983324995983085500e+03
6.983394968550742306e+03
6.983396074860354929e+03
6.983836546596039625e+03
6.984137998167739170e+03
6.984236639677697895e+03
6.984661248165542929e+03
6.984839184879166169e+03
6.985500969626246842e+03
6.985589992738464389e+03
6.985873320063647952e+03
6.986139167476025250e+03
6.986660918828786635e+03
6.986917666978346460e+03
6.987381214750503204e+03
6.987515797163212483e+03
6.987559495019918359e+03
6.987885951327298244e+03
6.988085034197181812e+03
6.988297156269786683e+03
6.988308206341291225e+03
6.988377665763260666e+03
6.988605721861552411e+03
6.988817073429456286e+03
6.988871019862664980e+03
6.989211987622356901e+03
6.989411058239129488e+03
6.989439337224793235e+03
6.989636561600907044e+03
6.989876912739980980e+03
6.989986176058195269e+03
6.990027632758141408e+03
6.990037478427849237e+03
6.990069704813383396e+03
6.990133112053255900e+03
6.990691660914139902e+03
6.990964467990143021e+03
6.991060862952620482e+03
6.991419526222122840e+03
6.992031010721216262e+03
6.992208174388770203e+03
6.992348336777799886e+03
6.993236071372097285e+03
6.993254481278147978e+03
6.993329756044574424e+03
6.993472880177400839e+03
6.993696188962589076e+03
6.993778080203323043e+03
6.993868559422510771e+03
6.993890091810144440e+03
6.994110217747534080e+03
6.994408458991002590e+03
6.994467056007848441e+03
6.994745813895391620e+03
6.994864616442707302e+03
6.994981777696603785e+03
6.994986204958987400e+03
6.995070901328464060e+03
6.995140597454413182e+03
6.995286363161018016e+03
6.995298368558848779e+03
6.995482207630904668e+03
6.995829260766318839e+03
6.995922181957946123e+03
6.996085500365732514e+03
6.996207313707791400e+03
6.996352434163576618e+03
6.996721053036194462e+03
6.996932847720977406e+03
6.997450577342119686e+03
6.997878358640119586e+03
6.998038793122512288e+03
6.998230220915411337e+03
6.998356404486449719e+03
6.998560643087084827e+03
6.999088686890438112e+03
6.999559083130007821e+03
6.999674480739764476e+03
6.999913362278005479e+03
7.000234353556792485e+03
7.000323549187210119e+03
7.000336444564517478e+03
7.000423429757715894e+03
7.000588696188274298e+03
7.000624388406927210e+03
7.000667220012600410e+03
7.000690117764697789e+03
7.001547994448588724e+03
7.001632903502859335e+03
7.001881924273920049e+03
7.002622037026440012e+03
7.002643092464020810e+03
7.002816038933393429e+03
7.002820280960212585e+03
7.002968325850609290e+03
7.003398982406506548e+03
7.003551331848570953e+03
7.003667625863233297e+03
7.003760787556729156e+03
7.004029261662463796e+03
7.004379174313941803e+03
7.004513683287647837e+03
7.005498273935992074e+03
7.006171987203068966e+03
7.006254020039428724e+03
7.006669518065124976e+03
7.006778012886246870e+03
7.006781318006555921e+03
7.007224055796982611e+03
7.007496978639597728e+03
7.008045699436526775e+03
7.008245575362999261e+03
7.008507695369614339e+03
7.008607358057322017e+03
7.009340969523661443e+03
7.009504252157761584e+03
7.009586178083983214e+03
7.009985190932546175e+03
7.010473063543534408e+03
7.010478568905075008e+03
7.010505707246512429e+03
7.011464816656629409e+03
7.011516899371813452e+03
7.011761572458059163e+03
7.011812853531868313e+03
7.011844035353334220e+03
7.011844103149308467e+03
7.012200125317527636e+03
7.012514423686573537e+03
7.012544968748830797e+03
7.012742840826434076e+03
7.012810412878363422e+03
7.012998941700770047e+03
7.013207425369588236e+03
7.013476773465794395e+03
7.013660003743244488e+03
7.013903162371622784e+03
7.014243773835580214e+03
7.014634948256174539e+03
7.014681778511992889e+03
7.014910486805932123e+03
7.014946367650580214e+03
7.014981252054865763e+03
7.014988653245272872e+03
7.015471490598715718e+03
7.015771231760968476e+03
7.015821098732358223e+03
7.015884595982885003e+03
7.015988660294815418e+03
7.016484069256278417e+03
7.016642034944612533e+03
7.016778089199314309e+03
7.016894252390452493e+03
7.017163794911979494e+03
7.017908477484904324e+03
7.017928083568626789e+03
7.018007863944944802e+03
7.018031508970263531e+03
7.018128576384981898e+03
7.018159866813655754e+03
7.018286610438127354e+03
7.018434619881065373e+03
7.018576202545366868e+03
7.018917105589706807e+03
7.019058351660760309e+03
7.019171274654875560e+03
7.019322557069368486e+03
7.019564219815300021e+03
7.019852577986150209e+03
7.020334861696437656e+03
7.020388364588639888e+03
7.020792325525934757e+03
7.020838482214364376e+03
7.020897119831026430e+03
7.021035740739863286e+03
7.021186513046131950e+03
7.021691835145657933e+03
7.021797564722814059e+03
7.022012241291537066e+03
7.022207107331286352e+03
7.022649184954643715e+03
7.022667550411617412e+03
7.022947433335411915e+03
7.023070804886270707e+03
7.023238960586384565e+03
7.023451600596580647e+03
7.023487435318237658e+03
7.024197224016600558e+03
7.024207082546761740e+03
7.024271527258678361e+03
7.024811098983266675e+03
7.025094007076866546e+03
7.025172599598829947e+03
7.025375365796413462e+03
7.025461482484534827e+03
7.026044973854573072e+03
7.026201142454820911e+03
7.026249961117820021e+03
7.026291558117762179e+03
7.026448940051588579e+03
7.026579679969036079e+03
7.026824641191184128e+03
7.027146016461668296e+03
7.027253697362099047e+03
7.027522399428906283e+03
7.027591631243274605e+03
7.027705571735529702e+03
7.027824693918782941e+03
7.028294529154695738e+03
7.028394616740542915e+03
7.028498542620191984e+03
7.029192624652147060e+03
7.029841762365146678e+03
7.030475364037558393e+03
7.030731194372767277e+03
7.031198980077322631e+03
7.031345488981685776e+03
7.031527983629547634e+03
7.031628726860074494e+03
7.031707380206361449e+03
7.031953423405089779e+03
7.032293588348852609e+03
7.032760433438841574e+03
7.033290460792521117e+03
7.033515755721937239e+03
7.033995429151841563e+03
7.034152286050328257e+03
7.034494235981780548e+03
7.034710489879256784e+03
7.034823608788933598e+03
7.034963195026654830e+03
7.034978358372362891e+03
7.035822544451920294e+03
7.036168367855482757e+03
7.037132801458895301e+03
7.037152508266085533e+03
7.037607065115455953e+03
7.037938060224941182e+03
7.038271893530660236e+03
7.038338504795838162e+03
7.038379608087630004e+03
7.038385672876936951e+03
7.039226979267408751e+03
7.039543656487413500e+03
7.039572768850720422e+03
7.039929661071886585e+03
7.040011765476479013e+03
7.040616854682370104e+03
7.040905156010279825e+03
7.041166992305527856e+03
7.041173673706911359e+03
7.041252885460214202e+03
7.041308172879682388e+03
7.041987221190565833e+03
7.042001716185863188e+03
7.042876250764477845e+03
7.042936626967596567e+03
7.043001148847882178e+03
7.043162547585977336e+03
7.043210206153977197e+03
7.043429811809472994e+03
7.044263950748610114e+03
7.044294767875005164e+03
7.044431794606738549e+03
7.044590147886027808e+03
7.044616470601492438e+03
7.044745884389156345e+03
7.044778931483750057e+03
7.044866412603120807e+03
7.044974202966075609e+03
7.045077807225560719e+03
7.045107586544268088e+03
7.045726200897128365e+03
7.045863888701601354e+03
7.046104945852526726e+03
7.046114663004904287e+03
7.046282328016546671e+03
7.047515293245061002e+03
7.047758484607595165e+03
7.047895202352072374e+03
7.047901771801670293e+03
7.047955295098286115e+03
7.047990793935893635e+03
7.047997197453206354e+03
7.048408606487510042e+03
7.048800429021499440e+03
7.048804363576637115e+03
7.049160900801889511e+03
7.049333973591315953e+03
7.049392376509393216e+03
7.049506527690189614e+03
7.049559870891781429e+03
7.049846032047216795e+03
7.050128920955778995e+03
7.050354854173549029e+03
7.050605661914544726e+03
7.051345856649551024e+03
7.051807393335113375e+03
7.052090268708014264e+03
7.052153148230572697e+03
7.052190069769274487e+03
7.052327164757704850e+03
7.052428097322836038e+03
7.052582339801176204e+03
7.052745761490811674e+03
7.053135070402872771e+03
7.053284643965888790e+03
7.053399529594691558e+03
7.053603973730638245e+03
7.054399061622593763e+03
7.054625088664816758e+03
7.054847894014921621e+03
7.055296383655011596e+03
7.055914287265886742e+03
7.056030792788774306e+03
7.056295184460637756e+03
7.056631335903570289e+03
7.056648508865630902e+03
7.056867184129790076e+03
7.056876050692271747e+03
7.056935690051866004e+03
7.057037425159469421e+03
7.057164007470412798e+03
7.057168869717823327e+03
7.057207614957154874e+03
7.057684841123754268e+03
7.057746971879352714e+03
7.057801621082578095e+03
7.057897841080694889e+03
7.058157621326333356e+03
7.058199361419287925e+03
7.058266018843750317e+03
7.059024640236173582e+03
7.059222178038561651e+03
7.059759011719258524e+03
7.060434517526065974e+03
7.060457060899383578e+03
7.060511186896963409e+03
7.060652326604586051e+03
7.061169572750835869e+03
7.061337478354608720e+03
7.061992311946331938e+03
7.062442672690104700e+03
7.062519128800182443e+03
7.062759326511570180e+03
7.062776250731925757e+03
7.063113079008309796e+03
7.063123693444023957e+03
7.063192877387952649e+03
7.063638870287586542e+03
7.063991105638470799e+03
7.064014783783417442e+03
7.064026634019056473e+03
7.064169576213499568e+03
7.064252894343737353e+03
7.064446478989853858e+03
7.064537442611068400e+03
7.064602177029906670e+03
7.065036359095916850e+03
7.065210803394328650e+03
7.065473250707536863e+03
7.065641036353807067e+03
7.065713702479340100e+03
7.066057186248704056e+03
7.066655227779293455e+03
7.066705662837185628e+03
7.067026807297526830e+03
7.067107773762944817e+03
7.067635748074597359e+03
7.068027875302562279e+03
7.068375588753288866e+03
7.068588539469116768e+03
7.069546971773342193e+03
7.069642186601991853e+03
7.070221212601979460e+03
7.070285946369680460e+03
7.070785943428840255e+03
7.070833331007206652e+03
7.071063091821966736e+03
7.071816955353550838e+03
7.071829937528359551e+03
7.071893751391877231e+03
7.071947253515255397e+03
7.072332294961919615e+03
7.072541532315241966e+03
7.072594306951591534e+03
7.072641200296926399e+03
7.072679804060207061e+03
7.072689269481928022e+03
7.073253492839158753e+03
7.073429079278407698e+03
7.073493557036033963e+03
7.073869948786166788e+03
7.073902448349593215e+03
7.073970237278249442e+03
7.074249677775575947e+03
7.075252255254516967e+03
7.075283376707299794e+03
7.075329130966971206e+03
7.075407862574515093e+03
7.076353528935798749e+03
7.077119929787918409e+03
7.077308338787737739e+03
7.077557152107061484e+03
7.077576042113180847e+03
7.078448611861684185e+03
7.078486986167479699e+03
7.080262467628578634e+03
7.080500636203682916e+03
7.080728217586256505e+03
7.080738842691398531e+03
7.080817777152225972e+03
7.080920478825841201e+03
7.081112661084130195e+03
7.081183689038894954e+03
7.081362367983510921e+03
7.081370120004824457e+03
7.081988954415816806e+03
7.082163780809809396e+03
7.082210505103711512e+03
7.082554120152292853e+03
7.083072982275704817e+03
7.083081008492463297e+03
7.083113178706516010e+03
7.083476603359117689e+03
7.084421215162747103e+03
7.084628272899708463e+03
7.084670874639584326e+03
7.084934894145097132e+03
7.085318499824098581e+03
7.085739561014133869e+03
7.085772966114833253e+03
7.085880996125185447e+03
7.085993221913982779e+03
7.086369597142736893e+03
7.086791805810783444e+03
7.087164946537213837e+03
7.087438800387642914e+03
7.087443146707365486e+03
7.087550469698972847e+03
7.087723903858422091e+03
7.087762791805972483e+03
7.087958631543561751e+03
7.088162672533075238e+03
7.088466669687295507e+03
7.088474982284259568e+03
7.088662041084054181e+03
7.088740381899291606e+03
7.088982023676912831e+03
7.089412223990732855e+03
7.089504210267868075e+03
7.090091620624571988e+03
7.090229905657740346e+03
7.090773258290010745e+03
7.090835532877249534e+03
7.091075851614752537e+03
7.091850570544114817e+03
7.092038125816164211e+03
7.092580241929716067e+03
7.093177004342809596e+03
7.093304800797160169e+03
7.093309162004969949e+03
7.093505304376751155e+03
7.093973484137344713e+03
7.093992938671206502e+03
7.094068775067830757e+03
7.094269849813420478e+03
7.094765890062491962e+03
7.094810004341344211e+03
7.094943609374365224e+03
7.095088892427203973e+03
7.095610981018096027e+03
7.095674821419321233e+03
7.095771234581238787e+03
7.095880384710459111e+03
7.095933761203667018e+03
7.096033664481234155e+03
7.096163195429139705e+03
7.096228199539047637e+03
7.096608035948866018e+03
7.097143834704048459e+03
7.097286778170606340e+03
7.097375261054123257e+03
7.097572910448943730e+03
7.097799296011480692e+03
7.098048077623428071e+03
7.098052829331889370e+03
7.098468999522161539e+03
7.098618063125105436e+03
7.098704592033434892e+03
7.098707574566654330e+03
7.098752740800654465e+03
7.099038029438924241e+03
7.099183271904166759e+03
7.099484569936391381e+03
7.099739822992698464e+03
7.099858982252162605e+03
7.099902320410436005e+03
7.100038872589859238e+03
7.100306005730953984e+03
7.100684662654823114e+03
7.100823562550144743e+03
7.101840508114829390e+03
7.101867671871863422e+03
7.101877089197913847e+03
7.102030770449755437e+03
7.102199828086824709e+03
7.102466304500841943e+03
7.102503207804250451e+03
7.102661748648988578e+03
7.102895041029064487e+03
7.103089645387605742e+03
7.103378971894829192e+03
7.103898368219116492e+03
7.104033042336204744e+03
7.104076101943823232e+03
7.104184892213383137e+03
7.104213636184013922e+03
7.104281514067390162e+03
7.104898123870671043e+03
7.104998974067487325e+03
7.105335331305104773e+03
7.105361922151525505e+03
7.105794407787972887e+03
7.105912907209935838e+03
7.105967479191642269e+03
7.106249426009253511e+03
7.106267022320640535e+03
7.106394871202264767e+03
7.106926728461683524e+03
7.107139783134414756e+03
7.107571158630046739e+03
7.107776100676706847e+03
7.107977104751850675e+03
7.108261166718795721e+03
7.108445325906415746e+03
7.109161828159888501e+03
7.109274272687859593e+03
7.109413812689799670e+03
7.109568307540574096e+03
7.109749776868720801e+03
7.110046073620972493e+03
7.110216470193057830e+03
7.110518110200930096e+03
7.110607016456713609e+03
7.111338571310374391e+03
7.111452770841850906e+03
7.111651816257986866e+03
7.111753876213244439e+03
7.111769943331897593e+03
7.111850112967556015e+03
7.111857704489446405e+03
7.112329009139052687e+03
7.112513446731259137e+03
7.112780161416339979e+03
7.112868031492444061e+03
7.113099897344291094e+03
7.113215721980823218e+03
7.113338076464083315e+03
7.114051282553790770e+03
7.114178384455592095e+03
7.114322578756136863e+03
7.114618423984729816e+03
7.114735290983854611e+03
7.115105220409429421e+03
7.115420730809131783e+03
7.116188101957807703e+03
7.116732420974572960e+03
7.116788550221817786e+03
7.117053407708944178e+03
7.117326505551912305e+03
7.117400030900152160e+03
7.117522773153270464e+03
7.117643306730746190e+03
7.117650040615357284e+03
7.117677072700852477e+03
7.117804306294471644e+03
7.117852987671675692e+03
7.118480920240042906e+03
7.118941481974647104e+03
7.118948493868569130e+03
7.118989374426136237e+03
7.119084842206183566e+03
7.119509756986416505e+03
7.120070256795281239e+03
7.120081588093071332e+03
7.120511592915277106e+03
7.120664546109159346e+03
7.120771029261583863e+03
7.120889299863263659e+03
7.120901291696694898e+03
7.121089666418186425e+03
7.121317780390453663e+03
7.122336207760528850e+03
7.122364142911481395e+03
7.122437840652765772e+03
7.122791949943779400e+03
7.122902822663074403e+03
7.122966075120782079e+03
7.123365778861129911e+03
7.123624120087192750e+03
7.124462346518362210e+03
7.124560492861971397e+03
7.124669386982362994e+03
7.125147073041310250e+03
7.125285304755917423e+03
7.125621820649992515e+03
7.125972359142336245e+03
7.126005007137760003e+03
7.126161135977015874e+03
7.126660060301802332e+03
7.126812418114232059e+03
7.128151627115718838e+03
7.128208407925872052e+03
7.128364257195491518e+03
7.128444221316092808e+03
7.128642106367711676e+03
7.128826315642431837e+03
7.129231572171482185e+03
7.129518719313449765e+03
7.129636777634937971e+03
7.129856305036020785e+03
7.129915725024767198e+03
7.130151303154955713e+03
7.130251451624302717e+03
7.130315629446406092e+03
7.130600430117490760e+03
7.130991793785496156e+03
7.131308754174156093e+03
7.132105368898327470e+03
7.132218395714976396e+03
7.132474916214041514e+03
7.132625170611061549e+03
7.132828804151714394e+03
7.132829978906995166e+03
7.132918027219946453e+03
7.133069896763874567e+03
7.133205018865202874e+03
7.133749859257862227e+03
7.133801231160781754e+03
7.133922231536255822e+03
7.133973773563236136e+03
7.134585221227778675e+03
7.134927853728267110e+03
7.134964015309917158e+03
7.135423993836825503e+03
7.135484765663957660e+03
7.135520417196099515e+03
7.135825868755035117e+03
7.136058817122139772e+03
7.136633949485118137e+03
7.136792637073984224e+03
7.136801552578499468e+03
7.137140478288021768e+03
7.137303113442682843e+03
7.137731510219881784e+03
7.137743054313111315e+03
7.137821098280770457e+03
7.138253989463589278e+03
7.138451872431647644e+03
7.138675607034636414e+03
7.138883103287535050e+03
7.138938992686934398e+03
7.139333388841475426e+03
7.139971178182766380e+03
7.140248777350000637e+03
7.140360422978084898e+03
7.140524360626120142e+03
7.140695454308141052e+03
7.140706187208234041e+03
7.140827429023146578e+03
7.140996338107121119e+03
7.141432502933196702e+03
7.141544211931324753e+03
7.141569683054952293e+03
7.142219858789751015e+03
7.142853055322063483e+03
7.143045962968851200e+03
7.143146257521102598e+03
7.143312882548253583e+03
7.143768813117261743e+03
7.144239109338242088e+03
7.144314932294380924e+03
7.144462788702993748e+03
7.144613360874832324e+03
7.144623634689606661e+03
7.144632373946390544e+03
7.144792999682896152e+03
7.145407532651032852e+03
7.145693139618730129e+03
7.146097858606122827e+03
7.146162923432993011e+03
7.146271748610562099e+03
7.146450943170587379e+03
7.146470550292139706e+03
7.146542715866175058e+03
7.146684966328528390e+03
7.147037422936271469e+03
7.147378392465285287e+03
7.147759030543114932e+03
7.147901678275710765e+03
7.148076645890520012e+03
7.148769507824925313e+03
7.148908519479856295e+03
7.148945868251472348e+03
7.149598142363695843e+03
7.149988491456121665e+03
7.150146848413510270e+03
7.150296213612717111e+03
7.150347238761156405e+03
7.150476192975381309e+03
7.150678871940427598e+03
7.150880519487551283e+03
7.151375101856535366e+03
7.151451801662373327e+03
7.151641900506941056e+03
7.152276978439037521e+03
7.152538259254512923e+03
7.152676058530943010e+03
7.152698282178098452e+03
7.152920781817519128e+03
7.152962513519869390e+03
7.153151744059002340e+03
7.153162368723519648e+03
7.153685030066872969e+03
7.153991889531721426e+03
7.154514691196596686e+03
7.154609644568922704e+03
7.154617671148858790e+03
7.154795619564014487e+03
7.155303772865238898e+03
7.155434235029394586e+03
7.155833454085656740e+03
7.156014964430095461e+03
7.156357693279978776e+03
7.156564087870799995e+03
7.156590996464118689e+03
7.156690987258493806e+03
7.157519904362447960e+03
7.158124983474403962e+03
7.158374688930216507e+03
7.158488872134333178e+03
7.158667926179009555e+03
7.158686872378538283e+03
7.159007138882082472e+03
7.159105397367471596e+03
7.159380810127107907e+03
7.159794278693504566e+03
7.160015618446934241e+03
7.160398026808168652e+03
7.161380556846126638e+03
7.161446285013664237e+03
7.161684866670605516e+03
7.161873754249027115e+03
7.161895840917722126e+03
7.162060260319594818e+03
7.162425534946117295e+03
7.162806637760484591e+03
7.162995781830823944e+03
7.163084585040749516e+03
7.163220308802411637e+03
7.163723696478647071e+03
7.164006608523199247e+03
7.164262990945470847e+03
7.164396679624120225e+03
7.164441416968032172e+03
7.164670605484274347e+03
7.164884129971597758e+03
7.164890236694453051e+03
7.165039480533628193e+03
7.165150742079397787e+03
7.165241388986494712e+03
7.165249531154036958e+03
7.165262177068492747e+03
7.165410290878411615e+03
7.166596728714140227e+03
7.166833191851250376e+03
7.167129526481125140e+03
7.167475588484143373e+03
7.167622011520434171e+03
7.168149367995079047e+03
7.168181537836370808e+03
7.168335785647047487e+03
7.168503826987938737e+03
7.168518331154695261e+03
7.168557599855149419e+03
7.168565546016779081e+03
7.168994449036513288e+03
7.169138350674121284e+03
7.169140628661873052e+03
7.169581218976772107e+03
7.169639158280735501e+03
7.169738130301983801e+03
7.169984662271418529e+03
7.170041750582947316e+03
7.170196544675564837e+03
7.170214621260573040e+03
7.170243336283589088e+03
7.170542441232712008e+03
7.170729494782685833e+03
7.170873850606175438e+03
7.170980578348345261e+03
7.171032987064661029e+03
7.171117267725413512e+03
7.171381012055233441e+03
7.171381045063207239e+03
7.171398183907483144e+03
7.171673550291786341e+03
7.171753494728593978e+03
7.172102436378186212e+03
7.172740222667053786e+03
7.172801272137242449e+03
7.173232273241206713e+03
7.173373703237435620e+03
7.173416027763877537e+03
7.173467604302129075e+03
7.173529531882009906e+03
7.173606001244391337e+03
7.173690496669644745e+03
7.173753782861732361e+03
7.173871094503302629e+03
7.173926453415581818e+03
7.173955368797433948e+03
7.174115143154601355e+03
7.174336719680417445e+03
7.174825195674412498e+03
7.175200176043871579e+03
7.175295988774460056e+03
7.175782727325360611e+03
7.175822930061649458e+03
7.175830762808653162e+03
7.176793872414875295e+03
7.177715682050148644e+03
7.177860904968755676e+03
7.177911134611658781e+03
7.178571658618724541e+03
7.178833196922072602e+03
7.179745628029990257e+03
7.180078251573623675e+03
7.180128205136352335e+03
7.180428375146834696e+03
7.180706934645662841e+03
7.180763658972960002e+03
7.180858568887565525e+03
7.181108818322498337e+03
7.181381681954416308e+03
7.181619872413012672e+03
7.181862135309185760e+03
7.182607583072729540e+03
7.183038214283962589e+03
7.183080628713691112e+03
7.183177991429663962e+03
7.183429879770043954e+03
7.183510720525085162e+03
7.183557725837792532e+03
7.183730788703609505e+03
7.183995025016753061e+03
7.184189089017857441e+03
7.184273079996934939e+03
7.184395865749858785e+03
7.184468499986795905e+03
7.184472625374253766e+03
7.184717170392337721e+03
7.184776825406035641e+03
7.184830356361469967e+03
7.185054718119500649e+03
7.185230422284119413e+03
7.185385138885592823e+03
7.185446577764739231e+03
7.185754471707928133e+03
7.185756499203572275e+03
7.185827909106496008e+03
7.185881517127878396e+03
7.185939857792253861e+03
7.186048872468282752e+03
7.186242621325771324e+03
7.186281532827733827e+03
7.186478152928510099e+03
7.186610184219352050e+03
7.186659192882862044e+03
7.186967591724233898e+03
7.187239352079499440e+03
7.187317582933531412e+03
7.187339877464995880e+03
7.187355878327048231e+03
7.187931154338036322e+03
7.188030691470156853e+03
7.188193103724463981e+03
7.188473778347756706e+03
7.188983495121561646e+03
7.189120063988488255e+03
7.189300956745475560e+03
7.189423767409175525e+03
7.189514369923007507e+03
7.189637142953443799e+03
7.190126372933434141e+03
7.190152264288412880e+03
7.190597213336633104e+03
7.190750179917175956e+03
7.190811087305540241e+03
7.190872586544417572e+03
7.190886102357428172e+03
7.191073035571259425e+03
7.191098001791190654e+03
7.191527692776365257e+03
7.191666882431804879e+03
7.191930564789326127e+03
7.192101719462395522e+03
7.192220434919910076e+03
7.192245580628843527e+03
7.192846587037584868e+03
7.193298355441119384e+03
7.193745348512736200e+03
7.194365981617156649e+03
7.194480822514351530e+03
7.194614519697225660e+03
7.194782972103766951e+03
7.194796448830643385e+03
7.194819031457379424e+03
7.194875134809355586e+03
7.194896762917495835e+03
7.195143076758513416e+03
7.195284399077906528e+03
7.195423398849524347e+03
7.195550799315460608e+03
7.195705822162093682e+03
7.195753335033153235e+03
7.195983857005292521e+03
7.196188414498878046e+03
7.196464485874734237e+03
7.196628641320988208e+03
7.196666271476426118e+03
7.196770289981386668e+03
7.197030838233639770e+03
7.197263216062187894e+03
7.197502064860120299e+03
7.197768587599635794e+03
7.198107652622049500e+03
7.198521964753027532e+03
7.198734267650442234e+03
7.198822136627123655e+03
7.199220082895883024e+03
7.199227192044327239e+03
7.199322918433133054e+03
7.199601766305384444e+03
7.199909162897720307e+03
