0.000000
0.027610
0.052351
0.118247
0.242724
0.262857
0.306481
0.370152
0.373377
0.406916
0.455507
0.529924
0.559143
0.646370
0.664436
0.674255
0.787832
0.796670
0.826234
0.855290
0.888427
0.900727
0.908667
0.927750
0.961456
1.006596
1.050485
1.298334
1.302230
1.321379
1.374748
1.382400
1.485317
1.525049
1.604050
1.637336
1.654783
1.673398
1.744552
1.750314
1.800637
1.827110
1.828762
1.918766
1.950159
2.036817
2.037224
2.072116
2.092436
2.101307
2.111405
2.136590
2.181938
2.221977
2.269069
2.386509
2.472387
2.509181
2.520868
2.542255
2.589134
2.591485
2.687940
2.698551
2.902665
2.941608
3.017360
3.074884
3.106803
3.116150
3.123498
3.246829
3.297226
3.457268
3.543540
3.586984
3.597343
3.626147
3.646775
3.667093
3.668411
3.709694
3.735863
3.773080
3.801852
3.923644
3.926088
3.967660
3.991278
4.194248
4.222067
4.249426
4.267150
4.338900
4.387693
4.441411
4.441979
4.508328
4.586033
4.600123
4.600996
4.602851
4.619987
4.747524
4.749142
4.758813
4.808042
4.848292
4.870037
5.058742
5.084845
5.105066
5.117964
5.132715
5.165937
5.241676
5.247229
5.295792
5.356356
5.391538
5.393308
5.448685
5.455529
5.571018
5.605695
5.620687
5.640548
5.641412
5.668557
5.691184
5.713398
5.805375
5.858943
6.005320
6.007479
6.035129
6.101520
6.204944
6.360754
6.407288
6.422058
6.482754
6.670323
6.699635
6.710793
6.812572
6.868493
6.887902
6.904194
6.910180
6.912020
6.951164
6.983935
7.058453
7.092379
7.127166
7.279203
7.337437
7.483904
7.489646
7.496178
7.546486
7.650618
7.671821
7.675791
7.702418
7.702626
7.750681
7.768407
7.779846
7.898785
7.930304
7.995656
8.026011
8.089302
8.097137
8.103864
8.118894
8.160854
8.167134
8.227070
8.326060
8.343138
8.397662
8.444186
8.460203
8.481419
8.515494
8.572246
8.640480
8.671335
8.792376
8.834452
8.888485
8.903891
8.925321
9.009683
9.029176
9.060099
9.083597
9.116477
9.149172
9.182323
9.207885
9.232084
9.240941
9.248171
9.294936
9.326723
9.430166
9.498023
9.544126
9.597895
9.625682
9.627631
9.635883
9.824684
9.842634
9.908940
9.991958
10.180288
10.185518
10.210620
10.227246
10.296545
10.363273
10.454054
10.492722
10.538600
10.556884
10.568812
10.577244
10.581789
10.593322
10.636046
10.764658
10.816907
10.831373
10.854178
10.854920
10.926353
10.987106
11.025086
11.072076
11.073632
11.095188
11.109771
11.235219
11.359642
11.453825
11.485667
11.619286
11.669379
11.895601
12.021138
12.048429
12.092451
12.130695
12.181186
12.210491
12.236193
12.301571
12.401415
12.407479
12.419197
12.618782
12.641794
12.728866
12.740366
12.756332
12.762610
12.764171
12.769575
12.784882
12.864645
12.887357
12.928499
12.958429
12.971246
12.977291
12.977803
12.993145
13.000275
13.052982
13.057748
13.127864
13.130247
13.208842
13.247656
13.450751
13.508988
13.540961
13.557183
13.637895
13.681784
13.681928
13.728575
13.772880
13.801098
13.919926
13.936838
14.001065
14.056566
14.069135
14.086130
14.253074
14.260094
14.689754
14.741702
14.843385
14.885519
14.996424
15.045301
15.078994
15.125563
15.282271
15.302744
15.333657
15.404844
15.418241
15.543778
15.559468
15.575144
15.673686
15.678330
15.728710
15.751089
15.768877
15.829875
16.002449
16.259138
16.369212
16.502453
16.505610
16.539360
16.673869
16.696011
16.888715
16.925382
16.928203
16.987103
17.006788
17.050936
17.093075
17.156030
17.163885
17.316727
17.419728
17.493038
17.627771
17.728380
17.788769
17.795596
17.922921
17.981301
17.990565
18.017836
18.053335
18.056551
18.134019
18.179604
18.196230
18.224921
18.262211
18.326149
18.381151
18.399919
18.425612
18.430192
18.547555
18.684124
18.967017
19.029307
19.064556
19.089389
19.099739
19.111030
19.172532
19.187171
19.221587
19.262304
19.366024
19.428665
19.458177
19.474425
19.490522
19.610410
19.631090
19.669537
19.679043
19.797140
19.829648
19.867636
19.921853
20.075258
20.087610
20.110173
20.155108
20.172777
20.198959
20.247213
20.278948
20.295152
20.351685
20.494421
20.532647
20.543738
20.591620
20.630519
20.663159
20.728602
20.810035
20.851014
20.911748
20.947298
21.016953
21.058583
21.067808
21.135455
21.162440
21.169231
21.245358
21.316841
21.359691
21.453960
21.565298
21.602137
21.642011
21.708723
21.784781
21.831890
21.924466
21.984785
21.997013
22.021967
22.039427
22.064120
22.086592
22.176012
22.238873
22.318956
22.318967
22.320619
22.339579
22.349080
22.377427
22.459327
22.477965
22.484342
22.540924
22.566016
22.797812
22.807371
22.826531
22.950301
22.967423
23.002770
23.258316
23.312298
23.318730
23.342601
23.407073
23.411932
23.429895
23.499205
23.617369
23.626610
23.627411
23.641774
23.642501
23.662134
23.680423
23.701420
23.741058
23.852930
23.853119
23.881586
23.959541
23.984146
24.051536
24.261271
24.375863
24.443108
24.502959
24.575871
24.670802
24.815866
24.864880
24.868928
24.891017
25.003213
25.062075
25.129099
25.225235
25.293597
25.559668
25.571280
25.593686
25.613614
25.654667
25.715396
25.756516
25.757035
25.761634
25.914362
25.919347
25.946921
26.001311
26.017134
26.099746
26.101857
26.201952
26.218905
26.296704
26.314572
26.325057
26.332418
26.356824
26.381666
26.405548
26.440858
26.517513
26.522216
26.544698
26.554504
26.555612
26.571637
26.598280
26.638130
26.766439
26.820103
26.858868
26.898921
26.922690
26.957179
26.957204
27.050486
27.063118
27.074168
27.095580
27.110096
27.127453
27.165857
27.282211
27.305970
27.333551
27.338014
27.409132
27.648638
27.657549
27.664230
27.686679
27.731303
27.789278
27.824477
27.859424
27.913073
27.996773
28.001696
28.055328
28.065998
28.211593
28.297163
28.298917
28.306311
28.307139
28.343971
28.346199
28.353032
28.416585
28.419919
28.450247
28.476440
28.596093
28.680224
28.704073
28.727277
28.809383
28.809568
28.958106
28.984760
29.109142
29.131295
29.154072
29.169730
29.197966
29.228888
29.230438
29.235172
29.368230
29.444766
29.504691
29.516498
29.536413
29.600019
29.701834
29.721420
29.721698
29.791626
29.794658
29.845866
29.966264
29.966377
30.032702
30.039700
30.043080
30.053960
30.059099
30.064844
30.114342
30.158099
30.208554
30.211213
30.276432
30.283794
30.332652
30.341019
30.347401
30.401878
30.416521
30.435553
30.544164
30.562587
30.568474
30.627143
30.634669
30.635127
30.694452
30.700949
30.770071
30.794234
30.795183
30.810529
30.867659
30.875291
30.920430
30.940358
31.022852
31.084778
31.144821
31.173270
31.244496
31.251991
31.453688
31.456043
31.574943
31.576418
31.586121
31.616331
31.616799
31.666585
31.676259
31.688498
31.690093
31.718880
31.731160
31.736012
31.791798
31.799459
31.826490
31.905568
31.947465
31.976317
32.002997
32.004668
32.020944
32.041842
32.137784
32.173926
32.216604
32.296290
32.334818
32.368915
32.373215
32.474688
32.525741
32.553495
32.564843
32.631958
32.666391
32.748363
32.752393
32.777685
32.782765
32.816770
32.845252
32.855882
33.007226
33.033362
33.037920
33.095202
33.192093
33.200833
33.246009
33.275551
33.318315
33.370100
33.390943
33.439095
33.490810
33.493581
33.500894
33.619654
33.672141
33.743465
33.805689
33.900603
33.905930
33.930023
34.000694
34.290605
34.297594
34.451885
34.498197
34.526618
34.565208
34.618960
34.628173
34.645193
34.655543
34.703845
34.839829
34.942931
35.029246
35.033851
35.073395
35.078054
35.079120
35.086454
35.116526
35.294375
35.338577
35.356787
35.359328
35.369649
35.400108
35.404362
35.557322
35.561851
35.595100
35.599685
35.602489
35.633665
35.680737
35.694092
35.760238
35.808460
35.850137
35.872971
35.930287
35.948594
36.039595
36.041071
36.044795
36.299849
36.307463
36.441829
36.520305
36.619648
36.638839
36.751216
36.988676
37.071768
37.087235
37.100130
37.108057
37.155921
37.180304
37.191737
37.194501
37.248801
37.294131
37.443569
37.471124
37.566109
37.566119
37.594116
37.609551
37.609607
37.622915
37.816652
37.819641
37.889953
37.908769
37.972201
37.975284
37.983229
37.991732
38.038502
38.076439
38.106108
38.122823
38.143838
38.211356
38.277861
38.481557
38.702124
38.704765
38.752831
38.767130
38.789330
38.800529
38.828110
38.844198
38.884045
38.887336
39.048902
39.199049
39.220941
39.271316
39.297941
39.354602
39.408042
39.429698
39.435707
39.453903
39.499029
39.548289
39.551076
39.553878
39.554480
39.652107
39.757758
39.768601
39.776795
39.854093
39.872237
39.902234
40.022426
40.077607
40.138140
40.138759
40.152976
40.154507
40.175644
40.176068
40.177047
40.230519
40.330071
40.386239
40.386635
40.399242
40.421798
40.470056
40.478714
40.494436
40.632198
40.658366
40.740684
40.773747
40.849607
40.875938
40.912988
40.934036
41.031757
41.032116
41.038933
41.048662
41.084446
41.228579
41.231067
41.232586
41.280273
41.286739
41.304179
41.337279
41.366834
41.431783
41.450175
41.460633
41.516730
41.533383
41.579105
41.697104
41.720940
41.764406
41.804916
41.842381
42.018891
42.021152
42.073921
42.235134
42.264322
42.301232
42.314289
42.395011
42.408680
42.419312
42.419422
42.432723
42.470086
42.500996
42.535651
42.539119
42.554997
42.637637
42.645902
42.659822
42.818560
42.848502
42.860317
43.057122
43.073920
43.233200
43.269048
43.352183
43.362316
43.420068
43.428590
43.467923
43.620614
43.648922
43.701982
43.703749
43.785963
43.827614
43.843131
43.988321
44.125194
44.134244
44.354817
44.521055
44.571883
44.602868
44.613010
44.633534
44.640830
44.697109
44.710316
44.799137
44.803059
44.820272
44.823672
44.885130
44.980802
44.999497
45.035019
45.065517
45.082208
45.257355
45.339498
45.416378
45.486298
45.518291
45.522107
45.526823
45.659073
45.667626
45.668330
45.707756
45.846265
45.849047
45.896472
45.949014
45.994393
46.088864
46.091275
46.092080
46.199751
46.262764
46.278090
46.359740
46.382312
46.471921
46.578382
46.592117
46.693942
46.764788
46.788474
46.823294
46.885423
46.928894
46.971254
47.058238
47.099062
47.250930
47.292638
47.320524
47.320974
47.347046
47.350762
47.414630
47.444342
47.457090
47.558450
47.597252
47.619391
47.656628
47.748371
47.815771
47.831586
47.920988
47.967448
48.014034
48.014247
48.028806
48.107448
48.148075
48.149277
48.201624
48.281019
48.343097
48.408656
48.472034
48.475029
48.516107
48.517920
48.519898
48.572657
48.694188
48.788315
48.809150
48.813946
48.918522
48.961398
49.012881
49.017303
49.072162
49.153023
49.155834
49.231386
49.268540
49.300695
49.325122
49.493044
49.585040
49.606590
49.623675
49.679239
49.700508
49.798337
49.945159
49.945539
49.948597
49.962874
49.994787
50.015417
50.044440
50.072003
50.102364
50.102847
50.302482
50.404564
50.420283
50.421277
50.480108
50.536297
50.538321
50.553681
50.580177
50.587917
50.589711
50.611476
50.669201
50.717409
50.743138
50.750956
50.782722
50.785078
50.835675
50.836867
51.060691
51.129744
51.169146
51.177397
51.177940
51.178355
51.195850
51.224969
51.299844
51.334826
51.347651
51.367097
51.367283
51.397758
51.405445
51.512724
51.515333
51.554339
51.556686
51.564664
51.619949
51.626141
51.663642
51.716372
51.737499
51.748057
51.750006
51.755855
51.870953
51.914445
51.928236
51.962224
51.986085
52.005601
52.037088
52.062259
52.070726
52.148681
52.158594
52.188520
52.241697
52.329921
52.431590
52.471706
52.500538
52.612628
52.632946
52.671399
52.748140
52.761316
52.805901
52.812583
52.971499
52.972031
52.988695
53.007142
53.029234
53.086389
53.191485
53.240010
53.281100
53.290037
53.296149
53.309048
53.389954
53.430636
53.444338
53.463865
53.493547
53.547643
53.590936
53.593829
53.597301
53.610959
53.647091
53.655344
53.672498
53.756126
53.895528
53.951164
53.994233
54.140855
54.218530
54.255744
54.301913
54.338842
54.356712
54.357155
54.430289
54.559169
54.614554
54.630215
54.666676
54.747545
54.753466
54.859470
54.866084
54.934999
54.957618
54.957639
55.022795
55.154922
55.163657
55.171200
55.172271
55.239283
55.297907
55.391373
55.447226
55.465098
55.594852
55.633681
55.739057
55.744452
55.934515
55.958516
55.965057
56.000534
56.023523
56.041000
56.108008
56.138194
56.139181
56.217273
56.257683
56.261026
56.264145
56.344882
56.516936
56.608038
56.646960
56.687732
56.799033
56.827398
56.972410
57.101885
57.191142
57.397348
57.455237
57.499791
57.512038
57.577035
57.585484
57.600730
57.647714
57.669459
57.762468
57.814954
57.845484
57.886699
57.908757
57.913722
57.931577
58.023919
58.046302
58.136589
58.151818
58.188184
58.237647
58.296035
58.305880
58.332948
58.337085
58.396160
58.422225
58.441549
58.468387
58.530719
58.588260
58.592761
58.593562
58.613978
58.628947
58.632701
58.757240
58.807261
58.855787
58.998382
59.022079
59.050669
59.108558
59.109118
59.124033
59.136964
59.138156
59.227211
59.300370
59.344546
59.393416
59.417843
59.430638
59.441803
59.492587
59.504503
59.515624
59.606591
59.677376
59.705929
59.831115
59.868768
59.914194
60.076175
60.147460
60.155862
60.203102
60.357428
60.539564
60.552640
60.612176
60.695196
60.695647
60.699214
60.785255
60.793870
60.834588
60.838033
60.921753
60.994726
61.000535
61.115707
61.130651
61.175105
61.196491
61.225843
61.274756
61.295737
61.464320
61.468170
61.523606
61.628519
61.657871
61.660909
61.723116
61.784707
61.798371
61.860708
61.938140
62.047813
62.271958
62.276833
62.278089
62.339501
62.346980
62.348508
62.462903
62.482432
62.599030
62.614188
62.640187
62.750964
62.808690
62.862060
62.988622
63.000940
63.020598
63.059904
63.061457
63.115561
63.160516
63.168159
63.203009
63.213401
63.238910
63.263645
63.266357
63.267432
63.277059
63.355807
63.405622
63.407463
63.433021
63.607657
63.635758
63.709107
63.744408
63.770286
63.822991
63.898997
63.928601
63.935050
63.941835
64.003352
64.019490
64.035165
64.121692
64.139797
64.146323
64.192844
64.210386
64.215555
64.294098
64.343526
64.361487
64.367065
64.469687
64.502230
64.566705
64.579827
64.597160
64.610352
64.713508
64.803612
64.869529
64.977044
64.987999
65.008809
65.021411
65.056679
65.066521
65.076876
65.098483
65.103262
65.155300
65.219779
65.226542
65.319955
65.391493
65.413231
65.436751
65.448400
65.461897
65.462205
65.463510
65.563063
65.566126
65.588083
65.625568
65.659768
65.686976
65.743751
65.805872
65.892268
65.902774
65.924275
65.927676
65.989340
66.006348
66.087917
66.125271
66.250451
66.253284
66.259228
66.289190
66.330908
66.334166
66.426459
66.434014
66.466794
66.485437
66.530496
66.599693
66.599790
66.608268
66.658048
66.754355
66.840069
66.890331
66.995311
67.009054
67.015239
67.059555
67.078407
67.177982
67.185305
67.243959
67.305216
67.310980
67.319064
67.482601
67.533487
67.536327
67.670964
67.704574
67.755728
67.842374
67.915460
67.943434
67.951502
67.992371
68.022687
68.067812
68.086227
68.094830
68.120334
68.143863
68.155205
68.360844
68.375757
68.396593
68.419135
68.457758
68.484759
68.513850
68.625269
68.770345
68.774801
68.786836
68.838715
68.841876
69.002021
69.012087
69.066824
69.092165
69.094134
69.111000
69.250523
69.258609
69.357335
69.388361
69.468653
69.481843
69.564625
69.577466
69.578481
69.587251
69.622970
69.649103
69.694357
69.727361
69.743465
69.799402
69.845315
69.873088
69.889315
69.975180
69.988805
70.041191
70.090068
70.134170
70.236031
70.247164
70.333491
70.401446
70.423567
70.466661
70.487411
70.549249
70.561317
70.762850
70.766210
70.781396
70.782372
70.787427
70.864377
70.947283
70.953805
71.025809
71.138286
71.278799
71.309324
71.311528
71.386389
71.402363
71.534574
71.580105
71.621842
71.630665
71.644970
71.656957
71.687455
71.687509
71.707304
71.723498
71.744869
71.820334
71.823272
71.883546
71.951284
72.037186
72.075736
72.115358
72.159410
72.174729
72.208586
72.266140
72.393509
72.418780
72.456307
72.582210
72.741687
72.744190
72.959867
73.076526
73.128311
73.131192
73.267957
73.344700
73.356268
73.384962
73.391742
73.439843
73.443843
73.496603
73.512523
73.521097
73.554268
73.635823
73.637316
73.647817
73.664614
73.672379
73.723930
73.740926
73.764484
73.796279
73.831110
73.847077
73.887849
73.992510
73.995211
74.072985
74.094684
74.113585
74.153982
74.184343
74.210644
74.225940
74.236380
74.242437
74.296009
74.435848
74.448092
74.448409
74.450215
74.515595
74.776926
74.893651
74.971174
75.021581
75.138360
75.155761
75.261733
75.319079
75.323802
75.394144
75.448080
75.513324
75.515382
75.604013
75.644528
75.750761
75.769258
75.790262
75.816518
75.878293
75.929016
75.952229
75.954239
75.971326
75.975520
76.006331
76.110006
76.139940
76.183412
76.406054
76.409414
76.419448
76.467220
76.506800
76.577616
76.587295
76.603207
76.604213
76.620271
76.708678
76.716625
76.743404
76.746950
76.758931
76.769552
76.817172
76.821961
76.938646
76.978406
77.014322
77.155103
77.214458
77.214743
77.226567
77.264071
77.307276
77.318262
77.354006
77.456829
77.475619
77.546898
77.583286
77.589489
77.593049
77.594438
77.649408
77.685167
77.747945
77.793764
77.828757
77.855336
77.890709
77.911663
77.919121
77.938344
77.972558
77.976312
77.980126
78.026453
78.065326
78.075988
78.099914
78.189393
78.207547
78.233072
78.255315
78.288993
78.296484
78.412590
78.413090
78.500727
78.537312
78.570788
78.665133
78.746215
79.012148
79.016818
79.041374
79.091633
79.096405
79.119948
79.126593
79.131748
79.163087
79.249423
79.281275
79.304666
79.349866
79.411508
79.551849
79.562472
79.584894
79.736681
79.737217
79.782096
79.799150
79.829564
79.881001
79.885223
79.898891
79.905894
79.912293
79.917485
79.923850
79.937069
79.968156
79.974562
80.050235
80.094949
80.126243
80.268499
80.355633
80.371196
80.481803
80.516976
80.538567
80.790099
80.836270
80.887227
80.929254
80.952426
81.036767
81.155427
81.247047
81.266906
81.291803
81.430804
81.437388
81.456294
81.483379
81.636880
81.708569
81.715625
81.763499
81.828037
81.914182
81.960405
81.985793
82.084929
82.157455
82.162691
82.187215
82.343891
82.347272
82.383258
82.439451
82.565107
82.620253
82.715014
82.812763
82.875243
82.896418
82.901541
82.926974
82.962844
83.091399
83.097823
83.159595
83.167481
83.171251
83.287774
83.323335
83.532322
83.579232
83.668954
83.690825
83.729778
83.755005
83.834886
83.880589
83.884990
83.916179
83.972947
84.060316
84.180061
84.205825
84.234979
84.312559
84.349123
84.361620
84.470756
84.522698
84.528100
84.534325
84.539906
84.567353
84.616842
84.659587
84.691700
84.735043
84.747511
84.790196
84.817480
84.832554
84.837524
84.872386
84.943690
84.945788
85.050711
85.104727
85.164428
85.204198
85.244267
85.284320
85.330213
85.355227
85.423663
85.453860
85.466153
85.611725
85.669209
85.700895
85.779526
85.799484
85.875431
85.964661
85.974032
85.995835
86.062908
86.090787
86.145888
86.201124
86.221155
86.291759
86.291805
86.298582
86.323409
86.490317
86.544862
86.609554
86.630947
86.640546
86.659258
86.679954
86.747857
86.889958
86.956738
86.995363
87.021164
87.091154
87.235232
87.292884
87.379554
87.387366
87.392356
87.541311
87.590351
87.612963
87.626944
87.714386
87.721779
87.869360
87.907888
87.995876
88.029836
88.131081
88.166659
88.207076
88.306545
88.320437
88.409664
88.425525
88.429513
88.445424
88.463171
88.476183
88.537434
88.563198
88.569472
88.595944
88.596895
88.601000
88.601305
88.608575
88.673958
88.766439
88.919188
88.959521
88.990727
89.001936
89.093410
89.225904
89.307353
89.307488
89.409397
89.437676
89.447255
89.455772
89.486600
89.529777
89.535857
89.717268
89.734123
89.834871
89.856665
89.859463
89.875252
89.917594
89.984515
90.004283
90.013590
90.031578
90.059160
90.080578
90.092966
90.261834
90.274106
90.434901
90.437345
90.467896
90.476652
90.536312
90.589980
90.593122
90.749124
90.815216
90.844984
90.900349
90.962807
91.029993
91.059202
91.073488
91.098078
91.105826
91.154284
91.183837
91.189220
91.191712
91.259169
91.374182
91.387886
91.417865
91.451912
91.480656
91.501110
91.506362
91.523195
91.537007
91.629730
91.715834
91.794718
91.854732
91.908506
91.990349
92.261098
92.266817
92.307725
92.347327
92.483363
92.503561
92.545854
92.582686
92.628598
92.956605
92.987804
93.001028
93.002494
93.026891
93.040758
93.141726
93.142481
93.225783
93.228794
93.328095
93.362351
93.396222
93.399756
93.404192
93.557324
93.577450
93.714841
93.736592
93.745679
93.759929
93.816774
93.819433
93.847074
93.862045
93.971157
93.986043
94.093762
94.125982
94.129096
94.162463
94.209525
94.256765
94.259562
94.336460
94.362478
94.406798
94.411964
94.442202
94.443666
94.524275
94.541388
94.553076
94.564643
94.576830
94.709479
94.723899
94.725532
94.737229
94.761819
94.779843
94.789772
94.818676
94.961701
94.980117
94.996247
95.016452
95.069240
95.085023
95.096607
95.119524
95.120848
95.138936
95.296708
95.304620
95.419229
95.449921
95.465262
95.473873
95.499533
95.506463
95.528208
95.557780
95.572175
95.615893
95.698798
95.762978
95.767059
95.797581
95.813085
95.841003
95.858681
95.951951
96.011695
96.108115
96.126426
96.194063
96.205653
96.275990
96.291921
96.304063
96.419839
96.494877
96.715285
96.744401
96.747811
96.808900
96.868936
96.879067
96.981416
97.017612
97.020725
97.021679
97.025879
97.073483
97.091589
97.107244
97.148322
97.152365
97.196089
97.392565
97.448916
97.459903
97.628466
97.631064
97.651305
97.736737
97.738255
97.794049
97.850272
97.858093
97.876698
97.951721
97.982143
98.037132
98.131104
98.157661
98.181229
98.191470
98.230709
98.297170
98.361382
98.569198
98.571762
98.604508
98.610719
98.716163
98.726319
98.740429
98.793136
98.799718
98.837406
98.862642
98.901708
98.909250
98.939462
98.954112
99.087026
99.156809
99.194331
99.264421
99.275031
99.346113
99.366226
99.410118
99.442861
99.557422
99.615777
99.651732
99.743100
99.804276
99.805543
99.862717
99.901675
100.038901
100.043552
100.071257
100.157137
100.234120
100.236932
100.280733
100.334784
100.343266
100.351017
100.403824
100.486548
100.528248
100.590030
100.591981
100.647355
100.662000
100.685784
100.695994
100.753760
100.798506
100.867380
101.030904
101.035281
101.049092
101.117460
101.135216
101.156972
101.183310
101.268180
101.273676
101.311313
101.315459
101.401995
101.523046
101.584243
101.880263
101.932896
101.990210
102.038002
102.061075
102.130509
102.213969
102.244946
102.297056
102.329138
102.341943
102.397496
102.421236
102.439679
102.495747
102.498973
102.500543
102.548815
102.654954
102.702263
102.754406
102.758860
102.762518
102.800457
102.813793
102.817253
102.901869
102.966665
102.987861
102.999548
103.008249
103.009620
103.020273
103.023060
103.101525
103.117764
103.162578
103.276801
103.346844
103.370182
103.376182
103.517499
103.549671
103.571818
103.673777
103.677463
103.694719
103.798834
103.804039
103.871810
103.977208
103.990451
103.995079
104.015945
104.076366
104.098243
104.148085
104.166370
104.171677
104.264221
104.281232
104.286322
104.331171
104.333823
104.395734
104.469418
104.498207
104.522138
104.528064
104.554472
104.600166
104.600770
104.651998
104.695617
104.704638
104.738462
104.809174
104.894941
105.029409
105.099509
105.204286
105.255332
105.267762
105.328049
105.373438
105.435825
105.496613
105.503005
105.504890
105.529926
105.566842
105.616690
105.632274
105.942317
105.974237
106.001358
106.002940
106.021106
106.036638
106.111319
106.112413
106.207255
106.270256
106.321209
106.326674
106.469598
106.511970
106.575436
106.621538
106.678328
106.701129
106.746615
106.762946
106.820336
106.836861
106.920468
107.020876
107.021154
107.038858
107.103932
107.127808
107.241616
107.425377
107.455704
107.495318
107.584464
107.620127
107.648468
107.686613
107.693220
107.723920
107.780663
107.857040
107.987553
107.994242
108.041831
108.069496
108.143871
108.250345
108.278549
108.363325
108.366702
108.377286
108.379914
108.460464
108.490773
108.496457
108.498300
108.509811
108.621940
108.685122
108.730913
108.733178
108.747133
108.799244
108.824300
109.010127
109.042859
109.109218
109.147092
109.219480
109.261083
109.278923
109.360020
109.376716
109.502591
109.569542
109.604732
109.640425
109.730446
109.836738
109.843941
109.880503
109.905473
109.965975
109.966481
110.046869
110.055139
110.062208
110.088544
110.115775
110.122809
110.139006
110.146085
110.152049
110.168927
110.215407
110.238235
110.279743
110.283443
110.331179
110.409701
110.599754
110.629003
110.673114
110.788443
110.798358
110.841597
110.934723
111.043318
111.282762
111.384023
111.420838
111.463899
111.507139
111.515238
111.577581
111.584925
111.759911
111.842374
111.886022
111.916983
111.917097
112.051786
112.102501
112.173147
112.194675
112.198464
112.239347
112.281936
112.441528
112.456847
112.490490
112.569853
112.741180
112.758465
112.775346
112.782057
112.857221
112.910801
112.959505
113.042797
113.110091
113.113487
113.125890
113.128663
113.136422
113.153582
113.204723
113.205764
113.262155
113.262645
113.268945
113.271543
113.336594
113.352752
113.358661
113.409710
113.448013
113.473340
113.478325
113.485805
113.572802
113.658343
113.728911
113.760907
113.873315
113.978982
113.984655
114.092950
114.093842
114.171627
114.192158
114.242113
114.354495
114.379886
114.399774
114.457044
114.534073
114.549008
114.610515
114.629358
114.644193
114.650303
114.706736
114.789937
114.793808
114.820695
114.822267
114.929206
114.950138
114.979591
114.986992
115.013392
115.102796
115.177336
115.212798
115.276228
115.290443
115.303439
115.406561
115.546440
115.598779
115.615547
115.645992
115.646672
115.712775
115.722648
115.765232
115.819438
115.951853
115.960127
115.965790
115.968730
115.997015
116.096782
116.159784
116.166003
116.173943
116.242341
116.325832
116.490181
116.525493
116.592656
116.622437
116.636982
116.651539
116.691775
116.828829
116.892591
116.896138
116.927802
116.976608
116.985996
117.009633
117.021633
117.140381
117.144548
117.162134
117.198194
117.221822
117.253843
117.331631
117.388489
117.418066
117.435776
117.463098
117.484608
117.506278
117.528849
117.531327
117.567489
117.588360
117.589286
117.662925
117.664464
117.733493
117.856172
117.883470
117.906816
117.926423
118.010731
118.023675
118.052858
118.086944
118.267704
118.283153
118.355426
118.432269
118.556239
118.572427
118.574542
118.675321
118.745795
118.810914
118.835203
118.842600
118.883346
119.205602
119.231351
119.450306
119.467112
119.521838
119.558087
119.609436
119.643016
119.692460
119.726759
119.751350
119.752936
119.821039
119.977598
120.035237
120.134393
120.186217
120.382785
120.407955
120.409227
120.441734
120.474615
120.552626
120.610585
120.673605
120.684822
120.836821
120.895459
121.055375
121.106602
121.379209
121.477667
121.504788
121.523574
121.545860
121.552112
121.615043
121.690174
121.725673
121.827841
121.924022
121.975060
122.010580
122.014341
122.028408
122.176266
122.205446
122.206445
122.242364
122.248933
122.249327
122.278198
122.307395
122.339243
122.351032
122.399367
122.407408
122.431925
122.442083
122.447539
122.450056
122.501312
122.544830
122.605171
122.690657
122.698681
122.714953
122.757429
122.817268
122.828620
122.850419
122.865574
122.870321
122.946894
122.973992
123.173736
123.218335
123.255365
123.330176
123.341675
123.438159
123.485028
123.504626
123.537806
123.545645
123.608432
123.662333
123.688215
123.723770
123.735693
123.752885
123.778038
123.847765
123.892383
123.900815
123.950199
124.063359
124.063807
124.098072
124.101773
124.151600
124.205422
124.269866
124.356242
124.402023
124.434404
124.490232
124.525250
124.592611
124.683795
124.704807
124.707266
124.714960
124.748876
124.816298
124.822063
124.839348
124.921095
124.951602
124.954757
124.976272
125.035493
125.056285
125.092346
125.131441
125.137246
125.157330
125.169636
125.170939
125.209124
125.226864
125.255721
125.455703
125.459821
125.466786
125.518483
125.519737
125.556753
125.570476
125.581981
125.616118
125.647153
125.672559
125.688873
125.973895
125.986403
126.012222
126.040685
126.043313
126.134987
126.136363
126.174963
126.329717
126.347833
126.473541
126.480921
126.495297
126.501140
126.551529
126.557016
126.578019
126.630153
126.778524
126.817389
126.830686
126.839804
126.950158
126.961416
126.999997
127.000330
127.019004
127.029928
127.101718
127.124766
127.197949
127.214675
127.219128
127.225252
127.241591
127.309583
127.312663
127.356218
127.399571
127.448421
127.463850
127.543193
127.576015
127.592799
127.606600
127.614674
127.701583
127.767398
127.808194
127.823033
127.826124
127.847736
127.899619
127.988936
127.993105
128.095471
128.266022
128.407678
128.428974
128.496882
128.616865
128.653822
128.672123
128.739616
128.870344
128.876408
128.954876
129.006792
129.029509
129.072138
129.116937
129.272807
129.338442
129.347755
129.394417
129.443430
129.595030
129.612485
129.704716
129.774666
129.782388
129.898317
129.911298
129.938903
129.967765
130.055433
130.058717
130.132040
130.175086
130.316922
130.319411
130.350198
130.373429
130.420973
130.530959
130.564335
130.565507
130.631387
130.689856
130.729533
131.203550
131.308083
131.335375
131.348381
131.376920
131.402996
131.420184
131.519639
131.627066
131.705719
131.773857
131.803002
131.864343
131.892714
131.987758
131.998977
132.009981
132.052571
132.055278
132.083453
132.140951
132.220500
132.260634
132.267416
132.291927
132.556226
132.558476
132.609938
132.693996
132.786205
133.147791
133.175699
133.204543
133.217404
133.297024
133.308123
133.359681
133.482074
133.482620
133.483918
133.586558
133.676495
133.698658
133.699250
133.710182
133.774625
133.801864
133.830167
133.843574
133.956062
133.993768
133.998831
134.008890
134.014976
134.027424
134.170132
134.267470
134.291039
134.417684
134.448087
134.485712
134.492575
134.582033
134.803279
134.905200
134.957601
134.961534
134.962353
135.095715
135.239318
135.367849
135.490647
135.510557
135.665610
135.689510
135.738298
135.767739
135.775347
135.814327
135.820883
135.842164
136.000039
136.055942
136.128031
136.194198
136.219267
136.256442
136.264101
136.287412
136.302354
136.371911
136.425886
136.542211
136.548555
136.628319
136.633055
136.650904
136.674992
136.683328
136.861565
136.893112
136.975958
137.111375
137.131140
137.151705
137.291011
137.371332
137.387334
137.409005
137.510597
137.515596
137.605404
137.680237
137.829587
137.838925
137.849822
137.865861
137.868532
137.873886
137.951903
137.971520
137.974120
137.993476
138.053857
138.137678
138.164928
138.190314
138.215946
138.246436
138.288042
138.308611
138.336844
138.350051
138.377947
138.402597
138.518208
138.588096
138.633492
138.668591
138.714235
138.742253
138.790103
138.823663
138.846003
138.886284
138.941248
139.071327
139.084931
139.090147
139.237695
139.351641
139.457178
139.462639
139.474706
139.517669
139.541995
139.560343
139.610575
139.717897
139.744936
139.790796
139.815744
139.820791
139.880611
139.928000
139.963162
140.231089
140.341849
140.459268
140.479945
140.516116
140.531858
140.553788
140.616020
140.806483
140.824880
140.842192
140.853438
141.251224
141.330998
141.351016
141.393006
141.578843
141.641794
141.652352
141.655935
141.699247
141.725160
141.772069
141.912590
141.935174
142.026342
142.159608
142.272594
142.402426
142.483779
142.506709
142.554780
142.556324
142.711368
142.723247
142.728592
142.793237
142.799983
142.803750
142.815406
142.842442
142.846372
142.999488
143.004541
143.085114
143.122528
143.158204
143.186903
143.203854
143.273956
143.280719
143.306389
143.312285
143.323327
143.343532
143.428151
143.480255
143.604392
143.620958
143.662745
143.783870
143.790443
143.795861
143.802070
143.882981
143.892709
143.947924
144.131911
144.262290
144.298715
144.315798
144.328303
144.381274
144.430134
144.512165
144.521563
144.588487
144.614810
144.671363
144.737674
144.758536
144.769925
144.781390
144.874548
144.941629
144.964505
144.972542
145.006895
145.076146
145.094994
145.105258
145.110388
145.124585
145.203929
145.355489
145.482871
145.500853
145.531778
145.639984
145.660519
145.689437
145.692899
145.711641
145.714277
145.738359
145.753258
145.755022
145.850031
145.855750
145.864493
145.928377
145.942971
145.959093
145.972508
145.999071
146.009382
146.103285
146.141681
146.256565
146.298988
146.389245
146.418012
146.457058
146.503162
146.625862
146.672153
146.704743
146.708016
146.729114
146.756859
146.856345
146.860245
146.898169
146.902504
146.953691
146.963341
147.109601
147.125101
147.131015
147.161054
147.161286
147.161332
147.166151
147.248796
147.290525
147.298930
147.426088
147.433108
147.485158
147.633366
147.801091
147.813709
147.839916
147.939370
147.956302
147.985448
147.989133
148.005556
148.040371
148.098937
148.108548
148.135842
148.144278
148.145851
148.147816
148.151453
148.157962
148.161313
148.162851
148.360106
148.633232
148.687742
148.737401
148.751270
148.751455
148.869793
148.936552
148.956125
148.994609
149.009384
149.054886
149.097632
149.159240
149.321391
149.388157
149.502129
149.510898
149.629174
149.652905
149.661263
149.673952
149.703689
149.816334
149.840050
149.856674
149.903616
149.929631
149.947685
149.957279
150.075202
150.087523
150.107712
150.167003
150.188928
150.222745
150.313939
150.353193
150.362074
150.371379
150.382969
150.483451
150.510898
150.528415
150.533418
150.565571
150.644245
150.695930
150.718441
150.737467
150.748413
150.756758
150.809804
150.871202
150.877103
150.923778
150.945785
150.957720
150.981355
151.163247
151.175945
151.231017
151.235814
151.292651
151.299391
151.315514
151.348198
151.481428
151.512745
151.513828
151.528058
151.534991
151.605072
151.618130
151.676844
151.693210
151.698488
151.716193
151.790206
151.805732
151.824497
151.842215
151.871000
151.935603
151.939702
152.092702
152.100853
152.104667
152.173251
152.183170
152.293168
152.382208
152.422571
152.565586
152.581023
152.613181
152.642166
152.700334
152.703153
152.767059
152.963333
152.974607
152.995887
153.165169
153.213822
153.217738
153.247373
153.329772
153.331913
153.380601
153.397869
153.474668
153.627426
153.642343
153.706194
153.738863
153.750532
153.762715
153.850314
153.938791
153.964066
154.174895
154.223861
154.239354
154.257947
154.303987
154.349515
154.350702
154.367221
154.375867
154.382468
154.397401
154.447273
154.522385
154.554471
154.633147
154.669524
154.727066
154.772996
154.846233
154.848249
154.919880
154.940499
154.953945
155.036150
155.104468
155.180626
155.222917
155.274179
155.294744
155.320020
155.372222
155.474813
155.534628
155.602273
155.637795
155.666610
155.692145
155.712954
155.825304
155.871885
155.884620
155.894826
156.089187
156.137314
156.166531
156.293523
156.408067
156.410712
156.446836
156.502349
156.523369
156.577126
156.579039
156.622183
156.628761
156.646848
156.648512
156.673857
156.835864
156.863626
156.865523
156.960237
157.137251
157.235514
157.246884
157.254760
157.277415
157.304912
157.326509
157.392166
157.426925
157.434720
157.604491
157.609851
157.635791
157.683018
157.712000
157.721721
157.745311
157.774887
157.778393
157.799960
157.835423
157.904392
157.949937
158.107088
158.128645
158.155960
158.238856
158.314579
158.320006
158.379215
158.407430
158.408707
158.485559
158.532999
158.577863
158.708721
158.733943
158.803751
158.898414
158.900575
158.946152
158.953282
159.005667
159.022979
159.075821
159.120776
159.227572
159.324084
159.402571
159.445729
159.456162
159.479878
159.550157
159.572666
159.666868
159.697672
159.701253
159.704532
159.744014
159.757351
159.785129
159.811059
159.820923
159.908204
160.000161
160.015124
160.018435
160.030544
160.201135
160.330601
160.380675
160.400751
160.489223
160.496582
160.634204
160.646132
160.650666
160.655392
160.812858
160.848489
160.931901
161.024550
161.025211
161.143566
161.335388
161.505486
161.542512
161.564614
161.599857
161.699852
161.721889
161.753715
161.778579
161.951370
161.960012
162.032222
162.074857
162.084350
162.107801
162.108548
162.124943
162.134827
162.142454
162.169359
162.190037
162.271797
162.393253
162.441012
162.496204
162.675358
162.750722
162.899615
162.956361
163.050814
163.059428
163.098541
163.111418
163.237108
163.315313
163.381985
163.438327
163.490428
163.493023
163.565665
163.567305
163.576311
163.589591
163.613693
163.670834
163.701294
163.769752
163.773946
163.774474
163.821989
163.884124
163.998830
164.040011
164.059605
164.167915
164.288774
164.367620
164.378746
164.412590
164.428945
164.478423
164.492575
164.493239
164.547541
164.574623
164.589695
164.596938
164.689267
164.701184
164.710993
164.737638
164.856612
164.858076
164.889921
165.004832
165.106905
165.134705
165.140807
165.257239
165.342197
165.345863
165.379801
165.403827
165.504199
165.527545
165.573531
165.668653
165.727389
165.809006
165.923374
166.007016
166.092538
166.252113
166.352221
166.368676
166.467876
166.472643
166.629432
166.633565
166.638402
166.660203
166.677575
166.681197
166.749219
166.781886
166.797956
166.830641
166.941096
167.016804
167.025146
167.061379
167.104062
167.121088
167.129642
167.160112
167.180538
167.234855
167.369566
167.375321
167.381798
167.425951
167.427311
167.477118
167.537732
167.557577
167.575858
167.589456
167.601882
167.689999
167.704441
167.743784
167.746918
167.766474
167.812991
167.820211
167.862280
167.874781
167.888246
167.999587
168.052548
168.102500
168.121950
168.129392
168.134348
168.242420
168.248487
168.274958
168.348572
168.404848
168.598890
168.775894
168.859962
168.922126
168.957918
168.988182
168.992210
169.007273
169.106815
169.170121
169.240515
169.301273
169.311013
169.337215
169.344060
169.473665
169.484690
169.549845
169.640526
169.680531
169.755516
169.797245
169.842616
169.845074
169.927609
169.941687
169.944606
169.950458
169.978363
170.085323
170.090072
170.098235
170.138891
170.149490
170.274083
170.284285
170.298704
170.337438
170.352066
170.425958
170.430338
170.432593
170.500350
170.503818
170.596108
170.612362
170.687861
170.696843
170.750247
170.758205
170.767175
170.784282
170.817057
170.833749
170.867161
170.901315
170.929490
171.043673
171.061431
171.230604
171.278202
171.365656
171.398609
171.520985
171.522281
171.528540
171.603181
171.695712
171.697523
171.737944
171.739145
171.741494
171.765791
171.797062
171.939966
171.951437
171.963474
172.039659
172.071611
172.254177
172.297488
172.313501
172.361243
172.465076
172.613349
172.656829
172.687606
172.893784
172.911034
172.957370
172.973050
173.020677
173.036075
173.098317
173.146164
173.225583
173.251832
173.253233
173.301917
173.332868
173.334230
173.449629
173.491896
173.597505
173.598366
173.602341
173.640408
173.729959
173.756821
173.795736
173.802551
173.805808
173.877277
173.910511
173.916934
173.936377
173.966312
173.988977
173.991353
174.045112
174.086993
174.100503
174.108972
174.142217
174.187744
174.192159
174.314755
174.326671
174.432930
174.444121
174.451257
174.590346
174.648480
174.842321
174.845076
174.900887
174.907671
174.921647
174.932937
174.964119
174.966035
174.988798
175.040049
175.128708
175.134025
175.144239
175.157180
175.185860
175.240318
175.272526
175.277326
175.344387
175.434746
175.463961
175.498358
175.583553
175.586112
175.587705
175.600659
175.626988
175.637567
175.692237
175.849694
175.849957
175.868236
175.886005
175.891634
175.928900
175.965023
176.013363
176.026419
176.228197
176.323543
176.328498
176.328932
176.330686
176.332037
176.351868
176.492296
176.525644
176.560294
176.585581
176.599716
176.667373
176.699316
176.719618
176.819423
176.893377
176.941563
176.946460
176.972237
177.000560
177.039975
177.042613
177.064882
177.099037
177.145799
177.153228
177.164209
177.177677
177.179386
177.233396
177.281799
177.284380
177.344027
177.400529
177.446397
177.672984
177.778171
177.816004
177.817528
177.864560
177.875265
177.960562
177.970352
177.996650
178.004637
178.050481
178.054375
178.122100
178.135085
178.168685
178.193624
178.197045
178.201788
178.218494
178.249146
178.267977
178.293832
178.357840
178.446001
178.636376
178.684842
178.703832
178.730669
178.933758
179.013995
179.030222
179.116790
179.125500
179.141044
179.150647
179.156332
179.165660
179.173858
179.210138
179.215513
179.371242
179.417819
179.427241
179.533082
179.578410
179.633275
179.746539
179.822601
179.909754
179.912159
179.985980
180.150577
180.171597
180.195752
180.259430
180.360729
180.386662
180.401740
180.446396
180.519754
180.529246
180.539581
180.582188
180.628185
180.712094
180.739211
180.842574
180.903809
180.954585
181.051876
181.069745
181.082269
181.111000
181.244380
181.260912
181.315493
181.360707
181.413021
181.419292
181.496966
181.498854
181.598860
181.603935
181.604854
181.701784
181.751767
181.812724
181.822572
181.872757
181.922819
181.976488
181.990605
182.017807
182.104768
182.116419
182.228407
182.269713
182.278710
182.352080
182.388154
182.501673
182.539974
182.560771
182.667863
182.742660
182.765689
182.815967
182.816128
182.838602
182.864869
182.909444
183.079347
183.134703
183.137341
183.251512
183.254543
183.373605
183.411721
183.449522
183.491039
183.543776
183.577088
183.586082
183.599641
183.621374
183.640229
183.676441
183.703312
183.739423
183.788001
183.825811
183.864414
183.896233
183.983350
184.116063
184.212871
184.217143
184.380964
184.424416
184.457194
184.467331
184.616054
184.624018
184.627977
184.669399
184.784527
184.850385
184.864169
184.929289
184.961065
184.965582
185.024337
185.113713
185.180500
185.232179
185.287285
185.340878
185.370902
185.450695
185.516703
185.562475
185.665374
185.737244
185.749702
185.754878
185.788448
185.804013
185.828014
185.861941
185.879335
185.887864
185.990486
186.010350
186.099671
186.194010
186.287123
186.400132
186.413959
186.428429
186.434286
186.480318
186.496777
186.526504
186.669667
186.724219
186.728670
186.815913
186.822323
186.913189
187.009633
187.024760
187.033308
187.057835
187.095496
187.168120
187.175509
187.203376
187.203745
187.288558
187.320080
187.393057
187.394997
187.527796
187.553905
187.633525
187.640375
187.722243
187.831993
187.851302
187.951003
187.975054
188.062616
188.069555
188.113164
188.135030
188.137528
188.209975
188.262509
188.304269
188.378303
188.441382
188.441532
188.449683
188.455260
188.465009
188.473321
188.608023
188.664690
188.715733
188.749258
188.752775
188.769852
188.803516
188.946428
188.994773
189.029024
189.083436
189.145721
189.146110
189.160640
189.174475
189.184606
189.187521
189.194143
189.219403
189.293799
189.296490
189.312424
189.345763
189.377640
189.507403
189.544581
189.597620
189.612076
189.615017
189.670394
189.721126
189.728854
189.832432
189.871013
190.151946
190.160097
190.162179
190.247084
190.298680
190.318622
190.380774
190.478401
190.497985
190.502070
190.539453
190.572167
190.594456
190.596891
190.603231
190.814827
190.833872
190.896207
190.923015
190.937939
191.022188
191.068997
191.091691
191.133274
191.133311
191.149369
191.164074
191.206756
191.239620
191.373560
191.378837
191.549997
191.555807
191.570001
191.574304
191.585582
191.597562
191.749586
191.750108
191.764473
191.846141
191.867773
191.891080
191.995107
192.019916
192.100985
192.122171
192.199569
192.366182
192.367122
192.395671
192.415164
192.565282
192.660834
192.711653
192.736439
192.770727
192.883681
192.943863
193.028945
193.074822
193.107810
193.152042
193.169257
193.175343
193.240151
193.246125
193.303140
193.376288
193.449911
193.494000
193.503643
193.549360
193.615305
193.709158
193.715003
193.788516
193.940869
193.967165
193.993490
194.004057
194.055580
194.067114
194.114555
194.137477
194.157491
194.225209
194.230412
194.232806
194.250553
194.268189
194.268249
194.324565
194.448901
194.458855
194.472386
194.527002
194.565743
194.650136
194.863694
194.864995
194.941948
194.944958
194.945312
195.057753
195.098578
195.135323
195.240212
195.287636
195.374595
195.430408
195.436296
195.551725
195.553477
195.605776
195.609320
195.653225
195.655575
195.673160
195.680105
195.710568
195.783918
195.827758
195.836900
195.856958
195.912962
195.918140
195.932100
195.980813
196.108075
196.113288
196.175686
196.217668
196.261801
196.284540
196.300133
196.470261
196.522183
196.567285
196.571239
196.606375
196.613284
196.656003
196.676248
196.678270
196.735767
196.941734
196.951534
196.960073
196.962642
197.092998
197.151420
197.215020
197.235914
197.244314
197.278682
197.289026
197.296192
197.373600
197.437180
197.444745
197.445186
197.454653
197.457979
197.463737
197.515207
197.572102
197.649804
197.728863
197.730295
197.753981
197.833755
197.835283
197.915521
197.943490
197.973839
197.982436
198.014761
198.041395
198.089373
198.096230
198.099034
198.121989
198.124364
198.168225
198.212218
198.587545
198.662531
198.705914
198.807900
198.822646
198.840336
198.845559
198.878832
198.901640
198.925374
199.036368
199.052762
199.054102
199.239771
199.364438
199.390553
199.406859
199.438122
199.456486
199.612718
199.715843
199.722956
199.753858
199.767384
199.772639
199.776571
199.857321
199.914346
199.938168
199.968167
199.980372
200.069488
200.102809
200.114240
200.304345
200.315240
200.338180
200.389149
200.407614
200.438221
200.458548
200.491848
200.524750
200.596496
200.607118
200.747296
200.773358
200.821902
200.907555
201.059293
201.091350
201.140329
201.213980
201.271521
201.347045
201.382512
201.387883
201.422269
201.446916
201.470558
201.482768
201.509904
201.605846
201.655465
201.717402
201.834947
201.898589
201.960011
201.966083
201.976131
202.055552
202.131584
202.189883
202.191657
202.222276
202.225219
202.246749
202.247500
202.294669
202.338403
202.366240
202.388672
202.434897
202.499380
202.501547
202.518942
202.538068
202.578578
202.591817
202.605731
202.658432
202.691730
202.771559
202.782280
202.808561
202.830827
202.946123
203.036512
203.049228
203.139763
203.199731
203.211657
203.282280
203.308794
203.319408
203.324077
203.386565
203.391539
203.420173
203.448027
203.494050
203.496193
203.511530
203.642530
203.778927
203.804977
203.856407
203.888777
203.888945
203.900050
203.963100
204.031381
204.148750
204.182183
204.182695
204.189257
204.289826
204.320056
204.414610
204.471794
204.486598
204.553223
204.599384
204.644788
204.651897
204.679593
204.695713
204.719752
204.733645
204.736633
204.784714
204.837874
204.847090
204.979612
204.993991
204.997313
204.998042
205.094624
205.126571
205.128429
205.323030
205.329368
205.337007
205.496756
205.534931
205.582920
205.606523
205.669654
205.756480
205.792747
205.810449
205.818648
205.821893
205.827136
205.927089
205.954177
205.965818
205.992993
205.995555
206.008170
206.086820
206.125598
206.186124
206.220939
206.229259
206.233549
206.244998
206.278604
206.279092
206.311096
206.311115
206.332951
206.436020
206.508637
206.525701
206.557055
206.611957
206.641735
206.700592
206.789800
206.791581
206.868834
206.877888
206.879325
206.883534
206.894528
206.981181
207.049564
207.067145
207.071888
207.129047
207.136572
207.181446
207.181701
207.187481
207.284132
207.315548
207.405710
207.415687
207.431667
207.581910
207.592677
207.602356
207.670178
207.763410
207.812882
207.987014
208.022420
208.034375
208.049698
208.060545
208.079642
208.119380
208.176613
208.201723
208.217027
208.274708
208.415577
208.441060
208.501306
208.520863
208.545513
208.545592
208.556072
208.585106
208.607928
208.674243
208.715248
208.738507
209.134503
209.134650
209.193841
209.207628
209.288017
209.312309
209.331468
209.405752
209.447250
209.476298
209.538549
209.545017
209.556608
209.615988
209.696565
209.721029
209.742758
209.748116
209.758918
209.795358
209.812096
209.845451
209.895036
209.907938
209.936624
209.977995
210.061307
210.127171
210.151936
210.162307
210.190579
210.214809
210.397258
210.505864
210.516449
210.731912
210.746647
210.754354
210.782662
210.788719
210.791755
210.836766
210.879207
210.900684
211.178862
211.191998
211.207040
211.219349
211.240668
211.339079
211.354307
211.420336
211.430173
211.439434
211.495904
211.516421
211.522457
211.675238
211.749371
211.759896
211.762997
211.768282
211.776219
211.814120
211.848452
211.921193
211.972580
211.987917
212.103690
212.146525
212.153517
212.329744
212.511786
212.537043
212.537746
212.566868
212.579984
212.586470
212.647172
212.678510
212.708911
212.826410
212.847361
212.866370
212.976309
212.997877
213.008349
213.086980
213.101611
213.146334
213.174488
213.222251
213.279203
213.296699
213.317515
213.389291
213.412705
213.530579
213.589602
213.621593
213.695302
213.739560
213.756015
213.811919
214.082027
214.107037
214.141398
214.209610
214.225220
214.452761
214.458889
214.535297
214.620575
214.746540
214.753478
214.858573
214.891481
214.910231
214.959930
214.979648
215.010890
215.083563
215.089353
215.103559
215.133685
215.249250
215.317855
215.338529
215.419070
215.437902
215.471043
215.484585
215.558401
215.567033
215.611037
215.614832
215.755143
215.822803
215.896242
216.028038
216.183278
216.212610
216.265005
216.307964
216.309086
216.312090
216.324622
216.350657
216.363016
216.363741
216.367167
216.457773
216.548419
216.652026
216.733206
216.763095
216.786889
216.798780
216.815284
216.853191
216.941151
216.971337
216.985976
217.032287
217.051747
217.142932
217.164091
217.234960
217.385329
217.447197
217.531301
217.538453
217.550798
217.577666
217.641646
217.648513
217.663321
217.703405
217.741498
217.788423
217.843366
217.899279
217.936810
218.003715
218.016926
218.041893
218.048074
218.295807
218.370530
218.392703
218.422763
218.455429
218.468396
218.491472
218.577786
218.581771
218.665571
218.665842
218.782289
218.828506
218.872116
218.877876
218.886396
218.951197
218.953010
219.046640
219.121911
219.135420
219.201902
219.405153
219.473153
219.477754
219.592822
219.606915
219.648790
219.650733
219.700205
219.755463
219.885973
219.909803
219.919571
219.968358
220.000332
220.006208
220.063127
220.068596
220.073317
220.096668
220.147530
220.154786
220.194689
220.306052
220.328296
220.400110
220.458579
220.541100
220.587343
220.612314
220.615369
220.624953
220.650245
220.712344
220.730897
220.744270
220.762967
220.769368
220.802027
220.887639
220.911159
220.916695
220.964332
220.984726
220.985399
221.013536
221.018223
221.068916
221.085478
221.088005
221.088021
221.100594
221.114763
221.159314
221.241723
221.290032
221.399324
221.445432
221.547583
221.611626
221.655419
221.677693
221.770326
221.811742
221.820070
221.896245
221.929228
221.948577
221.956873
222.180681
222.330678
222.376879
222.488201
222.574775
222.631747
222.648147
222.676204
222.726830
222.732397
222.750576
222.790289
222.817302
222.997648
223.069078
223.091369
223.139692
223.151013
223.174513
223.174866
223.178516
223.194268
223.215510
223.231966
223.319564
223.463025
223.502094
223.600013
223.602048
223.651380
223.673542
223.692944
223.714878
223.733463
223.773317
223.855127
223.864465
223.872095
223.872223
223.901392
223.930589
223.983778
224.018875
224.100380
224.201242
224.221779
224.354127
224.409926
224.450477
224.483184
224.488423
224.488676
224.489005
224.546207
224.571143
224.619952
224.624725
224.625894
224.638071
224.667079
224.667726
224.676940
224.692229
224.750572
224.830593
224.896934
224.922989
225.009600
225.042053
225.070455
225.124524
225.205957
225.220507
225.232112
225.267086
225.283644
225.306347
225.342545
225.351017
225.389749
225.578441
225.588089
225.626492
225.697225
225.720632
225.752936
225.845980
225.893068
225.990360
226.003346
226.007246
226.047900
226.092133
226.226286
226.230648
226.486550
226.504098
226.523978
226.675513
226.739203
226.877152
227.016983
227.077469
227.113589
227.146894
227.175972
227.208055
227.261954
227.275849
227.287079
227.347530
227.369400
227.406819
227.436299
227.497965
227.575776
227.622325
227.625118
227.686057
227.761368
227.797408
227.914580
227.925552
228.095862
228.173780
228.198422
228.206747
228.304328
228.330872
228.337805
228.402649
228.433062
228.559122
228.664827
228.691317
228.757115
228.817889
228.853833
228.860749
228.871014
228.999103
229.067726
229.235343
229.291951
229.343920
229.363260
229.421735
229.534880
229.627526
229.635117
229.688183
229.741087
229.750005
229.768362
229.800758
229.871279
229.984782
229.985621
230.055966
230.144801
230.251113
230.273379
230.358380
230.446766
230.457513
230.483119
230.577183
230.647835
230.660525
230.685421
230.863810
230.907364
230.939381
230.970449
230.970829
231.041747
231.122535
231.186918
231.234414
231.267805
231.274222
231.279450
231.292139
231.307093
231.421043
231.477721
231.586132
231.601959
231.601977
231.623402
231.633468
231.655026
231.823965
231.876746
231.928788
231.943562
231.962101
231.971090
232.046507
232.115517
232.166281
232.378563
232.473255
232.491742
232.492489
232.494826
232.618634
232.631958
232.632400
232.753506
232.756512
232.783005
232.815309
232.824813
232.930956
232.965824
232.994972
233.146400
233.203358
233.228303
233.262398
233.262534
233.274707
233.480387
233.502561
233.517676
233.623676
233.627122
233.682854
233.693990
233.748198
233.799570
233.816194
233.831363
233.858965
233.890659
233.991488
234.004566
234.216189
234.257556
234.292980
234.306262
234.332916
234.384781
234.428798
234.435229
234.548184
234.618678
234.653358
234.666997
234.700176
234.702872
234.750444
234.848678
234.860518
234.878993
234.898290
234.946208
234.962354
234.965738
234.984682
235.047016
235.090372
235.125615
235.142912
235.272440
235.354567
235.374584
235.384427
235.492859
235.615692
235.631308
235.669180
235.748247
235.780614
235.857470
236.291894
236.314022
236.351112
236.364459
236.373847
236.416473
236.608036
236.620405
236.629609
236.636822
236.644431
236.696975
236.755246
236.782874
236.799892
236.801074
236.883160
236.921757
236.928000
236.931411
236.934463
236.936086
236.987781
237.009233
237.058586
237.129770
237.195937
237.232720
237.312833
237.367630
237.407840
237.517574
237.578118
237.587253
237.701213
237.729849
237.736337
237.747449
237.866152
237.975893
238.043724
238.061022
238.073614
238.074704
238.148409
238.172135
238.246632
238.275717
238.327769
238.339533
238.509379
238.527158
238.608057
238.673946
238.752006
238.757930
238.765469
238.904434
239.042047
239.058969
239.059973
239.231598
239.293892
239.369005
239.396171
239.416171
239.416749
239.476895
239.500038
239.526819
239.579993
239.601399
239.654406
239.695966
239.707524
239.794623
239.832556
239.876725
239.996447
240.013014
240.061394
240.093910
240.114348
240.146403
240.247116
240.267636
240.358762
240.381341
240.406499
240.455728
240.467004
240.467237
240.500645
240.504954
240.522700
240.629730
240.652588
240.677339
240.693793
240.712228
240.771319
240.792367
240.812564
240.838742
240.844401
240.954186
240.985128
241.093309
241.096034
241.115988
241.196596
241.280205
241.297411
241.358367
241.385406
241.409967
241.426159
241.430842
241.451179
241.785177
241.825896
241.889833
241.895561
241.934109
242.033395
242.100183
242.121913
242.151936
242.172014
242.250959
242.272459
242.278268
242.297484
242.328893
242.373949
242.384358
242.471637
242.605986
242.752551
242.752670
242.851394
242.886445
242.891701
242.990224
243.084547
243.102902
243.107201
243.158282
243.180323
243.330563
243.335189
243.399206
243.427307
243.469362
243.525519
243.599521
243.688594
243.705781
243.719841
243.725591
243.867150
243.893067
243.952078
243.989375
244.150242
244.194015
244.237448
244.261041
244.366806
244.368459
244.433699
244.440777
244.492515
244.560627
244.572869
244.606183
244.611700
244.624837
244.667904
244.743229
244.802787
244.833930
244.860490
244.866429
244.919774
244.979867
245.000438
245.107598
245.108247
245.157275
245.250645
245.288753
245.350726
245.452234
245.522789
245.567959
245.593185
245.611253
245.615880
245.656494
245.686490
245.733139
245.838608
245.939038
245.945115
245.970379
245.985775
246.111893
246.133176
246.228505
246.270088
246.278811
246.359494
246.406269
246.409520
246.430228
246.457034
246.502986
246.541055
246.550757
246.639627
246.667311
246.708049
246.789663
246.852493
246.888091
246.896248
246.912311
246.945507
247.035762
247.041874
247.071046
247.161192
247.214686
247.301619
247.314584
247.371715
247.372676
247.376731
247.463875
247.468821
247.482351
247.491695
247.505525
247.604003
247.622091
247.672731
247.738892
247.801744
247.924123
247.948830
247.951694
247.983940
247.986324
248.058151
248.075608
248.156206
248.312679
248.333345
248.481257
248.535886
248.566129
248.656885
248.684752
248.704906
248.710460
248.766193
248.871797
248.906858
248.944207
249.007040
249.114474
249.114999
249.122911
249.168373
249.275277
249.302960
249.441009
249.447844
249.483531
249.485946
249.618132
249.701997
249.724596
249.853024
249.886768
250.188562
250.225878
250.330227
250.339772
250.400576
250.494510
250.575017
250.606233
250.751049
250.807081
250.848384
250.969568
251.008493
251.086086
251.211748
251.223622
251.238346
251.307286
251.312228
251.330034
251.350163
251.370425
251.372893
251.393720
251.425637
251.482293
251.503931
251.783360
251.855536
251.903530
251.996072
252.028044
252.085798
252.106091
252.212977
252.217064
252.252838
252.281135
252.339794
252.381384
252.424547
252.457282
252.546189
252.618668
252.636214
252.674398
252.690908
252.830167
252.864474
252.896045
252.974982
253.041420
253.042706
253.112854
253.137310
253.160708
253.208044
253.230802
253.251892
253.345306
253.503514
253.528813
253.568117
253.683369
253.695637
253.712936
253.754816
253.797096
253.800582
253.834249
253.842369
253.855752
253.875923
253.890584
253.908755
253.976346
254.069158
254.134707
254.235684
254.391654
254.447957
254.499934
254.513030
254.520679
254.541056
254.548045
254.594849
254.607984
254.660305
254.695953
254.715365
254.903790
255.098599
255.147859
255.201944
255.256317
255.275412
255.330635
255.369489
255.520261
255.651616
255.677667
255.732639
255.839534
255.953200
255.995324
256.004722
256.013303
256.079136
256.144121
256.153911
256.165752
256.235933
256.284979
256.369881
256.401774
256.412057
256.428970
256.489577
256.526550
256.562427
256.582874
256.604011
256.613233
256.616413
256.657460
256.667297
256.707295
256.778384
256.778669
256.849730
256.871837
256.941647
257.005010
257.015410
257.052638
257.077694
257.114735
257.149088
257.217998
257.277298
257.327450
257.406921
257.518243
257.628694
257.640875
257.765180
257.801143
257.883577
257.928423
257.948383
258.101257
258.107367
258.150217
258.173007
258.187928
258.214144
258.229310
258.236793
258.237531
258.266974
258.327287
258.344724
258.374573
258.403336
258.429278
258.458848
258.540603
258.577107
258.656880
258.660911
258.666265
258.701557
258.737216
258.779802
258.802913
258.817733
258.820352
258.863559
258.978014
259.004221
259.065843
259.078196
259.103736
259.113263
259.121325
259.124194
259.200944
259.235503
259.240842
259.303227
259.327143
259.327821
259.350732
259.358970
259.447468
259.512667
259.549635
259.564091
259.567218
259.579889
259.635039
259.653278
259.667357
259.690075
259.787258
259.791534
259.792618
259.798798
259.886405
259.933991
259.970232
259.974576
260.078735
260.289012
260.327513
260.458623
260.601580
260.633978
260.763599
260.781260
260.782675
260.821873
260.956204
261.033500
261.040921
261.081738
261.161656
261.183091
261.190950
261.442022
261.444624
261.525709
261.548047
261.614435
261.614487
261.634460
261.683206
261.689783
261.708897
261.758434
261.785585
261.836590
261.845663
261.872093
261.876528
261.959671
262.122169
262.145672
262.160285
262.194025
262.228156
262.238991
262.242945
262.318555
262.493041
262.545723
262.578800
262.581608
262.584380
262.605495
262.612332
262.730653
262.879939
262.917420
262.980660
263.082566
263.116544
263.120713
263.163065
263.218648
263.246923
263.248990
263.277827
263.304694
263.333287
263.353702
263.448970
263.514639
263.575761
263.590674
263.687755
263.726326
263.757630
263.781626
263.813241
263.871581
263.880200
263.933132
263.947788
263.985152
264.004948
264.031388
264.038010
264.039580
264.046447
264.052395
264.158172
264.336858
264.338663
264.369974
264.371335
264.395019
264.510301
264.558098
264.585640
264.598877
264.660431
264.671479
264.718739
264.804514
265.037820
265.045914
265.239728
265.247870
265.261100
265.317522
265.341126
265.437200
265.439400
265.537311
265.572062
265.574007
265.577111
265.666826
265.680769
265.684418
265.691164
265.760394
265.791934
265.920947
266.127364
266.180335
266.187940
266.219780
266.269892
266.271244
266.275508
266.322240
266.350632
266.431731
266.491329
266.501304
266.546220
266.605809
266.636612
266.643277
266.646393
266.650214
266.653896
266.664041
266.710689
266.715264
266.733182
266.767479
266.774312
266.805141
267.065273
267.071633
267.160815
267.236045
267.366923
267.376288
267.461201
267.461974
267.473927
267.506874
267.559057
267.563386
267.590010
267.613985
267.859981
267.864341
267.900158
267.979074
268.061453
268.082569
268.147707
268.170471
268.319456
268.334125
268.386196
268.443064
268.479118
268.502166
268.516670
268.612826
268.629555
268.755267
268.775934
268.848346
268.866630
268.965503
268.992788
269.001634
269.075161
269.085787
269.124396
269.136690
269.217341
269.244253
269.292957
269.353889
269.359276
269.475859
269.515864
269.531762
269.604507
269.605045
269.650611
269.744595
269.830698
269.910724
270.046251
270.128307
270.134003
270.168210
270.194884
270.212960
270.224472
270.241675
270.269086
270.323666
270.481356
270.541991
270.562692
270.678267
270.772487
270.849883
270.975661
271.196177
271.217055
271.237334
271.261203
271.329909
271.340799
271.360469
271.397290
271.405387
271.405881
271.418836
271.422636
271.617533
271.627043
271.647269
271.723091
271.855413
271.868021
271.920568
271.943518
271.982237
271.985049
272.048120
272.190524
272.288248
272.457841
272.522447
272.527008
272.531645
272.591800
272.593999
272.627429
272.655944
272.663764
272.732922
272.739225
272.789188
272.826210
272.844420
272.876604
273.018093
273.072552
273.079806
273.123153
273.181204
273.210959
273.232776
273.351051
273.372042
273.382740
273.414367
273.530590
273.534146
273.576108
273.671380
273.752122
273.756290
273.772927
273.830469
273.865524
273.869434
273.878010
273.906412
273.919298
273.928360
273.991415
274.051434
274.064152
274.098027
274.116142
274.150562
274.217582
274.257300
274.279894
274.334213
274.370700
274.372989
274.440937
274.486724
274.538766
274.542216
274.549528
274.723861
274.730347
274.757261
274.769172
274.799467
274.800416
274.807800
274.847219
274.865117
274.876704
274.881441
274.903757
274.976049
274.978156
274.978362
274.999912
275.081507
275.091335
275.140194
275.198515
275.247768
275.286153
275.294328
275.311240
275.313697
275.400917
275.403901
275.539159
275.576878
275.622419
275.679349
275.706934
275.749909
275.756797
275.760329
275.765393
275.770801
275.781066
275.800682
275.821269
275.839070
275.846023
275.872122
275.941953
276.157384
276.169937
276.220846
276.245777
276.285639
276.326512
276.467712
276.695493
276.711275
276.712514
276.715670
276.730817
276.778712
276.871118
276.953440
276.959930
276.963105
277.050947
277.062959
277.154941
277.217742
277.395276
277.682714
277.714021
277.777006
277.866636
277.909474
278.006964
278.013099
278.035593
278.074940
278.192827
278.198191
278.268092
278.284438
278.295779
278.306659
278.335968
278.451637
278.595032
278.600661
278.626298
278.626890
278.640612
278.686084
278.727997
278.744251
278.803392
278.808766
278.811472
278.828006
278.845523
278.845697
279.015197
279.044171
279.156139
279.170806
279.203448
279.268723
279.319991
279.327986
279.339739
279.392983
279.505358
279.537500
279.544119
279.559672
279.640228
279.648173
279.648942
279.781767
279.813368
279.818260
279.846439
279.871117
279.922310
279.926876
279.961880
280.126544
280.173512
280.200481
280.216639
280.240170
280.255720
280.318548
280.320333
280.340518
280.369248
280.426714
280.457501
280.531035
280.609044
280.624472
280.637160
280.667171
280.773268
280.785213
280.821031
280.856908
280.933649
280.952974
280.986468
281.133243
281.186323
281.245720
281.247335
281.261583
281.330703
281.358505
281.409381
281.584744
281.749073
281.831168
281.837110
282.006296
282.039085
282.151033
282.166725
282.352465
282.430222
282.463770
282.556997
282.605922
282.757113
282.878831
282.880974
282.981169
283.037159
283.049420
283.064934
283.102396
283.163812
283.164228
283.167982
283.185116
283.259423
283.265281
283.288585
283.345953
283.436779
283.469021
283.588310
283.648193
283.676543
283.741749
283.834180
283.897042
283.993364
284.011056
284.020135
284.049555
284.108333
284.122774
284.159716
284.187428
284.219634
284.227338
284.321580
284.394205
284.466839
284.494735
284.580478
284.684981
284.828695
284.903351
285.016290
285.062421
285.162547
285.186303
285.298814
285.302093
285.326927
285.377590
285.444580
285.444917
285.523494
285.533978
285.534771
285.537242
285.590165
285.604111
285.660215
285.777041
285.850096
285.870220
285.874982
285.879349
285.879856
285.884299
285.899384
285.907465
285.950184
285.952224
285.958963
285.967848
285.970763
286.047211
286.055918
286.077720
286.108098
286.218604
286.240960
286.279872
286.333065
286.360257
286.379750
286.387429
286.456427
286.558801
286.644778
286.697026
286.745739
286.871736
286.965931
287.053465
287.192670
287.237691
287.272152
287.287682
287.338216
287.360039
287.397085
287.435222
287.610959
287.661835
287.700442
287.762621
287.789576
287.827860
287.846418
287.850382
288.153879
288.168317
288.290603
288.291127
288.374695
288.387148
288.429132
288.504138
288.579343
288.597878
288.892872
288.937403
288.959684
289.085122
289.115268
289.130376
289.160121
289.179751
289.206861
289.208976
289.231625
289.299296
289.316715
289.406684
289.407607
289.422106
289.434185
289.447174
289.495232
289.512709
289.550036
289.593563
289.681655
289.896218
289.910943
289.980240
289.980371
290.066751
290.179826
290.234575
290.259282
290.268824
290.346209
290.349681
290.353506
290.382560
290.400336
290.445724
290.469345
290.474723
290.565360
290.595978
290.671065
290.676074
290.687522
290.740537
290.809426
290.875137
290.884441
290.889385
290.916842
290.960041
290.980028
291.069686
291.071375
291.137815
291.199107
291.319918
291.331076
291.460397
291.484699
291.518227
291.642494
291.651645
291.665221
291.666318
291.762403
291.771130
291.791694
291.937003
291.971879
292.008924
292.024732
292.054617
292.100058
292.243920
292.295464
292.444260
292.487833
292.626967
292.684374
292.739665
292.788774
292.881354
292.909853
292.970849
292.984669
293.058470
293.128898
293.129281
293.198474
293.245937
293.336034
293.359004
293.379833
293.407031
293.487022
293.513678
293.607704
293.767284
293.807155
293.808659
293.832176
293.851710
293.854267
293.978849
294.002052
294.089653
294.094787
294.284090
294.360565
294.369844
294.408731
294.460962
294.483029
294.557104
294.574393
294.623761
294.657048
294.770220
294.981166
295.004123
295.047194
295.047592
295.069940
295.160234
295.167750
295.176688
295.408024
295.442738
295.469070
295.503042
295.551908
295.659803
295.678839
295.750465
295.751674
295.772505
295.818336
295.847272
295.905793
295.996610
296.059837
296.091790
296.117480
296.158685
296.165492
296.182039
296.291335
296.302422
296.317034
296.433612
296.455807
296.462825
296.482585
296.489709
296.495125
296.561695
296.625511
296.626980
296.653363
296.674340
296.705154
296.769387
296.823226
296.868832
296.879209
296.903087
296.922041
296.937595
296.958755
296.963123
296.981625
297.000741
297.014976
297.029177
297.031013
297.261555
297.291551
297.322172
297.398729
297.412781
297.466388
297.515510
297.681337
297.723950
297.731674
297.746742
297.748367
297.788548
297.803225
297.819496
297.847877
297.855167
297.949570
297.974260
297.984732
298.029124
298.040022
298.061883
298.099293
298.123983
298.136478
298.141883
298.177519
298.203947
298.239383
298.259603
298.260736
298.386715
298.427350
298.493683
298.520304
298.559789
298.582521
298.673018
298.812776
298.829566
298.932264
298.964557
298.980672
298.986918
299.074039
299.103565
299.234589
299.443905
299.512794
299.532207
299.547236
299.581216
299.649667
299.689262
299.723115
299.751963
299.770513
299.778945
299.935151
300.003360
300.026417
300.176766
300.182207
300.193000
300.205481
300.387103
300.416192
300.431014
300.431679
300.475587
300.509487
300.551634
300.554526
300.603011
300.605740
300.664892
300.670481
300.750971
300.757158
300.922758
300.983215
301.008269
301.016433
301.045371
301.047726
301.050890
301.109778
301.134059
301.145981
301.168052
301.222221
301.260115
301.300917
301.429849
301.451143
301.497875
301.599307
301.613535
301.636623
301.668997
301.683514
301.763445
301.790791
301.889823
301.894966
301.958701
301.971021
302.091120
302.097195
302.222407
302.231416
302.295630
302.305650
302.323519
302.366007
302.376373
302.392903
302.449667
302.518796
302.578885
302.583957
302.670099
302.679912
302.691854
302.742900
302.795991
302.864172
302.959619
302.978550
302.983612
303.004574
303.093544
303.184109
303.198562
303.320774
303.345463
303.357897
303.359957
303.467566
303.668846
303.696945
303.801264
303.835007
303.888217
303.919110
303.919271
303.924104
304.033798
304.037661
304.038611
304.163437
304.174190
304.179643
304.233929
304.248217
304.348044
304.374386
304.393144
304.420827
304.504257
304.572234
304.609394
304.658858
304.742578
304.826752
304.856592
304.906261
304.954222
304.971581
305.025147
305.067961
305.168294
305.175291
305.211128
305.251483
305.281676
305.319961
305.345490
305.486957
305.523735
305.605275
305.692494
305.750211
305.941548
305.948846
305.960758
305.996537
306.023068
306.096709
306.097772
306.146988
306.184662
306.200223
306.214704
306.334792
306.361080
306.402169
306.423001
306.552558
306.591347
306.644129
306.707441
306.797681
306.799739
306.813026
306.855070
306.903316
306.959128
307.048151
307.068397
307.215393
307.229091
307.296985
307.308767
307.370959
307.420011
307.429692
307.434839
307.500430
307.504677
307.530331
307.641267
307.713410
307.725257
307.829577
307.848780
307.860530
307.942362
307.965573
308.041476
308.109989
308.178583
308.218270
308.444667
308.453403
308.503813
308.537306
308.549779
308.554698
308.556892
308.564917
308.591733
308.616479
308.619529
308.643852
308.646840
308.707031
308.777977
308.801581
308.849797
308.877521
308.882529
308.896562
308.977179
308.995530
309.025635
309.040247
309.065693
309.097721
309.175677
309.182768
309.296113
309.389185
309.504994
309.687138
309.711030
309.754302
309.757266
309.818603
310.128720
310.129991
310.156683
310.273060
310.317463
310.348256
310.366705
310.388184
310.453660
310.517489
310.555064
310.625356
310.636194
310.670214
310.695632
310.696490
310.715122
310.825345
310.852956
310.992206
311.075950
311.081745
311.086724
311.202222
311.287634
311.289466
311.303505
311.305878
311.376566
311.418344
311.439521
311.446031
311.528282
311.559839
311.580707
311.639247
311.731394
311.732085
311.773816
311.776578
311.850505
311.859017
311.905596
311.924411
311.932098
311.936426
311.975751
312.000383
312.058033
312.082936
312.102067
312.162280
312.211631
312.214273
312.221490
312.266444
312.296633
312.298143
312.343711
312.351258
312.414240
312.423953
312.424502
312.441525
312.477160
312.581718
312.667071
312.730182
312.746036
312.748353
312.820313
312.848719
312.864750
312.996582
313.017723
313.197148
313.238014
313.301321
313.384661
313.400901
313.427865
313.452934
313.462431
313.469848
313.503685
313.504384
313.513731
313.545083
313.558838
313.565927
313.778481
313.801746
313.818168
313.858020
313.893421
313.938573
313.948658
313.987832
314.015831
314.027764
314.066349
314.111438
314.137715
314.137796
314.154264
314.175499
314.189199
314.210757
314.273739
314.288002
314.441055
314.443017
314.448730
314.467119
314.501211
314.567908
314.587448
314.611758
314.715574
314.723933
314.834294
314.929522
314.935466
314.955268
314.960101
314.967930
314.989858
315.031171
315.110590
315.120002
315.129650
315.167336
315.187115
315.224026
315.242872
315.302003
315.384403
315.410390
315.424565
315.451787
315.463633
315.489255
315.541916
315.731501
315.734790
315.746809
315.747195
315.751056
315.805587
315.823603
315.860719
316.002656
316.031860
316.149752
316.189830
316.275249
316.320987
316.354786
316.366502
316.429843
316.435679
316.452426
316.510157
316.519596
316.525326
316.631551
316.662171
316.759561
316.850179
316.924514
316.949455
316.955238
317.016614
317.023066
317.029214
317.096594
317.115854
317.190617
317.198767
317.270986
317.310348
317.390673
317.445822
317.465502
317.487012
317.520960
317.655284
317.688447
317.703332
317.707512
317.751411
317.811032
317.825106
317.840403
317.888474
317.923636
317.952151
317.970561
318.006124
318.059678
318.098316
318.151807
318.198781
318.281963
318.332648
318.349144
318.402262
318.419882
318.440787
318.469496
318.482471
318.499079
318.538667
318.588757
318.637695
318.669237
318.671529
318.681082
318.838337
318.867904
318.879125
318.879889
318.906995
319.095895
319.155011
319.166944
319.243773
319.245907
319.308861
319.521501
319.572390
319.620603
319.626350
319.720460
319.806117
319.825711
319.829268
319.910092
319.929767
320.054165
320.100936
320.124576
320.149898
320.231853
320.235333
320.307038
320.333041
320.339044
320.510771
320.546058
320.561722
320.616799
320.657065
320.660745
320.665759
320.678257
320.694257
320.696400
320.733922
320.818488
320.852822
320.869718
320.876520
321.014221
321.015037
321.015287
321.025872
321.055231
321.066576
321.245537
321.269220
321.276593
321.279193
321.325023
321.417470
321.425885
321.505603
321.531976
321.567414
321.667541
321.682630
321.782368
321.801124
321.841937
321.978250
322.010526
322.148828
322.152290
322.184627
322.206852
322.266118
322.282084
322.328936
322.329408
322.381062
322.408987
322.467559
322.503344
322.505167
322.590484
322.645423
322.685873
322.761676
322.795638
322.815852
322.816438
322.848670
323.031956
323.040438
323.045234
323.164390
323.164411
323.186251
323.245950
323.266040
323.290662
323.371987
323.385842
323.431470
323.495935
323.536039
323.562114
323.580611
323.581136
323.614216
323.642029
323.645508
323.681012
323.708643
323.710692
323.757882
323.773095
323.908824
323.984491
324.013419
324.077716
324.081494
324.096830
324.098890
324.127075
324.208585
324.228269
324.332740
324.363104
324.373213
324.436756
324.550235
324.587517
324.770270
324.783568
324.814219
324.828899
324.851209
324.911483
324.955026
325.019339
325.063242
325.067259
325.077960
325.114709
325.165813
325.213409
325.236290
325.237875
325.305017
325.306619
325.325654
325.380795
325.437207
325.543711
325.544123
325.573565
325.598234
325.747620
325.780096
325.889804
325.921955
325.926049
325.941920
325.957150
325.962024
326.015157
326.021596
326.025321
326.047588
326.059689
326.065320
326.161459
326.164817
326.213839
326.326105
326.335527
326.434043
326.457935
326.478970
326.530017
326.554298
326.562257
326.577800
326.593591
326.636271
326.686469
326.711647
326.785676
326.810772
326.821564
326.914135
326.914244
327.004046
327.096441
327.143005
327.158467
327.206366
327.230318
327.298611
327.322571
327.329803
327.347722
327.366595
327.383165
327.388851
327.406522
327.426769
327.457337
327.478489
327.553459
327.603314
327.644364
327.733800
327.757287
327.852102
328.016539
328.072915
328.074676
328.087331
328.149785
328.238988
328.295682
328.352042
328.427352
328.432491
328.443672
328.476510
328.491519
328.524703
328.546127
328.627799
328.640513
328.733487
328.738794
328.771154
328.846850
328.872103
328.879502
328.944471
328.982860
329.007593
329.075870
329.121758
329.127649
329.199679
329.226430
329.260067
329.290079
329.307640
329.457039
329.457489
329.563361
329.586746
329.620441
329.651086
329.695406
329.695500
329.743401
329.768636
329.949007
330.043197
330.253569
330.270840
330.275304
330.291490
330.535132
330.597005
330.703648
330.708205
330.797779
330.800313
330.826500
330.829507
330.843647
330.858014
330.921974
330.955759
330.985794
331.002933
331.049908
331.060388
331.124646
331.153631
331.157217
331.168100
331.245929
331.274199
331.334375
331.354379
331.411405
331.495735
331.522173
331.589369
331.628567
331.638518
331.747399
331.781055
331.802646
331.862567
331.902939
331.926971
331.957224
332.092702
332.134768
332.203104
332.216114
332.235243
332.349340
332.368411
332.385792
332.555060
332.570507
332.592737
332.641470
332.670450
332.686267
332.721347
332.729801
332.764666
332.772764
332.856819
332.874426
332.998627
333.034196
333.084865
333.100719
333.217192
333.283732
333.320798
333.370882
333.408086
333.413309
333.438207
333.466135
333.481239
333.537665
333.664964
333.691558
333.696667
333.752134
333.756376
333.763774
333.773788
333.825435
333.911249
333.968955
334.097149
334.148717
334.161200
334.190315
334.225514
334.232319
334.336590
334.402813
334.454527
334.477141
334.581736
334.598874
334.654881
334.660116
334.729649
334.763608
334.814725
334.818650
334.825346
334.838895
334.844473
334.858527
334.868833
334.899056
334.962329
335.106371
335.136718
335.173166
335.178549
335.226939
335.232553
335.257672
335.281223
335.290019
335.438229
335.467556
335.484334
335.491763
335.558011
335.583821
335.681516
335.715236
335.736271
335.752555
335.807182
335.822012
335.844077
335.923963
335.924984
335.925803
336.041307
336.222899
336.282949
336.298704
336.331801
336.336894
336.393939
336.416037
336.478892
336.570630
336.615723
336.629777
336.631772
336.711969
336.803700
336.816490
336.844413
336.851737
336.870621
336.949340
336.956360
336.985283
337.007192
337.049698
337.055521
337.109732
337.222543
337.264842
337.426296
337.485395
337.577038
337.654514
337.674160
337.800191
337.880554
337.898431
337.905204
337.906106
337.923872
337.925316
337.994181
338.016860
338.032641
338.188410
338.259642
338.317507
338.318324
338.395916
338.413184
338.415288
338.588891
338.599681
338.619284
338.708640
338.754262
338.842592
338.847091
338.925927
338.932569
338.933922
338.997345
339.040738
339.064661
339.083113
339.083365
339.121622
339.189200
339.226099
339.268341
339.270420
339.293087
339.347435
339.381199
339.514552
339.579584
339.646994
339.680580
339.689474
339.704267
339.791246
339.805606
339.824632
339.849936
339.855089
339.888153
339.907586
339.931823
339.958992
339.996565
340.031398
340.106777
340.107752
340.246705
340.310067
340.361439
340.530291
340.554194
340.621164
340.693196
340.737996
340.796434
340.816534
340.822310
340.871705
340.939780
341.135437
341.195192
341.208769
341.281091
341.323122
341.340340
341.352038
341.501602
341.547014
341.557941
341.587707
341.610389
341.648958
341.653927
341.746088
341.811795
341.831688
342.016651
342.022701
342.052972
342.116024
342.159973
342.257820
342.287570
342.391553
342.549388
342.608777
342.697947
342.728675
342.736563
342.812684
342.881268
342.957960
342.975046
342.982017
343.023138
343.084172
343.086269
343.105698
343.121423
343.181711
343.182828
343.194017
343.195344
343.222529
343.312250
343.443283
343.473214
343.567466
343.578513
343.588529
343.596782
343.601265
343.613435
343.689905
343.711271
343.744093
343.746494
343.757385
343.779827
343.814288
343.817573
343.839046
343.868661
343.872240
343.873507
343.918094
344.037720
344.082704
344.126554
344.144879
344.160135
344.178866
344.209604
344.211797
344.246633
344.278623
344.337457
344.516766
344.549578
344.630683
344.632260
344.633639
344.743667
344.802110
344.839477
344.878066
344.885683
344.886164
344.906123
344.941632
344.963800
345.072548
345.093160
345.111340
345.147321
345.229031
345.277201
345.338917
345.345478
345.348767
345.367152
345.386478
345.411756
345.440769
345.502281
345.663849
345.693643
345.737021
345.779326
345.863938
345.967794
345.974828
345.982080
345.990842
346.017003
346.128664
346.141250
346.195503
346.346689
346.380264
346.403877
346.444462
346.522986
346.600054
346.609485
346.695031
346.734952
346.746254
346.763850
346.782543
346.863997
346.865579
346.902730
346.959423
347.018273
347.036892
347.046168
347.096664
347.099557
347.193917
347.237362
347.323831
347.343401
347.354970
347.366017
347.430612
347.635579
347.713618
347.729851
347.778457
347.839143
347.924822
348.100241
348.128598
348.129429
348.154785
348.184401
348.250859
348.265984
348.306552
348.327933
348.393861
348.419198
348.439483
348.445071
348.447227
348.546920
348.580865
348.606187
348.618943
348.630172
348.710518
348.853246
348.868197
348.929356
348.938873
348.998206
349.016356
349.147239
349.221536
349.240757
349.328315
349.329899
349.347299
349.440934
349.492958
349.576283
349.687795
349.711485
349.796390
349.855956
349.955143
349.960109
349.970924
349.999237
350.004699
350.062292
350.065111
350.166396
350.169178
350.291983
350.311005
350.405491
350.565908
350.619366
350.623400
350.687996
350.688780
350.825461
350.849621
350.882897
350.916356
350.954565
351.030223
351.348844
351.356076
351.379624
351.391677
351.400912
351.549867
351.577048
351.590062
351.778375
351.800798
351.860988
351.878350
351.882257
351.926780
351.978798
352.019730
352.027195
352.060099
352.108419
352.152533
352.162244
352.230200
352.319479
352.383094
352.419767
352.420347
352.433222
352.463778
352.479812
352.507321
352.591343
352.592128
352.634856
352.685169
352.771149
352.887891
352.947879
352.975132
353.097196
353.120771
353.141465
353.306746
353.314781
353.328224
353.400892
353.471163
353.494863
353.529034
353.536426
353.548254
353.579690
353.725112
353.730603
353.781986
353.782192
353.821064
353.835703
353.997243
354.009873
354.127649
354.146819
354.159113
354.199677
354.202545
354.221969
354.278157
354.281825
354.320450
354.360344
354.432743
354.490006
354.517192
354.548981
354.549904
354.605395
354.734703
354.739257
354.778769
354.801704
355.004927
355.011485
355.024895
355.073072
355.075660
355.120148
355.242458
355.277970
355.285446
355.324137
355.327910
355.386902
355.388627
355.421579
355.501262
355.503422
355.590078
355.642190
355.686497
355.708533
355.794439
355.800209
355.823338
355.837723
356.047380
356.112993
356.180266
356.187453
356.222419
356.240621
356.367549
356.422311
356.510493
356.543285
356.566070
356.690506
356.789400
356.877463
356.915114
356.973095
356.994049
357.027879
357.038026
357.050607
357.102448
357.164222
357.187009
357.213602
357.233798
357.265779
357.268728
357.410403
357.413143
357.468416
357.517440
357.559031
357.581625
357.592160
357.688466
357.693683
357.716018
357.779710
357.826206
357.833957
357.899750
357.929467
357.978046
358.024643
358.142573
358.196130
358.222903
358.382332
358.454185
358.504853
358.611106
358.705335
358.713122
358.715395
358.768730
358.828535
358.872991
358.895774
358.931825
359.187991
359.198093
359.202258
359.262455
359.296081
359.366147
359.373603
359.373748
359.427754
359.475396
359.486894
359.507421
359.647695
359.652944
359.711323
359.718862
359.801104
359.856549
359.881927
359.972549
360.024922
360.038831
360.044564
360.058104
360.138473
360.152644
360.190682
360.208802
360.212315
360.279955
360.361674
360.452378
360.505327
360.536178
360.538558
360.746744
360.778513
360.810463
360.811206
360.814421
360.815156
360.875957
360.986408
361.050748
361.094339
361.141707
361.145083
361.160332
361.215992
361.262967
361.422524
361.431554
361.431811
361.507814
361.531537
361.552958
361.646063
361.657652
361.692771
361.892957
361.913078
361.918279
362.093906
362.105893
362.189510
362.246295
362.342155
362.396014
362.400468
362.434677
362.454400
362.554455
362.673264
362.723737
362.816209
362.842820
362.963972
362.978826
363.066895
363.085250
363.205743
363.299923
363.376821
363.488009
363.513573
363.567307
363.599602
363.661929
363.722929
363.790410
363.812000
363.826571
363.845085
363.865701
363.907986
363.909833
363.967689
364.014413
364.093114
364.124676
364.145652
364.240537
364.253639
364.263485
364.358772
364.390063
364.417244
364.471720
364.527154
364.681102
364.717545
364.828518
364.837532
364.839187
364.842918
364.981836
365.002708
365.050014
365.060448
365.118636
365.193094
365.205421
365.243327
365.370926
365.485496
365.684209
365.687253
365.705119
365.776752
365.798432
365.817670
365.867657
365.974994
365.981370
366.059325
366.063142
366.082389
366.110894
366.112283
366.142218
366.168037
366.181232
366.202995
366.213771
366.291238
366.381525
366.397583
366.399501
366.463884
366.480612
366.544142
366.570223
366.614124
366.696346
366.759537
366.799224
366.848824
366.851745
366.870278
366.870814
366.876286
366.924773
367.053486
367.092314
367.170871
367.210232
367.276070
367.292981
367.363819
367.412864
367.441966
367.518369
367.523204
367.527395
367.580294
367.582936
367.624476
367.834683
367.856726
367.915983
367.930525
367.998347
368.020444
368.060440
368.133703
368.149372
368.232058
368.357261
368.371554
368.372761
368.516640
368.575066
368.777968
368.791049
368.940691
368.974979
369.002041
369.003841
369.027995
369.029525
369.074698
369.092621
369.104557
369.121810
369.177061
369.229407
369.302289
369.332828
369.348427
369.369870
369.451652
369.468582
369.486233
369.614636
369.650235
369.656953
369.665723
369.750154
369.750266
369.758476
369.783437
369.823451
369.835467
369.870823
369.909441
369.920027
370.006450
370.081197
370.119467
370.229014
370.345805
370.374146
370.383497
370.404563
370.460474
370.519709
370.536152
370.569597
370.595903
370.642727
370.647525
370.688526
370.742477
370.770392
370.818356
370.839781
370.888822
370.889502
370.891389
370.918639
370.966550
370.996048
371.063290
371.082562
371.119180
371.127007
371.156266
371.256830
371.305185
371.332050
371.340061
371.343889
371.395483
371.421992
371.439510
371.516267
371.520727
371.569587
371.582475
371.585524
371.596145
371.637993
371.642862
371.685094
371.744959
371.763135
371.807800
371.903143
371.972630
372.058797
372.113970
372.222377
372.226615
372.307117
372.325384
372.329236
372.332319
372.439862
372.507540
372.518779
372.601636
372.632311
372.645739
372.676882
372.711240
372.808435
372.915707
372.931920
372.940984
372.985962
373.037777
373.078418
373.155370
373.172916
373.240676
373.250898
373.264843
373.291864
373.337418
373.339892
373.424074
373.448040
373.492670
373.558503
373.626967
373.699138
373.784213
373.803594
373.820434
373.889906
373.931881
374.059413
374.243963
374.294548
374.317440
374.364233
374.425881
374.498104
374.584586
374.692634
374.808874
374.881025
374.896781
374.925101
374.940379
374.954349
374.965492
375.005551
375.018653
375.044963
375.058554
375.091036
375.136750
375.183846
375.203228
375.326286
375.390956
375.442398
375.451351
375.475157
375.489662
375.541444
375.563837
375.586982
375.621142
375.688363
375.695096
375.800197
375.819141
375.853519
375.928796
375.957043
375.993866
376.062382
376.074130
376.088635
376.147115
376.168880
376.259402
376.337385
376.383144
376.399830
376.419222
376.506980
376.544723
376.597226
376.636348
376.703127
376.703161
376.703874
376.745266
376.837519
376.905514
376.913463
376.967395
376.979069
377.008931
377.043783
377.050398
377.063137
377.122891
377.162201
377.169142
377.195479
377.197327
377.224802
377.249291
377.293697
377.301472
377.328462
377.453422
377.463264
377.528039
377.537091
377.626026
377.635969
377.732271
377.796649
378.075901
378.078154
378.107697
378.143454
378.181750
378.183447
378.226573
378.298510
378.319267
378.321540
378.330961
378.333512
378.335380
378.375742
378.389414
378.395987
378.528294
378.749800
378.764073
378.796208
378.823212
378.826272
378.876219
378.969481
378.974192
379.030820
379.194746
379.197956
379.228955
379.277190
379.317606
379.328746
379.367607
379.384096
379.385919
379.463822
379.525840
379.568225
379.572683
379.573358
379.616997
379.659642
379.696548
379.722846
379.773043
379.790559
379.868961
379.875943
379.927680
379.948008
380.056570
380.059233
380.083293
380.089157
380.153956
380.213615
380.405610
380.488055
380.644424
380.655764
380.671744
380.677047
380.696361
380.756365
380.765184
380.869169
380.890747
380.899789
380.947317
380.994387
381.018160
381.042318
381.042821
381.106469
381.109497
381.154427
381.168717
381.251552
381.423152
381.449193
381.499955
381.620586
381.667242
381.702843
381.808894
381.882982
381.894190
381.904315
381.994203
382.023973
382.025433
382.080667
382.115150
382.133317
382.141067
382.239533
382.256678
382.400517
382.440099
382.476273
382.544737
382.598029
382.655742
382.673605
382.679418
382.686745
382.753275
382.807970
382.811386
382.893225
382.923247
382.933112
383.018927
383.150291
383.174927
383.177720
383.181657
383.198955
383.209112
383.305870
383.348703
383.348834
383.356089
383.380177
383.455976
383.493337
383.530253
383.560530
383.600285
383.642388
383.675462
383.709462
383.760990
383.766660
383.881642
383.966569
383.988796
384.027213
384.031448
384.110841
384.150761
384.223460
384.239821
384.290338
384.293521
384.346301
384.382254
384.392233
384.411457
384.465787
384.610677
384.679875
384.701054
384.834488
384.838353
384.973252
385.083322
385.234883
385.241124
385.349493
385.400326
385.420533
385.460340
385.489098
385.509567
385.510764
385.595397
385.617937
385.668852
385.676318
385.745764
385.920867
385.965723
386.016416
386.029027
386.040165
386.050237
386.134637
386.314262
386.504110
386.520254
386.639550
386.649154
386.748819
386.759030
386.778741
386.780918
386.782379
386.824537
386.824802
386.835350
386.875394
386.913115
386.978783
386.981214
387.144589
387.200687
387.230943
387.277229
387.283659
387.301348
387.303295
387.311301
387.345002
387.354577
387.443068
387.520880
387.577627
387.596136
387.613708
387.698787
387.700977
387.718133
387.798771
387.836466
387.884211
387.895782
387.897193
387.917020
387.939169
387.991530
388.021371
388.088258
388.111845
388.130418
388.132173
388.144159
388.190124
388.191316
388.198698
388.201118
388.248236
388.292143
388.298228
388.317939
388.485053
388.517887
388.528436
388.536682
388.541088
388.609902
388.611618
388.618522
388.626231
388.727645
388.731906
388.744861
388.765357
388.771701
388.774366
388.833008
388.840833
388.855658
388.950736
388.992112
389.068773
389.087345
389.237172
389.252313
389.388097
389.411148
389.420270
389.550016
389.671951
389.689485
389.781291
389.796915
389.850055
389.911810
389.957374
389.957618
390.058506
390.081364
390.103280
390.117172
390.161393
390.172751
390.201948
390.222454
390.261038
390.297633
390.300451
390.345289
390.351954
390.448272
390.456319
390.575645
390.620565
390.630163
390.641723
390.686142
390.903276
390.939260
391.041632
391.150131
391.300664
391.301697
391.372338
391.407623
391.420266
391.435979
391.473198
391.478297
391.481848
391.549091
391.552841
391.582553
391.628477
391.630379
391.704185
391.745904
391.817524
391.822792
391.918888
391.933008
392.001810
392.050520
392.124418
392.183223
392.217834
392.299893
392.353745
392.398028
392.404560
392.441120
392.465809
392.476675
392.479714
392.488097
392.562468
392.662101
392.753359
392.841459
392.859761
392.931601
392.941354
392.999087
393.005969
393.054252
393.073339
393.082588
393.096025
393.115587
393.171833
393.244978
393.257115
393.299385
393.335531
393.336794
393.359891
393.369294
393.382748
393.393335
393.416293
393.458098
393.564560
393.601554
393.603290
393.723921
393.889057
393.911018
393.982092
393.986015
394.010757
394.215307
394.238394
394.333797
394.334266
394.365276
394.369837
394.488121
394.491302
394.526196
394.569216
394.602556
394.624432
394.688699
394.807283
394.855045
394.926980
394.947032
394.959375
395.036090
395.036890
395.044000
395.065075
395.132216
395.253878
395.338675
395.342651
395.346224
395.419137
395.436269
395.457863
395.530644
395.568818
395.600582
395.611922
395.625296
395.649761
395.677055
395.744677
395.802483
395.804124
395.823734
395.950042
395.990084
396.111752
396.120987
396.173022
396.201343
396.269439
396.320299
396.418936
396.428281
396.495929
396.525214
396.531948
396.585776
396.619147
396.653633
396.695317
396.733985
396.761762
396.780094
396.809896
396.860404
396.865612
396.868145
396.942553
396.965487
397.010426
397.016256
397.026975
397.265564
397.287506
397.353719
397.364843
397.385206
397.398223
397.408770
397.428323
397.485387
397.567845
397.593987
397.603288
397.618454
397.630679
397.703188
397.715126
397.746212
397.750479
397.762267
397.801852
397.857475
397.895587
397.896158
397.898559
398.082122
398.136209
398.163083
398.170870
398.185166
398.235971
398.269779
398.300208
398.311705
398.318480
398.359687
398.444725
398.465150
398.573963
398.684618
398.731339
398.778460
398.833301
398.838095
398.852605
398.872359
398.888187
398.907598
399.202575
399.216294
399.241673
399.300900
399.310344
399.406671
399.452397
399.471598
399.560672
399.563335
399.583028
399.597383
399.598030
399.708151
399.809070
399.868176
399.886902
399.915876
399.931148
399.952412
400.034937
400.069837
400.082269
400.139264
400.271560
400.273964
400.331502
400.409685
400.427291
400.439572
400.448945
400.511239
400.587309
400.600285
400.600482
400.631939
400.647834
400.701632
400.716459
400.716499
400.735028
400.760198
400.798713
400.844852
400.862387
400.870977
400.916239
400.919617
400.932277
401.075244
401.115260
401.184203
401.198546
401.235584
401.242194
401.259723
401.266573
401.390229
401.441578
401.468324
401.577545
401.600693
401.762344
401.819581
401.839046
401.892397
401.918151
401.928930
402.159322
402.248727
402.327815
402.338165
402.374137
402.400305
402.404027
402.482474
402.499081
402.645305
402.818877
402.956559
403.062274
403.110504
403.223000
403.272109
403.415366
403.564357
403.623068
403.641497
403.659366
403.680529
403.712326
403.790307
403.796043
403.820267
403.824956
403.843383
403.905221
403.932586
403.942522
404.008554
404.020201
404.056933
404.076301
404.125358
404.144047
404.162044
404.162372
404.239624
404.337923
404.351069
404.354106
404.370941
404.506742
404.571894
404.641706
404.665481
404.700134
404.707960
404.858101
404.876318
404.952219
405.007599
405.009130
405.021080
405.026724
405.042057
405.139579
405.191078
405.245783
405.267453
405.287470
405.467064
405.478574
405.495156
405.595658
405.619372
405.660263
405.712126
405.781334
405.781787
405.819441
405.845296
405.920745
405.921493
405.989333
405.993175
406.002697
406.027428
406.092132
406.109526
406.117458
406.137638
406.175566
406.268942
406.296756
406.338886
406.340014
406.360327
406.363841
406.390143
406.393542
406.744808
406.785488
406.812390
406.852801
406.859418
406.875841
406.885905
406.896227
407.021899
407.260910
407.272600
407.287997
407.297166
407.302972
407.320541
407.337296
407.355302
407.429677
407.491244
407.597723
407.744296
408.014106
408.025080
408.026946
408.029373
408.049954
408.082337
408.177449
408.185381
408.281530
408.391464
408.463428
408.468485
408.523896
408.543421
408.577602
408.586920
408.658081
408.738910
408.798054
408.802960
408.862649
409.013476
409.026387
409.192981
409.217324
409.244120
409.286046
409.295966
409.312072
409.338997
409.428749
409.452587
409.465674
409.479999
409.563965
409.632624
409.637942
409.689688
409.736095
409.899272
409.973700
409.979289
410.002476
410.039401
410.087252
410.117372
410.126339
410.157141
410.161993
410.266887
410.269046
410.375055
410.390076
410.425438
410.460841
410.473829
410.478752
410.485716
410.515523
410.787308
410.790495
410.880256
411.000602
411.098954
411.238671
411.257037
411.277758
411.312969
411.380881
411.405567
411.452360
411.646669
411.713640
411.801547
411.842531
411.894705
411.916852
411.930591
411.979834
411.984788
411.985171
412.008154
412.050628
412.056213
412.081243
412.101640
412.105623
412.166377
412.197261
412.200024
412.261037
412.322414
412.352724
412.404745
412.430928
412.713498
412.767845
412.772897
412.837249
412.861268
412.881792
412.930032
412.953844
412.986008
413.000125
413.027113
413.094793
413.103796
413.216777
413.224857
413.482547
413.518507
413.649253
413.680343
413.690707
413.706731
413.723095
413.723988
413.771328
413.783398
413.802486
413.809524
413.812336
413.896344
413.911890
414.039176
414.054086
414.076947
414.092272
414.109218
414.191666
414.404005
414.468947
414.558393
414.561437
414.588569
414.605730
414.682148
414.713841
414.754591
414.801189
414.808256
414.811467
414.857580
414.945082
414.974669
415.019887
415.026005
415.125482
415.153428
415.188924
415.285263
415.327509
415.370270
415.393541
415.452174
415.499229
415.557639
415.572301
415.582529
415.700802
415.708717
415.753402
415.773732
415.775250
415.818644
415.891109
415.904995
415.907950
415.944505
415.979120
416.004789
416.023648
416.090312
416.168916
416.191098
416.297156
416.306147
416.370138
416.535537
416.541664
416.564928
416.600739
416.603304
416.667500
416.684626
416.694315
416.707486
416.757728
416.764978
416.773387
416.886240
416.936215
417.081006
417.174295
417.314922
417.364740
417.377742
417.411827
417.423881
417.465146
417.480231
417.649743
417.686115
417.751749
417.757763
417.873757
417.882608
417.927172
417.995632
417.996454
418.008562
418.047765
418.116015
418.126180
418.142031
418.144690
418.239740
418.261268
418.272413
418.283265
418.283816
418.467813
418.785004
418.949006
418.957130
419.075497
419.075660
419.098649
419.123121
419.148757
419.178410
419.194982
419.230917
419.253342
419.258880
419.357578
419.396175
419.427879
419.451674
419.467838
419.563973
419.596659
419.607385
419.655117
419.698543
419.731519
419.739260
419.741901
419.771300
419.815250
419.876003
419.879042
419.985386
420.036574
420.170464
420.490762
420.519740
420.539257
420.559580
420.565409
420.606992
420.626019
420.633733
420.638675
420.708242
420.712020
420.787844
420.896266
421.036930
421.147660
421.209132
421.223119
421.227597
421.351813
421.363043
421.448630
421.480911
421.510224
421.560697
421.610080
421.650677
421.676158
421.711198
421.753009
421.765171
421.837043
421.846787
421.976197
421.983831
421.997518
422.086650
422.137886
422.181686
422.238928
422.334635
422.343381
422.536356
422.547364
422.587043
422.621575
422.628225
422.628547
422.637085
422.814314
422.836388
422.913616
422.921966
423.017624
423.039645
423.043205
423.045081
423.067709
423.072899
423.162844
423.168423
423.200777
423.205832
423.244766
423.250523
423.385625
423.422480
423.540961
423.558933
423.592701
423.616615
423.639268
423.641457
423.660008
423.675497
423.694702
423.749378
423.798745
423.829234
423.833708
423.865921
423.878707
423.970512
423.998973
424.001608
424.002931
424.244743
424.261997
424.282961
424.287248
424.296268
424.321834
424.322188
424.349319
424.395962
424.433077
424.444989
424.469860
424.479145
424.526470
424.552080
424.570480
424.583060
424.615378
424.631934
424.644910
424.682190
424.718579
424.882607
424.974012
424.983204
425.024555
425.026512
425.116091
425.129754
425.131897
425.168892
425.234973
425.362474
425.518207
425.605542
425.639235
425.650632
425.691214
425.692146
425.809720
425.824842
425.894182
425.944112
425.993121
426.006655
426.012995
426.018019
426.028853
426.046308
426.127957
426.134939
426.203276
426.257914
426.286290
426.349715
426.367192
426.424368
426.486230
426.516999
426.575194
426.612312
426.684020
426.704392
426.800785
426.875723
427.100712
427.110820
427.115851
427.118598
427.213380
427.232037
427.272999
427.278517
427.370410
427.435260
427.444529
427.488592
427.534979
427.562710
427.604245
427.621936
427.639799
427.641171
427.755305
427.762261
427.832094
427.864742
427.988323
428.007175
428.015516
428.019353
428.128289
428.153367
428.168759
428.200776
428.256567
428.314047
428.360684
428.393047
428.411068
428.440682
428.469661
428.766862
428.784176
428.833937
428.850416
428.982157
429.158421
429.247158
429.264625
429.320595
429.332126
429.403152
429.427009
429.466060
429.477989
429.546141
429.589529
429.600003
429.621685
429.672716
429.720634
429.732362
429.782956
429.817650
429.820887
429.832424
429.897345
429.944418
429.961460
429.973466
430.014996
430.086164
430.190349
430.271357
430.275842
430.294271
430.317198
430.317514
430.525353
430.592409
430.608419
430.635513
430.728831
430.776326
430.778810
430.782783
430.800839
430.884122
430.972189
430.982835
431.041974
431.042617
431.045994
431.180044
431.209271
431.233015
431.331943
431.352952
431.367345
431.450741
431.480319
431.565298
431.636025
431.680071
431.693588
431.731697
431.738667
431.787967
431.860834
431.883460
431.891960
431.933191
431.950258
431.966695
431.968192
431.970576
432.021358
432.082196
432.095958
432.098709
432.142083
432.240731
432.261439
432.269855
432.276880
432.324431
432.390796
432.401613
432.471559
432.478981
432.516106
432.551936
432.680387
432.760161
432.811933
432.869764
432.899319
432.915225
432.986398
433.011779
433.050356
433.127329
433.142964
433.153141
433.157447
433.232957
433.367385
433.412206
433.453357
433.482732
433.510662
433.527911
433.565417
433.589801
433.600666
433.686370
433.770660
433.870748
433.872736
433.874653
433.920498
433.931145
433.933366
433.956676
434.058011
434.074727
434.075375
434.091264
434.119434
434.224811
434.263049
434.284677
434.321143
434.321331
434.368088
434.368097
434.457114
434.518527
434.572631
434.582854
434.618927
434.736183
434.740686
434.774158
434.823015
434.840242
434.909882
434.970880
434.979275
435.048338
435.076189
435.094219
435.109714
435.112736
435.123091
435.215480
435.231901
435.261247
435.468353
435.510954
435.516414
435.529446
435.545394
435.588015
435.614462
435.620283
435.695788
435.712546
435.712783
435.769353
435.772349
435.830355
435.890269
435.945801
435.951119
436.040675
436.069645
436.234634
436.263666
436.408359
436.465238
436.482188
436.548315
436.641552
436.665886
436.707484
436.713243
436.714395
436.774365
436.842454
436.844201
436.908659
436.921951
436.945847
436.974975
437.033900
437.045142
437.060696
437.065843
437.149489
437.177817
437.226733
437.322559
437.355226
437.380231
437.381939
437.403024
437.463815
437.470994
437.501244
437.508148
437.545227
437.605471
437.675843
437.775878
437.819837
437.827010
437.837738
437.876396
437.885570
437.922670
438.047980
438.141689
438.154950
438.171608
438.228356
438.245768
438.290608
438.297496
438.332888
438.436678
438.456771
438.464396
438.478645
438.622839
438.627279
438.645874
438.672576
438.694365
438.815952
438.816293
438.922815
438.929318
438.970143
438.990310
439.056112
439.161534
439.165215
439.237423
439.251133
439.253757
439.291044
439.535677
439.595358
439.599098
439.673082
439.698792
439.738333
439.769894
439.771988
439.825224
439.892949
439.964492
440.011430
440.108898
440.124662
440.149132
440.159273
440.253433
440.295922
440.403409
440.447743
440.452284
440.470172
440.475423
440.579509
440.667602
440.706608
440.745073
440.778716
440.831848
440.996788
441.009521
441.017816
441.048643
441.068876
441.105060
441.115566
441.118465
441.119667
441.158897
441.159049
441.184016
441.200712
441.264979
441.279913
441.327260
441.366789
441.380443
441.385594
441.440793
441.505186
441.516551
441.651704
441.656898
441.668102
441.702455
441.733915
441.775273
441.795625
441.957853
441.976542
442.002733
442.047000
442.049153
442.179200
442.199143
442.199765
442.206089
442.264682
442.301254
442.333010
442.425476
442.486260
442.501040
442.524112
442.525303
442.687566
442.689198
442.729474
442.731210
442.736298
442.759848
442.820838
442.844561
442.845703
442.883361
442.891942
443.019099
443.046051
443.062223
443.146625
443.168826
443.222593
443.227487
443.254812
443.281089
443.287625
443.364886
443.366098
443.399083
443.415724
443.419910
443.486736
443.513298
443.539332
443.655763
443.704656
443.743574
443.756975
443.773386
443.781878
443.792520
443.918633
443.936662
443.953779
443.959657
444.005807
444.009126
444.058036
444.083401
444.160596
444.182875
444.358811
444.422141
444.437814
444.447445
444.447630
444.460205
444.513235
444.518397
444.677504
444.681747
444.683579
444.726248
444.802618
444.962696
445.011113
445.028856
445.064919
445.084913
445.085144
445.231279
445.242034
445.254822
445.260453
445.301493
445.330335
445.344104
445.441308
445.486575
445.616677
445.655847
445.703637
445.732521
445.734561
445.860923
445.893459
445.984911
446.035526
446.035891
446.086869
446.111177
446.189837
446.225449
446.231641
446.281204
446.314898
446.344145
446.373142
446.376182
446.380903
446.440016
446.510444
446.553719
446.554249
446.568613
446.589909
446.603702
446.663943
446.688767
446.747081
446.766165
446.766292
446.787673
446.809137
446.897153
446.898736
446.943465
446.975423
447.008428
447.138762
447.199255
447.230235
447.336608
447.385766
447.435087
447.467453
447.499034
447.541997
447.570250
447.696484
447.717369
447.725265
447.786599
447.800525
447.814139
447.849457
447.859349
447.882926
447.922713
447.962945
448.012898
448.063186
448.071199
448.130515
448.204866
448.244306
448.478020
448.590952
448.669042
448.704783
448.709745
448.754202
448.759223
448.845356
448.863472
448.868538
448.955561
448.959586
448.968364
448.973097
449.118297
449.166949
449.181087
449.322188
449.339763
449.421542
449.433445
449.446527
449.471423
449.505073
449.573106
449.591464
449.632113
449.717513
449.723746
449.951978
449.981565
449.989785
450.005945
450.057543
450.065191
450.124427
450.180944
450.193651
450.322805
450.333304
450.423039
450.462461
450.520236
450.526091
450.580045
450.617458
450.685833
450.687772
450.696076
450.718913
450.772732
450.810710
450.860937
450.935112
451.022095
451.046265
451.065821
451.070768
451.210161
451.223376
451.257949
451.270120
451.343993
451.360307
451.371300
451.383404
451.456573
451.482437
451.487614
451.544567
451.608644
451.657370
451.667351
451.706140
451.719639
451.721554
451.737026
451.771482
451.792746
451.816594
451.817314
451.833425
451.956725
452.074327
452.135404
452.169985
452.177887
452.258917
452.262484
452.285958
452.357335
452.412904
452.508940
452.528715
452.532945
452.592997
452.622899
452.638565
452.649337
452.651612
452.675640
452.743068
452.745553
452.746283
452.833775
452.870296
452.884891
452.992781
453.060241
453.131366
453.163430
453.174381
453.221197
453.294141
453.371634
453.450365
453.466611
453.599550
453.645583
453.665131
453.672073
453.674558
453.703462
453.811657
453.812113
453.866376
453.868835
453.890381
453.919085
453.951340
453.958520
454.112249
454.156853
454.187935
454.210992
454.253987
454.318687
454.319348
454.341514
454.348722
454.442668
454.587347
454.609673
454.616230
454.624991
454.632381
454.673038
454.674189
454.781847
454.790118
454.838970
454.897812
454.934213
455.004036
455.005854
455.045905
455.062541
455.064405
455.087270
455.102478
455.181650
455.230060
455.344429
455.363515
455.640769
455.670002
455.728319
455.776167
455.796287
455.815410
455.859492
455.957668
456.014161
456.031271
456.098147
456.117249
456.128158
456.258078
456.306564
456.312818
456.315130
456.355677
456.371002
456.476892
456.571918
456.628695
456.628777
456.796136
456.808850
456.849207
456.868064
456.905133
456.929390
456.944321
456.975143
456.986166
457.016933
457.032965
457.136260
457.148911
457.186168
457.304617
457.487990
457.666248
457.683884
457.777787
457.795043
457.798502
457.881200
457.962795
458.007900
458.014301
458.017022
458.021153
458.037960
458.099530
458.328707
458.335761
458.362363
458.381589
458.393457
458.421303
458.606336
458.662515
458.671859
458.729972
458.805507
459.063947
459.123496
459.178165
459.221128
459.228622
459.230467
459.265826
459.311816
459.311829
459.318031
459.352272
459.364713
459.393511
459.459295
459.506576
459.614017
459.679962
459.783024
459.806347
459.816518
459.890290
459.954688
459.983716
460.050391
460.055453
460.110681
460.115364
460.151267
460.162856
460.314854
460.353566
460.356551
460.369402
460.496259
460.578871
460.651171
460.758644
460.806914
460.914393
460.981436
461.032852
461.044112
461.094254
461.184795
461.222339
461.352118
461.402782
461.485761
461.535753
461.582957
461.710122
461.716906
461.717571
461.743008
461.774947
461.855365
461.972997
461.974673
461.986169
462.009954
462.036980
462.041858
462.129719
462.307045
462.380253
462.387358
462.387719
462.397447
462.450555
462.455353
462.507421
462.513132
462.651732
462.653782
462.670821
462.696147
462.749818
462.796395
462.801777
462.895871
462.976600
462.992161
463.068371
463.070030
463.106559
463.120462
463.188719
463.309334
463.428779
463.449062
463.548513
463.585968
463.718565
463.738094
463.754969
463.756551
463.911837
463.939359
463.947865
464.005078
464.023867
464.075776
464.183889
464.189072
464.196162
464.266115
464.273782
464.357764
464.379294
464.412185
464.485814
464.539055
464.605719
464.622430
464.638857
464.665058
464.748134
464.751647
464.833787
465.102116
465.189143
465.196053
465.217983
465.218744
465.264307
465.328521
465.357495
465.357513
465.383358
465.454703
465.526731
465.527028
465.530740
465.579153
465.627735
465.679268
465.710719
465.733557
465.810092
465.859100
465.874584
465.920203
465.940256
466.044424
466.048901
466.049309
466.109922
466.196648
466.198382
466.232354
466.293728
466.316548
466.322923
466.327586
466.329612
466.401767
466.423071
466.430438
466.454012
466.595590
466.625465
466.649224
466.698296
466.703144
466.720500
466.758699
466.789837
466.837319
466.945731
466.962878
466.976948
466.985409
467.086702
467.094558
467.166368
467.169834
467.193300
467.310091
467.313375
467.342345
467.360167
467.463854
467.521517
467.573582
467.606217
467.659727
467.680516
467.695212
467.719816
467.742988
467.805249
467.826103
467.843730
467.967082
467.973744
467.996212
467.999101
468.047986
468.082594
468.193179
468.203097
468.268915
468.299795
468.412578
468.443709
468.501483
468.512055
468.594723
468.608319
468.693499
468.832707
468.838496
468.850284
468.921468
468.940888
468.986199
469.012735
469.047096
469.133628
469.145583
469.212219
469.247834
469.337547
469.370949
469.402021
469.417039
469.423808
469.432877
469.483809
469.517185
469.541421
469.788386
469.788956
469.832525
469.843364
469.909707
469.921034
469.932544
469.976620
470.180228
470.228680
470.238037
470.284407
470.323960
470.338579
470.364830
470.439613
470.515149
470.715604
470.771390
470.781135
470.783484
470.899979
470.920812
470.928363
470.985473
471.023932
471.029492
471.103240
471.136777
471.173988
471.349008
471.443093
471.479328
471.479494
471.497780
471.585281
471.594101
471.601582
471.625141
471.667334
471.700222
471.703094
471.751979
471.828837
471.833409
471.956268
472.001552
472.002082
472.041351
472.074138
472.090779
472.142399
472.148034
472.221144
472.268887
472.280575
472.292248
472.310088
472.434420
472.466098
472.491272
472.617467
472.619984
472.634070
472.647648
472.657794
472.667551
472.718526
472.778075
473.076569
473.077815
473.192547
473.245675
473.290889
473.304242
473.357396
473.368962
473.372722
473.396001
473.420175
473.444221
473.463043
473.466474
473.506395
473.521684
473.593558
473.627357
473.700213
473.703058
473.755674
473.800072
473.804511
473.811034
473.819188
473.824511
473.842896
473.864146
473.869400
473.977576
473.981891
474.001344
474.041265
474.091159
474.174066
474.319957
474.365918
474.415669
474.421248
474.441427
474.459307
474.482455
474.491161
474.553604
474.617258
474.713123
474.765977
474.817087
474.820018
474.850622
474.930989
474.985228
474.991943
475.043097
475.051742
475.089883
475.095737
475.167200
475.238933
475.321242
475.339700
475.392457
475.433000
475.439883
475.468073
475.488882
475.558778
475.589446
475.590978
475.591718
475.649166
475.714938
475.737101
475.881469
475.979661
475.989556
476.018714
476.054481
476.133203
476.167437
476.192483
476.244095
476.289293
476.313030
476.348810
476.366511
476.487456
476.508135
476.634153
476.641734
476.717940
476.743798
476.774388
476.790782
476.809482
476.955835
477.047877
477.059739
477.098105
477.101310
477.165019
477.232741
477.367688
477.416912
477.420888
477.436168
477.637594
477.650836
477.699283
477.725486
477.736836
477.810662
477.819681
477.901107
477.962791
478.072636
478.196245
478.219985
478.272484
478.280873
478.295573
478.335710
478.343014
478.374833
478.383695
478.445802
478.469745
478.474264
478.521160
478.530552
478.533308
478.541615
478.617111
478.635893
478.658382
478.705098
478.732063
478.741859
478.806403
478.918530
478.981148
479.037834
479.109558
479.116079
479.138008
479.159324
479.180109
479.188381
479.279482
479.291070
479.320362
479.364682
479.375701
479.404995
479.453813
479.456084
479.515396
479.515658
479.529554
479.675373
479.700503
479.702864
479.717093
479.758017
479.794030
479.897587
479.926347
480.023573
480.033667
480.084700
480.105883
480.110839
480.203473
480.313650
480.329014
480.465368
480.492306
480.513058
480.595554
480.755232
480.816123
480.859020
480.986247
481.159040
481.169500
481.169598
481.236805
481.267158
481.303530
481.365966
481.422727
481.509175
481.523377
481.553366
481.626937
481.667871
481.707815
481.726024
481.760778
481.939161
482.025043
482.045116
482.064162
482.098247
482.098334
482.150905
482.155304
482.156821
482.222779
482.320137
482.366518
482.371074
482.381200
482.433844
482.466516
482.477085
482.488660
482.530899
482.532057
482.570074
482.591242
482.616616
482.665005
482.692285
482.791736
482.859785
482.913320
482.956057
483.058735
483.088931
483.091075
483.265699
483.365915
483.372935
483.390669
483.505826
483.532262
483.555739
483.628035
483.634977
483.808023
483.843795
483.853520
484.052649
484.068880
484.093098
484.094980
484.155160
484.174895
484.175727
484.182756
484.192107
484.194561
484.229651
484.255803
484.261895
484.288647
484.308091
484.442825
484.468294
484.514498
484.588495
484.602551
484.607016
484.642619
484.666214
484.679220
484.682627
484.787702
484.803677
484.897431
484.899639
484.907708
484.959730
485.188400
485.274042
485.401299
485.405772
485.423574
485.425915
485.445469
485.489988
485.502263
485.541827
485.567426
485.646377
485.661005
485.754121
485.763543
485.783497
485.814546
486.022494
486.025951
486.044573
486.053128
486.061879
486.111645
486.115563
486.244869
486.256695
486.319151
486.406440
486.469107
486.469491
486.589290
486.689281
486.739374
486.813977
486.826973
487.012912
487.057249
487.086664
487.187056
487.222125
487.242626
487.396217
487.439583
487.472550
487.552088
487.577208
487.604793
487.660233
487.722673
487.748449
487.755089
487.756978
487.765882
487.797891
487.822999
487.848984
487.911318
487.999355
488.051905
488.062880
488.098008
488.175162
488.177889
488.259925
488.274069
488.336082
488.401093
488.542149
488.658787
488.663613
488.720129
488.750463
488.831439
488.863449
488.938763
489.012885
489.020518
489.060927
489.092444
489.109936
489.115329
489.115897
489.155552
489.212440
489.231900
489.237535
489.268405
489.289190
489.295053
489.308951
489.442155
489.495833
489.541838
489.551691
489.656173
489.658462
489.664029
489.664676
489.907345
489.953684
489.988652
490.029685
490.291120
490.371364
490.452659
490.466562
490.576730
490.628363
490.671300
490.749246
490.760383
490.768014
490.823882
490.839751
490.943400
490.982533
490.983316
491.115407
491.172019
491.175267
491.309496
491.414868
491.416453
491.449009
491.570008
491.571385
491.577344
491.782370
491.856104
491.919738
491.978421
491.984716
492.005853
492.038816
492.140314
492.221527
492.285134
492.342430
492.377622
492.378065
492.446173
492.506955
492.749561
492.795745
492.834265
492.857336
492.868971
492.917252
492.953341
492.965871
492.967640
492.984720
492.990980
493.001889
493.013572
493.019698
493.058257
493.118583
493.172902
493.235515
493.256517
493.350977
493.353766
493.366906
493.499740
493.538067
493.567357
493.603895
493.635564
493.646147
493.649006
493.707163
493.723147
493.879432
493.935504
493.936299
493.940408
493.949841
493.958405
494.002968
494.048425
494.093125
494.139254
494.232383
494.310269
494.375500
494.428440
494.449765
494.514583
494.524383
494.669751
494.755144
494.808570
494.876474
494.922949
494.924451
494.925124
495.031798
495.051625
495.072992
495.080070
495.091571
495.184014
495.329440
495.333702
495.347658
495.354716
495.379760
495.506350
495.562360
495.565288
495.610082
495.657362
495.670139
495.677037
495.679240
495.683435
495.708821
495.757911
495.792971
495.822482
495.944508
495.947290
495.986047
496.017861
496.036135
496.039188
496.093765
496.176083
496.217036
496.243747
496.301764
496.307949
496.327522
496.343656
496.418602
496.435615
496.468080
496.514363
496.520669
496.526148
496.545729
496.578024
496.611222
496.631277
496.757663
496.822171
496.833029
496.881461
496.891783
496.921081
496.945421
496.960377
496.986512
497.111856
497.115995
497.168377
497.255937
497.271214
497.300787
497.309063
497.319778
497.382651
497.459536
497.469785
497.520448
497.552735
497.609151
497.742930
497.798200
497.851721
497.878488
497.912819
497.969575
498.037456
498.054778
498.100134
498.166954
498.195240
498.274010
498.290219
498.310452
498.355019
498.391622
498.461157
498.476971
498.487180
498.540348
498.550934
498.572473
498.672401
498.684224
498.721295
498.748117
498.780998
498.796403
498.841620
498.936109
498.975893
498.999169
499.043709
499.102090
499.280062
499.342487
499.370497
499.395199
499.467231
499.554619
499.733291
499.734685
499.783543
499.801876
499.810580
499.810745
499.835084
499.901942
499.973263
500.002231
500.010449
500.043042
500.100706
500.184395
500.191163
500.196188
500.222259
500.236024
500.294367
500.313454
500.324971
500.325132
500.331478
500.335463
500.350752
500.370920
500.416426
500.422947
500.461897
500.478550
500.670139
500.721693
500.723461
500.730106
500.812757
500.905097
501.025000
501.026955
501.035611
501.080826
501.096678
501.198543
501.247288
501.259974
501.296712
501.514497
501.526243
501.540077
501.569144
501.606558
501.688531
501.714717
501.911712
502.001289
502.042465
502.109090
502.137773
502.171072
502.192854
502.237108
502.278946
502.304685
502.382127
502.399988
502.401628
502.445712
502.491024
502.497230
502.508561
502.533762
502.537351
502.580298
502.747018
502.764966
502.787328
502.881375
502.937301
503.027267
503.041578
503.146858
503.202718
503.319483
503.323388
503.436259
503.599399
503.690213
503.693171
503.696513
503.696683
503.711008
503.776736
503.819822
503.833674
503.889849
503.935393
503.957261
503.959109
503.985503
503.999116
504.016197
504.107706
504.117298
504.119649
504.139418
504.151209
504.176792
504.236037
504.453463
504.626290
504.652057
504.805153
504.805927
504.885156
504.891509
504.921534
505.013146
505.036637
505.088221
505.091068
505.121686
505.121858
505.125874
505.279615
505.308785
505.335801
505.360539
505.384047
505.396409
505.407418
505.432784
505.488570
505.499063
505.547276
505.719929
505.819598
505.848581
505.929212
505.937627
505.982283
506.099793
506.150196
506.466389
506.469103
506.492838
506.509137
506.521887
506.590020
506.639438
506.653605
506.696101
506.701105
506.703430
506.708870
506.845316
506.905323
506.963161
507.206570
507.263091
507.268005
507.274092
507.305985
507.390482
507.395287
507.407207
507.417344
507.492378
507.616006
507.648857
507.662517
507.810215
507.812378
507.858100
507.866270
507.868507
507.880535
507.931029
508.009458
508.048385
508.122110
508.345420
508.356359
508.426231
508.482268
508.569275
508.647364
508.676080
508.679810
508.741198
508.811006
508.951331
509.016827
509.023334
509.073303
509.105873
509.106405
509.156993
509.181767
509.220821
509.254228
509.313073
509.434873
509.460888
509.477051
509.669862
509.684844
509.686457
509.721928
509.759667
509.825273
509.989372
510.011981
510.264810
510.327082
510.378913
510.389324
510.410809
510.611315
510.628665
510.656012
510.669828
510.762191
510.824974
510.872748
510.896294
511.021960
511.040171
511.080687
511.098456
511.154913
511.210635
511.242180
511.286374
511.305594
511.306630
511.317938
511.367658
511.401284
511.442756
511.472050
511.538004
511.541071
511.559345
511.586904
511.613255
511.620226
511.732426
511.886303
511.932362
511.955228
512.003361
512.016367
512.022710
512.049990
512.068576
512.073171
512.123569
512.174571
512.225027
512.311987
512.336323
512.442738
512.449834
512.583790
512.686650
512.692231
512.727943
512.898424
513.036811
513.079895
513.184430
513.285206
513.294007
513.473925
513.509477
513.557734
513.576870
513.577478
513.695037
513.695807
513.707453
513.863493
513.887558
513.890446
514.007156
514.017993
514.134537
514.250463
514.252817
514.387126
514.472187
514.497073
514.529293
514.572623
514.775159
514.824749
514.834578
514.858498
514.922753
514.955662
514.981451
515.015324
515.032741
515.304713
515.328539
515.399268
515.450834
515.468220
515.537498
515.642756
515.673297
515.761065
515.788320
515.877944
515.924307
515.974775
515.982639
515.983170
516.054343
516.069762
516.079910
516.096829
516.114921
516.116428
516.334019
516.388083
516.533004
516.603971
516.612161
516.650650
516.755545
516.772888
516.780077
516.809753
516.917459
516.920351
516.935548
516.939206
516.941429
516.952117
516.960738
516.977237
517.052094
517.119572
517.158388
517.169179
517.184358
517.218583
517.219570
517.279777
517.375554
517.386467
517.507224
517.550168
517.586635
517.598583
517.744906
517.866705
517.900997
517.963692
517.982323
517.992147
518.041716
518.110206
518.147105
518.372568
518.430856
518.488134
518.496340
518.529501
518.565254
518.578048
518.642748
518.683933
518.694828
518.738819
518.811612
518.832433
518.907989
518.924206
518.945215
518.959092
518.964291
519.024892
519.093564
519.124877
519.230947
519.255400
519.291992
519.304495
519.337339
519.408119
519.442863
519.503822
519.539039
519.576246
519.581700
519.607546
519.653321
519.678720
519.690996
519.737249
519.767603
519.836495
519.919750
519.938146
520.001674
520.061808
520.067732
520.159915
520.167669
520.216009
520.245101
520.251984
520.450786
520.479564
520.512081
520.696904
520.790299
520.862884
520.863654
520.869725
520.899207
520.964732
520.971709
520.984086
521.173429
521.194936
521.261298
521.270831
521.289865
521.325348
521.334106
521.351752
521.352456
521.400183
521.413607
521.429003
521.510320
521.630717
521.702926
521.720290
521.726926
521.732316
521.747046
521.880299
521.883789
521.887570
521.919874
522.036652
522.056665
522.140391
522.257597
522.467101
522.518548
522.584157
522.631747
522.641667
522.650360
522.780730
522.894515
522.906512
523.014416
523.114863
523.120409
523.331286
523.415296
523.434342
523.458229
523.458345
523.523859
523.552009
523.600007
523.649774
523.698390
523.751101
523.808333
523.826109
523.959314
524.002905
524.021878
524.038967
524.080654
524.089090
524.130562
524.141176
524.247884
524.250731
524.254187
524.266135
524.279282
524.290199
524.333442
524.382421
524.393052
524.411866
524.455018
524.499484
524.551977
524.681675
524.682795
524.697434
524.701895
524.723431
524.744945
524.790763
524.802293
524.993208
525.084895
525.108292
525.121609
525.127392
525.234716
525.275289
525.344349
525.458512
525.512990
525.534988
525.661947
525.674016
525.674322
525.721926
525.768527
525.790207
525.862639
525.885309
525.940261
525.974957
525.984043
525.994725
526.009026
526.053741
526.055285
526.147363
526.208512
526.275211
526.373274
526.468502
526.471383
526.480930
526.539052
526.587185
526.607670
526.650762
526.684120
526.815705
526.887984
526.903681
526.983924
527.018223
527.191367
527.337578
527.339817
527.389355
527.389477
527.418374
527.466687
527.568917
527.580094
527.593220
527.647660
527.699310
527.730962
527.739663
527.772635
527.779124
527.817905
527.848188
527.916397
527.929548
527.952689
527.980084
528.114245
528.132895
528.213184
528.266074
528.266471
528.283289
528.306986
528.308348
528.348142
528.371377
528.371900
528.413805
528.430764
528.460616
528.494334
528.496974
528.504353
528.568221
528.584166
528.601668
528.604778
528.657771
528.670123
528.682844
528.693382
528.717582
528.735169
528.770576
528.817167
528.851324
528.868589
528.898414
528.900131
528.979290
529.076498
529.163075
529.249647
529.258630
529.341082
529.353789
529.356420
529.431963
529.483523
529.502048
529.509428
529.567288
529.612252
529.631314
529.651908
529.665055
529.720466
529.777292
529.780815
529.999429
530.017756
530.058098
530.121336
530.216403
530.283452
530.285000
530.313270
530.345167
530.377009
530.400781
530.413256
530.421448
530.516387
530.517986
530.536257
530.574140
530.585608
530.598156
530.663665
530.718035
530.739175
530.933463
530.939934
530.992829
530.999663
531.055728
531.080506
531.114587
531.151226
531.353819
531.475745
531.497663
531.508821
531.565976
531.596298
531.608499
531.636246
531.660275
531.703465
531.834681
531.885887
531.934637
532.005703
532.091894
532.119104
532.182940
532.249983
532.308975
532.375648
532.469487
532.496101
532.504511
532.700181
532.855931
532.859379
532.859431
532.913186
532.988936
533.062287
533.071385
533.102543
533.109434
533.207335
533.216215
533.240120
533.274500
533.305356
533.336939
533.386529
533.426658
533.497620
533.513178
533.531273
533.531321
533.568087
533.634714
533.637606
533.671358
533.689585
533.833976
533.926305
533.959386
533.982254
533.985987
534.035021
534.099871
534.170921
534.232279
534.279518
534.288032
534.319200
534.346481
534.380465
534.401911
534.413469
534.557023
534.557413
534.566152
534.684621
534.845128
534.882776
534.893328
534.908914
534.916838
534.987228
534.990435
534.998369
535.081560
535.136567
535.158947
535.233887
535.267782
535.275046
535.312866
535.434737
535.520991
535.567821
535.604324
535.653753
535.682278
535.701617
535.755090
535.756547
535.778572
535.779291
535.790492
535.880333
535.887156
535.933493
535.986338
536.082447
536.154138
536.241417
536.255281
536.284144
536.322574
536.331661
536.357614
536.365060
536.370892
536.378625
536.410031
536.444233
536.490470
536.504518
536.544212
536.581527
536.664538
536.723613
536.756280
536.779575
536.842005
536.854825
536.890909
536.921787
536.964155
536.984131
537.014020
537.069663
537.083340
537.142873
537.281610
537.334870
537.335934
537.477879
537.490572
537.503529
537.541588
537.557157
537.569467
537.582281
537.663617
537.767731
537.784620
537.814073
537.821144
538.014759
538.110689
538.122903
538.268505
538.296024
538.297536
538.297886
538.336103
538.396917
538.414265
538.469303
538.515961
538.597578
538.648396
538.670810
538.671003
538.675043
538.828059
538.835555
538.883630
538.894026
538.918539
538.990975
539.009989
539.018645
539.069144
539.088862
539.101819
539.125784
539.254876
539.267475
539.279518
539.324074
539.404073
539.408782
539.733325
539.752319
539.762084
539.881913
539.942210
539.950553
539.982177
540.035985
540.070862
540.074203
540.137575
540.195712
540.210477
540.217676
540.236777
540.310258
540.327012
540.417095
540.529486
540.558311
540.573943
540.665519
540.670868
540.680636
540.735170
540.784295
540.789319
540.790573
540.890329
540.928900
540.976343
541.118562
541.125456
541.128974
541.143163
541.233365
541.264115
541.269288
541.277699
541.334516
541.338965
541.403778
541.416917
541.478447
541.601418
541.646868
541.713424
541.737884
541.804467
541.814343
541.852179
541.959256
542.070925
542.094723
542.124589
542.167727
542.310207
542.497463
542.507185
542.770884
542.859921
542.946439
543.003049
543.011833
543.017803
543.024164
543.049389
543.085108
543.117868
543.156074
543.211669
543.389542
543.472022
543.477510
543.532496
543.561607
543.624966
543.626293
543.671574
543.695173
543.745680
543.754141
543.967690
544.002585
544.118386
544.179351
544.190525
544.253133
544.301857
544.321427
544.331882
544.372006
544.376051
544.520087
544.550030
544.789971
544.908500
544.922954
544.936094
545.094135
545.094701
545.183674
545.334820
545.348173
545.357497
545.381719
545.489852
545.555084
545.651069
545.661604
545.734153
545.788436
545.877183
545.925391
545.972644
545.988392
546.042459
546.103675
546.163288
546.223046
546.262094
546.286155
546.318571
546.344040
546.352360
546.360550
546.382455
546.487036
546.538775
546.552337
546.571690
546.699779
546.755784
546.766966
546.775697
546.779890
546.784405
546.789485
546.797913
546.801819
546.878857
546.884802
546.938511
546.989102
546.992932
547.146808
547.247551
547.292324
547.333815
547.365086
547.401869
547.467381
547.587562
547.684203
547.699597
547.815064
547.816602
547.912377
547.944616
548.040033
548.075835
548.079485
548.087898
548.124702
548.207945
548.258085
548.297342
548.317059
548.433649
548.529740
548.540971
548.590351
548.700156
548.703479
548.747814
548.783688
548.857114
548.879715
548.897235
548.929214
548.930731
548.978900
548.985326
549.048277
549.063404
549.091321
549.094996
549.150485
549.153687
549.161015
549.170996
549.191438
549.284198
549.291285
549.294491
549.295763
549.305760
549.324540
549.377419
549.504845
549.532686
549.551108
549.558923
549.571328
549.612480
549.674422
549.714389
549.730457
549.746053
549.795207
549.818475
549.827404
549.873295
549.926206
550.002922
550.061189
550.087219
550.089702
550.158032
550.169524
550.254045
550.385761
550.435800
550.492640
550.563317
550.565367
550.629033
550.692120
550.766838
550.777637
550.785109
550.854201
550.872398
551.018639
551.029468
551.100496
551.181316
551.221030
551.229626
551.242699
551.264562
551.313829
551.372688
551.383811
551.398106
551.432828
551.455913
551.501380
551.508569
551.530166
551.593758
551.640222
551.677647
551.742027
551.760983
551.834454
551.980191
552.068559
552.291517
552.307211
552.328057
552.350669
552.361890
552.367368
552.520666
552.593157
552.602890
552.632171
552.651538
552.670681
552.689715
552.768012
552.820965
552.824255
552.842795
552.887760
552.945110
553.020527
553.112337
553.130793
553.198248
553.281286
553.362644
553.380699
553.427159
553.427896
553.559100
553.622001
553.632720
553.678199
553.818645
553.824771
553.831954
553.864630
553.865298
553.986471
554.017232
554.067348
554.125283
554.132799
554.158993
554.188598
554.221451
554.233433
554.236899
554.244396
554.310954
554.324587
554.384474
554.389473
554.401131
554.407416
554.493522
554.495934
554.599292
554.677408
554.776245
554.789658
554.824442
554.839357
554.841873
554.856162
554.858311
554.942259
554.984648
555.039406
555.076699
555.077242
555.102037
555.104774
555.146112
555.191103
555.231262
555.294696
555.320840
555.369928
555.419073
555.441461
555.581197
555.646124
555.655499
555.727439
555.737821
555.742342
555.756340
555.800288
555.931105
555.953561
556.039215
556.046411
556.072142
556.083588
556.124488
556.275380
556.342668
556.351006
556.403411
556.416531
556.473316
556.473724
556.474512
556.496022
556.570056
556.579195
556.626463
556.718660
556.786949
556.803636
556.860896
556.893114
556.951934
556.955408
556.981281
556.984689
556.999872
557.081658
557.132884
557.158743
557.162127
557.294552
557.308676
557.398168
557.428190
557.454683
557.544527
557.698424
557.700922
557.779120
557.876826
557.881778
557.890041
557.926820
557.968248
557.981630
557.983009
557.989416
558.065049
558.077049
558.133429
558.177492
558.274212
558.431299
558.503219
558.514593
558.589907
558.652577
558.712915
558.817327
558.857121
558.909287
558.938671
559.032148
559.095892
559.133880
559.158818
559.164856
559.278357
559.368084
559.378083
559.404147
559.415229
559.454387
559.493498
559.546721
559.572326
559.591496
559.624976
559.683732
559.700504
559.733175
559.833485
559.851259
559.886827
559.917013
559.938183
559.944302
559.947472
560.079994
560.081091
560.141728
560.217881
560.220025
560.244903
560.407379
560.426980
560.507185
560.549574
560.578902
560.613010
560.623284
560.670992
560.733736
560.737169
560.774259
560.779288
560.917589
560.925229
560.941930
560.959082
560.964780
561.009429
561.045678
561.058498
561.127433
561.178037
561.236403
561.250722
561.283065
561.326299
561.356960
561.366662
561.373505
561.417595
561.493903
561.600995
561.611294
561.678554
561.709769
561.992908
562.049714
562.145244
562.157864
562.234082
562.374264
562.402010
562.408507
562.478127
562.635080
562.640771
562.655396
562.709638
562.746393
562.820864
562.839485
562.966490
562.977969
562.986388
562.999669
563.027811
563.075989
563.258645
563.285300
563.314929
563.356393
563.359767
563.408094
563.444754
563.481786
563.624162
563.647387
563.666544
563.679253
563.683976
563.692094
563.694077
563.782289
563.783034
563.846396
563.891542
564.055397
564.122245
564.124949
564.135619
564.176987
564.182828
564.267080
564.341369
564.347042
564.354387
564.376437
564.407163
564.491466
564.608351
564.613333
564.630046
564.708242
564.728911
564.812746
564.857338
564.944055
564.959154
565.021903
565.125759
565.129784
565.190629
565.203697
565.221298
565.241865
565.249465
565.255107
565.269723
565.305382
565.362225
565.363195
565.393068
565.450263
565.466561
565.484255
565.561397
565.577411
565.598842
565.750670
565.785075
565.867753
565.907197
565.963483
566.013486
566.106051
566.136323
566.142381
566.161637
566.161856
566.250496
566.254315
566.260004
566.261021
566.277414
566.350985
566.404292
566.481588
566.486328
566.531561
566.538007
566.547604
566.549747
566.570534
566.630485
566.635215
566.654206
566.701495
566.718388
566.793212
566.909675
566.944534
566.948441
566.988044
567.139897
567.193592
567.225589
567.237990
567.248094
567.254883
567.395231
567.514602
567.528181
567.553603
567.578917
567.632732
567.709308
567.747168
567.791572
567.791821
567.916313
567.919396
567.931002
567.942848
567.951843
568.024207
568.094947
568.188915
568.246394
568.254664
568.281236
568.355209
568.359697
568.388556
568.420722
568.497316
568.543977
568.664025
568.675975
568.735640
568.886303
568.922310
568.984275
569.015462
569.064331
569.072351
569.171983
569.288842
569.326406
569.344187
569.355350
569.356791
569.437626
569.496536
569.563548
569.632056
569.725692
569.769560
569.783031
569.842058
570.040259
570.094075
570.255177
570.276263
570.325297
570.334199
570.385710
570.389535
570.407012
570.511129
570.630098
570.646674
570.679214
570.869310
570.906761
570.955945
571.139394
571.167292
571.346448
571.351321
571.384453
571.386717
571.465180
571.485647
571.559879
571.588839
571.608777
571.827920
571.848138
571.853154
571.907610
571.950610
571.983292
572.050726
572.072017
572.076083
572.128447
572.134220
572.161294
572.187265
572.191686
572.193355
572.264773
572.281975
572.327734
572.367685
572.407935
572.483589
572.546614
572.670034
572.721522
572.807027
572.859289
572.904422
572.940354
572.969801
573.057553
573.068182
573.176339
573.295485
573.328050
573.372952
573.393297
573.433283
573.509839
573.582673
573.862887
573.918589
573.949825
574.023089
574.065947
574.076263
574.101707
574.126496
574.138300
574.185071
574.227522
574.255962
574.285552
574.370037
574.379797
574.383916
574.400502
574.430990
574.434998
574.470790
574.493268
574.594927
574.615500
574.643121
574.654937
574.728894
574.801803
574.813828
574.834214
574.856002
574.892492
574.911500
574.928996
574.929782
575.061093
575.087044
575.128944
575.233409
575.249578
575.306404
575.381135
575.482497
575.520942
575.557475
575.582105
575.613791
575.648327
575.655172
575.742536
575.850251
575.880792
575.939164
575.967700
575.976788
576.027837
576.033958
576.059623
576.077317
576.143668
576.156858
576.193318
576.209239
576.227695
576.250095
576.269874
576.290080
576.360920
576.438883
576.457720
576.467115
576.490965
576.517085
576.542061
576.708307
576.765256
576.806393
576.829416
576.852760
576.907411
576.909318
576.912644
576.919800
576.951410
577.100237
577.197133
577.201016
577.207177
577.232684
577.233380
577.248009
577.269689
577.278697
577.301826
577.301949
577.338556
577.340022
577.408386
577.443407
577.468550
577.585289
577.792830
577.808940
577.880786
577.927748
577.933463
577.937400
577.951863
578.011641
578.025228
578.156201
578.208314
578.262853
578.298652
578.327959
578.335450
578.364468
578.382596
578.413650
578.416331
578.451198
578.462144
578.482219
578.521571
578.590868
578.625525
578.673817
578.675766
578.711213
578.723785
578.731338
578.788639
578.827447
578.845810
578.862524
578.877384
578.979500
579.010337
579.065459
579.116260
579.121460
579.122017
579.210262
579.289186
579.311944
579.364615
579.406720
579.472270
579.493072
579.514458
579.529701
579.553573
579.639597
579.677220
579.777738
579.791613
579.808584
579.853279
579.877281
579.986177
580.024132
580.045690
580.057369
580.093373
580.158851
580.183905
580.185633
580.189719
580.205353
580.279249
580.279328
580.287409
580.308308
580.386861
580.398240
580.432311
580.507836
580.533211
580.632508
580.664431
580.712703
580.741444
580.749855
580.790052
580.823219
580.863288
580.865135
580.893786
580.927868
580.954225
580.976966
581.015235
581.057318
581.063539
581.222662
581.232907
581.326240
581.350655
581.389921
581.533964
581.635138
581.901076
581.928661
581.949523
581.997834
582.083343
582.215452
582.303762
582.315412
582.337672
582.397936
582.544536
582.557746
582.605470
582.707793
582.717838
582.772721
582.778421
582.787578
582.795119
582.805587
582.865357
582.892966
582.917241
582.943834
582.981920
583.151501
583.158041
583.195690
583.200560
583.241654
583.257731
583.274260
583.301202
583.332629
583.333210
583.347067
583.442297
583.465397
583.512258
583.554455
583.560548
583.607629
583.681144
583.684882
583.714865
583.731563
583.737319
583.761556
583.794029
583.813835
583.937724
583.983271
583.992093
584.007912
584.043714
584.073580
584.085048
584.116106
584.152534
584.154279
584.217765
584.272820
584.346172
584.387244
584.435474
584.553292
584.597040
584.625639
584.638414
584.640732
584.719887
584.722507
584.774578
584.778054
584.910423
584.921943
584.969214
585.060701
585.072251
585.171275
585.232556
585.293785
585.317248
585.323503
585.332154
585.431006
585.484162
585.491643
585.507851
585.581688
585.614012
585.731736
585.732876
585.750786
585.884667
585.885454
585.969380
585.989562
585.990998
585.994132
586.014090
586.020556
586.042136
586.066304
586.175082
586.179214
586.315497
586.386193
586.412649
586.447531
586.519903
586.637055
586.707721
586.731326
586.747775
586.754488
586.828628
586.940846
586.971982
587.003987
587.145416
587.172099
587.192614
587.277024
587.321652
587.329466
587.345954
587.392769
587.410466
587.419056
587.444588
587.487490
587.500315
587.509409
587.546214
587.550160
587.582374
587.636868
587.703652
587.716121
587.831886
587.885919
587.912519
587.968248
587.988083
588.008076
588.054144
588.118885
588.157584
588.165506
588.178111
588.224289
588.329659
588.386056
588.463341
588.469120
588.503583
588.632046
588.690152
588.838039
588.848197
588.855213
589.087793
589.093794
589.105374
589.142237
589.166096
589.287910
589.298119
589.302163
589.309347
589.358666
589.403891
589.458142
589.470038
589.563432
589.592967
589.605225
589.624916
589.676117
589.699984
589.790460
589.825377
590.043200
590.043267
590.045574
590.108392
590.133892
590.151821
590.205239
590.409596
590.428007
590.434279
590.452188
590.500818
590.556661
590.585709
590.604428
590.680618
590.710502
590.747617
590.753030
590.919164
590.947531
590.975792
590.977772
591.017972
591.113281
591.157219
591.169122
591.231261
591.240787
591.325719
591.339753
591.407496
591.412104
591.415686
591.416713
591.438766
591.491645
591.516074
591.531838
591.560099
591.579737
591.693268
591.705083
591.760215
591.886939
592.000119
592.197659
592.215413
592.217656
592.227430
592.232814
592.344542
592.360415
592.385101
592.403414
592.404161
592.430090
592.436545
592.492482
592.561855
592.585270
592.655493
592.677516
592.687824
592.741490
592.751498
592.762480
592.771387
592.874474
592.877591
592.935884
592.958377
593.091535
593.122271
593.160078
593.232808
593.282119
593.369351
593.465140
593.530588
593.682425
593.742639
593.775598
593.781519
593.830487
593.979903
594.052293
594.195251
594.350666
594.429761
594.436972
594.687128
594.750282
594.838557
594.843656
594.910630
595.244169
595.304499
595.336940
595.356724
595.356923
595.398133
595.536460
595.566039
595.572474
595.573556
595.582323
595.644156
595.655615
595.674691
595.707476
595.788936
595.828892
595.874764
595.897333
595.901996
596.018294
596.023942
596.033863
596.044824
596.075467
596.083845
596.091520
596.157131
596.233207
596.251801
596.365179
596.430935
596.464287
596.466772
596.544205
596.559666
596.659574
596.749459
596.834693
596.918585
596.981516
597.008497
597.078948
597.115531
597.159085
597.201132
597.213962
597.223559
597.250077
597.288840
597.289285
597.291984
597.388063
597.504660
597.548907
597.564458
597.570246
597.589580
597.592286
597.600809
597.643166
597.721994
597.789792
597.841343
597.854714
597.893524
598.002877
598.004186
598.069990
598.075338
598.089492
598.097642
598.163447
598.210775
598.214895
598.242916
598.254669
598.336893
598.376946
598.466778
598.496127
598.535239
598.564715
598.637911
598.642518
598.658171
598.669063
598.700969
598.738298
598.743205
598.746851
598.764711
598.787930
598.835845
598.836543
598.837033
598.857113
598.924242
598.936343
598.991131
599.086893
599.150960
599.187592
599.194803
599.205342
599.258024
599.315868
599.350169
599.374722
599.409276
599.418328
599.468756
599.485088
599.540444
599.540502
599.578358
599.623192
599.625603
599.731333
599.965508
599.989983
600.029752
600.091643
600.156465
600.156692
600.166067
600.209843
600.292079
600.302008
600.426980
600.544425
600.557355
600.613951
600.715366
600.722465
600.754429
600.984572
601.050844
601.079737
601.116629
601.206820
601.246996
601.257813
601.339020
601.348575
601.440868
601.473266
601.640605
601.645759
601.872654
601.931379
601.977011
602.075628
602.142450
602.143491
602.265691
602.355852
602.403107
602.420938
602.444717
602.466844
602.590759
602.660326
602.667861
602.675181
602.713832
602.722217
602.852647
602.863638
602.900647
602.954089
603.070765
603.112811
603.116341
603.199399
603.224169
603.468974
603.517226
603.525128
603.529883
603.608784
603.609524
603.665612
603.867638
603.952365
604.007134
604.184998
604.282688
604.449563
604.589667
604.629585
604.700908
604.765374
604.787390
604.815480
604.850682
605.060810
605.080190
605.102909
605.120936
605.225978
605.318396
605.343692
605.364421
605.404096
605.424651
605.428151
605.440289
605.490568
605.605231
605.742826
605.750701
605.779930
605.786370
605.818348
605.820251
605.879868
605.885570
605.903151
605.921163
605.989000
606.055507
606.154273
606.155594
606.188966
606.353567
606.640289
606.641379
606.742669
606.746215
606.808449
606.868927
606.905344
607.060755
607.072024
607.180179
607.237239
607.395890
607.412520
607.413796
607.478099
607.536555
607.555733
607.674574
607.687594
607.807347
607.871140
607.871685
607.925052
608.124706
608.207540
608.224014
608.246136
608.293866
608.307274
608.412877
608.437652
608.462445
608.507677
608.535394
608.646546
608.726492
608.742073
608.819862
608.841620
608.998671
609.040494
609.112012
609.147720
609.268109
609.403394
609.427386
609.427881
609.446255
609.503571
609.556050
609.701074
609.738145
609.842105
609.851804
609.923729
609.967958
610.028231
610.044184
610.097300
610.140988
610.162347
610.342838
610.344615
610.370751
610.483033
610.538940
610.539997
610.727645
610.761528
610.785540
610.790434
610.855128
611.045359
611.097778
611.124762
611.428188
611.436793
611.534834
611.696375
611.727505
611.771612
611.926752
611.957827
612.162025
612.171169
612.172223
612.201773
612.238928
612.254221
612.403607
612.425499
612.561244
612.639487
612.644905
612.883388
612.888105
613.037985
613.092290
613.093823
613.281652
613.298083
613.339492
613.410851
613.418130
613.662938
613.733319
613.787863
613.832836
613.839217
613.859718
613.905219
613.928557
613.967478
613.983068
614.034879
614.150486
614.160834
614.190381
614.205583
614.258320
614.268302
614.452601
614.502988
614.644689
614.674000
614.707185
614.729331
614.815962
614.838899
614.890615
614.995943
615.024166
615.208523
615.227152
615.255266
615.263759
615.337817
615.351727
615.407504
615.466334
615.483552
615.654328
615.773108
615.819708
615.919299
615.949971
615.959600
616.008120
616.041877
616.045227
616.144338
616.257808
616.340911
616.374073
616.394264
616.475966
616.751687
616.830726
616.900963
617.003963
617.004619
617.057509
617.181208
617.238328
617.299143
617.345014
617.380456
617.445440
617.448981
617.521753
617.658321
617.691803
617.697271
617.772518
617.903134
618.000368
618.197327
618.423164
618.534914
618.574412
618.574449
618.597402
618.647129
618.670131
618.736696
618.804291
618.860874
618.945824
618.986076
619.008558
619.014814
619.021544
619.068133
619.210103
619.343873
619.402107
619.499029
619.527563
619.820476
619.882691
620.129367
620.133300
620.134136
620.317412
620.359370
620.409532
620.513082
620.654558
620.716093
620.790905
620.875667
620.893336
621.080555
621.168198
621.213374
621.304902
621.393527
621.434996
621.484359
621.565089
621.666745
621.672818
621.870556
621.946638
622.018236
622.023418
622.093118
622.098139
622.100509
622.109724
622.116464
622.289069
622.385521
622.452861
622.506846
622.514752
622.524713
622.675477
622.722260
622.851670
623.029975
623.145087
623.208263
623.269942
623.485624
623.537356
623.582282
623.626141
623.697581
623.790779
623.844489
623.869485
624.016854
624.133652
624.155968
624.176157
624.282114
624.298624
624.302582
624.312533
624.315597
624.366337
624.368808
624.415194
624.424964
624.521816
624.543902
624.575956
624.618993
624.696547
624.816291
624.821768
624.918576
625.035921
625.061978
625.062625
625.100648
625.110494
625.112662
625.183822
625.316429
625.384742
625.405446
625.567432
625.569858
625.613319
625.686990
625.727532
625.734433
625.736373
625.743280
625.803302
625.812009
625.819662
625.898318
626.002052
626.087949
626.168750
626.238456
626.242696
626.384465
626.407171
626.409448
626.487490
626.710839
626.844544
626.888818
626.923544
627.052551
627.096906
627.115637
627.165173
627.185234
627.209208
627.230142
627.352397
627.524420
627.566949
627.597021
627.635363
627.716813
627.773751
627.869352
627.873574
627.876541
627.948722
627.976952
628.078666
628.106185
628.203004
628.377910
628.420029
628.450274
628.477498
628.488857
628.611949
628.626115
628.673563
628.681321
628.749808
628.762452
628.898650
629.052191
629.053686
629.060206
629.067946
629.191887
629.202342
629.288516
629.320110
629.583745
629.592731
629.710201
630.022607
630.035223
630.091503
630.137986
630.161647
630.226817
630.261336
630.281506
630.444698
630.482105
630.546283
630.555788
630.619685
630.668046
630.847112
630.967584
630.981028
631.020787
631.130583
631.167666
631.217692
631.223152
631.319899
631.413880
631.422052
631.462802
631.535456
631.605662
631.617113
631.617261
631.657358
631.696593
631.719268
631.838325
631.847502
631.924706
631.956539
631.966135
631.978652
632.059317
632.210303
632.268731
632.301036
632.308515
632.314249
632.338381
632.366695
632.432436
632.447293
632.475868
632.679967
632.700735
632.708235
632.744462
632.753378
632.851863
632.963288
633.086160
633.203183
633.249399
633.298014
633.430009
633.463340
633.478071
633.508239
633.510106
633.538402
633.565142
633.637254
633.768389
633.871590
633.903194
633.912046
633.912693
634.175856
634.213330
634.245110
634.307096
634.350320
634.418347
634.424648
634.526836
634.543252
634.560014
634.624704
634.659716
634.712788
634.753496
635.046896
635.161804
635.196422
635.223152
635.253388
635.258725
635.434850
635.443885
635.503812
635.557121
635.793509
635.823521
635.948028
636.161995
636.169872
636.191605
636.194945
636.215026
636.220676
636.297554
636.415413
636.435655
636.466930
636.469791
636.535064
636.540569
636.567668
636.626856
636.650534
636.736079
636.751474
636.865929
636.871772
636.903315
636.969107
637.083389
637.096256
637.129968
637.197817
637.231797
637.261018
637.305805
637.349957
637.392364
637.517185
637.637899
637.649718
637.713809
637.755150
637.893796
637.895990
637.904994
637.983468
638.047800
638.113508
638.114306
638.131955
638.252040
638.276807
638.304653
638.305494
638.305556
638.358912
638.410144
638.426855
638.486387
638.498259
638.522748
638.541269
638.572276
638.613531
638.629134
638.639900
638.953224
639.012441
639.056444
639.095541
639.184342
639.194748
639.215045
639.442558
639.477411
639.571337
639.602022
639.648171
639.655609
639.700043
639.741154
639.844713
639.876960
640.018294
640.243823
640.379849
640.409578
640.453365
640.514307
640.571167
640.600669
640.658692
640.704618
640.708026
640.762803
640.772404
640.780672
640.888856
641.062336
641.089221
641.345568
641.350533
641.376660
641.393290
641.571101
641.640344
641.761062
641.918150
642.001956
642.033640
642.130397
642.176892
642.309774
642.362939
642.375725
642.396940
642.457579
642.483516
642.560430
642.607282
642.663955
642.697132
642.863742
642.892766
642.894350
642.974900
642.977201
643.045366
643.053179
643.162164
643.171649
643.234523
643.329691
643.398639
643.442705
643.468865
643.491723
643.495144
643.587664
643.754225
643.815263
643.890471
643.925714
644.004762
644.197497
644.238036
644.248998
644.417425
644.442733
644.522647
644.529560
644.582648
644.647912
644.682458
644.711608
644.766283
644.798976
644.803915
644.871169
644.873690
645.036725
645.086532
645.105061
645.150694
645.212748
645.409037
645.445017
645.506100
645.509732
645.517771
645.542536
645.582382
645.634141
645.745404
645.752624
645.808665
645.812175
645.825093
645.846592
645.927557
646.012404
646.055330
646.057569
646.084453
646.092575
646.114893
646.183145
646.234934
646.313776
646.416762
646.468013
646.570498
646.619194
646.648805
646.666399
646.669226
646.778873
646.856447
646.903692
646.914439
646.920627
646.984982
647.042936
647.201080
647.244931
647.279503
647.300333
647.315356
647.359853
647.381355
647.447404
647.506694
647.545057
647.572343
647.575847
647.691213
647.880940
647.896952
647.983813
647.989104
648.001501
648.023892
648.178693
648.266946
648.280312
648.318538
648.352959
648.384031
648.419593
648.426297
648.438066
648.477328
648.488097
648.619137
648.720031
648.745686
648.758789
648.776795
648.831350
648.831434
648.896631
648.905323
648.946027
648.955477
649.011684
649.091315
649.160606
649.217704
649.266700
649.315060
649.345025
649.464866
649.540380
649.567273
649.572309
649.630936
649.631142
649.686062
649.689360
649.691032
649.720439
649.784297
649.787507
649.812508
649.876393
649.955945
650.040987
650.168344
650.239338
650.332439
650.403585
650.413159
650.475520
650.557535
650.610432
650.642828
650.719861
650.746893
650.816516
650.865904
650.927371
650.980597
651.114724
651.119680
651.170512
651.424596
651.439623
651.633599
651.644666
651.936887
651.940369
651.948423
651.960208
652.012923
652.049912
652.054249
652.084114
652.183681
652.344562
652.346496
652.380004
652.403566
652.435902
652.454399
652.457846
652.543637
652.600035
652.785960
652.836921
652.955768
652.957032
652.968859
653.047100
653.143539
653.269291
653.375065
653.518740
653.529441
653.647728
653.656837
653.766486
653.876923
653.915063
653.926118
654.046379
654.139298
654.146859
654.252771
654.485286
654.507511
654.509055
654.708275
654.723125
654.731426
654.747923
654.868086
654.904351
654.919255
655.024050
655.217956
655.234082
655.235478
655.298293
655.305024
655.349593
655.430128
655.529321
655.561690
655.631156
655.807862
655.869623
655.887997
655.968025
655.973889
656.036193
656.044253
656.098851
656.148610
656.234507
656.354535
656.517123
656.526406
656.533787
656.614279
656.654478
656.687078
656.738333
656.815784
656.818235
656.914092
656.963774
656.970591
656.991278
657.054797
657.094058
657.101101
657.206509
657.232091
657.461577
657.461699
657.489998
657.501396
657.559142
657.595874
657.735264
657.765867
657.801802
657.824599
657.841016
657.884719
657.934423
658.005996
658.011792
658.013134
658.023840
658.026611
658.145630
658.152326
658.177633
658.270841
658.274921
658.300696
658.319605
658.330692
658.473507
658.474149
658.609559
658.687234
658.732038
658.992815
659.133656
659.168655
659.347491
659.360229
659.558783
659.591901
659.708135
659.737615
659.801191
659.889096
659.901426
659.903057
660.006759
660.086966
660.292619
660.362057
660.376484
660.433326
660.482098
660.718501
660.762553
660.766359
660.795083
660.807213
660.890052
660.926817
661.050833
661.050838
661.085438
661.116947
661.147776
661.249713
661.258451
661.297766
661.325476
661.489769
661.501896
661.558923
661.684359
661.729830
661.987648
662.031092
662.126642
662.325405
662.344740
662.386679
662.419848
662.532669
662.602466
662.657776
662.665257
662.688863
662.703617
662.842651
662.846396
663.125602
663.154689
663.162017
663.203085
663.238354
663.296366
663.356668
663.383041
663.392077
663.431320
663.448568
663.500164
663.708059
663.868591
663.888015
663.901645
663.946732
663.952916
663.956629
664.088137
664.159800
664.176977
664.194303
664.246442
664.359090
664.376621
664.485145
664.556159
664.557283
664.560265
664.656532
664.705820
664.717309
664.786162
664.801319
664.833176
664.914441
664.922156
664.934171
664.968040
665.001513
665.034573
665.149236
665.208746
665.280655
665.311787
665.381809
665.527526
665.578152
665.603068
665.647281
665.721631
665.779802
665.795091
665.990239
666.058014
666.095975
666.111135
666.130323
666.140432
666.153880
666.201018
666.289412
666.301636
666.325212
666.397475
666.400475
666.481340
666.544894
666.627201
666.641817
666.658320
666.666320
666.672236
666.734290
666.756419
666.756970
666.798339
666.934651
666.949368
666.953106
666.983060
666.991152
667.204539
667.306489
667.384850
667.427938
667.453760
667.464442
667.488356
667.646605
667.811196
667.819662
667.821792
667.845485
667.939436
668.208869
668.217848
668.229256
668.273050
668.333054
668.435547
668.437919
668.441636
668.457132
668.461986
668.472229
668.534239
668.727808
668.731154
668.740101
668.850841
668.888421
668.894253
668.906993
668.969766
669.069095
669.091212
669.229802
669.234506
669.286768
669.315637
669.375396
669.431830
669.614565
669.661612
669.661838
669.704013
669.820073
669.833410
669.868349
670.003415
670.040881
670.125244
670.128847
670.234493
670.272425
670.391810
670.541392
670.566425
670.571327
670.572319
670.686666
670.694887
670.721439
670.749289
670.929243
670.953875
670.969797
671.039306
671.058290
671.180331
671.193067
671.228947
671.247921
671.253904
671.278789
671.359931
671.531108
671.719620
671.804520
671.824665
671.837311
671.866471
671.871813
671.882491
671.897479
671.910217
672.017828
672.030353
672.215490
672.371129
672.387373
672.576426
672.585877
672.646508
672.649531
672.822196
672.861042
672.938368
672.989813
673.020387
673.066714
673.096953
673.285060
673.299334
673.324207
673.405805
673.488564
673.583797
673.596678
673.785317
673.833045
673.836703
673.846890
673.905371
673.937768
673.938684
674.001532
674.110702
674.277308
674.340982
674.375744
674.514306
674.545215
674.587842
674.711552
674.846953
674.862006
674.993308
675.009630
675.108415
675.174096
675.393961
675.431555
675.433273
675.530309
675.551910
675.722668
675.770359
675.808486
675.821436
675.937400
675.994140
676.111377
676.126895
676.139841
676.150063
676.251192
676.271901
676.373819
676.459897
676.461494
676.471565
676.636524
676.807103
676.843472
676.853874
676.873687
676.924560
676.954399
676.985547
677.023549
677.112958
677.179836
677.275894
677.390547
677.462722
677.492239
677.538876
677.580506
677.626425
677.752354
677.827080
677.840547
677.909317
677.959193
678.056731
678.367585
678.379000
678.542956
678.619659
678.672404
678.727903
678.768514
678.827657
678.899792
678.943064
679.177446
679.188480
679.195863
679.215061
679.255192
679.366695
679.402892
679.407404
679.458134
679.497591
679.515765
679.629796
679.706287
679.758964
679.859650
679.865847
679.886834
680.000375
680.158936
680.175403
680.340124
680.363631
680.412734
680.540602
680.669862
680.674422
680.794735
680.864619
680.893619
680.926739
680.953861
681.016717
681.019244
681.065342
681.129417
681.172553
681.204859
681.212868
681.225782
681.230478
681.290412
681.334120
681.392663
681.418947
681.566276
681.943051
682.243942
682.324255
682.410969
682.465184
682.479956
682.547210
682.611611
682.615474
682.697219
682.697302
682.705420
682.709898
682.856619
682.897482
682.938828
682.961427
683.085939
683.205164
683.225289
683.272695
683.280481
683.289494
683.302912
683.386122
683.441422
683.453142
683.584383
683.587871
683.628379
683.648104
683.673978
683.691616
683.696193
683.772816
683.778839
683.793168
683.825923
683.881937
683.890753
683.914536
683.992853
684.100891
684.129384
684.196653
684.239206
684.378985
684.385550
684.415782
684.484929
684.636144
684.764842
684.811750
684.878897
684.942616
685.062507
685.075421
685.166281
685.179410
685.185938
685.389975
685.392533
685.426609
685.451068
685.476508
685.482688
685.492573
685.498645
685.499158
685.499583
685.642681
685.700656
685.774985
685.833145
685.887263
685.966104
686.019845
686.044953
686.047882
686.074032
686.165049
686.266666
686.267528
686.359343
686.381278
686.403578
686.442315
686.460365
686.498376
686.510002
686.511431
686.617834
686.808655
686.819431
686.911477
686.982410
687.032446
687.036101
687.274564
687.446933
687.490136
687.591544
687.610911
687.632363
687.728251
687.786996
687.859098
687.876397
687.877482
687.908463
687.979375
688.033330
688.058003
688.061608
688.064202
688.099731
688.150908
688.164059
688.167285
688.202565
688.208024
688.230568
688.240112
688.241598
688.289884
688.363249
688.459408
688.633704
688.834558
688.877660
688.999502
689.021378
689.038662
689.185604
689.300990
689.376978
689.422205
689.481676
689.589175
689.680902
689.766574
689.818309
689.821187
689.895019
690.181514
690.279230
690.357593
690.566846
690.822827
690.847207
691.090034
691.137648
691.157262
691.186751
691.233351
691.394493
691.459140
691.478589
691.543452
691.584240
691.722816
691.761368
691.790645
691.816083
691.854866
691.921354
691.998015
692.048816
692.064671
692.091158
692.183907
692.210637
692.301909
692.531443
692.678959
692.715354
692.759485
692.896483
692.927398
692.935193
693.107200
693.187520
693.244493
693.257414
693.308271
693.561938
693.609844
693.639533
693.683980
693.697566
693.727742
693.764664
693.838646
693.841589
693.874633
693.925361
693.927149
693.946289
693.946701
694.084888
694.102159
694.147491
694.199009
694.327299
694.350441
694.370067
694.388031
694.487103
694.692323
694.755988
694.761223
694.796261
694.799050
694.947663
694.952588
694.986837
695.038442
695.051607
695.088675
695.118648
695.190642
695.300275
695.370736
695.416360
695.446741
695.458689
695.467025
695.658341
695.793459
695.798241
695.833790
695.890753
695.905053
695.907851
695.964129
695.999695
696.007741
696.130526
696.216090
696.306310
696.384824
696.401521
696.403423
696.442264
696.895999
696.900400
697.000510
697.139825
697.154705
697.173397
697.195050
697.196130
697.321410
697.321488
697.360828
697.418332
697.476589
697.494488
697.525591
697.587257
697.670109
697.746431
697.870970
697.936461
698.051386
698.181307
698.226291
698.264820
698.407934
698.683360
698.720083
698.743628
698.792195
698.810862
698.833060
698.839128
698.867759
698.934308
698.978061
699.071270
699.111838
699.122680
699.128283
699.148871
699.149044
699.151364
699.154489
699.194283
699.235930
699.236123
699.349294
699.478348
699.491299
699.563310
699.747465
699.793272
699.800667
699.841820
700.051892
700.051903
700.113996
700.208668
700.216786
700.296074
700.303771
700.468167
700.484049
700.541019
700.789311
700.801162
700.820243
700.971152
701.110868
701.115136
701.122085
701.186848
701.268628
701.346628
701.365312
701.480428
701.525544
701.535291
701.556410
701.576614
701.611302
701.689884
701.749729
701.775222
701.923828
701.930367
701.965938
701.992652
702.075739
702.145568
702.146235
702.267300
702.278340
702.327164
702.334493
702.337257
702.337870
702.426784
702.469106
702.732890
702.825683
702.920459
703.044998
703.138365
703.140728
703.203934
703.238726
703.242913
703.246348
703.282337
703.334746
703.346697
703.427512
703.608040
703.608233
703.665044
703.724007
703.732150
703.779911
703.795932
703.836648
703.841217
703.860361
703.912035
703.940701
703.979309
704.208671
704.263772
704.357134
704.399470
704.401355
704.443143
704.495128
704.521146
704.574885
704.623048
704.663887
704.669521
704.728200
704.754694
704.764505
704.806081
704.908672
705.003622
705.040265
705.050252
705.128067
705.217274
705.259190
705.449262
705.525609
705.621321
705.653409
705.693230
705.726648
705.864286
705.880879
705.888585
706.020733
706.056115
706.116637
706.165026
706.212303
706.228556
706.262411
706.291514
706.454765
706.572610
706.681020
706.720193
706.849504
706.916244
706.929389
707.029012
707.046385
707.088327
707.112766
707.183709
707.232725
707.273581
707.313680
707.314255
707.416907
707.436401
707.458106
707.523678
707.648665
707.648672
707.678210
707.764841
707.774877
707.791522
707.808319
707.812966
707.846734
707.867859
707.964237
707.968606
708.010078
708.046504
708.066178
708.254679
708.328012
708.378655
708.391317
708.406836
708.500618
708.672508
708.743709
708.788167
708.865206
708.881489
708.908854
708.922552
708.952707
708.975359
708.977991
708.997862
709.090663
709.129301
709.141759
709.166158
709.322020
709.402363
709.409729
709.464591
709.594756
709.620542
709.752020
709.755765
709.800496
709.801765
709.823235
709.857214
709.862179
709.951077
710.040738
710.053610
710.058872
710.149810
710.213887
710.260498
710.393174
710.533374
710.534391
710.556939
710.570708
710.585872
710.586824
710.591796
710.724154
710.803208
710.894350
711.026002
711.061169
711.083058
711.100911
711.101600
711.299301
711.465521
711.511671
711.700845
711.799750
711.853162
711.868039
711.882659
711.954707
712.493933
712.520846
712.550172
712.660099
712.747698
712.763581
712.800691
712.846026
713.175289
713.204608
713.407292
713.417377
713.501446
713.647132
713.709854
713.971019
713.993463
714.018905
714.060121
714.164020
714.167453
714.197319
714.207523
714.242946
714.300171
714.317701
714.441077
714.507955
714.604103
714.892620
714.943566
715.010841
715.016732
715.045862
715.116286
715.192962
715.321278
715.338002
715.342195
715.429533
715.430002
715.450027
715.455678
715.456940
715.711730
715.749116
715.765426
715.776009
715.780234
715.780605
715.892544
715.944348
716.024599
716.128143
716.227729
716.324872
716.355781
716.451157
716.481133
716.486525
716.513357
716.525152
716.645075
716.710256
716.726538
716.749031
716.753355
716.759417
716.951095
717.062011
717.234600
717.235166
717.250462
717.329641
717.553649
717.659385
717.868200
718.114695
718.141503
718.174912
718.304037
718.331984
718.362590
718.417080
718.458219
718.483372
718.556058
718.682178
718.810749
718.951038
718.967209
719.059654
719.086954
719.114610
719.121125
719.123497
719.194778
719.195548
719.397198
719.460066
719.499171
719.542760
719.568693
719.582863
719.658163
719.851062
719.882735
719.954131
719.997103
720.029549
720.039981
720.049076
720.121414
720.235622
720.241125
720.282312
720.306639
720.415495
720.548976
720.681851
720.760668
720.866991
721.004590
721.021519
721.049247
721.066224
721.096254
721.173875
721.334560
721.498649
721.579041
721.601836
721.748390
721.806902
721.916561
721.937787
721.986040
722.117774
722.118961
722.131554
722.227197
722.263168
722.267633
722.321222
722.467403
722.517974
722.536030
722.599512
722.623827
722.636741
722.668638
722.737854
722.757726
722.768046
722.869039
722.921905
723.161947
723.161984
723.361939
723.384118
723.385822
723.404364
723.435960
723.596066
723.598394
723.751649
723.767556
723.770299
723.813049
723.874439
723.954389
724.007763
724.032953
724.195157
724.371291
724.592842
724.613359
724.617051
724.623875
724.637708
724.680833
724.688667
724.784984
724.803362
724.806656
724.821181
724.969038
725.045089
725.054154
725.093345
725.095213
725.109383
725.141711
725.152162
725.322775
725.327414
725.352783
725.375828
725.499513
725.867996
725.956467
725.965389
725.974592
726.116408
726.326624
726.335981
726.449717
726.484357
726.512300
726.516378
726.571733
726.614175
726.618595
726.632717
726.685979
726.694808
726.845227
726.891049
726.923737
727.112183
727.326055
727.335137
727.390222
727.524527
727.550886
727.579742
727.618295
727.673195
727.696257
727.767188
727.912604
728.231367
728.274761
728.282106
728.312498
728.353384
728.422493
728.486185
728.490433
728.527427
728.574123
728.604973
728.650171
728.705117
728.717620
728.804626
728.843164
728.980578
729.195763
729.408526
729.423357
729.439434
729.566288
729.587310
729.660546
729.718405
729.727303
729.856800
729.965250
730.095244
730.252996
730.349354
730.438594
730.609699
730.610907
730.648550
730.658087
730.699772
730.727071
730.743175
730.746473
730.883506
731.029018
731.089390
731.425253
731.540091
731.574605
731.577881
731.614831
731.615094
731.629273
731.634136
731.694508
731.808405
732.036071
732.240900
732.249706
732.268434
732.483590
732.550506
732.613194
732.641366
732.752345
732.819273
732.922844
733.174227
733.314045
733.315710
733.428174
733.538899
733.623320
733.630820
733.693279
733.744619
733.815988
733.871996
733.962185
733.987584
734.055729
734.148413
734.162312
734.300443
734.396830
734.520889
734.546672
734.557463
734.581679
734.618118
734.619984
734.722142
734.963096
735.064517
735.136831
735.241212
735.265224
735.305519
735.352802
735.381399
735.440263
735.463338
735.638286
735.651637
735.693771
735.710719
735.877578
735.989672
735.996249
736.001763
736.343029
736.368558
736.535044
736.683691
736.707567
736.737068
736.771411
736.852885
736.873798
736.973955
736.991760
737.002476
737.138132
737.212067
737.317199
737.404900
737.463584
737.582112
737.586307
737.602423
737.620668
737.673386
737.826312
737.892398
737.940779
738.013963
738.021964
738.076825
738.155655
738.197124
738.266946
738.280772
738.308348
738.315498
738.320486
738.481146
738.486334
738.535935
738.588369
738.613995
738.778627
738.828146
739.031406
739.037731
739.108457
739.194754
739.219623
739.478278
739.482563
739.519301
739.521320
739.637009
739.691519
739.752636
739.800604
739.814411
739.859150
739.884106
740.082366
740.083596
740.186687
740.577892
740.665127
740.671485
740.730606
740.774317
740.781754
740.810057
740.870192
740.979179
741.085906
741.108779
741.124815
741.304543
741.327966
741.353641
741.359256
741.459652
741.621556
741.694881
741.833442
741.906859
741.906907
741.980462
741.982155
741.990015
742.071895
742.112364
742.166251
742.228618
742.518754
742.521010
742.567144
742.737371
742.806717
742.840335
742.901312
742.925260
742.943875
742.964414
742.969105
743.062056
743.086449
743.123928
743.219857
743.263373
743.308787
743.327426
743.391783
743.407496
743.539525
743.544541
743.576946
743.697103
743.749378
743.802244
743.833085
743.876840
743.876986
743.921267
743.949934
743.962480
743.969492
743.973261
743.975481
743.987370
744.094002
744.277180
744.284486
744.330641
744.342184
744.415438
744.794897
744.838496
744.880899
744.999966
745.130026
745.183328
745.186772
745.340408
745.509922
745.837443
745.873054
745.933799
746.047832
746.095746
746.197266
746.257103
746.371543
746.402550
746.409254
746.470261
746.491605
746.600386
746.822138
746.884052
746.929716
746.984786
747.024865
747.029350
747.112462
747.143875
747.194810
747.229644
747.239147
747.320945
747.414984
747.516428
747.528881
747.534191
747.571875
747.633230
747.643930
747.690210
747.752079
747.847481
747.906641
748.163807
748.184381
748.237654
748.339709
748.418961
748.507490
748.511437
748.555406
748.569434
748.691740
748.707348
748.761083
748.769339
748.776446
748.777213
748.850213
748.921564
749.004670
749.066947
749.437776
749.497964
749.561225
749.568905
749.584965
749.611893
749.651101
749.719533
749.785024
749.870522
749.881750
750.080248
750.080681
750.081623
750.351958
750.411121
750.547795
750.626909
750.673656
750.675185
750.807987
750.884089
750.915976
750.993910
751.207615
751.309538
751.312927
751.343836
751.423498
751.456264
751.519677
751.568194
751.696050
751.703181
751.755147
751.822143
751.860375
751.918558
752.021713
752.231636
752.240959
752.359653
752.446780
752.447921
752.500737
752.528060
752.544814
752.694584
752.696224
752.702626
752.716545
752.810425
752.830683
752.860862
752.950968
752.988003
753.009985
753.047174
753.134244
753.174698
753.179738
753.190750
753.403062
753.472417
753.571585
753.642819
753.681431
753.714510
754.230601
754.338083
754.361179
754.376723
754.383879
754.469927
754.498831
754.518894
754.580869
754.711321
754.765274
754.766824
754.831109
754.948581
754.949502
754.977700
755.108494
755.132271
755.383932
755.393230
755.475274
755.487824
755.507431
755.526261
755.528463
755.533799
755.575424
755.591038
755.591665
755.670712
755.812046
755.824672
755.875992
755.933766
755.969397
756.147865
756.155231
756.155880
756.173875
756.207432
756.226272
756.285936
756.286327
756.339798
757.101431
757.108942
757.110692
757.139358
757.273514
757.277382
757.294492
757.332583
757.469907
757.499891
757.753123
757.755493
757.933674
758.051250
758.064907
758.136487
758.217728
758.353194
758.354956
758.375823
758.703046
758.872474
758.933053
758.982017
758.992495
759.044727
759.067340
759.105410
759.175618
759.287251
759.376165
759.381299
759.556556
759.696922
759.757129
759.781697
759.789311
759.853584
759.939083
759.955214
759.967439
760.016335
760.036820
760.119131
760.120143
760.175373
760.177030
760.194189
760.199550
760.422926
760.515790
760.548830
760.607324
760.670679
760.719404
760.818519
760.828406
760.841191
760.881944
760.967856
761.006260
761.110292
761.144426
761.181546
761.182218
761.410999
761.411879
761.459639
761.469938
761.475355
761.530874
761.565087
761.593774
761.647157
761.656092
761.723469
761.755641
761.777799
761.803880
761.953508
762.012811
762.094081
762.221253
762.234701
762.441395
762.553978
762.569203
762.636454
762.655799
762.844137
762.956231
763.069816
763.155652
763.198058
763.448302
763.465982
763.660625
763.814707
763.823370
763.859720
764.010068
764.018370
764.029482
764.052679
764.145305
764.385623
764.502360
764.538159
764.546311
764.547242
764.551420
764.557612
764.598373
764.622223
764.672675
764.787328
764.814574
764.919245
764.967873
765.060343
765.137464
765.266197
765.397995
765.441454
765.470952
765.500999
765.553997
765.672146
765.748410
765.854813
765.860275
765.868587
765.898269
765.917022
765.948455
765.975541
766.070068
766.084573
766.136658
766.139663
766.174654
766.282276
766.421051
766.482852
766.519708
766.589047
766.644671
766.709034
766.898625
766.976903
767.110540
767.115049
767.335100
767.359093
767.408780
767.624986
767.666209
767.687224
767.793742
767.839591
767.844216
767.872531
767.944864
768.018853
768.019175
768.037982
768.385777
768.544175
768.559659
768.617654
768.777927
768.818431
768.849235
768.940600
768.962526
768.969905
769.080195
769.096057
769.097683
769.103489
769.130471
769.211822
769.269646
769.337815
769.471977
769.643265
769.647531
769.747008
769.881710
769.958229
769.994242
770.005946
770.008057
770.035670
770.098948
770.133014
770.222588
770.250299
770.290700
770.359078
770.412893
770.459079
770.515749
770.577930
770.709624
770.840535
770.963832
771.094615
771.100176
771.122714
771.122953
771.133893
771.178973
771.259416
771.279057
771.392490
771.424703
771.479717
771.572527
771.644146
771.694982
771.734211
771.774754
771.789351
771.827575
771.870496
772.035937
772.074248
772.095945
772.114578
772.268375
772.296582
772.357140
772.521902
772.697830
772.710165
772.840067
772.846462
773.012331
773.071579
773.231143
773.275009
773.317340
773.335957
773.439704
773.487397
773.702944
773.844229
774.217498
774.250339
774.287514
774.295371
774.479703
774.572434
774.654806
774.697967
774.773498
774.792680
774.805799
774.928419
774.969530
775.143426
775.164162
775.187209
775.268404
775.334354
775.430833
775.455620
775.463549
775.503021
775.609749
775.627524
775.712004
775.751554
775.855445
775.979441
776.057517
776.129087
776.369110
776.464886
776.536076
776.665375
776.759461
776.798764
776.883370
776.947711
776.983934
777.053635
777.111758
777.169725
777.174321
777.255921
777.485481
777.494287
777.634555
777.640416
777.653836
777.667740
777.674930
777.785760
777.816974
778.050557
778.212535
778.329049
778.470149
778.532182
778.669400
778.718018
778.868420
778.893809
779.124751
779.339198
779.457263
779.543722
779.573848
779.790553
779.870510
779.873133
779.888338
780.015417
780.021145
780.036543
780.082694
780.084945
780.104671
780.105004
780.105927
780.177836
780.205519
780.247848
780.248838
780.249689
780.256438
780.286724
780.346148
780.506242
780.554099
780.625931
780.808662
780.843086
780.858132
780.920750
781.255613
781.420476
781.511323
781.534675
781.679156
781.740101
781.862446
781.871486
781.962661
782.053595
782.077888
782.089767
782.093741
782.265704
782.347862
782.434109
782.705396
782.710843
782.736892
782.784952
783.035816
783.039304
783.158161
783.222918
783.279675
783.312299
783.359456
783.475497
783.590464
783.633209
783.638676
783.653597
783.685065
783.693926
783.894255
783.971909
783.996757
784.074263
784.161445
784.179603
784.235888
784.325275
784.459298
784.464704
784.508772
784.569215
784.593998
784.755492
784.785948
784.810190
784.818416
784.913689
785.040829
785.099706
785.135586
785.136452
785.142493
785.278136
785.289684
785.364264
785.462718
785.483473
785.496897
785.726984
785.752952
785.776083
785.796558
785.799928
785.823449
785.894096
785.899524
785.990437
786.002839
786.068871
786.157485
786.194356
786.209988
786.290504
786.315005
786.592227
786.654719
786.700778
786.717857
786.732277
786.892653
786.893391
786.895286
786.992409
787.001762
787.035476
787.060790
787.145659
787.279279
787.280674
787.357559
787.368445
787.373810
787.386017
787.398742
787.411047
787.451153
787.451302
787.457989
787.546674
787.550841
787.722458
787.809273
787.815782
788.032580
788.061543
788.091007
788.275759
788.283440
788.306913
788.353044
788.436465
788.448140
788.457322
788.576817
788.620413
788.625657
788.640020
788.674695
788.766403
788.800592
788.845024
788.864882
788.884174
788.959623
789.216518
789.353438
789.386079
789.447906
789.453919
789.590620
789.611048
789.673019
789.674866
789.770912
789.776285
789.933512
789.949994
789.989251
790.031757
790.036917
790.048448
790.067346
790.125708
790.136898
790.180741
790.198189
790.248029
790.334137
790.752153
790.786843
790.843761
790.905949
791.042235
791.084990
791.240916
791.267745
791.361171
791.413972
791.438717
791.527368
791.564644
791.590699
791.740985
791.745588
791.785858
791.833916
791.907673
791.928875
791.931236
792.019439
792.046278
792.086514
792.121928
792.127996
792.156883
792.227860
792.252209
792.282158
792.429579
792.446329
792.447464
792.477471
792.517404
792.536079
792.586976
792.609654
792.619339
792.796437
792.812945
792.927385
793.018378
793.133562
793.182211
793.191430
793.199119
793.207381
793.243376
793.298588
793.349450
793.350463
793.400408
793.432633
793.438019
793.494252
793.518831
793.532609
793.556640
793.571342
793.595977
793.601821
793.723967
793.831004
793.926774
794.079681
794.093899
794.109861
794.278133
794.285355
794.298498
794.299754
794.369588
794.422838
794.436294
794.441684
794.670125
794.705332
794.727038
794.843295
794.852848
794.906994
794.998250
795.088241
795.207735
795.256827
795.322514
795.466580
795.530730
795.649979
795.656216
795.748609
795.780990
795.802024
795.905923
795.931440
795.963845
795.980054
796.075070
796.128555
796.234449
796.265356
796.272630
796.292560
796.313624
796.433649
796.582452
796.627068
796.684260
796.717656
796.738145
796.879324
797.020227
797.037109
797.111621
797.158185
797.170807
797.224204
797.378591
797.421264
797.480119
797.585905
797.593896
797.625981
797.650292
797.674957
797.688533
797.880558
798.058660
798.089807
798.108147
798.294948
798.322068
798.455104
798.486563
798.562122
798.627504
798.841700
798.853100
798.864122
799.107435
799.200658
799.234554
799.253035
799.255663
799.344832
799.512779
799.532301
799.540602
799.545296
799.570324
799.577160
799.625315
799.667404
799.766301
799.806644
799.827822
800.010308
800.059659
800.062416
800.112264
800.155843
800.244820
800.267538
800.291186
800.301287
800.345195
800.462181
800.480503
800.557858
800.576279
800.576693
800.593542
800.619224
800.633156
800.730157
800.741217
800.763266
800.818758
800.855165
800.868057
800.917662
800.961639
801.104426
801.169594
801.203240
801.267038
801.360907
801.364646
801.376260
801.427627
801.448715
801.507224
801.510064
801.532767
801.596005
801.611783
801.617153
801.628598
801.817093
801.968658
802.379374
802.409852
802.428611
802.812484
802.852067
802.949273
802.959819
803.064478
803.074141
803.081278
803.118760
803.138472
803.152083
803.155704
803.284446
803.458496
803.496306
803.509819
803.568750
803.627154
803.844638
803.866812
803.900019
803.909036
804.090311
804.149072
804.303217
804.479078
804.489448
804.495575
804.506261
804.667635
804.730916
804.774005
804.778215
804.791665
804.840762
804.900784
804.915157
805.189575
805.201682
805.243308
805.249443
805.333191
805.352194
805.475607
805.555176
805.801187
805.834142
805.867168
805.881999
806.010167
806.075138
806.087070
806.131247
806.137656
806.190410
806.223796
806.243581
806.361362
806.492189
806.639066
806.688214
806.722815
806.770556
806.848411
806.878825
806.887279
807.086175
807.142123
807.160330
807.260822
807.355665
807.359938
807.419050
807.421053
807.436263
807.468514
807.502142
807.726593
807.742679
807.749630
807.918890
807.987318
808.002904
808.061776
808.193438
808.323323
808.328871
808.454279
808.461651
808.486562
808.552263
808.591501
808.712214
808.757833
808.827510
808.962026
809.088471
809.097535
809.101092
809.170729
809.178892
809.194821
809.276109
809.347108
809.434113
809.445140
809.469957
809.593416
809.648255
809.815800
809.896452
809.899271
809.958512
809.959574
810.049606
810.125199
810.177216
810.422471
810.626115
810.654438
810.675147
810.766684
810.903883
810.918402
810.928114
810.943924
810.968955
811.006434
811.044331
811.080062
811.127814
811.305227
811.435319
811.509954
811.592832
811.604414
811.607440
811.659492
811.705280
811.734659
811.842477
811.903267
811.911117
811.961428
812.043592
812.080637
812.120152
812.153736
812.433092
812.526348
812.738003
812.937446
812.939432
813.118029
813.172940
813.173939
813.211238
813.374057
813.406516
813.530980
813.601864
813.648299
813.795585
813.806511
813.977558
814.090227
814.110807
814.127619
814.132090
814.149374
814.292553
814.413608
814.424410
814.485696
814.589779
814.718273
814.834606
814.937952
814.990597
815.070618
815.179000
815.195881
815.240769
815.370609
815.416978
815.490025
815.565154
815.602023
815.671883
815.679735
815.717327
815.805113
815.840275
815.880094
815.912437
816.008379
816.098662
816.200349
816.358716
816.400888
816.414103
816.445121
816.447462
816.553471
816.640534
816.648644
816.778261
816.971462
817.091723
817.096917
817.147756
817.153171
817.250328
817.272453
817.273626
817.500270
817.591681
817.709557
817.795165
817.834332
817.908097
817.956829
817.980296
818.019340
818.115129
818.135792
818.190302
818.269017
818.290185
818.309336
818.373158
818.407414
818.513669
818.544245
818.547912
818.566706
818.568572
818.569218
818.667587
818.685129
818.730970
818.746603
818.788908
818.901252
818.910749
818.935861
818.949737
818.961214
819.084912
819.187521
819.301654
819.348697
819.363335
819.384330
819.434706
819.570922
819.683912
820.009114
820.011298
820.049089
820.056503
820.085516
820.131111
820.163280
820.288889
820.299102
820.509234
820.659888
820.712122
820.898011
820.940343
821.048977
821.081932
821.099741
821.117329
821.305074
821.489080
821.585384
821.593907
821.780690
821.784261
821.849975
821.858968
821.917761
821.923972
821.942726
821.970186
822.079073
822.108849
822.142665
822.145270
822.224058
822.306926
822.308270
822.531900
822.622163
822.700157
822.815164
822.828928
822.889051
822.993647
823.063885
823.101960
823.403214
823.449617
823.495355
823.524118
823.540208
823.613226
823.627207
823.652318
823.731386
823.813013
823.876599
824.068088
824.158071
824.159708
824.183615
824.303213
824.324943
824.391760
824.428926
824.484849
824.500613
824.667033
824.685053
824.812537
824.827489
824.899447
824.900005
824.906544
825.061751
825.183621
825.229264
825.269938
825.292907
825.302020
825.427945
825.431438
825.494144
825.600963
825.663058
825.780761
825.798073
825.809582
825.822679
825.848864
825.849615
826.003923
826.036671
826.063143
826.134049
826.172392
826.204377
826.268544
826.283915
826.360795
826.456430
826.465252
826.488558
826.572535
826.583036
826.743498
826.746016
826.897333
826.939293
827.075586
827.077535
827.329089
827.381600
827.383405
827.421215
827.454331
827.485664
827.559193
827.631256
827.634842
827.880243
827.883268
827.886029
827.894215
827.923023
827.932877
827.964381
828.006198
828.015600
828.146334
828.193181
828.301228
828.320211
828.359419
828.359890
828.367740
828.370289
828.390263
828.425226
828.503965
828.524019
828.583517
828.620456
828.644266
828.647484
828.652467
828.737553
828.819579
828.861802
829.050352
829.104142
829.108785
829.200557
829.268197
829.275879
829.298783
829.459465
829.461285
829.485857
829.535833
829.597361
829.601466
829.718352
829.726646
829.799676
829.823948
829.875495
829.919544
829.925687
830.013296
830.028474
830.176055
830.328868
830.338391
830.395479
830.637860
830.640348
830.887890
830.932322
830.934889
830.940037
831.060326
831.187634
831.303290
831.347649
831.407506
831.412857
831.462091
831.521048
831.523022
831.640303
831.705165
831.724530
831.971639
831.988702
831.995833
832.030807
832.036305
832.046403
832.056198
832.083564
832.098371
832.107372
832.147464
832.153430
832.177660
832.216631
832.279573
832.321276
832.339718
832.434210
832.535431
832.538749
832.587645
832.695443
832.800325
832.802406
832.814089
833.072684
833.112132
833.157636
833.159931
833.266917
833.315163
833.337227
833.389402
833.538522
833.573381
833.804051
833.844457
833.909135
834.013954
834.106112
834.128376
834.197172
834.218384
834.447772
834.468760
834.485672
834.566988
834.599413
834.672268
834.820791
834.838977
834.862134
834.866977
834.891843
835.073240
835.591292
835.631219
835.655928
835.679802
835.686446
835.781178
835.813567
835.900265
835.908790
835.953674
836.057584
836.088608
836.104925
836.139841
836.146291
836.174110
836.220717
836.227630
836.481272
836.586797
836.652409
836.680340
836.718878
836.761131
836.782352
836.797655
836.833939
836.838473
837.038410
837.132165
837.154792
837.171527
837.188353
837.294655
837.304710
837.310015
837.349949
837.511699
837.593189
837.599631
837.672809
837.678401
837.698748
837.858008
837.988482
838.007782
838.112014
838.196224
838.250734
838.258542
838.271634
838.278783
838.338763
838.357917
838.392874
838.465326
838.570104
838.625482
838.779729
838.779864
838.788190
838.795338
838.830752
838.881241
838.924344
838.983824
839.095113
839.106735
839.213581
839.337825
839.349700
839.435096
839.695305
839.782166
839.799323
839.811348
839.934496
840.095487
840.142268
840.221773
840.228751
840.530079
840.580409
840.592111
840.597225
840.627935
840.663982
840.665861
840.675417
840.873707
840.878930
840.938646
840.953392
840.976937
840.978637
840.990738
841.005207
841.130029
841.177010
841.198561
841.317079
841.342380
841.436043
841.454567
841.484266
841.513580
841.588492
841.616042
841.657385
841.789946
841.865063
841.874231
842.072204
842.214791
842.257103
842.271167
842.611088
842.668729
842.672428
842.740321
842.762601
842.765596
842.785217
842.800991
842.875372
842.890404
842.918269
842.949961
842.970562
843.114277
843.272376
843.399175
843.443666
843.446520
843.542214
843.589455
843.692637
843.783683
843.854371
843.868210
843.883760
843.897811
843.914967
843.995463
844.046949
844.073069
844.087493
844.106130
844.134178
844.138332
844.140796
844.192902
844.199718
844.239103
844.264615
844.342954
844.401418
844.584702
844.809214
844.816108
845.004492
845.019865
845.080616
845.128735
845.129569
845.204749
845.212458
845.215186
845.242181
845.245534
845.267015
845.342078
845.374268
845.396408
845.433411
845.466741
845.493805
845.514733
845.524453
845.647036
845.673865
845.687523
845.716125
845.907641
846.002169
846.060657
846.181266
846.313646
846.424842
846.441371
846.478046
846.617962
846.626059
846.643996
846.659584
846.709249
846.715492
846.786063
846.817104
846.841693
846.856365
846.873856
846.887695
846.976862
847.178626
847.191544
847.566486
847.795175
847.840335
847.878267
847.965653
848.116861
848.213244
848.230109
848.456315
848.482585
848.484857
848.500840
848.538595
848.587711
848.593877
848.695671
848.744137
848.749479
848.808794
848.834660
848.839703
848.842482
848.909920
848.983067
849.061613
849.129414
849.278312
849.310043
849.404325
849.463445
849.725474
849.746449
849.800544
849.827742
849.992085
850.145865
850.333501
850.360794
850.394162
850.411252
850.428431
850.447768
850.733766
850.755695
850.797512
850.799151
850.830329
850.886907
850.894390
851.146400
851.252584
851.281889
851.287045
851.363125
851.624712
851.853655
851.893195
851.901749
851.972805
852.096618
852.122554
852.164104
852.200986
852.226800
852.275075
852.284507
852.360139
852.420035
852.534814
852.684189
852.708032
852.713891
852.719667
852.733510
852.829290
852.855111
853.017060
853.042324
853.130376
853.158525
853.187066
853.243990
853.317023
853.362124
853.411089
853.441847
853.561875
853.582006
853.748854
853.856340
853.901325
853.919564
853.963504
854.221442
854.226763
854.495645
854.505602
854.540914
854.543578
854.603748
854.738628
854.766653
854.788623
854.788966
854.789624
854.858585
854.875327
854.898172
854.951459
855.010979
855.031406
855.070347
855.072969
855.156044
855.167328
855.269489
855.306449
855.340735
855.364920
855.463395
855.535612
855.601007
855.680935
855.699472
855.730368
855.817046
855.838919
855.894777
855.959154
855.971477
855.975577
856.090643
856.163802
856.261222
856.461864
856.472593
856.821918
856.865061
856.946871
857.015940
857.021263
857.066119
857.071833
857.305239
857.405623
857.661908
857.735757
857.822907
857.891972
857.916543
858.025000
858.047670
858.053972
858.078070
858.097006
858.186651
858.209291
858.261784
858.282242
858.293449
858.373411
858.455915
858.468644
858.520310
858.659636
858.702964
858.865886
858.874016
858.921327
859.169074
859.232181
859.356110
859.411026
859.453458
859.506944
859.519786
859.522252
859.657832
859.660514
859.704715
859.704910
859.834168
859.847086
859.863687
859.872958
860.007767
860.071197
860.127286
860.155842
860.180305
860.332049
860.405455
860.420655
860.647994
860.673610
860.787360
860.824833
860.885686
860.970753
861.119367
861.130173
861.269382
861.374456
861.407663
861.470550
861.559975
861.590558
861.612694
861.744294
861.771457
861.840197
861.866125
861.889376
861.912822
861.968901
861.997025
862.028141
862.052945
862.094045
862.349960
862.409812
862.491835
862.525119
862.581874
862.762861
862.765058
862.768917
862.780961
862.789521
863.068814
863.092034
863.119589
863.170706
863.220726
863.312694
863.349578
863.377606
863.416106
863.433487
863.659110
863.661823
863.761720
863.778415
863.859986
863.921711
863.973813
864.039379
864.116547
864.176255
864.254847
864.273747
864.321899
864.429491
864.659933
864.732792
864.741807
864.745153
864.754170
864.763051
864.771622
864.803184
864.874571
864.921727
864.992330
864.994001
865.229782
865.380343
865.381730
865.436145
865.445446
865.466217
865.493285
865.534488
865.583874
865.600624
865.700905
865.730056
865.733795
865.871884
865.908070
865.939593
865.953810
866.047049
866.072991
866.131122
866.197779
866.218546
866.246930
866.359277
866.376980
866.387995
866.522088
866.526475
866.556470
866.764152
866.771153
866.815962
866.857109
866.900668
866.927317
867.036773
867.040952
867.123416
867.230974
867.236090
867.250013
867.266168
867.287990
867.309159
867.450289
867.667476
867.704654
867.736306
867.768990
867.789384
867.868127
867.869732
867.892281
867.908941
868.133551
868.216265
868.261002
868.273583
868.372911
868.404450
868.431096
868.694193
868.714056
868.755278
868.780793
868.879909
868.900329
869.125567
869.136696
869.156780
869.349010
869.388287
869.518317
869.526140
869.536314
869.555568
869.623140
869.630368
869.668465
869.676615
869.679738
869.726763
869.859463
869.925861
870.015786
870.022887
870.032684
870.058010
870.059546
870.168597
870.335432
870.557242
870.570992
870.629005
870.712313
870.772906
870.901251
870.969163
870.988989
870.996715
870.998558
871.027535
871.047202
871.066622
871.108274
871.165742
871.201103
871.214346
871.433697
871.474017
871.477821
871.526650
871.549765
871.629133
871.640003
871.686494
871.741664
871.975291
872.087608
872.092043
872.165567
872.221945
872.252533
872.276629
872.351471
872.409832
872.418187
872.419052
872.469287
872.481538
872.499835
872.553617
872.617601
872.676995
872.766451
872.787237
872.799414
872.938941
873.117476
873.141248
873.234377
873.363356
873.366149
873.403790
873.443292
873.463529
873.646504
873.754330
873.755565
873.759889
873.784592
873.793223
873.888052
873.953042
873.962042
874.207571
874.287029
874.345020
874.379176
874.382374
874.471872
874.472912
874.522060
874.524498
874.586779
874.813141
874.864818
874.887663
875.067948
875.173135
875.212867
875.262854
875.292987
875.315903
875.473527
875.635337
875.683957
875.702428
875.750421
875.771054
875.880536
875.915056
875.945490
876.192150
876.195180
876.198647
876.305636
876.377453
876.386749
876.458231
876.474257
876.622933
876.636625
876.725701
876.988094
877.062694
877.091608
877.124180
877.155507
877.170928
877.206808
877.270129
877.287168
877.326425
877.341821
877.406675
877.417189
877.433610
877.459741
877.577521
877.684014
877.712473
877.746925
877.758946
877.773766
877.870417
877.917129
877.950565
877.991191
878.004976
878.105987
878.164577
878.208053
878.281153
878.404896
878.525749
878.667530
878.743725
878.768238
878.788183
878.790397
878.846589
879.024891
879.087169
879.203180
879.326323
879.329332
879.353217
879.371748
879.397494
879.412366
879.467975
879.500658
879.584276
879.663608
879.670122
879.704477
879.920739
879.926025
879.928785
879.930625
879.983581
880.024162
880.056590
880.096093
880.101915
880.157625
880.168248
880.180609
880.266364
880.338907
880.346472
880.363099
880.389501
880.423543
880.519080
880.534708
880.579173
880.632785
880.707801
880.711529
880.716887
880.746279
880.773680
880.817262
880.957688
881.098719
881.139815
881.163191
881.365060
881.489408
881.569508
881.708360
881.784003
881.795281
881.825662
881.848564
881.948966
881.967434
881.974907
882.004303
882.146714
882.177895
882.267823
882.307005
882.328546
882.339152
882.340225
882.509279
882.589095
882.717656
882.783410
882.832692
882.876415
882.910373
882.947155
882.970898
882.974090
883.178800
883.238102
883.277890
883.360352
883.369061
883.381404
883.397464
883.399227
883.481830
883.525894
883.548308
883.612980
883.633067
883.800206
884.137387
884.358438
884.404890
884.483759
884.506639
884.694983
884.749439
884.766404
884.870028
884.873194
884.903367
885.034616
885.058056
885.064890
885.215631
885.236082
885.486037
885.518780
885.680514
885.689621
885.762471
885.847938
885.972081
886.043505
886.050596
886.077955
886.184288
886.265071
886.317546
886.324195
886.356655
886.370335
886.373639
886.501136
886.528278
886.611797
886.624778
886.773261
886.801573
886.861973
886.892839
886.920166
886.957657
886.957679
886.966976
887.017906
887.117129
887.118402
887.132832
887.190031
887.202094
887.252385
887.338313
887.379504
887.389826
887.508407
887.570646
887.729867
887.743271
887.771379
887.812311
887.930464
888.021078
888.074542
888.161023
888.221849
888.282753
888.313834
888.398607
888.441530
888.480011
888.520804
888.564540
888.603132
888.705238
888.722360
888.730998
888.881296
888.903738
888.938659
889.038212
889.076241
889.263202
889.271001
889.311356
889.318550
889.409080
889.458981
889.494386
889.565317
889.780248
889.830626
889.855667
889.900595
889.913955
889.940845
889.952950
890.044205
890.191537
890.195916
890.248063
890.334345
890.431361
890.563153
890.636793
890.738669
890.805756
890.824900
890.825509
890.868900
890.872445
890.907769
891.040232
891.086198
891.097212
891.218211
891.239236
891.274555
891.368841
891.435459
891.475396
891.586348
891.603791
891.636174
891.823267
892.015705
892.190998
892.398831
892.499787
892.549025
892.601481
892.621311
892.767009
892.805449
892.876393
893.080744
893.091640
893.216545
893.217803
893.284466
893.350235
893.358297
893.419423
893.926007
893.933573
893.940980
893.993054
894.060121
894.104626
894.566742
894.631761
894.678088
894.708969
894.749696
894.763514
894.868962
894.914911
894.958232
895.004473
895.011830
895.060813
895.118428
895.291109
895.351363
895.352772
895.565926
895.625086
895.636975
895.650083
895.732438
895.765594
895.780420
895.851798
895.955058
896.046008
896.058936
896.069541
896.089176
896.124734
896.247034
896.272082
896.301846
896.306991
896.517214
896.528793
896.570759
896.612962
896.698575
896.794277
896.856541
896.858306
896.940294
896.978469
897.008766
897.012301
897.047807
897.232717
897.318337
897.362927
897.390163
897.442159
897.450709
897.481044
897.499163
897.529436
897.600155
897.651078
897.716950
897.735867
897.860046
897.919742
898.075518
898.163614
898.192514
898.229612
898.301595
898.311384
898.670149
898.707201
898.787850
898.817863
898.837632
898.896591
898.905578
898.975026
899.162467
899.339366
899.352895
899.479669
899.502373
899.521717
899.676787
899.745471
899.900031
899.945464
899.985425
